F04Q10000027|200402|101000.00|0|000|360|||||6.200|0.00||||||||||||||||||||101000.00
F04Q10000027|200403|101000.00|0|001|359|||||6.200|0.00||||||||||||||||||||101000.00
F04Q10000027|200404|101000.00|0|002|358|||||6.200|0.00||||||||||||||||||||101000.00
F04Q10000027|200405|101000.00|0|003|357|||||6.200|0.00||||||||||||||||||||101000.00
F04Q10000027|200406|100000.00|0|004|356|||||6.200|0.00||||||||||||||||||||100000.00
F04Q10000027|200407|100000.00|0|005|355|||||6.200|0.00||||||||||||||||||||100000.00
F04Q10000027|200408|100000.00|0|006|354|||||6.200|0.00||||||||||||||||||||100000.00
F04Q10000027|200409|100101.70|0|007|353|||||6.200|0.00||||||||||||||||||||100101.70
F04Q10000027|200410|99999.29|0|008|352|||||6.200|0.00||||||||||||||||||||99999.29
F04Q10000027|200411|99896.35|0|009|351|||||6.200|0.00||||||||||||||||||||99896.35
F04Q10000027|200412|99792.88|0|010|350|||||6.200|0.00||||||||||||||||||||99792.88
F04Q10000027|200501|99688.88|0|011|349|||||6.200|0.00||||||||||||||||||||99688.88
F04Q10000027|200502|99580.27|0|012|348|||||6.200|0.00||||||||||||||||||||99580.27
F04Q10000027|200503|99471.10|0|013|347|||||6.200|0.00||||||||||||||||||||99471.10
F04Q10000027|200504|99331.36|0|014|346|||||6.200|0.00||||||||||||||||||||99331.36
F04Q10000027|200505|99190.90|0|015|345|||||6.200|0.00||||||||||||||||||||99190.90
F04Q10000027|200506|98949.72|0|016|344|||||6.200|0.00||||||||||||||||||||98949.72
F04Q10000027|200507|98707.29|0|017|343|||||6.200|0.00||||||||||||||||||||98707.29
F04Q10000027|200508|98563.61|0|018|342|||||6.200|0.00||||||||||||||||||||98563.61
F04Q10000027|200509|98419.19|0|019|341|||||6.200|0.00||||||||||||||||||||98419.19
F04Q10000027|200510|98174.02|0|020|340|||||6.200|0.00||||||||||||||||||||98174.02
F04Q10000027|200511|98057.58|0|021|339|||||6.200|0.00||||||||||||||||||||98057.58
F04Q10000027|200512|97910.54|0|022|338|||||6.200|0.00||||||||||||||||||||97910.54
F04Q10000027|200601|97762.74|0|023|337|||||6.200|0.00||||||||||||||||||||97762.74
F04Q10000027|200602|97599.83|0|024|336|||||6.200|0.00||||||||||||||||||||97599.83
F04Q10000027|200603|97461.08|0|025|335|||||6.200|0.00||||||||||||||||||||97461.08
F04Q10000027|200604|97347.26|0|026|334|||||6.200|0.00||||||||||||||||||||97347.26
F04Q10000027|200605|97182.20|0|027|333|||||6.200|0.00||||||||||||||||||||97182.20
F04Q10000027|200606|97016.29|0|028|332|||||6.200|0.00||||||||||||||||||||97016.29
F04Q10000027|200607|96849.52|0|029|331|||||6.200|0.00||||||||||||||||||||96849.52
F04Q10000027|200608|96681.89|0|030|330|||||6.200|0.00||||||||||||||||||||96681.89
F04Q10000027|200609|96513.39|0|031|329|||||6.200|0.00||||||||||||||||||||96513.39
F04Q10000027|200610|96344.02|0|032|328|||||6.200|0.00||||||||||||||||||||96344.02
F04Q10000027|200611|96173.78|0|033|327|||||6.200|0.00||||||||||||||||||||96173.78
F04Q10000027|200612|96002.66|0|034|326|||||6.200|0.00||||||||||||||||||||96002.66
F04Q10000027|200701|95860.65|0|035|325|||||6.200|0.00||||||||||||||||||||95860.65
F04Q10000027|200702|95708.58|0|036|324|||||6.200|0.00||||||||||||||||||||95708.58
F04Q10000027|200703|95555.72|0|037|323|||||6.200|0.00||||||||||||||||||||95555.72
F04Q10000027|200704|0.00|0|038|322|||01|200704|6.200|0.00|||||||||||||||95555.72|||||0.00
F04Q10000031|200402|70000.00|0|000|240|||||5.625|0.00||||||||||||||||||||70000.00
F04Q10000031|200403|69000.00|0|001|239|||||5.625|0.00||||||||||||||||||||69000.00
F04Q10000031|200404|69000.00|0|002|238|||||5.625|0.00||||||||||||||||||||69000.00
F04Q10000031|200405|69000.00|0|003|237|||||5.625|0.00||||||||||||||||||||69000.00
F04Q10000031|200406|69000.00|0|004|236|||||5.625|0.00||||||||||||||||||||69000.00
F04Q10000031|200407|69000.00|0|005|235|||||5.625|0.00||||||||||||||||||||69000.00
F04Q10000031|200408|69000.00|0|006|234|||||5.625|0.00||||||||||||||||||||69000.00
F04Q10000031|200409|68477.21|0|007|233|||||5.625|0.00||||||||||||||||||||68477.21
F04Q10000031|200410|68314.50|0|008|232|||||5.625|0.00||||||||||||||||||||68314.50
F04Q10000031|200411|68151.02|0|009|231|||||5.625|0.00||||||||||||||||||||68151.02
F04Q10000031|200412|67986.78|0|010|230|||||5.625|0.00||||||||||||||||||||67986.78
F04Q10000031|200501|67821.77|0|011|229|||||5.625|0.00||||||||||||||||||||67821.77
F04Q10000031|200502|67655.98|0|012|228|||||5.625|0.00||||||||||||||||||||67655.98
F04Q10000031|200503|67489.42|0|013|227|||||5.625|0.00||||||||||||||||||||67489.42
F04Q10000031|200504|67322.08|0|014|226|||||5.625|0.00||||||||||||||||||||67322.08
F04Q10000031|200505|67153.95|0|015|225|||||5.625|0.00||||||||||||||||||||67153.95
F04Q10000031|200506|66985.03|0|016|224|||||5.625|0.00||||||||||||||||||||66985.03
F04Q10000031|200507|66815.32|0|017|223|||||5.625|0.00||||||||||||||||||||66815.32
F04Q10000031|200508|66644.82|0|018|222|||||5.625|0.00||||||||||||||||||||66644.82
F04Q10000031|200509|66473.52|0|019|221|||||5.625|0.00||||||||||||||||||||66473.52
F04Q10000031|200510|66301.41|0|020|220|||||5.625|0.00||||||||||||||||||||66301.41
F04Q10000031|200511|66128.50|0|021|219|||||5.625|0.00||||||||||||||||||||66128.50
F04Q10000031|200512|65953.78|0|022|218|||||5.625|0.00||||||||||||||||||||65953.78
F04Q10000031|200601|65779.24|0|023|217|||||5.625|0.00||||||||||||||||||||65779.24
F04Q10000031|200602|65603.88|0|024|216|||||5.625|0.00||||||||||||||||||||65603.88
F04Q10000031|200603|65603.88|0|025|215|||||5.625|0.00||||||||||||||||||||65603.88
F04Q10000031|200604|65197.69|0|026|214|||||5.625|0.00||||||||||||||||||||65197.69
F04Q10000031|200605|65019.60|0|027|213|||||5.625|0.00||||||||||||||||||||65019.60
F04Q10000031|200606|64840.68|0|028|212|||||5.625|0.00||||||||||||||||||||64840.68
F04Q10000031|200607|64660.92|0|029|211|||||5.625|0.00||||||||||||||||||||64660.92
F04Q10000031|200608|64480.32|0|030|210|||||5.625|0.00||||||||||||||||||||64480.32
F04Q10000031|200609|64298.87|0|031|209|||||5.625|0.00||||||||||||||||||||64298.87
F04Q10000031|200610|64116.57|0|032|208|||||5.625|0.00||||||||||||||||||||64116.57
F04Q10000031|200611|63933.42|0|033|207|||||5.625|0.00||||||||||||||||||||63933.42
F04Q10000031|200612|63749.41|0|034|206|||||5.625|0.00||||||||||||||||||||63749.41
F04Q10000031|200701|63564.54|0|035|205|||||5.625|0.00||||||||||||||||||||63564.54
F04Q10000031|200702|63378.80|0|036|204|||||5.625|0.00||||||||||||||||||||63378.80
F04Q10000031|200703|63192.19|0|037|203|||||5.625|0.00||||||||||||||||||||63192.19
F04Q10000031|200704|63004.70|0|038|202|||||5.625|0.00||||||||||||||||||||63004.70
F04Q10000031|200705|62816.33|0|039|201|||||5.625|0.00||||||||||||||||||||62816.33
F04Q10000031|200706|62627.08|0|040|200|||||5.625|0.00||||||||||||||||||||62627.08
F04Q10000031|200707|62436.94|0|041|199|||||5.625|0.00||||||||||||||||||||62436.94
F04Q10000031|200708|62245.91|0|042|198|||||5.625|0.00||||||||||||||||||||62245.91
F04Q10000031|200709|62053.99|0|043|197|||||5.625|0.00||||||||||||||||||||62053.99
F04Q10000031|200710|61861.17|0|044|196|||||5.625|0.00||||||||||||||||||||61861.17
F04Q10000031|200711|61667.44|0|045|195|||||5.625|0.00||||||||||||||||||||61667.44
F04Q10000031|200712|61472.81|0|046|194|||||5.625|0.00||||||||||||||||||||61472.81
F04Q10000031|200801|61277.26|0|047|193|||||5.625|0.00||||||||||||||||||||61277.26
F04Q10000031|200802|61080.80|0|048|192|||||5.625|0.00||||||||||||||||||||61080.80
F04Q10000031|200803|60883.42|0|049|191|||||5.625|0.00||||||||||||||||||||60883.42
F04Q10000031|200804|0.00|0|050|190|||01|200804|5.625|0.00|||||||||||||||60883.42|||||0.00
F04Q10000054|200402|127000.00|0|000|360|||||6.050|0.00||||||||||||||||||||127000.00
F04Q10000054|200403|126000.00|0|001|359|||||6.050|0.00||||||||||||||||||||126000.00
F04Q10000054|200404|126000.00|0|002|358|||||6.050|0.00||||||||||||||||||||126000.00
F04Q10000054|200405|126000.00|0|003|357|||||6.050|0.00||||||||||||||||||||126000.00
F04Q10000054|200406|126000.00|0|004|356|||||6.050|0.00||||||||||||||||||||126000.00
F04Q10000054|200407|126000.00|0|005|355|||||6.050|0.00||||||||||||||||||||126000.00
F04Q10000054|200408|126000.00|0|006|354|||||6.050|0.00||||||||||||||||||||126000.00
F04Q10000054|200409|125613.57|0|007|353|||||6.050|0.00||||||||||||||||||||125613.57
F04Q10000054|200410|125484.37|0|008|352|||||6.050|0.00||||||||||||||||||||125484.37
F04Q10000054|200411|125354.52|0|009|351|||||6.050|0.00||||||||||||||||||||125354.52
F04Q10000054|200412|125224.02|0|010|350|||||6.050|0.00||||||||||||||||||||125224.02
F04Q10000054|200501|125092.86|0|011|349|||||6.050|0.00||||||||||||||||||||125092.86
F04Q10000054|200502|124961.04|0|012|348|||||6.050|0.00||||||||||||||||||||124961.04
F04Q10000054|200503|124828.55|0|013|347|||||6.050|0.00||||||||||||||||||||124828.55
F04Q10000054|200504|124695.39|0|014|346|||||6.050|0.00||||||||||||||||||||124695.39
F04Q10000054|200505|124561.56|0|015|345|||||6.050|0.00||||||||||||||||||||124561.56
F04Q10000054|200506|124427.06|0|016|344|||||6.050|0.00||||||||||||||||||||124427.06
F04Q10000054|200507|124291.88|0|017|343|||||6.050|0.00||||||||||||||||||||124291.88
F04Q10000054|200508|124156.02|0|018|342|||||6.050|0.00||||||||||||||||||||124156.02
F04Q10000054|200509|124019.47|0|019|341|||||6.050|0.00||||||||||||||||||||124019.47
F04Q10000054|200510|123882.23|0|020|340|||||6.050|0.00||||||||||||||||||||123882.23
F04Q10000054|200511|123744.30|0|021|339|||||6.050|0.00||||||||||||||||||||123744.30
F04Q10000054|200512|123605.68|0|022|338|||||6.050|0.00||||||||||||||||||||123605.68
F04Q10000054|200601|123466.36|0|023|337|||||6.050|0.00||||||||||||||||||||123466.36
F04Q10000054|200602|123326.34|0|024|336|||||6.050|0.00||||||||||||||||||||123326.34
F04Q10000054|200603|123185.61|0|025|335|||||6.050|0.00||||||||||||||||||||123185.61
F04Q10000054|200604|122984.28|0|026|334|||||6.050|0.00||||||||||||||||||||122984.28
F04Q10000054|200605|122781.94|0|027|333|||||6.050|0.00||||||||||||||||||||122781.94
F04Q10000054|200606|122578.58|0|028|332|||||6.050|0.00||||||||||||||||||||122578.58
F04Q10000054|200607|122374.19|0|029|331|||||6.050|0.00||||||||||||||||||||122374.19
F04Q10000054|200608|122168.77|0|030|330|||||6.050|0.00||||||||||||||||||||122168.77
F04Q10000054|200609|121962.31|0|031|329|||||6.050|0.00||||||||||||||||||||121962.31
F04Q10000054|200610|121754.81|0|032|328|||||6.050|0.00||||||||||||||||||||121754.81
F04Q10000054|200611|121546.27|0|033|327|||||6.050|0.00||||||||||||||||||||121546.27
F04Q10000054|200612|121336.68|0|034|326|||||6.050|0.00||||||||||||||||||||121336.68
F04Q10000054|200701|121126.03|0|035|325|||||6.050|0.00||||||||||||||||||||121126.03
F04Q10000054|200702|120914.32|0|036|324|||||6.050|0.00||||||||||||||||||||120914.32
F04Q10000054|200703|120701.54|0|037|323|||||6.050|0.00||||||||||||||||||||120701.54
F04Q10000054|200704|120480.11|0|038|322|||||6.050|0.00||||||||||||||||||||120480.11
F04Q10000054|200705|120257.56|0|039|321|||||6.050|0.00||||||||||||||||||||120257.56
F04Q10000054|200706|120033.89|0|040|320|||||6.050|0.00||||||||||||||||||||120033.89
F04Q10000054|200707|119809.09|0|041|319|||||6.050|0.00||||||||||||||||||||119809.09
F04Q10000054|200708|119583.16|0|042|318|||||6.050|0.00||||||||||||||||||||119583.16
F04Q10000054|200709|119356.09|0|043|317|||||6.050|0.00||||||||||||||||||||119356.09
F04Q10000054|200710|119127.87|0|044|316|||||6.050|0.00||||||||||||||||||||119127.87
F04Q10000054|200711|118898.50|0|045|315|||||6.050|0.00||||||||||||||||||||118898.50
F04Q10000054|200712|118667.98|0|046|314|||||6.050|0.00||||||||||||||||||||118667.98
F04Q10000054|200801|118436.29|0|047|313|||||6.050|0.00||||||||||||||||||||118436.29
F04Q10000054|200802|118203.44|0|048|312|||||6.050|0.00||||||||||||||||||||118203.44
F04Q10000054|200803|117969.41|0|049|311|||||6.050|0.00||||||||||||||||||||117969.41
F04Q10000054|200804|117763.19|0|050|310|||||6.050|0.00||||||||||||||||||||117763.19
F04Q10000054|200805|117555.93|0|051|309|||||6.050|0.00||||||||||||||||||||117555.93
F04Q10000054|200806|117347.63|0|052|308|||||6.050|0.00||||||||||||||||||||117347.63
F04Q10000054|200807|117138.28|0|053|307|||||6.050|0.00||||||||||||||||||||117138.28
F04Q10000054|200808|116927.87|0|054|306|||||6.050|0.00||||||||||||||||||||116927.87
F04Q10000054|200809|116690.05|0|055|305|||||6.050|0.00||||||||||||||||||||116690.05
F04Q10000054|200810|116451.03|0|056|304|||||6.050|0.00||||||||||||||||||||116451.03
F04Q10000054|200811|116210.81|0|057|303|||||6.050|0.00||||||||||||||||||||116210.81
F04Q10000054|200812|115969.38|0|058|302|||||6.050|0.00||||||||||||||||||||115969.38
F04Q10000054|200901|115726.73|0|059|301|||||6.050|0.00||||||||||||||||||||115726.73
F04Q10000054|200902|115482.86|0|060|300|||||6.050|0.00||||||||||||||||||||115482.86
F04Q10000054|200903|0.00|0|061|299|||01|200903|6.050|0.00|||||||||||||||115482.86|||||0.00
F04Q10000199|200402|50000.00|0|000|180|||||5.500|0.00||||||||||||||||||||50000.00
F04Q10000199|200403|50000.00|0|001|179|||||5.500|0.00||||||||||||||||||||50000.00
F04Q10000199|200404|50000.00|0|002|178|||||5.500|0.00||||||||||||||||||||50000.00
F04Q10000199|200405|49000.00|0|003|177|||||5.500|0.00||||||||||||||||||||49000.00
F04Q10000199|200406|49000.00|0|004|176|||||5.500|0.00||||||||||||||||||||49000.00
F04Q10000199|200407|49000.00|0|005|175|||||5.500|0.00||||||||||||||||||||49000.00
F04Q10000199|200408|49000.00|0|006|174|||||5.500|0.00||||||||||||||||||||49000.00
F04Q10000199|200409|48824.43|0|007|173|||||5.500|0.00||||||||||||||||||||48824.43
F04Q10000199|200410|48638.85|0|008|172|||||5.500|0.00||||||||||||||||||||48638.85
F04Q10000199|200411|48452.42|0|009|171|||||5.500|0.00||||||||||||||||||||48452.42
F04Q10000199|200412|48265.14|0|010|170|||||5.500|0.00||||||||||||||||||||48265.14
F04Q10000199|200501|48076.99|0|011|169|||||5.500|0.00||||||||||||||||||||48076.99
F04Q10000199|200502|47698.11|0|012|168|||||5.500|0.00||||||||||||||||||||47698.11
F04Q10000199|200503|47507.37|0|013|167|||||5.500|0.00||||||||||||||||||||47507.37
F04Q10000199|200504|47315.11|0|014|166|||||5.500|0.00||||||||||||||||||||47315.11
F04Q10000199|200505|47121.97|0|015|165|||||5.500|0.00||||||||||||||||||||47121.97
F04Q10000199|200506|46927.95|0|016|164|||||5.500|0.00||||||||||||||||||||46927.95
F04Q10000199|200507|46537.23|0|017|163|||||5.500|0.00||||||||||||||||||||46537.23
F04Q10000199|200508|45944.41|0|018|162|||||5.500|0.00||||||||||||||||||||45944.41
F04Q10000199|200509|45744.99|0|019|161|||||5.500|0.00||||||||||||||||||||45744.99
F04Q10000199|200510|45544.65|0|020|160|||||5.500|0.00||||||||||||||||||||45544.65
F04Q10000199|200511|45544.65|0|021|159|||||5.500|0.00||||||||||||||||||||45544.65
F04Q10000199|200512|45343.40|0|022|158|||||5.500|0.00||||||||||||||||||||45343.40
F04Q10000199|200601|45141.23|0|023|157|||||5.500|0.00||||||||||||||||||||45141.23
F04Q10000199|200602|44938.13|0|024|156|||||5.500|0.00||||||||||||||||||||44938.13
F04Q10000199|200603|44734.10|0|025|155|||||5.500|0.00||||||||||||||||||||44734.10
F04Q10000199|200604|44323.22|0|026|154|||||5.500|0.00||||||||||||||||||||44323.22
F04Q10000199|200605|44323.22|0|027|153|||||5.500|0.00||||||||||||||||||||44323.22
F04Q10000199|200606|44116.37|0|028|152|||||5.500|0.00||||||||||||||||||||44116.37
F04Q10000199|200607|44116.37|0|029|151|||||5.500|0.00||||||||||||||||||||44116.37
F04Q10000199|200608|43908.57|0|030|150|||||5.500|0.00||||||||||||||||||||43908.57
F04Q10000199|200609|43699.82|0|031|149|||||5.500|0.00||||||||||||||||||||43699.82
F04Q10000199|200610|43699.82|0|032|148|||||5.500|0.00||||||||||||||||||||43699.82
F04Q10000199|200611|43279.44|0|033|147|||||5.500|0.00||||||||||||||||||||43279.44
F04Q10000199|200612|43279.44|0|034|146|||||5.500|0.00||||||||||||||||||||43279.44
F04Q10000199|200701|42855.19|0|035|145|||||5.500|0.00||||||||||||||||||||42855.19
F04Q10000199|200702|42211.51|0|036|144|||||5.500|0.00||||||||||||||||||||42211.51
F04Q10000199|200703|42211.51|0|037|143|||||5.500|0.00||||||||||||||||||||42211.51
F04Q10000199|200704|41994.98|0|038|142|||||5.500|0.00||||||||||||||||||||41994.98
F04Q10000199|200705|41558.94|0|039|141|||||5.500|0.00||||||||||||||||||||41558.94
F04Q10000199|200706|41558.94|0|040|140|||||5.500|0.00||||||||||||||||||||41558.94
F04Q10000199|200707|41118.89|0|041|139|||||5.500|0.00||||||||||||||||||||41118.89
F04Q10000199|200708|40897.35|0|042|138|||||5.500|0.00||||||||||||||||||||40897.35
F04Q10000199|200709|0.00|0|043|137|||01|200709|5.500|0.00|||||||||||||||40897.35|||||0.00
F04Q10000235|200402|71000.00|0|000|132|||||5.250|0.00||||||||||||||||||||71000.00
F04Q10000235|200403|69000.00|0|001|131|||||5.250|0.00||||||||||||||||||||69000.00
F04Q10000235|200404|68000.00|0|002|130|||||5.250|0.00||||||||||||||||||||68000.00
F04Q10000235|200405|67000.00|0|003|129|||||5.250|0.00||||||||||||||||||||67000.00
F04Q10000235|200406|67000.00|0|004|128|||||5.250|0.00||||||||||||||||||||67000.00
F04Q10000235|200407|66000.00|0|005|127|||||5.250|0.00||||||||||||||||||||66000.00
F04Q10000235|200408|65000.00|0|006|126|||||5.250|0.00||||||||||||||||||||65000.00
F04Q10000235|200409|63545.90|0|007|125|||||5.250|0.00||||||||||||||||||||63545.90
F04Q10000235|200410|62507.91|0|008|124|||||5.250|0.00||||||||||||||||||||62507.91
F04Q10000235|200411|61665.38|0|009|123|||||5.250|0.00||||||||||||||||||||61665.38
F04Q10000235|200412|60619.17|0|010|122|||||5.250|0.00||||||||||||||||||||60619.17
F04Q10000235|200501|59568.38|0|011|121|||||5.250|0.00||||||||||||||||||||59568.38
F04Q10000235|200502|58512.99|0|012|120|||||5.250|0.00||||||||||||||||||||58512.99
F04Q10000235|200503|57497.77|0|013|119|||||5.250|0.00||||||||||||||||||||57497.77
F04Q10000235|200504|56478.11|0|014|118|||||5.250|0.00||||||||||||||||||||56478.11
F04Q10000235|200505|55453.99|0|015|117|||||5.250|0.00||||||||||||||||||||55453.99
F04Q10000235|200506|54425.39|0|016|116|||||5.250|0.00||||||||||||||||||||54425.39
F04Q10000235|200507|53392.29|0|017|115|||||5.250|0.00||||||||||||||||||||53392.29
F04Q10000235|200508|52354.67|0|018|114|||||5.250|0.00||||||||||||||||||||52354.67
F04Q10000235|200509|51312.51|0|019|113|||||5.250|0.00||||||||||||||||||||51312.51
F04Q10000235|200510|50265.79|0|020|112|||||5.250|0.00||||||||||||||||||||50265.79
F04Q10000235|200511|49214.49|0|021|111|||||5.250|0.00||||||||||||||||||||49214.49
F04Q10000235|200512|48158.59|0|022|110|||||5.250|0.00||||||||||||||||||||48158.59
F04Q10000235|200601|47098.07|0|023|109|||||5.250|0.00||||||||||||||||||||47098.07
F04Q10000235|200602|46032.91|0|024|108|||||5.250|0.00||||||||||||||||||||46032.91
F04Q10000235|200603|44964.09|0|025|107|||||5.250|0.00||||||||||||||||||||44964.09
F04Q10000235|200604|43890.60|0|026|106|||||5.250|0.00||||||||||||||||||||43890.60
F04Q10000235|200605|42812.41|0|027|105|||||5.250|0.00||||||||||||||||||||42812.41
F04Q10000235|200606|41729.50|0|028|104|||||5.250|0.00||||||||||||||||||||41729.50
F04Q10000235|200607|40641.86|0|029|103|||||5.250|0.00||||||||||||||||||||40641.86
F04Q10000235|200608|39549.46|0|030|102|||||5.250|0.00||||||||||||||||||||39549.46
F04Q10000235|200609|38452.28|0|031|101|||||5.250|0.00||||||||||||||||||||38452.28
F04Q10000235|200610|37350.30|0|032|100|||||5.250|0.00||||||||||||||||||||37350.30
F04Q10000235|200611|36243.50|0|033|099|||||5.250|0.00||||||||||||||||||||36243.50
F04Q10000235|200612|35131.86|0|034|098|||||5.250|0.00||||||||||||||||||||35131.86
F04Q10000235|200701|34015.35|0|035|097|||||5.250|0.00||||||||||||||||||||34015.35
F04Q10000235|200702|32893.96|0|036|096|||||5.250|0.00||||||||||||||||||||32893.96
F04Q10000235|200703|31966.66|0|037|095|||||5.250|0.00||||||||||||||||||||31966.66
F04Q10000235|200704|30835.30|0|038|094|||||5.250|0.00||||||||||||||||||||30835.30
F04Q10000235|200705|29798.99|0|039|093|||||5.250|0.00||||||||||||||||||||29798.99
F04Q10000235|200706|28658.15|0|040|092|||||5.250|0.00||||||||||||||||||||28658.15
F04Q10000235|200707|27712.32|0|041|091|||||5.250|0.00||||||||||||||||||||27712.32
F04Q10000235|200708|26762.35|0|042|090|||||5.250|0.00||||||||||||||||||||26762.35
F04Q10000235|200709|25608.23|0|043|089|||||5.250|0.00||||||||||||||||||||25608.23
F04Q10000235|200710|24949.06|0|044|088|||||5.250|0.00||||||||||||||||||||24949.06
F04Q10000235|200711|23987.00|0|045|087|||||5.250|0.00||||||||||||||||||||23987.00
F04Q10000235|200712|23120.73|0|046|086|||||5.250|0.00||||||||||||||||||||23120.73
F04Q10000235|200801|22250.67|0|047|085|||||5.250|0.00||||||||||||||||||||22250.67
F04Q10000235|200802|21076.81|0|048|084|||||5.250|0.00||||||||||||||||||||21076.81
F04Q10000235|200803|19897.81|0|049|083|||||5.250|0.00||||||||||||||||||||19897.81
F04Q10000235|200804|18713.65|0|050|082|||||5.250|0.00||||||||||||||||||||18713.65
F04Q10000235|200805|17524.31|0|051|081|||||5.250|0.00||||||||||||||||||||17524.31
F04Q10000235|200806|16329.77|0|052|080|||||5.250|0.00||||||||||||||||||||16329.77
F04Q10000235|200807|15130.00|0|053|079|||||5.250|0.00||||||||||||||||||||15130.00
F04Q10000235|200808|13924.98|0|054|078|||||5.250|0.00||||||||||||||||||||13924.98
F04Q10000235|200809|12714.69|0|055|077|||||5.250|0.00||||||||||||||||||||12714.69
F04Q10000235|200810|11499.11|0|056|076|||||5.250|0.00||||||||||||||||||||11499.11
F04Q10000235|200811|10278.21|0|057|075|||||5.250|0.00||||||||||||||||||||10278.21
F04Q10000235|200812|9051.97|0|058|074|||||5.250|0.00||||||||||||||||||||9051.97
F04Q10000235|200901|7820.36|0|059|073|||||5.250|0.00||||||||||||||||||||7820.36
F04Q10000235|200902|6583.36|0|060|072|||||5.250|0.00||||||||||||||||||||6583.36
F04Q10000235|200903|5340.95|0|061|071|||||5.250|0.00||||||||||||||||||||5340.95
F04Q10000235|200904|4093.11|0|062|070|||||5.250|0.00||||||||||||||||||||4093.11
F04Q10000235|200905|0.00|0|063|069|||01|200905|5.250|0.00|||||||||||||||4093.11|||||0.00
F04Q10000264|200401|189000.00|0|000|360|||||5.875|0.00||||||||||||||||||||189000.00
F04Q10000264|200402|0.00|0|001|359|||01|200402|5.875|0.00|||||||||||||||188730.69|||||0.00
F04Q10000266|200401|280000.00|0|000|360|||||6.000|0.00||||||||||||||||||||280000.00
F04Q10000266|200402|280000.00|0|001|359|||||6.000|0.00||||||||||||||||||||280000.00
F04Q10000266|200403|279000.00|0|002|358|||||6.000|0.00||||||||||||||||||||279000.00
F04Q10000266|200404|279000.00|0|003|357|||||6.000|0.00||||||||||||||||||||279000.00
F04Q10000266|200405|279000.00|0|004|356|||||6.000|0.00||||||||||||||||||||279000.00
F04Q10000266|200406|279000.00|0|005|355|||||6.000|0.00||||||||||||||||||||279000.00
F04Q10000266|200407|278000.00|0|006|354|||||6.000|0.00||||||||||||||||||||278000.00
F04Q10000266|200408|278019.31|0|007|353|||||6.000|0.00||||||||||||||||||||278019.31
F04Q10000266|200409|277730.67|0|008|352|||||6.000|0.00||||||||||||||||||||277730.67
F04Q10000266|200410|277149.04|0|009|351|||||6.000|0.00||||||||||||||||||||277149.04
F04Q10000266|200411|276856.05|0|010|350|||||6.000|0.00||||||||||||||||||||276856.05
F04Q10000266|200412|276561.59|0|011|349|||||6.000|0.00||||||||||||||||||||276561.59
F04Q10000266|200501|276265.66|0|012|348|||||6.000|0.00||||||||||||||||||||276265.66
F04Q10000266|200502|275907.62|0|013|347|||||6.000|0.00||||||||||||||||||||275907.62
F04Q10000266|200503|275608.42|0|014|346|||||6.000|0.00||||||||||||||||||||275608.42
F04Q10000266|200504|275005.52|0|015|345|||||6.000|0.00||||||||||||||||||||275005.52
F04Q10000266|200505|274701.81|0|016|344|||||6.000|0.00||||||||||||||||||||274701.81
F04Q10000266|200506|274396.58|0|017|343|||||6.000|0.00||||||||||||||||||||274396.58
F04Q10000266|200507|274089.82|0|018|342|||||6.000|0.00||||||||||||||||||||274089.82
F04Q10000266|200508|273781.53|0|019|341|||||6.000|0.00||||||||||||||||||||273781.53
F04Q10000266|200509|273311.07|0|020|340|||||6.000|0.00||||||||||||||||||||273311.07
F04Q10000266|200510|272685.14|0|021|339|||||6.000|0.00||||||||||||||||||||272685.14
F04Q10000266|200511|272369.83|0|022|338|||||6.000|0.00||||||||||||||||||||272369.83
F04Q10000266|200512|272052.94|0|023|337|||||6.000|0.00||||||||||||||||||||272052.94
F04Q10000266|200601|271734.46|0|024|336|||||6.000|0.00||||||||||||||||||||271734.46
F04Q10000266|200602|271414.39|0|025|335|||||6.000|0.00||||||||||||||||||||271414.39
F04Q10000266|200603|271092.72|0|026|334|||||6.000|0.00||||||||||||||||||||271092.72
F04Q10000266|200604|270769.44|0|027|333|||||6.000|0.00||||||||||||||||||||270769.44
F04Q10000266|200605|270444.55|0|028|332|||||6.000|0.00||||||||||||||||||||270444.55
F04Q10000266|200606|270118.03|0|029|331|||||6.000|0.00||||||||||||||||||||270118.03
F04Q10000266|200607|269789.88|0|030|330|||||6.000|0.00||||||||||||||||||||269789.88
F04Q10000266|200608|269460.09|0|031|329|||||6.000|0.00||||||||||||||||||||269460.09
F04Q10000266|200609|268795.55|0|032|328|||||6.000|0.00||||||||||||||||||||268795.55
F04Q10000266|200610|268460.79|0|033|327|||||6.000|0.00||||||||||||||||||||268460.79
F04Q10000266|200611|268124.35|0|034|326|||||6.000|0.00||||||||||||||||||||268124.35
F04Q10000266|200612|267786.23|0|035|325|||||6.000|0.00||||||||||||||||||||267786.23
F04Q10000266|200701|267446.42|0|036|324|||||6.000|0.00||||||||||||||||||||267446.42
F04Q10000266|200702|267104.91|0|037|323|||||6.000|0.00||||||||||||||||||||267104.91
F04Q10000266|200703|266761.69|0|038|322|||||6.000|0.00||||||||||||||||||||266761.69
F04Q10000266|200704|266416.76|0|039|321|||||6.000|0.00||||||||||||||||||||266416.76
F04Q10000266|200705|266070.10|0|040|320|||||6.000|0.00||||||||||||||||||||266070.10
F04Q10000266|200706|265721.71|0|041|319|||||6.000|0.00||||||||||||||||||||265721.71
F04Q10000266|200707|265371.58|0|042|318|||||6.000|0.00||||||||||||||||||||265371.58
F04Q10000266|200708|265019.70|0|043|317|||||6.000|0.00||||||||||||||||||||265019.70
F04Q10000266|200709|264310.65|0|044|316|||||6.000|0.00||||||||||||||||||||264310.65
F04Q10000266|200710|263953.46|0|045|315|||||6.000|0.00||||||||||||||||||||263953.46
F04Q10000266|200711|263594.49|0|046|314|||||6.000|0.00||||||||||||||||||||263594.49
F04Q10000266|200712|263233.72|0|047|313|||||6.000|0.00||||||||||||||||||||263233.72
F04Q10000266|200801|262871.15|0|048|312|||||6.000|0.00||||||||||||||||||||262871.15
F04Q10000266|200802|262506.77|0|049|311|||||6.000|0.00||||||||||||||||||||262506.77
F04Q10000266|200803|262140.56|0|050|310|||||6.000|0.00||||||||||||||||||||262140.56
F04Q10000266|200804|261772.52|0|051|309|||||6.000|0.00||||||||||||||||||||261772.52
F04Q10000266|200805|261402.64|0|052|308|||||6.000|0.00||||||||||||||||||||261402.64
F04Q10000266|200806|261030.91|0|053|307|||||6.000|0.00||||||||||||||||||||261030.91
F04Q10000266|200807|260657.32|0|054|306|||||6.000|0.00||||||||||||||||||||260657.32
F04Q10000266|200808|259904.54|0|055|305|||||6.000|0.00||||||||||||||||||||259904.54
F04Q10000266|200809|259904.54|0|056|304|||||6.000|0.00||||||||||||||||||||259904.54
F04Q10000266|200810|259904.54|0|057|303|||||6.000|0.00||||||||||||||||||||259904.54
F04Q10000266|200811|259904.54|0|058|302|||||6.000|0.00||||||||||||||||||||259904.54
F04Q10000266|200812|259904.54|0|059|301|||||6.000|0.00||||||||||||||||||||259904.54
F04Q10000266|200901|259904.54|0|060|300|||||6.000|0.00||||||||||||||||||||259904.54
F04Q10000266|200902|259904.54|0|061|299|||||6.000|0.00||||||||||||||||||||259904.54
F04Q10000266|200903|259904.54|0|062|298|||||6.000|0.00||||||||||||||||||||259904.54
F04Q10000266|200904|259144.21|0|063|297|||||6.000|0.00||||||||||||||||||||259144.21
F04Q10000266|200905|258761.19|0|064|296|||||6.000|0.00||||||||||||||||||||258761.19
F04Q10000266|200906|0.00|0|065|295|||01|200906|6.000|0.00|||||||||||||||258761.19|||||0.00
F04Q10000272|200402|48000.00|0|000|180|||||5.375|0.00||||||||||||||||||||48000.00
F04Q10000272|200403|47000.00|0|001|179|||||5.375|0.00||||||||||||||||||||47000.00
F04Q10000272|200404|47000.00|0|002|178|||||5.375|0.00||||||||||||||||||||47000.00
F04Q10000272|200405|47000.00|0|003|177|||||5.375|0.00||||||||||||||||||||47000.00
F04Q10000272|200406|47000.00|0|004|176|||||5.375|0.00||||||||||||||||||||47000.00
F04Q10000272|200407|47000.00|0|005|175|||||5.375|0.00||||||||||||||||||||47000.00
F04Q10000272|200408|46000.00|0|006|174|||||5.375|0.00||||||||||||||||||||46000.00
F04Q10000272|200409|46278.21|0|007|173|||||5.375|0.00||||||||||||||||||||46278.21
F04Q10000272|200410|46100.53|0|008|172|||||5.375|0.00||||||||||||||||||||46100.53
F04Q10000272|200411|45922.05|0|009|171|||||5.375|0.00||||||||||||||||||||45922.05
F04Q10000272|200412|45742.77|0|010|170|||||5.375|0.00||||||||||||||||||||45742.77
F04Q10000272|200501|45562.69|0|011|169|||||5.375|0.00||||||||||||||||||||45562.69
F04Q10000272|200502|45381.80|0|012|168|||||5.375|0.00||||||||||||||||||||45381.80
F04Q10000272|200503|45200.10|0|013|167|||||5.375|0.00||||||||||||||||||||45200.10
F04Q10000272|200504|45017.59|0|014|166|||||5.375|0.00||||||||||||||||||||45017.59
F04Q10000272|200505|44834.26|0|015|165|||||5.375|0.00||||||||||||||||||||44834.26
F04Q10000272|200506|44650.11|0|016|164|||||5.375|0.00||||||||||||||||||||44650.11
F04Q10000272|200507|44465.14|0|017|163|||||5.375|0.00||||||||||||||||||||44465.14
F04Q10000272|200508|44279.34|0|018|162|||||5.375|0.00||||||||||||||||||||44279.34
F04Q10000272|200509|44092.70|0|019|161|||||5.375|0.00||||||||||||||||||||44092.70
F04Q10000272|200510|43905.23|0|020|160|||||5.375|0.00||||||||||||||||||||43905.23
F04Q10000272|200511|43716.92|0|021|159|||||5.375|0.00||||||||||||||||||||43716.92
F04Q10000272|200512|43527.77|0|022|158|||||5.375|0.00||||||||||||||||||||43527.77
F04Q10000272|200601|43337.77|0|023|157|||||5.375|0.00||||||||||||||||||||43337.77
F04Q10000272|200602|43146.92|0|024|156|||||5.375|0.00||||||||||||||||||||43146.92
F04Q10000272|200603|42955.21|0|025|155|||||5.375|0.00||||||||||||||||||||42955.21
F04Q10000272|200604|42762.64|0|026|154|||||5.375|0.00||||||||||||||||||||42762.64
F04Q10000272|200605|42569.21|0|027|153|||||5.375|0.00||||||||||||||||||||42569.21
F04Q10000272|200606|42374.91|0|028|152|||||5.375|0.00||||||||||||||||||||42374.91
F04Q10000272|200607|42179.74|0|029|151|||||5.375|0.00||||||||||||||||||||42179.74
F04Q10000272|200608|41983.70|0|030|150|||||5.375|0.00||||||||||||||||||||41983.70
F04Q10000272|200609|41786.78|0|031|149|||||5.375|0.00||||||||||||||||||||41786.78
F04Q10000272|200610|41588.98|0|032|148|||||5.375|0.00||||||||||||||||||||41588.98
F04Q10000272|200611|41390.29|0|033|147|||||5.375|0.00||||||||||||||||||||41390.29
F04Q10000272|200612|41190.71|0|034|146|||||5.375|0.00||||||||||||||||||||41190.71
F04Q10000272|200701|40990.24|0|035|145|||||5.375|0.00||||||||||||||||||||40990.24
F04Q10000272|200702|40788.87|0|036|144|||||5.375|0.00||||||||||||||||||||40788.87
F04Q10000272|200703|40586.60|0|037|143|||||5.375|0.00||||||||||||||||||||40586.60
F04Q10000272|200704|40383.42|0|038|142|||||5.375|0.00||||||||||||||||||||40383.42
F04Q10000272|200705|40179.33|0|039|141|||||5.375|0.00||||||||||||||||||||40179.33
F04Q10000272|200706|39974.33|0|040|140|||||5.375|0.00||||||||||||||||||||39974.33
F04Q10000272|200707|39768.41|0|041|139|||||5.375|0.00||||||||||||||||||||39768.41
F04Q10000272|200708|39561.57|0|042|138|||||5.375|0.00||||||||||||||||||||39561.57
F04Q10000272|200709|39353.80|0|043|137|||||5.375|0.00||||||||||||||||||||39353.80
F04Q10000272|200710|39145.10|0|044|136|||||5.375|0.00||||||||||||||||||||39145.10
F04Q10000272|200711|38935.47|0|045|135|||||5.375|0.00||||||||||||||||||||38935.47
F04Q10000272|200712|38724.90|0|046|134|||||5.375|0.00||||||||||||||||||||38724.90
F04Q10000272|200801|38513.39|0|047|133|||||5.375|0.00||||||||||||||||||||38513.39
F04Q10000272|200802|0.00|0|048|132|||01|200802|5.375|0.00|||||||||||||||38513.39|||||0.00
F04Q10000280|200402|156000.00|0|000|360|||||6.375|0.00||||||||||||||||||||156000.00
F04Q10000280|200403|156000.00|0|001|359|||||6.375|0.00||||||||||||||||||||156000.00
F04Q10000280|200404|156000.00|0|002|358|||||6.375|0.00||||||||||||||||||||156000.00
F04Q10000280|200405|156000.00|0|003|357|||||6.375|0.00||||||||||||||||||||156000.00
F04Q10000280|200406|155000.00|0|004|356|||||6.375|0.00||||||||||||||||||||155000.00
F04Q10000280|200407|155000.00|0|005|355|||||6.375|0.00||||||||||||||||||||155000.00
F04Q10000280|200408|155000.00|0|006|354|||||6.375|0.00||||||||||||||||||||155000.00
F04Q10000280|200409|154972.29|0|007|353|||||6.375|0.00||||||||||||||||||||154972.29
F04Q10000280|200410|154822.34|0|008|352|||||6.375|0.00||||||||||||||||||||154822.34
F04Q10000280|200411|154671.59|0|009|351|||||6.375|0.00||||||||||||||||||||154671.59
F04Q10000280|200412|154520.04|0|010|350|||||6.375|0.00||||||||||||||||||||154520.04
F04Q10000280|200501|154367.69|0|011|349|||||6.375|0.00||||||||||||||||||||154367.69
F04Q10000280|200502|154214.53|0|012|348|||||6.375|0.00||||||||||||||||||||154214.53
F04Q10000280|200503|154060.55|0|013|347|||||6.375|0.00||||||||||||||||||||154060.55
F04Q10000280|200504|153905.76|0|014|346|||||6.375|0.00||||||||||||||||||||153905.76
F04Q10000280|200505|153750.14|0|015|345|||||6.375|0.00||||||||||||||||||||153750.14
F04Q10000280|200506|153593.70|0|016|344|||||6.375|0.00||||||||||||||||||||153593.70
F04Q10000280|200507|153436.43|0|017|343|||||6.375|0.00||||||||||||||||||||153436.43
F04Q10000280|200508|153278.32|0|018|342|||||6.375|0.00||||||||||||||||||||153278.32
F04Q10000280|200509|153119.37|0|019|341|||||6.375|0.00||||||||||||||||||||153119.37
F04Q10000280|200510|152959.58|0|020|340|||||6.375|0.00||||||||||||||||||||152959.58
F04Q10000280|200511|152798.94|0|021|339|||||6.375|0.00||||||||||||||||||||152798.94
F04Q10000280|200512|152637.44|0|022|338|||||6.375|0.00||||||||||||||||||||152637.44
F04Q10000280|200601|152475.09|0|023|337|||||6.375|0.00||||||||||||||||||||152475.09
F04Q10000280|200602|152311.87|0|024|336|||||6.375|0.00||||||||||||||||||||152311.87
F04Q10000280|200603|152147.79|0|025|335|||||6.375|0.00||||||||||||||||||||152147.79
F04Q10000280|200604|151982.84|0|026|334|||||6.375|0.00||||||||||||||||||||151982.84
F04Q10000280|200605|151817.01|0|027|333|||||6.375|0.00||||||||||||||||||||151817.01
F04Q10000280|200606|151650.30|0|028|332|||||6.375|0.00||||||||||||||||||||151650.30
F04Q10000280|200607|151482.70|0|029|331|||||6.375|0.00||||||||||||||||||||151482.70
F04Q10000280|200608|151314.21|0|030|330|||||6.375|0.00||||||||||||||||||||151314.21
F04Q10000280|200609|151144.83|0|031|329|||||6.375|0.00||||||||||||||||||||151144.83
F04Q10000280|200610|150974.55|0|032|328|||||6.375|0.00||||||||||||||||||||150974.55
F04Q10000280|200611|150803.36|0|033|327|||||6.375|0.00||||||||||||||||||||150803.36
F04Q10000280|200612|150631.26|0|034|326|||||6.375|0.00||||||||||||||||||||150631.26
F04Q10000280|200701|150458.25|0|035|325|||||6.375|0.00||||||||||||||||||||150458.25
F04Q10000280|200702|150284.32|0|036|324|||||6.375|0.00||||||||||||||||||||150284.32
F04Q10000280|200703|150109.47|0|037|323|||||6.375|0.00||||||||||||||||||||150109.47
F04Q10000280|200704|149933.69|0|038|322|||||6.375|0.00||||||||||||||||||||149933.69
F04Q10000280|200705|149756.97|0|039|321|||||6.375|0.00||||||||||||||||||||149756.97
F04Q10000280|200706|149579.31|0|040|320|||||6.375|0.00||||||||||||||||||||149579.31
F04Q10000280|200707|149400.71|0|041|319|||||6.375|0.00||||||||||||||||||||149400.71
F04Q10000280|200708|149221.16|0|042|318|||||6.375|0.00||||||||||||||||||||149221.16
F04Q10000280|200709|149040.66|0|043|317|||||6.375|0.00||||||||||||||||||||149040.66
F04Q10000280|200710|148859.20|0|044|316|||||6.375|0.00||||||||||||||||||||148859.20
F04Q10000280|200711|148676.77|0|045|315|||||6.375|0.00||||||||||||||||||||148676.77
F04Q10000280|200712|148493.38|0|046|314|||||6.375|0.00||||||||||||||||||||148493.38
F04Q10000280|200801|148309.01|0|047|313|||||6.375|0.00||||||||||||||||||||148309.01
F04Q10000280|200802|148123.66|0|048|312|||||6.375|0.00||||||||||||||||||||148123.66
F04Q10000280|200803|147937.33|0|049|311|||||6.375|0.00||||||||||||||||||||147937.33
F04Q10000280|200804|147750.01|0|050|310|||||6.375|0.00||||||||||||||||||||147750.01
F04Q10000280|200805|147561.69|0|051|309|||||6.375|0.00||||||||||||||||||||147561.69
F04Q10000280|200806|147372.37|0|052|308|||||6.375|0.00||||||||||||||||||||147372.37
F04Q10000280|200807|147182.05|0|053|307|||||6.375|0.00||||||||||||||||||||147182.05
F04Q10000280|200808|146990.71|0|054|306|||||6.375|0.00||||||||||||||||||||146990.71
F04Q10000280|200809|146798.36|0|055|305|||||6.375|0.00||||||||||||||||||||146798.36
F04Q10000280|200810|146604.99|0|056|304|||||6.375|0.00||||||||||||||||||||146604.99
F04Q10000280|200811|146410.59|0|057|303|||||6.375|0.00||||||||||||||||||||146410.59
F04Q10000280|200812|146215.16|0|058|302|||||6.375|0.00||||||||||||||||||||146215.16
F04Q10000280|200901|146018.69|0|059|301|||||6.375|0.00||||||||||||||||||||146018.69
F04Q10000280|200902|145821.17|0|060|300|||||6.375|0.00||||||||||||||||||||145821.17
F04Q10000280|200903|145622.60|0|061|299|||||6.375|0.00||||||||||||||||||||145622.60
F04Q10000280|200904|145422.98|0|062|298|||||6.375|0.00||||||||||||||||||||145422.98
F04Q10000280|200905|145222.30|0|063|297|||||6.375|0.00||||||||||||||||||||145222.30
F04Q10000280|200906|145020.55|0|064|296|||||6.375|0.00||||||||||||||||||||145020.55
F04Q10000280|200907|144817.73|0|065|295|||||6.375|0.00||||||||||||||||||||144817.73
F04Q10000280|200908|144613.83|0|066|294|||||6.375|0.00||||||||||||||||||||144613.83
F04Q10000280|200909|144408.85|0|067|293|||||6.375|0.00||||||||||||||||||||144408.85
F04Q10000280|200910|144202.78|0|068|292|||||6.375|0.00||||||||||||||||||||144202.78
F04Q10000280|200911|143995.62|0|069|291|||||6.375|0.00||||||||||||||||||||143995.62
F04Q10000280|200912|143787.36|0|070|290|||||6.375|0.00||||||||||||||||||||143787.36
F04Q10000280|201001|143577.99|0|071|289|||||6.375|0.00||||||||||||||||||||143577.99
F04Q10000280|201002|143367.51|0|072|288|||||6.375|0.00||||||||||||||||||||143367.51
F04Q10000280|201003|143155.91|0|073|287|||||6.375|0.00||||||||||||||||||||143155.91
F04Q10000280|201004|142943.19|0|074|286|||||6.375|0.00||||||||||||||||||||142943.19
F04Q10000280|201005|142729.34|0|075|285|||||6.375|0.00||||||||||||||||||||142729.34
F04Q10000280|201006|142514.35|0|076|284|||||6.375|0.00||||||||||||||||||||142514.35
F04Q10000280|201007|142298.22|0|077|283|||||6.375|0.00||||||||||||||||||||142298.22
F04Q10000280|201008|142080.94|0|078|282|||||6.375|0.00||||||||||||||||||||142080.94
F04Q10000280|201009|141862.50|0|079|281|||||6.375|0.00||||||||||||||||||||141862.50
F04Q10000280|201010|141642.90|0|080|280|||||6.375|0.00||||||||||||||||||||141642.90
F04Q10000280|201011|141422.14|0|081|279|||||6.375|0.00||||||||||||||||||||141422.14
F04Q10000280|201012|141200.21|0|082|278|||||6.375|0.00||||||||||||||||||||141200.21
F04Q10000280|201101|140977.10|0|083|277|||||6.375|0.00||||||||||||||||||||140977.10
F04Q10000280|201102|140752.80|0|084|276|||||6.375|0.00||||||||||||||||||||140752.80
F04Q10000280|201103|140527.31|0|085|275|||||6.375|0.00||||||||||||||||||||140527.31
F04Q10000280|201104|140300.62|0|086|274|||||6.375|0.00||||||||||||||||||||140300.62
F04Q10000280|201105|140072.73|0|087|273|||||6.375|0.00||||||||||||||||||||140072.73
F04Q10000280|201106|139843.63|0|088|272|||||6.375|0.00||||||||||||||||||||139843.63
F04Q10000280|201107|139613.31|0|089|271|||||6.375|0.00||||||||||||||||||||139613.31
F04Q10000280|201108|139381.77|0|090|270|||||6.375|0.00||||||||||||||||||||139381.77
F04Q10000280|201109|139149.00|0|091|269|||||6.375|0.00||||||||||||||||||||139149.00
F04Q10000280|201110|138914.99|0|092|268|||||6.375|0.00||||||||||||||||||||138914.99
F04Q10000280|201111|138679.74|0|093|267|||||6.375|0.00||||||||||||||||||||138679.74
F04Q10000280|201112|138443.24|0|094|266|||||6.375|0.00||||||||||||||||||||138443.24
F04Q10000280|201201|138205.48|0|095|265|||||6.375|0.00||||||||||||||||||||138205.48
F04Q10000280|201202|137966.46|0|096|264|||||6.375|0.00||||||||||||||||||||137966.46
F04Q10000280|201203|137726.17|0|097|263|||||6.375|0.00||||||||||||||||||||137726.17
F04Q10000280|201204|137484.60|0|098|262|||||6.375|0.00||||||||||||||||||||137484.60
F04Q10000280|201205|137241.75|0|099|261|||||6.375|0.00||||||||||||||||||||137241.75
F04Q10000280|201206|136997.61|0|100|260|||||6.375|0.00||||||||||||||||||||136997.61
F04Q10000280|201207|136752.17|0|101|259|||||6.375|0.00||||||||||||||||||||136752.17
F04Q10000280|201208|136505.43|0|102|258|||||6.375|0.00||||||||||||||||||||136505.43
F04Q10000280|201209|136257.38|0|103|257|||||6.375|0.00||||||||||||||||||||136257.38
F04Q10000280|201210|136008.01|0|104|256|||||6.375|0.00||||||||||||||||||||136008.01
F04Q10000280|201211|135757.31|0|105|255|||||6.375|0.00||||||||||||||||||||135757.31
F04Q10000280|201212|135505.28|0|106|254|||||6.375|0.00||||||||||||||||||||135505.28
F04Q10000280|201301|135251.91|0|107|253|||||6.375|0.00||||||||||||||||||||135251.91
F04Q10000280|201302|134997.20|0|108|252|||||6.375|0.00||||||||||||||||||||134997.20
F04Q10000280|201303|134741.13|0|109|251|||||6.375|0.00||||||||||||||||||||134741.13
F04Q10000280|201304|134483.70|0|110|250|||||6.375|0.00||||||||||||||||||||134483.70
F04Q10000280|201305|134224.90|0|111|249|||||6.375|0.00||||||||||||||||||||134224.90
F04Q10000280|201306|133964.73|0|112|248|||||6.375|0.00||||||||||||||||||||133964.73
F04Q10000280|201307|133703.18|0|113|247|||||6.375|0.00||||||||||||||||||||133703.18
F04Q10000280|201308|133440.24|0|114|246|||||6.375|0.00||||||||||||||||||||133440.24
F04Q10000280|201309|133175.90|0|115|245|||||6.375|0.00||||||||||||||||||||133175.90
F04Q10000280|201310|132910.16|0|116|244|||||6.375|0.00||||||||||||||||||||132910.16
F04Q10000280|201311|132643.01|0|117|243|||||6.375|0.00||||||||||||||||||||132643.01
F04Q10000280|201312|132374.44|0|118|242|||||6.375|0.00||||||||||||||||||||132374.44
F04Q10000280|201401|132104.44|0|119|241|||||6.375|0.00||||||||||||||||||||132104.44
F04Q10000280|201402|131833.00|0|120|240|||||6.375|0.00||||||||||||||||||||131833.00
F04Q10000280|201403|131560.12|0|121|239|||||6.375|0.00||||||||||||||||||||131560.12
F04Q10000280|201404|131285.79|0|122|238|||||6.375|0.00||||||||||||||||||||131285.79
F04Q10000280|201405|130366.95|0|123|237|||||6.375|0.00||||||||||||||||||||130366.95
F04Q10000280|201406|130086.28|1|124|236|||||6.375|0.00||||||||||||||||||||130086.28
F04Q10000280|201407|130454.04|0|125|235|||||6.375|0.00||||||||||||||||||||130454.04
F04Q10000280|201408|130102.07|0|126|234|||||6.375|0.00||||||||||||||||||||130102.07
F04Q10000280|201409|129748.23|0|127|233|||||6.375|0.00||||||||||||||||||||129748.23
F04Q10000280|201410|129464.28|0|128|232|||||6.375|0.00||||||||||||||||||||129464.28
F04Q10000280|201411|129178.82|0|129|231|||||6.375|0.00||||||||||||||||||||129178.82
F04Q10000280|201412|128891.84|0|130|230|||||6.375|0.00||||||||||||||||||||128891.84
F04Q10000280|201501|128603.34|0|131|229|||||6.375|0.00||||||||||||||||||||128603.34
F04Q10000280|201502|128313.31|0|132|228|||||6.375|0.00||||||||||||||||||||128313.31
F04Q10000280|201503|127958.73|0|133|227|||||6.375|0.00||||||||||||||||||||127958.73
F04Q10000280|201504|127665.27|0|134|226|||||6.375|0.00||||||||||||||||||||127665.27
F04Q10000280|201505|127370.25|0|135|225|||||6.375|0.00||||||||||||||||||||127370.25
F04Q10000280|201506|127073.66|0|136|224|||||6.375|0.00||||||||||||||||||||127073.66
F04Q10000280|201507|126775.50|0|137|223|||||6.375|0.00||||||||||||||||||||126775.50
F04Q10000280|201508|126475.75|0|138|222|||||6.375|0.00||||||||||||||||||||126475.75
F04Q10000280|201509|126174.41|0|139|221|||||6.375|0.00||||||||||||||||||||126174.41
F04Q10000280|201510|125871.47|0|140|220|||||6.375|0.00||||||||||||||||||||125871.47
F04Q10000280|201511|125566.92|0|141|219|||||6.375|0.00||||||||||||||||||||125566.92
F04Q10000280|201512|125260.75|0|142|218|||||6.375|0.00||||||||||||||||||||125260.75
F04Q10000280|201601|124952.96|0|143|217|||||6.375|0.00||||||||||||||||||||124952.96
F04Q10000280|201602|124643.53|0|144|216|||||6.375|0.00||||||||||||||||||||124643.53
F04Q10000280|201603|0.00|0|145|215|||01|201603|6.375|0.00|||||||||||||||124643.53|||||0.00
F04Q10000293|200402|270000.00|0|000|360|||||6.125|0.00||||||||||||||||||||270000.00
F04Q10000293|200403|270000.00|0|001|359|||||6.125|0.00||||||||||||||||||||270000.00
F04Q10000293|200404|269000.00|0|002|358|||||6.125|0.00||||||||||||||||||||269000.00
F04Q10000293|200405|269000.00|0|003|357|||||6.125|0.00||||||||||||||||||||269000.00
F04Q10000293|200406|269000.00|0|004|356|||||6.125|0.00||||||||||||||||||||269000.00
F04Q10000293|200407|269000.00|0|005|355|||||6.125|0.00||||||||||||||||||||269000.00
F04Q10000293|200408|268000.00|0|006|354|||||6.125|0.00||||||||||||||||||||268000.00
F04Q10000293|200409|268134.68|0|007|353|||||6.125|0.00||||||||||||||||||||268134.68
F04Q10000293|200410|267862.73|0|008|352|||||6.125|0.00||||||||||||||||||||267862.73
F04Q10000293|200411|267589.40|0|009|351|||||6.125|0.00||||||||||||||||||||267589.40
F04Q10000293|200412|267314.67|0|010|350|||||6.125|0.00||||||||||||||||||||267314.67
F04Q10000293|200501|267038.54|0|011|349|||||6.125|0.00||||||||||||||||||||267038.54
F04Q10000293|200502|266761.00|0|012|348|||||6.125|0.00||||||||||||||||||||266761.00
F04Q10000293|200503|266482.04|0|013|347|||||6.125|0.00||||||||||||||||||||266482.04
F04Q10000293|200504|266201.66|0|014|346|||||6.125|0.00||||||||||||||||||||266201.66
F04Q10000293|200505|265919.85|0|015|345|||||6.125|0.00||||||||||||||||||||265919.85
F04Q10000293|200506|265636.60|0|016|344|||||6.125|0.00||||||||||||||||||||265636.60
F04Q10000293|200507|265351.90|0|017|343|||||6.125|0.00||||||||||||||||||||265351.90
F04Q10000293|200508|265065.75|0|018|342|||||6.125|0.00||||||||||||||||||||265065.75
F04Q10000293|200509|264778.14|0|019|341|||||6.125|0.00||||||||||||||||||||264778.14
F04Q10000293|200510|264489.06|0|020|340|||||6.125|0.00||||||||||||||||||||264489.06
F04Q10000293|200511|264198.51|0|021|339|||||6.125|0.00||||||||||||||||||||264198.51
F04Q10000293|200512|263906.47|0|022|338|||||6.125|0.00||||||||||||||||||||263906.47
F04Q10000293|200601|263612.94|0|023|337|||||6.125|0.00||||||||||||||||||||263612.94
F04Q10000293|200602|263317.91|0|024|336|||||6.125|0.00||||||||||||||||||||263317.91
F04Q10000293|200603|263021.38|0|025|335|||||6.125|0.00||||||||||||||||||||263021.38
F04Q10000293|200604|262723.33|0|026|334|||||6.125|0.00||||||||||||||||||||262723.33
F04Q10000293|200605|262418.76|0|027|333|||||6.125|0.00||||||||||||||||||||262418.76
F04Q10000293|200606|262117.64|0|028|332|||||6.125|0.00||||||||||||||||||||262117.64
F04Q10000293|200607|261814.98|0|029|331|||||6.125|0.00||||||||||||||||||||261814.98
F04Q10000293|200608|261510.78|0|030|330|||||6.125|0.00||||||||||||||||||||261510.78
F04Q10000293|200609|261205.02|0|031|329|||||6.125|0.00||||||||||||||||||||261205.02
F04Q10000293|200610|260897.70|0|032|328|||||6.125|0.00||||||||||||||||||||260897.70
F04Q10000293|200611|260588.82|0|033|327|||||6.125|0.00||||||||||||||||||||260588.82
F04Q10000293|200612|260278.36|0|034|326|||||6.125|0.00||||||||||||||||||||260278.36
F04Q10000293|200701|259938.08|0|035|325|||||6.125|0.00||||||||||||||||||||259938.08
F04Q10000293|200702|259624.30|0|036|324|||||6.125|0.00||||||||||||||||||||259624.30
F04Q10000293|200703|259308.92|0|037|323|||||6.125|0.00||||||||||||||||||||259308.92
F04Q10000293|200704|258991.93|0|038|322|||||6.125|0.00||||||||||||||||||||258991.93
F04Q10000293|200705|258673.32|0|039|321|||||6.125|0.00||||||||||||||||||||258673.32
F04Q10000293|200706|258353.08|0|040|320|||||6.125|0.00||||||||||||||||||||258353.08
F04Q10000293|200707|258031.21|0|041|319|||||6.125|0.00||||||||||||||||||||258031.21
F04Q10000293|200708|257707.69|0|042|318|||||6.125|0.00||||||||||||||||||||257707.69
F04Q10000293|200709|257382.52|0|043|317|||||6.125|0.00||||||||||||||||||||257382.52
F04Q10000293|200710|257055.69|0|044|316|||||6.125|0.00||||||||||||||||||||257055.69
F04Q10000293|200711|256727.20|0|045|315|||||6.125|0.00||||||||||||||||||||256727.20
F04Q10000293|200712|256397.03|0|046|314|||||6.125|0.00||||||||||||||||||||256397.03
F04Q10000293|200801|256065.17|0|047|313|||||6.125|0.00||||||||||||||||||||256065.17
F04Q10000293|200802|255731.62|0|048|312|||||6.125|0.00||||||||||||||||||||255731.62
F04Q10000293|200803|255396.37|0|049|311|||||6.125|0.00||||||||||||||||||||255396.37
F04Q10000293|200804|255059.41|0|050|310|||||6.125|0.00||||||||||||||||||||255059.41
F04Q10000293|200805|254720.73|0|051|309|||||6.125|0.00||||||||||||||||||||254720.73
F04Q10000293|200806|254380.32|0|052|308|||||6.125|0.00||||||||||||||||||||254380.32
F04Q10000293|200807|254038.17|0|053|307|||||6.125|0.00||||||||||||||||||||254038.17
F04Q10000293|200808|253694.27|0|054|306|||||6.125|0.00||||||||||||||||||||253694.27
F04Q10000293|200809|253348.62|0|055|305|||||6.125|0.00||||||||||||||||||||253348.62
F04Q10000293|200810|253001.20|0|056|304|||||6.125|0.00||||||||||||||||||||253001.20
F04Q10000293|200811|252652.01|0|057|303|||||6.125|0.00||||||||||||||||||||252652.01
F04Q10000293|200812|252301.04|0|058|302|||||6.125|0.00||||||||||||||||||||252301.04
F04Q10000293|200901|251948.28|0|059|301|||||6.125|0.00||||||||||||||||||||251948.28
F04Q10000293|200902|251593.72|0|060|300|||||6.125|0.00||||||||||||||||||||251593.72
F04Q10000293|200903|251237.35|0|061|299|||||6.125|0.00||||||||||||||||||||251237.35
F04Q10000293|200904|249969.14|0|062|298|||||6.125|0.00||||||||||||||||||||249969.14
F04Q10000293|200905|249604.47|0|063|297|||||6.125|0.00||||||||||||||||||||249604.47
F04Q10000293|200906|249237.94|0|064|296|||||6.125|0.00||||||||||||||||||||249237.94
F04Q10000293|200907|248869.54|0|065|295|||||6.125|0.00||||||||||||||||||||248869.54
F04Q10000293|200908|248499.26|0|066|294|||||6.125|0.00||||||||||||||||||||248499.26
F04Q10000293|200909|248127.09|0|067|293|||||6.125|0.00||||||||||||||||||||248127.09
F04Q10000293|200910|247753.02|0|068|292|||||6.125|0.00||||||||||||||||||||247753.02
F04Q10000293|200911|247377.04|0|069|291|||||6.125|0.00||||||||||||||||||||247377.04
F04Q10000293|200912|246999.14|0|070|290|||||6.125|0.00||||||||||||||||||||246999.14
F04Q10000293|201001|246619.31|0|071|289|||||6.125|0.00||||||||||||||||||||246619.31
F04Q10000293|201002|244237.55|0|072|288|||||6.125|0.00||||||||||||||||||||244237.55
F04Q10000293|201003|243843.63|0|073|287|||||6.125|0.00||||||||||||||||||||243843.63
F04Q10000293|201004|243447.70|0|074|286|||||6.125|0.00||||||||||||||||||||243447.70
F04Q10000293|201005|243049.75|0|075|285|||||6.125|0.00||||||||||||||||||||243049.75
F04Q10000293|201006|242649.77|0|076|284|||||6.125|0.00||||||||||||||||||||242649.77
F04Q10000293|201007|242247.74|0|077|283|||||6.125|0.00||||||||||||||||||||242247.74
F04Q10000293|201008|241437.52|0|078|282|||||6.125|0.00||||||||||||||||||||241437.52
F04Q10000293|201009|0.00|0|079|281|||01|201009|6.125|0.00|||||||||||||||241437.52|||||0.00
F04Q10000312|200402|69000.00|0|000|180|||||4.625|0.00||||||||||||||||||||69000.00
F04Q10000312|200403|69000.00|0|001|179|||||4.625|0.00||||||||||||||||||||69000.00
F04Q10000312|200404|69000.00|0|002|178|||||4.625|0.00||||||||||||||||||||69000.00
F04Q10000312|200405|68000.00|0|003|177|||||4.625|0.00||||||||||||||||||||68000.00
F04Q10000312|200406|68000.00|0|004|176|||||4.625|0.00||||||||||||||||||||68000.00
F04Q10000312|200407|68000.00|0|005|175|||||4.625|0.00||||||||||||||||||||68000.00
F04Q10000312|200408|67000.00|0|006|174|||||4.625|0.00||||||||||||||||||||67000.00
F04Q10000312|200409|67128.91|0|007|173|||||4.625|0.00||||||||||||||||||||67128.91
F04Q10000312|200410|66787.64|0|008|172|||||4.625|0.00||||||||||||||||||||66787.64
F04Q10000312|200411|66445.05|0|009|171|||||4.625|0.00||||||||||||||||||||66445.05
F04Q10000312|200412|66101.14|0|010|170|||||4.625|0.00||||||||||||||||||||66101.14
F04Q10000312|200501|65755.90|0|011|169|||||4.625|0.00||||||||||||||||||||65755.90
F04Q10000312|200502|65409.33|0|012|168|||||4.625|0.00||||||||||||||||||||65409.33
F04Q10000312|200503|65061.43|0|013|167|||||4.625|0.00||||||||||||||||||||65061.43
F04Q10000312|200504|64712.19|0|014|166|||||4.625|0.00||||||||||||||||||||64712.19
F04Q10000312|200505|64361.60|0|015|165|||||4.625|0.00||||||||||||||||||||64361.60
F04Q10000312|200506|64009.66|0|016|164|||||4.625|0.00||||||||||||||||||||64009.66
F04Q10000312|200507|63656.36|0|017|163|||||4.625|0.00||||||||||||||||||||63656.36
F04Q10000312|200508|63301.70|0|018|162|||||4.625|0.00||||||||||||||||||||63301.70
F04Q10000312|200509|62945.68|0|019|161|||||4.625|0.00||||||||||||||||||||62945.68
F04Q10000312|200510|62588.28|0|020|160|||||4.625|0.00||||||||||||||||||||62588.28
F04Q10000312|200511|62229.51|0|021|159|||||4.625|0.00||||||||||||||||||||62229.51
F04Q10000312|200512|61869.35|0|022|158|||||4.625|0.00||||||||||||||||||||61869.35
F04Q10000312|200601|61507.80|0|023|157|||||4.625|0.00||||||||||||||||||||61507.80
F04Q10000312|200602|61144.86|0|024|156|||||4.625|0.00||||||||||||||||||||61144.86
F04Q10000312|200603|60780.52|0|025|155|||||4.625|0.00||||||||||||||||||||60780.52
F04Q10000312|200604|60414.78|0|026|154|||||4.625|0.00||||||||||||||||||||60414.78
F04Q10000312|200605|60047.63|0|027|153|||||4.625|0.00||||||||||||||||||||60047.63
F04Q10000312|200606|59679.06|0|028|152|||||4.625|0.00||||||||||||||||||||59679.06
F04Q10000312|200607|59309.07|0|029|151|||||4.625|0.00||||||||||||||||||||59309.07
F04Q10000312|200608|58937.66|0|030|150|||||4.625|0.00||||||||||||||||||||58937.66
F04Q10000312|200609|58564.82|0|031|149|||||4.625|0.00||||||||||||||||||||58564.82
F04Q10000312|200610|58190.54|0|032|148|||||4.625|0.00||||||||||||||||||||58190.54
F04Q10000312|200611|57814.82|0|033|147|||||4.625|0.00||||||||||||||||||||57814.82
F04Q10000312|200612|57437.65|0|034|146|||||4.625|0.00||||||||||||||||||||57437.65
F04Q10000312|200701|57059.02|0|035|145|||||4.625|0.00||||||||||||||||||||57059.02
F04Q10000312|200702|56678.93|0|036|144|||||4.625|0.00||||||||||||||||||||56678.93
F04Q10000312|200703|56297.38|0|037|143|||||4.625|0.00||||||||||||||||||||56297.38
F04Q10000312|200704|55914.36|0|038|142|||||4.625|0.00||||||||||||||||||||55914.36
F04Q10000312|200705|55529.86|0|039|141|||||4.625|0.00||||||||||||||||||||55529.86
F04Q10000312|200706|55143.88|0|040|140|||||4.625|0.00||||||||||||||||||||55143.88
F04Q10000312|200707|54756.41|0|041|139|||||4.625|0.00||||||||||||||||||||54756.41
F04Q10000312|200708|54367.45|0|042|138|||||4.625|0.00||||||||||||||||||||54367.45
F04Q10000312|200709|53976.99|0|043|137|||||4.625|0.00||||||||||||||||||||53976.99
F04Q10000312|200710|53585.03|0|044|136|||||4.625|0.00||||||||||||||||||||53585.03
F04Q10000312|200711|53191.56|0|045|135|||||4.625|0.00||||||||||||||||||||53191.56
F04Q10000312|200712|52796.57|0|046|134|||||4.625|0.00||||||||||||||||||||52796.57
F04Q10000312|200801|52400.06|0|047|133|||||4.625|0.00||||||||||||||||||||52400.06
F04Q10000312|200802|52002.02|0|048|132|||||4.625|0.00||||||||||||||||||||52002.02
F04Q10000312|200803|51602.44|0|049|131|||||4.625|0.00||||||||||||||||||||51602.44
F04Q10000312|200804|51201.32|0|050|130|||||4.625|0.00||||||||||||||||||||51201.32
F04Q10000312|200805|50798.66|0|051|129|||||4.625|0.00||||||||||||||||||||50798.66
F04Q10000312|200806|50394.45|0|052|128|||||4.625|0.00||||||||||||||||||||50394.45
F04Q10000312|200807|49988.68|0|053|127|||||4.625|0.00||||||||||||||||||||49988.68
F04Q10000312|200808|49581.34|0|054|126|||||4.625|0.00||||||||||||||||||||49581.34
F04Q10000312|200809|49233.43|0|055|125|||||4.625|0.00||||||||||||||||||||49233.43
F04Q10000312|200810|48884.18|0|056|124|||||4.625|0.00||||||||||||||||||||48884.18
F04Q10000312|200811|48533.59|0|057|123|||||4.625|0.00||||||||||||||||||||48533.59
F04Q10000312|200812|48181.65|0|058|122|||||4.625|0.00||||||||||||||||||||48181.65
F04Q10000312|200901|47828.35|0|059|121|||||4.625|0.00||||||||||||||||||||47828.35
F04Q10000312|200902|47473.69|0|060|120|||||4.625|0.00||||||||||||||||||||47473.69
F04Q10000312|200903|47117.66|0|061|119|||||4.625|0.00||||||||||||||||||||47117.66
F04Q10000312|200904|46760.26|0|062|118|||||4.625|0.00||||||||||||||||||||46760.26
F04Q10000312|200905|46401.48|0|063|117|||||4.625|0.00||||||||||||||||||||46401.48
F04Q10000312|200906|46041.32|0|064|116|||||4.625|0.00||||||||||||||||||||46041.32
F04Q10000312|200907|45679.77|0|065|115|||||4.625|0.00||||||||||||||||||||45679.77
F04Q10000312|200908|45316.83|0|066|114|||||4.625|0.00||||||||||||||||||||45316.83
F04Q10000312|200909|44952.49|0|067|113|||||4.625|0.00||||||||||||||||||||44952.49
F04Q10000312|200910|44586.74|0|068|112|||||4.625|0.00||||||||||||||||||||44586.74
F04Q10000312|200911|44219.58|0|069|111|||||4.625|0.00||||||||||||||||||||44219.58
F04Q10000312|200912|43851.01|0|070|110|||||4.625|0.00||||||||||||||||||||43851.01
F04Q10000312|201001|43481.02|0|071|109|||||4.625|0.00||||||||||||||||||||43481.02
F04Q10000312|201002|43109.60|0|072|108|||||4.625|0.00||||||||||||||||||||43109.60
F04Q10000312|201003|42736.75|0|073|107|||||4.625|0.00||||||||||||||||||||42736.75
F04Q10000312|201004|42362.46|0|074|106|||||4.625|0.00||||||||||||||||||||42362.46
F04Q10000312|201005|41986.73|0|075|105|||||4.625|0.00||||||||||||||||||||41986.73
F04Q10000312|201006|41609.55|0|076|104|||||4.625|0.00||||||||||||||||||||41609.55
F04Q10000312|201007|41230.92|0|077|103|||||4.625|0.00||||||||||||||||||||41230.92
F04Q10000312|201008|40850.83|0|078|102|||||4.625|0.00||||||||||||||||||||40850.83
F04Q10000312|201009|0.00|0|079|101|||01|201009|4.625|0.00|||||||||||||||40850.83|||||0.00
F04Q10000344|200402|157000.00|0|000|360|||||6.625|0.00||||||||||||||||||||157000.00
F04Q10000344|200403|156000.00|0|001|359|||||6.625|0.00||||||||||||||||||||156000.00
F04Q10000344|200404|156000.00|0|002|358|||||6.625|0.00||||||||||||||||||||156000.00
F04Q10000344|200405|156000.00|0|003|357|||||6.625|0.00||||||||||||||||||||156000.00
F04Q10000344|200406|156000.00|0|004|356|||||6.625|0.00||||||||||||||||||||156000.00
F04Q10000344|200407|156000.00|0|005|355|||||6.625|0.00||||||||||||||||||||156000.00
F04Q10000344|200408|156000.00|0|006|354|||||6.625|0.00||||||||||||||||||||156000.00
F04Q10000344|200409|155616.66|0|007|353|||||6.625|0.00||||||||||||||||||||155616.66
F04Q10000344|200410|155473.06|0|008|352|||||6.625|0.00||||||||||||||||||||155473.06
F04Q10000344|200411|155229.67|0|009|351|||||6.625|0.00||||||||||||||||||||155229.67
F04Q10000344|200412|155229.67|0|010|350|||||6.625|0.00||||||||||||||||||||155229.67
F04Q10000344|200501|154937.40|0|011|349|||||6.625|0.00||||||||||||||||||||154937.40
F04Q10000344|200502|154790.05|0|012|348|||||6.625|0.00||||||||||||||||||||154790.05
F04Q10000344|200503|154641.89|0|013|347|||||6.625|0.00||||||||||||||||||||154641.89
F04Q10000344|200504|154492.91|0|014|346|||||6.625|0.00||||||||||||||||||||154492.91
F04Q10000344|200505|154343.11|0|015|345|||||6.625|0.00||||||||||||||||||||154343.11
F04Q10000344|200506|154192.48|0|016|344|||||6.625|0.00||||||||||||||||||||154192.48
F04Q10000344|200507|154041.02|0|017|343|||||6.625|0.00||||||||||||||||||||154041.02
F04Q10000344|200508|153888.72|0|018|342|||||6.625|0.00||||||||||||||||||||153888.72
F04Q10000344|200509|153735.58|0|019|341|||||6.625|0.00||||||||||||||||||||153735.58
F04Q10000344|200510|153581.60|0|020|340|||||6.625|0.00||||||||||||||||||||153581.60
F04Q10000344|200511|153426.77|0|021|339|||||6.625|0.00||||||||||||||||||||153426.77
F04Q10000344|200512|153271.08|0|022|338|||||6.625|0.00||||||||||||||||||||153271.08
F04Q10000344|200601|153114.53|0|023|337|||||6.625|0.00||||||||||||||||||||153114.53
F04Q10000344|200602|152957.12|0|024|336|||||6.625|0.00||||||||||||||||||||152957.12
F04Q10000344|200603|152785.84|0|025|335|||||6.625|0.00||||||||||||||||||||152785.84
F04Q10000344|200604|152602.62|0|026|334|||||6.625|0.00||||||||||||||||||||152602.62
F04Q10000344|200605|152442.38|0|027|333|||||6.625|0.00||||||||||||||||||||152442.38
F04Q10000344|200606|152281.26|0|028|332|||||6.625|0.00||||||||||||||||||||152281.26
F04Q10000344|200607|152119.25|0|029|331|||||6.625|0.00||||||||||||||||||||152119.25
F04Q10000344|200608|151956.35|0|030|330|||||6.625|0.00||||||||||||||||||||151956.35
F04Q10000344|200609|151792.55|0|031|329|||||6.625|0.00||||||||||||||||||||151792.55
F04Q10000344|200610|151627.84|0|032|328|||||6.625|0.00||||||||||||||||||||151627.84
F04Q10000344|200611|151462.22|0|033|327|||||6.625|0.00||||||||||||||||||||151462.22
F04Q10000344|200612|151295.69|0|034|326|||||6.625|0.00||||||||||||||||||||151295.69
F04Q10000344|200701|151128.24|0|035|325|||||6.625|0.00||||||||||||||||||||151128.24
F04Q10000344|200702|150959.86|0|036|324|||||6.625|0.00||||||||||||||||||||150959.86
F04Q10000344|200703|150790.55|0|037|323|||||6.625|0.00||||||||||||||||||||150790.55
F04Q10000344|200704|150620.31|0|038|322|||||6.625|0.00||||||||||||||||||||150620.31
F04Q10000344|200705|150449.13|0|039|321|||||6.625|0.00||||||||||||||||||||150449.13
F04Q10000344|200706|150277.00|0|040|320|||||6.625|0.00||||||||||||||||||||150277.00
F04Q10000344|200707|150103.92|0|041|319|||||6.625|0.00||||||||||||||||||||150103.92
F04Q10000344|200708|149929.89|0|042|318|||||6.625|0.00||||||||||||||||||||149929.89
F04Q10000344|200709|149754.90|0|043|317|||||6.625|0.00||||||||||||||||||||149754.90
F04Q10000344|200710|149754.90|0|044|316|||||6.625|0.00||||||||||||||||||||149754.90
F04Q10000344|200711|149402.01|0|045|315|||||6.625|0.00||||||||||||||||||||149402.01
F04Q10000344|200712|149224.10|0|046|314|||||6.625|0.00||||||||||||||||||||149224.10
F04Q10000344|200801|149045.21|0|047|313|||||6.625|0.00||||||||||||||||||||149045.21
F04Q10000344|200802|148865.33|0|048|312|||||6.625|0.00||||||||||||||||||||148865.33
F04Q10000344|200803|148684.46|0|049|311|||||6.625|0.00||||||||||||||||||||148684.46
F04Q10000344|200804|148684.46|0|050|310|||||6.625|0.00||||||||||||||||||||148684.46
F04Q10000344|200805|148319.72|0|051|309|||||6.625|0.00||||||||||||||||||||148319.72
F04Q10000344|200806|148135.84|0|052|308|||||6.625|0.00||||||||||||||||||||148135.84
F04Q10000344|200807|147950.94|0|053|307|||||6.625|0.00||||||||||||||||||||147950.94
F04Q10000344|200808|147765.02|0|054|306|||||6.625|0.00||||||||||||||||||||147765.02
F04Q10000344|200809|147578.08|0|055|305|||||6.625|0.00||||||||||||||||||||147578.08
F04Q10000344|200810|147390.10|0|056|304|||||6.625|0.00||||||||||||||||||||147390.10
F04Q10000344|200811|147201.09|0|057|303|||||6.625|0.00||||||||||||||||||||147201.09
F04Q10000344|200812|147011.03|0|058|302|||||6.625|0.00||||||||||||||||||||147011.03
F04Q10000344|200901|146819.92|0|059|301|||||6.625|0.00||||||||||||||||||||146819.92
F04Q10000344|200902|146627.76|0|060|300|||||6.625|0.00||||||||||||||||||||146627.76
F04Q10000344|200903|146434.54|0|061|299|||||6.625|0.00||||||||||||||||||||146434.54
F04Q10000344|200904|146240.25|0|062|298|||||6.625|0.00||||||||||||||||||||146240.25
F04Q10000344|200905|146044.89|0|063|297|||||6.625|0.00||||||||||||||||||||146044.89
F04Q10000344|200906|145848.45|0|064|296|||||6.625|0.00||||||||||||||||||||145848.45
F04Q10000344|200907|145650.92|0|065|295|||||6.625|0.00||||||||||||||||||||145650.92
F04Q10000344|200908|145452.30|0|066|294|||||6.625|0.00||||||||||||||||||||145452.30
F04Q10000344|200909|145252.59|0|067|293|||||6.625|0.00||||||||||||||||||||145252.59
F04Q10000344|200910|145051.78|0|068|292|||||6.625|0.00||||||||||||||||||||145051.78
F04Q10000344|200911|144646.82|0|069|291|||||6.625|0.00||||||||||||||||||||144646.82
F04Q10000344|200912|144646.82|0|070|290|||||6.625|0.00||||||||||||||||||||144646.82
F04Q10000344|201001|144442.66|0|071|289|||||6.625|0.00||||||||||||||||||||144442.66
F04Q10000344|201002|144237.37|0|072|288|||||6.625|0.00||||||||||||||||||||144237.37
F04Q10000344|201003|143854.98|0|073|287|||||6.625|0.00||||||||||||||||||||143854.98
F04Q10000344|201004|143646.45|0|074|286|||||6.625|0.00||||||||||||||||||||143646.45
F04Q10000344|201005|143436.77|0|075|285|||||6.625|0.00||||||||||||||||||||143436.77
F04Q10000344|201006|143225.93|0|076|284|||||6.625|0.00||||||||||||||||||||143225.93
F04Q10000344|201007|143013.93|0|077|283|||||6.625|0.00||||||||||||||||||||143013.93
F04Q10000344|201008|142800.76|0|078|282|||||6.625|0.00||||||||||||||||||||142800.76
F04Q10000344|201009|142586.41|0|079|281|||||6.625|0.00||||||||||||||||||||142586.41
F04Q10000344|201010|142354.88|0|080|280|||||6.625|0.00||||||||||||||||||||142354.88
F04Q10000344|201011|142138.07|0|081|279|||||6.625|0.00||||||||||||||||||||142138.07
F04Q10000344|201012|141920.06|0|082|278|||||6.625|0.00||||||||||||||||||||141920.06
F04Q10000344|201101|141700.85|0|083|277|||||6.625|0.00||||||||||||||||||||141700.85
F04Q10000344|201102|141480.43|0|084|276|||||6.625|0.00||||||||||||||||||||141480.43
F04Q10000344|201103|141258.79|0|085|275|||||6.625|0.00||||||||||||||||||||141258.79
F04Q10000344|201104|141035.93|0|086|274|||||6.625|0.00||||||||||||||||||||141035.93
F04Q10000344|201105|140811.84|0|087|273|||||6.625|0.00||||||||||||||||||||140811.84
F04Q10000344|201106|140586.51|0|088|272|||||6.625|0.00||||||||||||||||||||140586.51
F04Q10000344|201107|140359.93|0|089|271|||||6.625|0.00||||||||||||||||||||140359.93
F04Q10000344|201108|140132.10|0|090|270|||||6.625|0.00||||||||||||||||||||140132.10
F04Q10000344|201109|139903.02|0|091|269|||||6.625|0.00||||||||||||||||||||139903.02
F04Q10000344|201110|139672.67|0|092|268|||||6.625|0.00||||||||||||||||||||139672.67
F04Q10000344|201111|139441.05|0|093|267|||||6.625|0.00||||||||||||||||||||139441.05
F04Q10000344|201112|139208.15|0|094|266|||||6.625|0.00||||||||||||||||||||139208.15
F04Q10000344|201201|138973.96|0|095|265|||||6.625|0.00||||||||||||||||||||138973.96
F04Q10000344|201202|138738.48|0|096|264|||||6.625|0.00||||||||||||||||||||138738.48
F04Q10000344|201203|138501.70|0|097|263|||||6.625|0.00||||||||||||||||||||138501.70
F04Q10000344|201204|138263.61|0|098|262|||||6.625|0.00||||||||||||||||||||138263.61
F04Q10000344|201205|138024.21|0|099|261|||||6.625|0.00||||||||||||||||||||138024.21
F04Q10000344|201206|137783.49|0|100|260|||||6.625|0.00||||||||||||||||||||137783.49
F04Q10000344|201207|137541.44|0|101|259|||||6.625|0.00||||||||||||||||||||137541.44
F04Q10000344|201208|137298.05|0|102|258|||||6.625|0.00||||||||||||||||||||137298.05
F04Q10000344|201209|137053.32|0|103|257|||||6.625|0.00||||||||||||||||||||137053.32
F04Q10000344|201210|136807.24|0|104|256|||||6.625|0.00||||||||||||||||||||136807.24
F04Q10000344|201211|136559.80|0|105|255|||||6.625|0.00||||||||||||||||||||136559.80
F04Q10000344|201212|136310.99|0|106|254|||||6.625|0.00||||||||||||||||||||136310.99
F04Q10000344|201301|136060.81|0|107|253|||||6.625|0.00||||||||||||||||||||136060.81
F04Q10000344|201302|135809.25|0|108|252|||||6.625|0.00||||||||||||||||||||135809.25
F04Q10000344|201303|135556.30|0|109|251|||||6.625|0.00||||||||||||||||||||135556.30
F04Q10000344|201304|135301.95|0|110|250|||||6.625|0.00||||||||||||||||||||135301.95
F04Q10000344|201305|135046.20|0|111|249|||||6.625|0.00||||||||||||||||||||135046.20
F04Q10000344|201306|134789.04|0|112|248|||||6.625|0.00||||||||||||||||||||134789.04
F04Q10000344|201307|134530.46|0|113|247|||||6.625|0.00||||||||||||||||||||134530.46
F04Q10000344|201308|134270.45|0|114|246|||||6.625|0.00||||||||||||||||||||134270.45
F04Q10000344|201309|134009.00|0|115|245|||||6.625|0.00||||||||||||||||||||134009.00
F04Q10000344|201310|133746.11|0|116|244|||||6.625|0.00||||||||||||||||||||133746.11
F04Q10000344|201311|133481.77|0|117|243|||||6.625|0.00||||||||||||||||||||133481.77
F04Q10000344|201312|133215.97|0|118|242|||||6.625|0.00||||||||||||||||||||133215.97
F04Q10000344|201401|132948.70|0|119|241|||||6.625|0.00||||||||||||||||||||132948.70
F04Q10000344|201402|0.00|0|120|240|||01|201402|6.625|0.00|||||||||||||||132948.70|||||0.00
F04Q10000367|200402|109000.00|0|000|360|||||6.500|0.00||||||||||||||||||||109000.00
F04Q10000367|200403|109000.00|0|001|359|||||6.500|0.00||||||||||||||||||||109000.00
F04Q10000367|200404|109000.00|0|002|358|||||6.500|0.00||||||||||||||||||||109000.00
F04Q10000367|200405|109000.00|0|003|357|||||6.500|0.00||||||||||||||||||||109000.00
F04Q10000367|200406|109000.00|0|004|356|||||6.500|0.00||||||||||||||||||||109000.00
F04Q10000367|200407|109000.00|0|005|355|||||6.500|0.00||||||||||||||||||||109000.00
F04Q10000367|200408|109000.00|0|006|354|||||6.500|0.00||||||||||||||||||||109000.00
F04Q10000367|200409|108547.36|0|007|353|||||6.500|0.00||||||||||||||||||||108547.36
F04Q10000367|200410|108547.36|1|008|352|||||6.500|0.00||||||||||||||||||||108547.36
F04Q10000367|200411|108547.36|1|009|351|||||6.500|0.00||||||||||||||||||||108547.36
F04Q10000367|200412|108444.79|2|010|350|||||6.500|0.00||||||||||||||||||||108444.79
F04Q10000367|200501|0.00|3|011|349|||01|200501|6.500|0.00|200410||||||||||||||108444.79|||||0.00
F04Q10000368|200402|116000.00|0|000|360|||||5.875|0.00||||||||||||||||||||116000.00
F04Q10000368|200403|116000.00|0|001|359|||||5.875|0.00||||||||||||||||||||116000.00
F04Q10000368|200404|116000.00|0|002|358|||||5.875|0.00||||||||||||||||||||116000.00
F04Q10000368|200405|116000.00|0|003|357|||||5.875|0.00||||||||||||||||||||116000.00
F04Q10000368|200406|116000.00|0|004|356|||||5.875|0.00||||||||||||||||||||116000.00
F04Q10000368|200407|115000.00|0|005|355|||||5.875|0.00||||||||||||||||||||115000.00
F04Q10000368|200408|115000.00|0|006|354|||||5.875|0.00||||||||||||||||||||115000.00
F04Q10000368|200409|115159.90|0|007|353|||||5.875|0.00||||||||||||||||||||115159.90
F04Q10000368|200410|115037.52|0|008|352|||||5.875|0.00||||||||||||||||||||115037.52
F04Q10000368|200411|114914.54|0|009|351|||||5.875|0.00||||||||||||||||||||114914.54
F04Q10000368|200412|114790.96|0|010|350|||||5.875|0.00||||||||||||||||||||114790.96
F04Q10000368|200501|114666.78|0|011|349|||||5.875|0.00||||||||||||||||||||114666.78
F04Q10000368|200502|114541.99|0|012|348|||||5.875|0.00||||||||||||||||||||114541.99
F04Q10000368|200503|114416.59|0|013|347|||||5.875|0.00||||||||||||||||||||114416.59
F04Q10000368|200504|114290.57|0|014|346|||||5.875|0.00||||||||||||||||||||114290.57
F04Q10000368|200505|114163.94|0|015|345|||||5.875|0.00||||||||||||||||||||114163.94
F04Q10000368|200506|114036.69|0|016|344|||||5.875|0.00||||||||||||||||||||114036.69
F04Q10000368|200507|113908.81|0|017|343|||||5.875|0.00||||||||||||||||||||113908.81
F04Q10000368|200508|113780.31|0|018|342|||||5.875|0.00||||||||||||||||||||113780.31
F04Q10000368|200509|113651.18|0|019|341|||||5.875|0.00||||||||||||||||||||113651.18
F04Q10000368|200510|113521.42|0|020|340|||||5.875|0.00||||||||||||||||||||113521.42
F04Q10000368|200511|113391.02|0|021|339|||||5.875|0.00||||||||||||||||||||113391.02
F04Q10000368|200512|113259.98|0|022|338|||||5.875|0.00||||||||||||||||||||113259.98
F04Q10000368|200601|113128.30|0|023|337|||||5.875|0.00||||||||||||||||||||113128.30
F04Q10000368|200602|112995.98|0|024|336|||||5.875|0.00||||||||||||||||||||112995.98
F04Q10000368|200603|112863.01|0|025|335|||||5.875|0.00||||||||||||||||||||112863.01
F04Q10000368|200604|112729.39|0|026|334|||||5.875|0.00||||||||||||||||||||112729.39
F04Q10000368|200605|112595.11|0|027|333|||||5.875|0.00||||||||||||||||||||112595.11
F04Q10000368|200606|112460.18|0|028|332|||||5.875|0.00||||||||||||||||||||112460.18
F04Q10000368|200607|112324.59|0|029|331|||||5.875|0.00||||||||||||||||||||112324.59
F04Q10000368|200608|112188.33|0|030|330|||||5.875|0.00||||||||||||||||||||112188.33
F04Q10000368|200609|112051.41|0|031|329|||||5.875|0.00||||||||||||||||||||112051.41
F04Q10000368|200610|111913.81|0|032|328|||||5.875|0.00||||||||||||||||||||111913.81
F04Q10000368|200611|111775.54|0|033|327|||||5.875|0.00||||||||||||||||||||111775.54
F04Q10000368|200612|111636.59|0|034|326|||||5.875|0.00||||||||||||||||||||111636.59
F04Q10000368|200701|111496.96|0|035|325|||||5.875|0.00||||||||||||||||||||111496.96
F04Q10000368|200702|111356.65|0|036|324|||||5.875|0.00||||||||||||||||||||111356.65
F04Q10000368|200703|111215.65|0|037|323|||||5.875|0.00||||||||||||||||||||111215.65
F04Q10000368|200704|111073.96|0|038|322|||||5.875|0.00||||||||||||||||||||111073.96
F04Q10000368|200705|110931.58|0|039|321|||||5.875|0.00||||||||||||||||||||110931.58
F04Q10000368|200706|110788.50|0|040|320|||||5.875|0.00||||||||||||||||||||110788.50
F04Q10000368|200707|110644.72|0|041|319|||||5.875|0.00||||||||||||||||||||110644.72
F04Q10000368|200708|110500.24|0|042|318|||||5.875|0.00||||||||||||||||||||110500.24
F04Q10000368|200709|110355.05|0|043|317|||||5.875|0.00||||||||||||||||||||110355.05
F04Q10000368|200710|110209.15|0|044|316|||||5.875|0.00||||||||||||||||||||110209.15
F04Q10000368|200711|110062.54|0|045|315|||||5.875|0.00||||||||||||||||||||110062.54
F04Q10000368|200712|109915.21|0|046|314|||||5.875|0.00||||||||||||||||||||109915.21
F04Q10000368|200801|109767.16|0|047|313|||||5.875|0.00||||||||||||||||||||109767.16
F04Q10000368|200802|109618.38|0|048|312|||||5.875|0.00||||||||||||||||||||109618.38
F04Q10000368|200803|109468.87|0|049|311|||||5.875|0.00||||||||||||||||||||109468.87
F04Q10000368|200804|109318.63|0|050|310|||||5.875|0.00||||||||||||||||||||109318.63
F04Q10000368|200805|109167.66|0|051|309|||||5.875|0.00||||||||||||||||||||109167.66
F04Q10000368|200806|109015.95|0|052|308|||||5.875|0.00||||||||||||||||||||109015.95
F04Q10000368|200807|108863.49|0|053|307|||||5.875|0.00||||||||||||||||||||108863.49
F04Q10000368|200808|108710.29|0|054|306|||||5.875|0.00||||||||||||||||||||108710.29
F04Q10000368|200809|108556.34|0|055|305|||||5.875|0.00||||||||||||||||||||108556.34
F04Q10000368|200810|108401.63|0|056|304|||||5.875|0.00||||||||||||||||||||108401.63
F04Q10000368|200811|108246.17|0|057|303|||||5.875|0.00||||||||||||||||||||108246.17
F04Q10000368|200812|108089.95|0|058|302|||||5.875|0.00||||||||||||||||||||108089.95
F04Q10000368|200901|107932.96|0|059|301|||||5.875|0.00||||||||||||||||||||107932.96
F04Q10000368|200902|107775.20|0|060|300|||||5.875|0.00||||||||||||||||||||107775.20
F04Q10000368|200903|107616.67|0|061|299|||||5.875|0.00||||||||||||||||||||107616.67
F04Q10000368|200904|107457.36|0|062|298|||||5.875|0.00||||||||||||||||||||107457.36
F04Q10000368|200905|107297.27|0|063|297|||||5.875|0.00||||||||||||||||||||107297.27
F04Q10000368|200906|107136.40|0|064|296|||||5.875|0.00||||||||||||||||||||107136.40
F04Q10000368|200907|106974.74|0|065|295|||||5.875|0.00||||||||||||||||||||106974.74
F04Q10000368|200908|106812.29|0|066|294|||||5.875|0.00||||||||||||||||||||106812.29
F04Q10000368|200909|106649.05|0|067|293|||||5.875|0.00||||||||||||||||||||106649.05
F04Q10000368|200910|106485.01|0|068|292|||||5.875|0.00||||||||||||||||||||106485.01
F04Q10000368|200911|106320.16|0|069|291|||||5.875|0.00||||||||||||||||||||106320.16
F04Q10000368|200912|106154.51|0|070|290|||||5.875|0.00||||||||||||||||||||106154.51
F04Q10000368|201001|105988.04|0|071|289|||||5.875|0.00||||||||||||||||||||105988.04
F04Q10000368|201002|105820.76|0|072|288|||||5.875|0.00||||||||||||||||||||105820.76
F04Q10000368|201003|105652.66|0|073|287|||||5.875|0.00||||||||||||||||||||105652.66
F04Q10000368|201004|105483.74|0|074|286|||||5.875|0.00||||||||||||||||||||105483.74
F04Q10000368|201005|105313.99|0|075|285|||||5.875|0.00||||||||||||||||||||105313.99
F04Q10000368|201006|105143.41|0|076|284|||||5.875|0.00||||||||||||||||||||105143.41
F04Q10000368|201007|104971.99|0|077|283|||||5.875|0.00||||||||||||||||||||104971.99
F04Q10000368|201008|104799.74|0|078|282|||||5.875|0.00||||||||||||||||||||104799.74
F04Q10000368|201009|104626.64|0|079|281|||||5.875|0.00||||||||||||||||||||104626.64
F04Q10000368|201010|104452.69|0|080|280|||||5.875|0.00||||||||||||||||||||104452.69
F04Q10000368|201011|104277.89|0|081|279|||||5.875|0.00||||||||||||||||||||104277.89
F04Q10000368|201012|104102.24|0|082|278|||||5.875|0.00||||||||||||||||||||104102.24
F04Q10000368|201101|103925.73|0|083|277|||||5.875|0.00||||||||||||||||||||103925.73
F04Q10000368|201102|103748.35|0|084|276|||||5.875|0.00||||||||||||||||||||103748.35
F04Q10000368|201103|103570.10|0|085|275|||||5.875|0.00||||||||||||||||||||103570.10
F04Q10000368|201104|103390.98|0|086|274|||||5.875|0.00||||||||||||||||||||103390.98
F04Q10000368|201105|103210.98|0|087|273|||||5.875|0.00||||||||||||||||||||103210.98
F04Q10000368|201106|103030.10|0|088|272|||||5.875|0.00||||||||||||||||||||103030.10
F04Q10000368|201107|102848.34|0|089|271|||||5.875|0.00||||||||||||||||||||102848.34
F04Q10000368|201108|102665.69|0|090|270|||||5.875|0.00||||||||||||||||||||102665.69
F04Q10000368|201109|102482.14|0|091|269|||||5.875|0.00||||||||||||||||||||102482.14
F04Q10000368|201110|102297.70|0|092|268|||||5.875|0.00||||||||||||||||||||102297.70
F04Q10000368|201111|102112.35|0|093|267|||||5.875|0.00||||||||||||||||||||102112.35
F04Q10000368|201112|101926.10|0|094|266|||||5.875|0.00||||||||||||||||||||101926.10
F04Q10000368|201201|101738.93|0|095|265|||||5.875|0.00||||||||||||||||||||101738.93
F04Q10000368|201202|101550.85|0|096|264|||||5.875|0.00||||||||||||||||||||101550.85
F04Q10000368|201203|101361.85|0|097|263|||||5.875|0.00||||||||||||||||||||101361.85
F04Q10000368|201204|101171.92|0|098|262|||||5.875|0.00||||||||||||||||||||101171.92
F04Q10000368|201205|100981.06|0|099|261|||||5.875|0.00||||||||||||||||||||100981.06
F04Q10000368|201206|100789.27|0|100|260|||||5.875|0.00||||||||||||||||||||100789.27
F04Q10000368|201207|100596.54|0|101|259|||||5.875|0.00||||||||||||||||||||100596.54
F04Q10000368|201208|100402.86|0|102|258|||||5.875|0.00||||||||||||||||||||100402.86
F04Q10000368|201209|100208.24|0|103|257|||||5.875|0.00||||||||||||||||||||100208.24
F04Q10000368|201210|100012.66|0|104|256|||||5.875|0.00||||||||||||||||||||100012.66
F04Q10000368|201211|99816.13|0|105|255|||||5.875|0.00||||||||||||||||||||99816.13
F04Q10000368|201212|99618.63|0|106|254|||||5.875|0.00||||||||||||||||||||99618.63
F04Q10000368|201301|99420.17|0|107|253|||||5.875|0.00||||||||||||||||||||99420.17
F04Q10000368|201302|99220.73|0|108|252|||||5.875|0.00||||||||||||||||||||99220.73
F04Q10000368|201303|99020.32|0|109|251|||||5.875|0.00||||||||||||||||||||99020.32
F04Q10000368|201304|98818.93|0|110|250|||||5.875|0.00||||||||||||||||||||98818.93
F04Q10000368|201305|0.00|0|111|249|||01|201305|5.875|0.00|||||||||||||||98818.93|||||0.00
F04Q10000397|200401|111000.00|0|000|360|||||5.975|0.00||||||||||||||||||||111000.00
F04Q10000397|200402|111000.00|0|001|359|||||5.975|0.00||||||||||||||||||||111000.00
F04Q10000397|200403|111000.00|0|002|358|||||5.975|0.00||||||||||||||||||||111000.00
F04Q10000397|200404|111000.00|0|003|357|||||5.975|0.00||||||||||||||||||||111000.00
F04Q10000397|200405|111000.00|0|004|356|||||5.975|0.00||||||||||||||||||||111000.00
F04Q10000397|200406|111000.00|0|005|355|||||5.975|0.00||||||||||||||||||||111000.00
F04Q10000397|200407|110000.00|0|006|354|||||5.975|0.00||||||||||||||||||||110000.00
F04Q10000397|200408|110330.20|0|007|353|||||5.975|0.00||||||||||||||||||||110330.20
F04Q10000397|200409|110215.11|0|008|352|||||5.975|0.00||||||||||||||||||||110215.11
F04Q10000397|200410|110099.45|0|009|351|||||5.975|0.00||||||||||||||||||||110099.45
F04Q10000397|200411|109983.21|0|010|350|||||5.975|0.00||||||||||||||||||||109983.21
F04Q10000397|200412|109866.39|0|011|349|||||5.975|0.00||||||||||||||||||||109866.39
F04Q10000397|200501|109748.99|0|012|348|||||5.975|0.00||||||||||||||||||||109748.99
F04Q10000397|200502|109631.01|0|013|347|||||5.975|0.00||||||||||||||||||||109631.01
F04Q10000397|200503|109512.44|0|014|346|||||5.975|0.00||||||||||||||||||||109512.44
F04Q10000397|200504|109393.28|0|015|345|||||5.975|0.00||||||||||||||||||||109393.28
F04Q10000397|200505|109273.53|0|016|344|||||5.975|0.00||||||||||||||||||||109273.53
F04Q10000397|200506|109153.18|0|017|343|||||5.975|0.00||||||||||||||||||||109153.18
F04Q10000397|200507|109032.23|0|018|342|||||5.975|0.00||||||||||||||||||||109032.23
F04Q10000397|200508|108910.68|0|019|341|||||5.975|0.00||||||||||||||||||||108910.68
F04Q10000397|200509|108788.52|0|020|340|||||5.975|0.00||||||||||||||||||||108788.52
F04Q10000397|200510|108665.76|0|021|339|||||5.975|0.00||||||||||||||||||||108665.76
F04Q10000397|200511|108542.38|0|022|338|||||5.975|0.00||||||||||||||||||||108542.38
F04Q10000397|200512|108418.39|0|023|337|||||5.975|0.00||||||||||||||||||||108418.39
F04Q10000397|200601|108293.78|0|024|336|||||5.975|0.00||||||||||||||||||||108293.78
F04Q10000397|200602|108168.55|0|025|335|||||5.975|0.00||||||||||||||||||||108168.55
F04Q10000397|200603|108042.70|0|026|334|||||5.975|0.00||||||||||||||||||||108042.70
F04Q10000397|200604|107916.22|0|027|333|||||5.975|0.00||||||||||||||||||||107916.22
F04Q10000397|200605|107789.11|0|028|332|||||5.975|0.00||||||||||||||||||||107789.11
F04Q10000397|200606|107661.37|0|029|331|||||5.975|0.00||||||||||||||||||||107661.37
F04Q10000397|200607|107532.99|0|030|330|||||5.975|0.00||||||||||||||||||||107532.99
F04Q10000397|200608|107403.97|0|031|329|||||5.975|0.00||||||||||||||||||||107403.97
F04Q10000397|200609|107274.31|0|032|328|||||5.975|0.00||||||||||||||||||||107274.31
F04Q10000397|200610|107144.01|0|033|327|||||5.975|0.00||||||||||||||||||||107144.01
F04Q10000397|200611|107013.06|0|034|326|||||5.975|0.00||||||||||||||||||||107013.06
F04Q10000397|200612|106881.46|0|035|325|||||5.975|0.00||||||||||||||||||||106881.46
F04Q10000397|200701|106749.20|0|036|324|||||5.975|0.00||||||||||||||||||||106749.20
F04Q10000397|200702|106616.28|0|037|323|||||5.975|0.00||||||||||||||||||||106616.28
F04Q10000397|200703|106482.70|0|038|322|||||5.975|0.00||||||||||||||||||||106482.70
F04Q10000397|200704|106348.46|0|039|321|||||5.975|0.00||||||||||||||||||||106348.46
F04Q10000397|200705|106213.55|0|040|320|||||5.975|0.00||||||||||||||||||||106213.55
F04Q10000397|200706|106077.96|0|041|319|||||5.975|0.00||||||||||||||||||||106077.96
F04Q10000397|200707|105941.70|0|042|318|||||5.975|0.00||||||||||||||||||||105941.70
F04Q10000397|200708|105804.76|0|043|317|||||5.975|0.00||||||||||||||||||||105804.76
F04Q10000397|200709|105667.14|0|044|316|||||5.975|0.00||||||||||||||||||||105667.14
F04Q10000397|200710|105528.83|0|045|315|||||5.975|0.00||||||||||||||||||||105528.83
F04Q10000397|200711|105389.84|0|046|314|||||5.975|0.00||||||||||||||||||||105389.84
F04Q10000397|200712|105250.15|0|047|313|||||5.975|0.00||||||||||||||||||||105250.15
F04Q10000397|200801|105109.77|0|048|312|||||5.975|0.00||||||||||||||||||||105109.77
F04Q10000397|200802|104968.69|0|049|311|||||5.975|0.00||||||||||||||||||||104968.69
F04Q10000397|200803|104826.91|0|050|310|||||5.975|0.00||||||||||||||||||||104826.91
F04Q10000397|200804|104684.42|0|051|309|||||5.975|0.00||||||||||||||||||||104684.42
F04Q10000397|200805|104541.22|0|052|308|||||5.975|0.00||||||||||||||||||||104541.22
F04Q10000397|200806|104397.31|0|053|307|||||5.975|0.00||||||||||||||||||||104397.31
F04Q10000397|200807|104252.68|0|054|306|||||5.975|0.00||||||||||||||||||||104252.68
F04Q10000397|200808|104107.33|0|055|305|||||5.975|0.00||||||||||||||||||||104107.33
F04Q10000397|200809|103961.26|0|056|304|||||5.975|0.00||||||||||||||||||||103961.26
F04Q10000397|200810|103814.46|0|057|303|||||5.975|0.00||||||||||||||||||||103814.46
F04Q10000397|200811|103666.93|0|058|302|||||5.975|0.00||||||||||||||||||||103666.93
F04Q10000397|200812|103518.66|0|059|301|||||5.975|0.00||||||||||||||||||||103518.66
F04Q10000397|200901|103369.66|0|060|300|||||5.975|0.00||||||||||||||||||||103369.66
F04Q10000397|200902|103219.91|0|061|299|||||5.975|0.00||||||||||||||||||||103219.91
F04Q10000397|200903|103069.42|0|062|298|||||5.975|0.00||||||||||||||||||||103069.42
F04Q10000397|200904|102918.18|0|063|297|||||5.975|0.00||||||||||||||||||||102918.18
F04Q10000397|200905|102766.19|0|064|296|||||5.975|0.00||||||||||||||||||||102766.19
F04Q10000397|200906|102766.19|0|065|295|||||5.975|0.00||||||||||||||||||||102766.19
F04Q10000397|200907|102459.93|0|066|294|||||5.975|0.00||||||||||||||||||||102459.93
F04Q10000397|200908|102292.63|0|067|293|||||5.975|0.00||||||||||||||||||||102292.63
F04Q10000397|200909|102137.52|0|068|292|||||5.975|0.00||||||||||||||||||||102137.52
F04Q10000397|200910|101981.64|0|069|291|||||5.975|0.00||||||||||||||||||||101981.64
F04Q10000397|200911|101824.98|0|070|290|||||5.975|0.00||||||||||||||||||||101824.98
F04Q10000397|200912|101667.54|0|071|289|||||5.975|0.00||||||||||||||||||||101667.54
F04Q10000397|201001|101509.32|0|072|288|||||5.975|0.00||||||||||||||||||||101509.32
F04Q10000397|201002|101350.31|0|073|287|||||5.975|0.00||||||||||||||||||||101350.31
F04Q10000397|201003|101190.51|0|074|286|||||5.975|0.00||||||||||||||||||||101190.51
F04Q10000397|201004|0.00|0|075|285|||01|201004|5.975|0.00|||||||||||||||101190.51|||||0.00
F04Q10000461|200402|42000.00|0|000|240|||||6.125|0.00||||||||||||||||||||42000.00
F04Q10000461|200403|42000.00|0|001|239|||||6.125|0.00||||||||||||||||||||42000.00
F04Q10000461|200404|42000.00|0|002|238|||||6.125|0.00||||||||||||||||||||42000.00
F04Q10000461|200405|42000.00|0|003|237|||||6.125|0.00||||||||||||||||||||42000.00
F04Q10000461|200406|42000.00|0|004|236|||||6.125|0.00||||||||||||||||||||42000.00
F04Q10000461|200407|42000.00|0|005|235|||||6.125|0.00||||||||||||||||||||42000.00
F04Q10000461|200408|41000.00|0|006|234|||||6.125|0.00||||||||||||||||||||41000.00
F04Q10000461|200409|41363.38|0|007|233|||||6.125|0.00||||||||||||||||||||41363.38
F04Q10000461|200410|41270.57|0|008|232|||||6.125|0.00||||||||||||||||||||41270.57
F04Q10000461|200411|41177.28|0|009|231|||||6.125|0.00||||||||||||||||||||41177.28
F04Q10000461|200412|41083.52|0|010|230|||||6.125|0.00||||||||||||||||||||41083.52
F04Q10000461|200501|40989.28|0|011|229|||||6.125|0.00||||||||||||||||||||40989.28
F04Q10000461|200502|40894.56|0|012|228|||||6.125|0.00||||||||||||||||||||40894.56
F04Q10000461|200503|0.00|0|013|227|||01|200503|6.125|0.00|||||||||||||||40894.56|||||0.00
F04Q10000484|200401|213000.00|0|000|360|||||6.000|0.00||||||||||||||||||||213000.00
F04Q10000484|200402|213000.00|0|001|359|||||6.000|0.00||||||||||||||||||||213000.00
F04Q10000484|200403|213000.00|0|002|358|||||6.000|0.00||||||||||||||||||||213000.00
F04Q10000484|200404|213000.00|0|003|357|||||6.000|0.00||||||||||||||||||||213000.00
F04Q10000484|200405|212000.00|0|004|356|||||6.000|0.00||||||||||||||||||||212000.00
F04Q10000484|200406|212000.00|0|005|355|||||6.000|0.00||||||||||||||||||||212000.00
F04Q10000484|200407|212000.00|0|006|354|||||6.000|0.00||||||||||||||||||||212000.00
F04Q10000484|200408|211711.75|0|007|353|||||6.000|0.00||||||||||||||||||||211711.75
F04Q10000484|200409|211493.27|0|008|352|||||6.000|0.00||||||||||||||||||||211493.27
F04Q10000484|200410|211053.03|0|009|351|||||6.000|0.00||||||||||||||||||||211053.03
F04Q10000484|200411|211053.03|0|010|350|||||6.000|0.00||||||||||||||||||||211053.03
F04Q10000484|200412|210831.26|0|011|349|||||6.000|0.00||||||||||||||||||||210831.26
F04Q10000484|200501|210384.38|0|012|348|||||6.000|0.00||||||||||||||||||||210384.38
F04Q10000484|200502|210384.38|0|013|347|||||6.000|0.00||||||||||||||||||||210384.38
F04Q10000484|200503|209933.02|0|014|346|||||6.000|0.00||||||||||||||||||||209933.02
F04Q10000484|200504|209705.65|0|015|345|||||6.000|0.00||||||||||||||||||||209705.65
F04Q10000484|200505|209705.65|0|016|344|||||6.000|0.00||||||||||||||||||||209705.65
F04Q10000484|200506|209477.14|0|017|343|||||6.000|0.00||||||||||||||||||||209477.14
F04Q10000484|200507|209016.69|0|018|342|||||6.000|0.00||||||||||||||||||||209016.69
F04Q10000484|200508|208784.73|0|019|341|||||6.000|0.00||||||||||||||||||||208784.73
F04Q10000484|200509|208784.73|0|020|340|||||6.000|0.00||||||||||||||||||||208784.73
F04Q10000484|200510|208317.33|0|021|339|||||6.000|0.00||||||||||||||||||||208317.33
F04Q10000484|200511|208081.88|0|022|338|||||6.000|0.00||||||||||||||||||||208081.88
F04Q10000484|200512|208081.88|0|023|337|||||6.000|0.00||||||||||||||||||||208081.88
F04Q10000484|200601|207607.44|0|024|336|||||6.000|0.00||||||||||||||||||||207607.44
F04Q10000484|200602|207607.44|0|025|335|||||6.000|0.00||||||||||||||||||||207607.44
F04Q10000484|200603|207368.44|0|026|334|||||6.000|0.00||||||||||||||||||||207368.44
F04Q10000484|200604|206886.84|0|027|333|||||6.000|0.00||||||||||||||||||||206886.84
F04Q10000484|200605|206886.84|0|028|332|||||6.000|0.00||||||||||||||||||||206886.84
F04Q10000484|200606|206644.23|0|029|331|||||6.000|0.00||||||||||||||||||||206644.23
F04Q10000484|200607|206155.37|0|030|330|||||6.000|0.00||||||||||||||||||||206155.37
F04Q10000484|200608|206155.37|0|031|329|||||6.000|0.00||||||||||||||||||||206155.37
F04Q10000484|200609|205661.62|0|032|328|||||6.000|0.00||||||||||||||||||||205661.62
F04Q10000484|200610|205661.62|0|033|327|||||6.000|0.00||||||||||||||||||||205661.62
F04Q10000484|200611|205412.89|0|034|326|||||6.000|0.00||||||||||||||||||||205412.89
F04Q10000484|200612|204911.68|0|035|325|||||6.000|0.00||||||||||||||||||||204911.68
F04Q10000484|200701|204911.68|0|036|324|||||6.000|0.00||||||||||||||||||||204911.68
F04Q10000484|200702|204594.87|0|037|323|||||6.000|0.00||||||||||||||||||||204594.87
F04Q10000484|200703|204340.80|0|038|322|||||6.000|0.00||||||||||||||||||||204340.80
F04Q10000484|200704|204085.46|0|039|321|||||6.000|0.00||||||||||||||||||||204085.46
F04Q10000484|200705|203828.85|0|040|320|||||6.000|0.00||||||||||||||||||||203828.85
F04Q10000484|200706|203311.76|0|041|319|||||6.000|0.00||||||||||||||||||||203311.76
F04Q10000484|200707|203311.76|0|042|318|||||6.000|0.00||||||||||||||||||||203311.76
F04Q10000484|200708|203051.28|0|043|317|||||6.000|0.00||||||||||||||||||||203051.28
F04Q10000484|200709|202526.41|0|044|316|||||6.000|0.00||||||||||||||||||||202526.41
F04Q10000484|200710|202526.41|0|045|315|||||6.000|0.00||||||||||||||||||||202526.41
F04Q10000484|200711|202262.00|0|046|314|||||6.000|0.00||||||||||||||||||||202262.00
F04Q10000484|200712|201729.21|0|047|313|||||6.000|0.00||||||||||||||||||||201729.21
F04Q10000484|200801|201729.21|0|048|312|||||6.000|0.00||||||||||||||||||||201729.21
F04Q10000484|200802|201191.08|0|049|311|||||6.000|0.00||||||||||||||||||||201191.08
F04Q10000484|200803|200920.00|0|050|310|||||6.000|0.00||||||||||||||||||||200920.00
F04Q10000484|200804|200920.00|0|051|309|||||6.000|0.00||||||||||||||||||||200920.00
F04Q10000484|200805|200647.56|0|052|308|||||6.000|0.00||||||||||||||||||||200647.56
F04Q10000484|200806|200373.76|0|053|307|||||6.000|0.00||||||||||||||||||||200373.76
F04Q10000484|200807|200098.59|0|054|306|||||6.000|0.00||||||||||||||||||||200098.59
F04Q10000484|200808|199544.11|0|055|305|||||6.000|0.00||||||||||||||||||||199544.11
F04Q10000484|200809|199544.11|0|056|304|||||6.000|0.00||||||||||||||||||||199544.11
F04Q10000484|200810|198984.07|0|057|303|||||6.000|0.00||||||||||||||||||||198984.07
F04Q10000484|200811|198701.95|0|058|302|||||6.000|0.00||||||||||||||||||||198701.95
F04Q10000484|200812|198701.95|0|059|301|||||6.000|0.00||||||||||||||||||||198701.95
F04Q10000484|200901|198418.42|0|060|300|||||6.000|0.00||||||||||||||||||||198418.42
F04Q10000484|200902|197843.37|0|061|299|||||6.000|0.00||||||||||||||||||||197843.37
F04Q10000484|200903|197843.37|0|062|298|||||6.000|0.00||||||||||||||||||||197843.37
F04Q10000484|200904|197555.55|0|063|297|||||6.000|0.00||||||||||||||||||||197555.55
F04Q10000484|200905|196975.58|0|064|296|||||6.000|0.00||||||||||||||||||||196975.58
F04Q10000484|200906|196975.58|0|065|295|||||6.000|0.00||||||||||||||||||||196975.58
F04Q10000484|200907|196683.42|0|066|294|||||6.000|0.00||||||||||||||||||||196683.42
F04Q10000484|200908|196094.71|0|067|293|||||6.000|0.00||||||||||||||||||||196094.71
F04Q10000484|200909|196094.71|0|068|292|||||6.000|0.00||||||||||||||||||||196094.71
F04Q10000484|200910|195798.14|0|069|291|||||6.000|0.00||||||||||||||||||||195798.14
F04Q10000484|200911|195500.09|0|070|290|||||6.000|0.00||||||||||||||||||||195500.09
F04Q10000484|200912|195200.55|0|071|289|||||6.000|0.00||||||||||||||||||||195200.55
F04Q10000484|201001|194596.97|0|072|288|||||6.000|0.00||||||||||||||||||||194596.97
F04Q10000484|201002|194596.97|0|073|287|||||6.000|0.00||||||||||||||||||||194596.97
F04Q10000484|201003|194292.91|0|074|286|||||6.000|0.00||||||||||||||||||||194292.91
F04Q10000484|201004|193987.33|0|075|285|||||6.000|0.00||||||||||||||||||||193987.33
F04Q10000484|201005|193680.23|0|076|284|||||6.000|0.00||||||||||||||||||||193680.23
F04Q10000484|201006|193371.59|0|077|283|||||6.000|0.00||||||||||||||||||||193371.59
F04Q10000484|201007|193061.41|0|078|282|||||6.000|0.00||||||||||||||||||||193061.41
F04Q10000484|201008|192749.68|0|079|281|||||6.000|0.00||||||||||||||||||||192749.68
F04Q10000484|201009|192436.39|0|080|280|||||6.000|0.00||||||||||||||||||||192436.39
F04Q10000484|201010|191805.10|0|081|279|||||6.000|0.00||||||||||||||||||||191805.10
F04Q10000484|201011|191805.10|0|082|278|||||6.000|0.00||||||||||||||||||||191805.10
F04Q10000484|201012|191487.09|0|083|277|||||6.000|0.00||||||||||||||||||||191487.09
F04Q10000484|201101|190846.29|0|084|276|||||6.000|0.00||||||||||||||||||||190846.29
F04Q10000484|201102|190846.29|0|085|275|||||6.000|0.00||||||||||||||||||||190846.29
F04Q10000484|201103|190523.48|0|086|274|||||6.000|0.00||||||||||||||||||||190523.48
F04Q10000484|201104|189872.81|0|087|273|||||6.000|0.00||||||||||||||||||||189872.81
F04Q10000484|201105|189872.81|0|088|272|||||6.000|0.00||||||||||||||||||||189872.81
F04Q10000484|201106|189545.03|0|089|271|||||6.000|0.00||||||||||||||||||||189545.03
F04Q10000484|201107|188884.56|0|090|270|||||6.000|0.00||||||||||||||||||||188884.56
F04Q10000484|201108|188884.56|0|091|269|||||6.000|0.00||||||||||||||||||||188884.56
F04Q10000484|201109|188551.84|0|092|268|||||6.000|0.00||||||||||||||||||||188551.84
F04Q10000484|201110|187881.41|0|093|267|||||6.000|0.00||||||||||||||||||||187881.41
F04Q10000484|201111|187881.41|0|094|266|||||6.000|0.00||||||||||||||||||||187881.41
F04Q10000484|201112|187543.68|0|095|265|||||6.000|0.00||||||||||||||||||||187543.68
F04Q10000484|201201|186863.14|0|096|264|||||6.000|0.00||||||||||||||||||||186863.14
F04Q10000484|201202|186863.14|0|097|263|||||6.000|0.00||||||||||||||||||||186863.14
F04Q10000484|201203|0.00|0|098|262|||01|201203|6.000|0.00|||||||||||||||186863.14|||||0.00
F04Q10000491|200402|321000.00|0|000|360|||||5.750|0.00||||||||||||||||||||321000.00
F04Q10000491|200403|321000.00|0|001|359|||||5.750|0.00||||||||||||||||||||321000.00
F04Q10000491|200404|320000.00|0|002|358|||||5.750|0.00||||||||||||||||||||320000.00
F04Q10000491|200405|320000.00|0|003|357|||||5.750|0.00||||||||||||||||||||320000.00
F04Q10000491|200406|320000.00|0|004|356|||||5.750|0.00||||||||||||||||||||320000.00
F04Q10000491|200407|319000.00|0|005|355|||||5.750|0.00||||||||||||||||||||319000.00
F04Q10000491|200408|319000.00|0|006|354|||||5.750|0.00||||||||||||||||||||319000.00
F04Q10000491|200409|318620.00|0|007|353|||||5.750|0.00||||||||||||||||||||318620.00
F04Q10000491|200410|318273.45|0|008|352|||||5.750|0.00||||||||||||||||||||318273.45
F04Q10000491|200411|317925.24|0|009|351|||||5.750|0.00||||||||||||||||||||317925.24
F04Q10000491|200412|317575.36|0|010|350|||||5.750|0.00||||||||||||||||||||317575.36
F04Q10000491|200501|317223.81|0|011|349|||||5.750|0.00||||||||||||||||||||317223.81
F04Q10000491|200502|316870.57|0|012|348|||||5.750|0.00||||||||||||||||||||316870.57
F04Q10000491|200503|316515.64|0|013|347|||||5.750|0.00||||||||||||||||||||316515.64
F04Q10000491|200504|316159.01|0|014|346|||||5.750|0.00||||||||||||||||||||316159.01
F04Q10000491|200505|315800.67|0|015|345|||||5.750|0.00||||||||||||||||||||315800.67
F04Q10000491|200506|315440.61|0|016|344|||||5.750|0.00||||||||||||||||||||315440.61
F04Q10000491|200507|315078.83|0|017|343|||||5.750|0.00||||||||||||||||||||315078.83
F04Q10000491|200508|314715.31|0|018|342|||||5.750|0.00||||||||||||||||||||314715.31
F04Q10000491|200509|314350.05|0|019|341|||||5.750|0.00||||||||||||||||||||314350.05
F04Q10000491|200510|313983.04|0|020|340|||||5.750|0.00||||||||||||||||||||313983.04
F04Q10000491|200511|313614.27|0|021|339|||||5.750|0.00||||||||||||||||||||313614.27
F04Q10000491|200512|313243.74|0|022|338|||||5.750|0.00||||||||||||||||||||313243.74
F04Q10000491|200601|312871.43|0|023|337|||||5.750|0.00||||||||||||||||||||312871.43
F04Q10000491|200602|312497.34|0|024|336|||||5.750|0.00||||||||||||||||||||312497.34
F04Q10000491|200603|311965.34|0|025|335|||||5.750|0.00||||||||||||||||||||311965.34
F04Q10000491|200604|311430.79|0|026|334|||||5.750|0.00||||||||||||||||||||311430.79
F04Q10000491|200605|310893.68|0|027|333|||||5.750|0.00||||||||||||||||||||310893.68
F04Q10000491|200606|310354.00|0|028|332|||||5.750|0.00||||||||||||||||||||310354.00
F04Q10000491|200607|309811.73|0|029|331|||||5.750|0.00||||||||||||||||||||309811.73
F04Q10000491|200608|309266.86|0|030|330|||||5.750|0.00||||||||||||||||||||309266.86
F04Q10000491|200609|308719.38|0|031|329|||||5.750|0.00||||||||||||||||||||308719.38
F04Q10000491|200610|308169.28|0|032|328|||||5.750|0.00||||||||||||||||||||308169.28
F04Q10000491|200611|307606.54|0|033|327|||||5.750|0.00||||||||||||||||||||307606.54
F04Q10000491|200612|307051.11|0|034|326|||||5.750|0.00||||||||||||||||||||307051.11
F04Q10000491|200701|306493.02|0|035|325|||||5.750|0.00||||||||||||||||||||306493.02
F04Q10000491|200702|305932.25|0|036|324|||||5.750|0.00||||||||||||||||||||305932.25
F04Q10000491|200703|305368.80|0|037|323|||||5.750|0.00||||||||||||||||||||305368.80
F04Q10000491|200704|304802.65|0|038|322|||||5.750|0.00||||||||||||||||||||304802.65
F04Q10000491|200705|304233.78|0|039|321|||||5.750|0.00||||||||||||||||||||304233.78
F04Q10000491|200706|303662.19|0|040|320|||||5.750|0.00||||||||||||||||||||303662.19
F04Q10000491|200707|303087.86|0|041|319|||||5.750|0.00||||||||||||||||||||303087.86
F04Q10000491|200708|302510.78|0|042|318|||||5.750|0.00||||||||||||||||||||302510.78
F04Q10000491|200709|301930.93|0|043|317|||||5.750|0.00||||||||||||||||||||301930.93
F04Q10000491|200710|301348.30|0|044|316|||||5.750|0.00||||||||||||||||||||301348.30
F04Q10000491|200711|300762.88|0|045|315|||||5.750|0.00||||||||||||||||||||300762.88
F04Q10000491|200712|300174.66|0|046|314|||||5.750|0.00||||||||||||||||||||300174.66
F04Q10000491|200801|299583.62|0|047|313|||||5.750|0.00||||||||||||||||||||299583.62
F04Q10000491|200802|298989.74|0|048|312|||||5.750|0.00||||||||||||||||||||298989.74
F04Q10000491|200803|298393.02|0|049|311|||||5.750|0.00||||||||||||||||||||298393.02
F04Q10000491|200804|297793.44|0|050|310|||||5.750|0.00||||||||||||||||||||297793.44
F04Q10000491|200805|297190.99|0|051|309|||||5.750|0.00||||||||||||||||||||297190.99
F04Q10000491|200806|296585.65|0|052|308|||||5.750|0.00||||||||||||||||||||296585.65
F04Q10000491|200807|295977.41|0|053|307|||||5.750|0.00||||||||||||||||||||295977.41
F04Q10000491|200808|295366.26|0|054|306|||||5.750|0.00||||||||||||||||||||295366.26
F04Q10000491|200809|294752.18|0|055|305|||||5.750|0.00||||||||||||||||||||294752.18
F04Q10000491|200810|294135.15|0|056|304|||||5.750|0.00||||||||||||||||||||294135.15
F04Q10000491|200811|293515.17|0|057|303|||||5.750|0.00||||||||||||||||||||293515.17
F04Q10000491|200812|292892.22|0|058|302|||||5.750|0.00||||||||||||||||||||292892.22
F04Q10000491|200901|292266.28|0|059|301|||||5.750|0.00||||||||||||||||||||292266.28
F04Q10000491|200902|291637.34|0|060|300|||||5.750|0.00||||||||||||||||||||291637.34
F04Q10000491|200903|291005.39|0|061|299|||||5.750|0.00||||||||||||||||||||291005.39
F04Q10000491|200904|290370.41|0|062|298|||||5.750|0.00||||||||||||||||||||290370.41
F04Q10000491|200905|289732.39|0|063|297|||||5.750|0.00||||||||||||||||||||289732.39
F04Q10000491|200906|289091.31|0|064|296|||||5.750|0.00||||||||||||||||||||289091.31
F04Q10000491|200907|288447.16|0|065|295|||||5.750|0.00||||||||||||||||||||288447.16
F04Q10000491|200908|0.00|0|066|294|||01|200908|5.750|0.00|||||||||||||||288447.16|||||0.00
F04Q10000520|200402|97000.00|0|000|146|||||5.125|0.00||||||||||||||||||||97000.00
F04Q10000520|200403|97000.00|0|001|145|||||5.125|0.00||||||||||||||||||||97000.00
F04Q10000520|200404|96000.00|0|002|144|||||5.125|0.00||||||||||||||||||||96000.00
F04Q10000520|200405|96000.00|0|003|143|||||5.125|0.00||||||||||||||||||||96000.00
F04Q10000520|200406|96000.00|0|004|142|||||5.125|0.00||||||||||||||||||||96000.00
F04Q10000520|200407|95000.00|0|005|141|||||5.125|0.00||||||||||||||||||||95000.00
F04Q10000520|200408|95000.00|0|006|140|||||5.125|0.00||||||||||||||||||||95000.00
F04Q10000520|200409|94042.44|0|007|139|||||5.125|0.00||||||||||||||||||||94042.44
F04Q10000520|200410|93545.54|0|008|138|||||5.125|0.00||||||||||||||||||||93545.54
F04Q10000520|200411|93046.52|0|009|137|||||5.125|0.00||||||||||||||||||||93046.52
F04Q10000520|200412|92545.37|0|010|136|||||5.125|0.00||||||||||||||||||||92545.37
F04Q10000520|200501|92042.08|0|011|135|||||5.125|0.00||||||||||||||||||||92042.08
F04Q10000520|200502|91532.40|0|012|134|||||5.125|0.00||||||||||||||||||||91532.40
F04Q10000520|200503|89526.10|0|013|133|||||5.125|0.00||||||||||||||||||||89526.10
F04Q10000520|200504|89006.21|0|014|132|||||5.125|0.00||||||||||||||||||||89006.21
F04Q10000520|200505|88484.10|0|015|131|||||5.125|0.00||||||||||||||||||||88484.10
F04Q10000520|200506|87959.76|0|016|130|||||5.125|0.00||||||||||||||||||||87959.76
F04Q10000520|200507|87433.18|0|017|129|||||5.125|0.00||||||||||||||||||||87433.18
F04Q10000520|200508|86904.35|0|018|128|||||5.125|0.00||||||||||||||||||||86904.35
F04Q10000520|200509|86373.26|0|019|127|||||5.125|0.00||||||||||||||||||||86373.26
F04Q10000520|200510|85839.91|0|020|126|||||5.125|0.00||||||||||||||||||||85839.91
F04Q10000520|200511|85304.28|0|021|125|||||5.125|0.00||||||||||||||||||||85304.28
F04Q10000520|200512|84766.36|0|022|124|||||5.125|0.00||||||||||||||||||||84766.36
F04Q10000520|200601|84226.14|0|023|123|||||5.125|0.00||||||||||||||||||||84226.14
F04Q10000520|200602|84226.14|0|024|122|||||5.125|0.00||||||||||||||||||||84226.14
F04Q10000520|200603|82681.77|0|025|121|||||5.125|0.00||||||||||||||||||||82681.77
F04Q10000520|200604|82135.80|0|026|120|||||5.125|0.00||||||||||||||||||||82135.80
F04Q10000520|200605|81587.50|0|027|119|||||5.125|0.00||||||||||||||||||||81587.50
F04Q10000520|200606|81036.86|0|028|118|||||5.125|0.00||||||||||||||||||||81036.86
F04Q10000520|200607|80483.86|0|029|117|||||5.125|0.00||||||||||||||||||||80483.86
F04Q10000520|200608|79928.50|0|030|116|||||5.125|0.00||||||||||||||||||||79928.50
F04Q10000520|200609|79370.77|0|031|115|||||5.125|0.00||||||||||||||||||||79370.77
F04Q10000520|200610|78810.66|0|032|114|||||5.125|0.00||||||||||||||||||||78810.66
F04Q10000520|200611|78248.16|0|033|113|||||5.125|0.00||||||||||||||||||||78248.16
F04Q10000520|200612|77683.25|0|034|112|||||5.125|0.00||||||||||||||||||||77683.25
F04Q10000520|200701|77115.93|0|035|111|||||5.125|0.00||||||||||||||||||||77115.93
F04Q10000520|200702|77115.93|0|036|110|||||5.125|0.00||||||||||||||||||||77115.93
F04Q10000520|200703|75949.22|0|037|109|||||5.125|0.00||||||||||||||||||||75949.22
F04Q10000520|200704|75369.70|0|038|108|||||5.125|0.00||||||||||||||||||||75369.70
F04Q10000520|200705|74787.70|0|039|107|||||5.125|0.00||||||||||||||||||||74787.70
F04Q10000520|200706|74203.22|0|040|106|||||5.125|0.00||||||||||||||||||||74203.22
F04Q10000520|200707|73616.24|0|041|105|||||5.125|0.00||||||||||||||||||||73616.24
F04Q10000520|200708|73026.75|0|042|104|||||5.125|0.00||||||||||||||||||||73026.75
F04Q10000520|200709|72434.75|0|043|103|||||5.125|0.00||||||||||||||||||||72434.75
F04Q10000520|200710|71840.22|0|044|102|||||5.125|0.00||||||||||||||||||||71840.22
F04Q10000520|200711|71243.15|0|045|101|||||5.125|0.00||||||||||||||||||||71243.15
F04Q10000520|200712|70643.53|0|046|100|||||5.125|0.00||||||||||||||||||||70643.53
F04Q10000520|200801|70041.35|0|047|099|||||5.125|0.00||||||||||||||||||||70041.35
F04Q10000520|200802|69436.59|0|048|098|||||5.125|0.00||||||||||||||||||||69436.59
F04Q10000520|200803|68827.02|0|049|097|||||5.125|0.00||||||||||||||||||||68827.02
F04Q10000520|200804|68214.85|0|050|096|||||5.125|0.00||||||||||||||||||||68214.85
F04Q10000520|200805|67600.06|0|051|095|||||5.125|0.00||||||||||||||||||||67600.06
F04Q10000520|200806|66982.65|0|052|094|||||5.125|0.00||||||||||||||||||||66982.65
F04Q10000520|200807|66322.60|0|053|093|||||5.125|0.00||||||||||||||||||||66322.60
F04Q10000520|200808|65659.73|0|054|092|||||5.125|0.00||||||||||||||||||||65659.73
F04Q10000520|200809|65034.03|0|055|091|||||5.125|0.00||||||||||||||||||||65034.03
F04Q10000520|200810|64405.66|0|056|090|||||5.125|0.00||||||||||||||||||||64405.66
F04Q10000520|200811|63774.61|0|057|089|||||5.125|0.00||||||||||||||||||||63774.61
F04Q10000520|200812|63100.86|0|058|088|||||5.125|0.00||||||||||||||||||||63100.86
F04Q10000520|200901|62464.23|0|059|087|||||5.125|0.00||||||||||||||||||||62464.23
F04Q10000520|200902|61824.88|0|060|086|||||5.125|0.00||||||||||||||||||||61824.88
F04Q10000520|200903|61189.12|0|061|085|||||5.125|0.00||||||||||||||||||||61189.12
F04Q10000520|200904|60550.65|0|062|084|||||5.125|0.00||||||||||||||||||||60550.65
F04Q10000520|200905|59904.45|0|063|083|||||5.125|0.00||||||||||||||||||||59904.45
F04Q10000520|200906|59255.49|0|064|082|||||5.125|0.00||||||||||||||||||||59255.49
F04Q10000520|200907|59255.49|0|065|081|||||5.125|0.00||||||||||||||||||||59255.49
F04Q10000520|200908|57954.27|0|066|080|||||5.125|0.00||||||||||||||||||||57954.27
F04Q10000520|200909|57301.98|0|067|079|||||5.125|0.00||||||||||||||||||||57301.98
F04Q10000520|200910|56646.91|0|068|078|||||5.125|0.00||||||||||||||||||||56646.91
F04Q10000520|200911|55974.04|0|069|077|||||5.125|0.00||||||||||||||||||||55974.04
F04Q10000520|200912|55298.30|0|070|076|||||5.125|0.00||||||||||||||||||||55298.30
F04Q10000520|201001|54634.67|0|071|075|||||5.125|0.00||||||||||||||||||||54634.67
F04Q10000520|201002|53968.21|0|072|074|||||5.125|0.00||||||||||||||||||||53968.21
F04Q10000520|201003|53295.23|0|073|073|||||5.125|0.00||||||||||||||||||||53295.23
F04Q10000520|201004|52619.38|0|074|072|||||5.125|0.00||||||||||||||||||||52619.38
F04Q10000520|201005|52619.38|0|075|071|||||5.125|0.00||||||||||||||||||||52619.38
F04Q10000520|201006|51263.95|0|076|070|||||5.125|0.00||||||||||||||||||||51263.95
F04Q10000520|201007|50579.42|0|077|069|||||5.125|0.00||||||||||||||||||||50579.42
F04Q10000520|201008|49891.97|0|078|068|||||5.125|0.00||||||||||||||||||||49891.97
F04Q10000520|201009|49201.58|0|079|067|||||5.125|0.00||||||||||||||||||||49201.58
F04Q10000520|201010|48508.24|0|080|066|||||5.125|0.00||||||||||||||||||||48508.24
F04Q10000520|201011|47806.94|0|081|065|||||5.125|0.00||||||||||||||||||||47806.94
F04Q10000520|201012|47102.65|0|082|064|||||5.125|0.00||||||||||||||||||||47102.65
F04Q10000520|201101|46395.35|0|083|063|||||5.125|0.00||||||||||||||||||||46395.35
F04Q10000520|201102|45685.03|0|084|062|||||5.125|0.00||||||||||||||||||||45685.03
F04Q10000520|201103|44957.51|0|085|061|||||5.125|0.00||||||||||||||||||||44957.51
F04Q10000520|201104|44226.89|0|086|060|||||5.125|0.00||||||||||||||||||||44226.89
F04Q10000520|201105|43493.15|0|087|059|||||5.125|0.00||||||||||||||||||||43493.15
F04Q10000520|201106|42756.27|0|088|058|||||5.125|0.00||||||||||||||||||||42756.27
F04Q10000520|201107|42016.24|0|089|057|||||5.125|0.00||||||||||||||||||||42016.24
F04Q10000520|201108|0.00|0|090|056|||01|201108|5.125|0.00|||||||||||||||42016.24|||||0.00
F04Q10000534|200402|111000.00|0|000|360|||||5.875|0.00||||||||||||||||||||111000.00
F04Q10000534|200403|111000.00|0|001|359|||||5.875|0.00||||||||||||||||||||111000.00
F04Q10000534|200404|110000.00|0|002|358|||||5.875|0.00||||||||||||||||||||110000.00
F04Q10000534|200405|110000.00|0|003|357|||||5.875|0.00||||||||||||||||||||110000.00
F04Q10000534|200406|110000.00|0|004|356|||||5.875|0.00||||||||||||||||||||110000.00
F04Q10000534|200407|110000.00|0|005|355|||||5.875|0.00||||||||||||||||||||110000.00
F04Q10000534|200408|110000.00|0|006|354|||||5.875|0.00||||||||||||||||||||110000.00
F04Q10000534|200409|109562.74|0|007|353|||||5.875|0.00||||||||||||||||||||109562.74
F04Q10000534|200410|109444.90|0|008|352|||||5.875|0.00||||||||||||||||||||109444.90
F04Q10000534|200411|109326.48|0|009|351|||||5.875|0.00||||||||||||||||||||109326.48
F04Q10000534|200412|109207.48|0|010|350|||||5.875|0.00||||||||||||||||||||109207.48
F04Q10000534|200501|0.00|0|011|349|||01|200501|5.875|0.00|||||||||||||||109207.48|||||0.00
F04Q10000676|200402|275000.00|0|000|360|||||5.875|0.00||||||||||||||||||||275000.00
F04Q10000676|200403|275000.00|0|001|359|||||5.875|0.00||||||||||||||||||||275000.00
F04Q10000676|200404|274000.00|0|002|358|||||5.875|0.00||||||||||||||||||||274000.00
F04Q10000676|200405|274000.00|0|003|357|||||5.875|0.00||||||||||||||||||||274000.00
F04Q10000676|200406|274000.00|0|004|356|||||5.875|0.00||||||||||||||||||||274000.00
F04Q10000676|200407|274000.00|0|005|355|||||5.875|0.00||||||||||||||||||||274000.00
F04Q10000676|200408|273000.00|0|006|354|||||5.875|0.00||||||||||||||||||||273000.00
F04Q10000676|200409|273004.33|0|007|353|||||5.875|0.00||||||||||||||||||||273004.33
F04Q10000676|200410|272714.18|0|008|352|||||5.875|0.00||||||||||||||||||||272714.18
F04Q10000676|200411|272422.61|0|009|351|||||5.875|0.00||||||||||||||||||||272422.61
F04Q10000676|200412|272129.62|0|010|350|||||5.875|0.00||||||||||||||||||||272129.62
F04Q10000676|200501|271835.19|0|011|349|||||5.875|0.00||||||||||||||||||||271835.19
F04Q10000676|200502|271835.19|0|012|348|||||5.875|0.00||||||||||||||||||||271835.19
F04Q10000676|200503|271242.00|0|013|347|||||5.875|0.00||||||||||||||||||||271242.00
F04Q10000676|200504|270943.23|0|014|346|||||5.875|0.00||||||||||||||||||||270943.23
F04Q10000676|200505|270642.99|0|015|345|||||5.875|0.00||||||||||||||||||||270642.99
F04Q10000676|200506|270341.28|0|016|344|||||5.875|0.00||||||||||||||||||||270341.28
F04Q10000676|200507|270038.10|0|017|343|||||5.875|0.00||||||||||||||||||||270038.10
F04Q10000676|200508|269733.43|0|018|342|||||5.875|0.00||||||||||||||||||||269733.43
F04Q10000676|200509|0.00|0|019|341|||01|200509|5.875|0.00|||||||||||||||269733.43|||||0.00
F04Q10000704|200402|190000.00|0|000|240|||||5.875|0.00||||||||||||||||||||190000.00
F04Q10000704|200403|190000.00|0|001|239|||||5.875|0.00||||||||||||||||||||190000.00
F04Q10000704|200404|189000.00|0|002|238|||||5.875|0.00||||||||||||||||||||189000.00
F04Q10000704|200405|189000.00|0|003|237|||||5.875|0.00||||||||||||||||||||189000.00
F04Q10000704|200406|189000.00|0|004|236|||||5.875|0.00||||||||||||||||||||189000.00
F04Q10000704|200407|188000.00|0|005|235|||||5.875|0.00||||||||||||||||||||188000.00
F04Q10000704|200408|188000.00|0|006|234|||||5.875|0.00||||||||||||||||||||188000.00
F04Q10000704|200409|187330.65|0|007|233|||||5.875|0.00||||||||||||||||||||187330.65
F04Q10000704|200410|186898.11|0|008|232|||||5.875|0.00||||||||||||||||||||186898.11
F04Q10000704|200411|186463.45|0|009|231|||||5.875|0.00||||||||||||||||||||186463.45
F04Q10000704|200412|186026.66|0|010|230|||||5.875|0.00||||||||||||||||||||186026.66
F04Q10000704|200501|185587.74|0|011|229|||||5.875|0.00||||||||||||||||||||185587.74
F04Q10000704|200502|185146.67|0|012|228|||||5.875|0.00||||||||||||||||||||185146.67
F04Q10000704|200503|184703.44|0|013|227|||||5.875|0.00||||||||||||||||||||184703.44
F04Q10000704|200504|184258.04|0|014|226|||||5.875|0.00||||||||||||||||||||184258.04
F04Q10000704|200505|183810.46|0|015|225|||||5.875|0.00||||||||||||||||||||183810.46
F04Q10000704|200506|183360.69|0|016|224|||||5.875|0.00||||||||||||||||||||183360.69
F04Q10000704|200507|182908.71|0|017|223|||||5.875|0.00||||||||||||||||||||182908.71
F04Q10000704|200508|182454.52|0|018|222|||||5.875|0.00||||||||||||||||||||182454.52
F04Q10000704|200509|181998.11|0|019|221|||||5.875|0.00||||||||||||||||||||181998.11
F04Q10000704|200510|181539.46|0|020|220|||||5.875|0.00||||||||||||||||||||181539.46
F04Q10000704|200511|181078.57|0|021|219|||||5.875|0.00||||||||||||||||||||181078.57
F04Q10000704|200512|180615.42|0|022|218|||||5.875|0.00||||||||||||||||||||180615.42
F04Q10000704|200601|180150.00|0|023|217|||||5.875|0.00||||||||||||||||||||180150.00
F04Q10000704|200602|179682.30|0|024|216|||||5.875|0.00||||||||||||||||||||179682.30
F04Q10000704|200603|179212.31|0|025|215|||||5.875|0.00||||||||||||||||||||179212.31
F04Q10000704|200604|178740.02|0|026|214|||||5.875|0.00||||||||||||||||||||178740.02
F04Q10000704|200605|178265.42|0|027|213|||||5.875|0.00||||||||||||||||||||178265.42
F04Q10000704|200606|177788.50|0|028|212|||||5.875|0.00||||||||||||||||||||177788.50
F04Q10000704|200607|177309.24|0|029|211|||||5.875|0.00||||||||||||||||||||177309.24
F04Q10000704|200608|176827.64|0|030|210|||||5.875|0.00||||||||||||||||||||176827.64
F04Q10000704|200609|176343.68|0|031|209|||||5.875|0.00||||||||||||||||||||176343.68
F04Q10000704|200610|175857.35|0|032|208|||||5.875|0.00||||||||||||||||||||175857.35
F04Q10000704|200611|175368.64|0|033|207|||||5.875|0.00||||||||||||||||||||175368.64
F04Q10000704|200612|174877.54|0|034|206|||||5.875|0.00||||||||||||||||||||174877.54
F04Q10000704|200701|174384.03|0|035|205|||||5.875|0.00||||||||||||||||||||174384.03
F04Q10000704|200702|173888.11|0|036|204|||||5.875|0.00||||||||||||||||||||173888.11
F04Q10000704|200703|173389.76|0|037|203|||||5.875|0.00||||||||||||||||||||173389.76
F04Q10000704|200704|172888.77|0|038|202|||||5.875|0.00||||||||||||||||||||172888.77
F04Q10000704|200705|172385.52|0|039|201|||||5.875|0.00||||||||||||||||||||172385.52
F04Q10000704|200706|171879.81|0|040|200|||||5.875|0.00||||||||||||||||||||171879.81
F04Q10000704|200707|171371.62|0|041|199|||||5.875|0.00||||||||||||||||||||171371.62
F04Q10000704|200708|170860.95|0|042|198|||||5.875|0.00||||||||||||||||||||170860.95
F04Q10000704|200709|170347.78|0|043|197|||||5.875|0.00||||||||||||||||||||170347.78
F04Q10000704|200710|169832.09|0|044|196|||||5.875|0.00||||||||||||||||||||169832.09
F04Q10000704|200711|169313.88|0|045|195|||||5.875|0.00||||||||||||||||||||169313.88
F04Q10000704|200712|168793.13|0|046|194|||||5.875|0.00||||||||||||||||||||168793.13
F04Q10000704|200801|168269.83|0|047|193|||||5.875|0.00||||||||||||||||||||168269.83
F04Q10000704|200802|167743.97|0|048|192|||||5.875|0.00||||||||||||||||||||167743.97
F04Q10000704|200803|167115.54|0|049|191|||||5.875|0.00||||||||||||||||||||167115.54
F04Q10000704|200804|166584.03|0|050|190|||||5.875|0.00||||||||||||||||||||166584.03
F04Q10000704|200805|166049.92|0|051|189|||||5.875|0.00||||||||||||||||||||166049.92
F04Q10000704|200806|165513.19|0|052|188|||||5.875|0.00||||||||||||||||||||165513.19
F04Q10000704|200807|164883.83|0|053|187|||||5.875|0.00||||||||||||||||||||164883.83
F04Q10000704|200808|164341.39|0|054|186|||||5.875|0.00||||||||||||||||||||164341.39
F04Q10000704|200809|163796.30|0|055|185|||||5.875|0.00||||||||||||||||||||163796.30
F04Q10000704|200810|163248.54|0|056|184|||||5.875|0.00||||||||||||||||||||163248.54
F04Q10000704|200811|162698.10|0|057|183|||||5.875|0.00||||||||||||||||||||162698.10
F04Q10000704|200812|162044.96|0|058|182|||||5.875|0.00||||||||||||||||||||162044.96
F04Q10000704|200901|161488.63|0|059|181|||||5.875|0.00||||||||||||||||||||161488.63
F04Q10000704|200902|160929.57|0|060|180|||||5.875|0.00||||||||||||||||||||160929.57
F04Q10000704|200903|160267.77|0|061|179|||||5.875|0.00||||||||||||||||||||160267.77
F04Q10000704|200904|159602.73|0|062|178|||||5.875|0.00||||||||||||||||||||159602.73
F04Q10000704|200905|158934.44|0|063|177|||||5.875|0.00||||||||||||||||||||158934.44
F04Q10000704|200906|158262.88|0|064|176|||||5.875|0.00||||||||||||||||||||158262.88
F04Q10000704|200907|157588.03|0|065|175|||||5.875|0.00||||||||||||||||||||157588.03
F04Q10000704|200908|156909.87|0|066|174|||||5.875|0.00||||||||||||||||||||156909.87
F04Q10000704|200909|156328.39|0|067|173|||||5.875|0.00||||||||||||||||||||156328.39
F04Q10000704|200910|155744.07|0|068|172|||||5.875|0.00||||||||||||||||||||155744.07
F04Q10000704|200911|155156.89|0|069|171|||||5.875|0.00||||||||||||||||||||155156.89
F04Q10000704|200912|154566.83|0|070|170|||||5.875|0.00||||||||||||||||||||154566.83
F04Q10000704|201001|153973.88|0|071|169|||||5.875|0.00||||||||||||||||||||153973.88
F04Q10000704|201002|153378.03|0|072|168|||||5.875|0.00||||||||||||||||||||153378.03
F04Q10000704|201003|152679.26|0|073|167|||||5.875|0.00||||||||||||||||||||152679.26
F04Q10000704|201004|152077.07|0|074|166|||||5.875|0.00||||||||||||||||||||152077.07
F04Q10000704|201005|151471.93|0|075|165|||||5.875|0.00||||||||||||||||||||151471.93
F04Q10000704|201006|150863.83|0|076|164|||||5.875|0.00||||||||||||||||||||150863.83
F04Q10000704|201007|150252.75|0|077|163|||||5.875|0.00||||||||||||||||||||150252.75
F04Q10000704|201008|149638.68|0|078|162|||||5.875|0.00||||||||||||||||||||149638.68
F04Q10000704|201009|149021.61|0|079|161|||||5.875|0.00||||||||||||||||||||149021.61
F04Q10000704|201010|148401.51|0|080|160|||||5.875|0.00||||||||||||||||||||148401.51
F04Q10000704|201011|147778.38|0|081|159|||||5.875|0.00||||||||||||||||||||147778.38
F04Q10000704|201012|147152.20|0|082|158|||||5.875|0.00||||||||||||||||||||147152.20
F04Q10000704|201101|146522.95|0|083|157|||||5.875|0.00||||||||||||||||||||146522.95
F04Q10000704|201102|145890.62|0|084|156|||||5.875|0.00||||||||||||||||||||145890.62
F04Q10000704|201103|145155.20|0|085|155|||||5.875|0.00||||||||||||||||||||145155.20
F04Q10000704|201104|144416.18|0|086|154|||||5.875|0.00||||||||||||||||||||144416.18
F04Q10000704|201105|143773.54|0|087|153|||||5.875|0.00||||||||||||||||||||143773.54
F04Q10000704|201106|143127.75|0|088|152|||||5.875|0.00||||||||||||||||||||143127.75
F04Q10000704|201107|0.00|0|089|151|||01|201107|5.875|0.00|||||||||||||||143127.75|||||0.00
F04Q10000754|200402|200000.00|0|000|240|||||5.500|0.00||||||||||||||||||||200000.00
F04Q10000754|200403|200000.00|0|001|239|||||5.500|0.00||||||||||||||||||||200000.00
F04Q10000754|200404|199000.00|0|002|238|||||5.500|0.00||||||||||||||||||||199000.00
F04Q10000754|200405|199000.00|0|003|237|||||5.500|0.00||||||||||||||||||||199000.00
F04Q10000754|200406|198000.00|0|004|236|||||5.500|0.00||||||||||||||||||||198000.00
F04Q10000754|200407|198000.00|0|005|235|||||5.500|0.00||||||||||||||||||||198000.00
F04Q10000754|200408|197000.00|0|006|234|||||5.500|0.00||||||||||||||||||||197000.00
F04Q10000754|200409|196569.79|0|007|233|||||5.500|0.00||||||||||||||||||||196569.79
F04Q10000754|200410|196070.73|0|008|232|||||5.500|0.00||||||||||||||||||||196070.73
F04Q10000754|200411|195569.39|0|009|231|||||5.500|0.00||||||||||||||||||||195569.39
F04Q10000754|200412|195065.75|0|010|230|||||5.500|0.00||||||||||||||||||||195065.75
F04Q10000754|200501|194559.80|0|011|229|||||5.500|0.00||||||||||||||||||||194559.80
F04Q10000754|200502|194051.53|0|012|228|||||5.500|0.00||||||||||||||||||||194051.53
F04Q10000754|200503|193540.93|0|013|227|||||5.500|0.00||||||||||||||||||||193540.93
F04Q10000754|200504|193027.99|0|014|226|||||5.500|0.00||||||||||||||||||||193027.99
F04Q10000754|200505|192512.70|0|015|225|||||5.500|0.00||||||||||||||||||||192512.70
F04Q10000754|200506|191995.05|0|016|224|||||5.500|0.00||||||||||||||||||||191995.05
F04Q10000754|200507|191475.03|0|017|223|||||5.500|0.00||||||||||||||||||||191475.03
F04Q10000754|200508|190952.62|0|018|222|||||5.500|0.00||||||||||||||||||||190952.62
F04Q10000754|200509|190427.82|0|019|221|||||5.500|0.00||||||||||||||||||||190427.82
F04Q10000754|200510|189900.61|0|020|220|||||5.500|0.00||||||||||||||||||||189900.61
F04Q10000754|200511|189370.99|0|021|219|||||5.500|0.00||||||||||||||||||||189370.99
F04Q10000754|200512|188838.94|0|022|218|||||5.500|0.00||||||||||||||||||||188838.94
F04Q10000754|200601|188304.45|0|023|217|||||5.500|0.00||||||||||||||||||||188304.45
F04Q10000754|200602|187767.51|0|024|216|||||5.500|0.00||||||||||||||||||||187767.51
F04Q10000754|200603|187228.11|0|025|215|||||5.500|0.00||||||||||||||||||||187228.11
F04Q10000754|200604|186686.24|0|026|214|||||5.500|0.00||||||||||||||||||||186686.24
F04Q10000754|200605|186141.89|0|027|213|||||5.500|0.00||||||||||||||||||||186141.89
F04Q10000754|200606|185595.04|0|028|212|||||5.500|0.00||||||||||||||||||||185595.04
F04Q10000754|200607|185045.68|0|029|211|||||5.500|0.00||||||||||||||||||||185045.68
F04Q10000754|200608|184493.81|0|030|210|||||5.500|0.00||||||||||||||||||||184493.81
F04Q10000754|200609|183939.41|0|031|209|||||5.500|0.00||||||||||||||||||||183939.41
F04Q10000754|200610|183382.47|0|032|208|||||5.500|0.00||||||||||||||||||||183382.47
F04Q10000754|200611|182822.97|0|033|207|||||5.500|0.00||||||||||||||||||||182822.97
F04Q10000754|200612|182260.91|0|034|206|||||5.500|0.00||||||||||||||||||||182260.91
F04Q10000754|200701|181696.27|0|035|205|||||5.500|0.00||||||||||||||||||||181696.27
F04Q10000754|200702|181129.04|0|036|204|||||5.500|0.00||||||||||||||||||||181129.04
F04Q10000754|200703|180559.21|0|037|203|||||5.500|0.00||||||||||||||||||||180559.21
F04Q10000754|200704|179986.77|0|038|202|||||5.500|0.00||||||||||||||||||||179986.77
F04Q10000754|200705|179411.71|0|039|201|||||5.500|0.00||||||||||||||||||||179411.71
F04Q10000754|200706|178834.01|0|040|200|||||5.500|0.00||||||||||||||||||||178834.01
F04Q10000754|200707|178253.67|0|041|199|||||5.500|0.00||||||||||||||||||||178253.67
F04Q10000754|200708|177670.67|0|042|198|||||5.500|0.00||||||||||||||||||||177670.67
F04Q10000754|200709|177084.99|0|043|197|||||5.500|0.00||||||||||||||||||||177084.99
F04Q10000754|200710|176496.63|0|044|196|||||5.500|0.00||||||||||||||||||||176496.63
F04Q10000754|200711|175905.57|0|045|195|||||5.500|0.00||||||||||||||||||||175905.57
F04Q10000754|200712|175311.80|0|046|194|||||5.500|0.00||||||||||||||||||||175311.80
F04Q10000754|200801|174715.31|0|047|193|||||5.500|0.00||||||||||||||||||||174715.31
F04Q10000754|200802|174116.09|0|048|192|||||5.500|0.00||||||||||||||||||||174116.09
F04Q10000754|200803|173514.12|0|049|191|||||5.500|0.00||||||||||||||||||||173514.12
F04Q10000754|200804|172909.39|0|050|190|||||5.500|0.00||||||||||||||||||||172909.39
F04Q10000754|200805|172301.89|0|051|189|||||5.500|0.00||||||||||||||||||||172301.89
F04Q10000754|200806|171691.61|0|052|188|||||5.500|0.00||||||||||||||||||||171691.61
F04Q10000754|200807|171078.53|0|053|187|||||5.500|0.00||||||||||||||||||||171078.53
F04Q10000754|200808|170462.64|0|054|186|||||5.500|0.00||||||||||||||||||||170462.64
F04Q10000754|200809|169843.93|0|055|185|||||5.500|0.00||||||||||||||||||||169843.93
F04Q10000754|200810|169222.38|0|056|184|||||5.500|0.00||||||||||||||||||||169222.38
F04Q10000754|200811|168597.98|0|057|183|||||5.500|0.00||||||||||||||||||||168597.98
F04Q10000754|200812|167970.72|0|058|182|||||5.500|0.00||||||||||||||||||||167970.72
F04Q10000754|200901|167340.59|0|059|181|||||5.500|0.00||||||||||||||||||||167340.59
F04Q10000754|200902|166707.57|0|060|180|||||5.500|0.00||||||||||||||||||||166707.57
F04Q10000754|200903|166071.65|0|061|179|||||5.500|0.00||||||||||||||||||||166071.65
F04Q10000754|200904|165432.81|0|062|178|||||5.500|0.00||||||||||||||||||||165432.81
F04Q10000754|200905|164791.04|0|063|177|||||5.500|0.00||||||||||||||||||||164791.04
F04Q10000754|200906|164146.33|0|064|176|||||5.500|0.00||||||||||||||||||||164146.33
F04Q10000754|200907|163498.67|0|065|175|||||5.500|0.00||||||||||||||||||||163498.67
F04Q10000754|200908|162848.04|0|066|174|||||5.500|0.00||||||||||||||||||||162848.04
F04Q10000754|200909|162194.43|0|067|173|||||5.500|0.00||||||||||||||||||||162194.43
F04Q10000754|200910|161537.82|0|068|172|||||5.500|0.00||||||||||||||||||||161537.82
F04Q10000754|200911|160878.20|0|069|171|||||5.500|0.00||||||||||||||||||||160878.20
F04Q10000754|200912|160215.56|0|070|170|||||5.500|0.00||||||||||||||||||||160215.56
F04Q10000754|201001|148949.88|0|071|169|||||5.500|0.00||||||||||||||||||||148949.88
F04Q10000754|201002|148232.57|0|072|168|||||5.500|0.00||||||||||||||||||||148232.57
F04Q10000754|201003|142511.97|0|073|167|||||5.500|0.00||||||||||||||||||||142511.97
F04Q10000754|201004|123765.15|0|074|166|||||5.500|0.00||||||||||||||||||||123765.15
F04Q10000754|201005|122932.41|0|075|165|||||5.500|0.00||||||||||||||||||||122932.41
F04Q10000754|201006|122095.85|0|076|164|||||5.500|0.00||||||||||||||||||||122095.85
F04Q10000754|201007|121255.46|0|077|163|||||5.500|0.00||||||||||||||||||||121255.46
F04Q10000754|201008|105411.21|0|078|162|||||5.500|0.00||||||||||||||||||||105411.21
F04Q10000754|201009|104494.34|0|079|161|||||5.500|0.00||||||||||||||||||||104494.34
F04Q10000754|201010|103573.27|0|080|160|||||5.500|0.00||||||||||||||||||||103573.27
F04Q10000754|201011|102647.98|0|081|159|||||5.500|0.00||||||||||||||||||||102647.98
F04Q10000754|201012|86718.45|0|082|158|||||5.500|0.00||||||||||||||||||||86718.45
F04Q10000754|201101|85715.91|0|083|157|||||5.500|0.00||||||||||||||||||||85715.91
F04Q10000754|201102|84708.77|0|084|156|||||5.500|0.00||||||||||||||||||||84708.77
F04Q10000754|201103|83697.02|0|085|155|||||5.500|0.00||||||||||||||||||||83697.02
F04Q10000754|201104|82680.63|0|086|154|||||5.500|0.00||||||||||||||||||||82680.63
F04Q10000754|201105|81659.58|0|087|153|||||5.500|0.00||||||||||||||||||||81659.58
F04Q10000754|201106|80633.85|0|088|152|||||5.500|0.00||||||||||||||||||||80633.85
F04Q10000754|201107|79603.42|0|089|151|||||5.500|0.00||||||||||||||||||||79603.42
F04Q10000754|201108|78568.27|0|090|150|||||5.500|0.00||||||||||||||||||||78568.27
F04Q10000754|201109|77528.37|0|091|149|||||5.500|0.00||||||||||||||||||||77528.37
F04Q10000754|201110|69483.71|0|092|148|||||5.500|0.00||||||||||||||||||||69483.71
F04Q10000754|201111|68402.18|0|093|147|||||5.500|0.00||||||||||||||||||||68402.18
F04Q10000754|201112|67315.69|0|094|146|||||5.500|0.00||||||||||||||||||||67315.69
F04Q10000754|201201|66224.22|0|095|145|||||5.500|0.00||||||||||||||||||||66224.22
F04Q10000754|201202|50127.75|0|096|144|||||5.500|0.00||||||||||||||||||||50127.75
F04Q10000754|201203|48957.50|0|097|143|||||5.500|0.00||||||||||||||||||||48957.50
F04Q10000754|201204|47781.89|0|098|142|||||5.500|0.00||||||||||||||||||||47781.89
F04Q10000754|201205|46600.89|0|099|141|||||5.500|0.00||||||||||||||||||||46600.89
F04Q10000754|201206|45414.48|0|100|140|||||5.500|0.00||||||||||||||||||||45414.48
F04Q10000754|201207|44222.63|0|101|139|||||5.500|0.00||||||||||||||||||||44222.63
F04Q10000754|201208|43025.32|0|102|138|||||5.500|0.00||||||||||||||||||||43025.32
F04Q10000754|201209|41822.52|0|103|137|||||5.500|0.00||||||||||||||||||||41822.52
F04Q10000754|201210|40614.21|0|104|136|||||5.500|0.00||||||||||||||||||||40614.21
F04Q10000754|201211|39400.36|0|105|135|||||5.500|0.00||||||||||||||||||||39400.36
F04Q10000754|201212|38180.94|0|106|134|||||5.500|0.00||||||||||||||||||||38180.94
F04Q10000754|201301|36955.94|0|107|133|||||5.500|0.00||||||||||||||||||||36955.94
F04Q10000754|201302|35725.32|0|108|132|||||5.500|0.00||||||||||||||||||||35725.32
F04Q10000754|201303|34489.06|0|109|131|||||5.500|0.00||||||||||||||||||||34489.06
F04Q10000754|201304|33247.13|0|110|130|||||5.500|0.00||||||||||||||||||||33247.13
F04Q10000754|201305|31999.51|0|111|129|||||5.500|0.00||||||||||||||||||||31999.51
F04Q10000754|201306|30746.17|0|112|128|||||5.500|0.00||||||||||||||||||||30746.17
F04Q10000754|201307|29487.09|0|113|127|||||5.500|0.00||||||||||||||||||||29487.09
F04Q10000754|201308|28222.24|0|114|126|||||5.500|0.00||||||||||||||||||||28222.24
F04Q10000754|201309|26951.59|0|115|125|||||5.500|0.00||||||||||||||||||||26951.59
F04Q10000754|201310|25675.12|0|116|124|||||5.500|0.00||||||||||||||||||||25675.12
F04Q10000754|201311|24392.80|0|117|123|||||5.500|0.00||||||||||||||||||||24392.80
F04Q10000754|201312|23104.60|0|118|122|||||5.500|0.00||||||||||||||||||||23104.60
F04Q10000754|201401|21810.50|0|119|121|||||5.500|0.00||||||||||||||||||||21810.50
F04Q10000754|201402|20510.46|0|120|120|||||5.500|0.00||||||||||||||||||||20510.46
F04Q10000754|201403|19204.47|0|121|119|||||5.500|0.00||||||||||||||||||||19204.47
F04Q10000754|201404|17892.49|0|122|118|||||5.500|0.00||||||||||||||||||||17892.49
F04Q10000754|201405|16574.50|0|123|117|||||5.500|0.00||||||||||||||||||||16574.50
F04Q10000754|201406|15250.47|0|124|116|||||5.500|0.00||||||||||||||||||||15250.47
F04Q10000754|201407|13920.37|0|125|115|||||5.500|0.00||||||||||||||||||||13920.37
F04Q10000754|201408|12584.17|0|126|114|||||5.500|0.00||||||||||||||||||||12584.17
F04Q10000754|201409|11241.85|0|127|113|||||5.500|0.00||||||||||||||||||||11241.85
F04Q10000754|201410|9893.38|0|128|112|||||5.500|0.00||||||||||||||||||||9893.38
F04Q10000754|201411|8538.72|0|129|111|||||5.500|0.00||||||||||||||||||||8538.72
F04Q10000754|201412|7177.86|0|130|110|||||5.500|0.00||||||||||||||||||||7177.86
F04Q10000754|201501|5810.76|0|131|109|||||5.500|0.00||||||||||||||||||||5810.76
F04Q10000754|201502|4437.39|0|132|108|||||5.500|0.00||||||||||||||||||||4437.39
F04Q10000754|201503|3057.73|0|133|107|||||5.500|0.00||||||||||||||||||||3057.73
F04Q10000754|201504|1671.74|0|134|106|||||5.500|0.00||||||||||||||||||||1671.74
F04Q10000754|201505|0.00|0|135|105|||01|201505|5.500|0.00|||||||||||||||1671.74|||||0.00
F04Q10000810|200402|71000.00|0|000|360|||||7.125|0.00||||||||||||||||||||71000.00
F04Q10000810|200403|71000.00|0|001|359|||||7.125|0.00||||||||||||||||||||71000.00
F04Q10000810|200404|71000.00|0|002|358|||||7.125|0.00||||||||||||||||||||71000.00
F04Q10000810|200405|71000.00|0|003|357|||||7.125|0.00||||||||||||||||||||71000.00
F04Q10000810|200406|71000.00|0|004|356|||||7.125|0.00||||||||||||||||||||71000.00
F04Q10000810|200407|71000.00|0|005|355|||||7.125|0.00||||||||||||||||||||71000.00
F04Q10000810|200408|71000.00|0|006|354|||||7.125|0.00||||||||||||||||||||71000.00
F04Q10000810|200409|70654.08|0|007|353|||||7.125|0.00||||||||||||||||||||70654.08
F04Q10000810|200410|70536.01|0|008|352|||||7.125|0.00||||||||||||||||||||70536.01
F04Q10000810|200411|70476.45|0|009|351|||||7.125|0.00||||||||||||||||||||70476.45
F04Q10000810|200412|70476.45|0|010|350|||||7.125|0.00||||||||||||||||||||70476.45
F04Q10000810|200501|70416.55|0|011|349|||||7.125|0.00||||||||||||||||||||70416.55
F04Q10000810|200502|70356.28|0|012|348|||||7.125|0.00||||||||||||||||||||70356.28
F04Q10000810|200503|70234.68|0|013|347|||||7.125|0.00||||||||||||||||||||70234.68
F04Q10000810|200504|70173.35|0|014|346|||||7.125|0.00||||||||||||||||||||70173.35
F04Q10000810|200505|70111.65|0|015|345|||||7.125|0.00||||||||||||||||||||70111.65
F04Q10000810|200506|70049.59|0|016|344|||||7.125|0.00||||||||||||||||||||70049.59
F04Q10000810|200507|69987.16|0|017|343|||||7.125|0.00||||||||||||||||||||69987.16
F04Q10000810|200508|69987.16|0|018|342|||||7.125|0.00||||||||||||||||||||69987.16
F04Q10000810|200509|69861.19|0|019|341|||||7.125|0.00||||||||||||||||||||69861.19
F04Q10000810|200510|69797.64|0|020|340|||||7.125|0.00||||||||||||||||||||69797.64
F04Q10000810|200511|69733.71|0|021|339|||||7.125|0.00||||||||||||||||||||69733.71
F04Q10000810|200512|69669.40|0|022|338|||||7.125|0.00||||||||||||||||||||69669.40
F04Q10000810|200601|69669.40|0|023|337|||||7.125|0.00||||||||||||||||||||69669.40
F04Q10000810|200602|69539.64|0|024|336|||||7.125|0.00||||||||||||||||||||69539.64
F04Q10000810|200603|69474.18|0|025|335|||||7.125|0.00||||||||||||||||||||69474.18
F04Q10000810|200604|69408.33|0|026|334|||||7.125|0.00||||||||||||||||||||69408.33
F04Q10000810|200605|69342.09|0|027|333|||||7.125|0.00||||||||||||||||||||69342.09
F04Q10000810|200606|69342.09|0|028|332|||||7.125|0.00||||||||||||||||||||69342.09
F04Q10000810|200607|69208.43|0|029|331|||||7.125|0.00||||||||||||||||||||69208.43
F04Q10000810|200608|69141.01|0|030|330|||||7.125|0.00||||||||||||||||||||69141.01
F04Q10000810|200609|69073.18|0|031|329|||||7.125|0.00||||||||||||||||||||69073.18
F04Q10000810|200610|69004.95|0|032|328|||||7.125|0.00||||||||||||||||||||69004.95
F04Q10000810|200611|68936.32|0|033|327|||||7.125|0.00||||||||||||||||||||68936.32
F04Q10000810|200612|68867.28|0|034|326|||||7.125|0.00||||||||||||||||||||68867.28
F04Q10000810|200701|68867.28|0|035|325|||||7.125|0.00||||||||||||||||||||68867.28
F04Q10000810|200702|68727.97|0|036|324|||||7.125|0.00||||||||||||||||||||68727.97
F04Q10000810|200703|68657.69|0|037|323|||||7.125|0.00||||||||||||||||||||68657.69
F04Q10000810|200704|68587.00|0|038|322|||||7.125|0.00||||||||||||||||||||68587.00
F04Q10000810|200705|68515.89|0|039|321|||||7.125|0.00||||||||||||||||||||68515.89
F04Q10000810|200706|68515.89|0|040|320|||||7.125|0.00||||||||||||||||||||68515.89
F04Q10000810|200707|68444.35|0|041|319|||||7.125|0.00||||||||||||||||||||68444.35
F04Q10000810|200708|68300.00|0|042|318|||||7.125|0.00||||||||||||||||||||68300.00
F04Q10000810|200709|68227.18|0|043|317|||||7.125|0.00||||||||||||||||||||68227.18
F04Q10000810|200710|68153.93|0|044|316|||||7.125|0.00||||||||||||||||||||68153.93
F04Q10000810|200711|68153.93|0|045|315|||||7.125|0.00||||||||||||||||||||68153.93
F04Q10000810|200712|68080.24|0|046|314|||||7.125|0.00||||||||||||||||||||68080.24
F04Q10000810|200801|67931.56|0|047|313|||||7.125|0.00||||||||||||||||||||67931.56
F04Q10000810|200802|67931.56|0|048|312|||||7.125|0.00||||||||||||||||||||67931.56
F04Q10000810|200803|67781.10|0|049|311|||||7.125|0.00||||||||||||||||||||67781.10
F04Q10000810|200804|67705.20|0|050|310|||||7.125|0.00||||||||||||||||||||67705.20
F04Q10000810|200805|67705.20|0|051|309|||||7.125|0.00||||||||||||||||||||67705.20
F04Q10000810|200806|0.00|0|052|308|||01|200806|7.125|0.00|||||||||||||||67705.20|||||0.00
F04Q10001212|200402|34000.00|0|000|240|||||5.625|0.00||||||||||||||||||||34000.00
F04Q10001212|200403|34000.00|0|001|239|||||5.625|0.00||||||||||||||||||||34000.00
F04Q10001212|200404|34000.00|0|002|238|||||5.625|0.00||||||||||||||||||||34000.00
F04Q10001212|200405|34000.00|0|003|237|||||5.625|0.00||||||||||||||||||||34000.00
F04Q10001212|200406|34000.00|0|004|236|||||5.625|0.00||||||||||||||||||||34000.00
F04Q10001212|200407|34000.00|0|005|235|||||5.625|0.00||||||||||||||||||||34000.00
F04Q10001212|200408|34000.00|0|006|234|||||5.625|0.00||||||||||||||||||||34000.00
F04Q10001212|200409|33709.77|0|007|233|||||5.625|0.00||||||||||||||||||||33709.77
F04Q10001212|200410|33629.68|0|008|232|||||5.625|0.00||||||||||||||||||||33629.68
F04Q10001212|200411|33549.22|0|009|231|||||5.625|0.00||||||||||||||||||||33549.22
F04Q10001212|200412|0.00|0|010|230|||01|200412|5.625|0.00|||||||||||||||33549.22|||||0.00
F04Q10001246|200402|132000.00|0|000|240|||||5.750|0.00||||||||||||||||||||132000.00
F04Q10001246|200403|131000.00|0|001|239|||||5.750|0.00||||||||||||||||||||131000.00
F04Q10001246|200404|131000.00|0|002|238|||||5.750|0.00||||||||||||||||||||131000.00
F04Q10001246|200405|131000.00|0|003|237|||||5.750|0.00||||||||||||||||||||131000.00
F04Q10001246|200406|130000.00|0|004|236|||||5.750|0.00||||||||||||||||||||130000.00
F04Q10001246|200407|130000.00|0|005|235|||||5.750|0.00||||||||||||||||||||130000.00
F04Q10001246|200408|130000.00|0|006|234|||||5.750|0.00||||||||||||||||||||130000.00
F04Q10001246|200409|129418.31|0|007|233|||||5.750|0.00||||||||||||||||||||129418.31
F04Q10001246|200410|129418.31|0|008|232|||||5.750|0.00||||||||||||||||||||129418.31
F04Q10001246|200411|128810.64|0|009|231|||||5.750|0.00||||||||||||||||||||128810.64
F04Q10001246|200412|128504.62|0|010|230|||||5.750|0.00||||||||||||||||||||128504.62
F04Q10001246|200501|127888.17|0|011|229|||||5.750|0.00||||||||||||||||||||127888.17
F04Q10001246|200502|127888.17|0|012|228|||||5.750|0.00||||||||||||||||||||127888.17
F04Q10001246|200503|127577.73|0|013|227|||||5.750|0.00||||||||||||||||||||127577.73
F04Q10001246|200504|127265.80|0|014|226|||||5.750|0.00||||||||||||||||||||127265.80
F04Q10001246|200505|126952.38|0|015|225|||||5.750|0.00||||||||||||||||||||126952.38
F04Q10001246|200506|126637.45|0|016|224|||||5.750|0.00||||||||||||||||||||126637.45
F04Q10001246|200507|126321.01|0|017|223|||||5.750|0.00||||||||||||||||||||126321.01
F04Q10001246|200508|126003.06|0|018|222|||||5.750|0.00||||||||||||||||||||126003.06
F04Q10001246|200509|125683.58|0|019|221|||||5.750|0.00||||||||||||||||||||125683.58
F04Q10001246|200510|125683.58|1|020|220|||||5.750|0.00||||||||||||||||||||125683.58
F04Q10001246|200511|125683.58|0|021|219|||||5.750|0.00||||||||||||||||||||125683.58
F04Q10001246|200512|124715.94|0|022|218|||||5.750|0.00||||||||||||||||||||124715.94
F04Q10001246|200601|124715.94|1|023|217|||||5.750|0.00||||||||||||||||||||124715.94
F04Q10001246|200602|124715.94|0|024|216|||||5.750|0.00||||||||||||||||||||124715.94
F04Q10001246|200603|123734.33|0|025|215|||||5.750|0.00||||||||||||||||||||123734.33
F04Q10001246|200604|123734.33|1|026|214|||||5.750|0.00||||||||||||||||||||123734.33
F04Q10001246|200605|123734.33|1|027|213|||||5.750|0.00||||||||||||||||||||123734.33
F04Q10001246|200606|123403.98|2|028|212|||||5.750|0.00||||||||||||||||||||123403.98
F04Q10001246|200607|123403.98|2|029|211|||||5.750|0.00||||||||||||||||||||123403.98
F04Q10001246|200608|123072.05|2|030|210|||||5.750|0.00||||||||||||||||||||123072.05
F04Q10001246|200609|122738.53|3|031|209|||||5.750|0.00||||||||||||||||||||122738.53
F04Q10001246|200610|122738.53|0|032|208|||||5.750|0.00||||||||||||||||||||122738.53
F04Q10001246|200611|120949.82|0|033|207|||||5.750|0.00||||||||||||||||||||120949.82
F04Q10001246|200612|120606.13|0|034|206|||||5.750|0.00||||||||||||||||||||120606.13
F04Q10001246|200701|120260.79|0|035|205|||||5.750|0.00||||||||||||||||||||120260.79
F04Q10001246|200702|119913.80|0|036|204|||||5.750|0.00||||||||||||||||||||119913.80
F04Q10001246|200703|119913.80|0|037|203|||||5.750|0.00||||||||||||||||||||119913.80
F04Q10001246|200704|119565.15|0|038|202|||||5.750|0.00||||||||||||||||||||119565.15
F04Q10001246|200705|119214.83|0|039|201|||||5.750|0.00||||||||||||||||||||119214.83
F04Q10001246|200706|118862.83|1|040|200|||||5.750|0.00||||||||||||||||||||118862.83
F04Q10001246|200707|118509.14|0|041|199|||||5.750|0.00||||||||||||||||||||118509.14
F04Q10001246|200708|118153.76|1|042|198|||||5.750|0.00||||||||||||||||||||118153.76
F04Q10001246|200709|118153.76|1|043|197|||||5.750|0.00||||||||||||||||||||118153.76
F04Q10001246|200710|117077.35|0|044|196|||||5.750|0.00||||||||||||||||||||117077.35
F04Q10001246|200711|116715.11|0|045|195|||||5.750|0.00||||||||||||||||||||116715.11
F04Q10001246|200712|116715.11|1|046|194|||||5.750|0.00||||||||||||||||||||116715.11
F04Q10001246|200801|116351.13|0|047|193|||||5.750|0.00||||||||||||||||||||116351.13
F04Q10001246|200802|115617.93|0|048|192|||||5.750|0.00||||||||||||||||||||115617.93
F04Q10001246|200803|115208.69|0|049|191|||||5.750|0.00||||||||||||||||||||115208.69
F04Q10001246|200804|114837.49|0|050|190|||||5.750|0.00||||||||||||||||||||114837.49
F04Q10001246|200805|114424.88|0|051|189|||||5.750|0.00||||||||||||||||||||114424.88
F04Q10001246|200806|114049.93|0|052|188|||||5.750|0.00||||||||||||||||||||114049.93
F04Q10001246|200807|113633.55|0|053|187|||||5.750|0.00||||||||||||||||||||113633.55
F04Q10001246|200808|113215.17|0|054|186|||||5.750|0.00||||||||||||||||||||113215.17
F04Q10001246|200809|112794.79|0|055|185|||||5.750|0.00||||||||||||||||||||112794.79
F04Q10001246|200810|112372.40|0|056|184|||||5.750|0.00||||||||||||||||||||112372.40
F04Q10001246|200811|111892.09|0|057|183|||||5.750|0.00||||||||||||||||||||111892.09
F04Q10001246|200812|111409.48|0|058|182|||||5.750|0.00||||||||||||||||||||111409.48
F04Q10001246|200901|110924.56|0|059|181|||||5.750|0.00||||||||||||||||||||110924.56
F04Q10001246|200902|110437.31|0|060|180|||||5.750|0.00||||||||||||||||||||110437.31
F04Q10001246|200903|109932.24|0|061|179|||||5.750|0.00||||||||||||||||||||109932.24
F04Q10001246|200904|109424.75|0|062|178|||||5.750|0.00||||||||||||||||||||109424.75
F04Q10001246|200905|108914.83|0|063|177|||||5.750|0.00||||||||||||||||||||108914.83
F04Q10001246|200906|108402.46|0|064|176|||||5.750|0.00||||||||||||||||||||108402.46
F04Q10001246|200907|107887.64|0|065|175|||||5.750|0.00||||||||||||||||||||107887.64
F04Q10001246|200908|107370.35|0|066|174|||||5.750|0.00||||||||||||||||||||107370.35
F04Q10001246|200909|106850.58|0|067|173|||||5.750|0.00||||||||||||||||||||106850.58
F04Q10001246|200910|106393.32|0|068|172|||||5.750|0.00||||||||||||||||||||106393.32
F04Q10001246|200911|105968.87|0|069|171|||||5.750|0.00||||||||||||||||||||105968.87
F04Q10001246|200912|105542.39|0|070|170|||||5.750|0.00||||||||||||||||||||105542.39
F04Q10001246|201001|105542.39|1|071|169|||||5.750|0.00||||||||||||||||||||105542.39
F04Q10001246|201002|105124.87|0|072|168|||||5.750|0.00||||||||||||||||||||105124.87
F04Q10001246|201003|104705.35|0|073|167|||||5.750|0.00||||||||||||||||||||104705.35
F04Q10001246|201004|103860.27|0|074|166|||||5.750|0.00||||||||||||||||||||103860.27
F04Q10001246|201005|103860.27|0|075|165|||||5.750|0.00||||||||||||||||||||103860.27
F04Q10001246|201006|103434.69|0|076|164|||||5.750|0.00||||||||||||||||||||103434.69
F04Q10001246|201007|103007.07|0|077|163|||||5.750|0.00||||||||||||||||||||103007.07
F04Q10001246|201008|102145.69|0|078|162|||||5.750|0.00||||||||||||||||||||102145.69
F04Q10001246|201009|102145.69|0|079|161|||||5.750|0.00||||||||||||||||||||102145.69
F04Q10001246|201010|101711.90|0|080|160|||||5.750|0.00||||||||||||||||||||101711.90
F04Q10001246|201011|101276.03|0|081|159|||||5.750|0.00||||||||||||||||||||101276.03
F04Q10001246|201012|100838.07|0|082|158|||||5.750|0.00||||||||||||||||||||100838.07
F04Q10001246|201101|100398.01|0|083|157|||||5.750|0.00||||||||||||||||||||100398.01
F04Q10001246|201102|99511.56|0|084|156|||||5.750|0.00||||||||||||||||||||99511.56
F04Q10001246|201103|99511.56|0|085|155|||||5.750|0.00||||||||||||||||||||99511.56
F04Q10001246|201104|98616.60|0|086|154|||||5.750|0.00||||||||||||||||||||98616.60
F04Q10001246|201105|98616.60|0|087|153|||||5.750|0.00||||||||||||||||||||98616.60
F04Q10001246|201106|98165.90|0|088|152|||||5.750|0.00||||||||||||||||||||98165.90
F04Q10001246|201107|97713.04|0|089|151|||||5.750|0.00||||||||||||||||||||97713.04
F04Q10001246|201108|97258.01|0|090|150|||||5.750|0.00||||||||||||||||||||97258.01
F04Q10001246|201109|96800.80|0|091|149|||||5.750|0.00||||||||||||||||||||96800.80
F04Q10001246|201110|96341.40|0|092|148|||||5.750|0.00||||||||||||||||||||96341.40
F04Q10001246|201111|95879.80|0|093|147|||||5.750|0.00||||||||||||||||||||95879.80
F04Q10001246|201112|95415.98|0|094|146|||||5.750|0.00||||||||||||||||||||95415.98
F04Q10001246|201201|94481.67|0|095|145|||||5.750|0.00||||||||||||||||||||94481.67
F04Q10001246|201202|94011.15|0|096|144|||||5.750|0.00||||||||||||||||||||94011.15
F04Q10001246|201203|94011.15|0|097|143|||||5.750|0.00||||||||||||||||||||94011.15
F04Q10001246|201204|93044.87|0|098|142|||||5.750|0.00||||||||||||||||||||93044.87
F04Q10001246|201205|92549.00|0|099|141|||||5.750|0.00||||||||||||||||||||92549.00
F04Q10001246|201206|92050.75|0|100|140|||||5.750|0.00||||||||||||||||||||92050.75
F04Q10001246|201207|91550.12|0|101|139|||||5.750|0.00||||||||||||||||||||91550.12
F04Q10001246|201208|91047.09|0|102|138|||||5.750|0.00||||||||||||||||||||91047.09
F04Q10001246|201209|90541.65|0|103|137|||||5.750|0.00||||||||||||||||||||90541.65
F04Q10001246|201210|90052.26|0|104|136|||||5.750|0.00||||||||||||||||||||90052.26
F04Q10001246|201211|89560.52|0|105|135|||||5.750|0.00||||||||||||||||||||89560.52
F04Q10001246|201212|89066.42|0|106|134|||||5.750|0.00||||||||||||||||||||89066.42
F04Q10001246|201301|88569.96|0|107|133|||||5.750|0.00||||||||||||||||||||88569.96
F04Q10001246|201302|88071.12|0|108|132|||||5.750|0.00||||||||||||||||||||88071.12
F04Q10001246|201303|87569.89|0|109|131|||||5.750|0.00||||||||||||||||||||87569.89
F04Q10001246|201304|87066.26|0|110|130|||||5.750|0.00||||||||||||||||||||87066.26
F04Q10001246|201305|86560.21|0|111|129|||||5.750|0.00||||||||||||||||||||86560.21
F04Q10001246|201306|86051.74|0|112|128|||||5.750|0.00||||||||||||||||||||86051.74
F04Q10001246|201307|85540.83|0|113|127|||||5.750|0.00||||||||||||||||||||85540.83
F04Q10001246|201308|85027.47|0|114|126|||||5.750|0.00||||||||||||||||||||85027.47
F04Q10001246|201309|84511.65|0|115|125|||||5.750|0.00||||||||||||||||||||84511.65
F04Q10001246|201310|83993.36|0|116|124|||||5.750|0.00||||||||||||||||||||83993.36
F04Q10001246|201311|83472.59|0|117|123|||||5.750|0.00||||||||||||||||||||83472.59
F04Q10001246|201312|82949.32|0|118|122|||||5.750|0.00||||||||||||||||||||82949.32
F04Q10001246|201401|82423.55|0|119|121|||||5.750|0.00||||||||||||||||||||82423.55
F04Q10001246|201402|81895.26|0|120|120|||||5.750|0.00||||||||||||||||||||81895.26
F04Q10001246|201403|81364.43|0|121|119|||||5.750|0.00||||||||||||||||||||81364.43
F04Q10001246|201404|80831.06|0|122|118|||||5.750|0.00||||||||||||||||||||80831.06
F04Q10001246|201405|80295.14|0|123|117|||||5.750|0.00||||||||||||||||||||80295.14
F04Q10001246|201406|79756.65|0|124|116|||||5.750|0.00||||||||||||||||||||79756.65
F04Q10001246|201407|79215.58|0|125|115|||||5.750|0.00||||||||||||||||||||79215.58
F04Q10001246|201408|78671.91|0|126|114|||||5.750|0.00||||||||||||||||||||78671.91
F04Q10001246|201409|78125.64|0|127|113|||||5.750|0.00||||||||||||||||||||78125.64
F04Q10001246|201410|77576.75|0|128|112|||||5.750|0.00||||||||||||||||||||77576.75
F04Q10001246|201411|77025.23|0|129|111|||||5.750|0.00||||||||||||||||||||77025.23
F04Q10001246|201412|76471.07|0|130|110|||||5.750|0.00||||||||||||||||||||76471.07
F04Q10001246|201501|75914.25|0|131|109|||||5.750|0.00||||||||||||||||||||75914.25
F04Q10001246|201502|75354.77|0|132|108|||||5.750|0.00||||||||||||||||||||75354.77
F04Q10001246|201503|74792.60|0|133|107|||||5.750|0.00||||||||||||||||||||74792.60
F04Q10001246|201504|74227.74|0|134|106|||||5.750|0.00||||||||||||||||||||74227.74
F04Q10001246|201505|73660.17|0|135|105|||||5.750|0.00||||||||||||||||||||73660.17
F04Q10001246|201506|73089.88|0|136|104|||||5.750|0.00||||||||||||||||||||73089.88
F04Q10001246|201507|72516.86|0|137|103|||||5.750|0.00||||||||||||||||||||72516.86
F04Q10001246|201508|72516.86|0|138|102|||||5.750|0.00||||||||||||||||||||72516.86
F04Q10001246|201509|71362.58|0|139|101|||||5.750|0.00||||||||||||||||||||71362.58
F04Q10001246|201510|70781.29|0|140|100|||||5.750|0.00||||||||||||||||||||70781.29
F04Q10001246|201511|70197.21|0|141|099|||||5.750|0.00||||||||||||||||||||70197.21
F04Q10001246|201512|69610.33|0|142|098|||||5.750|0.00||||||||||||||||||||69610.33
F04Q10001246|201601|69610.33|0|143|097|||||5.750|0.00||||||||||||||||||||69610.33
F04Q10001246|201602|68428.12|0|144|096|||||5.750|0.00||||||||||||||||||||68428.12
F04Q10001246|201603|67832.76|0|145|095|||||5.750|0.00||||||||||||||||||||67832.76
F04Q10001246|201604|67234.55|0|146|094|||||5.750|0.00||||||||||||||||||||67234.55
F04Q10001246|201605|67234.55|0|147|093|||||5.750|0.00||||||||||||||||||||67234.55
F04Q10001246|201606|66029.53|0|148|092|||||5.750|0.00||||||||||||||||||||66029.53
F04Q10001246|201607|65422.68|0|149|091|||||5.750|0.00||||||||||||||||||||65422.68
F04Q10001246|201608|65422.68|0|150|090|||||5.750|0.00||||||||||||||||||||65422.68
F04Q10001246|201609|64200.24|0|151|089|||||5.750|0.00||||||||||||||||||||64200.24
F04Q10001246|201610|63584.63|0|152|088|||||5.750|0.00||||||||||||||||||||63584.63
F04Q10001246|201611|63584.63|0|153|087|||||5.750|0.00||||||||||||||||||||63584.63
F04Q10001246|201612|62966.07|0|154|086|||||5.750|0.00||||||||||||||||||||62966.07
F04Q10001246|201701|62344.54|0|155|085|||||5.750|0.00||||||||||||||||||||62344.54
F04Q10001246|201702|61092.53|0|156|084|||||5.750|0.00||||||||||||||||||||61092.53
F04Q10001246|201703|61092.53|0|157|083|||||5.750|0.00||||||||||||||||||||61092.53
F04Q10001246|201704|59828.50|0|158|082|||||5.750|0.00||||||||||||||28||||||59828.50
F04Q10001246|201705|59191.94|0|159|081|||||5.750|0.00||||||||||||||28||||||59191.94
F04Q10001246|201706|58552.33|0|160|080|||||5.750|0.00||||||||||||||27||||||58552.33
F04Q10001246|201707|57909.65|0|161|079|||||5.750|0.00||||||||||||||27||||||57909.65
F04Q10001246|201708|57263.89|0|162|078|||||5.750|0.00||||||||||||||27||||||57263.89
F04Q10001246|201709|56615.04|0|163|077|||||5.750|0.00||||||||||||||27||||||56615.04
F04Q10001246|201710|56615.04|0|164|076|||||5.750|0.00||||||||||||||999||||||56615.04
F04Q10001246|201711|55308.00|0|165|075|||||5.750|0.00||||||||||||||999||||||55308.00
F04Q10001246|201712|54649.78|0|166|074|||||5.750|0.00||||||||||||||999||||||54649.78
F04Q10001246|201801|53988.40|0|167|073|||||5.750|0.00||||||||||||||999||||||53988.40
F04Q10001246|201802|53323.85|0|168|072|||||5.750|0.00||||||||||||||999||||||53323.85
F04Q10001246|201803|52656.12|0|169|071|||||5.750|0.00||||||||||||||999||||||52656.12
F04Q10001246|201804|51913.66|0|170|070|||||5.750|0.00||||||||||||||23||||||51913.66
F04Q10001246|201805|51167.64|0|171|069|||||5.750|0.00||||||||||||||22||||||51167.64
F04Q10001246|201806|50418.05|0|172|068|||||5.750|0.00||||||||||||||22||||||50418.05
F04Q10001246|201807|49664.87|0|173|067|||||5.750|0.00||||||||||||||21||||||49664.87
F04Q10001246|201808|48908.08|0|174|066|||||5.750|0.00||||||||||||||21||||||48908.08
F04Q10001246|201809|48219.19|0|175|065|||||5.750|0.00||||||||||||||21||||||48219.19
F04Q10001246|201810|47527.00|0|176|064|||||5.750|0.00||||||||||||||21||||||47527.00
F04Q10001246|201811|46831.49|0|177|063|||||5.750|0.00||||||||||||||20||||||46831.49
F04Q10001246|201812|46132.65|0|178|062|||||5.750|0.00||||||||||||||20||||||46132.65
F04Q10001246|201901|45430.46|0|179|061|||||5.750|0.00||||||||||||||19||||||45430.46
F04Q10001246|201902|44724.91|0|180|060|||||5.750|0.00||||||||||||||19||||||44724.91
F04Q10001246|201903|44015.98|0|181|059|||||5.750|0.00||||||||||||||18||||||44015.98
F04Q10001246|201904|43303.65|0|182|058|||||5.750|0.00||||||||||||||18||||||43303.65
F04Q10001246|201905|42587.91|0|183|057|||||5.750|0.00||||||||||||||18||||||42587.91
F04Q10001246|201906|41868.74|0|184|056|||||5.750|0.00||||||||||||||18||||||41868.74
F04Q10001246|201907|41146.12|0|185|055|||||5.750|0.00||||||||||||||17||||||41146.12
F04Q10001246|201908|40420.04|0|186|054|||||5.750|0.00||||||||||||||17||||||40420.04
F04Q10001246|201909|39690.48|0|187|053|||||5.750|0.00||||||||||||||16||||||39690.48
F04Q10001246|201910|38957.42|0|188|052|||||5.750|0.00||||||||||||||16||||||38957.42
F04Q10001246|201911|38220.85|0|189|051|||||5.750|0.00||||||||||||||16||||||38220.85
F04Q10001246|201912|37480.75|0|190|050|||||5.750|0.00||||||||||||||15||||||37480.75
F04Q10001246|202001|36737.11|0|191|049|||||5.750|0.00||||||||||||||15||||||36737.11
F04Q10001246|202002|35989.90|0|192|048|||||5.750|0.00||||||||||||||15||||||35989.90
F04Q10001246|202003|35239.11|0|193|047|||||5.750|0.00||||||||||||||15||||||35239.11
F04Q10001246|202004|34484.72|0|194|046|||||5.750|0.00||||||||||||||14||||||34484.72
F04Q10001246|202005|33726.72|0|195|045|||||5.750|0.00||||||||||||||14||||||33726.72
F04Q10001246|202006|32965.09|0|196|044|||||5.750|0.00||||||||||||||13||||||32965.09
F04Q10001246|202007|32199.81|0|197|043|||||5.750|0.00||||||||||||||13||||||32199.81
F04Q10001246|202008|31430.86|0|198|042|||||5.750|0.00||||||||||||||13||||||31430.86
F04Q10001246|202009|30658.23|0|199|041|||||5.750|0.00||||||||||||||12||||||30658.23
F04Q10001246|202010|29881.89|0|200|040|||||5.750|0.00||||||||||||||11||||||29881.89
F04Q10001246|202011|29101.83|0|201|039|||||5.750|0.00||||||||||||||11||||||29101.83
F04Q10001246|202012|28318.04|0|202|038|||||5.750|0.00||||||||||||||10||||||28318.04
F04Q10001246|202101|27530.49|0|203|037|||||5.750|0.00||||||||||||||10||||||27530.49
F04Q10001246|202102|26739.17|0|204|036|||||5.750|0.00||||||||||||||9||||||26739.17
F04Q10001246|202103|25944.06|0|205|035|||||5.750|0.00||||||||||||||9||||||25944.06
F04Q10001246|202104|25145.14|0|206|034|||||5.750|0.00||||||||||||||9||||||25145.14
F04Q10001246|202105|24342.39|0|207|033|||||5.750|0.00||||||||||||||7||||||24342.39
F04Q10001246|202106|23535.79|0|208|032|||||5.750|0.00||||||||||||||7||||||23535.79
F04Q10001246|202107|22725.33|0|209|031|||||5.750|0.00||||||||||||||6||||||22725.33
F04Q10001246|202108|21910.98|0|210|030|||||5.750|0.00||||||||||||||6||||||21910.98
F04Q10001246|202109|21092.73|0|211|029|||||5.750|0.00||||||||||||||6||||||21092.73
F04Q10001246|202110|20270.56|0|212|028|||||5.750|0.00||||||||||||||6||||||20270.56
F04Q10001246|202111|19444.45|0|213|027|||||5.750|0.00||||||||||||||5||||||19444.45
F04Q10001246|202112|18614.38|0|214|026|||||5.750|0.00||||||||||||||5||||||18614.38
F04Q10001246|202201|17780.33|0|215|025|||||5.750|0.00||||||||||||||5||||||17780.33
F04Q10001246|202202|16942.29|0|216|024|||||5.750|0.00||||||||||||||4||||||16942.29
F04Q10001246|202203|16100.23|0|217|023|||||5.750|0.00||||||||||||||4||||||16100.23
F04Q10001246|202204|15241.63|0|218|022|||||5.750|0.00||||||||||||||4||||||15241.63
F04Q10001246|202205|14378.91|0|219|021|||||5.750|0.00||||||||||||||3||||||14378.91
F04Q10001246|202206|13512.06|0|220|020|||||5.750|0.00||||||||||||||3||||||13512.06
F04Q10001246|202207|12641.06|0|221|019|||||5.750|0.00||||||||||||||3||||||12641.06
F04Q10001246|202208|11765.88|0|222|018|||||5.750|0.00||||||||||||||3||||||11765.88
F04Q10001246|202209|10886.51|0|223|017|||||5.750|0.00||||||||||||||3||||||10886.51
F04Q10001246|202210|10002.92|0|224|016|||||5.750|0.00||||||||||||||3||||||10002.92
F04Q10001246|202211|9115.10|0|225|015|||||5.750|0.00||||||||||||||3||||||9115.10
F04Q10001246|202212|8223.03|0|226|014|||||5.750|0.00||||||||||||||2||||||8223.03
F04Q10001246|202301|7326.68|0|227|013|||||5.750|0.00||||||||||||||2||||||7326.68
F04Q10001246|202302|6326.04|0|228|012|||||5.750|0.00||||||||||||||2||||||6326.04
F04Q10001246|202303|5320.60|0|229|011|||||5.750|0.00||||||||||||||1||||||5320.60
F04Q10001246|202304|4422.85|0|230|010|||||5.750|0.00||||||||||||||1||||||4422.85
F04Q10001246|202305|3045.23|0|231|009|||||5.750|0.00||||||||||||||1||||||3045.23
F04Q10001246|202306|936.58|0|232|008|||||5.750|0.00||||||||||||||999||||||936.58
F04Q10001246|202307|0.00|0|233|007|||01|202307|5.750|0.00|202306|||||||||||||999|936.58|||||0.00
F04Q10001272|200402|60000.00|0|000|240|||||5.750|0.00||||||||||||||||||||60000.00
F04Q10001272|200403|60000.00|0|001|239|||||5.750|0.00||||||||||||||||||||60000.00
F04Q10001272|200404|60000.00|0|002|238|||||5.750|0.00||||||||||||||||||||60000.00
F04Q10001272|200405|60000.00|0|003|237|||||5.750|0.00||||||||||||||||||||60000.00
F04Q10001272|200406|59000.00|0|004|236|||||5.750|0.00||||||||||||||||||||59000.00
F04Q10001272|200407|59000.00|0|005|235|||||5.750|0.00||||||||||||||||||||59000.00
F04Q10001272|200408|59000.00|0|006|234|||||5.750|0.00||||||||||||||||||||59000.00
F04Q10001272|200409|59050.11|0|007|233|||||5.750|0.00||||||||||||||||||||59050.11
F04Q10001272|200410|58911.80|0|008|232|||||5.750|0.00||||||||||||||||||||58911.80
F04Q10001272|200411|58772.83|0|009|231|||||5.750|0.00||||||||||||||||||||58772.83
F04Q10001272|200412|58633.19|0|010|230|||||5.750|0.00||||||||||||||||||||58633.19
F04Q10001272|200501|58492.88|0|011|229|||||5.750|0.00||||||||||||||||||||58492.88
F04Q10001272|200502|58351.90|0|012|228|||||5.750|0.00||||||||||||||||||||58351.90
F04Q10001272|200503|58210.24|0|013|227|||||5.750|0.00||||||||||||||||||||58210.24
F04Q10001272|200504|58067.90|0|014|226|||||5.750|0.00||||||||||||||||||||58067.90
F04Q10001272|200505|57924.88|0|015|225|||||5.750|0.00||||||||||||||||||||57924.88
F04Q10001272|200506|57781.18|0|016|224|||||5.750|0.00||||||||||||||||||||57781.18
F04Q10001272|200507|57636.79|0|017|223|||||5.750|0.00||||||||||||||||||||57636.79
F04Q10001272|200508|57491.71|0|018|222|||||5.750|0.00||||||||||||||||||||57491.71
F04Q10001272|200509|57345.93|0|019|221|||||5.750|0.00||||||||||||||||||||57345.93
F04Q10001272|200510|57199.45|0|020|220|||||5.750|0.00||||||||||||||||||||57199.45
F04Q10001272|200511|57052.27|0|021|219|||||5.750|0.00||||||||||||||||||||57052.27
F04Q10001272|200512|56904.39|0|022|218|||||5.750|0.00||||||||||||||||||||56904.39
F04Q10001272|200601|56755.79|0|023|217|||||5.750|0.00||||||||||||||||||||56755.79
F04Q10001272|200602|56606.49|0|024|216|||||5.750|0.00||||||||||||||||||||56606.49
F04Q10001272|200603|56456.47|0|025|215|||||5.750|0.00||||||||||||||||||||56456.47
F04Q10001272|200604|56305.73|0|026|214|||||5.750|0.00||||||||||||||||||||56305.73
F04Q10001272|200605|56154.26|0|027|213|||||5.750|0.00||||||||||||||||||||56154.26
F04Q10001272|200606|56002.08|0|028|212|||||5.750|0.00||||||||||||||||||||56002.08
F04Q10001272|200607|55849.16|0|029|211|||||5.750|0.00||||||||||||||||||||55849.16
F04Q10001272|200608|55695.51|0|030|210|||||5.750|0.00||||||||||||||||||||55695.51
F04Q10001272|200609|55541.13|0|031|209|||||5.750|0.00||||||||||||||||||||55541.13
F04Q10001272|200610|55386.00|0|032|208|||||5.750|0.00||||||||||||||||||||55386.00
F04Q10001272|200611|55230.13|0|033|207|||||5.750|0.00||||||||||||||||||||55230.13
F04Q10001272|200612|55073.52|0|034|206|||||5.750|0.00||||||||||||||||||||55073.52
F04Q10001272|200701|54916.15|0|035|205|||||5.750|0.00||||||||||||||||||||54916.15
F04Q10001272|200702|54758.03|0|036|204|||||5.750|0.00||||||||||||||||||||54758.03
F04Q10001272|200703|54599.15|0|037|203|||||5.750|0.00||||||||||||||||||||54599.15
F04Q10001272|200704|54439.51|0|038|202|||||5.750|0.00||||||||||||||||||||54439.51
F04Q10001272|200705|54279.11|0|039|201|||||5.750|0.00||||||||||||||||||||54279.11
F04Q10001272|200706|54117.94|0|040|200|||||5.750|0.00||||||||||||||||||||54117.94
F04Q10001272|200707|53955.99|0|041|199|||||5.750|0.00||||||||||||||||||||53955.99
F04Q10001272|200708|53793.27|0|042|198|||||5.750|0.00||||||||||||||||||||53793.27
F04Q10001272|200709|53629.77|0|043|197|||||5.750|0.00||||||||||||||||||||53629.77
F04Q10001272|200710|53465.49|0|044|196|||||5.750|0.00||||||||||||||||||||53465.49
F04Q10001272|200711|53300.42|0|045|195|||||5.750|0.00||||||||||||||||||||53300.42
F04Q10001272|200712|53134.56|0|046|194|||||5.750|0.00||||||||||||||||||||53134.56
F04Q10001272|200801|52967.90|0|047|193|||||5.750|0.00||||||||||||||||||||52967.90
F04Q10001272|200802|52800.44|0|048|192|||||5.750|0.00||||||||||||||||||||52800.44
F04Q10001272|200803|52632.18|0|049|191|||||5.750|0.00||||||||||||||||||||52632.18
F04Q10001272|200804|52463.12|0|050|190|||||5.750|0.00||||||||||||||||||||52463.12
F04Q10001272|200805|52293.25|0|051|189|||||5.750|0.00||||||||||||||||||||52293.25
F04Q10001272|200806|52122.56|0|052|188|||||5.750|0.00||||||||||||||||||||52122.56
F04Q10001272|200807|51951.05|0|053|187|||||5.750|0.00||||||||||||||||||||51951.05
F04Q10001272|200808|51778.72|0|054|186|||||5.750|0.00||||||||||||||||||||51778.72
F04Q10001272|200809|51605.57|0|055|185|||||5.750|0.00||||||||||||||||||||51605.57
F04Q10001272|200810|51431.59|0|056|184|||||5.750|0.00||||||||||||||||||||51431.59
F04Q10001272|200811|51256.77|0|057|183|||||5.750|0.00||||||||||||||||||||51256.77
F04Q10001272|200812|51081.12|0|058|182|||||5.750|0.00||||||||||||||||||||51081.12
F04Q10001272|200901|50904.62|0|059|181|||||5.750|0.00||||||||||||||||||||50904.62
F04Q10001272|200902|50727.28|0|060|180|||||5.750|0.00||||||||||||||||||||50727.28
F04Q10001272|200903|50549.09|0|061|179|||||5.750|0.00||||||||||||||||||||50549.09
F04Q10001272|200904|50370.04|0|062|178|||||5.750|0.00||||||||||||||||||||50370.04
F04Q10001272|200905|50190.14|0|063|177|||||5.750|0.00||||||||||||||||||||50190.14
F04Q10001272|200906|50009.37|0|064|176|||||5.750|0.00||||||||||||||||||||50009.37
F04Q10001272|200907|49827.74|0|065|175|||||5.750|0.00||||||||||||||||||||49827.74
F04Q10001272|200908|49645.24|0|066|174|||||5.750|0.00||||||||||||||||||||49645.24
F04Q10001272|200909|49461.86|0|067|173|||||5.750|0.00||||||||||||||||||||49461.86
F04Q10001272|200910|49277.60|0|068|172|||||5.750|0.00||||||||||||||||||||49277.60
F04Q10001272|200911|49092.46|0|069|171|||||5.750|0.00||||||||||||||||||||49092.46
F04Q10001272|200912|48906.43|0|070|170|||||5.750|0.00||||||||||||||||||||48906.43
F04Q10001272|201001|48719.51|0|071|169|||||5.750|0.00||||||||||||||||||||48719.51
F04Q10001272|201002|48531.70|0|072|168|||||5.750|0.00||||||||||||||||||||48531.70
F04Q10001272|201003|48342.99|0|073|167|||||5.750|0.00||||||||||||||||||||48342.99
F04Q10001272|201004|48153.37|0|074|166|||||5.750|0.00||||||||||||||||||||48153.37
F04Q10001272|201005|47962.84|0|075|165|||||5.750|0.00||||||||||||||||||||47962.84
F04Q10001272|201006|47771.40|0|076|164|||||5.750|0.00||||||||||||||||||||47771.40
F04Q10001272|201007|47579.04|0|077|163|||||5.750|0.00||||||||||||||||||||47579.04
F04Q10001272|201008|47385.76|0|078|162|||||5.750|0.00||||||||||||||||||||47385.76
F04Q10001272|201009|47191.56|0|079|161|||||5.750|0.00||||||||||||||||||||47191.56
F04Q10001272|201010|46996.43|0|080|160|||||5.750|0.00||||||||||||||||||||46996.43
F04Q10001272|201011|46800.36|0|081|159|||||5.750|0.00||||||||||||||||||||46800.36
F04Q10001272|201012|46603.35|0|082|158|||||5.750|0.00||||||||||||||||||||46603.35
F04Q10001272|201101|46405.40|0|083|157|||||5.750|0.00||||||||||||||||||||46405.40
F04Q10001272|201102|46206.50|0|084|156|||||5.750|0.00||||||||||||||||||||46206.50
F04Q10001272|201103|46006.65|0|085|155|||||5.750|0.00||||||||||||||||||||46006.65
F04Q10001272|201104|45805.84|0|086|154|||||5.750|0.00||||||||||||||||||||45805.84
F04Q10001272|201105|45604.07|0|087|153|||||5.750|0.00||||||||||||||||||||45604.07
F04Q10001272|201106|45401.33|0|088|152|||||5.750|0.00||||||||||||||||||||45401.33
F04Q10001272|201107|45197.62|0|089|151|||||5.750|0.00||||||||||||||||||||45197.62
F04Q10001272|201108|44992.93|0|090|150|||||5.750|0.00||||||||||||||||||||44992.93
F04Q10001272|201109|44787.26|0|091|149|||||5.750|0.00||||||||||||||||||||44787.26
F04Q10001272|201110|44580.61|0|092|148|||||5.750|0.00||||||||||||||||||||44580.61
F04Q10001272|201111|44372.97|0|093|147|||||5.750|0.00||||||||||||||||||||44372.97
F04Q10001272|201112|44164.33|0|094|146|||||5.750|0.00||||||||||||||||||||44164.33
F04Q10001272|201201|43954.69|0|095|145|||||5.750|0.00||||||||||||||||||||43954.69
F04Q10001272|201202|43744.05|0|096|144|||||5.750|0.00||||||||||||||||||||43744.05
F04Q10001272|201203|43532.40|0|097|143|||||5.750|0.00||||||||||||||||||||43532.40
F04Q10001272|201204|43319.73|0|098|142|||||5.750|0.00||||||||||||||||||||43319.73
F04Q10001272|201205|43106.04|0|099|141|||||5.750|0.00||||||||||||||||||||43106.04
F04Q10001272|201206|42891.33|0|100|140|||||5.750|0.00||||||||||||||||||||42891.33
F04Q10001272|201207|42675.59|0|101|139|||||5.750|0.00||||||||||||||||||||42675.59
F04Q10001272|201208|42458.82|0|102|138|||||5.750|0.00||||||||||||||||||||42458.82
F04Q10001272|201209|42241.01|0|103|137|||||5.750|0.00||||||||||||||||||||42241.01
F04Q10001272|201210|42022.15|0|104|136|||||5.750|0.00||||||||||||||||||||42022.15
F04Q10001272|201211|41802.25|0|105|135|||||5.750|0.00||||||||||||||||||||41802.25
F04Q10001272|201212|41581.29|0|106|134|||||5.750|0.00||||||||||||||||||||41581.29
F04Q10001272|201301|41359.27|0|107|133|||||5.750|0.00||||||||||||||||||||41359.27
F04Q10001272|201302|41136.19|0|108|132|||||5.750|0.00||||||||||||||||||||41136.19
F04Q10001272|201303|40912.04|0|109|131|||||5.750|0.00||||||||||||||||||||40912.04
F04Q10001272|201304|40686.82|0|110|130|||||5.750|0.00||||||||||||||||||||40686.82
F04Q10001272|201305|40460.52|0|111|129|||||5.750|0.00||||||||||||||||||||40460.52
F04Q10001272|201306|40233.13|0|112|128|||||5.750|0.00||||||||||||||||||||40233.13
F04Q10001272|201307|40004.65|0|113|127|||||5.750|0.00||||||||||||||||||||40004.65
F04Q10001272|201308|39775.08|0|114|126|||||5.750|0.00||||||||||||||||||||39775.08
F04Q10001272|201309|39544.41|0|115|125|||||5.750|0.00||||||||||||||||||||39544.41
F04Q10001272|201310|39312.63|0|116|124|||||5.750|0.00||||||||||||||||||||39312.63
F04Q10001272|201311|39079.74|0|117|123|||||5.750|0.00||||||||||||||||||||39079.74
F04Q10001272|201312|38845.74|0|118|122|||||5.750|0.00||||||||||||||||||||38845.74
F04Q10001272|201401|38610.62|0|119|121|||||5.750|0.00||||||||||||||||||||38610.62
F04Q10001272|201402|38374.37|0|120|120|||||5.750|0.00||||||||||||||||||||38374.37
F04Q10001272|201403|38136.99|0|121|119|||||5.750|0.00||||||||||||||||||||38136.99
F04Q10001272|201404|37898.47|0|122|118|||||5.750|0.00||||||||||||||||||||37898.47
F04Q10001272|201405|37658.81|0|123|117|||||5.750|0.00||||||||||||||||||||37658.81
F04Q10001272|201406|37418.00|0|124|116|||||5.750|0.00||||||||||||||||||||37418.00
F04Q10001272|201407|37176.03|0|125|115|||||5.750|0.00||||||||||||||||||||37176.03
F04Q10001272|201408|36932.91|0|126|114|||||5.750|0.00||||||||||||||||||||36932.91
F04Q10001272|201409|36688.62|0|127|113|||||5.750|0.00||||||||||||||||||||36688.62
F04Q10001272|201410|36443.16|0|128|112|||||5.750|0.00||||||||||||||||||||36443.16
F04Q10001272|201411|36196.52|0|129|111|||||5.750|0.00||||||||||||||||||||36196.52
F04Q10001272|201412|35948.70|0|130|110|||||5.750|0.00||||||||||||||||||||35948.70
F04Q10001272|201501|35699.69|0|131|109|||||5.750|0.00||||||||||||||||||||35699.69
F04Q10001272|201502|35449.49|0|132|108|||||5.750|0.00||||||||||||||||||||35449.49
F04Q10001272|201503|35198.09|0|133|107|||||5.750|0.00||||||||||||||||||||35198.09
F04Q10001272|201504|34945.49|0|134|106|||||5.750|0.00||||||||||||||||||||34945.49
F04Q10001272|201505|34691.68|0|135|105|||||5.750|0.00||||||||||||||||||||34691.68
F04Q10001272|201506|34436.65|0|136|104|||||5.750|0.00||||||||||||||||||||34436.65
F04Q10001272|201507|34180.40|0|137|103|||||5.750|0.00||||||||||||||||||||34180.40
F04Q10001272|201508|0.00|0|138|102|||01|201508|5.750|0.00|||||||||||||||34180.40|||||0.00
F04Q10001307|200402|50000.00|0|000|180|||||5.500|0.00||||||||||||||||||||50000.00
F04Q10001307|200403|50000.00|0|001|179|||||5.500|0.00||||||||||||||||||||50000.00
F04Q10001307|200404|50000.00|0|002|178|||||5.500|0.00||||||||||||||||||||50000.00
F04Q10001307|200405|49000.00|0|003|177|||||5.500|0.00||||||||||||||||||||49000.00
F04Q10001307|200406|49000.00|0|004|176|||||5.500|0.00||||||||||||||||||||49000.00
F04Q10001307|200407|49000.00|0|005|175|||||5.500|0.00||||||||||||||||||||49000.00
F04Q10001307|200408|49000.00|0|006|174|||||5.500|0.00||||||||||||||||||||49000.00
F04Q10001307|200409|48630.58|0|007|173|||||5.500|0.00||||||||||||||||||||48630.58
F04Q10001307|200410|48428.47|0|008|172|||||5.500|0.00||||||||||||||||||||48428.47
F04Q10001307|200411|48225.44|0|009|171|||||5.500|0.00||||||||||||||||||||48225.44
F04Q10001307|200412|48021.48|0|010|170|||||5.500|0.00||||||||||||||||||||48021.48
F04Q10001307|200501|47816.59|0|011|169|||||5.500|0.00||||||||||||||||||||47816.59
F04Q10001307|200502|47605.75|0|012|168|||||5.500|0.00||||||||||||||||||||47605.75
F04Q10001307|200503|47393.95|0|013|167|||||5.500|0.00||||||||||||||||||||47393.95
F04Q10001307|200504|47161.18|0|014|166|||||5.500|0.00||||||||||||||||||||47161.18
F04Q10001307|200505|46927.34|0|015|165|||||5.500|0.00||||||||||||||||||||46927.34
F04Q10001307|200506|46692.42|0|016|164|||||5.500|0.00||||||||||||||||||||46692.42
F04Q10001307|200507|46456.43|0|017|163|||||5.500|0.00||||||||||||||||||||46456.43
F04Q10001307|200508|46214.39|0|018|162|||||5.500|0.00||||||||||||||||||||46214.39
F04Q10001307|200509|45966.23|0|019|161|||||5.500|0.00||||||||||||||||||||45966.23
F04Q10001307|200510|45756.93|0|020|160|||||5.500|0.00||||||||||||||||||||45756.93
F04Q10001307|200511|45546.66|0|021|159|||||5.500|0.00||||||||||||||||||||45546.66
F04Q10001307|200512|45335.43|0|022|158|||||5.500|0.00||||||||||||||||||||45335.43
F04Q10001307|200601|45113.22|0|023|157|||||5.500|0.00||||||||||||||||||||45113.22
F04Q10001307|200602|44890.01|0|024|156|||||5.500|0.00||||||||||||||||||||44890.01
F04Q10001307|200603|44659.77|0|025|155|||||5.500|0.00||||||||||||||||||||44659.77
F04Q10001307|200604|44424.47|0|026|154|||||5.500|0.00||||||||||||||||||||44424.47
F04Q10001307|200605|44188.10|0|027|153|||||5.500|0.00||||||||||||||||||||44188.10
F04Q10001307|200606|43950.65|0|028|152|||||5.500|0.00||||||||||||||||||||43950.65
F04Q10001307|200607|43712.10|0|029|151|||||5.500|0.00||||||||||||||||||||43712.10
F04Q10001307|200608|43472.48|0|030|150|||||5.500|0.00||||||||||||||||||||43472.48
F04Q10001307|200609|43231.75|0|031|149|||||5.500|0.00||||||||||||||||||||43231.75
F04Q10001307|200610|42989.90|0|032|148|||||5.500|0.00||||||||||||||||||||42989.90
F04Q10001307|200611|42746.95|0|033|147|||||5.500|0.00||||||||||||||||||||42746.95
F04Q10001307|200612|42492.90|0|034|146|||||5.500|0.00||||||||||||||||||||42492.90
F04Q10001307|200701|42237.69|0|035|145|||||5.500|0.00||||||||||||||||||||42237.69
F04Q10001307|200702|41981.29|0|036|144|||||5.500|0.00||||||||||||||||||||41981.29
F04Q10001307|200703|41723.75|0|037|143|||||5.500|0.00||||||||||||||||||||41723.75
F04Q10001307|200704|41465.04|0|038|142|||||5.500|0.00||||||||||||||||||||41465.04
F04Q10001307|200705|41200.12|0|039|141|||||5.500|0.00||||||||||||||||||||41200.12
F04Q10001307|200706|40930.49|0|040|140|||||5.500|0.00||||||||||||||||||||40930.49
F04Q10001307|200707|40659.61|0|041|139|||||5.500|0.00||||||||||||||||||||40659.61
F04Q10001307|200708|40426.02|0|042|138|||||5.500|0.00||||||||||||||||||||40426.02
F04Q10001307|200709|40191.32|0|043|137|||||5.500|0.00||||||||||||||||||||40191.32
F04Q10001307|200710|39955.54|0|044|136|||||5.500|0.00||||||||||||||||||||39955.54
F04Q10001307|200711|39718.68|0|045|135|||||5.500|0.00||||||||||||||||||||39718.68
F04Q10001307|200712|39470.73|0|046|134|||||5.500|0.00||||||||||||||||||||39470.73
F04Q10001307|200801|39221.65|0|047|133|||||5.500|0.00||||||||||||||||||||39221.65
F04Q10001307|200802|38971.45|0|048|132|||||5.500|0.00||||||||||||||||||||38971.45
F04Q10001307|200803|38715.10|0|049|131|||||5.500|0.00||||||||||||||||||||38715.10
F04Q10001307|200804|38457.57|0|050|130|||||5.500|0.00||||||||||||||||||||38457.57
F04Q10001307|200805|38193.85|0|051|129|||||5.500|0.00||||||||||||||||||||38193.85
F04Q10001307|200806|37928.95|0|052|128|||||5.500|0.00||||||||||||||||||||37928.95
F04Q10001307|200807|37652.81|0|053|127|||||5.500|0.00||||||||||||||||||||37652.81
F04Q10001307|200808|37375.44|0|054|126|||||5.500|0.00||||||||||||||||||||37375.44
F04Q10001307|200809|37096.79|0|055|125|||||5.500|0.00||||||||||||||||||||37096.79
F04Q10001307|200810|36856.84|0|056|124|||||5.500|0.00||||||||||||||||||||36856.84
F04Q10001307|200811|36615.77|0|057|123|||||5.500|0.00||||||||||||||||||||36615.77
F04Q10001307|200812|36373.59|0|058|122|||||5.500|0.00||||||||||||||||||||36373.59
F04Q10001307|200901|36125.30|0|059|121|||||5.500|0.00||||||||||||||||||||36125.30
F04Q10001307|200902|35875.88|0|060|120|||||5.500|0.00||||||||||||||||||||35875.88
F04Q10001307|200903|35625.31|0|061|119|||||5.500|0.00||||||||||||||||||||35625.31
F04Q10001307|200904|35373.60|0|062|118|||||5.500|0.00||||||||||||||||||||35373.60
F04Q10001307|200905|35115.74|0|063|117|||||5.500|0.00||||||||||||||||||||35115.74
F04Q10001307|200906|34851.71|0|064|116|||||5.500|0.00||||||||||||||||||||34851.71
F04Q10001307|200907|34581.46|0|065|115|||||5.500|0.00||||||||||||||||||||34581.46
F04Q10001307|200908|34309.97|0|066|114|||||5.500|0.00||||||||||||||||||||34309.97
F04Q10001307|200909|34032.24|0|067|113|||||5.500|0.00||||||||||||||||||||34032.24
F04Q10001307|200910|33748.26|0|068|112|||||5.500|0.00||||||||||||||||||||33748.26
F04Q10001307|200911|33462.97|0|069|111|||||5.500|0.00||||||||||||||||||||33462.97
F04Q10001307|200912|33166.37|0|070|110|||||5.500|0.00||||||||||||||||||||33166.37
F04Q10001307|201001|32868.41|0|071|109|||||5.500|0.00||||||||||||||||||||32868.41
F04Q10001307|201002|32569.09|0|072|108|||||5.500|0.00||||||||||||||||||||32569.09
F04Q10001307|201003|32268.39|0|073|107|||||5.500|0.00||||||||||||||||||||32268.39
F04Q10001307|201004|31966.32|0|074|106|||||5.500|0.00||||||||||||||||||||31966.32
F04Q10001307|201005|31662.83|0|075|105|||||5.500|0.00||||||||||||||||||||31662.83
F04Q10001307|201006|31347.99|0|076|104|||||5.500|0.00||||||||||||||||||||31347.99
F04Q10001307|201007|31031.69|0|077|103|||||5.500|0.00||||||||||||||||||||31031.69
F04Q10001307|201008|30708.98|0|078|102|||||5.500|0.00||||||||||||||||||||30708.98
F04Q10001307|201009|30384.78|0|079|101|||||5.500|0.00||||||||||||||||||||30384.78
F04Q10001307|201010|30059.12|0|080|100|||||5.500|0.00||||||||||||||||||||30059.12
F04Q10001307|201011|29731.94|0|081|099|||||5.500|0.00||||||||||||||||||||29731.94
F04Q10001307|201012|29398.22|0|082|098|||||5.500|0.00||||||||||||||||||||29398.22
F04Q10001307|201101|29057.97|0|083|097|||||5.500|0.00||||||||||||||||||||29057.97
F04Q10001307|201102|28716.18|0|084|096|||||5.500|0.00||||||||||||||||||||28716.18
F04Q10001307|201103|28372.83|0|085|095|||||5.500|0.00||||||||||||||||||||28372.83
F04Q10001307|201104|28002.87|0|086|094|||||5.500|0.00||||||||||||||||||||28002.87
F04Q10001307|201105|27631.29|0|087|093|||||5.500|0.00||||||||||||||||||||27631.29
F04Q10001307|201106|27257.99|0|088|092|||||5.500|0.00||||||||||||||||||||27257.99
F04Q10001307|201107|26883.00|0|089|091|||||5.500|0.00||||||||||||||||||||26883.00
F04Q10001307|201108|26581.27|0|090|090|||||5.500|0.00||||||||||||||||||||26581.27
F04Q10001307|201109|26278.11|0|091|089|||||5.500|0.00||||||||||||||||||||26278.11
F04Q10001307|201110|25948.55|0|092|088|||||5.500|0.00||||||||||||||||||||25948.55
F04Q10001307|201111|25617.49|0|093|087|||||5.500|0.00||||||||||||||||||||25617.49
F04Q10001307|201112|25284.94|0|094|086|||||5.500|0.00||||||||||||||||||||25284.94
F04Q10001307|201201|24950.88|0|095|085|||||5.500|0.00||||||||||||||||||||24950.88
F04Q10001307|201202|24615.27|0|096|084|||||5.500|0.00||||||||||||||||||||24615.27
F04Q10001307|201203|24269.61|0|097|083|||||5.500|0.00||||||||||||||||||||24269.61
F04Q10001307|201204|23922.32|0|098|082|||||5.500|0.00||||||||||||||||||||23922.32
F04Q10001307|201205|23573.46|0|099|081|||||5.500|0.00||||||||||||||||||||23573.46
F04Q10001307|201206|23223.02|0|100|080|||||5.500|0.00||||||||||||||||||||23223.02
F04Q10001307|201207|22870.97|0|101|079|||||5.500|0.00||||||||||||||||||||22870.97
F04Q10001307|201208|22515.86|0|102|078|||||5.500|0.00||||||||||||||||||||22515.86
F04Q10001307|201209|22159.11|0|103|077|||||5.500|0.00||||||||||||||||||||22159.11
F04Q10001307|201210|21800.72|0|104|076|||||5.500|0.00||||||||||||||||||||21800.72
F04Q10001307|201211|21440.70|0|105|075|||||5.500|0.00||||||||||||||||||||21440.70
F04Q10001307|201212|21059.03|0|106|074|||||5.500|0.00||||||||||||||||||||21059.03
F04Q10001307|201301|20705.62|0|107|073|||||5.500|0.00||||||||||||||||||||20705.62
F04Q10001307|201302|20350.56|0|108|072|||||5.500|0.00||||||||||||||||||||20350.56
F04Q10001307|201303|19993.87|0|109|071|||||5.500|0.00||||||||||||||||||||19993.87
F04Q10001307|201304|19625.51|0|110|070|||||5.500|0.00||||||||||||||||||||19625.51
F04Q10001307|201305|19255.52|0|111|069|||||5.500|0.00||||||||||||||||||||19255.52
F04Q10001307|201306|18873.79|0|112|068|||||5.500|0.00||||||||||||||||||||18873.79
F04Q10001307|201307|18551.75|0|113|067|||||5.500|0.00||||||||||||||||||||18551.75
F04Q10001307|201308|18228.24|0|114|066|||||5.500|0.00||||||||||||||||||||18228.24
F04Q10001307|201309|17903.25|0|115|065|||||5.500|0.00||||||||||||||||||||17903.25
F04Q10001307|201310|17555.31|0|116|064|||||5.500|0.00||||||||||||||||||||17555.31
F04Q10001307|201311|17185.78|0|117|063|||||5.500|0.00||||||||||||||||||||17185.78
F04Q10001307|201312|16814.58|0|118|062|||||5.500|0.00||||||||||||||||||||16814.58
F04Q10001307|201401|16441.68|0|119|061|||||5.500|0.00||||||||||||||||||||16441.68
F04Q10001307|201402|16042.09|0|120|060|||||5.500|0.00||||||||||||||||||||16042.09
F04Q10001307|201403|15640.68|0|121|059|||||5.500|0.00||||||||||||||||||||15640.68
F04Q10001307|201404|15640.68|0|122|058|||||5.500|0.00||||||||||||||||||||15640.68
F04Q10001307|201405|14852.22|0|123|057|||||5.500|0.00||||||||||||||||||||14852.22
F04Q10001307|201406|14220.34|0|124|056|||||5.500|0.00||||||||||||||||||||14220.34
F04Q10001307|201407|13585.61|0|125|055|||||5.500|0.00||||||||||||||||||||13585.61
F04Q10001307|201408|12948.15|0|126|054|||||5.500|0.00||||||||||||||||||||12948.15
F04Q10001307|201409|12948.15|0|127|053|||||5.500|0.00||||||||||||||||||||12948.15
F04Q10001307|201410|11664.22|0|128|052|||||5.500|0.00||||||||||||||||||||11664.22
F04Q10001307|201411|10992.95|0|129|051|||||5.500|0.00||||||||||||||||||||10992.95
F04Q10001307|201412|10293.62|0|130|050|||||5.500|0.00||||||||||||||||||||10293.62
F04Q10001307|201501|9791.01|0|131|049|||||5.500|0.00||||||||||||||||||||9791.01
F04Q10001307|201502|9276.00|0|132|048|||||5.500|0.00||||||||||||||||||||9276.00
F04Q10001307|201503|8718.63|0|133|047|||||5.500|0.00||||||||||||||||||||8718.63
F04Q10001307|201504|8158.62|0|134|046|||||5.500|0.00||||||||||||||||||||8158.62
F04Q10001307|201505|7746.24|0|135|045|||||5.500|0.00||||||||||||||||||||7746.24
F04Q10001307|201506|7331.78|0|136|044|||||5.500|0.00||||||||||||||||||||7331.78
F04Q10001307|201507|6915.42|0|137|043|||||5.500|0.00||||||||||||||||||||6915.42
F04Q10001307|201508|6497.18|0|138|042|||||5.500|0.00||||||||||||||||||||6497.18
F04Q10001307|201509|6077.00|0|139|041|||||5.500|0.00||||||||||||||||||||6077.00
F04Q10001307|201510|5604.87|0|140|040|||||5.500|0.00||||||||||||||||||||5604.87
F04Q10001307|201511|5130.67|0|141|039|||||5.500|0.00||||||||||||||||||||5130.67
F04Q10001307|201512|4654.30|0|142|038|||||5.500|0.00||||||||||||||||||||4654.30
F04Q10001307|201601|4175.63|0|143|037|||||5.500|0.00||||||||||||||||||||4175.63
F04Q10001307|201602|3694.77|0|144|036|||||5.500|0.00||||||||||||||||||||3694.77
F04Q10001307|201603|3161.70|0|145|035|||||5.500|0.00||||||||||||||||||||3161.70
F04Q10001307|201604|2476.19|0|146|034|||||5.500|0.00||||||||||||||||||||2476.19
F04Q10001307|201605|1437.54|0|147|033|||||5.500|0.00||||||||||||||||||||1437.54
F04Q10001307|201606|0.00|0|148|032|||01|201606|5.500|0.00|||||||||||||||1437.54|||||0.00
F04Q10001321|200402|124000.00|0|000|360|||||6.125|0.00||||||||||||||||||||124000.00
F04Q10001321|200403|124000.00|0|001|359|||||6.125|0.00||||||||||||||||||||124000.00
F04Q10001321|200404|124000.00|0|002|358|||||6.125|0.00||||||||||||||||||||124000.00
F04Q10001321|200405|124000.00|0|003|357|||||6.125|0.00||||||||||||||||||||124000.00
F04Q10001321|200406|124000.00|0|004|356|||||6.125|0.00||||||||||||||||||||124000.00
F04Q10001321|200407|124000.00|0|005|355|||||6.125|0.00||||||||||||||||||||124000.00
F04Q10001321|200408|124000.00|0|006|354|||||6.125|0.00||||||||||||||||||||124000.00
F04Q10001321|200409|123590.24|0|007|353|||||6.125|0.00||||||||||||||||||||123590.24
F04Q10001321|200410|123464.90|0|008|352|||||6.125|0.00||||||||||||||||||||123464.90
F04Q10001321|200411|123464.90|0|009|351|||||6.125|0.00||||||||||||||||||||123464.90
F04Q10001321|200412|123212.29|0|010|350|||||6.125|0.00||||||||||||||||||||123212.29
F04Q10001321|200501|123085.02|0|011|349|||||6.125|0.00||||||||||||||||||||123085.02
F04Q10001321|200502|122957.10|0|012|348|||||6.125|0.00||||||||||||||||||||122957.10
F04Q10001321|200503|122828.52|0|013|347|||||6.125|0.00||||||||||||||||||||122828.52
F04Q10001321|200504|122699.29|0|014|346|||||6.125|0.00||||||||||||||||||||122699.29
F04Q10001321|200505|122569.40|0|015|345|||||6.125|0.00||||||||||||||||||||122569.40
F04Q10001321|200506|122438.84|0|016|344|||||6.125|0.00||||||||||||||||||||122438.84
F04Q10001321|200507|122307.62|0|017|343|||||6.125|0.00||||||||||||||||||||122307.62
F04Q10001321|200508|122175.73|0|018|342|||||6.125|0.00||||||||||||||||||||122175.73
F04Q10001321|200509|122043.17|0|019|341|||||6.125|0.00||||||||||||||||||||122043.17
F04Q10001321|200510|121909.93|0|020|340|||||6.125|0.00||||||||||||||||||||121909.93
F04Q10001321|200511|121776.01|0|021|339|||||6.125|0.00||||||||||||||||||||121776.01
F04Q10001321|200512|121641.41|0|022|338|||||6.125|0.00||||||||||||||||||||121641.41
F04Q10001321|200601|121506.12|0|023|337|||||6.125|0.00||||||||||||||||||||121506.12
F04Q10001321|200602|121370.14|0|024|336|||||6.125|0.00||||||||||||||||||||121370.14
F04Q10001321|200603|121233.46|0|025|335|||||6.125|0.00||||||||||||||||||||121233.46
F04Q10001321|200604|121096.09|0|026|334|||||6.125|0.00||||||||||||||||||||121096.09
F04Q10001321|200605|120958.01|0|027|333|||||6.125|0.00||||||||||||||||||||120958.01
F04Q10001321|200606|120819.23|0|028|332|||||6.125|0.00||||||||||||||||||||120819.23
F04Q10001321|200607|120679.74|0|029|331|||||6.125|0.00||||||||||||||||||||120679.74
F04Q10001321|200608|120539.54|0|030|330|||||6.125|0.00||||||||||||||||||||120539.54
F04Q10001321|200609|120398.62|0|031|329|||||6.125|0.00||||||||||||||||||||120398.62
F04Q10001321|200610|120256.98|0|032|328|||||6.125|0.00||||||||||||||||||||120256.98
F04Q10001321|200611|120114.62|0|033|327|||||6.125|0.00||||||||||||||||||||120114.62
F04Q10001321|200612|119971.54|0|034|326|||||6.125|0.00||||||||||||||||||||119971.54
F04Q10001321|200701|119827.72|0|035|325|||||6.125|0.00||||||||||||||||||||119827.72
F04Q10001321|200702|119683.17|0|036|324|||||6.125|0.00||||||||||||||||||||119683.17
F04Q10001321|200703|119537.88|0|037|323|||||6.125|0.00||||||||||||||||||||119537.88
F04Q10001321|200704|119391.85|0|038|322|||||6.125|0.00||||||||||||||||||||119391.85
F04Q10001321|200705|119245.08|0|039|321|||||6.125|0.00||||||||||||||||||||119245.08
F04Q10001321|200706|119097.56|0|040|320|||||6.125|0.00||||||||||||||||||||119097.56
F04Q10001321|200707|118949.28|0|041|319|||||6.125|0.00||||||||||||||||||||118949.28
F04Q10001321|200708|118800.25|0|042|318|||||6.125|0.00||||||||||||||||||||118800.25
F04Q10001321|200709|118650.46|0|043|317|||||6.125|0.00||||||||||||||||||||118650.46
F04Q10001321|200710|118499.90|0|044|316|||||6.125|0.00||||||||||||||||||||118499.90
F04Q10001321|200711|118348.57|0|045|315|||||6.125|0.00||||||||||||||||||||118348.57
F04Q10001321|200712|118196.47|0|046|314|||||6.125|0.00||||||||||||||||||||118196.47
F04Q10001321|200801|118043.59|0|047|313|||||6.125|0.00||||||||||||||||||||118043.59
F04Q10001321|200802|117889.93|0|048|312|||||6.125|0.00||||||||||||||||||||117889.93
F04Q10001321|200803|117735.49|0|049|311|||||6.125|0.00||||||||||||||||||||117735.49
F04Q10001321|200804|117580.26|0|050|310|||||6.125|0.00||||||||||||||||||||117580.26
F04Q10001321|200805|117424.24|0|051|309|||||6.125|0.00||||||||||||||||||||117424.24
F04Q10001321|200806|117267.42|0|052|308|||||6.125|0.00||||||||||||||||||||117267.42
F04Q10001321|200807|117109.80|0|053|307|||||6.125|0.00||||||||||||||||||||117109.80
F04Q10001321|200808|116951.38|0|054|306|||||6.125|0.00||||||||||||||||||||116951.38
F04Q10001321|200809|116792.15|0|055|305|||||6.125|0.00||||||||||||||||||||116792.15
F04Q10001321|200810|116632.11|0|056|304|||||6.125|0.00||||||||||||||||||||116632.11
F04Q10001321|200811|116471.25|0|057|303|||||6.125|0.00||||||||||||||||||||116471.25
F04Q10001321|200812|116309.57|0|058|302|||||6.125|0.00||||||||||||||||||||116309.57
F04Q10001321|200901|116147.06|0|059|301|||||6.125|0.00||||||||||||||||||||116147.06
F04Q10001321|200902|115983.72|0|060|300|||||6.125|0.00||||||||||||||||||||115983.72
F04Q10001321|200903|115819.55|0|061|299|||||6.125|0.00||||||||||||||||||||115819.55
F04Q10001321|200904|115654.54|0|062|298|||||6.125|0.00||||||||||||||||||||115654.54
F04Q10001321|200905|115488.69|0|063|297|||||6.125|0.00||||||||||||||||||||115488.69
F04Q10001321|200906|115321.99|0|064|296|||||6.125|0.00||||||||||||||||||||115321.99
F04Q10001321|200907|115154.44|0|065|295|||||6.125|0.00||||||||||||||||||||115154.44
F04Q10001321|200908|114986.04|0|066|294|||||6.125|0.00||||||||||||||||||||114986.04
F04Q10001321|200909|0.00|0|067|293|||01|200909|6.125|0.00|||||||||||||||114986.04|||||0.00
F04Q10001407|200402|98000.00|0|000|360|||||5.750|0.00||||||||||||||||||||98000.00
F04Q10001407|200403|98000.00|0|001|359|||||5.750|0.00||||||||||||||||||||98000.00
F04Q10001407|200404|98000.00|0|002|358|||||5.750|0.00||||||||||||||||||||98000.00
F04Q10001407|200405|98000.00|0|003|357|||||5.750|0.00||||||||||||||||||||98000.00
F04Q10001407|200406|98000.00|0|004|356|||||5.750|0.00||||||||||||||||||||98000.00
F04Q10001407|200407|97000.00|0|005|355|||||5.750|0.00||||||||||||||||||||97000.00
F04Q10001407|200408|97000.00|0|006|354|||||5.750|0.00||||||||||||||||||||97000.00
F04Q10001407|200409|97273.41|0|007|353|||||5.750|0.00||||||||||||||||||||97273.41
F04Q10001407|200410|97167.61|0|008|352|||||5.750|0.00||||||||||||||||||||97167.61
F04Q10001407|200411|97061.30|0|009|351|||||5.750|0.00||||||||||||||||||||97061.30
F04Q10001407|200412|96954.49|0|010|350|||||5.750|0.00||||||||||||||||||||96954.49
F04Q10001407|200501|96847.16|0|011|349|||||5.750|0.00||||||||||||||||||||96847.16
F04Q10001407|200502|96739.32|0|012|348|||||5.750|0.00||||||||||||||||||||96739.32
F04Q10001407|200503|96630.96|0|013|347|||||5.750|0.00||||||||||||||||||||96630.96
F04Q10001407|200504|96522.08|0|014|346|||||5.750|0.00||||||||||||||||||||96522.08
F04Q10001407|200505|96522.08|0|015|345|||||5.750|0.00||||||||||||||||||||96522.08
F04Q10001407|200506|96302.76|0|016|344|||||5.750|0.00||||||||||||||||||||96302.76
F04Q10001407|200507|96192.31|0|017|343|||||5.750|0.00||||||||||||||||||||96192.31
F04Q10001407|200508|96081.33|0|018|342|||||5.750|0.00||||||||||||||||||||96081.33
F04Q10001407|200509|95969.82|0|019|341|||||5.750|0.00||||||||||||||||||||95969.82
F04Q10001407|200510|95857.78|0|020|340|||||5.750|0.00||||||||||||||||||||95857.78
F04Q10001407|200511|95745.20|0|021|339|||||5.750|0.00||||||||||||||||||||95745.20
F04Q10001407|200512|95632.08|0|022|338|||||5.750|0.00||||||||||||||||||||95632.08
F04Q10001407|200601|95174.16|0|023|337|||||5.750|0.00||||||||||||||||||||95174.16
F04Q10001407|200602|95174.16|0|024|336|||||5.750|0.00||||||||||||||||||||95174.16
F04Q10001407|200603|95174.16|0|025|335|||||5.750|0.00||||||||||||||||||||95174.16
F04Q10001407|200604|95174.16|0|026|334|||||5.750|0.00||||||||||||||||||||95174.16
F04Q10001407|200605|95058.30|0|027|333|||||5.750|0.00||||||||||||||||||||95058.30
F04Q10001407|200606|94941.89|0|028|332|||||5.750|0.00||||||||||||||||||||94941.89
F04Q10001407|200607|94824.92|0|029|331|||||5.750|0.00||||||||||||||||||||94824.92
F04Q10001407|200608|94707.39|0|030|330|||||5.750|0.00||||||||||||||||||||94707.39
F04Q10001407|200609|94589.30|0|031|329|||||5.750|0.00||||||||||||||||||||94589.30
F04Q10001407|200610|94470.64|0|032|328|||||5.750|0.00||||||||||||||||||||94470.64
F04Q10001407|200611|94351.41|0|033|327|||||5.750|0.00||||||||||||||||||||94351.41
F04Q10001407|200612|94231.61|0|034|326|||||5.750|0.00||||||||||||||||||||94231.61
F04Q10001407|200701|94111.24|0|035|325|||||5.750|0.00||||||||||||||||||||94111.24
F04Q10001407|200702|93746.65|0|036|324|||||5.750|0.00||||||||||||||||||||93746.65
F04Q10001407|200703|93746.65|0|037|323|||||5.750|0.00||||||||||||||||||||93746.65
F04Q10001407|200704|93746.65|0|038|322|||||5.750|0.00||||||||||||||||||||93746.65
F04Q10001407|200705|93623.95|0|039|321|||||5.750|0.00||||||||||||||||||||93623.95
F04Q10001407|200706|93500.66|0|040|320|||||5.750|0.00||||||||||||||||||||93500.66
F04Q10001407|200707|93376.78|0|041|319|||||5.750|0.00||||||||||||||||||||93376.78
F04Q10001407|200708|93252.31|0|042|318|||||5.750|0.00||||||||||||||||||||93252.31
F04Q10001407|200709|93127.24|0|043|317|||||5.750|0.00||||||||||||||||||||93127.24
F04Q10001407|200710|93001.57|0|044|316|||||5.750|0.00||||||||||||||||||||93001.57
F04Q10001407|200711|92875.30|0|045|315|||||5.750|0.00||||||||||||||||||||92875.30
F04Q10001407|200712|92748.43|0|046|314|||||5.750|0.00||||||||||||||||||||92748.43
F04Q10001407|200801|92234.83|0|047|313|||||5.750|0.00||||||||||||||||||||92234.83
F04Q10001407|200802|92234.83|0|048|312|||||5.750|0.00||||||||||||||||||||92234.83
F04Q10001407|200803|92234.83|0|049|311|||||5.750|0.00||||||||||||||||||||92234.83
F04Q10001407|200804|92234.83|0|050|310|||||5.750|0.00||||||||||||||||||||92234.83
F04Q10001407|200805|92104.89|0|051|309|||||5.750|0.00||||||||||||||||||||92104.89
F04Q10001407|200806|91974.33|0|052|308|||||5.750|0.00||||||||||||||||||||91974.33
F04Q10001407|200807|91843.14|0|053|307|||||5.750|0.00||||||||||||||||||||91843.14
F04Q10001407|200808|91711.32|0|054|306|||||5.750|0.00||||||||||||||||||||91711.32
F04Q10001407|200809|91578.87|0|055|305|||||5.750|0.00||||||||||||||||||||91578.87
F04Q10001407|200810|91445.79|0|056|304|||||5.750|0.00||||||||||||||||||||91445.79
F04Q10001407|200811|91312.07|0|057|303|||||5.750|0.00||||||||||||||||||||91312.07
F04Q10001407|200812|91177.71|0|058|302|||||5.750|0.00||||||||||||||||||||91177.71
F04Q10001407|200901|91042.70|0|059|301|||||5.750|0.00||||||||||||||||||||91042.70
F04Q10001407|200902|90907.05|0|060|300|||||5.750|0.00||||||||||||||||||||90907.05
F04Q10001407|200903|90770.75|0|061|299|||||5.750|0.00||||||||||||||||||||90770.75
F04Q10001407|200904|90633.79|0|062|298|||||5.750|0.00||||||||||||||||||||90633.79
F04Q10001407|200905|90496.18|0|063|297|||||5.750|0.00||||||||||||||||||||90496.18
F04Q10001407|200906|90357.91|0|064|296|||||5.750|0.00||||||||||||||||||||90357.91
F04Q10001407|200907|90218.97|0|065|295|||||5.750|0.00||||||||||||||||||||90218.97
F04Q10001407|200908|90079.37|0|066|294|||||5.750|0.00||||||||||||||||||||90079.37
F04Q10001407|200909|89939.10|0|067|293|||||5.750|0.00||||||||||||||||||||89939.10
F04Q10001407|200910|89798.16|0|068|292|||||5.750|0.00||||||||||||||||||||89798.16
F04Q10001407|200911|89656.54|0|069|291|||||5.750|0.00||||||||||||||||||||89656.54
F04Q10001407|200912|89514.24|0|070|290|||||5.750|0.00||||||||||||||||||||89514.24
F04Q10001407|201001|89371.26|0|071|289|||||5.750|0.00||||||||||||||||||||89371.26
F04Q10001407|201002|89227.60|0|072|288|||||5.750|0.00||||||||||||||||||||89227.60
F04Q10001407|201003|89083.25|0|073|287|||||5.750|0.00||||||||||||||||||||89083.25
F04Q10001407|201004|88938.21|0|074|286|||||5.750|0.00||||||||||||||||||||88938.21
F04Q10001407|201005|88792.47|0|075|285|||||5.750|0.00||||||||||||||||||||88792.47
F04Q10001407|201006|88646.03|0|076|284|||||5.750|0.00||||||||||||||||||||88646.03
F04Q10001407|201007|88498.89|0|077|283|||||5.750|0.00||||||||||||||||||||88498.89
F04Q10001407|201008|88351.05|0|078|282|||||5.750|0.00||||||||||||||||||||88351.05
F04Q10001407|201009|88202.50|0|079|281|||||5.750|0.00||||||||||||||||||||88202.50
F04Q10001407|201010|88053.24|0|080|280|||||5.750|0.00||||||||||||||||||||88053.24
F04Q10001407|201011|87903.26|0|081|279|||||5.750|0.00||||||||||||||||||||87903.26
F04Q10001407|201012|87752.56|0|082|278|||||5.750|0.00||||||||||||||||||||87752.56
F04Q10001407|201101|87601.14|0|083|277|||||5.750|0.00||||||||||||||||||||87601.14
F04Q10001407|201102|87449.00|0|084|276|||||5.750|0.00||||||||||||||||||||87449.00
F04Q10001407|201103|87296.13|0|085|275|||||5.750|0.00||||||||||||||||||||87296.13
F04Q10001407|201104|87142.52|0|086|274|||||5.750|0.00||||||||||||||||||||87142.52
F04Q10001407|201105|87142.52|0|087|273|||||5.750|0.00||||||||||||||||||||87142.52
F04Q10001407|201106|86833.10|0|088|272|||||5.750|0.00||||||||||||||||||||86833.10
F04Q10001407|201107|86677.28|0|089|271|||||5.750|0.00||||||||||||||||||||86677.28
F04Q10001407|201108|86520.71|0|090|270|||||5.750|0.00||||||||||||||||||||86520.71
F04Q10001407|201109|86363.39|0|091|269|||||5.750|0.00||||||||||||||||||||86363.39
F04Q10001407|201110|86205.31|0|092|268|||||5.750|0.00||||||||||||||||||||86205.31
F04Q10001407|201111|86046.48|0|093|267|||||5.750|0.00||||||||||||||||||||86046.48
F04Q10001407|201112|85886.89|0|094|266|||||5.750|0.00||||||||||||||||||||85886.89
F04Q10001407|201201|85726.53|0|095|265|||||5.750|0.00||||||||||||||||||||85726.53
F04Q10001407|201202|0.00|0|096|264|||01|201202|5.750|0.00|||||||||||||||85726.53|||||0.00
F04Q10001409|200402|40000.00|0|000|360|||||6.250|0.00||||||||||||||||||||40000.00
F04Q10001409|200403|40000.00|0|001|359|||||6.250|0.00||||||||||||||||||||40000.00
F04Q10001409|200404|40000.00|0|002|358|||||6.250|0.00||||||||||||||||||||40000.00
F04Q10001409|200405|40000.00|0|003|357|||||6.250|0.00||||||||||||||||||||40000.00
F04Q10001409|200406|40000.00|0|004|356|||||6.250|0.00||||||||||||||||||||40000.00
F04Q10001409|200407|40000.00|0|005|355|||||6.250|0.00||||||||||||||||||||40000.00
F04Q10001409|200408|40000.00|0|006|354|||||6.250|0.00||||||||||||||||||||40000.00
F04Q10001409|200409|39730.12|0|007|353|||||6.250|0.00||||||||||||||||||||39730.12
F04Q10001409|200410|39690.76|0|008|352|||||6.250|0.00||||||||||||||||||||39690.76
F04Q10001409|200411|39651.19|0|009|351|||||6.250|0.00||||||||||||||||||||39651.19
F04Q10001409|200412|39611.42|0|010|350|||||6.250|0.00||||||||||||||||||||39611.42
F04Q10001409|200501|39571.44|0|011|349|||||6.250|0.00||||||||||||||||||||39571.44
F04Q10001409|200502|39531.25|0|012|348|||||6.250|0.00||||||||||||||||||||39531.25
F04Q10001409|200503|39490.85|0|013|347|||||6.250|0.00||||||||||||||||||||39490.85
F04Q10001409|200504|39450.24|0|014|346|||||6.250|0.00||||||||||||||||||||39450.24
F04Q10001409|200505|39409.42|0|015|345|||||6.250|0.00||||||||||||||||||||39409.42
F04Q10001409|200506|39409.42|0|016|344|||||6.250|0.00||||||||||||||||||||39409.42
F04Q10001409|200507|39327.14|0|017|343|||||6.250|0.00||||||||||||||||||||39327.14
F04Q10001409|200508|39285.68|0|018|342|||||6.250|0.00||||||||||||||||||||39285.68
F04Q10001409|200509|39244.00|0|019|341|||||6.250|0.00||||||||||||||||||||39244.00
F04Q10001409|200510|39202.11|0|020|340|||||6.250|0.00||||||||||||||||||||39202.11
F04Q10001409|200511|39160.00|0|021|339|||||6.250|0.00||||||||||||||||||||39160.00
F04Q10001409|200512|39117.67|0|022|338|||||6.250|0.00||||||||||||||||||||39117.67
F04Q10001409|200601|39075.12|0|023|337|||||6.250|0.00||||||||||||||||||||39075.12
F04Q10001409|200602|39032.35|0|024|336|||||6.250|0.00||||||||||||||||||||39032.35
F04Q10001409|200603|38989.35|0|025|335|||||6.250|0.00||||||||||||||||||||38989.35
F04Q10001409|200604|38946.13|0|026|334|||||6.250|0.00||||||||||||||||||||38946.13
F04Q10001409|200605|38902.68|0|027|333|||||6.250|0.00||||||||||||||||||||38902.68
F04Q10001409|200606|38859.01|0|028|332|||||6.250|0.00||||||||||||||||||||38859.01
F04Q10001409|200607|38815.11|0|029|331|||||6.250|0.00||||||||||||||||||||38815.11
F04Q10001409|200608|38770.98|0|030|330|||||6.250|0.00||||||||||||||||||||38770.98
F04Q10001409|200609|38726.62|0|031|329|||||6.250|0.00||||||||||||||||||||38726.62
F04Q10001409|200610|38682.03|0|032|328|||||6.250|0.00||||||||||||||||||||38682.03
F04Q10001409|200611|38637.21|0|033|327|||||6.250|0.00||||||||||||||||||||38637.21
F04Q10001409|200612|38592.16|0|034|326|||||6.250|0.00||||||||||||||||||||38592.16
F04Q10001409|200701|38546.87|0|035|325|||||6.250|0.00||||||||||||||||||||38546.87
F04Q10001409|200702|38501.34|0|036|324|||||6.250|0.00||||||||||||||||||||38501.34
F04Q10001409|200703|38455.58|0|037|323|||||6.250|0.00||||||||||||||||||||38455.58
F04Q10001409|200704|38409.58|0|038|322|||||6.250|0.00||||||||||||||||||||38409.58
F04Q10001409|200705|38363.34|0|039|321|||||6.250|0.00||||||||||||||||||||38363.34
F04Q10001409|200706|38316.86|0|040|320|||||6.250|0.00||||||||||||||||||||38316.86
F04Q10001409|200707|38316.86|0|041|319|||||6.250|0.00||||||||||||||||||||38316.86
F04Q10001409|200708|38270.14|0|042|318|||||6.250|0.00||||||||||||||||||||38270.14
F04Q10001409|200709|38223.17|0|043|317|||||6.250|0.00||||||||||||||||||||38223.17
F04Q10001409|200710|38175.96|0|044|316|||||6.250|0.00||||||||||||||||||||38175.96
F04Q10001409|200711|38128.50|0|045|315|||||6.250|0.00||||||||||||||||||||38128.50
F04Q10001409|200712|38080.80|0|046|314|||||6.250|0.00||||||||||||||||||||38080.80
F04Q10001409|200801|37984.65|0|047|313|||||6.250|0.00||||||||||||||||||||37984.65
F04Q10001409|200802|37936.20|0|048|312|||||6.250|0.00||||||||||||||||||||37936.20
F04Q10001409|200803|37887.49|0|049|311|||||6.250|0.00||||||||||||||||||||37887.49
F04Q10001409|200804|37838.53|0|050|310|||||6.250|0.00||||||||||||||||||||37838.53
F04Q10001409|200805|37789.32|0|051|309|||||6.250|0.00||||||||||||||||||||37789.32
F04Q10001409|200806|37739.85|0|052|308|||||6.250|0.00||||||||||||||||||||37739.85
F04Q10001409|200807|37690.12|0|053|307|||||6.250|0.00||||||||||||||||||||37690.12
F04Q10001409|200808|37640.13|0|054|306|||||6.250|0.00||||||||||||||||||||37640.13
F04Q10001409|200809|37589.88|0|055|305|||||6.250|0.00||||||||||||||||||||37589.88
F04Q10001409|200810|37539.37|0|056|304|||||6.250|0.00||||||||||||||||||||37539.37
F04Q10001409|200811|37488.60|0|057|303|||||6.250|0.00||||||||||||||||||||37488.60
F04Q10001409|200812|37437.56|0|058|302|||||6.250|0.00||||||||||||||||||||37437.56
F04Q10001409|200901|37386.26|0|059|301|||||6.250|0.00||||||||||||||||||||37386.26
F04Q10001409|200902|37334.69|0|060|300|||||6.250|0.00||||||||||||||||||||37334.69
F04Q10001409|200903|37282.85|0|061|299|||||6.250|0.00||||||||||||||||||||37282.85
F04Q10001409|200904|37230.74|0|062|298|||||6.250|0.00||||||||||||||||||||37230.74
F04Q10001409|200905|37178.36|0|063|297|||||6.250|0.00||||||||||||||||||||37178.36
F04Q10001409|200906|37125.71|0|064|296|||||6.250|0.00||||||||||||||||||||37125.71
F04Q10001409|200907|37072.78|0|065|295|||||6.250|0.00||||||||||||||||||||37072.78
F04Q10001409|200908|37019.58|0|066|294|||||6.250|0.00||||||||||||||||||||37019.58
F04Q10001409|200909|36966.10|0|067|293|||||6.250|0.00||||||||||||||||||||36966.10
F04Q10001409|200910|36912.34|0|068|292|||||6.250|0.00||||||||||||||||||||36912.34
F04Q10001409|200911|36858.30|0|069|291|||||6.250|0.00||||||||||||||||||||36858.30
F04Q10001409|200912|36803.98|0|070|290|||||6.250|0.00||||||||||||||||||||36803.98
F04Q10001409|201001|36749.38|0|071|289|||||6.250|0.00||||||||||||||||||||36749.38
F04Q10001409|201002|36694.49|0|072|288|||||6.250|0.00||||||||||||||||||||36694.49
F04Q10001409|201003|0.00|0|073|287|||01|201003|6.250|0.00|||||||||||||||36694.49|||||0.00
F04Q10001435|200402|96000.00|0|000|360|||||5.875|0.00||||||||||||||||||||96000.00
F04Q10001435|200403|96000.00|0|001|359|||||5.875|0.00||||||||||||||||||||96000.00
F04Q10001435|200404|96000.00|0|002|358|||||5.875|0.00||||||||||||||||||||96000.00
F04Q10001435|200405|96000.00|0|003|357|||||5.875|0.00||||||||||||||||||||96000.00
F04Q10001435|200406|96000.00|0|004|356|||||5.875|0.00||||||||||||||||||||96000.00
F04Q10001435|200407|96000.00|0|005|355|||||5.875|0.00||||||||||||||||||||96000.00
F04Q10001435|200408|95000.00|0|006|354|||||5.875|0.00||||||||||||||||||||95000.00
F04Q10001435|200409|95304.70|0|007|353|||||5.875|0.00||||||||||||||||||||95304.70
F04Q10001435|200410|95203.42|0|008|352|||||5.875|0.00||||||||||||||||||||95203.42
F04Q10001435|200411|95101.64|0|009|351|||||5.875|0.00||||||||||||||||||||95101.64
F04Q10001435|200412|94999.36|0|010|350|||||5.875|0.00||||||||||||||||||||94999.36
F04Q10001435|200501|94896.58|0|011|349|||||5.875|0.00||||||||||||||||||||94896.58
F04Q10001435|200502|94793.30|0|012|348|||||5.875|0.00||||||||||||||||||||94793.30
F04Q10001435|200503|94689.51|0|013|347|||||5.875|0.00||||||||||||||||||||94689.51
F04Q10001435|200504|94585.21|0|014|346|||||5.875|0.00||||||||||||||||||||94585.21
F04Q10001435|200505|94480.40|0|015|345|||||5.875|0.00||||||||||||||||||||94480.40
F04Q10001435|200506|94375.08|0|016|344|||||5.875|0.00||||||||||||||||||||94375.08
F04Q10001435|200507|94269.24|0|017|343|||||5.875|0.00||||||||||||||||||||94269.24
F04Q10001435|200508|94162.89|0|018|342|||||5.875|0.00||||||||||||||||||||94162.89
F04Q10001435|200509|94056.02|0|019|341|||||5.875|0.00||||||||||||||||||||94056.02
F04Q10001435|200510|93948.62|0|020|340|||||5.875|0.00||||||||||||||||||||93948.62
F04Q10001435|200511|93840.70|0|021|339|||||5.875|0.00||||||||||||||||||||93840.70
F04Q10001435|200512|93732.25|0|022|338|||||5.875|0.00||||||||||||||||||||93732.25
F04Q10001435|200601|93623.27|0|023|337|||||5.875|0.00||||||||||||||||||||93623.27
F04Q10001435|200602|93513.75|0|024|336|||||5.875|0.00||||||||||||||||||||93513.75
F04Q10001435|200603|93403.70|0|025|335|||||5.875|0.00||||||||||||||||||||93403.70
F04Q10001435|200604|93293.11|0|026|334|||||5.875|0.00||||||||||||||||||||93293.11
F04Q10001435|200605|93181.98|0|027|333|||||5.875|0.00||||||||||||||||||||93181.98
F04Q10001435|200606|93070.30|0|028|332|||||5.875|0.00||||||||||||||||||||93070.30
F04Q10001435|200607|92958.08|0|029|331|||||5.875|0.00||||||||||||||||||||92958.08
F04Q10001435|200608|92845.31|0|030|330|||||5.875|0.00||||||||||||||||||||92845.31
F04Q10001435|200609|92731.99|0|031|329|||||5.875|0.00||||||||||||||||||||92731.99
F04Q10001435|200610|92618.11|0|032|328|||||5.875|0.00||||||||||||||||||||92618.11
F04Q10001435|200611|92503.67|0|033|327|||||5.875|0.00||||||||||||||||||||92503.67
F04Q10001435|200612|92388.67|0|034|326|||||5.875|0.00||||||||||||||||||||92388.67
F04Q10001435|200701|92273.11|0|035|325|||||5.875|0.00||||||||||||||||||||92273.11
F04Q10001435|200702|92156.98|0|036|324|||||5.875|0.00||||||||||||||||||||92156.98
F04Q10001435|200703|92040.29|0|037|323|||||5.875|0.00||||||||||||||||||||92040.29
F04Q10001435|200704|91923.02|0|038|322|||||5.875|0.00||||||||||||||||||||91923.02
F04Q10001435|200705|91805.18|0|039|321|||||5.875|0.00||||||||||||||||||||91805.18
F04Q10001435|200706|91686.76|0|040|320|||||5.875|0.00||||||||||||||||||||91686.76
F04Q10001435|200707|91567.76|0|041|319|||||5.875|0.00||||||||||||||||||||91567.76
F04Q10001435|200708|91448.18|0|042|318|||||5.875|0.00||||||||||||||||||||91448.18
F04Q10001435|200709|91328.02|0|043|317|||||5.875|0.00||||||||||||||||||||91328.02
F04Q10001435|200710|91207.27|0|044|316|||||5.875|0.00||||||||||||||||||||91207.27
F04Q10001435|200711|91085.93|0|045|315|||||5.875|0.00||||||||||||||||||||91085.93
F04Q10001435|200712|90963.99|0|046|314|||||5.875|0.00||||||||||||||||||||90963.99
F04Q10001435|200801|90841.45|0|047|313|||||5.875|0.00||||||||||||||||||||90841.45
F04Q10001435|200802|90718.31|0|048|312|||||5.875|0.00||||||||||||||||||||90718.31
F04Q10001435|200803|90594.57|0|049|311|||||5.875|0.00||||||||||||||||||||90594.57
F04Q10001435|200804|90470.23|0|050|310|||||5.875|0.00||||||||||||||||||||90470.23
F04Q10001435|200805|90345.28|0|051|309|||||5.875|0.00||||||||||||||||||||90345.28
F04Q10001435|200806|90219.72|0|052|308|||||5.875|0.00||||||||||||||||||||90219.72
F04Q10001435|200807|90093.54|0|053|307|||||5.875|0.00||||||||||||||||||||90093.54
F04Q10001435|200808|89966.74|0|054|306|||||5.875|0.00||||||||||||||||||||89966.74
F04Q10001435|200809|89839.32|0|055|305|||||5.875|0.00||||||||||||||||||||89839.32
F04Q10001435|200810|89711.28|0|056|304|||||5.875|0.00||||||||||||||||||||89711.28
F04Q10001435|200811|89582.61|0|057|303|||||5.875|0.00||||||||||||||||||||89582.61
F04Q10001435|200812|89453.31|0|058|302|||||5.875|0.00||||||||||||||||||||89453.31
F04Q10001435|200901|89323.38|0|059|301|||||5.875|0.00||||||||||||||||||||89323.38
F04Q10001435|200902|89192.81|0|060|300|||||5.875|0.00||||||||||||||||||||89192.81
F04Q10001435|200903|89061.60|0|061|299|||||5.875|0.00||||||||||||||||||||89061.60
F04Q10001435|200904|88929.75|0|062|298|||||5.875|0.00||||||||||||||||||||88929.75
F04Q10001435|200905|88797.26|0|063|297|||||5.875|0.00||||||||||||||||||||88797.26
F04Q10001435|200906|88664.12|0|064|296|||||5.875|0.00||||||||||||||||||||88664.12
F04Q10001435|200907|88530.32|0|065|295|||||5.875|0.00||||||||||||||||||||88530.32
F04Q10001435|200908|88395.87|0|066|294|||||5.875|0.00||||||||||||||||||||88395.87
F04Q10001435|200909|88260.76|0|067|293|||||5.875|0.00||||||||||||||||||||88260.76
F04Q10001435|200910|88124.99|0|068|292|||||5.875|0.00||||||||||||||||||||88124.99
F04Q10001435|200911|87988.56|0|069|291|||||5.875|0.00||||||||||||||||||||87988.56
F04Q10001435|200912|87851.46|0|070|290|||||5.875|0.00||||||||||||||||||||87851.46
F04Q10001435|201001|87713.69|0|071|289|||||5.875|0.00||||||||||||||||||||87713.69
F04Q10001435|201002|87575.24|0|072|288|||||5.875|0.00||||||||||||||||||||87575.24
F04Q10001435|201003|87436.11|0|073|287|||||5.875|0.00||||||||||||||||||||87436.11
F04Q10001435|201004|87296.30|0|074|286|||||5.875|0.00||||||||||||||||||||87296.30
F04Q10001435|201005|87155.81|0|075|285|||||5.875|0.00||||||||||||||||||||87155.81
F04Q10001435|201006|87014.63|0|076|284|||||5.875|0.00||||||||||||||||||||87014.63
F04Q10001435|201007|86872.76|0|077|283|||||5.875|0.00||||||||||||||||||||86872.76
F04Q10001435|201008|86730.19|0|078|282|||||5.875|0.00||||||||||||||||||||86730.19
F04Q10001435|201009|86586.93|0|079|281|||||5.875|0.00||||||||||||||||||||86586.93
F04Q10001435|201010|86442.97|0|080|280|||||5.875|0.00||||||||||||||||||||86442.97
F04Q10001435|201011|86298.30|0|081|279|||||5.875|0.00||||||||||||||||||||86298.30
F04Q10001435|201012|86152.92|0|082|278|||||5.875|0.00||||||||||||||||||||86152.92
F04Q10001435|201101|86006.83|0|083|277|||||5.875|0.00||||||||||||||||||||86006.83
F04Q10001435|201102|85860.03|0|084|276|||||5.875|0.00||||||||||||||||||||85860.03
F04Q10001435|201103|85712.51|0|085|275|||||5.875|0.00||||||||||||||||||||85712.51
F04Q10001435|201104|85564.26|0|086|274|||||5.875|0.00||||||||||||||||||||85564.26
F04Q10001435|201105|85415.29|0|087|273|||||5.875|0.00||||||||||||||||||||85415.29
F04Q10001435|201106|85265.59|0|088|272|||||5.875|0.00||||||||||||||||||||85265.59
F04Q10001435|201107|85115.16|0|089|271|||||5.875|0.00||||||||||||||||||||85115.16
F04Q10001435|201108|84963.99|0|090|270|||||5.875|0.00||||||||||||||||||||84963.99
F04Q10001435|201109|84812.08|0|091|269|||||5.875|0.00||||||||||||||||||||84812.08
F04Q10001435|201110|84659.43|0|092|268|||||5.875|0.00||||||||||||||||||||84659.43
F04Q10001435|201111|84506.03|0|093|267|||||5.875|0.00||||||||||||||||||||84506.03
F04Q10001435|201112|84351.88|0|094|266|||||5.875|0.00||||||||||||||||||||84351.88
F04Q10001435|201201|84196.97|0|095|265|||||5.875|0.00||||||||||||||||||||84196.97
F04Q10001435|201202|84041.30|0|096|264|||||5.875|0.00||||||||||||||||||||84041.30
F04Q10001435|201203|83884.87|0|097|263|||||5.875|0.00||||||||||||||||||||83884.87
F04Q10001435|201204|83727.68|0|098|262|||||5.875|0.00||||||||||||||||||||83727.68
F04Q10001435|201205|83569.72|0|099|261|||||5.875|0.00||||||||||||||||||||83569.72
F04Q10001435|201206|83410.98|0|100|260|||||5.875|0.00||||||||||||||||||||83410.98
F04Q10001435|201207|83251.47|0|101|259|||||5.875|0.00||||||||||||||||||||83251.47
F04Q10001435|201208|83091.18|0|102|258|||||5.875|0.00||||||||||||||||||||83091.18
F04Q10001435|201209|82930.10|0|103|257|||||5.875|0.00||||||||||||||||||||82930.10
F04Q10001435|201210|82768.23|0|104|256|||||5.875|0.00||||||||||||||||||||82768.23
F04Q10001435|201211|82605.57|0|105|255|||||5.875|0.00||||||||||||||||||||82605.57
F04Q10001435|201212|82442.11|0|106|254|||||5.875|0.00||||||||||||||||||||82442.11
F04Q10001435|201301|82277.85|0|107|253|||||5.875|0.00||||||||||||||||||||82277.85
F04Q10001435|201302|82112.79|0|108|252|||||5.875|0.00||||||||||||||||||||82112.79
F04Q10001435|201303|81946.92|0|109|251|||||5.875|0.00||||||||||||||||||||81946.92
F04Q10001435|201304|81780.24|0|110|250|||||5.875|0.00||||||||||||||||||||81780.24
F04Q10001435|201305|81612.74|0|111|249|||||5.875|0.00||||||||||||||||||||81612.74
F04Q10001435|201306|81444.42|0|112|248|||||5.875|0.00||||||||||||||||||||81444.42
F04Q10001435|201307|81275.28|0|113|247|||||5.875|0.00||||||||||||||||||||81275.28
F04Q10001435|201308|81105.31|0|114|246|||||5.875|0.00||||||||||||||||||||81105.31
F04Q10001435|201309|0.00|0|115|245|||01|201309|5.875|0.00|||||||||||||||81105.31|||||0.00
F04Q10001466|200401|88000.00|0|000|180|||||5.125|0.00||||||||||||||||||||88000.00
F04Q10001466|200402|88000.00|0|001|179|||||5.125|0.00||||||||||||||||||||88000.00
F04Q10001466|200403|88000.00|0|002|178|||||5.125|0.00||||||||||||||||||||88000.00
F04Q10001466|200404|87000.00|0|003|177|||||5.125|0.00||||||||||||||||||||87000.00
F04Q10001466|200405|87000.00|0|004|176|||||5.125|0.00||||||||||||||||||||87000.00
F04Q10001466|200406|86000.00|0|005|175|||||5.125|0.00||||||||||||||||||||86000.00
F04Q10001466|200407|86000.00|0|006|174|||||5.125|0.00||||||||||||||||||||86000.00
F04Q10001466|200408|86024.10|0|007|173|||||5.125|0.00||||||||||||||||||||86024.10
F04Q10001466|200409|85689.84|0|008|172|||||5.125|0.00||||||||||||||||||||85689.84
F04Q10001466|200410|85354.16|0|009|171|||||5.125|0.00||||||||||||||||||||85354.16
F04Q10001466|200411|85017.04|0|010|170|||||5.125|0.00||||||||||||||||||||85017.04
F04Q10001466|200412|84338.48|0|011|169|||||5.125|0.00||||||||||||||||||||84338.48
F04Q10001466|200501|83997.03|0|012|168|||||5.125|0.00||||||||||||||||||||83997.03
F04Q10001466|200502|83654.12|0|013|167|||||5.125|0.00||||||||||||||||||||83654.12
F04Q10001466|200503|83309.74|0|014|166|||||5.125|0.00||||||||||||||||||||83309.74
F04Q10001466|200504|82963.89|0|015|165|||||5.125|0.00||||||||||||||||||||82963.89
F04Q10001466|200505|82963.89|0|016|164|||||5.125|0.00||||||||||||||||||||82963.89
F04Q10001466|200506|82616.56|0|017|163|||||5.125|0.00||||||||||||||||||||82616.56
F04Q10001466|200507|81917.45|0|018|162|||||5.125|0.00||||||||||||||||||||81917.45
F04Q10001466|200508|81565.66|0|019|161|||||5.125|0.00||||||||||||||||||||81565.66
F04Q10001466|200509|81565.66|0|020|160|||||5.125|0.00||||||||||||||||||||81565.66
F04Q10001466|200510|81212.36|0|021|159|||||5.125|0.00||||||||||||||||||||81212.36
F04Q10001466|200511|80501.23|0|022|158|||||5.125|0.00||||||||||||||||||||80501.23
F04Q10001466|200512|80501.23|0|023|157|||||5.125|0.00||||||||||||||||||||80501.23
F04Q10001466|200601|80143.39|0|024|156|||||5.125|0.00||||||||||||||||||||80143.39
F04Q10001466|200602|79784.02|0|025|155|||||5.125|0.00||||||||||||||||||||79784.02
F04Q10001466|200603|79423.11|0|026|154|||||5.125|0.00||||||||||||||||||||79423.11
F04Q10001466|200604|78696.66|0|027|153|||||5.125|0.00||||||||||||||||||||78696.66
F04Q10001466|200605|78331.11|0|028|152|||||5.125|0.00||||||||||||||||||||78331.11
F04Q10001466|200606|77964.00|0|029|151|||||5.125|0.00||||||||||||||||||||77964.00
F04Q10001466|200607|77595.32|0|030|150|||||5.125|0.00||||||||||||||||||||77595.32
F04Q10001466|200608|77225.07|0|031|149|||||5.125|0.00||||||||||||||||||||77225.07
F04Q10001466|200609|76853.24|0|032|148|||||5.125|0.00||||||||||||||||||||76853.24
F04Q10001466|200610|76479.82|0|033|147|||||5.125|0.00||||||||||||||||||||76479.82
F04Q10001466|200611|76104.80|0|034|146|||||5.125|0.00||||||||||||||||||||76104.80
F04Q10001466|200612|75728.18|0|035|145|||||5.125|0.00||||||||||||||||||||75728.18
F04Q10001466|200701|75349.95|0|036|144|||||5.125|0.00||||||||||||||||||||75349.95
F04Q10001466|200702|75349.95|0|037|143|||||5.125|0.00||||||||||||||||||||75349.95
F04Q10001466|200703|74588.64|0|038|142|||||5.125|0.00||||||||||||||||||||74588.64
F04Q10001466|200704|74588.64|0|039|141|||||5.125|0.00||||||||||||||||||||74588.64
F04Q10001466|200705|74205.55|0|040|140|||||5.125|0.00||||||||||||||||||||74205.55
F04Q10001466|200706|73434.45|0|041|139|||||5.125|0.00||||||||||||||||||||73434.45
F04Q10001466|200707|73046.43|0|042|138|||||5.125|0.00||||||||||||||||||||73046.43
F04Q10001466|200708|73046.43|0|043|137|||||5.125|0.00||||||||||||||||||||73046.43
F04Q10001466|200709|72656.75|0|044|136|||||5.125|0.00||||||||||||||||||||72656.75
F04Q10001466|200710|71872.38|0|045|135|||||5.125|0.00||||||||||||||||||||71872.38
F04Q10001466|200711|71872.38|0|046|134|||||5.125|0.00||||||||||||||||||||71872.38
F04Q10001466|200712|71081.30|0|047|133|||||5.125|0.00||||||||||||||||||||71081.30
F04Q10001466|200801|70683.23|0|048|132|||||5.125|0.00||||||||||||||||||||70683.23
F04Q10001466|200802|70283.46|0|049|131|||||5.125|0.00||||||||||||||||||||70283.46
F04Q10001466|200803|69881.98|0|050|130|||||5.125|0.00||||||||||||||||||||69881.98
F04Q10001466|200804|69478.78|0|051|129|||||5.125|0.00||||||||||||||||||||69478.78
F04Q10001466|200805|69073.86|0|052|128|||||5.125|0.00||||||||||||||||||||69073.86
F04Q10001466|200806|68667.21|0|053|127|||||5.125|0.00||||||||||||||||||||68667.21
F04Q10001466|200807|68258.83|0|054|126|||||5.125|0.00||||||||||||||||||||68258.83
F04Q10001466|200808|67848.70|0|055|125|||||5.125|0.00||||||||||||||||||||67848.70
F04Q10001466|200809|67436.82|0|056|124|||||5.125|0.00||||||||||||||||||||67436.82
F04Q10001466|200810|67023.18|0|057|123|||||5.125|0.00||||||||||||||||||||67023.18
F04Q10001466|200811|66607.77|0|058|122|||||5.125|0.00||||||||||||||||||||66607.77
F04Q10001466|200812|66190.59|0|059|121|||||5.125|0.00||||||||||||||||||||66190.59
F04Q10001466|200901|65771.63|0|060|120|||||5.125|0.00||||||||||||||||||||65771.63
F04Q10001466|200902|65350.88|0|061|119|||||5.125|0.00||||||||||||||||||||65350.88
F04Q10001466|200903|64928.33|0|062|118|||||5.125|0.00||||||||||||||||||||64928.33
F04Q10001466|200904|64503.98|0|063|117|||||5.125|0.00||||||||||||||||||||64503.98
F04Q10001466|200905|64077.82|0|064|116|||||5.125|0.00||||||||||||||||||||64077.82
F04Q10001466|200906|63649.84|0|065|115|||||5.125|0.00||||||||||||||||||||63649.84
F04Q10001466|200907|63649.84|0|066|114|||||5.125|0.00||||||||||||||||||||63649.84
F04Q10001466|200908|62788.38|0|067|113|||||5.125|0.00||||||||||||||||||||62788.38
F04Q10001466|200909|62354.89|0|068|112|||||5.125|0.00||||||||||||||||||||62354.89
F04Q10001466|200910|61919.55|0|069|111|||||5.125|0.00||||||||||||||||||||61919.55
F04Q10001466|200911|61482.35|0|070|110|||||5.125|0.00||||||||||||||||||||61482.35
F04Q10001466|200912|61043.28|0|071|109|||||5.125|0.00||||||||||||||||||||61043.28
F04Q10001466|201001|60602.34|0|072|108|||||5.125|0.00||||||||||||||||||||60602.34
F04Q10001466|201002|0.00|0|073|107|||01|201002|5.125|0.00|||||||||||||||60602.34|||||0.00
F04Q10001524|200402|80000.00|0|000|360|||||5.875|0.00||||||||||||||||||||80000.00
F04Q10001524|200403|80000.00|0|001|359|||||5.875|0.00||||||||||||||||||||80000.00
F04Q10001524|200404|80000.00|0|002|358|||||5.875|0.00||||||||||||||||||||80000.00
F04Q10001524|200405|80000.00|0|003|357|||||5.875|0.00||||||||||||||||||||80000.00
F04Q10001524|200406|80000.00|0|004|356|||||5.875|0.00||||||||||||||||||||80000.00
F04Q10001524|200407|80000.00|0|005|355|||||5.875|0.00||||||||||||||||||||80000.00
F04Q10001524|200408|80000.00|0|006|354|||||5.875|0.00||||||||||||||||||||80000.00
F04Q10001524|200409|79473.30|0|007|353|||||5.875|0.00||||||||||||||||||||79473.30
F04Q10001524|200410|79473.30|0|008|352|||||5.875|0.00||||||||||||||||||||79473.30
F04Q10001524|200411|79290.05|0|009|351|||||5.875|0.00||||||||||||||||||||79290.05
F04Q10001524|200412|79197.75|0|010|350|||||5.875|0.00||||||||||||||||||||79197.75
F04Q10001524|200501|79197.75|0|011|349|||||5.875|0.00||||||||||||||||||||79197.75
F04Q10001524|200502|79009.95|0|012|348|||||5.875|0.00||||||||||||||||||||79009.95
F04Q10001524|200503|79009.95|0|013|347|||||5.875|0.00||||||||||||||||||||79009.95
F04Q10001524|200504|78915.36|0|014|346|||||5.875|0.00||||||||||||||||||||78915.36
F04Q10001524|200505|78820.31|0|015|345|||||5.875|0.00||||||||||||||||||||78820.31
F04Q10001524|200506|78724.79|0|016|344|||||5.875|0.00||||||||||||||||||||78724.79
F04Q10001524|200507|78628.80|0|017|343|||||5.875|0.00||||||||||||||||||||78628.80
F04Q10001524|200508|78532.34|0|018|342|||||5.875|0.00||||||||||||||||||||78532.34
F04Q10001524|200509|0.00|0|019|341|||01|200509|5.875|0.00|||||||||||||||78532.34|||||0.00
F04Q10001605|200402|200000.00|0|000|360|||||5.875|0.00||||||||||||||||||||200000.00
F04Q10001605|200403|200000.00|0|001|359|||||5.875|0.00||||||||||||||||||||200000.00
F04Q10001605|200404|200000.00|0|002|358|||||5.875|0.00||||||||||||||||||||200000.00
F04Q10001605|200405|199000.00|0|003|357|||||5.875|0.00||||||||||||||||||||199000.00
F04Q10001605|200406|199000.00|0|004|356|||||5.875|0.00||||||||||||||||||||199000.00
F04Q10001605|200407|199000.00|0|005|355|||||5.875|0.00||||||||||||||||||||199000.00
F04Q10001605|200408|199000.00|0|006|354|||||5.875|0.00||||||||||||||||||||199000.00
F04Q10001605|200409|198551.48|0|007|353|||||5.875|0.00||||||||||||||||||||198551.48
F04Q10001605|200410|198340.47|0|008|352|||||5.875|0.00||||||||||||||||||||198340.47
F04Q10001605|200411|58128.43|0|009|351|||||5.875|0.00||||||||||||||||||||58128.43
F04Q10001605|200412|57229.94|0|010|350|||||5.875|0.00||||||||||||||||||||57229.94
F04Q10001605|200501|56267.90|0|011|349|||||5.875|0.00||||||||||||||||||||56267.90
F04Q10001605|200502|56267.90|0|012|348|||||5.875|0.00||||||||||||||||||||56267.90
F04Q10001605|200503|54448.25|0|013|347|||||5.875|0.00||||||||||||||||||||54448.25
F04Q10001605|200504|53531.74|0|014|346|||||5.875|0.00||||||||||||||||||||53531.74
F04Q10001605|200505|52610.74|0|015|345|||||5.875|0.00||||||||||||||||||||52610.74
F04Q10001605|200506|51685.23|0|016|344|||||5.875|0.00||||||||||||||||||||51685.23
F04Q10001605|200507|50755.19|0|017|343|||||5.875|0.00||||||||||||||||||||50755.19
F04Q10001605|200508|49820.60|0|018|342|||||5.875|0.00||||||||||||||||||||49820.60
F04Q10001605|200509|48881.43|0|019|341|||||5.875|0.00||||||||||||||||||||48881.43
F04Q10001605|200510|47937.67|0|020|340|||||5.875|0.00||||||||||||||||||||47937.67
F04Q10001605|200511|46989.28|0|021|339|||||5.875|0.00||||||||||||||||||||46989.28
F04Q10001605|200512|46036.25|0|022|338|||||5.875|0.00||||||||||||||||||||46036.25
F04Q10001605|200601|45078.56|0|023|337|||||5.875|0.00||||||||||||||||||||45078.56
F04Q10001605|200602|44116.18|0|024|336|||||5.875|0.00||||||||||||||||||||44116.18
F04Q10001605|200603|0.00|0|025|335|||01|200603|5.875|0.00|||||||||||||||44116.18|||||0.00
F04Q10001612|200402|249000.00|0|000|360|||||5.750|0.00||||||||||||||||||||249000.00
F04Q10001612|200403|249000.00|0|001|359|||||5.750|0.00||||||||||||||||||||249000.00
F04Q10001612|200404|249000.00|0|002|358|||||5.750|0.00||||||||||||||||||||249000.00
F04Q10001612|200405|248000.00|0|003|357|||||5.750|0.00||||||||||||||||||||248000.00
F04Q10001612|200406|248000.00|0|004|356|||||5.750|0.00||||||||||||||||||||248000.00
F04Q10001612|200407|248000.00|0|005|355|||||5.750|0.00||||||||||||||||||||248000.00
F04Q10001612|200408|247000.00|0|006|354|||||5.750|0.00||||||||||||||||||||247000.00
F04Q10001612|200409|246975.85|0|007|353|||||5.750|0.00||||||||||||||||||||246975.85
F04Q10001612|200410|246659.28|0|008|352|||||5.750|0.00||||||||||||||||||||246659.28
F04Q10001612|200411|246341.19|0|009|351|||||5.750|0.00||||||||||||||||||||246341.19
F04Q10001612|200412|246021.57|0|010|350|||||5.750|0.00||||||||||||||||||||246021.57
F04Q10001612|200501|245700.42|0|011|349|||||5.750|0.00||||||||||||||||||||245700.42
F04Q10001612|200502|245423.76|0|012|348|||||5.750|0.00||||||||||||||||||||245423.76
F04Q10001612|200503|245099.75|0|013|347|||||5.750|0.00||||||||||||||||||||245099.75
F04Q10001612|200504|244774.19|0|014|346|||||5.750|0.00||||||||||||||||||||244774.19
F04Q10001612|200505|244447.07|0|015|345|||||5.750|0.00||||||||||||||||||||244447.07
F04Q10001612|200506|244118.38|0|016|344|||||5.750|0.00||||||||||||||||||||244118.38
F04Q10001612|200507|243788.11|0|017|343|||||5.750|0.00||||||||||||||||||||243788.11
F04Q10001612|200508|243456.26|0|018|342|||||5.750|0.00||||||||||||||||||||243456.26
F04Q10001612|200509|0.00|0|019|341|||01|200509|5.750|0.00|||||||||||||||243456.26|||||0.00
F04Q10001685|200402|85000.00|0|000|360|||||5.750|0.00||||||||||||||||||||85000.00
F04Q10001685|200403|85000.00|0|001|359|||||5.750|0.00||||||||||||||||||||85000.00
F04Q10001685|200404|85000.00|0|002|358|||||5.750|0.00||||||||||||||||||||85000.00
F04Q10001685|200405|85000.00|0|003|357|||||5.750|0.00||||||||||||||||||||85000.00
F04Q10001685|200406|85000.00|0|004|356|||||5.750|0.00||||||||||||||||||||85000.00
F04Q10001685|200407|85000.00|0|005|355|||||5.750|0.00||||||||||||||||||||85000.00
F04Q10001685|200408|85000.00|0|006|354|||||5.750|0.00||||||||||||||||||||85000.00
F04Q10001685|200409|84650.37|0|007|353|||||5.750|0.00||||||||||||||||||||84650.37
F04Q10001685|200410|84539.07|0|008|352|||||5.750|0.00||||||||||||||||||||84539.07
F04Q10001685|200411|84427.23|0|009|351|||||5.750|0.00||||||||||||||||||||84427.23
F04Q10001685|200412|84427.23|0|010|350|||||5.750|0.00||||||||||||||||||||84427.23
F04Q10001685|200501|84143.67|0|011|349|||||5.750|0.00||||||||||||||||||||84143.67
F04Q10001685|200502|84029.94|0|012|348|||||5.750|0.00||||||||||||||||||||84029.94
F04Q10001685|200503|83917.65|0|013|347|||||5.750|0.00||||||||||||||||||||83917.65
F04Q10001685|200504|83804.83|0|014|346|||||5.750|0.00||||||||||||||||||||83804.83
F04Q10001685|200505|83691.46|0|015|345|||||5.750|0.00||||||||||||||||||||83691.46
F04Q10001685|200506|83577.55|0|016|344|||||5.750|0.00||||||||||||||||||||83577.55
F04Q10001685|200507|83463.10|0|017|343|||||5.750|0.00||||||||||||||||||||83463.10
F04Q10001685|200508|83348.10|0|018|342|||||5.750|0.00||||||||||||||||||||83348.10
F04Q10001685|200509|83232.54|0|019|341|||||5.750|0.00||||||||||||||||||||83232.54
F04Q10001685|200510|83116.44|0|020|340|||||5.750|0.00||||||||||||||||||||83116.44
F04Q10001685|200511|82999.77|0|021|339|||||5.750|0.00||||||||||||||||||||82999.77
F04Q10001685|200512|82882.55|0|022|338|||||5.750|0.00||||||||||||||||||||82882.55
F04Q10001685|200601|82764.76|0|023|337|||||5.750|0.00||||||||||||||||||||82764.76
F04Q10001685|200602|82646.42|0|024|336|||||5.750|0.00||||||||||||||||||||82646.42
F04Q10001685|200603|82543.92|0|025|335|||||5.750|0.00||||||||||||||||||||82543.92
F04Q10001685|200604|82441.07|0|026|334|||||5.750|0.00||||||||||||||||||||82441.07
F04Q10001685|200605|82299.59|0|027|333|||||5.750|0.00||||||||||||||||||||82299.59
F04Q10001685|200606|82195.57|0|028|332|||||5.750|0.00||||||||||||||||||||82195.57
F04Q10001685|200607|82090.92|0|029|331|||||5.750|0.00||||||||||||||||||||82090.92
F04Q10001685|200608|81985.90|0|030|330|||||5.750|0.00||||||||||||||||||||81985.90
F04Q10001685|200609|81985.90|0|031|329|||||5.750|0.00||||||||||||||||||||81985.90
F04Q10001685|200610|81774.21|0|032|328|||||5.750|0.00||||||||||||||||||||81774.21
F04Q10001685|200611|81774.21|0|033|327|||||5.750|0.00||||||||||||||||||||81774.21
F04Q10001685|200612|81560.63|0|034|326|||||5.750|0.00||||||||||||||||||||81560.63
F04Q10001685|200701|81560.63|1|035|325|||||5.750|0.00||||||||||||||||||||81560.63
F04Q10001685|200702|81560.63|2|036|324|||||5.750|0.00||||||||||||||||||||81560.63
F04Q10001685|200703|81560.63|3|037|323|||||5.750|0.00||||||||||||||||||||81560.63
F04Q10001685|200704|81560.63|4|038|322|||||5.750|0.00||||||||||||||||||||81560.63
F04Q10001685|200705|81560.63|5|039|321|||||5.750|0.00||||||||||||||||||||81560.63
F04Q10001685|200706|81560.63|6|040|320|||||5.750|0.00||||||||||||||||||||81560.63
F04Q10001685|200707|81560.63|7|041|319|||||5.750|0.00||||||||||||||||||||81560.63
F04Q10001685|200708|81560.63|8|042|318|||||5.750|0.00||||||||||||||||||||81560.63
F04Q10001685|200709|81560.63|9|043|317|||||5.750|0.00||||||||||||||||||||81560.63
F04Q10001685|200710|81560.63|RA|044|316|||||5.750|0.00||||||||||||||||||||81560.63
F04Q10001685|200711|81560.63|RA|045|315|||||5.750|0.00||||||||||||||||||||81560.63
F04Q10001685|200712|81560.63|RA|046|314|||||5.750|0.00||||||||||||||||||||81560.63
F04Q10001685|200801|81560.63|RA|047|313|||||5.750|0.00||||||||||||||||||||81560.63
F04Q10001685|200802|81560.63|RA|048|312|||||5.750|0.00||||||||||||||||||||81560.63
F04Q10001685|200803|81560.63|RA|049|311|||||5.750|0.00||||||||||||||||||||81560.63
F04Q10001685|200804|0.00|RA|050|310|||09|200804|5.750|0.00|200612|0.00|45359.08|1768.50|-11918.40|-4894.67|-2613.40|-4140.33|-270.00|-52223.82|||||81560.63|5872.37||||0.00
F04Q10001847|200402|136000.00|0|000|360|||||5.500|0.00||||||||||||||||||||136000.00
F04Q10001847|200403|136000.00|0|001|359|||||5.500|0.00||||||||||||||||||||136000.00
F04Q10001847|200404|136000.00|0|002|358|||||5.500|0.00||||||||||||||||||||136000.00
F04Q10001847|200405|136000.00|0|003|357|||||5.500|0.00||||||||||||||||||||136000.00
F04Q10001847|200406|135000.00|0|004|356|||||5.500|0.00||||||||||||||||||||135000.00
F04Q10001847|200407|135000.00|0|005|355|||||5.500|0.00||||||||||||||||||||135000.00
F04Q10001847|200408|135000.00|0|006|354|||||5.500|0.00||||||||||||||||||||135000.00
F04Q10001847|200409|135096.57|0|007|353|||||5.500|0.00||||||||||||||||||||135096.57
F04Q10001847|200410|134789.87|0|008|352|||||5.500|0.00||||||||||||||||||||134789.87
F04Q10001847|200411|134635.47|0|009|351|||||5.500|0.00||||||||||||||||||||134635.47
F04Q10001847|200412|134635.47|0|010|350|||||5.500|0.00||||||||||||||||||||134635.47
F04Q10001847|200501|134324.54|0|011|349|||||5.500|0.00||||||||||||||||||||134324.54
F04Q10001847|200502|134168.00|0|012|348|||||5.500|0.00||||||||||||||||||||134168.00
F04Q10001847|200503|134010.75|0|013|347|||||5.500|0.00||||||||||||||||||||134010.75
F04Q10001847|200504|133852.78|0|014|346|||||5.500|0.00||||||||||||||||||||133852.78
F04Q10001847|200505|133694.08|0|015|345|||||5.500|0.00||||||||||||||||||||133694.08
F04Q10001847|200506|133534.65|0|016|344|||||5.500|0.00||||||||||||||||||||133534.65
F04Q10001847|200507|133374.49|0|017|343|||||5.500|0.00||||||||||||||||||||133374.49
F04Q10001847|200508|133213.60|0|018|342|||||5.500|0.00||||||||||||||||||||133213.60
F04Q10001847|200509|133051.97|0|019|341|||||5.500|0.00||||||||||||||||||||133051.97
F04Q10001847|200510|132889.60|0|020|340|||||5.500|0.00||||||||||||||||||||132889.60
F04Q10001847|200511|132726.49|0|021|339|||||5.500|0.00||||||||||||||||||||132726.49
F04Q10001847|200512|132562.63|0|022|338|||||5.500|0.00||||||||||||||||||||132562.63
F04Q10001847|200601|132398.02|0|023|337|||||5.500|0.00||||||||||||||||||||132398.02
F04Q10001847|200602|132398.02|0|024|336|||||5.500|0.00||||||||||||||||||||132398.02
F04Q10001847|200603|132232.65|0|025|335|||||5.500|0.00||||||||||||||||||||132232.65
F04Q10001847|200604|132066.53|0|026|334|||||5.500|0.00||||||||||||||||||||132066.53
F04Q10001847|200605|131899.64|0|027|333|||||5.500|0.00||||||||||||||||||||131899.64
F04Q10001847|200606|131731.99|0|028|332|||||5.500|0.00||||||||||||||||||||131731.99
F04Q10001847|200607|131563.57|0|029|331|||||5.500|0.00||||||||||||||||||||131563.57
F04Q10001847|200608|131193.52|0|030|330|||||5.500|0.00||||||||||||||||||||131193.52
F04Q10001847|200609|131193.52|1|031|329|||||5.500|0.00||||||||||||||||||||131193.52
F04Q10001847|200610|131193.52|0|032|328|||||5.500|0.00||||||||||||||||||||131193.52
F04Q10001847|200611|130850.96|1|033|327|||||5.500|0.00||||||||||||||||||||130850.96
F04Q10001847|200612|130850.96|1|034|326|||||5.500|0.00||||||||||||||||||||130850.96
F04Q10001847|200701|130678.50|2|035|325|||||5.500|0.00||||||||||||||||||||130678.50
F04Q10001847|200702|130331.21|1|036|324|||||5.500|0.00||||||||||||||||||||130331.21
F04Q10001847|200703|130331.21|1|037|323|||||5.500|0.00||||||||||||||||||||130331.21
F04Q10001847|200704|130156.37|0|038|322|||||5.500|0.00||||||||||||||||||||130156.37
F04Q10001847|200705|129627.04|0|039|321|||||5.500|0.00||||||||||||||||||||129627.04
F04Q10001847|200706|129448.97|0|040|320|||||5.500|0.00||||||||||||||||||||129448.97
F04Q10001847|200707|129448.97|0|041|319|||||5.500|0.00||||||||||||||||||||129448.97
F04Q10001847|200708|129270.09|0|042|318|||||5.500|0.00||||||||||||||||||||129270.09
F04Q10001847|200709|129090.39|0|043|317|||||5.500|0.00||||||||||||||||||||129090.39
F04Q10001847|200710|128909.86|1|044|316|||||5.500|0.00||||||||||||||||||||128909.86
F04Q10001847|200711|128527.24|0|045|315|||||5.500|0.00||||||||||||||||||||128527.24
F04Q10001847|200712|128527.24|0|046|314|||||5.500|0.00||||||||||||||||||||128527.24
F04Q10001847|200801|128344.13|1|047|313|||||5.500|0.00||||||||||||||||||||128344.13
F04Q10001847|200802|128344.13|0|048|312|||||5.500|0.00||||||||||||||||||||128344.13
F04Q10001847|200803|127975.39|1|049|311|||||5.500|0.00||||||||||||||||||||127975.39
F04Q10001847|200804|127789.75|1|050|310|||||5.500|0.00||||||||||||||||||||127789.75
F04Q10001847|200805|127789.75|1|051|309|||||5.500|0.00||||||||||||||||||||127789.75
F04Q10001847|200806|127603.26|1|052|308|||||5.500|0.00||||||||||||||||||||127603.26
F04Q10001847|200807|127415.92|2|053|307|||||5.500|0.00||||||||||||||||||||127415.92
F04Q10001847|200808|127227.72|2|054|306|||||5.500|0.00||||||||||||||||||||127227.72
F04Q10001847|200809|127227.72|1|055|305|||||5.500|0.00||||||||||||||||||||127227.72
F04Q10001847|200810|126657.93|1|056|304|||||5.500|0.00||||||||||||||||||||126657.93
F04Q10001847|200811|126657.93|1|057|303|||||5.500|0.00||||||||||||||||||||126657.93
F04Q10001847|200812|126466.26|1|058|302|||||5.500|0.00||||||||||||||||||||126466.26
F04Q10001847|200901|126080.27|1|059|301|||||5.500|0.00||||||||||||||||||||126080.27
F04Q10001847|200902|125885.95|1|060|300|||||5.500|0.00||||||||||||||||||||125885.95
F04Q10001847|200903|125885.95|2|061|299|||||5.500|0.00||||||||||||||||||||125885.95
F04Q10001847|200904|125690.74|2|062|298|||||5.500|0.00||||||||||||||||||||125690.74
F04Q10001847|200905|125494.63|2|063|297|||||5.500|0.00||||||||||||||||||||125494.63
F04Q10001847|200906|125297.62|2|064|296|||||5.500|0.00||||||||||||||||||||125297.62
F04Q10001847|200907|125099.71|2|065|295|||||5.500|0.00||||||||||||||||||||125099.71
F04Q10001847|200908|125099.71|3|066|294|||||5.500|0.00||||||||||||||||||||125099.71
F04Q10001847|200909|124900.89|2|067|293|||||5.500|0.00||||||||||||||||||||124900.89
F04Q10001847|200910|124701.16|2|068|292|||||5.500|0.00||||||||||||||||||||124701.16
F04Q10001847|200911|124500.52|2|069|291|||||5.500|0.00||||||||||||||||||||124500.52
F04Q10001847|200912|124298.96|3|070|290|||||5.500|0.00||||||||||||||||||||124298.96
F04Q10001847|201001|124298.96|2|071|289|||||5.500|0.00||||||||||||||||||||124298.96
F04Q10001847|201002|123893.06|3|072|288|||||5.500|0.00||||||||||||||||||||123893.06
F04Q10001847|201003|123893.06|4|073|287|||||5.500|0.00||||||||||||||||||||123893.06
F04Q10001847|201004|123893.06|5|074|286|||||5.500|0.00||||||||||||||||||||123893.06
F04Q10001847|201005|123893.06|6|075|285|||||5.500|0.00||||||||||||||||||||123893.06
F04Q10001847|201006|123893.06|7|076|284|||||5.500|0.00||||||||||||||||||||123893.06
F04Q10001847|201007|123893.06|8|077|283|||||5.500|0.00||||||||||||||||||||123893.06
F04Q10001847|201008|123893.06|9|078|282|||||5.500|0.00||||||||||||||||||||123893.06
F04Q10001847|201009|123893.06|9|079|281|||||5.500|0.00||||||||||||||||||||123893.06
F04Q10001847|201010|131910.10|0|080|280|||||5.500|0.00||||||||||||||||||||131910.10
F04Q10001847|201011|131910.10|0|002|478||Y|||3.875|0.00||||||||||||N|||||||178.63|131910.10
F04Q10001847|201012|131793.29|0|003|477||P|||3.875|0.00||||||||||||N|||||||178.63|131793.29
F04Q10001847|201101|131676.10|0|004|476||P|||3.875|0.00||||||||||||N|||||||178.47|131676.10
F04Q10001847|201102|131558.53|0|005|475||P|||3.875|0.00||||||||||||N|||||||178.31|131558.53
F04Q10001847|201103|131440.58|0|006|474||P|||3.875|0.00||||||||||||N|||||||178.15|131440.58
F04Q10001847|201104|131322.25|0|007|473||P|||3.875|0.00||||||||||||N|||||||177.99|131322.25
F04Q10001847|201105|131203.54|0|008|472||P|||3.875|0.00||||||||||||N|||||||177.83|131203.54
F04Q10001847|201106|131586.16|0|009|471||P|||3.875|0.00||||||||||||N|||||||177.67|131586.16
F04Q10001847|201107|131453.25|0|010|470||P|||3.875|0.00||||||||||||N|||||||178.19|131453.25
F04Q10001847|201108|131319.91|0|011|469||P|||3.875|0.00||||||||||||N|||||||178.01|131319.91
F04Q10001847|201109|131186.14|0|012|468||P|||3.875|0.00||||||||||||N|||||||177.83|131186.14
F04Q10001847|201110|131051.94|0|013|467||P|||3.875|0.00||||||||||||N|||||||177.65|131051.94
F04Q10001847|201111|130930.61|0|014|466||P|||3.875|0.00||||||||||||N|||||||177.47|130930.61
F04Q10001847|201112|130808.89|0|015|465||P|||3.875|0.00||||||||||||N|||||||177.30|130808.89
F04Q10001847|201201|130686.77|0|016|464||P|||3.875|0.00||||||||||||N|||||||177.14|130686.77
F04Q10001847|201202|130564.26|0|017|463||P|||3.875|0.00||||||||||||N|||||||176.97|130564.26
F04Q10001847|201203|130441.35|0|018|462||P|||3.875|0.00||||||||||||N|||||||176.81|130441.35
F04Q10001847|201204|130318.05|0|019|461||P|||3.875|0.00||||||||||||N|||||||176.64|130318.05
F04Q10001847|201205|130194.35|0|020|460||P|||3.875|0.00||||||||||||N|||||||176.47|130194.35
F04Q10001847|201206|130070.25|0|021|459||P|||3.875|0.00||||||||||||N|||||||176.30|130070.25
F04Q10001847|201207|130070.25|0|022|458||P|||3.875|0.00||||||||||||N|||||||176.14|130070.25
F04Q10001847|201208|129945.75|1|023|457||P|||3.875|0.00||||||||||||N|||||||176.14|129945.75
F04Q10001847|201209|129945.75|2|024|456||P|||3.875|0.00||||||||||||N|||||||175.97|129945.75
F04Q10001847|201210|129820.85|2|025|455||P|||3.875|0.00||||||||||||N|||||||175.97|129820.85
F04Q10001847|201211|129820.85|3|026|454||P|||3.875|0.00||||||||||||N|||||||175.80|129820.85
F04Q10001847|201212|129820.85|4|027|453||P|||3.875|0.00||||||||||||N|||||||175.80|129820.85
F04Q10001847|201301|129820.85|5|028|452||P|||3.875|0.00||||||||||||N|||||||175.80|129820.85
F04Q10001847|201302|129820.85|6|029|451||P|||3.875|0.00||||||||||||N|||||||175.80|129820.85
F04Q10001847|201303|129820.85|7|030|450||P|||3.875|0.00||||||||||||N|||||||175.80|129820.85
F04Q10001847|201304|129820.85|8|031|449||P|||3.875|0.00||||||||||||N|||||||175.80|129820.85
F04Q10001847|201305|129820.85|9|032|448||P|||3.875|0.00||||||||||||N|||||||175.80|129820.85
F04Q10001847|201306|129820.85|10|033|447||P|||3.875|0.00||||||||||||N|||||||175.80|129820.85
F04Q10001847|201307|129820.85|11|034|446||P|||3.875|0.00||||||||||||N|||||||175.80|129820.85
F04Q10001847|201308|129820.85|12|035|445||P|||3.875|0.00||||||||||||N|||||||175.80|129820.85
F04Q10001847|201309|129820.85|13|036|444||P|||3.875|0.00||||||||||||N|||||||175.80|129820.85
F04Q10001847|201310|129820.85|14|037|443||P|||3.875|0.00||||||||||||N|||||||175.80|129820.85
F04Q10001847|201311|129820.85|15|038|442||P|||3.875|0.00||||||||||||N|||||||175.80|129820.85
F04Q10001847|201312|129820.85|16|039|441||P|||3.875|0.00||||||||||||N|||||||175.80|129820.85
F04Q10001847|201401|129820.85|17|040|440||P|||3.875|0.00||||||||||||N|||||||175.80|129820.85
F04Q10001847|201402|129820.85|18|041|439||P|||3.875|0.00||||||||||||N|||||||175.80|129820.85
F04Q10001847|201403|129820.85|19|042|438||P|||3.875|0.00||||||||||||N|||||||175.80|129820.85
F04Q10001847|201404|129820.85|20|043|437||P|||3.875|0.00||||||||||||N|||||||175.80|129820.85
F04Q10001847|201405|129820.85|RA|044|436||P|||3.875|0.00||||||||||||N|||||||175.80|129820.85
F04Q10001847|201406|129820.85|RA|045|435||P|||3.875|0.00||||||||||||N|||||||175.80|129820.85
F04Q10001847|201407|129820.85|RA|046|434||P|||3.875|0.00||||||||||||N|||||||175.80|129820.85
F04Q10001847|201408|0.00|RA|047|433||P|09|201408|3.875|0.00|201208|0.00|26640.89|138.49|-12425.74|-4311.64|-2370.25|-4366.90|-1376.95|-124619.58|8124.28|N|||129820.85|9152.37|||175.80|0.00
F04Q10001983|200402|232000.00|0|000|360|||||5.875|0.00||||||||||||||||||||232000.00
F04Q10001983|200403|232000.00|0|001|359|||||5.875|0.00||||||||||||||||||||232000.00
F04Q10001983|200404|231000.00|0|002|358|||||5.875|0.00||||||||||||||||||||231000.00
F04Q10001983|200405|231000.00|0|003|357|||||5.875|0.00||||||||||||||||||||231000.00
F04Q10001983|200406|231000.00|0|004|356|||||5.875|0.00||||||||||||||||||||231000.00
F04Q10001983|200407|231000.00|0|005|355|||||5.875|0.00||||||||||||||||||||231000.00
F04Q10001983|200408|230000.00|0|006|354|||||5.875|0.00||||||||||||||||||||230000.00
F04Q10001983|200409|230220.43|0|007|353|||||5.875|0.00||||||||||||||||||||230220.43
F04Q10001983|200410|229975.77|0|008|352|||||5.875|0.00||||||||||||||||||||229975.77
F04Q10001983|200411|229729.91|0|009|351|||||5.875|0.00||||||||||||||||||||229729.91
F04Q10001983|200412|229482.85|0|010|350|||||5.875|0.00||||||||||||||||||||229482.85
F04Q10001983|200501|229234.58|0|011|349|||||5.875|0.00||||||||||||||||||||229234.58
F04Q10001983|200502|228985.09|0|012|348|||||5.875|0.00||||||||||||||||||||228985.09
F04Q10001983|200503|228734.38|0|013|347|||||5.875|0.00||||||||||||||||||||228734.38
F04Q10001983|200504|228482.45|0|014|346|||||5.875|0.00||||||||||||||||||||228482.45
F04Q10001983|200505|228229.28|0|015|345|||||5.875|0.00||||||||||||||||||||228229.28
F04Q10001983|200506|227974.87|0|016|344|||||5.875|0.00||||||||||||||||||||227974.87
F04Q10001983|200507|227719.22|0|017|343|||||5.875|0.00||||||||||||||||||||227719.22
F04Q10001983|200508|227462.32|0|018|342|||||5.875|0.00||||||||||||||||||||227462.32
F04Q10001983|200509|227204.16|0|019|341|||||5.875|0.00||||||||||||||||||||227204.16
F04Q10001983|200510|226944.73|0|020|340|||||5.875|0.00||||||||||||||||||||226944.73
F04Q10001983|200511|226684.03|0|021|339|||||5.875|0.00||||||||||||||||||||226684.03
F04Q10001983|200512|226422.06|0|022|338|||||5.875|0.00||||||||||||||||||||226422.06
F04Q10001983|200601|226158.80|0|023|337|||||5.875|0.00||||||||||||||||||||226158.80
F04Q10001983|200602|225894.26|0|024|336|||||5.875|0.00||||||||||||||||||||225894.26
F04Q10001983|200603|0.00|0|025|335|||01|200603|5.875|0.00|||||||||||||||225894.26|||||0.00
F04Q10002009|200402|115000.00|0|000|360|||||5.875|0.00||||||||||||||||||||115000.00
F04Q10002009|200403|115000.00|0|001|359|||||5.875|0.00||||||||||||||||||||115000.00
F04Q10002009|200404|115000.00|0|002|358|||||5.875|0.00||||||||||||||||||||115000.00
F04Q10002009|200405|115000.00|0|003|357|||||5.875|0.00||||||||||||||||||||115000.00
F04Q10002009|200406|115000.00|0|004|356|||||5.875|0.00||||||||||||||||||||115000.00
F04Q10002009|200407|114000.00|0|005|355|||||5.875|0.00||||||||||||||||||||114000.00
F04Q10002009|200408|114000.00|0|006|354|||||5.875|0.00||||||||||||||||||||114000.00
F04Q10002009|200409|114167.10|0|007|353|||||5.875|0.00||||||||||||||||||||114167.10
F04Q10002009|200410|114045.77|0|008|352|||||5.875|0.00||||||||||||||||||||114045.77
F04Q10002009|200411|113923.85|0|009|351|||||5.875|0.00||||||||||||||||||||113923.85
F04Q10002009|200412|113801.33|0|010|350|||||5.875|0.00||||||||||||||||||||113801.33
F04Q10002009|200501|113801.33|0|011|349|||||5.875|0.00||||||||||||||||||||113801.33
F04Q10002009|200502|113554.49|0|012|348|||||5.875|0.00||||||||||||||||||||113554.49
F04Q10002009|200503|113430.16|0|013|347|||||5.875|0.00||||||||||||||||||||113430.16
F04Q10002009|200504|113430.16|0|014|346|||||5.875|0.00||||||||||||||||||||113430.16
F04Q10002009|200505|113139.61|0|015|345|||||5.875|0.00||||||||||||||||||||113139.61
F04Q10002009|200506|112988.25|0|016|344|||||5.875|0.00||||||||||||||||||||112988.25
F04Q10002009|200507|112836.15|0|017|343|||||5.875|0.00||||||||||||||||||||112836.15
F04Q10002009|200508|112836.15|0|018|342|||||5.875|0.00||||||||||||||||||||112836.15
F04Q10002009|200509|112683.31|0|019|341|||||5.875|0.00||||||||||||||||||||112683.31
F04Q10002009|200510|112375.38|0|020|340|||||5.875|0.00||||||||||||||||||||112375.38
F04Q10002009|200511|112375.38|0|021|339|||||5.875|0.00||||||||||||||||||||112375.38
F04Q10002009|200512|112089.54|0|022|338|||||5.875|0.00||||||||||||||||||||112089.54
F04Q10002009|200601|112114.54|0|023|337|||||5.875|0.00||||||||||||||||||||112114.54
F04Q10002009|200602|111727.64|0|024|336|||||5.875|0.00||||||||||||||||||||111727.64
F04Q10002009|200603|111569.37|0|025|335|||||5.875|0.00||||||||||||||||||||111569.37
F04Q10002009|200604|111569.37|0|026|334|||||5.875|0.00||||||||||||||||||||111569.37
F04Q10002009|200605|111250.51|0|027|333|||||5.875|0.00||||||||||||||||||||111250.51
F04Q10002009|200606|111089.90|0|028|332|||||5.875|0.00||||||||||||||||||||111089.90
F04Q10002009|200607|111089.90|0|029|331|||||5.875|0.00||||||||||||||||||||111089.90
F04Q10002009|200608|110928.51|0|030|330|||||5.875|0.00||||||||||||||||||||110928.51
F04Q10002009|200609|110766.33|0|031|329|||||5.875|0.00||||||||||||||||||||110766.33
F04Q10002009|200610|110603.35|0|032|328|||||5.875|0.00||||||||||||||||||||110603.35
F04Q10002009|200611|110275.00|0|033|327|||||5.875|0.00||||||||||||||||||||110275.00
F04Q10002009|200612|110275.00|0|034|326|||||5.875|0.00||||||||||||||||||||110275.00
F04Q10002009|200701|109993.55|0|035|325|||||5.875|0.00||||||||||||||||||||109993.55
F04Q10002009|200702|109819.90|0|036|324|||||5.875|0.00||||||||||||||||||||109819.90
F04Q10002009|200703|109655.40|0|037|323|||||5.875|0.00||||||||||||||||||||109655.40
F04Q10002009|200704|109655.40|0|038|322|||||5.875|0.00||||||||||||||||||||109655.40
F04Q10002009|200705|109313.79|0|039|321|||||5.875|0.00||||||||||||||||||||109313.79
F04Q10002009|200706|109313.79|0|040|320|||||5.875|0.00||||||||||||||||||||109313.79
F04Q10002009|200707|109168.70|0|041|319|||||5.875|0.00||||||||||||||||||||109168.70
F04Q10002009|200708|108990.82|0|042|318|||||5.875|0.00||||||||||||||||||||108990.82
F04Q10002009|200709|108696.76|0|043|317|||||5.875|0.00||||||||||||||||||||108696.76
F04Q10002009|200710|108548.65|0|044|316|||||5.875|0.00||||||||||||||||||||108548.65
F04Q10002009|200711|108399.82|0|045|315|||||5.875|0.00||||||||||||||||||||108399.82
F04Q10002009|200712|108250.26|0|046|314|||||5.875|0.00||||||||||||||||||||108250.26
F04Q10002009|200801|108099.97|0|047|313|||||5.875|0.00||||||||||||||||||||108099.97
F04Q10002009|200802|107948.94|0|048|312|||||5.875|0.00||||||||||||||||||||107948.94
F04Q10002009|200803|107797.17|0|049|311|||||5.875|0.00||||||||||||||||||||107797.17
F04Q10002009|200804|107644.66|0|050|310|||||5.875|0.00||||||||||||||||||||107644.66
F04Q10002009|200805|107462.62|0|051|309|||||5.875|0.00||||||||||||||||||||107462.62
F04Q10002009|200806|107279.69|0|052|308|||||5.875|0.00||||||||||||||||||||107279.69
F04Q10002009|200807|107124.64|0|053|307|||||5.875|0.00||||||||||||||||||||107124.64
F04Q10002009|200808|0.00|0|054|306|||01|200808|5.875|0.00|||||||||||||||107124.64|||||0.00
F04Q10002059|200402|308000.00|0|000|360|||||7.250|0.00||||||||||||||||||||308000.00
F04Q10002059|200403|308000.00|0|001|359|||||7.250|0.00||||||||||||||||||||308000.00
F04Q10002059|200404|308000.00|0|002|358|||||7.250|0.00||||||||||||||||||||308000.00
F04Q10002059|200405|0.00|0|003|357|200405||96|200405|7.250|0.00|||||||||||||||307717.69|||||0.00
F04Q10002109|200402|126000.00|0|000|180|||||5.125|0.00||||||||||||||||||||126000.00
F04Q10002109|200403|126000.00|0|001|179|||||5.125|0.00||||||||||||||||||||126000.00
F04Q10002109|200404|125000.00|0|002|178|||||5.125|0.00||||||||||||||||||||125000.00
F04Q10002109|200405|125000.00|0|003|177|||||5.125|0.00||||||||||||||||||||125000.00
F04Q10002109|200406|125000.00|0|004|176|||||5.125|0.00||||||||||||||||||||125000.00
F04Q10002109|200407|124000.00|0|005|175|||||5.125|0.00||||||||||||||||||||124000.00
F04Q10002109|200408|124000.00|0|006|174|||||5.125|0.00||||||||||||||||||||124000.00
F04Q10002109|200409|123101.37|0|007|173|||||5.125|0.00||||||||||||||||||||123101.37
F04Q10002109|200410|123101.37|0|008|172|||||5.125|0.00||||||||||||||||||||123101.37
F04Q10002109|200411|122619.15|0|009|171|||||5.125|0.00||||||||||||||||||||122619.15
F04Q10002109|200412|121648.52|0|010|170|||||5.125|0.00||||||||||||||||||||121648.52
F04Q10002109|200501|121160.09|0|011|169|||||5.125|0.00||||||||||||||||||||121160.09
F04Q10002109|200502|120669.57|0|012|168|||||5.125|0.00||||||||||||||||||||120669.57
F04Q10002109|200503|120176.96|0|013|167|||||5.125|0.00||||||||||||||||||||120176.96
F04Q10002109|200504|119682.25|0|014|166|||||5.125|0.00||||||||||||||||||||119682.25
F04Q10002109|200505|119185.42|0|015|165|||||5.125|0.00||||||||||||||||||||119185.42
F04Q10002109|200506|118686.47|0|016|164|||||5.125|0.00||||||||||||||||||||118686.47
F04Q10002109|200507|118185.39|0|017|163|||||5.125|0.00||||||||||||||||||||118185.39
F04Q10002109|200508|117682.17|0|018|162|||||5.125|0.00||||||||||||||||||||117682.17
F04Q10002109|200509|117176.80|0|019|161|||||5.125|0.00||||||||||||||||||||117176.80
F04Q10002109|200510|0.00|0|020|160|||01|200510|5.125|0.00|||||||||||||||117176.80|||||0.00
F04Q10002132|200402|48000.00|0|000|180|||||5.125|0.00||||||||||||||||||||48000.00
F04Q10002132|200403|47000.00|0|001|179|||||5.125|0.00||||||||||||||||||||47000.00
F04Q10002132|200404|47000.00|0|002|178|||||5.125|0.00||||||||||||||||||||47000.00
F04Q10002132|200405|47000.00|0|003|177|||||5.125|0.00||||||||||||||||||||47000.00
F04Q10002132|200406|47000.00|0|004|176|||||5.125|0.00||||||||||||||||||||47000.00
F04Q10002132|200407|47000.00|0|005|175|||||5.125|0.00||||||||||||||||||||47000.00
F04Q10002132|200408|47000.00|0|006|174|||||5.125|0.00||||||||||||||||||||47000.00
F04Q10002132|200409|46350.48|0|007|173|||||5.125|0.00||||||||||||||||||||46350.48
F04Q10002132|200410|46168.92|0|008|172|||||5.125|0.00||||||||||||||||||||46168.92
F04Q10002132|200411|45986.58|0|009|171|||||5.125|0.00||||||||||||||||||||45986.58
F04Q10002132|200412|45803.46|0|010|170|||||5.125|0.00||||||||||||||||||||45803.46
F04Q10002132|200501|45619.56|0|011|169|||||5.125|0.00||||||||||||||||||||45619.56
F04Q10002132|200502|45434.88|0|012|168|||||5.125|0.00||||||||||||||||||||45434.88
F04Q10002132|200503|45249.41|0|013|167|||||5.125|0.00||||||||||||||||||||45249.41
F04Q10002132|200504|45063.14|0|014|166|||||5.125|0.00||||||||||||||||||||45063.14
F04Q10002132|200505|44858.08|0|015|165|||||5.125|0.00||||||||||||||||||||44858.08
F04Q10002132|200506|44670.22|0|016|164|||||5.125|0.00||||||||||||||||||||44670.22
F04Q10002132|200507|44481.48|0|017|163|||||5.125|0.00||||||||||||||||||||44481.48
F04Q10002132|200508|44291.93|0|018|162|||||5.125|0.00||||||||||||||||||||44291.93
F04Q10002132|200509|0.00|0|019|161|||01|200509|5.125|0.00|||||||||||||||44291.93|||||0.00
F04Q10002214|200401|270000.00|0|000|180|||||4.875|0.00||||||||||||||||||||270000.00
F04Q10002214|200402|269000.00|0|001|179|||||4.875|0.00||||||||||||||||||||269000.00
F04Q10002214|200403|268000.00|0|002|178|||||4.875|0.00||||||||||||||||||||268000.00
F04Q10002214|200404|267000.00|0|003|177|||||4.875|0.00||||||||||||||||||||267000.00
F04Q10002214|200405|266000.00|0|004|176|||||4.875|0.00||||||||||||||||||||266000.00
F04Q10002214|200406|265000.00|0|005|175|||||4.875|0.00||||||||||||||||||||265000.00
F04Q10002214|200407|264000.00|0|006|174|||||4.875|0.00||||||||||||||||||||264000.00
F04Q10002214|200408|262669.89|0|007|173|||||4.875|0.00||||||||||||||||||||262669.89
F04Q10002214|200409|261620.17|0|008|172|||||4.875|0.00||||||||||||||||||||261620.17
F04Q10002214|200410|260566.18|0|009|171|||||4.875|0.00||||||||||||||||||||260566.18
F04Q10002214|200411|259507.91|0|010|170|||||4.875|0.00||||||||||||||||||||259507.91
F04Q10002214|200412|258445.34|0|011|169|||||4.875|0.00||||||||||||||||||||258445.34
F04Q10002214|200501|257378.45|0|012|168|||||4.875|0.00||||||||||||||||||||257378.45
F04Q10002214|200502|256307.23|0|013|167|||||4.875|0.00||||||||||||||||||||256307.23
F04Q10002214|200503|255231.66|0|014|166|||||4.875|0.00||||||||||||||||||||255231.66
F04Q10002214|200504|254151.72|0|015|165|||||4.875|0.00||||||||||||||||||||254151.72
F04Q10002214|200505|253067.39|0|016|164|||||4.875|0.00||||||||||||||||||||253067.39
F04Q10002214|200506|251978.66|0|017|163|||||4.875|0.00||||||||||||||||||||251978.66
F04Q10002214|200507|250885.50|0|018|162|||||4.875|0.00||||||||||||||||||||250885.50
F04Q10002214|200508|249787.90|0|019|161|||||4.875|0.00||||||||||||||||||||249787.90
F04Q10002214|200509|248685.84|0|020|160|||||4.875|0.00||||||||||||||||||||248685.84
F04Q10002214|200510|247579.31|0|021|159|||||4.875|0.00||||||||||||||||||||247579.31
F04Q10002214|200511|246468.28|0|022|158|||||4.875|0.00||||||||||||||||||||246468.28
F04Q10002214|200512|245352.74|0|023|157|||||4.875|0.00||||||||||||||||||||245352.74
F04Q10002214|200601|244232.67|0|024|156|||||4.875|0.00||||||||||||||||||||244232.67
F04Q10002214|200602|243108.05|0|025|155|||||4.875|0.00||||||||||||||||||||243108.05
F04Q10002214|200603|241978.86|0|026|154|||||4.875|0.00||||||||||||||||||||241978.86
F04Q10002214|200604|240845.08|0|027|153|||||4.875|0.00||||||||||||||||||||240845.08
F04Q10002214|200605|239706.69|0|028|152|||||4.875|0.00||||||||||||||||||||239706.69
F04Q10002214|200606|238563.68|0|029|151|||||4.875|0.00||||||||||||||||||||238563.68
F04Q10002214|200607|237416.02|0|030|150|||||4.875|0.00||||||||||||||||||||237416.02
F04Q10002214|200608|236263.70|0|031|149|||||4.875|0.00||||||||||||||||||||236263.70
F04Q10002214|200609|235106.70|0|032|148|||||4.875|0.00||||||||||||||||||||235106.70
F04Q10002214|200610|233945.00|0|033|147|||||4.875|0.00||||||||||||||||||||233945.00
F04Q10002214|200611|232778.58|0|034|146|||||4.875|0.00||||||||||||||||||||232778.58
F04Q10002214|200612|231607.42|0|035|145|||||4.875|0.00||||||||||||||||||||231607.42
F04Q10002214|200701|230431.51|0|036|144|||||4.875|0.00||||||||||||||||||||230431.51
F04Q10002214|200702|229250.82|0|037|143|||||4.875|0.00||||||||||||||||||||229250.82
F04Q10002214|200703|228065.33|0|038|142|||||4.875|0.00||||||||||||||||||||228065.33
F04Q10002214|200704|226875.03|0|039|141|||||4.875|0.00||||||||||||||||||||226875.03
F04Q10002214|200705|225679.89|0|040|140|||||4.875|0.00||||||||||||||||||||225679.89
F04Q10002214|200706|224479.89|0|041|139|||||4.875|0.00||||||||||||||||||||224479.89
F04Q10002214|200707|223275.02|0|042|138|||||4.875|0.00||||||||||||||||||||223275.02
F04Q10002214|200708|222065.25|0|043|137|||||4.875|0.00||||||||||||||||||||222065.25
F04Q10002214|200709|220850.57|0|044|136|||||4.875|0.00||||||||||||||||||||220850.57
F04Q10002214|200710|219630.96|0|045|135|||||4.875|0.00||||||||||||||||||||219630.96
F04Q10002214|200711|218406.39|0|046|134|||||4.875|0.00||||||||||||||||||||218406.39
F04Q10002214|200712|217176.85|0|047|133|||||4.875|0.00||||||||||||||||||||217176.85
F04Q10002214|200801|215942.31|0|048|132|||||4.875|0.00||||||||||||||||||||215942.31
F04Q10002214|200802|214702.76|0|049|131|||||4.875|0.00||||||||||||||||||||214702.76
F04Q10002214|200803|213458.17|0|050|130|||||4.875|0.00||||||||||||||||||||213458.17
F04Q10002214|200804|212208.52|0|051|129|||||4.875|0.00||||||||||||||||||||212208.52
F04Q10002214|200805|210953.80|0|052|128|||||4.875|0.00||||||||||||||||||||210953.80
F04Q10002214|200806|209693.98|0|053|127|||||4.875|0.00||||||||||||||||||||209693.98
F04Q10002214|200807|208429.04|0|054|126|||||4.875|0.00||||||||||||||||||||208429.04
F04Q10002214|200808|207158.96|0|055|125|||||4.875|0.00||||||||||||||||||||207158.96
F04Q10002214|200809|205883.72|0|056|124|||||4.875|0.00||||||||||||||||||||205883.72
F04Q10002214|200810|204603.30|0|057|123|||||4.875|0.00||||||||||||||||||||204603.30
F04Q10002214|200811|203317.68|0|058|122|||||4.875|0.00||||||||||||||||||||203317.68
F04Q10002214|200812|202026.84|0|059|121|||||4.875|0.00||||||||||||||||||||202026.84
F04Q10002214|200901|200730.75|0|060|120|||||4.875|0.00||||||||||||||||||||200730.75
F04Q10002214|200902|199429.40|0|061|119|||||4.875|0.00||||||||||||||||||||199429.40
F04Q10002214|200903|198122.76|0|062|118|||||4.875|0.00||||||||||||||||||||198122.76
F04Q10002214|200904|196810.81|0|063|117|||||4.875|0.00||||||||||||||||||||196810.81
F04Q10002214|200905|195493.53|0|064|116|||||4.875|0.00||||||||||||||||||||195493.53
F04Q10002214|200906|194170.90|0|065|115|||||4.875|0.00||||||||||||||||||||194170.90
F04Q10002214|200907|192842.90|0|066|114|||||4.875|0.00||||||||||||||||||||192842.90
F04Q10002214|200908|191509.50|0|067|113|||||4.875|0.00||||||||||||||||||||191509.50
F04Q10002214|200909|190170.69|0|068|112|||||4.875|0.00||||||||||||||||||||190170.69
F04Q10002214|200910|188826.44|0|069|111|||||4.875|0.00||||||||||||||||||||188826.44
F04Q10002214|200911|187476.73|0|070|110|||||4.875|0.00||||||||||||||||||||187476.73
F04Q10002214|200912|186121.53|0|071|109|||||4.875|0.00||||||||||||||||||||186121.53
F04Q10002214|201001|184760.83|0|072|108|||||4.875|0.00||||||||||||||||||||184760.83
F04Q10002214|201002|183394.60|0|073|107|||||4.875|0.00||||||||||||||||||||183394.60
F04Q10002214|201003|182022.82|0|074|106|||||4.875|0.00||||||||||||||||||||182022.82
F04Q10002214|201004|180645.47|0|075|105|||||4.875|0.00||||||||||||||||||||180645.47
F04Q10002214|201005|179262.52|0|076|104|||||4.875|0.00||||||||||||||||||||179262.52
F04Q10002214|201006|177873.95|0|077|103|||||4.875|0.00||||||||||||||||||||177873.95
F04Q10002214|201007|176479.74|0|078|102|||||4.875|0.00||||||||||||||||||||176479.74
F04Q10002214|201008|175079.87|0|079|101|||||4.875|0.00||||||||||||||||||||175079.87
F04Q10002214|201009|173674.31|0|080|100|||||4.875|0.00||||||||||||||||||||173674.31
F04Q10002214|201010|172263.04|0|081|099|||||4.875|0.00||||||||||||||||||||172263.04
F04Q10002214|201011|170846.04|0|082|098|||||4.875|0.00||||||||||||||||||||170846.04
F04Q10002214|201012|169423.28|0|083|097|||||4.875|0.00||||||||||||||||||||169423.28
F04Q10002214|201101|167994.74|0|084|096|||||4.875|0.00||||||||||||||||||||167994.74
F04Q10002214|201102|166560.40|0|085|095|||||4.875|0.00||||||||||||||||||||166560.40
F04Q10002214|201103|165120.23|0|086|094|||||4.875|0.00||||||||||||||||||||165120.23
F04Q10002214|201104|163674.21|0|087|093|||||4.875|0.00||||||||||||||||||||163674.21
F04Q10002214|201105|162222.32|0|088|092|||||4.875|0.00||||||||||||||||||||162222.32
F04Q10002214|201106|160764.53|0|089|091|||||4.875|0.00||||||||||||||||||||160764.53
F04Q10002214|201107|159300.82|0|090|090|||||4.875|0.00||||||||||||||||||||159300.82
F04Q10002214|201108|157831.16|0|091|089|||||4.875|0.00||||||||||||||||||||157831.16
F04Q10002214|201109|156355.53|0|092|088|||||4.875|0.00||||||||||||||||||||156355.53
F04Q10002214|201110|154873.90|0|093|087|||||4.875|0.00||||||||||||||||||||154873.90
F04Q10002214|201111|153386.26|0|094|086|||||4.875|0.00||||||||||||||||||||153386.26
F04Q10002214|201112|151892.57|0|095|085|||||4.875|0.00||||||||||||||||||||151892.57
F04Q10002214|201201|150392.81|0|096|084|||||4.875|0.00||||||||||||||||||||150392.81
F04Q10002214|201202|148886.96|0|097|083|||||4.875|0.00||||||||||||||||||||148886.96
F04Q10002214|201203|147374.99|0|098|082|||||4.875|0.00||||||||||||||||||||147374.99
F04Q10002214|201204|145856.88|0|099|081|||||4.875|0.00||||||||||||||||||||145856.88
F04Q10002214|201205|144332.60|0|100|080|||||4.875|0.00||||||||||||||||||||144332.60
F04Q10002214|201206|142802.13|0|101|079|||||4.875|0.00||||||||||||||||||||142802.13
F04Q10002214|201207|141265.44|0|102|078|||||4.875|0.00||||||||||||||||||||141265.44
F04Q10002214|201208|139722.51|0|103|077|||||4.875|0.00||||||||||||||||||||139722.51
F04Q10002214|201209|138173.31|0|104|076|||||4.875|0.00||||||||||||||||||||138173.31
F04Q10002214|201210|136617.82|0|105|075|||||4.875|0.00||||||||||||||||||||136617.82
F04Q10002214|201211|135056.01|0|106|074|||||4.875|0.00||||||||||||||||||||135056.01
F04Q10002214|201212|133487.86|0|107|073|||||4.875|0.00||||||||||||||||||||133487.86
F04Q10002214|201301|131913.33|0|108|072|||||4.875|0.00||||||||||||||||||||131913.33
F04Q10002214|201302|130332.41|0|109|071|||||4.875|0.00||||||||||||||||||||130332.41
F04Q10002214|201303|128745.07|0|110|070|||||4.875|0.00||||||||||||||||||||128745.07
F04Q10002214|201304|127151.28|0|111|069|||||4.875|0.00||||||||||||||||||||127151.28
F04Q10002214|201305|125551.01|0|112|068|||||4.875|0.00||||||||||||||||||||125551.01
F04Q10002214|201306|123944.24|0|113|067|||||4.875|0.00||||||||||||||||||||123944.24
F04Q10002214|201307|122330.94|0|114|066|||||4.875|0.00||||||||||||||||||||122330.94
F04Q10002214|201308|120711.09|0|115|065|||||4.875|0.00||||||||||||||||||||120711.09
F04Q10002214|201309|119084.66|0|116|064|||||4.875|0.00||||||||||||||||||||119084.66
F04Q10002214|201310|117451.62|0|117|063|||||4.875|0.00||||||||||||||||||||117451.62
F04Q10002214|201311|115811.95|0|118|062|||||4.875|0.00||||||||||||||||||||115811.95
F04Q10002214|201312|114165.62|0|119|061|||||4.875|0.00||||||||||||||||||||114165.62
F04Q10002214|201401|112512.60|0|120|060|||||4.875|0.00||||||||||||||||||||112512.60
F04Q10002214|201402|110852.86|0|121|059|||||4.875|0.00||||||||||||||||||||110852.86
F04Q10002214|201403|109186.38|0|122|058|||||4.875|0.00||||||||||||||||||||109186.38
F04Q10002214|201404|107513.13|0|123|057|||||4.875|0.00||||||||||||||||||||107513.13
F04Q10002214|201405|105833.08|0|124|056|||||4.875|0.00||||||||||||||||||||105833.08
F04Q10002214|201406|104146.21|0|125|055|||||4.875|0.00||||||||||||||||||||104146.21
F04Q10002214|201407|102452.48|0|126|054|||||4.875|0.00||||||||||||||||||||102452.48
F04Q10002214|201408|100751.87|0|127|053|||||4.875|0.00||||||||||||||||||||100751.87
F04Q10002214|201409|99044.35|0|128|052|||||4.875|0.00||||||||||||||||||||99044.35
F04Q10002214|201410|97329.90|0|129|051|||||4.875|0.00||||||||||||||||||||97329.90
F04Q10002214|201411|95608.48|0|130|050|||||4.875|0.00||||||||||||||||||||95608.48
F04Q10002214|201412|93880.07|0|131|049|||||4.875|0.00||||||||||||||||||||93880.07
F04Q10002214|201501|92144.64|0|132|048|||||4.875|0.00||||||||||||||||||||92144.64
F04Q10002214|201502|90402.16|0|133|047|||||4.875|0.00||||||||||||||||||||90402.16
F04Q10002214|201503|88652.60|0|134|046|||||4.875|0.00||||||||||||||||||||88652.60
F04Q10002214|201504|86895.93|0|135|045|||||4.875|0.00||||||||||||||||||||86895.93
F04Q10002214|201505|85132.12|0|136|044|||||4.875|0.00||||||||||||||||||||85132.12
F04Q10002214|201506|83361.15|0|137|043|||||4.875|0.00||||||||||||||||||||83361.15
F04Q10002214|201507|81582.98|0|138|042|||||4.875|0.00||||||||||||||||||||81582.98
F04Q10002214|201508|79797.59|0|139|041|||||4.875|0.00||||||||||||||||||||79797.59
F04Q10002214|201509|78004.95|0|140|040|||||4.875|0.00||||||||||||||||||||78004.95
F04Q10002214|201510|76205.03|0|141|039|||||4.875|0.00||||||||||||||||||||76205.03
F04Q10002214|201511|76205.03|0|142|038|||||4.875|0.00||||||||||||||||||||76205.03
F04Q10002214|201512|72583.21|0|143|037|||||4.875|0.00||||||||||||||||||||72583.21
F04Q10002214|201601|70761.26|0|144|036|||||4.875|0.00||||||||||||||||||||70761.26
F04Q10002214|201602|68931.91|0|145|035|||||4.875|0.00||||||||||||||||||||68931.91
F04Q10002214|201603|67095.13|0|146|034|||||4.875|0.00||||||||||||||||||||67095.13
F04Q10002214|201604|65250.88|0|147|033|||||4.875|0.00||||||||||||||||||||65250.88
F04Q10002214|201605|63399.14|0|148|032|||||4.875|0.00||||||||||||||||||||63399.14
F04Q10002214|201606|61539.88|0|149|031|||||4.875|0.00||||||||||||||||||||61539.88
F04Q10002214|201607|59673.07|0|150|030|||||4.875|0.00||||||||||||||||||||59673.07
F04Q10002214|201608|57798.67|0|151|029|||||4.875|0.00||||||||||||||||||||57798.67
F04Q10002214|201609|55916.66|0|152|028|||||4.875|0.00||||||||||||||||||||55916.66
F04Q10002214|201610|54027.00|0|153|027|||||4.875|0.00||||||||||||||||||||54027.00
F04Q10002214|201611|0.00|0|154|026|||01|201611|4.875|0.00|||||||||||||||54027.00|||||0.00
F04Q10002240|200402|80000.00|0|000|180|||||5.500|0.00||||||||||||||||||||80000.00
F04Q10002240|200403|80000.00|0|001|179|||||5.500|0.00||||||||||||||||||||80000.00
F04Q10002240|200404|79000.00|0|002|178|||||5.500|0.00||||||||||||||||||||79000.00
F04Q10002240|200405|79000.00|0|003|177|||||5.500|0.00||||||||||||||||||||79000.00
F04Q10002240|200406|79000.00|0|004|176|||||5.500|0.00||||||||||||||||||||79000.00
F04Q10002240|200407|79000.00|0|005|175|||||5.500|0.00||||||||||||||||||||79000.00
F04Q10002240|200408|78000.00|0|006|174|||||5.500|0.00||||||||||||||||||||78000.00
F04Q10002240|200409|77983.22|0|007|173|||||5.500|0.00||||||||||||||||||||77983.22
F04Q10002240|200410|77686.88|0|008|172|||||5.500|0.00||||||||||||||||||||77686.88
F04Q10002240|200411|77389.18|0|009|171|||||5.500|0.00||||||||||||||||||||77389.18
F04Q10002240|200412|77090.12|0|010|170|||||5.500|0.00||||||||||||||||||||77090.12
F04Q10002240|200501|76789.69|0|011|169|||||5.500|0.00||||||||||||||||||||76789.69
F04Q10002240|200502|76487.88|0|012|168|||||5.500|0.00||||||||||||||||||||76487.88
F04Q10002240|200503|76184.69|0|013|167|||||5.500|0.00||||||||||||||||||||76184.69
F04Q10002240|200504|75880.11|0|014|166|||||5.500|0.00||||||||||||||||||||75880.11
F04Q10002240|200505|75574.13|0|015|165|||||5.500|0.00||||||||||||||||||||75574.13
F04Q10002240|200506|75266.75|0|016|164|||||5.500|0.00||||||||||||||||||||75266.75
F04Q10002240|200507|74957.96|0|017|163|||||5.500|0.00||||||||||||||||||||74957.96
F04Q10002240|200508|74647.76|0|018|162|||||5.500|0.00||||||||||||||||||||74647.76
F04Q10002240|200509|74336.14|0|019|161|||||5.500|0.00||||||||||||||||||||74336.14
F04Q10002240|200510|74023.09|0|020|160|||||5.500|0.00||||||||||||||||||||74023.09
F04Q10002240|200511|73708.60|0|021|159|||||5.500|0.00||||||||||||||||||||73708.60
F04Q10002240|200512|73392.67|0|022|158|||||5.500|0.00||||||||||||||||||||73392.67
F04Q10002240|200601|73075.29|0|023|157|||||5.500|0.00||||||||||||||||||||73075.29
F04Q10002240|200602|72756.46|0|024|156|||||5.500|0.00||||||||||||||||||||72756.46
F04Q10002240|200603|72436.17|0|025|155|||||5.500|0.00||||||||||||||||||||72436.17
F04Q10002240|200604|72114.41|0|026|154|||||5.500|0.00||||||||||||||||||||72114.41
F04Q10002240|200605|71791.17|0|027|153|||||5.500|0.00||||||||||||||||||||71791.17
F04Q10002240|200606|71466.45|0|028|152|||||5.500|0.00||||||||||||||||||||71466.45
F04Q10002240|200607|71140.24|0|029|151|||||5.500|0.00||||||||||||||||||||71140.24
F04Q10002240|200608|70812.54|0|030|150|||||5.500|0.00||||||||||||||||||||70812.54
F04Q10002240|200609|70483.34|0|031|149|||||5.500|0.00||||||||||||||||||||70483.34
F04Q10002240|200610|70152.63|0|032|148|||||5.500|0.00||||||||||||||||||||70152.63
F04Q10002240|200611|69820.40|0|033|147|||||5.500|0.00||||||||||||||||||||69820.40
F04Q10002240|200612|69486.65|0|034|146|||||5.500|0.00||||||||||||||||||||69486.65
F04Q10002240|200701|69151.37|0|035|145|||||5.500|0.00||||||||||||||||||||69151.37
F04Q10002240|200702|68814.55|0|036|144|||||5.500|0.00||||||||||||||||||||68814.55
F04Q10002240|200703|68476.19|0|037|143|||||5.500|0.00||||||||||||||||||||68476.19
F04Q10002240|200704|68136.28|0|038|142|||||5.500|0.00||||||||||||||||||||68136.28
F04Q10002240|200705|67748.57|0|039|141|||||5.500|0.00||||||||||||||||||||67748.57
F04Q10002240|200706|67393.14|0|040|140|||||5.500|0.00||||||||||||||||||||67393.14
F04Q10002240|200707|67002.03|0|041|139|||||5.500|0.00||||||||||||||||||||67002.03
F04Q10002240|200708|66609.09|0|042|138|||||5.500|0.00||||||||||||||||||||66609.09
F04Q10002240|200709|66214.42|0|043|137|||||5.500|0.00||||||||||||||||||||66214.42
F04Q10002240|200710|65817.92|0|044|136|||||5.500|0.00||||||||||||||||||||65817.92
F04Q10002240|200711|65419.59|0|045|135|||||5.500|0.00||||||||||||||||||||65419.59
F04Q10002240|200712|65019.46|0|046|134|||||5.500|0.00||||||||||||||||||||65019.46
F04Q10002240|200801|64617.46|0|047|133|||||5.500|0.00||||||||||||||||||||64617.46
F04Q10002240|200802|64213.58|0|048|132|||||5.500|0.00||||||||||||||||||||64213.58
F04Q10002240|200803|63807.89|0|049|131|||||5.500|0.00||||||||||||||||||||63807.89
F04Q10002240|200804|63400.26|0|050|130|||||5.500|0.00||||||||||||||||||||63400.26
F04Q10002240|200805|62990.87|0|051|129|||||5.500|0.00||||||||||||||||||||62990.87
F04Q10002240|200806|62579.56|0|052|128|||||5.500|0.00||||||||||||||||||||62579.56
F04Q10002240|200807|62166.35|0|053|127|||||5.500|0.00||||||||||||||||||||62166.35
F04Q10002240|200808|61751.23|0|054|126|||||5.500|0.00||||||||||||||||||||61751.23
F04Q10002240|200809|61334.21|0|055|125|||||5.500|0.00||||||||||||||||||||61334.21
F04Q10002240|200810|60915.26|0|056|124|||||5.500|0.00||||||||||||||||||||60915.26
F04Q10002240|200811|60494.45|0|057|123|||||5.500|0.00||||||||||||||||||||60494.45
F04Q10002240|200812|60071.70|0|058|122|||||5.500|0.00||||||||||||||||||||60071.70
F04Q10002240|200901|59646.99|0|059|121|||||5.500|0.00||||||||||||||||||||59646.99
F04Q10002240|200902|59220.29|0|060|120|||||5.500|0.00||||||||||||||||||||59220.29
F04Q10002240|200903|58791.66|0|061|119|||||5.500|0.00||||||||||||||||||||58791.66
F04Q10002240|200904|58361.16|0|062|118|||||5.500|0.00||||||||||||||||||||58361.16
F04Q10002240|200905|57928.66|0|063|117|||||5.500|0.00||||||||||||||||||||57928.66
F04Q10002240|200906|57494.17|0|064|116|||||5.500|0.00||||||||||||||||||||57494.17
F04Q10002240|200907|57057.68|0|065|115|||||5.500|0.00||||||||||||||||||||57057.68
F04Q10002240|200908|56619.19|0|066|114|||||5.500|0.00||||||||||||||||||||56619.19
F04Q10002240|200909|56178.72|0|067|113|||||5.500|0.00||||||||||||||||||||56178.72
F04Q10002240|200910|55736.21|0|068|112|||||5.500|0.00||||||||||||||||||||55736.21
F04Q10002240|200911|55291.67|0|069|111|||||5.500|0.00||||||||||||||||||||55291.67
F04Q10002240|200912|54845.09|0|070|110|||||5.500|0.00||||||||||||||||||||54845.09
F04Q10002240|201001|54396.46|0|071|109|||||5.500|0.00||||||||||||||||||||54396.46
F04Q10002240|201002|53945.73|0|072|108|||||5.500|0.00||||||||||||||||||||53945.73
F04Q10002240|201003|53492.98|0|073|107|||||5.500|0.00||||||||||||||||||||53492.98
F04Q10002240|201004|53038.16|0|074|106|||||5.500|0.00||||||||||||||||||||53038.16
F04Q10002240|201005|52581.25|0|075|105|||||5.500|0.00||||||||||||||||||||52581.25
F04Q10002240|201006|52122.25|0|076|104|||||5.500|0.00||||||||||||||||||||52122.25
F04Q10002240|201007|51661.14|0|077|103|||||5.500|0.00||||||||||||||||||||51661.14
F04Q10002240|201008|51197.92|0|078|102|||||5.500|0.00||||||||||||||||||||51197.92
F04Q10002240|201009|50732.58|0|079|101|||||5.500|0.00||||||||||||||||||||50732.58
F04Q10002240|201010|50265.10|0|080|100|||||5.500|0.00||||||||||||||||||||50265.10
F04Q10002240|201011|49795.48|0|081|099|||||5.500|0.00||||||||||||||||||||49795.48
F04Q10002240|201012|49323.71|0|082|098|||||5.500|0.00||||||||||||||||||||49323.71
F04Q10002240|201101|48849.78|0|083|097|||||5.500|0.00||||||||||||||||||||48849.78
F04Q10002240|201102|48373.67|0|084|096|||||5.500|0.00||||||||||||||||||||48373.67
F04Q10002240|201103|47895.38|0|085|095|||||5.500|0.00||||||||||||||||||||47895.38
F04Q10002240|201104|47414.90|0|086|094|||||5.500|0.00||||||||||||||||||||47414.90
F04Q10002240|201105|46932.22|0|087|093|||||5.500|0.00||||||||||||||||||||46932.22
F04Q10002240|201106|46447.33|0|088|092|||||5.500|0.00||||||||||||||||||||46447.33
F04Q10002240|201107|45960.21|0|089|091|||||5.500|0.00||||||||||||||||||||45960.21
F04Q10002240|201108|45960.21|0|090|090|||||5.500|0.00||||||||||||||||||||45960.21
F04Q10002240|201109|45470.86|0|091|089|||||5.500|0.00||||||||||||||||||||45470.86
F04Q10002240|201110|44979.27|0|092|088|||||5.500|0.00||||||||||||||||||||44979.27
F04Q10002240|201111|43989.31|0|093|087|||||5.500|0.00||||||||||||||||||||43989.31
F04Q10002240|201112|43490.93|0|094|086|||||5.500|0.00||||||||||||||||||||43490.93
F04Q10002240|201201|42990.26|0|095|085|||||5.500|0.00||||||||||||||||||||42990.26
F04Q10002240|201202|42487.30|0|096|084|||||5.500|0.00||||||||||||||||||||42487.30
F04Q10002240|201203|41982.03|0|097|083|||||5.500|0.00||||||||||||||||||||41982.03
F04Q10002240|201204|41474.45|0|098|082|||||5.500|0.00||||||||||||||||||||41474.45
F04Q10002240|201205|40964.54|0|099|081|||||5.500|0.00||||||||||||||||||||40964.54
F04Q10002240|201206|40452.29|0|100|080|||||5.500|0.00||||||||||||||||||||40452.29
F04Q10002240|201207|39937.70|0|101|079|||||5.500|0.00||||||||||||||||||||39937.70
F04Q10002240|201208|39420.75|0|102|078|||||5.500|0.00||||||||||||||||||||39420.75
F04Q10002240|201209|38901.43|0|103|077|||||5.500|0.00||||||||||||||||||||38901.43
F04Q10002240|201210|38379.73|0|104|076|||||5.500|0.00||||||||||||||||||||38379.73
F04Q10002240|201211|37855.64|0|105|075|||||5.500|0.00||||||||||||||||||||37855.64
F04Q10002240|201212|37329.15|0|106|074|||||5.500|0.00||||||||||||||||||||37329.15
F04Q10002240|201301|36800.24|0|107|073|||||5.500|0.00||||||||||||||||||||36800.24
F04Q10002240|201302|36268.91|0|108|072|||||5.500|0.00||||||||||||||||||||36268.91
F04Q10002240|201303|35735.14|0|109|071|||||5.500|0.00||||||||||||||||||||35735.14
F04Q10002240|201304|35198.93|0|110|070|||||5.500|0.00||||||||||||||||||||35198.93
F04Q10002240|201305|34660.26|0|111|069|||||5.500|0.00||||||||||||||||||||34660.26
F04Q10002240|201306|34119.12|0|112|068|||||5.500|0.00||||||||||||||||||||34119.12
F04Q10002240|201307|33575.50|0|113|067|||||5.500|0.00||||||||||||||||||||33575.50
F04Q10002240|201308|33029.39|0|114|066|||||5.500|0.00||||||||||||||||||||33029.39
F04Q10002240|201309|32480.77|0|115|065|||||5.500|0.00||||||||||||||||||||32480.77
F04Q10002240|201310|31929.64|0|116|064|||||5.500|0.00||||||||||||||||||||31929.64
F04Q10002240|201311|31375.98|0|117|063|||||5.500|0.00||||||||||||||||||||31375.98
F04Q10002240|201312|31375.98|0|118|062|||||5.500|0.00||||||||||||||||||||31375.98
F04Q10002240|201401|30261.05|0|119|061|||||5.500|0.00||||||||||||||||||||30261.05
F04Q10002240|201402|29399.75|0|120|060|||||5.500|0.00||||||||||||||||||||29399.75
F04Q10002240|201403|28334.50|0|121|059|||||5.500|0.00||||||||||||||||||||28334.50
F04Q10002240|201404|27264.37|0|122|058|||||5.500|0.00||||||||||||||||||||27264.37
F04Q10002240|201405|26189.33|0|123|057|||||5.500|0.00||||||||||||||||||||26189.33
F04Q10002240|201406|25109.36|0|124|056|||||5.500|0.00||||||||||||||||||||25109.36
F04Q10002240|201407|24024.44|0|125|055|||||5.500|0.00||||||||||||||||||||24024.44
F04Q10002240|201408|22934.55|0|126|054|||||5.500|0.00||||||||||||||||||||22934.55
F04Q10002240|201409|21839.67|0|127|053|||||5.500|0.00||||||||||||||||||||21839.67
F04Q10002240|201410|20739.77|0|128|052|||||5.500|0.00||||||||||||||||||||20739.77
F04Q10002240|201411|19634.83|0|129|051|||||5.500|0.00||||||||||||||||||||19634.83
F04Q10002240|201412|18524.82|0|130|050|||||5.500|0.00||||||||||||||||||||18524.82
F04Q10002240|201501|17084.73|0|131|049|||||5.500|0.00||||||||||||||||||||17084.73
F04Q10002240|201502|15577.77|0|132|048|||||5.500|0.00||||||||||||||||||||15577.77
F04Q10002240|201503|14048.60|0|133|047|||||5.500|0.00||||||||||||||||||||14048.60
F04Q10002240|201504|12462.99|0|134|046|||||5.500|0.00||||||||||||||||||||12462.99
F04Q10002240|201505|11865.90|0|135|045|||||5.500|0.00||||||||||||||||||||11865.90
F04Q10002240|201506|0.00|0|136|044|||01|201506|5.500|0.00|||||||||||||||11865.90|||||0.00
F04Q10002275|200402|89000.00|0|000|360|||||5.875|0.00||||||||||||||||||||89000.00
F04Q10002275|200403|89000.00|0|001|359|||||5.875|0.00||||||||||||||||||||89000.00
F04Q10002275|200404|89000.00|0|002|358|||||5.875|0.00||||||||||||||||||||89000.00
F04Q10002275|200405|89000.00|0|003|357|||||5.875|0.00||||||||||||||||||||89000.00
F04Q10002275|200406|89000.00|0|004|356|||||5.875|0.00||||||||||||||||||||89000.00
F04Q10002275|200407|89000.00|0|005|355|||||5.875|0.00||||||||||||||||||||89000.00
F04Q10002275|200408|88000.00|0|006|354|||||5.875|0.00||||||||||||||||||||88000.00
F04Q10002275|200409|88355.41|0|007|353|||||5.875|0.00||||||||||||||||||||88355.41
F04Q10002275|200410|88261.51|0|008|352|||||5.875|0.00||||||||||||||||||||88261.51
F04Q10002275|200411|88167.15|0|009|351|||||5.875|0.00||||||||||||||||||||88167.15
F04Q10002275|200412|88072.33|0|010|350|||||5.875|0.00||||||||||||||||||||88072.33
F04Q10002275|200501|87977.05|0|011|349|||||5.875|0.00||||||||||||||||||||87977.05
F04Q10002275|200502|87881.30|0|012|348|||||5.875|0.00||||||||||||||||||||87881.30
F04Q10002275|200503|87785.08|0|013|347|||||5.875|0.00||||||||||||||||||||87785.08
F04Q10002275|200504|87688.39|0|014|346|||||5.875|0.00||||||||||||||||||||87688.39
F04Q10002275|200505|87591.23|0|015|345|||||5.875|0.00||||||||||||||||||||87591.23
F04Q10002275|200506|87493.59|0|016|344|||||5.875|0.00||||||||||||||||||||87493.59
F04Q10002275|200507|87395.47|0|017|343|||||5.875|0.00||||||||||||||||||||87395.47
F04Q10002275|200508|87395.47|0|018|342|||||5.875|0.00||||||||||||||||||||87395.47
F04Q10002275|200509|87197.79|0|019|341|||||5.875|0.00||||||||||||||||||||87197.79
F04Q10002275|200510|87098.23|0|020|340|||||5.875|0.00||||||||||||||||||||87098.23
F04Q10002275|200511|86998.18|0|021|339|||||5.875|0.00||||||||||||||||||||86998.18
F04Q10002275|200512|86897.64|0|022|338|||||5.875|0.00||||||||||||||||||||86897.64
F04Q10002275|200601|86796.61|0|023|337|||||5.875|0.00||||||||||||||||||||86796.61
F04Q10002275|200602|86695.08|0|024|336|||||5.875|0.00||||||||||||||||||||86695.08
F04Q10002275|200603|86695.08|0|025|335|||||5.875|0.00||||||||||||||||||||86695.08
F04Q10002275|200604|86593.05|0|026|334|||||5.875|0.00||||||||||||||||||||86593.05
F04Q10002275|200605|86387.50|0|027|333|||||5.875|0.00||||||||||||||||||||86387.50
F04Q10002275|200606|86283.97|0|028|332|||||5.875|0.00||||||||||||||||||||86283.97
F04Q10002275|200607|86179.93|0|029|331|||||5.875|0.00||||||||||||||||||||86179.93
F04Q10002275|200608|86179.93|0|030|330|||||5.875|0.00||||||||||||||||||||86179.93
F04Q10002275|200609|85970.32|0|031|329|||||5.875|0.00||||||||||||||||||||85970.32
F04Q10002275|200610|85970.32|0|032|328|||||5.875|0.00||||||||||||||||||||85970.32
F04Q10002275|200611|85864.75|0|033|327|||||5.875|0.00||||||||||||||||||||85864.75
F04Q10002275|200612|85652.05|0|034|326|||||5.875|0.00||||||||||||||||||||85652.05
F04Q10002275|200701|85652.05|0|035|325|||||5.875|0.00||||||||||||||||||||85652.05
F04Q10002275|200702|85437.26|0|036|324|||||5.875|0.00||||||||||||||||||||85437.26
F04Q10002275|200703|85329.08|0|037|323|||||5.875|0.00||||||||||||||||||||85329.08
F04Q10002275|200704|85220.37|0|038|322|||||5.875|0.00||||||||||||||||||||85220.37
F04Q10002275|200705|85111.12|0|039|321|||||5.875|0.00||||||||||||||||||||85111.12
F04Q10002275|200706|85001.34|0|040|320|||||5.875|0.00||||||||||||||||||||85001.34
F04Q10002275|200707|84891.02|0|041|319|||||5.875|0.00||||||||||||||||||||84891.02
F04Q10002275|200708|84780.16|0|042|318|||||5.875|0.00||||||||||||||||||||84780.16
F04Q10002275|200709|84668.76|0|043|317|||||5.875|0.00||||||||||||||||||||84668.76
F04Q10002275|200710|84668.76|0|044|316|||||5.875|0.00||||||||||||||||||||84668.76
F04Q10002275|200711|84444.32|0|045|315|||||5.875|0.00||||||||||||||||||||84444.32
F04Q10002275|200712|84331.28|0|046|314|||||5.875|0.00||||||||||||||||||||84331.28
F04Q10002275|200801|84217.68|0|047|313|||||5.875|0.00||||||||||||||||||||84217.68
F04Q10002275|200802|84103.53|0|048|312|||||5.875|0.00||||||||||||||||||||84103.53
F04Q10002275|200803|83988.82|0|049|311|||||5.875|0.00||||||||||||||||||||83988.82
F04Q10002275|200804|83988.82|0|050|310|||||5.875|0.00||||||||||||||||||||83988.82
F04Q10002275|200805|83873.55|0|051|309|||||5.875|0.00||||||||||||||||||||83873.55
F04Q10002275|200806|83757.71|0|052|308|||||5.875|0.00||||||||||||||||||||83757.71
F04Q10002275|200807|83524.32|0|053|307|||||5.875|0.00||||||||||||||||||||83524.32
F04Q10002275|200808|83406.77|0|054|306|||||5.875|0.00||||||||||||||||||||83406.77
F04Q10002275|200809|83288.65|0|055|305|||||5.875|0.00||||||||||||||||||||83288.65
F04Q10002275|200810|83169.95|0|056|304|||||5.875|0.00||||||||||||||||||||83169.95
F04Q10002275|200811|83169.95|0|057|303|||||5.875|0.00||||||||||||||||||||83169.95
F04Q10002275|200812|82930.80|0|058|302|||||5.875|0.00||||||||||||||||||||82930.80
F04Q10002275|200901|82930.80|0|059|301|||||5.875|0.00||||||||||||||||||||82930.80
F04Q10002275|200902|82689.31|0|060|300|||||5.875|0.00||||||||||||||||||||82689.31
F04Q10002275|200903|82689.31|0|061|299|||||5.875|0.00||||||||||||||||||||82689.31
F04Q10002275|200904|82567.67|0|062|298|||||5.875|0.00||||||||||||||||||||82567.67
F04Q10002275|200905|82322.61|0|063|297|||||5.875|0.00||||||||||||||||||||82322.61
F04Q10002275|200906|82199.18|0|064|296|||||5.875|0.00||||||||||||||||||||82199.18
F04Q10002275|200907|82075.14|0|065|295|||||5.875|0.00||||||||||||||||||||82075.14
F04Q10002275|200908|81950.50|0|066|294|||||5.875|0.00||||||||||||||||||||81950.50
F04Q10002275|200909|81950.50|0|067|293|||||5.875|0.00||||||||||||||||||||81950.50
F04Q10002275|200910|81825.25|0|068|292|||||5.875|0.00||||||||||||||||||||81825.25
F04Q10002275|200911|81572.90|0|069|291|||||5.875|0.00||||||||||||||||||||81572.90
F04Q10002275|200912|81572.90|0|070|290|||||5.875|0.00||||||||||||||||||||81572.90
F04Q10002275|201001|81318.08|0|071|289|||||5.875|0.00||||||||||||||||||||81318.08
F04Q10002275|201002|81189.73|0|072|288|||||5.875|0.00||||||||||||||||||||81189.73
F04Q10002275|201003|81060.75|0|073|287|||||5.875|0.00||||||||||||||||||||81060.75
F04Q10002275|201004|80931.14|0|074|286|||||5.875|0.00||||||||||||||||||||80931.14
F04Q10002275|201005|80800.90|0|075|285|||||5.875|0.00||||||||||||||||||||80800.90
F04Q10002275|201006|80670.02|0|076|284|||||5.875|0.00||||||||||||||||||||80670.02
F04Q10002275|201007|80538.50|0|077|283|||||5.875|0.00||||||||||||||||||||80538.50
F04Q10002275|201008|80406.33|0|078|282|||||5.875|0.00||||||||||||||||||||80406.33
F04Q10002275|201009|80273.52|0|079|281|||||5.875|0.00||||||||||||||||||||80273.52
F04Q10002275|201010|80140.06|0|080|280|||||5.875|0.00||||||||||||||||||||80140.06
F04Q10002275|201011|80005.94|0|081|279|||||5.875|0.00||||||||||||||||||||80005.94
F04Q10002275|201012|79871.17|0|082|278|||||5.875|0.00||||||||||||||||||||79871.17
F04Q10002275|201101|79735.74|0|083|277|||||5.875|0.00||||||||||||||||||||79735.74
F04Q10002275|201102|79599.64|0|084|276|||||5.875|0.00||||||||||||||||||||79599.64
F04Q10002275|201103|79462.88|0|085|275|||||5.875|0.00||||||||||||||||||||79462.88
F04Q10002275|201104|79325.45|0|086|274|||||5.875|0.00||||||||||||||||||||79325.45
F04Q10002275|201105|79325.45|0|087|273|||||5.875|0.00||||||||||||||||||||79325.45
F04Q10002275|201106|79048.56|0|088|272|||||5.875|0.00||||||||||||||||||||79048.56
F04Q10002275|201107|78909.10|0|089|271|||||5.875|0.00||||||||||||||||||||78909.10
F04Q10002275|201108|78768.96|0|090|270|||||5.875|0.00||||||||||||||||||||78768.96
F04Q10002275|201109|78628.13|0|091|269|||||5.875|0.00||||||||||||||||||||78628.13
F04Q10002275|201110|78486.61|0|092|268|||||5.875|0.00||||||||||||||||||||78486.61
F04Q10002275|201111|78344.40|0|093|267|||||5.875|0.00||||||||||||||||||||78344.40
F04Q10002275|201112|78201.49|0|094|266|||||5.875|0.00||||||||||||||||||||78201.49
F04Q10002275|201201|78201.49|0|095|265|||||5.875|0.00||||||||||||||||||||78201.49
F04Q10002275|201202|78057.88|0|096|264|||||5.875|0.00||||||||||||||||||||78057.88
F04Q10002275|201203|77768.55|0|097|263|||||5.875|0.00||||||||||||||||||||77768.55
F04Q10002275|201204|77768.55|0|098|262|||||5.875|0.00||||||||||||||||||||77768.55
F04Q10002275|201205|77622.82|0|099|261|||||5.875|0.00||||||||||||||||||||77622.82
F04Q10002275|201206|77329.22|0|100|260|||||5.875|0.00||||||||||||||||||||77329.22
F04Q10002275|201207|77181.34|0|101|259|||||5.875|0.00||||||||||||||||||||77181.34
F04Q10002275|201208|77032.74|0|102|258|||||5.875|0.00||||||||||||||||||||77032.74
F04Q10002275|201209|76883.41|0|103|257|||||5.875|0.00||||||||||||||||||||76883.41
F04Q10002275|201210|76883.41|0|104|256|||||5.875|0.00||||||||||||||||||||76883.41
F04Q10002275|201211|76582.55|0|105|255|||||5.875|0.00||||||||||||||||||||76582.55
F04Q10002275|201212|76431.02|0|106|254|||||5.875|0.00||||||||||||||||||||76431.02
F04Q10002275|201301|76278.74|0|107|253|||||5.875|0.00||||||||||||||||||||76278.74
F04Q10002275|201302|76125.72|0|108|252|||||5.875|0.00||||||||||||||||||||76125.72
F04Q10002275|201303|75971.95|0|109|251|||||5.875|0.00||||||||||||||||||||75971.95
F04Q10002275|201304|75817.43|0|110|250|||||5.875|0.00||||||||||||||||||||75817.43
F04Q10002275|201305|75662.15|0|111|249|||||5.875|0.00||||||||||||||||||||75662.15
F04Q10002275|201306|75506.11|0|112|248|||||5.875|0.00||||||||||||||||||||75506.11
F04Q10002275|201307|75349.31|0|113|247|||||5.875|0.00||||||||||||||||||||75349.31
F04Q10002275|201308|75349.31|0|114|246|||||5.875|0.00||||||||||||||||||||75349.31
F04Q10002275|201309|75033.40|0|115|245|||||5.875|0.00||||||||||||||||||||75033.40
F04Q10002275|201310|74874.28|0|116|244|||||5.875|0.00||||||||||||||||||||74874.28
F04Q10002275|201311|74714.38|0|117|243|||||5.875|0.00||||||||||||||||||||74714.38
F04Q10002275|201312|74553.70|0|118|242|||||5.875|0.00||||||||||||||||||||74553.70
F04Q10002275|201401|74392.23|0|119|241|||||5.875|0.00||||||||||||||||||||74392.23
F04Q10002275|201402|74229.97|0|120|240|||||5.875|0.00||||||||||||||||||||74229.97
F04Q10002275|201403|74066.92|0|121|239|||||5.875|0.00||||||||||||||||||||74066.92
F04Q10002275|201404|73903.07|0|122|238|||||5.875|0.00||||||||||||||||||||73903.07
F04Q10002275|201405|73738.42|0|123|237|||||5.875|0.00||||||||||||||||||||73738.42
F04Q10002275|201406|73572.96|0|124|236|||||5.875|0.00||||||||||||||||||||73572.96
F04Q10002275|201407|73406.69|0|125|235|||||5.875|0.00||||||||||||||||||||73406.69
F04Q10002275|201408|73239.61|0|126|234|||||5.875|0.00||||||||||||||||||||73239.61
F04Q10002275|201409|73071.71|0|127|233|||||5.875|0.00||||||||||||||||||||73071.71
F04Q10002275|201410|72902.99|0|128|232|||||5.875|0.00||||||||||||||||||||72902.99
F04Q10002275|201411|72733.44|0|129|231|||||5.875|0.00||||||||||||||||||||72733.44
F04Q10002275|201412|72563.06|0|130|230|||||5.875|0.00||||||||||||||||||||72563.06
F04Q10002275|201501|72563.06|0|131|229|||||5.875|0.00||||||||||||||||||||72563.06
F04Q10002275|201502|72391.85|0|132|228|||||5.875|0.00||||||||||||||||||||72391.85
F04Q10002275|201503|72219.80|0|133|227|||||5.875|0.00||||||||||||||||||||72219.80
F04Q10002275|201504|71873.17|0|134|226|||||5.875|0.00||||||||||||||||||||71873.17
F04Q10002275|201505|0.00|0|135|225|||01|201505|5.875|0.00|||||||||||||||71873.17|||||0.00
F04Q10002276|200402|64000.00|0|000|360|||||6.000|0.00||||||||||||||||||||64000.00
F04Q10002276|200403|64000.00|0|001|359|||||6.000|0.00||||||||||||||||||||64000.00
F04Q10002276|200404|64000.00|0|002|358|||||6.000|0.00||||||||||||||||||||64000.00
F04Q10002276|200405|64000.00|0|003|357|||||6.000|0.00||||||||||||||||||||64000.00
F04Q10002276|200406|64000.00|0|004|356|||||6.000|0.00||||||||||||||||||||64000.00
F04Q10002276|200407|64000.00|0|005|355|||||6.000|0.00||||||||||||||||||||64000.00
F04Q10002276|200408|63000.00|0|006|354|||||6.000|0.00||||||||||||||||||||63000.00
F04Q10002276|200409|63315.95|0|007|353|||||6.000|0.00||||||||||||||||||||63315.95
F04Q10002276|200410|63250.02|0|008|352|||||6.000|0.00||||||||||||||||||||63250.02
F04Q10002276|200411|63180.43|0|009|351|||||6.000|0.00||||||||||||||||||||63180.43
F04Q10002276|200412|63113.82|0|010|350|||||6.000|0.00||||||||||||||||||||63113.82
F04Q10002276|200501|63046.88|0|011|349|||||6.000|0.00||||||||||||||||||||63046.88
F04Q10002276|200502|62979.60|0|012|348|||||6.000|0.00||||||||||||||||||||62979.60
F04Q10002276|200503|62911.99|0|013|347|||||6.000|0.00||||||||||||||||||||62911.99
F04Q10002276|200504|62844.04|0|014|346|||||6.000|0.00||||||||||||||||||||62844.04
F04Q10002276|200505|62775.75|0|015|345|||||6.000|0.00||||||||||||||||||||62775.75
F04Q10002276|200506|62707.12|0|016|344|||||6.000|0.00||||||||||||||||||||62707.12
F04Q10002276|200507|62638.15|0|017|343|||||6.000|0.00||||||||||||||||||||62638.15
F04Q10002276|200508|62568.70|0|018|342|||||6.000|0.00||||||||||||||||||||62568.70
F04Q10002276|200509|62499.03|0|019|341|||||6.000|0.00||||||||||||||||||||62499.03
F04Q10002276|200510|62429.02|0|020|340|||||6.000|0.00||||||||||||||||||||62429.02
F04Q10002276|200511|62358.66|0|021|339|||||6.000|0.00||||||||||||||||||||62358.66
F04Q10002276|200512|62287.94|0|022|338|||||6.000|0.00||||||||||||||||||||62287.94
F04Q10002276|200601|62216.87|0|023|337|||||6.000|0.00||||||||||||||||||||62216.87
F04Q10002276|200602|62145.44|0|024|336|||||6.000|0.00||||||||||||||||||||62145.44
F04Q10002276|200603|62073.66|0|025|335|||||6.000|0.00||||||||||||||||||||62073.66
F04Q10002276|200604|62001.52|0|026|334|||||6.000|0.00||||||||||||||||||||62001.52
F04Q10002276|200605|61929.02|0|027|333|||||6.000|0.00||||||||||||||||||||61929.02
F04Q10002276|200606|61929.02|0|028|332|||||6.000|0.00||||||||||||||||||||61929.02
F04Q10002276|200607|61782.93|0|029|331|||||6.000|0.00||||||||||||||||||||61782.93
F04Q10002276|200608|61708.61|0|030|330|||||6.000|0.00||||||||||||||||||||61708.61
F04Q10002276|200609|61708.61|0|031|329|||||6.000|0.00||||||||||||||||||||61708.61
F04Q10002276|200610|61634.64|0|032|328|||||6.000|0.00||||||||||||||||||||61634.64
F04Q10002276|200611|61485.59|0|033|327|||||6.000|0.00||||||||||||||||||||61485.59
F04Q10002276|200612|61390.35|0|034|326|||||6.000|0.00||||||||||||||||||||61390.35
F04Q10002276|200701|61294.30|0|035|325|||||6.000|0.00||||||||||||||||||||61294.30
F04Q10002276|200702|61294.30|1|036|324|||||6.000|0.00||||||||||||||||||||61294.30
F04Q10002276|200703|0.00|2|037|323|||01|200703|6.000|0.00|200701||||||||||||||61294.30|||||0.00
F04Q10002378|200402|152000.00|0|000|180|||||5.600|0.00||||||||||||||||||||152000.00
F04Q10002378|200403|151000.00|0|001|179|||||5.600|0.00||||||||||||||||||||151000.00
F04Q10002378|200404|0.00|0|002|178|||01|200404|5.600|0.00|||||||||||||||151459.28|||||0.00
F04Q10002434|200402|78000.00|0|000|360|||||6.000|0.00||||||||||||||||||||78000.00
F04Q10002434|200403|77000.00|0|001|359|||||6.000|0.00||||||||||||||||||||77000.00
F04Q10002434|200404|77000.00|0|002|358|||||6.000|0.00||||||||||||||||||||77000.00
F04Q10002434|200405|77000.00|0|003|357|||||6.000|0.00||||||||||||||||||||77000.00
F04Q10002434|200406|77000.00|0|004|356|||||6.000|0.00||||||||||||||||||||77000.00
F04Q10002434|200407|77000.00|0|005|355|||||6.000|0.00||||||||||||||||||||77000.00
F04Q10002434|200408|77000.00|0|006|354|||||6.000|0.00||||||||||||||||||||77000.00
F04Q10002434|200409|76846.60|0|007|353|||||6.000|0.00||||||||||||||||||||76846.60
F04Q10002434|200410|76740.18|0|008|352|||||6.000|0.00||||||||||||||||||||76740.18
F04Q10002434|200411|76633.23|0|009|351|||||6.000|0.00||||||||||||||||||||76633.23
F04Q10002434|200412|76525.75|0|010|350|||||6.000|0.00||||||||||||||||||||76525.75
F04Q10002434|200501|76417.73|0|011|349|||||6.000|0.00||||||||||||||||||||76417.73
F04Q10002434|200502|76335.17|0|012|348|||||6.000|0.00||||||||||||||||||||76335.17
F04Q10002434|200503|76234.20|0|013|347|||||6.000|0.00||||||||||||||||||||76234.20
F04Q10002434|200504|76132.72|0|014|346|||||6.000|0.00||||||||||||||||||||76132.72
F04Q10002434|200505|76030.73|0|015|345|||||6.000|0.00||||||||||||||||||||76030.73
F04Q10002434|200506|75928.23|0|016|344|||||6.000|0.00||||||||||||||||||||75928.23
F04Q10002434|200507|75825.22|0|017|343|||||6.000|0.00||||||||||||||||||||75825.22
F04Q10002434|200508|75721.70|0|018|342|||||6.000|0.00||||||||||||||||||||75721.70
F04Q10002434|200509|75617.66|0|019|341|||||6.000|0.00||||||||||||||||||||75617.66
F04Q10002434|200510|75513.10|0|020|340|||||6.000|0.00||||||||||||||||||||75513.10
F04Q10002434|200511|75408.02|0|021|339|||||6.000|0.00||||||||||||||||||||75408.02
F04Q10002434|200512|75302.41|0|022|338|||||6.000|0.00||||||||||||||||||||75302.41
F04Q10002434|200601|75214.27|0|023|337|||||6.000|0.00||||||||||||||||||||75214.27
F04Q10002434|200602|0.00|0|024|336|||01|200602|6.000|0.00|||||||||||||||75214.27|||||0.00
F04Q10002491|200402|90000.00|0|000|360|||||6.000|0.00||||||||||||||||||||90000.00
F04Q10002491|200403|90000.00|0|001|359|||||6.000|0.00||||||||||||||||||||90000.00
F04Q10002491|200404|90000.00|0|002|358|||||6.000|0.00||||||||||||||||||||90000.00
F04Q10002491|200405|90000.00|0|003|357|||||6.000|0.00||||||||||||||||||||90000.00
F04Q10002491|200406|90000.00|0|004|356|||||6.000|0.00||||||||||||||||||||90000.00
F04Q10002491|200407|89000.00|0|005|355|||||6.000|0.00||||||||||||||||||||89000.00
F04Q10002491|200408|89000.00|0|006|354|||||6.000|0.00||||||||||||||||||||89000.00
F04Q10002491|200409|89264.02|0|007|353|||||6.000|0.00||||||||||||||||||||89264.02
F04Q10002491|200410|89171.34|0|008|352|||||6.000|0.00||||||||||||||||||||89171.34
F04Q10002491|200411|89078.20|0|009|351|||||6.000|0.00||||||||||||||||||||89078.20
F04Q10002491|200412|88984.59|0|010|350|||||6.000|0.00||||||||||||||||||||88984.59
F04Q10002491|200501|88890.51|0|011|349|||||6.000|0.00||||||||||||||||||||88890.51
F04Q10002491|200502|88795.96|0|012|348|||||6.000|0.00||||||||||||||||||||88795.96
F04Q10002491|200503|88700.94|0|013|347|||||6.000|0.00||||||||||||||||||||88700.94
F04Q10002491|200504|88605.44|0|014|346|||||6.000|0.00||||||||||||||||||||88605.44
F04Q10002491|200505|88509.47|0|015|345|||||6.000|0.00||||||||||||||||||||88509.47
F04Q10002491|200506|88413.02|0|016|344|||||6.000|0.00||||||||||||||||||||88413.02
F04Q10002491|200507|88316.09|0|017|343|||||6.000|0.00||||||||||||||||||||88316.09
F04Q10002491|200508|88218.67|0|018|342|||||6.000|0.00||||||||||||||||||||88218.67
F04Q10002491|200509|88120.76|0|019|341|||||6.000|0.00||||||||||||||||||||88120.76
F04Q10002491|200510|88022.36|0|020|340|||||6.000|0.00||||||||||||||||||||88022.36
F04Q10002491|200511|87923.47|0|021|339|||||6.000|0.00||||||||||||||||||||87923.47
F04Q10002491|200512|87824.09|0|022|338|||||6.000|0.00||||||||||||||||||||87824.09
F04Q10002491|200601|87724.21|0|023|337|||||6.000|0.00||||||||||||||||||||87724.21
F04Q10002491|200602|87623.83|0|024|336|||||6.000|0.00||||||||||||||||||||87623.83
F04Q10002491|200603|87522.95|0|025|335|||||6.000|0.00||||||||||||||||||||87522.95
F04Q10002491|200604|87421.56|0|026|334|||||6.000|0.00||||||||||||||||||||87421.56
F04Q10002491|200605|87319.67|0|027|333|||||6.000|0.00||||||||||||||||||||87319.67
F04Q10002491|200606|87217.27|0|028|332|||||6.000|0.00||||||||||||||||||||87217.27
F04Q10002491|200607|87114.36|0|029|331|||||6.000|0.00||||||||||||||||||||87114.36
F04Q10002491|200608|87010.93|0|030|330|||||6.000|0.00||||||||||||||||||||87010.93
F04Q10002491|200609|86906.98|0|031|329|||||6.000|0.00||||||||||||||||||||86906.98
F04Q10002491|200610|86802.51|0|032|328|||||6.000|0.00||||||||||||||||||||86802.51
F04Q10002491|200611|86697.52|0|033|327|||||6.000|0.00||||||||||||||||||||86697.52
F04Q10002491|200612|86592.01|0|034|326|||||6.000|0.00||||||||||||||||||||86592.01
F04Q10002491|200701|86485.97|0|035|325|||||6.000|0.00||||||||||||||||||||86485.97
F04Q10002491|200702|86379.40|0|036|324|||||6.000|0.00||||||||||||||||||||86379.40
F04Q10002491|200703|86272.30|0|037|323|||||6.000|0.00||||||||||||||||||||86272.30
F04Q10002491|200704|86164.66|0|038|322|||||6.000|0.00||||||||||||||||||||86164.66
F04Q10002491|200705|86056.48|0|039|321|||||6.000|0.00||||||||||||||||||||86056.48
F04Q10002491|200706|85947.76|0|040|320|||||6.000|0.00||||||||||||||||||||85947.76
F04Q10002491|200707|85838.50|0|041|319|||||6.000|0.00||||||||||||||||||||85838.50
F04Q10002491|200708|85728.69|0|042|318|||||6.000|0.00||||||||||||||||||||85728.69
F04Q10002491|200709|85618.33|0|043|317|||||6.000|0.00||||||||||||||||||||85618.33
F04Q10002491|200710|85507.42|0|044|316|||||6.000|0.00||||||||||||||||||||85507.42
F04Q10002491|200711|85395.96|0|045|315|||||6.000|0.00||||||||||||||||||||85395.96
F04Q10002491|200712|85283.94|0|046|314|||||6.000|0.00||||||||||||||||||||85283.94
F04Q10002491|200801|85171.36|0|047|313|||||6.000|0.00||||||||||||||||||||85171.36
F04Q10002491|200802|85058.22|0|048|312|||||6.000|0.00||||||||||||||||||||85058.22
F04Q10002491|200803|84944.51|0|049|311|||||6.000|0.00||||||||||||||||||||84944.51
F04Q10002491|200804|84830.23|0|050|310|||||6.000|0.00||||||||||||||||||||84830.23
F04Q10002491|200805|84715.38|0|051|309|||||6.000|0.00||||||||||||||||||||84715.38
F04Q10002491|200806|84599.96|0|052|308|||||6.000|0.00||||||||||||||||||||84599.96
F04Q10002491|200807|84483.96|0|053|307|||||6.000|0.00||||||||||||||||||||84483.96
F04Q10002491|200808|84367.38|0|054|306|||||6.000|0.00||||||||||||||||||||84367.38
F04Q10002491|200809|84250.22|0|055|305|||||6.000|0.00||||||||||||||||||||84250.22
F04Q10002491|200810|84132.47|0|056|304|||||6.000|0.00||||||||||||||||||||84132.47
F04Q10002491|200811|84014.13|0|057|303|||||6.000|0.00||||||||||||||||||||84014.13
F04Q10002491|200812|83895.20|0|058|302|||||6.000|0.00||||||||||||||||||||83895.20
F04Q10002491|200901|83775.68|0|059|301|||||6.000|0.00||||||||||||||||||||83775.68
F04Q10002491|200902|83655.56|0|060|300|||||6.000|0.00||||||||||||||||||||83655.56
F04Q10002491|200903|83534.84|0|061|299|||||6.000|0.00||||||||||||||||||||83534.84
F04Q10002491|200904|83413.51|0|062|298|||||6.000|0.00||||||||||||||||||||83413.51
F04Q10002491|200905|83291.58|0|063|297|||||6.000|0.00||||||||||||||||||||83291.58
F04Q10002491|200906|83169.04|0|064|296|||||6.000|0.00||||||||||||||||||||83169.04
F04Q10002491|200907|83045.89|0|065|295|||||6.000|0.00||||||||||||||||||||83045.89
F04Q10002491|200908|82922.12|0|066|294|||||6.000|0.00||||||||||||||||||||82922.12
F04Q10002491|200909|82797.73|0|067|293|||||6.000|0.00||||||||||||||||||||82797.73
F04Q10002491|200910|82672.72|0|068|292|||||6.000|0.00||||||||||||||||||||82672.72
F04Q10002491|200911|82547.08|0|069|291|||||6.000|0.00||||||||||||||||||||82547.08
F04Q10002491|200912|82420.82|0|070|290|||||6.000|0.00||||||||||||||||||||82420.82
F04Q10002491|201001|82293.92|0|071|289|||||6.000|0.00||||||||||||||||||||82293.92
F04Q10002491|201002|82166.39|0|072|288|||||6.000|0.00||||||||||||||||||||82166.39
F04Q10002491|201003|82038.22|0|073|287|||||6.000|0.00||||||||||||||||||||82038.22
F04Q10002491|201004|81909.41|0|074|286|||||6.000|0.00||||||||||||||||||||81909.41
F04Q10002491|201005|81779.96|0|075|285|||||6.000|0.00||||||||||||||||||||81779.96
F04Q10002491|201006|81649.86|0|076|284|||||6.000|0.00||||||||||||||||||||81649.86
F04Q10002491|201007|81519.11|0|077|283|||||6.000|0.00||||||||||||||||||||81519.11
F04Q10002491|201008|81387.71|0|078|282|||||6.000|0.00||||||||||||||||||||81387.71
F04Q10002491|201009|81255.65|0|079|281|||||6.000|0.00||||||||||||||||||||81255.65
F04Q10002491|201010|81122.93|0|080|280|||||6.000|0.00||||||||||||||||||||81122.93
F04Q10002491|201011|80989.54|0|081|279|||||6.000|0.00||||||||||||||||||||80989.54
F04Q10002491|201012|80855.49|0|082|278|||||6.000|0.00||||||||||||||||||||80855.49
F04Q10002491|201101|80720.77|0|083|277|||||6.000|0.00||||||||||||||||||||80720.77
F04Q10002491|201102|80585.37|0|084|276|||||6.000|0.00||||||||||||||||||||80585.37
F04Q10002491|201103|80449.30|0|085|275|||||6.000|0.00||||||||||||||||||||80449.30
F04Q10002491|201104|80312.55|0|086|274|||||6.000|0.00||||||||||||||||||||80312.55
F04Q10002491|201105|80175.11|0|087|273|||||6.000|0.00||||||||||||||||||||80175.11
F04Q10002491|201106|80036.99|0|088|272|||||6.000|0.00||||||||||||||||||||80036.99
F04Q10002491|201107|79898.17|0|089|271|||||6.000|0.00||||||||||||||||||||79898.17
F04Q10002491|201108|79759.66|0|090|270|||||6.000|0.00||||||||||||||||||||79759.66
F04Q10002491|201109|79618.45|0|091|269|||||6.000|0.00||||||||||||||||||||79618.45
F04Q10002491|201110|79477.54|0|092|268|||||6.000|0.00||||||||||||||||||||79477.54
F04Q10002491|201111|79335.93|0|093|267|||||6.000|0.00||||||||||||||||||||79335.93
F04Q10002491|201112|79193.61|0|094|266|||||6.000|0.00||||||||||||||||||||79193.61
F04Q10002491|201201|79050.58|0|095|265|||||6.000|0.00||||||||||||||||||||79050.58
F04Q10002491|201202|78906.83|0|096|264|||||6.000|0.00||||||||||||||||||||78906.83
F04Q10002491|201203|78762.36|0|097|263|||||6.000|0.00||||||||||||||||||||78762.36
F04Q10002491|201204|78617.17|0|098|262|||||6.000|0.00||||||||||||||||||||78617.17
F04Q10002491|201205|78471.26|0|099|261|||||6.000|0.00||||||||||||||||||||78471.26
F04Q10002491|201206|78324.62|0|100|260|||||6.000|0.00||||||||||||||||||||78324.62
F04Q10002491|201207|78177.24|0|101|259|||||6.000|0.00||||||||||||||||||||78177.24
F04Q10002491|201208|0.00|0|102|258|||01|201208|6.000|0.00|||||||||||||||78177.24|||||0.00
F04Q10002532|200402|124000.00|0|000|360|||||6.000|0.00||||||||||||||||||||124000.00
F04Q10002532|200403|123000.00|0|001|359|||||6.000|0.00||||||||||||||||||||123000.00
F04Q10002532|200404|123000.00|0|002|358|||||6.000|0.00||||||||||||||||||||123000.00
F04Q10002532|200405|123000.00|0|003|357|||||6.000|0.00||||||||||||||||||||123000.00
F04Q10002532|200406|123000.00|0|004|356|||||6.000|0.00||||||||||||||||||||123000.00
F04Q10002532|200407|123000.00|0|005|355|||||6.000|0.00||||||||||||||||||||123000.00
F04Q10002532|200408|123000.00|0|006|354|||||6.000|0.00||||||||||||||||||||123000.00
F04Q10002532|200409|122626.42|0|007|353|||||6.000|0.00||||||||||||||||||||122626.42
F04Q10002532|200410|122499.11|0|008|352|||||6.000|0.00||||||||||||||||||||122499.11
F04Q10002532|200411|122371.17|0|009|351|||||6.000|0.00||||||||||||||||||||122371.17
F04Q10002532|200412|122242.59|0|010|350|||||6.000|0.00||||||||||||||||||||122242.59
F04Q10002532|200501|122113.36|0|011|349|||||6.000|0.00||||||||||||||||||||122113.36
F04Q10002532|200502|121983.49|0|012|348|||||6.000|0.00||||||||||||||||||||121983.49
F04Q10002532|200503|121852.97|0|013|347|||||6.000|0.00||||||||||||||||||||121852.97
F04Q10002532|200504|121721.79|0|014|346|||||6.000|0.00||||||||||||||||||||121721.79
F04Q10002532|200505|121589.96|0|015|345|||||6.000|0.00||||||||||||||||||||121589.96
F04Q10002532|200506|121457.47|0|016|344|||||6.000|0.00||||||||||||||||||||121457.47
F04Q10002532|200507|121324.32|0|017|343|||||6.000|0.00||||||||||||||||||||121324.32
F04Q10002532|200508|121190.50|0|018|342|||||6.000|0.00||||||||||||||||||||121190.50
F04Q10002532|200509|121190.50|0|019|341|||||6.000|0.00||||||||||||||||||||121190.50
F04Q10002532|200510|121056.01|0|020|340|||||6.000|0.00||||||||||||||||||||121056.01
F04Q10002532|200511|120920.85|0|021|339|||||6.000|0.00||||||||||||||||||||120920.85
F04Q10002532|200512|120648.50|0|022|338|||||6.000|0.00||||||||||||||||||||120648.50
F04Q10002532|200601|119972.00|0|023|337|||||6.000|0.00||||||||||||||||||||119972.00
F04Q10002532|200602|120373.42|0|024|336|||||6.000|0.00||||||||||||||||||||120373.42
F04Q10002532|200603|120234.85|0|025|335|||||6.000|0.00||||||||||||||||||||120234.85
F04Q10002532|200604|120095.58|0|026|334|||||6.000|0.00||||||||||||||||||||120095.58
F04Q10002532|200605|119955.62|0|027|333|||||6.000|0.00||||||||||||||||||||119955.62
F04Q10002532|200606|119814.96|0|028|332|||||6.000|0.00||||||||||||||||||||119814.96
F04Q10002532|200607|119673.59|0|029|331|||||6.000|0.00||||||||||||||||||||119673.59
F04Q10002532|200608|119531.52|0|030|330|||||6.000|0.00||||||||||||||||||||119531.52
F04Q10002532|200609|119388.74|0|031|329|||||6.000|0.00||||||||||||||||||||119388.74
F04Q10002532|200610|119245.24|0|032|328|||||6.000|0.00||||||||||||||||||||119245.24
F04Q10002532|200611|119101.03|0|033|327|||||6.000|0.00||||||||||||||||||||119101.03
F04Q10002532|200612|118956.10|0|034|326|||||6.000|0.00||||||||||||||||||||118956.10
F04Q10002532|200701|118810.44|0|035|325|||||6.000|0.00||||||||||||||||||||118810.44
F04Q10002532|200702|118664.05|0|036|324|||||6.000|0.00||||||||||||||||||||118664.05
F04Q10002532|200703|118516.93|0|037|323|||||6.000|0.00||||||||||||||||||||118516.93
F04Q10002532|200704|118369.07|0|038|322|||||6.000|0.00||||||||||||||||||||118369.07
F04Q10002532|200705|118220.48|0|039|321|||||6.000|0.00||||||||||||||||||||118220.48
F04Q10002532|200706|118220.48|0|040|320|||||6.000|0.00||||||||||||||||||||118220.48
F04Q10002532|200707|117921.06|0|041|319|||||6.000|0.00||||||||||||||||||||117921.06
F04Q10002532|200708|117770.23|0|042|318|||||6.000|0.00||||||||||||||||||||117770.23
F04Q10002532|200709|117770.23|0|043|317|||||6.000|0.00||||||||||||||||||||117770.23
F04Q10002532|200710|117466.29|0|044|316|||||6.000|0.00||||||||||||||||||||117466.29
F04Q10002532|200711|117313.18|0|045|315|||||6.000|0.00||||||||||||||||||||117313.18
F04Q10002532|200712|117313.18|0|046|314|||||6.000|0.00||||||||||||||||||||117313.18
F04Q10002532|200801|117004.67|0|047|313|||||6.000|0.00||||||||||||||||||||117004.67
F04Q10002532|200802|116849.25|0|048|312|||||6.000|0.00||||||||||||||||||||116849.25
F04Q10002532|200803|116693.06|0|049|311|||||6.000|0.00||||||||||||||||||||116693.06
F04Q10002532|200804|116536.09|0|050|310|||||6.000|0.00||||||||||||||||||||116536.09
F04Q10002532|200805|116378.33|0|051|309|||||6.000|0.00||||||||||||||||||||116378.33
F04Q10002532|200806|116219.78|0|052|308|||||6.000|0.00||||||||||||||||||||116219.78
F04Q10002532|200807|116060.44|0|053|307|||||6.000|0.00||||||||||||||||||||116060.44
F04Q10002532|200808|115900.30|0|054|306|||||6.000|0.00||||||||||||||||||||115900.30
F04Q10002532|200809|115739.36|0|055|305|||||6.000|0.00||||||||||||||||||||115739.36
F04Q10002532|200810|115577.62|0|056|304|||||6.000|0.00||||||||||||||||||||115577.62
F04Q10002532|200811|115415.07|0|057|303|||||6.000|0.00||||||||||||||||||||115415.07
F04Q10002532|200812|115251.71|0|058|302|||||6.000|0.00||||||||||||||||||||115251.71
F04Q10002532|200901|115087.53|0|059|301|||||6.000|0.00||||||||||||||||||||115087.53
F04Q10002532|200902|114922.53|0|060|300|||||6.000|0.00||||||||||||||||||||114922.53
F04Q10002532|200903|114756.70|0|061|299|||||6.000|0.00||||||||||||||||||||114756.70
F04Q10002532|200904|114590.04|0|062|298|||||6.000|0.00||||||||||||||||||||114590.04
F04Q10002532|200905|114422.55|0|063|297|||||6.000|0.00||||||||||||||||||||114422.55
F04Q10002532|200906|114254.22|0|064|296|||||6.000|0.00||||||||||||||||||||114254.22
F04Q10002532|200907|114085.05|0|065|295|||||6.000|0.00||||||||||||||||||||114085.05
F04Q10002532|200908|113915.04|0|066|294|||||6.000|0.00||||||||||||||||||||113915.04
F04Q10002532|200909|113744.18|0|067|293|||||6.000|0.00||||||||||||||||||||113744.18
F04Q10002532|200910|113572.46|0|068|292|||||6.000|0.00||||||||||||||||||||113572.46
F04Q10002532|200911|113399.88|0|069|291|||||6.000|0.00||||||||||||||||||||113399.88
F04Q10002532|200912|113226.44|0|070|290|||||6.000|0.00||||||||||||||||||||113226.44
F04Q10002532|201001|113052.13|0|071|289|||||6.000|0.00||||||||||||||||||||113052.13
F04Q10002532|201002|112876.95|0|072|288|||||6.000|0.00||||||||||||||||||||112876.95
F04Q10002532|201003|112876.95|0|073|287|||||6.000|0.00||||||||||||||||||||112876.95
F04Q10002532|201004|112523.95|0|074|286|||||6.000|0.00||||||||||||||||||||112523.95
F04Q10002532|201005|112346.13|0|075|285|||||6.000|0.00||||||||||||||||||||112346.13
F04Q10002532|201006|112167.42|0|076|284|||||6.000|0.00||||||||||||||||||||112167.42
F04Q10002532|201007|111987.82|0|077|283|||||6.000|0.00||||||||||||||||||||111987.82
F04Q10002532|201008|111807.32|0|078|282|||||6.000|0.00||||||||||||||||||||111807.32
F04Q10002532|201009|111625.92|0|079|281|||||6.000|0.00||||||||||||||||||||111625.92
F04Q10002532|201010|111443.61|0|080|280|||||6.000|0.00||||||||||||||||||||111443.61
F04Q10002532|201011|111443.61|0|081|279|||||6.000|0.00||||||||||||||||||||111443.61
F04Q10002532|201012|111076.25|0|082|278|||||6.000|0.00||||||||||||||||||||111076.25
F04Q10002532|201101|110891.19|0|083|277|||||6.000|0.00||||||||||||||||||||110891.19
F04Q10002532|201102|110705.21|0|084|276|||||6.000|0.00||||||||||||||||||||110705.21
F04Q10002532|201103|110518.30|0|085|275|||||6.000|0.00||||||||||||||||||||110518.30
F04Q10002532|201104|110330.45|0|086|274|||||6.000|0.00||||||||||||||||||||110330.45
F04Q10002532|201105|110330.45|0|087|273|||||6.000|0.00||||||||||||||||||||110330.45
F04Q10002532|201106|109951.93|0|088|272|||||6.000|0.00||||||||||||||||||||109951.93
F04Q10002532|201107|109377.03|0|089|271|||||6.000|0.00||||||||||||||||||||109377.03
F04Q10002532|201108|109377.03|0|090|270|||||6.000|0.00||||||||||||||||||||109377.03
F04Q10002532|201109|109377.03|0|091|269|||||6.000|0.00||||||||||||||||||||109377.03
F04Q10002532|201110|109183.48|0|092|268|||||6.000|0.00||||||||||||||||||||109183.48
F04Q10002532|201111|108988.96|0|093|267|||||6.000|0.00||||||||||||||||||||108988.96
F04Q10002532|201112|108793.46|0|094|266|||||6.000|0.00||||||||||||||||||||108793.46
F04Q10002532|201201|108596.99|0|095|265|||||6.000|0.00||||||||||||||||||||108596.99
F04Q10002532|201202|108399.53|0|096|264|||||6.000|0.00||||||||||||||||||||108399.53
F04Q10002532|201203|108201.09|0|097|263|||||6.000|0.00||||||||||||||||||||108201.09
F04Q10002532|201204|108001.66|0|098|262|||||6.000|0.00||||||||||||||||||||108001.66
F04Q10002532|201205|108001.66|0|099|261|||||6.000|0.00||||||||||||||||||||108001.66
F04Q10002532|201206|107599.80|0|100|260|||||6.000|0.00||||||||||||||||||||107599.80
F04Q10002532|201207|107397.36|0|101|259|||||6.000|0.00||||||||||||||||||||107397.36
F04Q10002532|201208|107193.91|0|102|258|||||6.000|0.00||||||||||||||||||||107193.91
F04Q10002532|201209|106989.44|0|103|257|||||6.000|0.00||||||||||||||||||||106989.44
F04Q10002532|201210|106783.95|0|104|256|||||6.000|0.00||||||||||||||||||||106783.95
F04Q10002532|201211|106577.43|0|105|255|||||6.000|0.00||||||||||||||||||||106577.43
F04Q10002532|201212|106369.88|0|106|254|||||6.000|0.00||||||||||||||||||||106369.88
F04Q10002532|201301|106161.29|0|107|253|||||6.000|0.00||||||||||||||||||||106161.29
F04Q10002532|201302|106161.29|0|108|252|||||6.000|0.00||||||||||||||||||||106161.29
F04Q10002532|201303|105740.98|0|109|251|||||6.000|0.00||||||||||||||||||||105740.98
F04Q10002532|201304|105740.98|0|110|250|||||6.000|0.00||||||||||||||||||||105740.98
F04Q10002532|201305|0.00|0|111|249|||01|201305|6.000|0.00|||||||||||||||105740.98|||||0.00
F04Q10002544|200402|60000.00|0|000|180|||||4.875|0.00||||||||||||||||||||60000.00
F04Q10002544|200403|60000.00|0|001|179|||||4.875|0.00||||||||||||||||||||60000.00
F04Q10002544|200404|59000.00|0|002|178|||||4.875|0.00||||||||||||||||||||59000.00
F04Q10002544|200405|59000.00|0|003|177|||||4.875|0.00||||||||||||||||||||59000.00
F04Q10002544|200406|58000.00|0|004|176|||||4.875|0.00||||||||||||||||||||58000.00
F04Q10002544|200407|58000.00|0|005|175|||||4.875|0.00||||||||||||||||||||58000.00
F04Q10002544|200408|57000.00|0|006|174|||||4.875|0.00||||||||||||||||||||57000.00
F04Q10002544|200409|56767.11|0|007|173|||||4.875|0.00||||||||||||||||||||56767.11
F04Q10002544|200410|56297.73|0|008|172|||||4.875|0.00||||||||||||||||||||56297.73
F04Q10002544|200411|55826.44|0|009|171|||||4.875|0.00||||||||||||||||||||55826.44
F04Q10002544|200412|55353.23|0|010|170|||||4.875|0.00||||||||||||||||||||55353.23
F04Q10002544|200501|54878.10|0|011|169|||||4.875|0.00||||||||||||||||||||54878.10
F04Q10002544|200502|54401.10|0|012|168|||||4.875|0.00||||||||||||||||||||54401.10
F04Q10002544|200503|53922.10|0|013|167|||||4.875|0.00||||||||||||||||||||53922.10
F04Q10002544|200504|53441.16|0|014|166|||||4.875|0.00||||||||||||||||||||53441.16
F04Q10002544|200505|52958.26|0|015|165|||||4.875|0.00||||||||||||||||||||52958.26
F04Q10002544|200506|52473.43|0|016|164|||||4.875|0.00||||||||||||||||||||52473.43
F04Q10002544|200507|51986.60|0|017|163|||||4.875|0.00||||||||||||||||||||51986.60
F04Q10002544|200508|51497.80|0|018|162|||||4.875|0.00||||||||||||||||||||51497.80
F04Q10002544|200509|51007.01|0|019|161|||||4.875|0.00||||||||||||||||||||51007.01
F04Q10002544|200510|50514.23|0|020|160|||||4.875|0.00||||||||||||||||||||50514.23
F04Q10002544|200511|50169.51|0|021|159|||||4.875|0.00||||||||||||||||||||50169.51
F04Q10002544|200512|49823.32|0|022|158|||||4.875|0.00||||||||||||||||||||49823.32
F04Q10002544|200601|49475.73|0|023|157|||||4.875|0.00||||||||||||||||||||49475.73
F04Q10002544|200602|49126.75|0|024|156|||||4.875|0.00||||||||||||||||||||49126.75
F04Q10002544|200603|48776.33|0|025|155|||||4.875|0.00||||||||||||||||||||48776.33
F04Q10002544|200604|48424.48|0|026|154|||||4.875|0.00||||||||||||||||||||48424.48
F04Q10002544|200605|48071.23|0|027|153|||||4.875|0.00||||||||||||||||||||48071.23
F04Q10002544|200606|47716.52|0|028|152|||||4.875|0.00||||||||||||||||||||47716.52
F04Q10002544|200607|47360.37|0|029|151|||||4.875|0.00||||||||||||||||||||47360.37
F04Q10002544|200608|47002.79|0|030|150|||||4.875|0.00||||||||||||||||||||47002.79
F04Q10002544|200609|46643.74|0|031|149|||||4.875|0.00||||||||||||||||||||46643.74
F04Q10002544|200610|46283.23|0|032|148|||||4.875|0.00||||||||||||||||||||46283.23
F04Q10002544|200611|45921.27|0|033|147|||||4.875|0.00||||||||||||||||||||45921.27
F04Q10002544|200612|45557.83|0|034|146|||||4.875|0.00||||||||||||||||||||45557.83
F04Q10002544|200701|45192.91|0|035|145|||||4.875|0.00||||||||||||||||||||45192.91
F04Q10002544|200702|44826.52|0|036|144|||||4.875|0.00||||||||||||||||||||44826.52
F04Q10002544|200703|44458.63|0|037|143|||||4.875|0.00||||||||||||||||||||44458.63
F04Q10002544|200704|44089.24|0|038|142|||||4.875|0.00||||||||||||||||||||44089.24
F04Q10002544|200705|43718.36|0|039|141|||||4.875|0.00||||||||||||||||||||43718.36
F04Q10002544|200706|43345.97|0|040|140|||||4.875|0.00||||||||||||||||||||43345.97
F04Q10002544|200707|42972.06|0|041|139|||||4.875|0.00||||||||||||||||||||42972.06
F04Q10002544|200708|42596.64|0|042|138|||||4.875|0.00||||||||||||||||||||42596.64
F04Q10002544|200709|42219.69|0|043|137|||||4.875|0.00||||||||||||||||||||42219.69
F04Q10002544|200710|41841.24|0|044|136|||||4.875|0.00||||||||||||||||||||41841.24
F04Q10002544|200711|41461.22|0|045|135|||||4.875|0.00||||||||||||||||||||41461.22
F04Q10002544|200712|41079.66|0|046|134|||||4.875|0.00||||||||||||||||||||41079.66
F04Q10002544|200801|40696.57|0|047|133|||||4.875|0.00||||||||||||||||||||40696.57
F04Q10002544|200802|40311.91|0|048|132|||||4.875|0.00||||||||||||||||||||40311.91
F04Q10002544|200803|39925.68|0|049|131|||||4.875|0.00||||||||||||||||||||39925.68
F04Q10002544|200804|39537.90|0|050|130|||||4.875|0.00||||||||||||||||||||39537.90
F04Q10002544|200805|39148.52|0|051|129|||||4.875|0.00||||||||||||||||||||39148.52
F04Q10002544|200806|38757.56|0|052|128|||||4.875|0.00||||||||||||||||||||38757.56
F04Q10002544|200807|38365.02|0|053|127|||||4.875|0.00||||||||||||||||||||38365.02
F04Q10002544|200808|37970.88|0|054|126|||||4.875|0.00||||||||||||||||||||37970.88
F04Q10002544|200809|37575.14|0|055|125|||||4.875|0.00||||||||||||||||||||37575.14
F04Q10002544|200810|37052.80|0|056|124|||||4.875|0.00||||||||||||||||||||37052.80
F04Q10002544|200811|36528.33|0|057|123|||||4.875|0.00||||||||||||||||||||36528.33
F04Q10002544|200812|36001.78|0|058|122|||||4.875|0.00||||||||||||||||||||36001.78
F04Q10002544|200901|35473.04|0|059|121|||||4.875|0.00||||||||||||||||||||35473.04
F04Q10002544|200902|0.00|0|060|120|||01|200902|4.875|0.00|||||||||||||||35473.04|||||0.00
F04Q10002601|200402|70000.00|0|000|360|||||6.000|0.00||||||||||||||||||||70000.00
F04Q10002601|200403|70000.00|0|001|359|||||6.000|0.00||||||||||||||||||||70000.00
F04Q10002601|200404|70000.00|0|002|358|||||6.000|0.00||||||||||||||||||||70000.00
F04Q10002601|200405|70000.00|0|003|357|||||6.000|0.00||||||||||||||||||||70000.00
F04Q10002601|200406|70000.00|0|004|356|||||6.000|0.00||||||||||||||||||||70000.00
F04Q10002601|200407|70000.00|0|005|355|||||6.000|0.00||||||||||||||||||||70000.00
F04Q10002601|200408|70000.00|0|006|354|||||6.000|0.00||||||||||||||||||||70000.00
F04Q10002601|200409|69504.73|0|007|353|||||6.000|0.00||||||||||||||||||||69504.73
F04Q10002601|200410|69432.55|0|008|352|||||6.000|0.00||||||||||||||||||||69432.55
F04Q10002601|200411|69360.01|0|009|351|||||6.000|0.00||||||||||||||||||||69360.01
F04Q10002601|200412|69287.11|0|010|350|||||6.000|0.00||||||||||||||||||||69287.11
F04Q10002601|200501|69213.85|0|011|349|||||6.000|0.00||||||||||||||||||||69213.85
F04Q10002601|200502|69140.22|0|012|348|||||6.000|0.00||||||||||||||||||||69140.22
F04Q10002601|200503|69066.22|0|013|347|||||6.000|0.00||||||||||||||||||||69066.22
F04Q10002601|200504|68991.85|0|014|346|||||6.000|0.00||||||||||||||||||||68991.85
F04Q10002601|200505|68917.11|0|015|345|||||6.000|0.00||||||||||||||||||||68917.11
F04Q10002601|200506|68842.00|0|016|344|||||6.000|0.00||||||||||||||||||||68842.00
F04Q10002601|200507|68766.51|0|017|343|||||6.000|0.00||||||||||||||||||||68766.51
F04Q10002601|200508|68690.64|0|018|342|||||6.000|0.00||||||||||||||||||||68690.64
F04Q10002601|200509|68614.39|0|019|341|||||6.000|0.00||||||||||||||||||||68614.39
F04Q10002601|200510|68537.76|0|020|340|||||6.000|0.00||||||||||||||||||||68537.76
F04Q10002601|200511|68460.75|0|021|339|||||6.000|0.00||||||||||||||||||||68460.75
F04Q10002601|200512|68383.35|0|022|338|||||6.000|0.00||||||||||||||||||||68383.35
F04Q10002601|200601|68305.56|0|023|337|||||6.000|0.00||||||||||||||||||||68305.56
F04Q10002601|200602|68227.39|0|024|336|||||6.000|0.00||||||||||||||||||||68227.39
F04Q10002601|200603|68148.83|0|025|335|||||6.000|0.00||||||||||||||||||||68148.83
F04Q10002601|200604|68069.87|0|026|334|||||6.000|0.00||||||||||||||||||||68069.87
F04Q10002601|200605|67990.52|0|027|333|||||6.000|0.00||||||||||||||||||||67990.52
F04Q10002601|200606|67910.78|0|028|332|||||6.000|0.00||||||||||||||||||||67910.78
F04Q10002601|200607|67830.64|0|029|331|||||6.000|0.00||||||||||||||||||||67830.64
F04Q10002601|200608|67750.09|0|030|330|||||6.000|0.00||||||||||||||||||||67750.09
F04Q10002601|200609|67669.14|0|031|329|||||6.000|0.00||||||||||||||||||||67669.14
F04Q10002601|200610|67587.79|0|032|328|||||6.000|0.00||||||||||||||||||||67587.79
F04Q10002601|200611|67506.03|0|033|327|||||6.000|0.00||||||||||||||||||||67506.03
F04Q10002601|200612|67423.86|0|034|326|||||6.000|0.00||||||||||||||||||||67423.86
F04Q10002601|200701|67341.28|0|035|325|||||6.000|0.00||||||||||||||||||||67341.28
F04Q10002601|200702|67258.29|0|036|324|||||6.000|0.00||||||||||||||||||||67258.29
F04Q10002601|200703|67174.88|0|037|323|||||6.000|0.00||||||||||||||||||||67174.88
F04Q10002601|200704|67091.05|0|038|322|||||6.000|0.00||||||||||||||||||||67091.05
F04Q10002601|200705|67006.80|0|039|321|||||6.000|0.00||||||||||||||||||||67006.80
F04Q10002601|200706|66922.13|0|040|320|||||6.000|0.00||||||||||||||||||||66922.13
F04Q10002601|200707|66837.04|0|041|319|||||6.000|0.00||||||||||||||||||||66837.04
F04Q10002601|200708|66751.53|0|042|318|||||6.000|0.00||||||||||||||||||||66751.53
F04Q10002601|200709|66665.59|0|043|317|||||6.000|0.00||||||||||||||||||||66665.59
F04Q10002601|200710|66579.22|0|044|316|||||6.000|0.00||||||||||||||||||||66579.22
F04Q10002601|200711|66492.41|0|045|315|||||6.000|0.00||||||||||||||||||||66492.41
F04Q10002601|200712|66405.17|0|046|314|||||6.000|0.00||||||||||||||||||||66405.17
F04Q10002601|200801|66317.50|0|047|313|||||6.000|0.00||||||||||||||||||||66317.50
F04Q10002601|200802|66229.39|0|048|312|||||6.000|0.00||||||||||||||||||||66229.39
F04Q10002601|200803|66140.84|0|049|311|||||6.000|0.00||||||||||||||||||||66140.84
F04Q10002601|200804|66051.84|0|050|310|||||6.000|0.00||||||||||||||||||||66051.84
F04Q10002601|200805|65962.40|0|051|309|||||6.000|0.00||||||||||||||||||||65962.40
F04Q10002601|200806|65872.51|0|052|308|||||6.000|0.00||||||||||||||||||||65872.51
F04Q10002601|200807|65782.17|0|053|307|||||6.000|0.00||||||||||||||||||||65782.17
F04Q10002601|200808|65691.38|0|054|306|||||6.000|0.00||||||||||||||||||||65691.38
F04Q10002601|200809|65600.14|0|055|305|||||6.000|0.00||||||||||||||||||||65600.14
F04Q10002601|200810|65508.44|0|056|304|||||6.000|0.00||||||||||||||||||||65508.44
F04Q10002601|200811|65416.28|0|057|303|||||6.000|0.00||||||||||||||||||||65416.28
F04Q10002601|200812|65323.66|0|058|302|||||6.000|0.00||||||||||||||||||||65323.66
F04Q10002601|200901|65230.58|0|059|301|||||6.000|0.00||||||||||||||||||||65230.58
F04Q10002601|200902|65137.03|0|060|300|||||6.000|0.00||||||||||||||||||||65137.03
F04Q10002601|200903|65043.01|0|061|299|||||6.000|0.00||||||||||||||||||||65043.01
F04Q10002601|200904|64948.52|0|062|298|||||6.000|0.00||||||||||||||||||||64948.52
F04Q10002601|200905|64853.56|0|063|297|||||6.000|0.00||||||||||||||||||||64853.56
F04Q10002601|200906|64758.13|0|064|296|||||6.000|0.00||||||||||||||||||||64758.13
F04Q10002601|200907|64662.22|0|065|295|||||6.000|0.00||||||||||||||||||||64662.22
F04Q10002601|200908|64565.83|0|066|294|||||6.000|0.00||||||||||||||||||||64565.83
F04Q10002601|200909|64468.96|0|067|293|||||6.000|0.00||||||||||||||||||||64468.96
F04Q10002601|200910|64371.60|0|068|292|||||6.000|0.00||||||||||||||||||||64371.60
F04Q10002601|200911|64273.77|0|069|291|||||6.000|0.00||||||||||||||||||||64273.77
F04Q10002601|200912|64175.43|0|070|290|||||6.000|0.00||||||||||||||||||||64175.43
F04Q10002601|201001|64076.61|0|071|289|||||6.000|0.00||||||||||||||||||||64076.61
F04Q10002601|201002|63977.30|0|072|288|||||6.000|0.00||||||||||||||||||||63977.30
F04Q10002601|201003|63877.48|0|073|287|||||6.000|0.00||||||||||||||||||||63877.48
F04Q10002601|201004|63777.17|0|074|286|||||6.000|0.00||||||||||||||||||||63777.17
F04Q10002601|201005|63676.36|0|075|285|||||6.000|0.00||||||||||||||||||||63676.36
F04Q10002601|201006|63575.04|0|076|284|||||6.000|0.00||||||||||||||||||||63575.04
F04Q10002601|201007|63473.23|0|077|283|||||6.000|0.00||||||||||||||||||||63473.23
F04Q10002601|201008|63370.91|0|078|282|||||6.000|0.00||||||||||||||||||||63370.91
F04Q10002601|201009|63370.90|1|079|281|||||6.000|0.00||||||||||||||||||||63370.90
F04Q10002601|201010|63370.90|2|080|280|||||6.000|0.00||||||||||||||||||||63370.90
F04Q10002601|201011|63268.06|2|081|279|||||6.000|0.00||||||||||||||||||||63268.06
F04Q10002601|201012|63268.06|3|082|278|||||6.000|0.00||||||||||||||||||||63268.06
F04Q10002601|201101|63164.71|3|083|277|||||6.000|0.00||||||||||||||||||||63164.71
F04Q10002601|201102|65364.04|0|084|276|||||6.000|3000.00||||||||||||||||||||62364.04
F04Q10002601|201103|65279.13|0|001|479||Y|||2.000|3000.00||||||||||||Y|||||||222.01|62279.13
F04Q10002601|201104|65194.08|0|002|478||P|||2.000|3000.00||||||||||||Y|||||||221.72|62194.08
F04Q10002601|201105|65108.89|0|003|477||P|||2.000|3000.00||||||||||||Y|||||||221.44|62108.89
F04Q10002601|201106|65023.45|0|004|476||P|||2.000|3000.00||||||||||||Y|||||||221.15|62023.45
F04Q10002601|201107|64936.87|0|005|475||P|||2.000|3000.00||||||||||||Y|||||||220.87|61936.87
F04Q10002601|201108|64850.15|0|006|474||P|||2.000|3000.00||||||||||||Y|||||||220.58|61850.15
F04Q10002601|201109|64764.28|0|007|473||P|||2.000|3000.00||||||||||||Y|||||||220.29|61764.28
F04Q10002601|201110|64678.37|0|008|472||P|||2.000|3000.00||||||||||||Y|||||||220.01|61678.37
F04Q10002601|201111|64592.22|0|009|471||P|||2.000|3000.00||||||||||||Y|||||||219.72|61592.22
F04Q10002601|201112|64505.85|0|010|470||P|||2.000|3000.00||||||||||||Y|||||||219.43|61505.85
F04Q10002601|201201|63417.74|0|011|469||P|||2.000|3000.00||||||||||||Y|||||||219.14|60417.74
F04Q10002601|201202|63329.59|0|012|468||P|||2.000|3000.00||||||||||||Y|||||||215.52|60329.59
F04Q10002601|201203|63241.29|0|013|467||P|||2.000|3000.00||||||||||||Y|||||||215.22|60241.29
F04Q10002601|201204|63152.84|0|014|466||P|||2.000|3000.00||||||||||||Y|||||||214.93|60152.84
F04Q10002601|201205|63064.24|0|015|465||P|||2.000|3000.00||||||||||||Y|||||||214.63|60064.24
F04Q10002601|201206|62975.50|0|016|464||P|||2.000|3000.00||||||||||||Y|||||||214.34|59975.50
F04Q10002601|201207|62886.61|0|017|463||P|||2.000|3000.00||||||||||||Y|||||||214.04|59886.61
F04Q10002601|201208|62886.61|0|018|462||P|||2.000|3000.00||||||||||||Y|||||||213.75|59886.61
F04Q10002601|201209|62788.13|0|019|461||P|||2.000|3000.00||||||||||||Y|||||||213.75|59788.13
F04Q10002601|201210|62689.49|0|020|460||P|||2.000|3000.00||||||||||||Y|||||||213.42|59689.49
F04Q10002601|201211|62510.60|0|021|459||P|||2.000|3000.00||||||||||||Y|||||||213.09|59510.60
F04Q10002601|201212|62510.60|0|022|458||P|||2.000|3000.00||||||||||||Y|||||||212.49|59510.60
F04Q10002601|201301|61329.45|0|023|457||P|||2.000|3000.00||||||||||||Y|||||||212.49|58329.45
F04Q10002601|201302|61237.82|0|024|456||P|||2.000|3000.00||||||||||||Y|||||||208.56|58237.82
F04Q10002601|201303|61237.82|0|025|455||P|||2.000|3000.00||||||||||||Y|||||||208.25|58237.82
F04Q10002601|201304|61146.03|0|026|454||P|||2.000|3000.00||||||||||||Y|||||||208.25|58146.03
F04Q10002601|201305|61054.09|0|027|453||P|||2.000|3000.00||||||||||||Y|||||||207.95|58054.09
F04Q10002601|201306|60962.00|0|028|452||P|||2.000|3000.00||||||||||||Y|||||||207.64|57962.00
F04Q10002601|201307|60869.75|0|029|451||P|||2.000|3000.00||||||||||||Y|||||||207.33|57869.75
F04Q10002601|201308|60684.80|0|030|450||P|||2.000|3000.00||||||||||||Y|||||||207.02|57684.80
F04Q10002601|201309|60684.80|0|031|449||P|||2.000|3000.00||||||||||||Y|||||||206.41|57684.80
F04Q10002601|201310|60592.09|0|032|448||P|||2.000|3000.00||||||||||||Y|||||||206.41|57592.09
F04Q10002601|201311|60499.23|0|033|447||P|||2.000|3000.00||||||||||||Y|||||||206.10|57499.23
F04Q10002601|201312|60406.21|0|034|446||P|||2.000|3000.00||||||||||||Y|||||||205.79|57406.21
F04Q10002601|201401|59313.04|0|035|445||P|||2.000|3000.00||||||||||||Y|||||||205.48|56313.04
F04Q10002601|201402|59122.90|0|036|444||P|||2.000|3000.00||||||||||||Y|||||||201.84|56122.90
F04Q10002601|201403|59122.90|0|037|443||P|||2.000|3000.00||||||||||||Y|||||||201.20|56122.90
F04Q10002601|201404|59027.59|0|038|442||P|||2.000|3000.00||||||||||||Y|||||||201.20|56027.59
F04Q10002601|201405|58932.12|0|039|441||P|||2.000|3000.00||||||||||||Y|||||||200.88|55932.12
F04Q10002601|201406|58836.49|1|040|440||P|||2.000|3000.00||||||||||||Y|||||||200.57|55836.49
F04Q10002601|201407|58644.75|0|041|439||P|||2.000|3000.00||||||||||||Y|||||||200.25|55644.75
F04Q10002601|201408|58644.75|0|042|438||P|||2.000|3000.00||||||||||||Y|||||||199.61|55644.75
F04Q10002601|201409|58548.64|0|043|437||P|||2.000|3000.00||||||||||||Y|||||||199.61|55548.64
F04Q10002601|201410|58452.37|0|044|436||P|||2.000|3000.00||||||||||||Y|||||||199.29|55452.37
F04Q10002601|201411|58355.94|1|045|435||P|||2.000|3000.00||||||||||||Y|||||||198.97|55355.94
F04Q10002601|201412|58259.35|0|046|434||P|||2.000|3000.00||||||||||||Y|||||||198.64|55259.35
F04Q10002601|201501|57230.97|0|047|433||P|||2.000|3000.00||||||||||||Y|||||||198.32|54230.97
F04Q10002601|201502|57230.97|0|048|432||P|||2.000|3000.00||||||||||||Y|||||||194.89|54230.97
F04Q10002601|201503|57132.50|0|049|431||P|||2.000|3000.00||||||||||||Y|||||||194.89|54132.50
F04Q10002601|201504|57033.87|0|050|430||P|||2.000|3000.00||||||||||||Y|||||||194.57|54033.87
F04Q10002601|201505|56935.08|0|051|429||P|||2.000|3000.00||||||||||||Y|||||||194.24|53935.08
F04Q10002601|201506|56836.12|0|052|428||P|||2.000|3000.00||||||||||||Y|||||||193.91|53836.12
F04Q10002601|201507|56737.00|0|053|427||P|||2.000|3000.00||||||||||||Y|||||||193.58|53737.00
F04Q10002601|201508|56637.71|0|054|426||P|||2.000|3000.00||||||||||||Y|||||||193.25|53637.71
F04Q10002601|201509|56538.26|0|055|425||P|||2.000|3000.00||||||||||||Y|||||||192.92|53538.26
F04Q10002601|201510|56438.64|1|056|424||P|||2.000|3000.00||||||||||||Y|||||||192.59|53438.64
F04Q10002601|201511|56338.85|0|057|423||P|||2.000|3000.00||||||||||||Y|||||||192.25|53338.85
F04Q10002601|201512|56238.90|1|058|422||P|||2.000|3000.00||||||||||||Y|||||||191.92|53238.90
F04Q10002601|201601|55220.58|0|059|421||P|||2.000|3000.00||||||||||||Y|||||||191.59|52220.58
F04Q10002601|201602|55118.76|0|060|420||P|||2.000|3000.00||||||||||||Y|||||||188.19|52118.76
F04Q10002601|201603|55016.77|1|061|419||P|||3.000|3000.00||||||||||||Y|||||||144.42|52016.77
F04Q10002601|201604|54837.83|0|062|418||P|||3.000|3000.00||||||||||||Y|||||||144.17|51837.83
F04Q10002601|201605|54837.83|0|063|417||P|||3.000|3000.00||||||||||||Y|||||||143.72|51837.83
F04Q10002601|201606|54748.02|0|064|416||P|||3.000|3000.00||||||||||||Y|||||||143.72|51748.02
F04Q10002601|201607|54625.91|0|065|415||P|||3.000|3000.00||||||||||||Y|||||||143.50|51625.91
F04Q10002601|201608|54503.49|0|066|414||P|||3.000|3000.00||||||||||||Y|||||||143.19|51503.49
F04Q10002601|201609|54412.85|0|067|413||P|||3.000|3000.00||||||||||||Y|||||||142.88|51412.85
F04Q10002601|201610|54321.98|0|068|412||P|||3.000|3000.00||||||||||||Y|||||||142.66|51321.98
F04Q10002601|201611|54230.88|0|069|411||P|||3.000|3000.00||||||||||||Y|||||||142.43|51230.88
F04Q10002601|201612|54139.56|0|070|410||P|||3.000|3000.00||||||||||||Y|||||||142.20|51139.56
F04Q10002601|201701|49048.01|0|071|409||P|||3.000|3000.00||||||||||||Y|||||||141.97|46048.01
F04Q10002601|201702|48943.73|1|072|408||P|||3.000|3000.00||||||||||||Y|||||||129.25|45943.73
F04Q10002601|201703|48839.19|0|073|407||P|||4.000|3000.00||||||||||||Y|||||||90.70|45839.19
F04Q10002601|201704|48641.16|0|074|406||P|||4.000|3000.00||||||||||||Y||45|||||90.52|45641.16
F04Q10002601|201705|48641.16|0|075|405||P|||4.000|3000.00||||||||||||Y||44|||||90.19|45641.16
F04Q10002601|201706|48541.65|0|076|404||P|||4.000|3000.00||||||||||||Y||45|||||90.19|45541.65
F04Q10002601|201707|48341.63|0|077|403||P|||4.000|3000.00||||||||||||Y||43|||||90.03|45341.63
F04Q10002601|201708|48341.63|0|078|402||P|||4.000|3000.00||||||||||||Y||41|||||89.69|45341.63
F04Q10002601|201709|48241.12|0|079|401||P|||4.000|3000.00||||||||||||Y||44|||||89.69|45241.12
F04Q10002601|201710|48140.27|0|080|400||P|||4.000|3000.00||||||||||||Y||43|||||89.53|45140.27
F04Q10002601|201711|48039.09|0|081|399||P|||4.000|3000.00||||||||||||Y||43|||||89.36|45039.09
F04Q10002601|201712|47937.57|0|082|398||P|||4.000|3000.00||||||||||||Y||44|||||89.19|44937.57
F04Q10002601|201801|47835.71|0|083|397||P|||4.000|3000.00||||||||||||Y||43|||||89.02|44835.71
F04Q10002601|201802|47733.51|0|084|396||P|||4.000|3000.00||||||||||||Y||41|||||88.85|44733.51
F04Q10002601|201803|47630.97|1|085|395||P|||4.750|3000.00||||||||||||Y||41|||||60.72|44630.97
F04Q10002601|201804|47630.97|0|086|394||P|||4.750|3000.00||||||||||||Y||46|||||60.62|44630.97
F04Q10002601|201805|47430.44|0|087|393||P|||4.750|3000.00||||||||||||Y||45|||||60.62|44430.44
F04Q10002601|201806|47329.58|0|088|392||P|||4.750|3000.00||||||||||||Y||47|||||60.41|44329.58
F04Q10002601|201807|47228.32|0|089|391||P|||4.750|3000.00||||||||||||Y||47|||||60.30|44228.32
F04Q10002601|201808|47126.66|0|090|390||P|||4.750|3000.00||||||||||||Y||46|||||60.20|44126.66
F04Q10002601|201809|47024.60|0|091|389||P|||4.750|3000.00||||||||||||Y||45|||||60.09|44024.60
F04Q10002601|201810|46922.13|0|092|388||P|||4.750|3000.00||||||||||||Y||45|||||59.98|43922.13
F04Q10002601|201811|46819.26|0|093|387||P|||4.750|3000.00||||||||||||Y||47|||||59.88|43819.26
F04Q10002601|201812|46715.98|0|094|386||P|||4.750|3000.00||||||||||||Y||48|||||59.77|43715.98
F04Q10002601|201901|46612.29|0|095|385||P|||4.750|3000.00||||||||||||Y||48|||||59.66|43612.29
F04Q10002601|201902|46508.19|0|096|384||P|||4.750|3000.00||||||||||||Y||46|||||59.55|43508.19
F04Q10002601|201903|46403.68|1|097|383||P|||4.750|3000.00||||||||||||Y||42|||||59.45|43403.68
F04Q10002601|201904|46403.68|1|098|382||P|||4.750|3000.00||||||||||||Y||40|||||59.34|43403.68
F04Q10002601|201905|46193.42|1|099|381||P|||4.750|3000.00||||||||||||Y||38|||||59.34|43193.42
F04Q10002601|201906|0.00|0|100|380||P|01|201906|4.750|0.00|201905||||||||||16128.51|Y||999|46193.42||||59.12|0.00
F04Q10002605|200402|90000.00|0|000|360|||||5.875|0.00||||||||||||||||||||90000.00
F04Q10002605|200403|90000.00|0|001|359|||||5.875|0.00||||||||||||||||||||90000.00
F04Q10002605|200404|90000.00|0|002|358|||||5.875|0.00||||||||||||||||||||90000.00
F04Q10002605|200405|90000.00|0|003|357|||||5.875|0.00||||||||||||||||||||90000.00
F04Q10002605|200406|90000.00|0|004|356|||||5.875|0.00||||||||||||||||||||90000.00
F04Q10002605|200407|90000.00|0|005|355|||||5.875|0.00||||||||||||||||||||90000.00
F04Q10002605|200408|90000.00|0|006|354|||||5.875|0.00||||||||||||||||||||90000.00
F04Q10002605|200409|89596.38|0|007|353|||||5.875|0.00||||||||||||||||||||89596.38
F04Q10002605|200410|89501.17|0|008|352|||||5.875|0.00||||||||||||||||||||89501.17
F04Q10002605|200411|89405.49|0|009|351|||||5.875|0.00||||||||||||||||||||89405.49
F04Q10002605|200412|89309.34|0|010|350|||||5.875|0.00||||||||||||||||||||89309.34
F04Q10002605|200501|89212.72|0|011|349|||||5.875|0.00||||||||||||||||||||89212.72
F04Q10002605|200502|89115.63|0|012|348|||||5.875|0.00||||||||||||||||||||89115.63
F04Q10002605|200503|89018.07|0|013|347|||||5.875|0.00||||||||||||||||||||89018.07
F04Q10002605|200504|88920.03|0|014|346|||||5.875|0.00||||||||||||||||||||88920.03
F04Q10002605|200505|88821.51|0|015|345|||||5.875|0.00||||||||||||||||||||88821.51
F04Q10002605|200506|88722.51|0|016|344|||||5.875|0.00||||||||||||||||||||88722.51
F04Q10002605|200507|88623.02|0|017|343|||||5.875|0.00||||||||||||||||||||88623.02
F04Q10002605|200508|88523.04|0|018|342|||||5.875|0.00||||||||||||||||||||88523.04
F04Q10002605|200509|88422.57|0|019|341|||||5.875|0.00||||||||||||||||||||88422.57
F04Q10002605|200510|88422.57|0|020|340|||||5.875|0.00||||||||||||||||||||88422.57
F04Q10002605|200511|88220.16|0|021|339|||||5.875|0.00||||||||||||||||||||88220.16
F04Q10002605|200512|88118.21|0|022|338|||||5.875|0.00||||||||||||||||||||88118.21
F04Q10002605|200601|88015.76|0|023|337|||||5.875|0.00||||||||||||||||||||88015.76
F04Q10002605|200602|87912.81|0|024|336|||||5.875|0.00||||||||||||||||||||87912.81
F04Q10002605|200603|87809.36|0|025|335|||||5.875|0.00||||||||||||||||||||87809.36
F04Q10002605|200604|87705.40|0|026|334|||||5.875|0.00||||||||||||||||||||87705.40
F04Q10002605|200605|87600.93|0|027|333|||||5.875|0.00||||||||||||||||||||87600.93
F04Q10002605|200606|87495.95|0|028|332|||||5.875|0.00||||||||||||||||||||87495.95
F04Q10002605|200607|87390.46|0|029|331|||||5.875|0.00||||||||||||||||||||87390.46
F04Q10002605|200608|87284.45|0|030|330|||||5.875|0.00||||||||||||||||||||87284.45
F04Q10002605|200609|87177.92|0|031|329|||||5.875|0.00||||||||||||||||||||87177.92
F04Q10002605|200610|87070.87|0|032|328|||||5.875|0.00||||||||||||||||||||87070.87
F04Q10002605|200611|86963.29|0|033|327|||||5.875|0.00||||||||||||||||||||86963.29
F04Q10002605|200612|86855.19|0|034|326|||||5.875|0.00||||||||||||||||||||86855.19
F04Q10002605|200701|86746.56|0|035|325|||||5.875|0.00||||||||||||||||||||86746.56
F04Q10002605|200702|86637.40|0|036|324|||||5.875|0.00||||||||||||||||||||86637.40
F04Q10002605|200703|86527.70|0|037|323|||||5.875|0.00||||||||||||||||||||86527.70
F04Q10002605|200704|86417.47|0|038|322|||||5.875|0.00||||||||||||||||||||86417.47
F04Q10002605|200705|86306.70|0|039|321|||||5.875|0.00||||||||||||||||||||86306.70
F04Q10002605|200706|86195.38|0|040|320|||||5.875|0.00||||||||||||||||||||86195.38
F04Q10002605|200707|86083.52|0|041|319|||||5.875|0.00||||||||||||||||||||86083.52
F04Q10002605|200708|85971.11|0|042|318|||||5.875|0.00||||||||||||||||||||85971.11
F04Q10002605|200709|85858.15|0|043|317|||||5.875|0.00||||||||||||||||||||85858.15
F04Q10002605|200710|85744.64|0|044|316|||||5.875|0.00||||||||||||||||||||85744.64
F04Q10002605|200711|85630.57|0|045|315|||||5.875|0.00||||||||||||||||||||85630.57
F04Q10002605|200712|85515.94|0|046|314|||||5.875|0.00||||||||||||||||||||85515.94
F04Q10002605|200801|85400.75|0|047|313|||||5.875|0.00||||||||||||||||||||85400.75
F04Q10002605|200802|85285.00|0|048|312|||||5.875|0.00||||||||||||||||||||85285.00
F04Q10002605|200803|85168.68|0|049|311|||||5.875|0.00||||||||||||||||||||85168.68
F04Q10002605|200804|85051.79|0|050|310|||||5.875|0.00||||||||||||||||||||85051.79
F04Q10002605|200805|84934.33|0|051|309|||||5.875|0.00||||||||||||||||||||84934.33
F04Q10002605|200806|84816.29|0|052|308|||||5.875|0.00||||||||||||||||||||84816.29
F04Q10002605|200807|84697.68|0|053|307|||||5.875|0.00||||||||||||||||||||84697.68
F04Q10002605|200808|84578.49|0|054|306|||||5.875|0.00||||||||||||||||||||84578.49
F04Q10002605|200809|84458.71|0|055|305|||||5.875|0.00||||||||||||||||||||84458.71
F04Q10002605|200810|84338.35|0|056|304|||||5.875|0.00||||||||||||||||||||84338.35
F04Q10002605|200811|84217.40|0|057|303|||||5.875|0.00||||||||||||||||||||84217.40
F04Q10002605|200812|84095.85|0|058|302|||||5.875|0.00||||||||||||||||||||84095.85
F04Q10002605|200901|83973.71|0|059|301|||||5.875|0.00||||||||||||||||||||83973.71
F04Q10002605|200902|83850.97|0|060|300|||||5.875|0.00||||||||||||||||||||83850.97
F04Q10002605|200903|83727.63|0|061|299|||||5.875|0.00||||||||||||||||||||83727.63
F04Q10002605|200904|83603.69|0|062|298|||||5.875|0.00||||||||||||||||||||83603.69
F04Q10002605|200905|83479.14|0|063|297|||||5.875|0.00||||||||||||||||||||83479.14
F04Q10002605|200906|83353.98|0|064|296|||||5.875|0.00||||||||||||||||||||83353.98
F04Q10002605|200907|83228.21|0|065|295|||||5.875|0.00||||||||||||||||||||83228.21
F04Q10002605|200908|83101.82|0|066|294|||||5.875|0.00||||||||||||||||||||83101.82
F04Q10002605|200909|82974.81|0|067|293|||||5.875|0.00||||||||||||||||||||82974.81
F04Q10002605|200910|82825.11|0|068|292|||||5.875|0.00||||||||||||||||||||82825.11
F04Q10002605|200911|82674.79|0|069|291|||||5.875|0.00||||||||||||||||||||82674.79
F04Q10002605|200912|82545.80|0|070|290|||||5.875|0.00||||||||||||||||||||82545.80
F04Q10002605|201001|82394.00|0|071|289|||||5.875|0.00||||||||||||||||||||82394.00
F04Q10002605|201002|82241.57|0|072|288|||||5.875|0.00||||||||||||||||||||82241.57
F04Q10002605|201003|82088.39|0|073|287|||||5.875|0.00||||||||||||||||||||82088.39
F04Q10002605|201004|81956.53|0|074|286|||||5.875|0.00||||||||||||||||||||81956.53
F04Q10002605|201005|81823.92|0|075|285|||||5.875|0.00||||||||||||||||||||81823.92
F04Q10002605|201006|81690.66|0|076|284|||||5.875|0.00||||||||||||||||||||81690.66
F04Q10002605|201007|81556.74|0|077|283|||||5.875|0.00||||||||||||||||||||81556.74
F04Q10002605|201008|81422.17|0|078|282|||||5.875|0.00||||||||||||||||||||81422.17
F04Q10002605|201009|81286.94|0|079|281|||||5.875|0.00||||||||||||||||||||81286.94
F04Q10002605|201010|81151.05|0|080|280|||||5.875|0.00||||||||||||||||||||81151.05
F04Q10002605|201011|81014.49|0|081|279|||||5.875|0.00||||||||||||||||||||81014.49
F04Q10002605|201012|80877.26|0|082|278|||||5.875|0.00||||||||||||||||||||80877.26
F04Q10002605|201101|80739.36|0|083|277|||||5.875|0.00||||||||||||||||||||80739.36
F04Q10002605|201102|80600.79|0|084|276|||||5.875|0.00||||||||||||||||||||80600.79
F04Q10002605|201103|80461.54|0|085|275|||||5.875|0.00||||||||||||||||||||80461.54
F04Q10002605|201104|80321.61|0|086|274|||||5.875|0.00||||||||||||||||||||80321.61
F04Q10002605|201105|80180.99|0|087|273|||||5.875|0.00||||||||||||||||||||80180.99
F04Q10002605|201106|80039.68|0|088|272|||||5.875|0.00||||||||||||||||||||80039.68
F04Q10002605|201107|79897.68|0|089|271|||||5.875|0.00||||||||||||||||||||79897.68
F04Q10002605|201108|79754.99|0|090|270|||||5.875|0.00||||||||||||||||||||79754.99
F04Q10002605|201109|79611.60|0|091|269|||||5.875|0.00||||||||||||||||||||79611.60
F04Q10002605|201110|79467.51|0|092|268|||||5.875|0.00||||||||||||||||||||79467.51
F04Q10002605|201111|79322.71|0|093|267|||||5.875|0.00||||||||||||||||||||79322.71
F04Q10002605|201112|79177.20|0|094|266|||||5.875|0.00||||||||||||||||||||79177.20
F04Q10002605|201201|79030.98|0|095|265|||||5.875|0.00||||||||||||||||||||79030.98
F04Q10002605|201202|78884.04|0|096|264|||||5.875|0.00||||||||||||||||||||78884.04
F04Q10002605|201203|78736.38|0|097|263|||||5.875|0.00||||||||||||||||||||78736.38
F04Q10002605|201204|78588.00|0|098|262|||||5.875|0.00||||||||||||||||||||78588.00
F04Q10002605|201205|78438.89|0|099|261|||||5.875|0.00||||||||||||||||||||78438.89
F04Q10002605|201206|78289.05|0|100|260|||||5.875|0.00||||||||||||||||||||78289.05
F04Q10002605|201207|78138.48|0|101|259|||||5.875|0.00||||||||||||||||||||78138.48
F04Q10002605|201208|77987.17|0|102|258|||||5.875|0.00||||||||||||||||||||77987.17
F04Q10002605|201209|77987.17|0|103|257|||||5.875|0.00||||||||||||||||||||77987.17
F04Q10002605|201210|77682.33|0|104|256|||||5.875|0.00||||||||||||||||||||77682.33
F04Q10002605|201211|77528.79|0|105|255|||||5.875|0.00||||||||||||||||||||77528.79
F04Q10002605|201212|77374.50|0|106|254|||||5.875|0.00||||||||||||||||||||77374.50
F04Q10002605|201301|77219.45|0|107|253|||||5.875|0.00||||||||||||||||||||77219.45
F04Q10002605|201302|77063.64|0|108|252|||||5.875|0.00||||||||||||||||||||77063.64
F04Q10002605|201303|76907.07|0|109|251|||||5.875|0.00||||||||||||||||||||76907.07
F04Q10002605|201304|76749.73|0|110|250|||||5.875|0.00||||||||||||||||||||76749.73
F04Q10002605|201305|76591.62|0|111|249|||||5.875|0.00||||||||||||||||||||76591.62
F04Q10002605|201306|76424.17|0|112|248|||||5.875|0.00||||||||||||||||||||76424.17
F04Q10002605|201307|76255.90|0|113|247|||||5.875|0.00||||||||||||||||||||76255.90
F04Q10002605|201308|76086.85|0|114|246|||||5.875|0.00||||||||||||||||||||76086.85
F04Q10002605|201309|75916.93|0|115|245|||||5.875|0.00||||||||||||||||||||75916.93
F04Q10002605|201310|75746.22|0|116|244|||||5.875|0.00||||||||||||||||||||75746.22
F04Q10002605|201311|75574.63|0|117|243|||||5.875|0.00||||||||||||||||||||75574.63
F04Q10002605|201312|75402.20|0|118|242|||||5.875|0.00||||||||||||||||||||75402.20
F04Q10002605|201401|75228.97|0|119|241|||||5.875|0.00||||||||||||||||||||75228.97
F04Q10002605|201402|75054.85|0|120|240|||||5.875|0.00||||||||||||||||||||75054.85
F04Q10002605|201403|74879.88|0|121|239|||||5.875|0.00||||||||||||||||||||74879.88
F04Q10002605|201404|74704.05|0|122|238|||||5.875|0.00||||||||||||||||||||74704.05
F04Q10002605|201405|74527.36|0|123|237|||||5.875|0.00||||||||||||||||||||74527.36
F04Q10002605|201406|74355.77|0|124|236|||||5.875|0.00||||||||||||||||||||74355.77
F04Q10002605|201407|74183.34|0|125|235|||||5.875|0.00||||||||||||||||||||74183.34
F04Q10002605|201408|74010.08|0|126|234|||||5.875|0.00||||||||||||||||||||74010.08
F04Q10002605|201409|73835.96|0|127|233|||||5.875|0.00||||||||||||||||||||73835.96
F04Q10002605|201410|73660.99|0|128|232|||||5.875|0.00||||||||||||||||||||73660.99
F04Q10002605|201411|73485.16|0|129|231|||||5.875|0.00||||||||||||||||||||73485.16
F04Q10002605|201412|73308.47|0|130|230|||||5.875|0.00||||||||||||||||||||73308.47
F04Q10002605|201501|73130.92|0|131|229|||||5.875|0.00||||||||||||||||||||73130.92
F04Q10002605|201502|72952.50|0|132|228|||||5.875|0.00||||||||||||||||||||72952.50
F04Q10002605|201503|72773.20|0|133|227|||||5.875|0.00||||||||||||||||||||72773.20
F04Q10002605|201504|72593.03|0|134|226|||||5.875|0.00||||||||||||||||||||72593.03
F04Q10002605|201505|72411.97|0|135|225|||||5.875|0.00||||||||||||||||||||72411.97
F04Q10002605|201506|72223.93|0|136|224|||||5.875|0.00||||||||||||||||||||72223.93
F04Q10002605|201507|72034.97|0|137|223|||||5.875|0.00||||||||||||||||||||72034.97
F04Q10002605|201508|71845.08|0|138|222|||||5.875|0.00||||||||||||||||||||71845.08
F04Q10002605|201509|71654.26|0|139|221|||||5.875|0.00||||||||||||||||||||71654.26
F04Q10002605|201510|71462.51|0|140|220|||||5.875|0.00||||||||||||||||||||71462.51
F04Q10002605|201511|71269.82|0|141|219|||||5.875|0.00||||||||||||||||||||71269.82
F04Q10002605|201512|71076.19|0|142|218|||||5.875|0.00||||||||||||||||||||71076.19
F04Q10002605|201601|70881.65|0|143|217|||||5.875|0.00||||||||||||||||||||70881.65
F04Q10002605|201602|70686.11|0|144|216|||||5.875|0.00||||||||||||||||||||70686.11
F04Q10002605|201603|70489.62|0|145|215|||||5.875|0.00||||||||||||||||||||70489.62
F04Q10002605|201604|70292.17|0|146|214|||||5.875|0.00||||||||||||||||||||70292.17
F04Q10002605|201605|70093.75|0|147|213|||||5.875|0.00||||||||||||||||||||70093.75
F04Q10002605|201606|69891.63|0|148|212|||||5.875|0.00||||||||||||||||||||69891.63
F04Q10002605|201607|69688.52|0|149|211|||||5.875|0.00||||||||||||||||||||69688.52
F04Q10002605|201608|69484.41|0|150|210|||||5.875|0.00||||||||||||||||||||69484.41
F04Q10002605|201609|69279.30|0|151|209|||||5.875|0.00||||||||||||||||||||69279.30
F04Q10002605|201610|69073.19|0|152|208|||||5.875|0.00||||||||||||||||||||69073.19
F04Q10002605|201611|68866.07|0|153|207|||||5.875|0.00||||||||||||||||||||68866.07
F04Q10002605|201612|68657.94|0|154|206|||||5.875|0.00||||||||||||||||||||68657.94
F04Q10002605|201701|68448.79|0|155|205|||||5.875|0.00||||||||||||||||||||68448.79
F04Q10002605|201702|68238.61|0|156|204|||||5.875|0.00||||||||||||||||||||68238.61
F04Q10002605|201703|68027.40|0|157|203|||||5.875|0.00||||||||||||||||||||68027.40
F04Q10002605|201704|67815.16|0|158|202|||||5.875|0.00||||||||||||||999||||||67815.16
F04Q10002605|201705|67601.88|0|159|201|||||5.875|0.00||||||||||||||999||||||67601.88
F04Q10002605|201706|67339.66|0|160|200|||||5.875|0.00||||||||||||||999||||||67339.66
F04Q10002605|201707|67076.15|0|161|199|||||5.875|0.00||||||||||||||999||||||67076.15
F04Q10002605|201708|66811.64|0|162|198|||||5.875|0.00||||||||||||||999||||||66811.64
F04Q10002605|201709|66545.55|0|163|197|||||5.875|0.00||||||||||||||999||||||66545.55
F04Q10002605|201710|66278.45|0|164|196|||||5.875|0.00||||||||||||||999||||||66278.45
F04Q10002605|201711|66009.75|0|165|195|||||5.875|0.00||||||||||||||999||||||66009.75
F04Q10002605|201712|65739.73|0|166|194|||||5.875|0.00||||||||||||||999||||||65739.73
F04Q10002605|201801|65739.73|0|167|193|||||5.875|0.00||||||||||||||999||||||65739.73
F04Q10002605|201802|65206.69|0|168|192|||||5.875|0.00||||||||||||||999||||||65206.69
F04Q10002605|201803|64932.74|0|169|191|||||5.875|0.00||||||||||||||999||||||64932.74
F04Q10002605|201804|64657.45|0|170|190|||||5.875|0.00||||||||||||||999||||||64657.45
F04Q10002605|201805|64380.81|0|171|189|||||5.875|0.00||||||||||||||999||||||64380.81
F04Q10002605|201806|64148.81|0|172|188|||||5.875|0.00||||||||||||||999||||||64148.81
F04Q10002605|201807|63915.67|0|173|187|||||5.875|0.00||||||||||||||999||||||63915.67
F04Q10002605|201808|63681.39|0|174|186|||||5.875|0.00||||||||||||||999||||||63681.39
F04Q10002605|201809|63445.96|0|175|185|||||5.875|0.00||||||||||||||999||||||63445.96
F04Q10002605|201810|63209.38|0|176|184|||||5.875|0.00||||||||||||||999||||||63209.38
F04Q10002605|201811|62971.64|0|177|183|||||5.875|0.00||||||||||||||999||||||62971.64
F04Q10002605|201812|62732.74|0|178|182|||||5.875|0.00||||||||||||||999||||||62732.74
F04Q10002605|201901|62492.67|0|179|181|||||5.875|0.00||||||||||||||999||||||62492.67
F04Q10002605|201902|62251.42|0|180|180|||||5.875|0.00||||||||||||||999||||||62251.42
F04Q10002605|201903|62008.99|0|181|179|||||5.875|0.00||||||||||||||999||||||62008.99
F04Q10002605|201904|61765.38|0|182|178|||||5.875|0.00||||||||||||||999||||||61765.38
F04Q10002605|201905|61242.22|0|183|177|||||5.875|0.00||||||||||||||999||||||61242.22
F04Q10002605|201906|61242.22|0|184|176|||||5.875|0.00||||||||||||||999||||||61242.22
F04Q10002605|201907|60962.45|0|185|175|||||5.875|0.00||||||||||||||999||||||60962.45
F04Q10002605|201908|60444.54|0|186|174|||||5.875|0.00||||||||||||||999||||||60444.54
F04Q10002605|201909|60115.13|0|187|173|||||5.875|0.00||||||||||||||999||||||60115.13
F04Q10002605|201910|60115.13|0|188|172|||||5.875|0.00||||||||||||||999||||||60115.13
F04Q10002605|201911|59543.39|0|189|171|||||5.875|0.00||||||||||||||999||||||59543.39
F04Q10002605|201912|59255.30|0|190|170|||||5.875|0.00||||||||||||||999||||||59255.30
F04Q10002605|202001|58965.80|0|191|169|||||5.875|0.00||||||||||||||999||||||58965.80
F04Q10002605|202002|58674.89|0|192|168|||||5.875|0.00||||||||||||||999||||||58674.89
F04Q10002605|202003|58382.55|0|193|167|||||5.875|0.00||||||||||||||999||||||58382.55
F04Q10002605|202004|58088.78|0|194|166|||||5.875|0.00||||||||||||||999||||||58088.78
F04Q10002605|202005|57759.30|0|195|165|||||5.875|0.00||||||||||||||999||||||57759.30
F04Q10002605|202006|57428.21|0|196|164|||||5.875|0.00||||||||||||||999||||||57428.21
F04Q10002605|202007|57095.50|0|197|163|||||5.875|0.00||||||||||||||999||||||57095.50
F04Q10002605|202008|56761.16|0|198|162|||||5.875|0.00||||||||||||||999||||||56761.16
F04Q10002605|202009|56425.18|0|199|161|||||5.875|0.00||||||||||||||999||||||56425.18
F04Q10002605|202010|56087.56|0|200|160|||||5.875|0.00||||||||||||||999||||||56087.56
F04Q10002605|202011|55748.29|0|201|159|||||5.875|0.00||||||||||||||999||||||55748.29
F04Q10002605|202012|55407.35|0|202|158|||||5.875|0.00||||||||||||||999||||||55407.35
F04Q10002605|202101|55064.75|0|203|157|||||5.875|0.00||||||||||||||999||||||55064.75
F04Q10002605|202102|54720.86|0|204|156|||||5.875|0.00||||||||||||||999||||||54720.86
F04Q10002605|202103|54374.89|0|205|155|||||5.875|0.00||||||||||||||999||||||54374.89
F04Q10002605|202104|54027.23|0|206|154|||||5.875|0.00||||||||||||||999||||||54027.23
F04Q10002605|202105|53705.34|0|207|153|||||5.875|0.00||||||||||||||999||||||53705.34
F04Q10002605|202106|53381.87|0|208|152|||||5.875|0.00||||||||||||||999||||||53381.87
F04Q10002605|202107|53056.82|0|209|151|||||5.875|0.00||||||||||||||999||||||53056.82
F04Q10002605|202108|52730.18|0|210|150|||||5.875|0.00||||||||||||||999||||||52730.18
F04Q10002605|202109|52402.20|0|211|149|||||5.875|0.00||||||||||||||999||||||52402.20
F04Q10002605|202110|51402.20|0|212|148|||||5.875|0.00||||||||||||||999||||||51402.20
F04Q10002605|202111|51735.97|0|213|147|||||5.875|0.00||||||||||||||999||||||51735.97
F04Q10002605|202112|51402.86|0|214|146|||||5.875|0.00||||||||||||||999||||||51402.86
F04Q10002605|202201|51068.12|0|215|145|||||5.875|0.00||||||||||||||999||||||51068.12
F04Q10002605|202202|50731.74|0|216|144|||||5.875|0.00||||||||||||||999||||||50731.74
F04Q10002605|202203|50393.71|0|217|143|||||5.875|0.00||||||||||||||999||||||50393.71
F04Q10002605|202204|50054.03|0|218|142|||||5.875|0.00||||||||||||||999||||||50054.03
F04Q10002605|202205|49365.23|0|219|141|||||5.875|0.00||||||||||||||999||||||49365.23
F04Q10002605|202206|49006.08|0|220|140|||||5.875|0.00||||||||||||||999||||||49006.08
F04Q10002605|202207|48645.18|0|221|139|||||5.875|0.00||||||||||||||999||||||48645.18
F04Q10002605|202208|48282.51|0|222|138|||||5.875|0.00||||||||||||||12||||||48282.51
F04Q10002605|202209|47918.06|0|223|137|||||5.875|0.00||||||||||||||12||||||47918.06
F04Q10002605|202210|47551.83|0|224|136|||||5.875|0.00||||||||||||||12||||||47551.83
F04Q10002605|202211|47183.81|0|225|135|||||5.875|0.00||||||||||||||12||||||47183.81
F04Q10002605|202212|46813.98|0|226|134|||||5.875|0.00||||||||||||||12||||||46813.98
F04Q10002605|202301|46442.34|0|227|133|||||5.875|0.00||||||||||||||12||||||46442.34
F04Q10002605|202302|46068.88|0|228|132|||||5.875|0.00||||||||||||||12||||||46068.88
F04Q10002605|202303|45259.41|0|229|131|||||5.875|0.00||||||||||||||12||||||45259.41
F04Q10002605|202304|44880.16|0|230|130|||||5.875|0.00||||||||||||||12||||||44880.16
F04Q10002605|202305|44494.32|0|231|129|||||5.875|0.00||||||||||||||11||||||44494.32
F04Q10002605|202306|44178.30|0|232|128|||||5.875|0.00||||||||||||||11||||||44178.30
F04Q10002605|202307|43860.73|0|233|127|||||5.875|0.00||||||||||||||10||||||43860.73
F04Q10002605|202308|43469.89|0|234|126|||||5.875|0.00||||||||||||||11||||||43469.89
F04Q10002605|202309|43077.49|0|235|125|||||5.875|0.00||||||||||||||11||||||43077.49
F04Q10002605|202310|42682.82|0|236|124|||||5.875|0.00||||||||||||||10||||||42682.82
F04Q10002605|202311|42286.22|0|237|123|||||5.875|0.00||||||||||||||10||||||42286.22
F04Q10002605|202312|41887.68|0|238|122|||||5.875|0.00||||||||||||||11||||||41887.68
F04Q10002605|202401|41487.19|0|239|121|||||5.875|0.00||||||||||||||10||||||41487.19
F04Q10002605|202402|41056.44|0|240|120|||||5.875|0.00||||||||||||||10||||||41056.44
F04Q10002605|202403|40651.88|0|241|119|||||5.875|0.00||||||||||||||10||||||40651.88
F04Q10002605|202404|40245.69|0|242|118|||||5.875|0.00||||||||||||||10||||||40245.69
F04Q10002605|202405|39857.80|0|243|117|||||5.875|0.00||||||||||||||9||||||39857.80
F04Q10002605|202406|39468.01|0|244|116|||||5.875|0.00||||||||||||||9||||||39468.01
F04Q10002605|202407|39076.31|0|245|115|||||5.875|0.00||||||||||||||9||||||39076.31
F04Q10002605|202408|38682.69|0|246|114|||||5.875|0.00||||||||||||||8||||||38682.69
F04Q10002605|202409|38287.14|0|247|113|||||5.875|0.00||||||||||||||8||||||38287.14
F04Q10002605|202410|37889.66|0|248|112|||||5.875|0.00||||||||||||||8||||||37889.66
F04Q10002605|202411|37490.23|0|249|111|||||5.875|0.00||||||||||||||8||||||37490.23
F04Q10002605|202412|37088.85|0|250|110|||||5.875|0.00||||||||||||||8||||||37088.85
F04Q10002605|202501|36685.50|0|251|109|||||5.875|0.00||||||||||||||8||||||36685.50
F04Q10002605|202502|36280.18|0|252|108|||||5.875|0.00||||||||||||||8||||||36280.18
F04Q10002605|202503|35872.87|0|253|107|||||5.875|0.00||||||||||||||8||||||35872.87
F04Q10002605|202504|35463.57|0|254|106|||||5.875|0.00||||||||||||||8||||||35463.57
F04Q10002605|202505|35051.64|0|255|105|||||5.875|0.00||||||||||||||7||||||35051.64
F04Q10002605|202506|34637.70|0|256|104|||||5.875|0.00||||||||||||||7||||||34637.70
F04Q10002605|202507|34221.73|0|257|103|||||5.875|0.00||||||||||||||7||||||34221.73
F04Q10002605|202508|33803.72|0|258|102|||||5.875|0.00||||||||||||||8||||||33803.72
F04Q10002605|202509|33383.67|0|259|101|||||5.875|0.00||||||||||||||8||||||33383.67
F04Q10002619|200402|66000.00|0|000|360|||||5.875|0.00||||||||||||||||||||66000.00
F04Q10002619|200403|66000.00|0|001|359|||||5.875|0.00||||||||||||||||||||66000.00
F04Q10002619|200404|66000.00|0|002|358|||||5.875|0.00||||||||||||||||||||66000.00
F04Q10002619|200405|66000.00|0|003|357|||||5.875|0.00||||||||||||||||||||66000.00
F04Q10002619|200406|66000.00|0|004|356|||||5.875|0.00||||||||||||||||||||66000.00
F04Q10002619|200407|66000.00|0|005|355|||||5.875|0.00||||||||||||||||||||66000.00
F04Q10002619|200408|66000.00|0|006|354|||||5.875|0.00||||||||||||||||||||66000.00
F04Q10002619|200409|65919.10|0|007|353|||||5.875|0.00||||||||||||||||||||65919.10
F04Q10002619|200410|65849.05|0|008|352|||||5.875|0.00||||||||||||||||||||65849.05
F04Q10002619|200411|65778.66|0|009|351|||||5.875|0.00||||||||||||||||||||65778.66
F04Q10002619|200412|65707.92|0|010|350|||||5.875|0.00||||||||||||||||||||65707.92
F04Q10002619|200501|65636.84|0|011|349|||||5.875|0.00||||||||||||||||||||65636.84
F04Q10002619|200502|65565.41|0|012|348|||||5.875|0.00||||||||||||||||||||65565.41
F04Q10002619|200503|65493.63|0|013|347|||||5.875|0.00||||||||||||||||||||65493.63
F04Q10002619|200504|65421.50|0|014|346|||||5.875|0.00||||||||||||||||||||65421.50
F04Q10002619|200505|65349.01|0|015|345|||||5.875|0.00||||||||||||||||||||65349.01
F04Q10002619|200506|65276.17|0|016|344|||||5.875|0.00||||||||||||||||||||65276.17
F04Q10002619|200507|65202.97|0|017|343|||||5.875|0.00||||||||||||||||||||65202.97
F04Q10002619|200508|65129.41|0|018|342|||||5.875|0.00||||||||||||||||||||65129.41
F04Q10002619|200509|65055.49|0|019|341|||||5.875|0.00||||||||||||||||||||65055.49
F04Q10002619|200510|64981.21|0|020|340|||||5.875|0.00||||||||||||||||||||64981.21
F04Q10002619|200511|64906.57|0|021|339|||||5.875|0.00||||||||||||||||||||64906.57
F04Q10002619|200512|64831.56|0|022|338|||||5.875|0.00||||||||||||||||||||64831.56
F04Q10002619|200601|64756.18|0|023|337|||||5.875|0.00||||||||||||||||||||64756.18
F04Q10002619|200602|64680.44|0|024|336|||||5.875|0.00||||||||||||||||||||64680.44
F04Q10002619|200603|64604.32|0|025|335|||||5.875|0.00||||||||||||||||||||64604.32
F04Q10002619|200604|64527.83|0|026|334|||||5.875|0.00||||||||||||||||||||64527.83
F04Q10002619|200605|64450.97|0|027|333|||||5.875|0.00||||||||||||||||||||64450.97
F04Q10002619|200606|64373.73|0|028|332|||||5.875|0.00||||||||||||||||||||64373.73
F04Q10002619|200607|64296.11|0|029|331|||||5.875|0.00||||||||||||||||||||64296.11
F04Q10002619|200608|64218.11|0|030|330|||||5.875|0.00||||||||||||||||||||64218.11
F04Q10002619|200609|64139.73|0|031|329|||||5.875|0.00||||||||||||||||||||64139.73
F04Q10002619|200610|64060.97|0|032|328|||||5.875|0.00||||||||||||||||||||64060.97
F04Q10002619|200611|63981.82|0|033|327|||||5.875|0.00||||||||||||||||||||63981.82
F04Q10002619|200612|63902.28|0|034|326|||||5.875|0.00||||||||||||||||||||63902.28
F04Q10002619|200701|63822.35|0|035|325|||||5.875|0.00||||||||||||||||||||63822.35
F04Q10002619|200702|63742.03|0|036|324|||||5.875|0.00||||||||||||||||||||63742.03
F04Q10002619|200703|63661.32|0|037|323|||||5.875|0.00||||||||||||||||||||63661.32
F04Q10002619|200704|63580.22|0|038|322|||||5.875|0.00||||||||||||||||||||63580.22
F04Q10002619|200705|63498.72|0|039|321|||||5.875|0.00||||||||||||||||||||63498.72
F04Q10002619|200706|0.00|0|040|320|||01|200706|5.875|0.00|||||||||||||||63498.72|||||0.00
F04Q10002625|200402|43000.00|0|000|180|||||5.375|0.00||||||||||||||||||||43000.00
F04Q10002625|200403|42000.00|0|001|179|||||5.375|0.00||||||||||||||||||||42000.00
F04Q10002625|200404|42000.00|0|002|178|||||5.375|0.00||||||||||||||||||||42000.00
F04Q10002625|200405|42000.00|0|003|177|||||5.375|0.00||||||||||||||||||||42000.00
F04Q10002625|200406|42000.00|0|004|176|||||5.375|0.00||||||||||||||||||||42000.00
F04Q10002625|200407|42000.00|0|005|175|||||5.375|0.00||||||||||||||||||||42000.00
F04Q10002625|200408|42000.00|0|006|174|||||5.375|0.00||||||||||||||||||||42000.00
F04Q10002625|200409|41406.79|0|007|173|||||5.375|0.00||||||||||||||||||||41406.79
F04Q10002625|200410|41247.81|0|008|172|||||5.375|0.00||||||||||||||||||||41247.81
F04Q10002625|200411|41088.12|0|009|171|||||5.375|0.00||||||||||||||||||||41088.12
F04Q10002625|200412|40927.71|0|010|170|||||5.375|0.00||||||||||||||||||||40927.71
F04Q10002625|200501|40766.58|0|011|169|||||5.375|0.00||||||||||||||||||||40766.58
F04Q10002625|200502|40604.73|0|012|168|||||5.375|0.00||||||||||||||||||||40604.73
F04Q10002625|200503|40442.16|0|013|167|||||5.375|0.00||||||||||||||||||||40442.16
F04Q10002625|200504|40278.86|0|014|166|||||5.375|0.00||||||||||||||||||||40278.86
F04Q10002625|200505|40114.83|0|015|165|||||5.375|0.00||||||||||||||||||||40114.83
F04Q10002625|200506|39950.06|0|016|164|||||5.375|0.00||||||||||||||||||||39950.06
F04Q10002625|200507|39784.55|0|017|163|||||5.375|0.00||||||||||||||||||||39784.55
F04Q10002625|200508|39618.30|0|018|162|||||5.375|0.00||||||||||||||||||||39618.30
F04Q10002625|200509|39451.31|0|019|161|||||5.375|0.00||||||||||||||||||||39451.31
F04Q10002625|200510|39283.57|0|020|160|||||5.375|0.00||||||||||||||||||||39283.57
F04Q10002625|200511|39115.08|0|021|159|||||5.375|0.00||||||||||||||||||||39115.08
F04Q10002625|200512|38945.83|0|022|158|||||5.375|0.00||||||||||||||||||||38945.83
F04Q10002625|200601|38775.82|0|023|157|||||5.375|0.00||||||||||||||||||||38775.82
F04Q10002625|200602|38605.05|0|024|156|||||5.375|0.00||||||||||||||||||||38605.05
F04Q10002625|200603|38433.52|0|025|155|||||5.375|0.00||||||||||||||||||||38433.52
F04Q10002625|200604|38261.22|0|026|154|||||5.375|0.00||||||||||||||||||||38261.22
F04Q10002625|200605|38088.15|0|027|153|||||5.375|0.00||||||||||||||||||||38088.15
F04Q10002625|200606|37914.30|0|028|152|||||5.375|0.00||||||||||||||||||||37914.30
F04Q10002625|200607|37739.67|0|029|151|||||5.375|0.00||||||||||||||||||||37739.67
F04Q10002625|200608|37564.26|0|030|150|||||5.375|0.00||||||||||||||||||||37564.26
F04Q10002625|200609|37388.07|0|031|149|||||5.375|0.00||||||||||||||||||||37388.07
F04Q10002625|200610|37211.09|0|032|148|||||5.375|0.00||||||||||||||||||||37211.09
F04Q10002625|200611|37033.31|0|033|147|||||5.375|0.00||||||||||||||||||||37033.31
F04Q10002625|200612|36854.74|0|034|146|||||5.375|0.00||||||||||||||||||||36854.74
F04Q10002625|200701|36675.37|0|035|145|||||5.375|0.00||||||||||||||||||||36675.37
F04Q10002625|200702|36495.20|0|036|144|||||5.375|0.00||||||||||||||||||||36495.20
F04Q10002625|200703|36314.22|0|037|143|||||5.375|0.00||||||||||||||||||||36314.22
F04Q10002625|200704|36132.43|0|038|142|||||5.375|0.00||||||||||||||||||||36132.43
F04Q10002625|200705|35949.82|0|039|141|||||5.375|0.00||||||||||||||||||||35949.82
F04Q10002625|200706|35766.40|0|040|140|||||5.375|0.00||||||||||||||||||||35766.40
F04Q10002625|200707|35582.15|0|041|139|||||5.375|0.00||||||||||||||||||||35582.15
F04Q10002625|200708|35397.08|0|042|138|||||5.375|0.00||||||||||||||||||||35397.08
F04Q10002625|200709|35211.18|0|043|137|||||5.375|0.00||||||||||||||||||||35211.18
F04Q10002625|200710|35024.45|0|044|136|||||5.375|0.00||||||||||||||||||||35024.45
F04Q10002625|200711|34836.88|0|045|135|||||5.375|0.00||||||||||||||||||||34836.88
F04Q10002625|200712|34648.47|0|046|134|||||5.375|0.00||||||||||||||||||||34648.47
F04Q10002625|200801|34459.22|0|047|133|||||5.375|0.00||||||||||||||||||||34459.22
F04Q10002625|200802|34269.12|0|048|132|||||5.375|0.00||||||||||||||||||||34269.12
F04Q10002625|200803|34078.17|0|049|131|||||5.375|0.00||||||||||||||||||||34078.17
F04Q10002625|200804|33886.36|0|050|130|||||5.375|0.00||||||||||||||||||||33886.36
F04Q10002625|200805|33693.69|0|051|129|||||5.375|0.00||||||||||||||||||||33693.69
F04Q10002625|200806|33500.16|0|052|128|||||5.375|0.00||||||||||||||||||||33500.16
F04Q10002625|200807|33305.76|0|053|127|||||5.375|0.00||||||||||||||||||||33305.76
F04Q10002625|200808|33110.49|0|054|126|||||5.375|0.00||||||||||||||||||||33110.49
F04Q10002625|200809|32914.35|0|055|125|||||5.375|0.00||||||||||||||||||||32914.35
F04Q10002625|200810|32717.33|0|056|124|||||5.375|0.00||||||||||||||||||||32717.33
F04Q10002625|200811|32519.43|0|057|123|||||5.375|0.00||||||||||||||||||||32519.43
F04Q10002625|200812|32320.64|0|058|122|||||5.375|0.00||||||||||||||||||||32320.64
F04Q10002625|200901|32120.96|0|059|121|||||5.375|0.00||||||||||||||||||||32120.96
F04Q10002625|200902|31920.39|0|060|120|||||5.375|0.00||||||||||||||||||||31920.39
F04Q10002625|200903|31718.92|0|061|119|||||5.375|0.00||||||||||||||||||||31718.92
F04Q10002625|200904|31516.54|0|062|118|||||5.375|0.00||||||||||||||||||||31516.54
F04Q10002625|200905|31313.26|0|063|117|||||5.375|0.00||||||||||||||||||||31313.26
F04Q10002625|200906|31109.07|0|064|116|||||5.375|0.00||||||||||||||||||||31109.07
F04Q10002625|200907|30903.96|0|065|115|||||5.375|0.00||||||||||||||||||||30903.96
F04Q10002625|200908|30697.93|0|066|114|||||5.375|0.00||||||||||||||||||||30697.93
F04Q10002625|200909|30490.98|0|067|113|||||5.375|0.00||||||||||||||||||||30490.98
F04Q10002625|200910|30283.10|0|068|112|||||5.375|0.00||||||||||||||||||||30283.10
F04Q10002625|200911|30074.29|0|069|111|||||5.375|0.00||||||||||||||||||||30074.29
F04Q10002625|200912|29864.55|0|070|110|||||5.375|0.00||||||||||||||||||||29864.55
F04Q10002625|201001|29653.87|0|071|109|||||5.375|0.00||||||||||||||||||||29653.87
F04Q10002625|201002|29442.24|0|072|108|||||5.375|0.00||||||||||||||||||||29442.24
F04Q10002625|201003|29229.67|0|073|107|||||5.375|0.00||||||||||||||||||||29229.67
F04Q10002625|201004|29016.14|0|074|106|||||5.375|0.00||||||||||||||||||||29016.14
F04Q10002625|201005|28801.66|0|075|105|||||5.375|0.00||||||||||||||||||||28801.66
F04Q10002625|201006|28586.22|0|076|104|||||5.375|0.00||||||||||||||||||||28586.22
F04Q10002625|201007|28369.81|0|077|103|||||5.375|0.00||||||||||||||||||||28369.81
F04Q10002625|201008|28152.43|0|078|102|||||5.375|0.00||||||||||||||||||||28152.43
F04Q10002625|201009|27934.08|0|079|101|||||5.375|0.00||||||||||||||||||||27934.08
F04Q10002625|201010|27714.75|0|080|100|||||5.375|0.00||||||||||||||||||||27714.75
F04Q10002625|201011|27494.44|0|081|099|||||5.375|0.00||||||||||||||||||||27494.44
F04Q10002625|201012|27273.14|0|082|098|||||5.375|0.00||||||||||||||||||||27273.14
F04Q10002625|201101|27050.85|0|083|097|||||5.375|0.00||||||||||||||||||||27050.85
F04Q10002625|201102|26827.57|0|084|096|||||5.375|0.00||||||||||||||||||||26827.57
F04Q10002625|201103|26603.29|0|085|095|||||5.375|0.00||||||||||||||||||||26603.29
F04Q10002625|201104|26378.00|0|086|094|||||5.375|0.00||||||||||||||||||||26378.00
F04Q10002625|201105|26151.70|0|087|093|||||5.375|0.00||||||||||||||||||||26151.70
F04Q10002625|201106|25924.39|0|088|092|||||5.375|0.00||||||||||||||||||||25924.39
F04Q10002625|201107|25696.06|0|089|091|||||5.375|0.00||||||||||||||||||||25696.06
F04Q10002625|201108|25466.71|0|090|090|||||5.375|0.00||||||||||||||||||||25466.71
F04Q10002625|201109|25236.33|0|091|089|||||5.375|0.00||||||||||||||||||||25236.33
F04Q10002625|201110|25004.92|0|092|088|||||5.375|0.00||||||||||||||||||||25004.92
F04Q10002625|201111|24772.47|0|093|087|||||5.375|0.00||||||||||||||||||||24772.47
F04Q10002625|201112|24538.98|0|094|086|||||5.375|0.00||||||||||||||||||||24538.98
F04Q10002625|201201|24304.44|0|095|085|||||5.375|0.00||||||||||||||||||||24304.44
F04Q10002625|201202|24068.85|0|096|084|||||5.375|0.00||||||||||||||||||||24068.85
F04Q10002625|201203|23832.21|0|097|083|||||5.375|0.00||||||||||||||||||||23832.21
F04Q10002625|201204|23594.51|0|098|082|||||5.375|0.00||||||||||||||||||||23594.51
F04Q10002625|201205|23355.74|0|099|081|||||5.375|0.00||||||||||||||||||||23355.74
F04Q10002625|201206|23115.90|0|100|080|||||5.375|0.00||||||||||||||||||||23115.90
F04Q10002625|201207|22874.99|0|101|079|||||5.375|0.00||||||||||||||||||||22874.99
F04Q10002625|201208|22633.00|0|102|078|||||5.375|0.00||||||||||||||||||||22633.00
F04Q10002625|201209|22389.93|0|103|077|||||5.375|0.00||||||||||||||||||||22389.93
F04Q10002625|201210|22145.77|0|104|076|||||5.375|0.00||||||||||||||||||||22145.77
F04Q10002625|201211|21900.51|0|105|075|||||5.375|0.00||||||||||||||||||||21900.51
F04Q10002625|201212|21654.16|0|106|074|||||5.375|0.00||||||||||||||||||||21654.16
F04Q10002625|201301|21406.70|0|107|073|||||5.375|0.00||||||||||||||||||||21406.70
F04Q10002625|201302|21158.13|0|108|072|||||5.375|0.00||||||||||||||||||||21158.13
F04Q10002625|201303|20908.45|0|109|071|||||5.375|0.00||||||||||||||||||||20908.45
F04Q10002625|201304|20657.65|0|110|070|||||5.375|0.00||||||||||||||||||||20657.65
F04Q10002625|201305|20405.73|0|111|069|||||5.375|0.00||||||||||||||||||||20405.73
F04Q10002625|201306|20152.68|0|112|068|||||5.375|0.00||||||||||||||||||||20152.68
F04Q10002625|201307|19898.50|0|113|067|||||5.375|0.00||||||||||||||||||||19898.50
F04Q10002625|201308|19643.18|0|114|066|||||5.375|0.00||||||||||||||||||||19643.18
F04Q10002625|201309|19386.72|0|115|065|||||5.375|0.00||||||||||||||||||||19386.72
F04Q10002625|201310|19129.11|0|116|064|||||5.375|0.00||||||||||||||||||||19129.11
F04Q10002625|201311|18870.34|0|117|063|||||5.375|0.00||||||||||||||||||||18870.34
F04Q10002625|201312|18610.41|0|118|062|||||5.375|0.00||||||||||||||||||||18610.41
F04Q10002625|201401|18349.32|0|119|061|||||5.375|0.00||||||||||||||||||||18349.32
F04Q10002625|201402|18087.06|0|120|060|||||5.375|0.00||||||||||||||||||||18087.06
F04Q10002625|201403|17823.62|0|121|059|||||5.375|0.00||||||||||||||||||||17823.62
F04Q10002625|201404|17559.00|0|122|058|||||5.375|0.00||||||||||||||||||||17559.00
F04Q10002625|201405|17293.20|0|123|057|||||5.375|0.00||||||||||||||||||||17293.20
F04Q10002625|201406|17026.21|0|124|056|||||5.375|0.00||||||||||||||||||||17026.21
F04Q10002625|201407|16758.02|0|125|055|||||5.375|0.00||||||||||||||||||||16758.02
F04Q10002625|201408|16488.63|0|126|054|||||5.375|0.00||||||||||||||||||||16488.63
F04Q10002625|201409|16218.04|0|127|053|||||5.375|0.00||||||||||||||||||||16218.04
F04Q10002625|201410|16218.04|0|128|052|||||5.375|0.00||||||||||||||||||||16218.04
F04Q10002625|201411|15946.23|0|129|051|||||5.375|0.00||||||||||||||||||||15946.23
F04Q10002625|201412|15398.96|0|130|050|||||5.375|0.00||||||||||||||||||||15398.96
F04Q10002625|201501|15123.48|0|131|049|||||5.375|0.00||||||||||||||||||||15123.48
F04Q10002625|201502|14846.77|0|132|048|||||5.375|0.00||||||||||||||||||||14846.77
F04Q10002625|201503|14568.82|0|133|047|||||5.375|0.00||||||||||||||||||||14568.82
F04Q10002625|201504|14289.63|0|134|046|||||5.375|0.00||||||||||||||||||||14289.63
F04Q10002625|201505|14009.19|0|135|045|||||5.375|0.00||||||||||||||||||||14009.19
F04Q10002625|201506|13727.49|0|136|044|||||5.375|0.00||||||||||||||||||||13727.49
F04Q10002625|201507|13444.53|0|137|043|||||5.375|0.00||||||||||||||||||||13444.53
F04Q10002625|201508|13160.30|0|138|042|||||5.375|0.00||||||||||||||||||||13160.30
F04Q10002625|201509|12874.80|0|139|041|||||5.375|0.00||||||||||||||||||||12874.80
F04Q10002625|201510|12588.02|0|140|040|||||5.375|0.00||||||||||||||||||||12588.02
F04Q10002625|201511|12299.95|0|141|039|||||5.375|0.00||||||||||||||||||||12299.95
F04Q10002625|201512|12010.59|0|142|038|||||5.375|0.00||||||||||||||||||||12010.59
F04Q10002625|201601|11719.94|0|143|037|||||5.375|0.00||||||||||||||||||||11719.94
F04Q10002625|201602|11427.99|0|144|036|||||5.375|0.00||||||||||||||||||||11427.99
F04Q10002625|201603|11134.73|0|145|035|||||5.375|0.00||||||||||||||||||||11134.73
F04Q10002625|201604|10840.15|0|146|034|||||5.375|0.00||||||||||||||||||||10840.15
F04Q10002625|201605|10544.25|0|147|033|||||5.375|0.00||||||||||||||||||||10544.25
F04Q10002625|201606|10247.03|0|148|032|||||5.375|0.00||||||||||||||||||||10247.03
F04Q10002625|201607|9948.48|0|149|031|||||5.375|0.00||||||||||||||||||||9948.48
F04Q10002625|201608|9648.59|0|150|030|||||5.375|0.00||||||||||||||||||||9648.59
F04Q10002625|201609|9347.36|0|151|029|||||5.375|0.00||||||||||||||||||||9347.36
F04Q10002625|201610|9044.78|0|152|028|||||5.375|0.00||||||||||||||||||||9044.78
F04Q10002625|201611|8740.84|0|153|027|||||5.375|0.00||||||||||||||||||||8740.84
F04Q10002625|201612|8435.54|0|154|026|||||5.375|0.00||||||||||||||||||||8435.54
F04Q10002625|201701|8128.87|0|155|025|||||5.375|0.00||||||||||||||||||||8128.87
F04Q10002625|201702|7820.83|0|156|024|||||5.375|0.00||||||||||||||||||||7820.83
F04Q10002625|201703|7511.41|0|157|023|||||5.375|0.00||||||||||||||||||||7511.41
F04Q10002625|201704|7200.60|0|158|022|||||5.375|0.00||||||||||||||6||||||7200.60
F04Q10002625|201705|6888.40|0|159|021|||||5.375|0.00||||||||||||||6||||||6888.40
F04Q10002625|201706|6574.80|0|160|020|||||5.375|0.00||||||||||||||6||||||6574.80
F04Q10002625|201707|6259.80|0|161|019|||||5.375|0.00||||||||||||||6||||||6259.80
F04Q10002625|201708|5943.39|0|162|018|||||5.375|0.00||||||||||||||5||||||5943.39
F04Q10002625|201709|5625.56|0|163|017|||||5.375|0.00||||||||||||||5||||||5625.56
F04Q10002625|201710|5306.31|0|164|016|||||5.375|0.00||||||||||||||5||||||5306.31
F04Q10002625|201711|4985.63|0|165|015|||||5.375|0.00||||||||||||||4||||||4985.63
F04Q10002625|201712|4663.51|0|166|014|||||5.375|0.00||||||||||||||4||||||4663.51
F04Q10002625|201801|4339.95|0|167|013|||||5.375|0.00||||||||||||||4||||||4339.95
F04Q10002625|201802|4014.94|0|168|012|||||5.375|0.00||||||||||||||3||||||4014.94
F04Q10002625|201803|3688.47|0|169|011|||||5.375|0.00||||||||||||||3||||||3688.47
F04Q10002625|201804|3360.54|0|170|010|||||5.375|0.00||||||||||||||3||||||3360.54
F04Q10002625|201805|3031.14|0|171|009|||||5.375|0.00||||||||||||||3||||||3031.14
F04Q10002625|201806|2700.27|0|172|008|||||5.375|0.00||||||||||||||2||||||2700.27
F04Q10002625|201807|2367.91|0|173|007|||||5.375|0.00||||||||||||||2||||||2367.91
F04Q10002625|201808|2034.07|0|174|006|||||5.375|0.00||||||||||||||2||||||2034.07
F04Q10002625|201809|1698.73|0|175|005|||||5.375|0.00||||||||||||||1||||||1698.73
F04Q10002625|201810|1361.89|0|176|004|||||5.375|0.00||||||||||||||1||||||1361.89
F04Q10002625|201811|1023.54|0|177|003|||||5.375|0.00||||||||||||||1||||||1023.54
F04Q10002625|201812|683.67|0|178|002|||||5.375|0.00||||||||||||||1||||||683.67
F04Q10002625|201901|342.28|0|179|001|||||5.375|0.00||||||||||||||999||||||342.28
F04Q10002625|201902|0.00|0|180|000|||01|201902|5.375|0.00||||||||||||||999|342.28|||||0.00
F04Q10002644|200402|94000.00|0|000|360|||||6.625|0.00||||||||||||||||||||94000.00
F04Q10002644|200403|94000.00|0|001|359|||||6.625|0.00||||||||||||||||||||94000.00
F04Q10002644|200404|93000.00|0|002|358|||||6.625|0.00||||||||||||||||||||93000.00
F04Q10002644|200405|93000.00|0|003|357|||||6.625|0.00||||||||||||||||||||93000.00
F04Q10002644|200406|93000.00|0|004|356|||||6.625|0.00||||||||||||||||||||93000.00
F04Q10002644|200407|93000.00|0|005|355|||||6.625|0.00||||||||||||||||||||93000.00
F04Q10002644|200408|93000.00|0|006|354|||||6.625|0.00||||||||||||||||||||93000.00
F04Q10002644|200409|93012.20|0|007|353|||||6.625|0.00||||||||||||||||||||93012.20
F04Q10002644|200410|92926.36|0|008|352|||||6.625|0.00||||||||||||||||||||92926.36
F04Q10002644|200411|92840.05|0|009|351|||||6.625|0.00||||||||||||||||||||92840.05
F04Q10002644|200412|92840.05|0|010|350|||||6.625|0.00||||||||||||||||||||92840.05
F04Q10002644|200501|92666.00|0|011|349|||||6.625|0.00||||||||||||||||||||92666.00
F04Q10002644|200502|92578.25|0|012|348|||||6.625|0.00||||||||||||||||||||92578.25
F04Q10002644|200503|92488.38|0|013|347|||||6.625|0.00||||||||||||||||||||92488.38
F04Q10002644|200504|92488.38|0|014|346|||||6.625|0.00||||||||||||||||||||92488.38
F04Q10002644|200505|92399.65|0|015|345|||||6.625|0.00||||||||||||||||||||92399.65
F04Q10002644|200506|92220.72|0|016|344|||||6.625|0.00||||||||||||||||||||92220.72
F04Q10002644|200507|92130.52|0|017|343|||||6.625|0.00||||||||||||||||||||92130.52
F04Q10002644|200508|92039.82|0|018|342|||||6.625|0.00||||||||||||||||||||92039.82
F04Q10002644|200509|92039.82|0|019|341|||||6.625|0.00||||||||||||||||||||92039.82
F04Q10002644|200510|91867.62|0|020|340|||||6.625|0.00||||||||||||||||||||91867.62
F04Q10002644|200511|91682.81|0|021|339|||||6.625|0.00||||||||||||||||||||91682.81
F04Q10002644|200512|91589.64|0|022|338|||||6.625|0.00||||||||||||||||||||91589.64
F04Q10002644|200601|91495.95|0|023|337|||||6.625|0.00||||||||||||||||||||91495.95
F04Q10002644|200602|91401.74|0|024|336|||||6.625|0.00||||||||||||||||||||91401.74
F04Q10002644|200603|91401.74|0|025|335|||||6.625|0.00||||||||||||||||||||91401.74
F04Q10002644|200604|91211.76|0|026|334|||||6.625|0.00||||||||||||||||||||91211.76
F04Q10002644|200605|91115.98|0|027|333|||||6.625|0.00||||||||||||||||||||91115.98
F04Q10002644|200606|91019.68|0|028|332|||||6.625|0.00||||||||||||||||||||91019.68
F04Q10002644|200607|90922.84|0|029|331|||||6.625|0.00||||||||||||||||||||90922.84
F04Q10002644|200608|90825.47|0|030|330|||||6.625|0.00||||||||||||||||||||90825.47
F04Q10002644|200609|90727.56|0|031|329|||||6.625|0.00||||||||||||||||||||90727.56
F04Q10002644|200610|90629.11|0|032|328|||||6.625|0.00||||||||||||||||||||90629.11
F04Q10002644|200611|90450.12|0|033|327|||||6.625|0.00||||||||||||||||||||90450.12
F04Q10002644|200612|90350.14|0|034|326|||||6.625|0.00||||||||||||||||||||90350.14
F04Q10002644|200701|90249.61|0|035|325|||||6.625|0.00||||||||||||||||||||90249.61
F04Q10002644|200702|90148.52|0|036|324|||||6.625|0.00||||||||||||||||||||90148.52
F04Q10002644|200703|90046.87|0|037|323|||||6.625|0.00||||||||||||||||||||90046.87
F04Q10002644|200704|89944.66|0|038|322|||||6.625|0.00||||||||||||||||||||89944.66
F04Q10002644|200705|89841.89|0|039|321|||||6.625|0.00||||||||||||||||||||89841.89
F04Q10002644|200706|89738.55|0|040|320|||||6.625|0.00||||||||||||||||||||89738.55
F04Q10002644|200707|89634.64|0|041|319|||||6.625|0.00||||||||||||||||||||89634.64
F04Q10002644|200708|89466.70|0|042|318|||||6.625|0.00||||||||||||||||||||89466.70
F04Q10002644|200709|89361.29|0|043|317|||||6.625|0.00||||||||||||||||||||89361.29
F04Q10002644|200710|89361.29|0|044|316|||||6.625|0.00||||||||||||||||||||89361.29
F04Q10002644|200711|89148.72|0|045|315|||||6.625|0.00||||||||||||||||||||89148.72
F04Q10002644|200712|89041.56|0|046|314|||||6.625|0.00||||||||||||||||||||89041.56
F04Q10002644|200801|89041.56|0|047|313|||||6.625|0.00||||||||||||||||||||89041.56
F04Q10002644|200802|88933.80|0|048|312|||||6.625|0.00||||||||||||||||||||88933.80
F04Q10002644|200803|88716.50|0|049|311|||||6.625|0.00||||||||||||||||||||88716.50
F04Q10002644|200804|88716.50|1|050|310|||||6.625|0.00||||||||||||||||||||88716.50
F04Q10002644|200805|0.00|2|051|309|||01|200805|6.625|0.00|200803||||||||||||||88716.50|||||0.00
F04Q10002730|200402|113000.00|0|000|240|||||5.750|0.00||||||||||||||||||||113000.00
F04Q10002730|200403|113000.00|0|001|239|||||5.750|0.00||||||||||||||||||||113000.00
F04Q10002730|200404|112000.00|0|002|238|||||5.750|0.00||||||||||||||||||||112000.00
F04Q10002730|200405|112000.00|0|003|237|||||5.750|0.00||||||||||||||||||||112000.00
F04Q10002730|200406|112000.00|0|004|236|||||5.750|0.00||||||||||||||||||||112000.00
F04Q10002730|200407|112000.00|0|005|235|||||5.750|0.00||||||||||||||||||||112000.00
F04Q10002730|200408|111000.00|0|006|234|||||5.750|0.00||||||||||||||||||||111000.00
F04Q10002730|200409|111211.22|0|007|233|||||5.750|0.00||||||||||||||||||||111211.22
F04Q10002730|200410|110950.76|0|008|232|||||5.750|0.00||||||||||||||||||||110950.76
F04Q10002730|200411|110689.05|0|009|231|||||5.750|0.00||||||||||||||||||||110689.05
F04Q10002730|200412|110426.09|0|010|230|||||5.750|0.00||||||||||||||||||||110426.09
F04Q10002730|200501|110161.87|0|011|229|||||5.750|0.00||||||||||||||||||||110161.87
F04Q10002730|200502|109896.38|0|012|228|||||5.750|0.00||||||||||||||||||||109896.38
F04Q10002730|200503|109896.38|0|013|227|||||5.750|0.00||||||||||||||||||||109896.38
F04Q10002730|200504|109361.58|0|014|226|||||5.750|0.00||||||||||||||||||||109361.58
F04Q10002730|200505|109092.25|0|015|225|||||5.750|0.00||||||||||||||||||||109092.25
F04Q10002730|200506|108821.63|0|016|224|||||5.750|0.00||||||||||||||||||||108821.63
F04Q10002730|200507|108549.72|0|017|223|||||5.750|0.00||||||||||||||||||||108549.72
F04Q10002730|200508|108276.50|0|018|222|||||5.750|0.00||||||||||||||||||||108276.50
F04Q10002730|200509|108001.97|0|019|221|||||5.750|0.00||||||||||||||||||||108001.97
F04Q10002730|200510|107726.13|0|020|220|||||5.750|0.00||||||||||||||||||||107726.13
F04Q10002730|200511|107448.97|0|021|219|||||5.750|0.00||||||||||||||||||||107448.97
F04Q10002730|200512|107170.48|0|022|218|||||5.750|0.00||||||||||||||||||||107170.48
F04Q10002730|200601|106890.66|0|023|217|||||5.750|0.00||||||||||||||||||||106890.66
F04Q10002730|200602|106609.19|0|024|216|||||5.750|0.00||||||||||||||||||||106609.19
F04Q10002730|200603|106326.68|0|025|215|||||5.750|0.00||||||||||||||||||||106326.68
F04Q10002730|200604|106042.81|0|026|214|||||5.750|0.00||||||||||||||||||||106042.81
F04Q10002730|200605|105757.58|0|027|213|||||5.750|0.00||||||||||||||||||||105757.58
F04Q10002730|200606|105470.99|0|028|212|||||5.750|0.00||||||||||||||||||||105470.99
F04Q10002730|200607|105183.02|0|029|211|||||5.750|0.00||||||||||||||||||||105183.02
F04Q10002730|200608|104893.67|0|030|210|||||5.750|0.00||||||||||||||||||||104893.67
F04Q10002730|200609|104602.94|0|031|209|||||5.750|0.00||||||||||||||||||||104602.94
F04Q10002730|200610|104310.81|0|032|208|||||5.750|0.00||||||||||||||||||||104310.81
F04Q10002730|200611|104017.28|0|033|207|||||5.750|0.00||||||||||||||||||||104017.28
F04Q10002730|200612|103722.35|0|034|206|||||5.750|0.00||||||||||||||||||||103722.35
F04Q10002730|200701|103426.00|0|035|205|||||5.750|0.00||||||||||||||||||||103426.00
F04Q10002730|200702|103128.23|0|036|204|||||5.750|0.00||||||||||||||||||||103128.23
F04Q10002730|200703|102829.04|0|037|203|||||5.750|0.00||||||||||||||||||||102829.04
F04Q10002730|200704|102528.41|0|038|202|||||5.750|0.00||||||||||||||||||||102528.41
F04Q10002730|200705|102226.34|0|039|201|||||5.750|0.00||||||||||||||||||||102226.34
F04Q10002730|200706|101922.82|0|040|200|||||5.750|0.00||||||||||||||||||||101922.82
F04Q10002730|200707|101617.85|0|041|199|||||5.750|0.00||||||||||||||||||||101617.85
F04Q10002730|200708|101311.42|0|042|198|||||5.750|0.00||||||||||||||||||||101311.42
F04Q10002730|200709|101003.52|0|043|197|||||5.750|0.00||||||||||||||||||||101003.52
F04Q10002730|200710|100694.15|0|044|196|||||5.750|0.00||||||||||||||||||||100694.15
F04Q10002730|200711|100383.29|0|045|195|||||5.750|0.00||||||||||||||||||||100383.29
F04Q10002730|200712|100070.94|0|046|194|||||5.750|0.00||||||||||||||||||||100070.94
F04Q10002730|200801|99757.10|0|047|193|||||5.750|0.00||||||||||||||||||||99757.10
F04Q10002730|200802|99441.75|0|048|192|||||5.750|0.00||||||||||||||||||||99441.75
F04Q10002730|200803|99124.89|0|049|191|||||5.750|0.00||||||||||||||||||||99124.89
F04Q10002730|200804|98806.51|0|050|190|||||5.750|0.00||||||||||||||||||||98806.51
F04Q10002730|200805|98486.61|0|051|189|||||5.750|0.00||||||||||||||||||||98486.61
F04Q10002730|200806|98164.98|0|052|188|||||5.750|0.00||||||||||||||||||||98164.98
F04Q10002730|200807|97842.00|0|053|187|||||5.750|0.00||||||||||||||||||||97842.00
F04Q10002730|200808|97517.48|0|054|186|||||5.750|0.00||||||||||||||||||||97517.48
F04Q10002730|200809|97191.40|0|055|185|||||5.750|0.00||||||||||||||||||||97191.40
F04Q10002730|200810|96863.76|0|056|184|||||5.750|0.00||||||||||||||||||||96863.76
F04Q10002730|200811|96534.55|0|057|183|||||5.750|0.00||||||||||||||||||||96534.55
F04Q10002730|200812|96203.76|0|058|182|||||5.750|0.00||||||||||||||||||||96203.76
F04Q10002730|200901|95871.39|0|059|181|||||5.750|0.00||||||||||||||||||||95871.39
F04Q10002730|200902|95537.42|0|060|180|||||5.750|0.00||||||||||||||||||||95537.42
F04Q10002730|200903|95201.85|0|061|179|||||5.750|0.00||||||||||||||||||||95201.85
F04Q10002730|200904|94864.68|0|062|178|||||5.750|0.00||||||||||||||||||||94864.68
F04Q10002730|200905|0.00|0|063|177|||01|200905|5.750|0.00|||||||||||||||94864.68|||||0.00
F04Q10002819|200401|233000.00|0|000|360|||||5.875|0.00||||||||||||||||||||233000.00
F04Q10002819|200402|233000.00|1|001|359|||||5.875|0.00||||||||||||||||||||233000.00
F04Q10002819|200403|233000.00|0|002|358|||||5.875|0.00||||||||||||||||||||233000.00
F04Q10002819|200404|232000.00|0|003|357|||||5.875|0.00||||||||||||||||||||232000.00
F04Q10002819|200405|232000.00|0|004|356|||||5.875|0.00||||||||||||||||||||232000.00
F04Q10002819|200406|232000.00|0|005|355|||||5.875|0.00||||||||||||||||||||232000.00
F04Q10002819|200407|232000.00|0|006|354|||||5.875|0.00||||||||||||||||||||232000.00
F04Q10002819|200408|0.00|0|007|353|||01|200408|5.875|0.00|||||||||||||||231557.14|||||0.00
F04Q10002837|200402|267000.00|0|000|360|||||5.750|0.00||||||||||||||||||||267000.00
F04Q10002837|200403|267000.00|0|001|359|||||5.750|0.00||||||||||||||||||||267000.00
F04Q10002837|200404|266000.00|0|002|358|||||5.750|0.00||||||||||||||||||||266000.00
F04Q10002837|200405|266000.00|0|003|357|||||5.750|0.00||||||||||||||||||||266000.00
F04Q10002837|200406|266000.00|0|004|356|||||5.750|0.00||||||||||||||||||||266000.00
F04Q10002837|200407|266000.00|0|005|355|||||5.750|0.00||||||||||||||||||||266000.00
F04Q10002837|200408|265000.00|0|006|354|||||5.750|0.00||||||||||||||||||||265000.00
F04Q10002837|200409|265020.37|0|007|353|||||5.750|0.00||||||||||||||||||||265020.37
F04Q10002837|200410|264732.12|0|008|352|||||5.750|0.00||||||||||||||||||||264732.12
F04Q10002837|200411|264442.49|0|009|351|||||5.750|0.00||||||||||||||||||||264442.49
F04Q10002837|200412|264151.47|0|010|350|||||5.750|0.00||||||||||||||||||||264151.47
F04Q10002837|200501|263859.06|0|011|349|||||5.750|0.00||||||||||||||||||||263859.06
F04Q10002837|200502|263565.24|0|012|348|||||5.750|0.00||||||||||||||||||||263565.24
F04Q10002837|200503|263270.02|0|013|347|||||5.750|0.00||||||||||||||||||||263270.02
F04Q10002837|200504|262973.38|0|014|346|||||5.750|0.00||||||||||||||||||||262973.38
F04Q10002837|200505|262675.32|0|015|345|||||5.750|0.00||||||||||||||||||||262675.32
F04Q10002837|200506|262375.83|0|016|344|||||5.750|0.00||||||||||||||||||||262375.83
F04Q10002837|200507|262074.91|0|017|343|||||5.750|0.00||||||||||||||||||||262074.91
F04Q10002837|200508|261772.55|0|018|342|||||5.750|0.00||||||||||||||||||||261772.55
F04Q10002837|200509|261468.74|0|019|341|||||5.750|0.00||||||||||||||||||||261468.74
F04Q10002837|200510|261163.47|0|020|340|||||5.750|0.00||||||||||||||||||||261163.47
F04Q10002837|200511|260856.74|0|021|339|||||5.750|0.00||||||||||||||||||||260856.74
F04Q10002837|200512|260548.54|0|022|338|||||5.750|0.00||||||||||||||||||||260548.54
F04Q10002837|200601|260238.86|0|023|337|||||5.750|0.00||||||||||||||||||||260238.86
F04Q10002837|200602|259927.70|0|024|336|||||5.750|0.00||||||||||||||||||||259927.70
F04Q10002837|200603|259615.05|0|025|335|||||5.750|0.00||||||||||||||||||||259615.05
F04Q10002837|200604|259300.90|0|026|334|||||5.750|0.00||||||||||||||||||||259300.90
F04Q10002837|200605|258985.24|0|027|333|||||5.750|0.00||||||||||||||||||||258985.24
F04Q10002837|200606|257168.07|0|028|332|||||5.750|0.00||||||||||||||||||||257168.07
F04Q10002837|200607|256842.19|0|029|331|||||5.750|0.00||||||||||||||||||||256842.19
F04Q10002837|200608|256514.75|0|030|330|||||5.750|0.00||||||||||||||||||||256514.75
F04Q10002837|200609|255411.18|0|031|329|||||5.750|0.00||||||||||||||||||||255411.18
F04Q10002837|200610|255076.89|0|032|328|||||5.750|0.00||||||||||||||||||||255076.89
F04Q10002837|200611|254740.99|0|033|327|||||5.750|0.00||||||||||||||||||||254740.99
F04Q10002837|200612|254403.48|0|034|326|||||5.750|0.00||||||||||||||||||||254403.48
F04Q10002837|200701|254064.36|0|035|325|||||5.750|0.00||||||||||||||||||||254064.36
F04Q10002837|200702|253723.61|0|036|324|||||5.750|0.00||||||||||||||||||||253723.61
F04Q10002837|200703|253381.23|0|037|323|||||5.750|0.00||||||||||||||||||||253381.23
F04Q10002837|200704|253037.21|0|038|322|||||5.750|0.00||||||||||||||||||||253037.21
F04Q10002837|200705|252691.54|0|039|321|||||5.750|0.00||||||||||||||||||||252691.54
F04Q10002837|200706|252344.21|0|040|320|||||5.750|0.00||||||||||||||||||||252344.21
F04Q10002837|200707|251995.22|0|041|319|||||5.750|0.00||||||||||||||||||||251995.22
F04Q10002837|200708|251644.56|0|042|318|||||5.750|0.00||||||||||||||||||||251644.56
F04Q10002837|200709|251292.22|0|043|317|||||5.750|0.00||||||||||||||||||||251292.22
F04Q10002837|200710|250938.19|0|044|316|||||5.750|0.00||||||||||||||||||||250938.19
F04Q10002837|200711|250582.46|0|045|315|||||5.750|0.00||||||||||||||||||||250582.46
F04Q10002837|200712|250225.03|0|046|314|||||5.750|0.00||||||||||||||||||||250225.03
F04Q10002837|200801|248056.25|0|047|313|||||5.750|0.00||||||||||||||||||||248056.25
F04Q10002837|200802|247686.71|0|048|312|||||5.750|0.00||||||||||||||||||||247686.71
F04Q10002837|200803|247686.71|0|049|311|||||5.750|0.00||||||||||||||||||||247686.71
F04Q10002837|200804|246128.57|0|050|310|||||5.750|0.00||||||||||||||||||||246128.57
F04Q10002837|200805|245749.80|0|051|309|||||5.750|0.00||||||||||||||||||||245749.80
F04Q10002837|200806|245369.21|0|052|308|||||5.750|0.00||||||||||||||||||||245369.21
F04Q10002837|200807|244986.80|0|053|307|||||5.750|0.00||||||||||||||||||||244986.80
F04Q10002837|200808|244602.56|0|054|306|||||5.750|0.00||||||||||||||||||||244602.56
F04Q10002837|200809|244216.47|0|055|305|||||5.750|0.00||||||||||||||||||||244216.47
F04Q10002837|200810|243828.53|0|056|304|||||5.750|0.00||||||||||||||||||||243828.53
F04Q10002837|200811|243438.74|0|057|303|||||5.750|0.00||||||||||||||||||||243438.74
F04Q10002837|200812|243047.08|0|058|302|||||5.750|0.00||||||||||||||||||||243047.08
F04Q10002837|200901|242653.54|0|059|301|||||5.750|0.00||||||||||||||||||||242653.54
F04Q10002837|200902|0.00|0|060|300|||01|200902|5.750|0.00|||||||||||||||242653.54|||||0.00
F04Q10002875|200402|97000.00|0|000|180|||||4.625|0.00||||||||||||||||||||97000.00
F04Q10002875|200403|97000.00|0|001|179|||||4.625|0.00||||||||||||||||||||97000.00
F04Q10002875|200404|96000.00|0|002|178|||||4.625|0.00||||||||||||||||||||96000.00
F04Q10002875|200405|96000.00|0|003|177|||||4.625|0.00||||||||||||||||||||96000.00
F04Q10002875|200406|95000.00|0|004|176|||||4.625|0.00||||||||||||||||||||95000.00
F04Q10002875|200407|95000.00|0|005|175|||||4.625|0.00||||||||||||||||||||95000.00
F04Q10002875|200408|94000.00|0|006|174|||||4.625|0.00||||||||||||||||||||94000.00
F04Q10002875|200409|93252.64|0|007|173|||||4.625|0.00||||||||||||||||||||93252.64
F04Q10002875|200410|92762.05|0|008|172|||||4.625|0.00||||||||||||||||||||92762.05
F04Q10002875|200411|92762.05|0|009|171|||||4.625|0.00||||||||||||||||||||92762.05
F04Q10002875|200412|91875.19|0|010|170|||||4.625|0.00||||||||||||||||||||91875.19
F04Q10002875|200501|91379.29|0|011|169|||||4.625|0.00||||||||||||||||||||91379.29
F04Q10002875|200502|90881.48|0|012|168|||||4.625|0.00||||||||||||||||||||90881.48
F04Q10002875|200503|90381.75|0|013|167|||||4.625|0.00||||||||||||||||||||90381.75
F04Q10002875|200504|89880.10|0|014|166|||||4.625|0.00||||||||||||||||||||89880.10
F04Q10002875|200505|89376.51|0|015|165|||||4.625|0.00||||||||||||||||||||89376.51
F04Q10002875|200506|88870.98|0|016|164|||||4.625|0.00||||||||||||||||||||88870.98
F04Q10002875|200507|88363.50|0|017|163|||||4.625|0.00||||||||||||||||||||88363.50
F04Q10002875|200508|87954.07|0|018|162|||||4.625|0.00||||||||||||||||||||87954.07
F04Q10002875|200509|87954.07|0|019|161|||||4.625|0.00||||||||||||||||||||87954.07
F04Q10002875|200510|86930.08|0|020|160|||||4.625|0.00||||||||||||||||||||86930.08
F04Q10002875|200511|86515.12|0|021|159|||||4.625|0.00||||||||||||||||||||86515.12
F04Q10002875|200512|85998.56|0|022|158|||||4.625|0.00||||||||||||||||||||85998.56
F04Q10002875|200601|85480.01|0|023|157|||||4.625|0.00||||||||||||||||||||85480.01
F04Q10002875|200602|85059.46|0|024|156|||||4.625|0.00||||||||||||||||||||85059.46
F04Q10002875|200603|84537.29|0|025|155|||||4.625|0.00||||||||||||||||||||84537.29
F04Q10002875|200604|84013.11|0|026|154|||||4.625|0.00||||||||||||||||||||84013.11
F04Q10002875|200605|83586.91|0|027|153|||||4.625|0.00||||||||||||||||||||83586.91
F04Q10002875|200606|83159.07|0|028|152|||||4.625|0.00||||||||||||||||||||83159.07
F04Q10002875|200607|82629.58|0|029|151|||||4.625|0.00||||||||||||||||||||82629.58
F04Q10002875|200608|82203.65|0|030|150|||||4.625|0.00||||||||||||||||||||82203.65
F04Q10002875|200609|81770.48|0|031|149|||||4.625|0.00||||||||||||||||||||81770.48
F04Q10002875|200610|81335.64|0|032|148|||||4.625|0.00||||||||||||||||||||81335.64
F04Q10002875|200611|80899.12|0|033|147|||||4.625|0.00||||||||||||||||||||80899.12
F04Q10002875|200612|80460.92|0|034|146|||||4.625|0.00||||||||||||||||||||80460.92
F04Q10002875|200701|80460.92|0|035|145|||||4.625|0.00||||||||||||||||||||80460.92
F04Q10002875|200702|79579.44|0|036|144|||||4.625|0.00||||||||||||||||||||79579.44
F04Q10002875|200703|79036.15|0|037|143|||||4.625|0.00||||||||||||||||||||79036.15
F04Q10002875|200704|78490.77|0|038|142|||||4.625|0.00||||||||||||||||||||78490.77
F04Q10002875|200705|78043.29|0|039|141|||||4.625|0.00||||||||||||||||||||78043.29
F04Q10002875|200706|77494.08|0|040|140|||||4.625|0.00||||||||||||||||||||77494.08
F04Q10002875|200707|77048.36|0|041|139|||||4.625|0.00||||||||||||||||||||77048.36
F04Q10002875|200708|76495.32|0|042|138|||||4.625|0.00||||||||||||||||||||76495.32
F04Q10002875|200709|75940.15|0|043|137|||||4.625|0.00||||||||||||||||||||75940.15
F04Q10002875|200710|75482.84|0|044|136|||||4.625|0.00||||||||||||||||||||75482.84
F04Q10002875|200711|75023.76|0|045|135|||||4.625|0.00||||||||||||||||||||75023.76
F04Q10002875|200712|75023.76|0|046|134|||||4.625|0.00||||||||||||||||||||75023.76
F04Q10002875|200801|74100.29|0|047|133|||||4.625|0.00||||||||||||||||||||74100.29
F04Q10002875|200802|74100.29|0|048|132|||||4.625|0.00||||||||||||||||||||74100.29
F04Q10002875|200803|73069.68|0|049|131|||||4.625|0.00||||||||||||||||||||73069.68
F04Q10002875|200804|72501.30|0|050|130|||||4.625|0.00||||||||||||||||||||72501.30
F04Q10002875|200805|71930.73|0|051|129|||||4.625|0.00||||||||||||||||||||71930.73
F04Q10002875|200806|71357.96|0|052|128|||||4.625|0.00||||||||||||||||||||71357.96
F04Q10002875|200807|70782.99|0|053|127|||||4.625|0.00||||||||||||||||||||70782.99
F04Q10002875|200808|70311.40|0|054|126|||||4.625|0.00||||||||||||||||||||70311.40
F04Q10002875|200809|70311.40|0|055|125|||||4.625|0.00||||||||||||||||||||70311.40
F04Q10002875|200810|69251.54|0|056|124|||||4.625|0.00||||||||||||||||||||69251.54
F04Q10002875|200811|69251.54|0|057|123|||||4.625|0.00||||||||||||||||||||69251.54
F04Q10002875|200812|68768.45|0|058|122|||||4.625|0.00||||||||||||||||||||68768.45
F04Q10002875|200901|67707.90|0|059|121|||||4.625|0.00||||||||||||||||||||67707.90
F04Q10002875|200902|67118.86|0|060|120|||||4.625|0.00||||||||||||||||||||67118.86
F04Q10002875|200903|66527.55|0|061|119|||||4.625|0.00||||||||||||||||||||66527.55
F04Q10002875|200904|65933.96|0|062|118|||||4.625|0.00||||||||||||||||||||65933.96
F04Q10002875|200905|65338.08|0|063|117|||||4.625|0.00||||||||||||||||||||65338.08
F04Q10002875|200906|64739.90|0|064|116|||||4.625|0.00||||||||||||||||||||64739.90
F04Q10002875|200907|64139.42|0|065|115|||||4.625|0.00||||||||||||||||||||64139.42
F04Q10002875|200908|64139.42|0|066|114|||||4.625|0.00||||||||||||||||||||64139.42
F04Q10002875|200909|63642.22|0|067|113|||||4.625|0.00||||||||||||||||||||63642.22
F04Q10002875|200910|62430.47|0|068|112|||||4.625|0.00||||||||||||||||||||62430.47
F04Q10002875|200911|61821.09|0|069|111|||||4.625|0.00||||||||||||||||||||61821.09
F04Q10002875|200912|61209.36|0|070|110|||||4.625|0.00||||||||||||||||||||61209.36
F04Q10002875|201001|60595.27|0|071|109|||||4.625|0.00||||||||||||||||||||60595.27
F04Q10002875|201002|60595.27|0|072|108|||||4.625|0.00||||||||||||||||||||60595.27
F04Q10002875|201003|59359.98|0|073|107|||||4.625|0.00||||||||||||||||||||59359.98
F04Q10002875|201004|58738.76|0|074|106|||||4.625|0.00||||||||||||||||||||58738.76
F04Q10002875|201005|58115.15|0|075|105|||||4.625|0.00||||||||||||||||||||58115.15
F04Q10002875|201006|57489.14|0|076|104|||||4.625|0.00||||||||||||||||||||57489.14
F04Q10002875|201007|56860.71|0|077|103|||||4.625|0.00||||||||||||||||||||56860.71
F04Q10002875|201008|56860.71|0|078|102|||||4.625|0.00||||||||||||||||||||56860.71
F04Q10002875|201009|55596.58|0|079|101|||||4.625|0.00||||||||||||||||||||55596.58
F04Q10002875|201010|54960.86|0|080|100|||||4.625|0.00||||||||||||||||||||54960.86
F04Q10002875|201011|54322.69|0|081|099|||||4.625|0.00||||||||||||||||||||54322.69
F04Q10002875|201012|53682.06|0|082|098|||||4.625|0.00||||||||||||||||||||53682.06
F04Q10002875|201101|53038.96|0|083|097|||||4.625|0.00||||||||||||||||||||53038.96
F04Q10002875|201102|52393.38|0|084|096|||||4.625|0.00||||||||||||||||||||52393.38
F04Q10002875|201103|51745.31|0|085|095|||||4.625|0.00||||||||||||||||||||51745.31
F04Q10002875|201104|51094.75|0|086|094|||||4.625|0.00||||||||||||||||||||51094.75
F04Q10002875|201105|50441.68|0|087|093|||||4.625|0.00||||||||||||||||||||50441.68
F04Q10002875|201106|49786.09|0|088|092|||||4.625|0.00||||||||||||||||||||49786.09
F04Q10002875|201107|49127.97|0|089|091|||||4.625|0.00||||||||||||||||||||49127.97
F04Q10002875|201108|48467.32|0|090|090|||||4.625|0.00||||||||||||||||||||48467.32
F04Q10002875|201109|47804.12|0|091|089|||||4.625|0.00||||||||||||||||||||47804.12
F04Q10002875|201110|47138.37|0|092|088|||||4.625|0.00||||||||||||||||||||47138.37
F04Q10002875|201111|46470.05|0|093|087|||||4.625|0.00||||||||||||||||||||46470.05
F04Q10002875|201112|45799.15|0|094|086|||||4.625|0.00||||||||||||||||||||45799.15
F04Q10002875|201201|45125.67|0|095|085|||||4.625|0.00||||||||||||||||||||45125.67
F04Q10002875|201202|44449.59|0|096|084|||||4.625|0.00||||||||||||||||||||44449.59
F04Q10002875|201203|44449.59|0|097|083|||||4.625|0.00||||||||||||||||||||44449.59
F04Q10002875|201204|42511.83|0|098|082|||||4.625|0.00||||||||||||||||||||42511.83
F04Q10002875|201205|41825.68|0|099|081|||||4.625|0.00||||||||||||||||||||41825.68
F04Q10002875|201206|41136.88|0|100|080|||||4.625|0.00||||||||||||||||||||41136.88
F04Q10002875|201207|40445.43|0|101|079|||||4.625|0.00||||||||||||||||||||40445.43
F04Q10002875|201208|39751.31|0|102|078|||||4.625|0.00||||||||||||||||||||39751.31
F04Q10002875|201209|39054.52|0|103|077|||||4.625|0.00||||||||||||||||||||39054.52
F04Q10002875|201210|38355.04|0|104|076|||||4.625|0.00||||||||||||||||||||38355.04
F04Q10002875|201211|38355.04|0|105|075|||||4.625|0.00||||||||||||||||||||38355.04
F04Q10002875|201212|36947.99|0|106|074|||||4.625|0.00||||||||||||||||||||36947.99
F04Q10002875|201301|36947.99|0|107|073|||||4.625|0.00||||||||||||||||||||36947.99
F04Q10002875|201302|35635.67|0|108|072|||||4.625|0.00||||||||||||||||||||35635.67
F04Q10002875|201303|34923.02|0|109|071|||||4.625|0.00||||||||||||||||||||34923.02
F04Q10002875|201304|34207.62|0|110|070|||||4.625|0.00||||||||||||||||||||34207.62
F04Q10002875|201305|33489.46|0|111|069|||||4.625|0.00||||||||||||||||||||33489.46
F04Q10002875|201306|32768.53|0|112|068|||||4.625|0.00||||||||||||||||||||32768.53
F04Q10002875|201307|32044.83|0|113|067|||||4.625|0.00||||||||||||||||||||32044.83
F04Q10002875|201308|31318.34|0|114|066|||||4.625|0.00||||||||||||||||||||31318.34
F04Q10002875|201309|31318.34|0|115|065|||||4.625|0.00||||||||||||||||||||31318.34
F04Q10002875|201310|29856.95|0|116|064|||||4.625|0.00||||||||||||||||||||29856.95
F04Q10002875|201311|29856.95|0|117|063|||||4.625|0.00||||||||||||||||||||29856.95
F04Q10002875|201312|29122.02|0|118|062|||||4.625|0.00||||||||||||||||||||29122.02
F04Q10002875|201401|27643.66|0|119|061|||||4.625|0.00||||||||||||||||||||27643.66
F04Q10002875|201402|26900.20|0|120|060|||||4.625|0.00||||||||||||||||||||26900.20
F04Q10002875|201403|26900.20|0|121|059|||||4.625|0.00||||||||||||||||||||26900.20
F04Q10002875|201404|25404.68|0|122|058|||||4.625|0.00||||||||||||||||||||25404.68
F04Q10002875|201405|24652.59|0|123|057|||||4.625|0.00||||||||||||||||||||24652.59
F04Q10002875|201406|24652.59|0|124|056|||||4.625|0.00||||||||||||||||||||24652.59
F04Q10002875|201407|23139.72|0|125|055|||||4.625|0.00||||||||||||||||||||23139.72
F04Q10002875|201408|22378.90|0|126|054|||||4.625|0.00||||||||||||||||||||22378.90
F04Q10002875|201409|21615.15|0|127|053|||||4.625|0.00||||||||||||||||||||21615.15
F04Q10002875|201410|20848.46|0|128|052|||||4.625|0.00||||||||||||||||||||20848.46
F04Q10002875|201411|20848.46|0|129|051|||||4.625|0.00||||||||||||||||||||20848.46
F04Q10002875|201412|19306.20|0|130|050|||||4.625|0.00||||||||||||||||||||19306.20
F04Q10002875|201501|18530.61|0|131|049|||||4.625|0.00||||||||||||||||||||18530.61
F04Q10002875|201502|18530.61|0|132|048|||||4.625|0.00||||||||||||||||||||18530.61
F04Q10002875|201503|17752.03|0|133|047|||||4.625|0.00||||||||||||||||||||17752.03
F04Q10002875|201504|16970.45|0|134|046|||||4.625|0.00||||||||||||||||||||16970.45
F04Q10002875|201505|15360.88|0|135|045|||||4.625|0.00||||||||||||||||||||15360.88
F04Q10002875|201506|14570.08|0|136|044|||||4.625|0.00||||||||||||||||||||14570.08
F04Q10002875|201507|14570.08|0|137|043|||||4.625|0.00||||||||||||||||||||14570.08
F04Q10002875|201508|13844.62|0|138|042|||||4.625|0.00||||||||||||||||||||13844.62
F04Q10002875|201509|12248.27|0|139|041|||||4.625|0.00||||||||||||||||||||12248.27
F04Q10002875|201510|12248.27|0|140|040|||||4.625|0.00||||||||||||||||||||12248.27
F04Q10002875|201511|11445.48|0|141|039|||||4.625|0.00||||||||||||||||||||11445.48
F04Q10002875|201512|9830.60|0|142|038|||||4.625|0.00||||||||||||||||||||9830.60
F04Q10002875|201601|9830.60|0|143|037|||||4.625|0.00||||||||||||||||||||9830.60
F04Q10002875|201602|9018.49|0|144|036|||||4.625|0.00||||||||||||||||||||9018.49
F04Q10002875|201603|8203.25|0|145|035|||||4.625|0.00||||||||||||||||||||8203.25
F04Q10002875|201604|6563.33|0|146|034|||||4.625|0.00||||||||||||||||||||6563.33
F04Q10002875|201605|6563.33|0|147|033|||||4.625|0.00||||||||||||||||||||6563.33
F04Q10002875|201606|5738.63|0|148|032|||||4.625|0.00||||||||||||||||||||5738.63
F04Q10002875|201607|4910.75|0|149|031|||||4.625|0.00||||||||||||||||||||4910.75
F04Q10002875|201608|4079.68|0|150|030|||||4.625|0.00||||||||||||||||||||4079.68
F04Q10002875|201609|3245.40|0|151|029|||||4.625|0.00||||||||||||||||||||3245.40
F04Q10002875|201610|2407.91|0|152|028|||||4.625|0.00||||||||||||||||||||2407.91
F04Q10002875|201611|1567.19|0|153|027|||||4.625|0.00||||||||||||||||||||1567.19
F04Q10002875|201612|0.00|0|154|026|||01|201612|4.625|0.00|||||||||||||||1567.19|||||0.00
F04Q10002914|200402|160000.00|0|000|180|||||5.375|0.00||||||||||||||||||||160000.00
F04Q10002914|200403|159000.00|0|001|179|||||5.375|0.00||||||||||||||||||||159000.00
F04Q10002914|200404|159000.00|0|002|178|||||5.375|0.00||||||||||||||||||||159000.00
F04Q10002914|200405|158000.00|0|003|177|||||5.375|0.00||||||||||||||||||||158000.00
F04Q10002914|200406|158000.00|0|004|176|||||5.375|0.00||||||||||||||||||||158000.00
F04Q10002914|200407|157000.00|0|005|175|||||5.375|0.00||||||||||||||||||||157000.00
F04Q10002914|200408|156000.00|0|006|174|||||5.375|0.00||||||||||||||||||||156000.00
F04Q10002914|200409|155859.98|0|007|173|||||5.375|0.00||||||||||||||||||||155859.98
F04Q10002914|200410|155261.36|0|008|172|||||5.375|0.00||||||||||||||||||||155261.36
F04Q10002914|200411|154660.06|0|009|171|||||5.375|0.00||||||||||||||||||||154660.06
F04Q10002914|200412|154056.07|0|010|170|||||5.375|0.00||||||||||||||||||||154056.07
F04Q10002914|200501|153449.37|0|011|169|||||5.375|0.00||||||||||||||||||||153449.37
F04Q10002914|200502|152839.96|0|012|168|||||5.375|0.00||||||||||||||||||||152839.96
F04Q10002914|200503|152227.81|0|013|167|||||5.375|0.00||||||||||||||||||||152227.81
F04Q10002914|200504|151612.93|0|014|166|||||5.375|0.00||||||||||||||||||||151612.93
F04Q10002914|200505|150995.29|0|015|165|||||5.375|0.00||||||||||||||||||||150995.29
F04Q10002914|200506|150374.88|0|016|164|||||5.375|0.00||||||||||||||||||||150374.88
F04Q10002914|200507|149751.69|0|017|163|||||5.375|0.00||||||||||||||||||||149751.69
F04Q10002914|200508|148496.93|0|018|162|||||5.375|0.00||||||||||||||||||||148496.93
F04Q10002914|200509|148496.93|0|019|161|||||5.375|0.00||||||||||||||||||||148496.93
F04Q10002914|200510|147230.91|0|020|160|||||5.375|0.00||||||||||||||||||||147230.91
F04Q10002914|200511|147230.91|0|021|159|||||5.375|0.00||||||||||||||||||||147230.91
F04Q10002914|200512|145953.50|0|022|158|||||5.375|0.00||||||||||||||||||||145953.50
F04Q10002914|200601|145953.50|0|023|157|||||5.375|0.00||||||||||||||||||||145953.50
F04Q10002914|200602|145310.51|0|024|156|||||5.375|0.00||||||||||||||||||||145310.51
F04Q10002914|200603|144664.64|0|025|155|||||5.375|0.00||||||||||||||||||||144664.64
F04Q10002914|200604|144015.88|0|026|154|||||5.375|0.00||||||||||||||||||||144015.88
F04Q10002914|200605|143364.21|0|027|153|||||5.375|0.00||||||||||||||||||||143364.21
F04Q10002914|200606|142709.62|0|028|152|||||5.375|0.00||||||||||||||||||||142709.62
F04Q10002914|200607|142052.10|0|029|151|||||5.375|0.00||||||||||||||||||||142052.10
F04Q10002914|200608|141391.63|0|030|150|||||5.375|0.00||||||||||||||||||||141391.63
F04Q10002914|200609|140728.21|0|031|149|||||5.375|0.00||||||||||||||||||||140728.21
F04Q10002914|200610|140061.82|0|032|148|||||5.375|0.00||||||||||||||||||||140061.82
F04Q10002914|200611|138720.06|0|033|147|||||5.375|0.00||||||||||||||||||||138720.06
F04Q10002914|200612|138720.06|0|034|146|||||5.375|0.00||||||||||||||||||||138720.06
F04Q10002914|200701|138044.67|0|035|145|||||5.375|0.00||||||||||||||||||||138044.67
F04Q10002914|200702|137366.25|0|036|144|||||5.375|0.00||||||||||||||||||||137366.25
F04Q10002914|200703|136684.80|0|037|143|||||5.375|0.00||||||||||||||||||||136684.80
F04Q10002914|200704|136000.29|0|038|142|||||5.375|0.00||||||||||||||||||||136000.29
F04Q10002914|200705|135312.72|0|039|141|||||5.375|0.00||||||||||||||||||||135312.72
F04Q10002914|200706|134622.07|0|040|140|||||5.375|0.00||||||||||||||||||||134622.07
F04Q10002914|200707|133928.33|0|041|139|||||5.375|0.00||||||||||||||||||||133928.33
F04Q10002914|200708|133231.47|0|042|138|||||5.375|0.00||||||||||||||||||||133231.47
F04Q10002914|200709|132531.50|0|043|137|||||5.375|0.00||||||||||||||||||||132531.50
F04Q10002914|200710|131828.39|0|044|136|||||5.375|0.00||||||||||||||||||||131828.39
F04Q10002914|200711|131122.13|0|045|135|||||5.375|0.00||||||||||||||||||||131122.13
F04Q10002914|200712|130412.71|0|046|134|||||5.375|0.00||||||||||||||||||||130412.71
F04Q10002914|200801|129700.11|0|047|133|||||5.375|0.00||||||||||||||||||||129700.11
F04Q10002914|200802|128984.32|0|048|132|||||5.375|0.00||||||||||||||||||||128984.32
F04Q10002914|200803|128265.32|0|049|131|||||5.375|0.00||||||||||||||||||||128265.32
F04Q10002914|200804|127543.10|0|050|130|||||5.375|0.00||||||||||||||||||||127543.10
F04Q10002914|200805|126817.65|0|051|129|||||5.375|0.00||||||||||||||||||||126817.65
F04Q10002914|200806|126088.95|0|052|128|||||5.375|0.00||||||||||||||||||||126088.95
F04Q10002914|200807|125356.98|0|053|127|||||5.375|0.00||||||||||||||||||||125356.98
F04Q10002914|200808|124621.73|0|054|126|||||5.375|0.00||||||||||||||||||||124621.73
F04Q10002914|200809|123883.19|0|055|125|||||5.375|0.00||||||||||||||||||||123883.19
F04Q10002914|200810|123141.35|0|056|124|||||5.375|0.00||||||||||||||||||||123141.35
F04Q10002914|200811|122396.18|0|057|123|||||5.375|0.00||||||||||||||||||||122396.18
F04Q10002914|200812|121647.67|0|058|122|||||5.375|0.00||||||||||||||||||||121647.67
F04Q10002914|200901|120895.81|0|059|121|||||5.375|0.00||||||||||||||||||||120895.81
F04Q10002914|200902|120895.81|0|060|120|||||5.375|0.00||||||||||||||||||||120895.81
F04Q10002914|200903|119381.97|0|061|119|||||5.375|0.00||||||||||||||||||||119381.97
F04Q10002914|200904|118619.97|0|062|118|||||5.375|0.00||||||||||||||||||||118619.97
F04Q10002914|200905|117854.54|0|063|117|||||5.375|0.00||||||||||||||||||||117854.54
F04Q10002914|200906|117085.69|0|064|116|||||5.375|0.00||||||||||||||||||||117085.69
F04Q10002914|200907|116313.40|0|065|115|||||5.375|0.00||||||||||||||||||||116313.40
F04Q10002914|200908|115537.65|0|066|114|||||5.375|0.00||||||||||||||||||||115537.65
F04Q10002914|200909|114758.42|0|067|113|||||5.375|0.00||||||||||||||||||||114758.42
F04Q10002914|200910|113975.70|0|068|112|||||5.375|0.00||||||||||||||||||||113975.70
F04Q10002914|200911|113189.48|0|069|111|||||5.375|0.00||||||||||||||||||||113189.48
F04Q10002914|200912|112399.73|0|070|110|||||5.375|0.00||||||||||||||||||||112399.73
F04Q10002914|201001|111606.45|0|071|109|||||5.375|0.00||||||||||||||||||||111606.45
F04Q10002914|201002|110809.61|0|072|108|||||5.375|0.00||||||||||||||||||||110809.61
F04Q10002914|201003|110009.21|0|073|107|||||5.375|0.00||||||||||||||||||||110009.21
F04Q10002914|201004|109205.22|0|074|106|||||5.375|0.00||||||||||||||||||||109205.22
F04Q10002914|201005|108397.63|0|075|105|||||5.375|0.00||||||||||||||||||||108397.63
F04Q10002914|201006|107586.42|0|076|104|||||5.375|0.00||||||||||||||||||||107586.42
F04Q10002914|201007|106771.58|0|077|103|||||5.375|0.00||||||||||||||||||||106771.58
F04Q10002914|201008|105953.08|0|078|102|||||5.375|0.00||||||||||||||||||||105953.08
F04Q10002914|201009|105130.92|0|079|101|||||5.375|0.00||||||||||||||||||||105130.92
F04Q10002914|201010|104305.08|0|080|100|||||5.375|0.00||||||||||||||||||||104305.08
F04Q10002914|201011|103475.54|0|081|099|||||5.375|0.00||||||||||||||||||||103475.54
F04Q10002914|201012|102642.29|0|082|098|||||5.375|0.00||||||||||||||||||||102642.29
F04Q10002914|201101|101805.30|0|083|097|||||5.375|0.00||||||||||||||||||||101805.30
F04Q10002914|201102|100964.56|0|084|096|||||5.375|0.00||||||||||||||||||||100964.56
F04Q10002914|201103|100120.06|0|085|095|||||5.375|0.00||||||||||||||||||||100120.06
F04Q10002914|201104|99271.77|0|086|094|||||5.375|0.00||||||||||||||||||||99271.77
F04Q10002914|201105|98419.69|0|087|093|||||5.375|0.00||||||||||||||||||||98419.69
F04Q10002914|201106|97563.79|0|088|092|||||5.375|0.00||||||||||||||||||||97563.79
F04Q10002914|201107|96704.05|0|089|091|||||5.375|0.00||||||||||||||||||||96704.05
F04Q10002914|201108|95840.46|0|090|090|||||5.375|0.00||||||||||||||||||||95840.46
F04Q10002914|201109|94973.01|0|091|089|||||5.375|0.00||||||||||||||||||||94973.01
F04Q10002914|201110|94101.67|0|092|088|||||5.375|0.00||||||||||||||||||||94101.67
F04Q10002914|201111|93226.43|0|093|087|||||5.375|0.00||||||||||||||||||||93226.43
F04Q10002914|201112|92347.26|0|094|086|||||5.375|0.00||||||||||||||||||||92347.26
F04Q10002914|201201|91464.16|0|095|085|||||5.375|0.00||||||||||||||||||||91464.16
F04Q10002914|201202|90577.11|0|096|084|||||5.375|0.00||||||||||||||||||||90577.11
F04Q10002914|201203|89686.08|0|097|083|||||5.375|0.00||||||||||||||||||||89686.08
F04Q10002914|201204|0.00|0|098|082|||01|201204|5.375|0.00|||||||||||||||89686.08|||||0.00
F04Q10002927|200402|69000.00|0|000|120|||||5.100|0.00||||||||||||||||||||69000.00
F04Q10002927|200403|68000.00|0|001|119|||||5.100|0.00||||||||||||||||||||68000.00
F04Q10002927|200404|67000.00|0|002|118|||||5.100|0.00||||||||||||||||||||67000.00
F04Q10002927|200405|67000.00|0|003|117|||||5.100|0.00||||||||||||||||||||67000.00
F04Q10002927|200406|66000.00|0|004|116|||||5.100|0.00||||||||||||||||||||66000.00
F04Q10002927|200407|65000.00|0|005|115|||||5.100|0.00||||||||||||||||||||65000.00
F04Q10002927|200408|65000.00|0|006|114|||||5.100|0.00||||||||||||||||||||65000.00
F04Q10002927|200409|63825.31|0|007|113|||||5.100|0.00||||||||||||||||||||63825.31
F04Q10002927|200410|63130.01|0|008|112|||||5.100|0.00||||||||||||||||||||63130.01
F04Q10002927|200411|62431.75|0|009|111|||||5.100|0.00||||||||||||||||||||62431.75
F04Q10002927|200412|61730.52|0|010|110|||||5.100|0.00||||||||||||||||||||61730.52
F04Q10002927|200501|61026.31|0|011|109|||||5.100|0.00||||||||||||||||||||61026.31
F04Q10002927|200502|60319.11|0|012|108|||||5.100|0.00||||||||||||||||||||60319.11
F04Q10002927|200503|59608.91|0|013|107|||||5.100|0.00||||||||||||||||||||59608.91
F04Q10002927|200504|58895.69|0|014|106|||||5.100|0.00||||||||||||||||||||58895.69
F04Q10002927|200505|58166.44|0|015|105|||||5.100|0.00||||||||||||||||||||58166.44
F04Q10002927|200506|57434.09|0|016|104|||||5.100|0.00||||||||||||||||||||57434.09
F04Q10002927|200507|56698.62|0|017|103|||||5.100|0.00||||||||||||||||||||56698.62
F04Q10002927|200508|55960.03|0|018|102|||||5.100|0.00||||||||||||||||||||55960.03
F04Q10002927|200509|55218.30|0|019|101|||||5.100|0.00||||||||||||||||||||55218.30
F04Q10002927|200510|54473.42|0|020|100|||||5.100|0.00||||||||||||||||||||54473.42
F04Q10002927|200511|53725.37|0|021|099|||||5.100|0.00||||||||||||||||||||53725.37
F04Q10002927|200512|52974.14|0|022|098|||||5.100|0.00||||||||||||||||||||52974.14
F04Q10002927|200601|52219.72|0|023|097|||||5.100|0.00||||||||||||||||||||52219.72
F04Q10002927|200602|51462.09|0|024|096|||||5.100|0.00||||||||||||||||||||51462.09
F04Q10002927|200603|50701.24|0|025|095|||||5.100|0.00||||||||||||||||||||50701.24
F04Q10002927|200604|49942.45|0|026|094|||||5.100|0.00||||||||||||||||||||49942.45
F04Q10002927|200605|49423.63|0|027|093|||||5.100|0.00||||||||||||||||||||49423.63
F04Q10002927|200606|48902.60|0|028|092|||||5.100|0.00||||||||||||||||||||48902.60
F04Q10002927|200607|48379.36|0|029|091|||||5.100|0.00||||||||||||||||||||48379.36
F04Q10002927|200608|47853.89|0|030|090|||||5.100|0.00||||||||||||||||||||47853.89
F04Q10002927|200609|47326.19|0|031|089|||||5.100|0.00||||||||||||||||||||47326.19
F04Q10002927|200610|46796.25|0|032|088|||||5.100|0.00||||||||||||||||||||46796.25
F04Q10002927|200611|46264.05|0|033|087|||||5.100|0.00||||||||||||||||||||46264.05
F04Q10002927|200612|45729.59|0|034|086|||||5.100|0.00||||||||||||||||||||45729.59
F04Q10002927|200701|45192.86|0|035|085|||||5.100|0.00||||||||||||||||||||45192.86
F04Q10002927|200702|44653.85|0|036|084|||||5.100|0.00||||||||||||||||||||44653.85
F04Q10002927|200703|44112.55|0|037|083|||||5.100|0.00||||||||||||||||||||44112.55
F04Q10002927|200704|43568.95|0|038|082|||||5.100|0.00||||||||||||||||||||43568.95
F04Q10002927|200705|43023.04|0|039|081|||||5.100|0.00||||||||||||||||||||43023.04
F04Q10002927|200706|42474.81|0|040|080|||||5.100|0.00||||||||||||||||||||42474.81
F04Q10002927|200707|41924.25|0|041|079|||||5.100|0.00||||||||||||||||||||41924.25
F04Q10002927|200708|41371.35|0|042|078|||||5.100|0.00||||||||||||||||||||41371.35
F04Q10002927|200709|40816.10|0|043|077|||||5.100|0.00||||||||||||||||||||40816.10
F04Q10002927|200710|40258.49|0|044|076|||||5.100|0.00||||||||||||||||||||40258.49
F04Q10002927|200711|39698.51|0|045|075|||||5.100|0.00||||||||||||||||||||39698.51
F04Q10002927|200712|39136.15|0|046|074|||||5.100|0.00||||||||||||||||||||39136.15
F04Q10002927|200801|38571.40|0|047|073|||||5.100|0.00||||||||||||||||||||38571.40
F04Q10002927|200802|38004.25|0|048|072|||||5.100|0.00||||||||||||||||||||38004.25
F04Q10002927|200803|37384.69|0|049|071|||||5.100|0.00||||||||||||||||||||37384.69
F04Q10002927|200804|36762.49|0|050|070|||||5.100|0.00||||||||||||||||||||36762.49
F04Q10002927|200805|36137.65|0|051|069|||||5.100|0.00||||||||||||||||||||36137.65
F04Q10002927|200806|35510.16|0|052|068|||||5.100|0.00||||||||||||||||||||35510.16
F04Q10002927|200807|34880.00|0|053|067|||||5.100|0.00||||||||||||||||||||34880.00
F04Q10002927|200808|34247.16|0|054|066|||||5.100|0.00||||||||||||||||||||34247.16
F04Q10002927|200809|33611.63|0|055|065|||||5.100|0.00||||||||||||||||||||33611.63
F04Q10002927|200810|32973.40|0|056|064|||||5.100|0.00||||||||||||||||||||32973.40
F04Q10002927|200811|32332.46|0|057|063|||||5.100|0.00||||||||||||||||||||32332.46
F04Q10002927|200812|31688.79|0|058|062|||||5.100|0.00||||||||||||||||||||31688.79
F04Q10002927|200901|31042.39|0|059|061|||||5.100|0.00||||||||||||||||||||31042.39
F04Q10002927|200902|30393.24|0|060|060|||||5.100|0.00||||||||||||||||||||30393.24
F04Q10002927|200903|29741.33|0|061|059|||||5.100|0.00||||||||||||||||||||29741.33
F04Q10002927|200904|29086.65|0|062|058|||||5.100|0.00||||||||||||||||||||29086.65
F04Q10002927|200905|28429.19|0|063|057|||||5.100|0.00||||||||||||||||||||28429.19
F04Q10002927|200906|27768.93|0|064|056|||||5.100|0.00||||||||||||||||||||27768.93
F04Q10002927|200907|27105.87|0|065|055|||||5.100|0.00||||||||||||||||||||27105.87
F04Q10002927|200908|26439.99|0|066|054|||||5.100|0.00||||||||||||||||||||26439.99
F04Q10002927|200909|25771.28|0|067|053|||||5.100|0.00||||||||||||||||||||25771.28
F04Q10002927|200910|25099.73|0|068|052|||||5.100|0.00||||||||||||||||||||25099.73
F04Q10002927|200911|24425.32|0|069|051|||||5.100|0.00||||||||||||||||||||24425.32
F04Q10002927|200912|23748.05|0|070|050|||||5.100|0.00||||||||||||||||||||23748.05
F04Q10002927|201001|23067.90|0|071|049|||||5.100|0.00||||||||||||||||||||23067.90
F04Q10002927|201002|22384.86|0|072|048|||||5.100|0.00||||||||||||||||||||22384.86
F04Q10002927|201003|21698.92|0|073|047|||||5.100|0.00||||||||||||||||||||21698.92
F04Q10002927|201004|21010.06|0|074|046|||||5.100|0.00||||||||||||||||||||21010.06
F04Q10002927|201005|20318.27|0|075|045|||||5.100|0.00||||||||||||||||||||20318.27
F04Q10002927|201006|19623.54|0|076|044|||||5.100|0.00||||||||||||||||||||19623.54
F04Q10002927|201007|18925.86|0|077|043|||||5.100|0.00||||||||||||||||||||18925.86
F04Q10002927|201008|18225.21|0|078|042|||||5.100|0.00||||||||||||||||||||18225.21
F04Q10002927|201009|0.00|0|079|041|||01|201009|5.100|0.00|||||||||||||||18225.21|||||0.00
F04Q10002982|200402|117000.00|0|000|360|||||5.875|0.00||||||||||||||||||||117000.00
F04Q10002982|200403|117000.00|0|001|359|||||5.875|0.00||||||||||||||||||||117000.00
F04Q10002982|200404|117000.00|0|002|358|||||5.875|0.00||||||||||||||||||||117000.00
F04Q10002982|200405|117000.00|0|003|357|||||5.875|0.00||||||||||||||||||||117000.00
F04Q10002982|200406|117000.00|0|004|356|||||5.875|0.00||||||||||||||||||||117000.00
F04Q10002982|200407|116000.00|0|005|355|||||5.875|0.00||||||||||||||||||||116000.00
F04Q10002982|200408|116000.00|0|006|354|||||5.875|0.00||||||||||||||||||||116000.00
F04Q10002982|200409|116152.62|0|007|353|||||5.875|0.00||||||||||||||||||||116152.62
F04Q10002982|200410|116029.18|0|008|352|||||5.875|0.00||||||||||||||||||||116029.18
F04Q10002982|200411|115905.14|0|009|351|||||5.875|0.00||||||||||||||||||||115905.14
F04Q10002982|200412|115780.49|0|010|350|||||5.875|0.00||||||||||||||||||||115780.49
F04Q10002982|200501|115655.23|0|011|349|||||5.875|0.00||||||||||||||||||||115655.23
F04Q10002982|200502|115529.36|0|012|348|||||5.875|0.00||||||||||||||||||||115529.36
F04Q10002982|200503|115402.87|0|013|347|||||5.875|0.00||||||||||||||||||||115402.87
F04Q10002982|200504|115275.76|0|014|346|||||5.875|0.00||||||||||||||||||||115275.76
F04Q10002982|200505|115148.03|0|015|345|||||5.875|0.00||||||||||||||||||||115148.03
F04Q10002982|200506|115019.68|0|016|344|||||5.875|0.00||||||||||||||||||||115019.68
F04Q10002982|200507|114890.70|0|017|343|||||5.875|0.00||||||||||||||||||||114890.70
F04Q10002982|200508|114761.09|0|018|342|||||5.875|0.00||||||||||||||||||||114761.09
F04Q10002982|200509|114630.84|0|019|341|||||5.875|0.00||||||||||||||||||||114630.84
F04Q10002982|200510|114499.95|0|020|340|||||5.875|0.00||||||||||||||||||||114499.95
F04Q10002982|200511|114368.42|0|021|339|||||5.875|0.00||||||||||||||||||||114368.42
F04Q10002982|200512|114236.25|0|022|338|||||5.875|0.00||||||||||||||||||||114236.25
F04Q10002982|200601|114103.43|0|023|337|||||5.875|0.00||||||||||||||||||||114103.43
F04Q10002982|200602|113969.96|0|024|336|||||5.875|0.00||||||||||||||||||||113969.96
F04Q10002982|200603|113835.84|0|025|335|||||5.875|0.00||||||||||||||||||||113835.84
F04Q10002982|200604|113701.06|0|026|334|||||5.875|0.00||||||||||||||||||||113701.06
F04Q10002982|200605|113565.62|0|027|333|||||5.875|0.00||||||||||||||||||||113565.62
F04Q10002982|200606|113429.52|0|028|332|||||5.875|0.00||||||||||||||||||||113429.52
F04Q10002982|200607|113292.75|0|029|331|||||5.875|0.00||||||||||||||||||||113292.75
F04Q10002982|200608|113155.31|0|030|330|||||5.875|0.00||||||||||||||||||||113155.31
F04Q10002982|200609|113017.20|0|031|329|||||5.875|0.00||||||||||||||||||||113017.20
F04Q10002982|200610|112878.41|0|032|328|||||5.875|0.00||||||||||||||||||||112878.41
F04Q10002982|200611|112738.94|0|033|327|||||5.875|0.00||||||||||||||||||||112738.94
F04Q10002982|200612|112598.79|0|034|326|||||5.875|0.00||||||||||||||||||||112598.79
F04Q10002982|200701|112457.95|0|035|325|||||5.875|0.00||||||||||||||||||||112457.95
F04Q10002982|200702|0.00|0|036|324|||01|200702|5.875|0.00|||||||||||||||112457.95|||||0.00
F04Q10003069|200402|97000.00|0|000|360|||||6.000|0.00||||||||||||||||||||97000.00
F04Q10003069|200403|97000.00|0|001|359|||||6.000|0.00||||||||||||||||||||97000.00
F04Q10003069|200404|97000.00|0|002|358|||||6.000|0.00||||||||||||||||||||97000.00
F04Q10003069|200405|97000.00|0|003|357|||||6.000|0.00||||||||||||||||||||97000.00
F04Q10003069|200406|96000.00|0|004|356|||||6.000|0.00||||||||||||||||||||96000.00
F04Q10003069|200407|96000.00|0|005|355|||||6.000|0.00||||||||||||||||||||96000.00
F04Q10003069|200408|96000.00|0|006|354|||||6.000|0.00||||||||||||||||||||96000.00
F04Q10003069|200409|96089.39|0|007|353|||||6.000|0.00||||||||||||||||||||96089.39
F04Q10003069|200410|95956.69|0|008|352|||||6.000|0.00||||||||||||||||||||95956.69
F04Q10003069|200411|95823.32|0|009|351|||||6.000|0.00||||||||||||||||||||95823.32
F04Q10003069|200412|95689.29|0|010|350|||||6.000|0.00||||||||||||||||||||95689.29
F04Q10003069|200501|95554.59|0|011|349|||||6.000|0.00||||||||||||||||||||95554.59
F04Q10003069|200502|95419.21|0|012|348|||||6.000|0.00||||||||||||||||||||95419.21
F04Q10003069|200503|95283.16|0|013|347|||||6.000|0.00||||||||||||||||||||95283.16
F04Q10003069|200504|95146.43|0|014|346|||||6.000|0.00||||||||||||||||||||95146.43
F04Q10003069|200505|95009.01|0|015|345|||||6.000|0.00||||||||||||||||||||95009.01
F04Q10003069|200506|94870.91|0|016|344|||||6.000|0.00||||||||||||||||||||94870.91
F04Q10003069|200507|94732.11|0|017|343|||||6.000|0.00||||||||||||||||||||94732.11
F04Q10003069|200508|94592.62|0|018|342|||||6.000|0.00||||||||||||||||||||94592.62
F04Q10003069|200509|94452.43|0|019|341|||||6.000|0.00||||||||||||||||||||94452.43
F04Q10003069|200510|94305.62|0|020|340|||||6.000|0.00||||||||||||||||||||94305.62
F04Q10003069|200511|94158.08|0|021|339|||||6.000|0.00||||||||||||||||||||94158.08
F04Q10003069|200512|94009.80|0|022|338|||||6.000|0.00||||||||||||||||||||94009.80
F04Q10003069|200601|93860.78|0|023|337|||||6.000|0.00||||||||||||||||||||93860.78
F04Q10003069|200602|93711.01|0|024|336|||||6.000|0.00||||||||||||||||||||93711.01
F04Q10003069|200603|93560.50|0|025|335|||||6.000|0.00||||||||||||||||||||93560.50
F04Q10003069|200604|93409.23|0|026|334|||||6.000|0.00||||||||||||||||||||93409.23
F04Q10003069|200605|93257.21|0|027|333|||||6.000|0.00||||||||||||||||||||93257.21
F04Q10003069|200606|93104.43|0|028|332|||||6.000|0.00||||||||||||||||||||93104.43
F04Q10003069|200607|0.00|0|029|331|||01|200607|6.000|0.00|||||||||||||||93104.43|||||0.00
F04Q10003100|200402|200000.00|0|000|180|||||5.250|0.00||||||||||||||||||||200000.00
F04Q10003100|200403|199000.00|0|001|179|||||5.250|0.00||||||||||||||||||||199000.00
F04Q10003100|200404|199000.00|0|002|178|||||5.250|0.00||||||||||||||||||||199000.00
F04Q10003100|200405|198000.00|0|003|177|||||5.250|0.00||||||||||||||||||||198000.00
F04Q10003100|200406|197000.00|0|004|176|||||5.250|0.00||||||||||||||||||||197000.00
F04Q10003100|200407|196000.00|0|005|175|||||5.250|0.00||||||||||||||||||||196000.00
F04Q10003100|200408|196000.00|0|006|174|||||5.250|0.00||||||||||||||||||||196000.00
F04Q10003100|200409|194802.86|0|007|173|||||5.250|0.00||||||||||||||||||||194802.86
F04Q10003100|200410|194047.36|0|008|172|||||5.250|0.00||||||||||||||||||||194047.36
F04Q10003100|200411|192526.44|0|009|171|||||5.250|0.00||||||||||||||||||||192526.44
F04Q10003100|200412|192526.44|0|010|170|||||5.250|0.00||||||||||||||||||||192526.44
F04Q10003100|200501|191760.98|0|011|169|||||5.250|0.00||||||||||||||||||||191760.98
F04Q10003100|200502|190992.17|0|012|168|||||5.250|0.00||||||||||||||||||||190992.17
F04Q10003100|200503|190220.00|0|013|167|||||5.250|0.00||||||||||||||||||||190220.00
F04Q10003100|200504|189444.45|0|014|166|||||5.250|0.00||||||||||||||||||||189444.45
F04Q10003100|200505|188665.51|0|015|165|||||5.250|0.00||||||||||||||||||||188665.51
F04Q10003100|200506|183883.16|0|016|164|||||5.250|0.00||||||||||||||||||||183883.16
F04Q10003100|200507|183079.89|0|017|163|||||5.250|0.00||||||||||||||||||||183079.89
F04Q10003100|200508|182273.11|0|018|162|||||5.250|0.00||||||||||||||||||||182273.11
F04Q10003100|200509|181462.80|0|019|161|||||5.250|0.00||||||||||||||||||||181462.80
F04Q10003100|200510|180648.94|0|020|160|||||5.250|0.00||||||||||||||||||||180648.94
F04Q10003100|200511|179831.52|0|021|159|||||5.250|0.00||||||||||||||||||||179831.52
F04Q10003100|200512|179010.52|0|022|158|||||5.250|0.00||||||||||||||||||||179010.52
F04Q10003100|200601|178185.93|0|023|157|||||5.250|0.00||||||||||||||||||||178185.93
F04Q10003100|200602|177357.73|0|024|156|||||5.250|0.00||||||||||||||||||||177357.73
F04Q10003100|200603|176525.91|0|025|155|||||5.250|0.00||||||||||||||||||||176525.91
F04Q10003100|200604|175690.45|0|026|154|||||5.250|0.00||||||||||||||||||||175690.45
F04Q10003100|200605|174851.34|0|027|153|||||5.250|0.00||||||||||||||||||||174851.34
F04Q10003100|200606|174008.56|0|028|152|||||5.250|0.00||||||||||||||||||||174008.56
F04Q10003100|200607|173162.09|0|029|151|||||5.250|0.00||||||||||||||||||||173162.09
F04Q10003100|200608|172311.91|0|030|150|||||5.250|0.00||||||||||||||||||||172311.91
F04Q10003100|200609|171458.01|0|031|149|||||5.250|0.00||||||||||||||||||||171458.01
F04Q10003100|200610|170600.38|0|032|148|||||5.250|0.00||||||||||||||||||||170600.38
F04Q10003100|200611|169739.00|0|033|147|||||5.250|0.00||||||||||||||||||||169739.00
F04Q10003100|200612|168873.85|0|034|146|||||5.250|0.00||||||||||||||||||||168873.85
F04Q10003100|200701|168004.92|0|035|145|||||5.250|0.00||||||||||||||||||||168004.92
F04Q10003100|200702|167132.18|0|036|144|||||5.250|0.00||||||||||||||||||||167132.18
F04Q10003100|200703|166255.62|0|037|143|||||5.250|0.00||||||||||||||||||||166255.62
F04Q10003100|200704|165375.23|0|038|142|||||5.250|0.00||||||||||||||||||||165375.23
F04Q10003100|200705|164490.99|0|039|141|||||5.250|0.00||||||||||||||||||||164490.99
F04Q10003100|200706|163602.88|0|040|140|||||5.250|0.00||||||||||||||||||||163602.88
F04Q10003100|200707|162710.88|0|041|139|||||5.250|0.00||||||||||||||||||||162710.88
F04Q10003100|200708|161814.98|0|042|138|||||5.250|0.00||||||||||||||||||||161814.98
F04Q10003100|200709|160915.16|0|043|137|||||5.250|0.00||||||||||||||||||||160915.16
F04Q10003100|200710|160011.40|0|044|136|||||5.250|0.00||||||||||||||||||||160011.40
F04Q10003100|200711|158711.45|0|045|135|||||5.250|0.00||||||||||||||||||||158711.45
F04Q10003100|200712|157405.81|0|046|134|||||5.250|0.00||||||||||||||||||||157405.81
F04Q10003100|200801|156094.46|0|047|133|||||5.250|0.00||||||||||||||||||||156094.46
F04Q10003100|200802|154277.37|0|048|132|||||5.250|0.00||||||||||||||||||||154277.37
F04Q10003100|200803|150619.31|0|049|131|||||5.250|0.00||||||||||||||||||||150619.31
F04Q10003100|200804|150619.31|0|050|130|||||5.250|0.00||||||||||||||||||||150619.31
F04Q10003100|200805|148778.27|0|051|129|||||5.250|0.00||||||||||||||||||||148778.27
F04Q10003100|200806|146929.17|0|052|128|||||5.250|0.00||||||||||||||||||||146929.17
F04Q10003100|200807|145071.99|0|053|127|||||5.250|0.00||||||||||||||||||||145071.99
F04Q10003100|200808|143206.68|0|054|126|||||5.250|0.00||||||||||||||||||||143206.68
F04Q10003100|200809|141333.21|0|055|125|||||5.250|0.00||||||||||||||||||||141333.21
F04Q10003100|200810|137561.64|0|056|124|||||5.250|0.00||||||||||||||||||||137561.64
F04Q10003100|200811|137561.64|0|057|123|||||5.250|0.00||||||||||||||||||||137561.64
F04Q10003100|200812|135663.47|0|058|122|||||5.250|0.00||||||||||||||||||||135663.47
