F03Q10000013|200302|51000.00|0|000|180|||||5.875|0.00||||||||||||||||||||51000.00
F03Q10000013|200303|51000.00|0|001|179|||||5.875|0.00||||||||||||||||||||51000.00
F03Q10000013|200304|50000.00|0|002|178|||||5.875|0.00||||||||||||||||||||50000.00
F03Q10000013|200305|48000.00|0|003|177|||||5.875|0.00||||||||||||||||||||48000.00
F03Q10000013|200306|48000.00|0|004|176|||||5.875|0.00||||||||||||||||||||48000.00
F03Q10000013|200307|47000.00|0|005|175|||||5.875|0.00||||||||||||||||||||47000.00
F03Q10000013|200308|46000.00|0|006|174|||||5.875|0.00||||||||||||||||||||46000.00
F03Q10000013|200309|41199.72|0|007|173|||||5.875|0.00||||||||||||||||||||41199.72
F03Q10000013|200310|40974.50|0|008|172|||||5.875|0.00||||||||||||||||||||40974.50
F03Q10000013|200311|40748.17|0|009|171|||||5.875|0.00||||||||||||||||||||40748.17
F03Q10000013|200312|40520.74|0|010|170|||||5.875|0.00||||||||||||||||||||40520.74
F03Q10000013|200401|40292.19|0|011|169|||||5.875|0.00||||||||||||||||||||40292.19
F03Q10000013|200402|40062.52|0|012|168|||||5.875|0.00||||||||||||||||||||40062.52
F03Q10000013|200403|39831.73|0|013|167|||||5.875|0.00||||||||||||||||||||39831.73
F03Q10000013|200404|39599.81|0|014|166|||||5.875|0.00||||||||||||||||||||39599.81
F03Q10000013|200405|39366.75|0|015|165|||||5.875|0.00||||||||||||||||||||39366.75
F03Q10000013|200406|39132.55|0|016|164|||||5.875|0.00||||||||||||||||||||39132.55
F03Q10000013|200407|38897.21|0|017|163|||||5.875|0.00||||||||||||||||||||38897.21
F03Q10000013|200408|38660.71|0|018|162|||||5.875|0.00||||||||||||||||||||38660.71
F03Q10000013|200409|38423.06|0|019|161|||||5.875|0.00||||||||||||||||||||38423.06
F03Q10000013|200410|38184.24|0|020|160|||||5.875|0.00||||||||||||||||||||38184.24
F03Q10000013|200411|37944.25|0|021|159|||||5.875|0.00||||||||||||||||||||37944.25
F03Q10000013|200412|36984.70|0|022|158|||||5.875|0.00||||||||||||||||||||36984.70
F03Q10000013|200501|36738.84|0|023|157|||||5.875|0.00||||||||||||||||||||36738.84
F03Q10000013|200502|36491.78|0|024|156|||||5.875|0.00||||||||||||||||||||36491.78
F03Q10000013|200503|36243.51|0|025|155|||||5.875|0.00||||||||||||||||||||36243.51
F03Q10000013|200504|35994.02|0|026|154|||||5.875|0.00||||||||||||||||||||35994.02
F03Q10000013|200505|35743.31|0|027|153|||||5.875|0.00||||||||||||||||||||35743.31
F03Q10000013|200506|35491.37|0|028|152|||||5.875|0.00||||||||||||||||||||35491.37
F03Q10000013|200507|35238.20|0|029|151|||||5.875|0.00||||||||||||||||||||35238.20
F03Q10000013|200508|34983.79|0|030|150|||||5.875|0.00||||||||||||||||||||34983.79
F03Q10000013|200509|34728.13|0|031|149|||||5.875|0.00||||||||||||||||||||34728.13
F03Q10000013|200510|34471.22|0|032|148|||||5.875|0.00||||||||||||||||||||34471.22
F03Q10000013|200511|34213.06|0|033|147|||||5.875|0.00||||||||||||||||||||34213.06
F03Q10000013|200512|0.00|0|034|146|||01|200512|5.875|0.00|||||||||||||||34213.06|||||0.00
F03Q10000020|200302|130000.00|0|000|180|||||5.500|0.00||||||||||||||||||||130000.00
F03Q10000020|200303|130000.00|0|001|179|||||5.500|0.00||||||||||||||||||||130000.00
F03Q10000020|200304|129000.00|0|002|178|||||5.500|0.00||||||||||||||||||||129000.00
F03Q10000020|200305|129000.00|0|003|177|||||5.500|0.00||||||||||||||||||||129000.00
F03Q10000020|200306|128000.00|0|004|176|||||5.500|0.00||||||||||||||||||||128000.00
F03Q10000020|200307|128000.00|0|005|175|||||5.500|0.00||||||||||||||||||||128000.00
F03Q10000020|200308|127000.00|0|006|174|||||5.500|0.00||||||||||||||||||||127000.00
F03Q10000020|200309|126690.13|0|007|173|||||5.500|0.00||||||||||||||||||||126690.13
F03Q10000020|200310|126208.58|0|008|172|||||5.500|0.00||||||||||||||||||||126208.58
F03Q10000020|200311|125724.83|0|009|171|||||5.500|0.00||||||||||||||||||||125724.83
F03Q10000020|200312|125238.86|0|010|170|||||5.500|0.00||||||||||||||||||||125238.86
F03Q10000020|200401|124750.66|0|011|169|||||5.500|0.00||||||||||||||||||||124750.66
F03Q10000020|200402|124260.22|0|012|168|||||5.500|0.00||||||||||||||||||||124260.22
F03Q10000020|200403|123767.54|0|013|167|||||5.500|0.00||||||||||||||||||||123767.54
F03Q10000020|200404|123272.60|0|014|166|||||5.500|0.00||||||||||||||||||||123272.60
F03Q10000020|200405|122775.39|0|015|165|||||5.500|0.00||||||||||||||||||||122775.39
F03Q10000020|200406|122275.90|0|016|164|||||5.500|0.00||||||||||||||||||||122275.90
F03Q10000020|200407|121774.12|0|017|163|||||5.500|0.00||||||||||||||||||||121774.12
F03Q10000020|200408|121270.04|0|018|162|||||5.500|0.00||||||||||||||||||||121270.04
F03Q10000020|200409|120763.65|0|019|161|||||5.500|0.00||||||||||||||||||||120763.65
F03Q10000020|200410|120254.94|0|020|160|||||5.500|0.00||||||||||||||||||||120254.94
F03Q10000020|200411|119743.90|0|021|159|||||5.500|0.00||||||||||||||||||||119743.90
F03Q10000020|200412|119230.52|0|022|158|||||5.500|0.00||||||||||||||||||||119230.52
F03Q10000020|200501|118714.78|0|023|157|||||5.500|0.00||||||||||||||||||||118714.78
F03Q10000020|200502|118196.68|0|024|156|||||5.500|0.00||||||||||||||||||||118196.68
F03Q10000020|200503|117676.20|0|025|155|||||5.500|0.00||||||||||||||||||||117676.20
F03Q10000020|200504|117153.34|0|026|154|||||5.500|0.00||||||||||||||||||||117153.34
F03Q10000020|200505|116628.08|0|027|153|||||5.500|0.00||||||||||||||||||||116628.08
F03Q10000020|200506|116100.42|0|028|152|||||5.500|0.00||||||||||||||||||||116100.42
F03Q10000020|200507|115570.34|0|029|151|||||5.500|0.00||||||||||||||||||||115570.34
F03Q10000020|200508|115037.83|0|030|150|||||5.500|0.00||||||||||||||||||||115037.83
F03Q10000020|200509|114502.88|0|031|149|||||5.500|0.00||||||||||||||||||||114502.88
F03Q10000020|200510|113965.47|0|032|148|||||5.500|0.00||||||||||||||||||||113965.47
F03Q10000020|200511|113425.60|0|033|147|||||5.500|0.00||||||||||||||||||||113425.60
F03Q10000020|200512|112883.26|0|034|146|||||5.500|0.00||||||||||||||||||||112883.26
F03Q10000020|200601|112338.43|0|035|145|||||5.500|0.00||||||||||||||||||||112338.43
F03Q10000020|200602|111791.10|0|036|144|||||5.500|0.00||||||||||||||||||||111791.10
F03Q10000020|200603|111241.27|0|037|143|||||5.500|0.00||||||||||||||||||||111241.27
F03Q10000020|200604|110688.92|0|038|142|||||5.500|0.00||||||||||||||||||||110688.92
F03Q10000020|200605|110134.03|0|039|141|||||5.500|0.00||||||||||||||||||||110134.03
F03Q10000020|200606|109576.60|0|040|140|||||5.500|0.00||||||||||||||||||||109576.60
F03Q10000020|200607|109016.62|0|041|139|||||5.500|0.00||||||||||||||||||||109016.62
F03Q10000020|200608|108454.07|0|042|138|||||5.500|0.00||||||||||||||||||||108454.07
F03Q10000020|200609|107888.94|0|043|137|||||5.500|0.00||||||||||||||||||||107888.94
F03Q10000020|200610|107321.22|0|044|136|||||5.500|0.00||||||||||||||||||||107321.22
F03Q10000020|200611|106750.90|0|045|135|||||5.500|0.00||||||||||||||||||||106750.90
F03Q10000020|200612|106177.96|0|046|134|||||5.500|0.00||||||||||||||||||||106177.96
F03Q10000020|200701|105602.40|0|047|133|||||5.500|0.00||||||||||||||||||||105602.40
F03Q10000020|200702|105024.20|0|048|132|||||5.500|0.00||||||||||||||||||||105024.20
F03Q10000020|200703|104443.35|0|049|131|||||5.500|0.00||||||||||||||||||||104443.35
F03Q10000020|200704|103859.84|0|050|130|||||5.500|0.00||||||||||||||||||||103859.84
F03Q10000020|200705|103273.65|0|051|129|||||5.500|0.00||||||||||||||||||||103273.65
F03Q10000020|200706|102684.78|0|052|128|||||5.500|0.00||||||||||||||||||||102684.78
F03Q10000020|200707|102093.21|0|053|127|||||5.500|0.00||||||||||||||||||||102093.21
F03Q10000020|200708|101498.93|0|054|126|||||5.500|0.00||||||||||||||||||||101498.93
F03Q10000020|200709|100901.92|0|055|125|||||5.500|0.00||||||||||||||||||||100901.92
F03Q10000020|200710|100302.18|0|056|124|||||5.500|0.00||||||||||||||||||||100302.18
F03Q10000020|200711|99699.69|0|057|123|||||5.500|0.00||||||||||||||||||||99699.69
F03Q10000020|200712|99094.44|0|058|122|||||5.500|0.00||||||||||||||||||||99094.44
F03Q10000020|200801|98486.41|0|059|121|||||5.500|0.00||||||||||||||||||||98486.41
F03Q10000020|200802|97875.60|0|060|120|||||5.500|0.00||||||||||||||||||||97875.60
F03Q10000020|200803|97261.99|0|061|119|||||5.500|0.00||||||||||||||||||||97261.99
F03Q10000020|200804|96645.56|0|062|118|||||5.500|0.00||||||||||||||||||||96645.56
F03Q10000020|200805|96026.31|0|063|117|||||5.500|0.00||||||||||||||||||||96026.31
F03Q10000020|200806|95404.22|0|064|116|||||5.500|0.00||||||||||||||||||||95404.22
F03Q10000020|200807|94779.28|0|065|115|||||5.500|0.00||||||||||||||||||||94779.28
F03Q10000020|200808|94151.48|0|066|114|||||5.500|0.00||||||||||||||||||||94151.48
F03Q10000020|200809|93520.80|0|067|113|||||5.500|0.00||||||||||||||||||||93520.80
F03Q10000020|200810|92887.23|0|068|112|||||5.500|0.00||||||||||||||||||||92887.23
F03Q10000020|200811|92250.75|0|069|111|||||5.500|0.00||||||||||||||||||||92250.75
F03Q10000020|200812|91611.36|0|070|110|||||5.500|0.00||||||||||||||||||||91611.36
F03Q10000020|200901|90969.04|0|071|109|||||5.500|0.00||||||||||||||||||||90969.04
F03Q10000020|200902|90323.77|0|072|108|||||5.500|0.00||||||||||||||||||||90323.77
F03Q10000020|200903|89675.54|0|073|107|||||5.500|0.00||||||||||||||||||||89675.54
F03Q10000020|200904|89024.34|0|074|106|||||5.500|0.00||||||||||||||||||||89024.34
F03Q10000020|200905|88370.16|0|075|105|||||5.500|0.00||||||||||||||||||||88370.16
F03Q10000020|200906|87712.98|0|076|104|||||5.500|0.00||||||||||||||||||||87712.98
F03Q10000020|200907|87052.79|0|077|103|||||5.500|0.00||||||||||||||||||||87052.79
F03Q10000020|200908|86389.57|0|078|102|||||5.500|0.00||||||||||||||||||||86389.57
F03Q10000020|200909|85723.31|0|079|101|||||5.500|0.00||||||||||||||||||||85723.31
F03Q10000020|200910|85054.00|0|080|100|||||5.500|0.00||||||||||||||||||||85054.00
F03Q10000020|200911|84381.62|0|081|099|||||5.500|0.00||||||||||||||||||||84381.62
F03Q10000020|200912|83706.16|0|082|098|||||5.500|0.00||||||||||||||||||||83706.16
F03Q10000020|201001|83027.60|0|083|097|||||5.500|0.00||||||||||||||||||||83027.60
F03Q10000020|201002|82345.93|0|084|096|||||5.500|0.00||||||||||||||||||||82345.93
F03Q10000020|201003|81661.14|0|085|095|||||5.500|0.00||||||||||||||||||||81661.14
F03Q10000020|201004|80973.21|0|086|094|||||5.500|0.00||||||||||||||||||||80973.21
F03Q10000020|201005|80282.13|0|087|093|||||5.500|0.00||||||||||||||||||||80282.13
F03Q10000020|201006|79587.88|0|088|092|||||5.500|0.00||||||||||||||||||||79587.88
F03Q10000020|201007|78890.45|0|089|091|||||5.500|0.00||||||||||||||||||||78890.45
F03Q10000020|201008|78189.82|0|090|090|||||5.500|0.00||||||||||||||||||||78189.82
F03Q10000020|201009|77485.98|0|091|089|||||5.500|0.00||||||||||||||||||||77485.98
F03Q10000020|201010|76778.91|0|092|088|||||5.500|0.00||||||||||||||||||||76778.91
F03Q10000020|201011|76068.60|0|093|087|||||5.500|0.00||||||||||||||||||||76068.60
F03Q10000020|201012|75355.04|0|094|086|||||5.500|0.00||||||||||||||||||||75355.04
F03Q10000020|201101|74638.21|0|095|085|||||5.500|0.00||||||||||||||||||||74638.21
F03Q10000020|201102|73918.09|0|096|084|||||5.500|0.00||||||||||||||||||||73918.09
F03Q10000020|201103|73194.67|0|097|083|||||5.500|0.00||||||||||||||||||||73194.67
F03Q10000020|201104|72467.94|0|098|082|||||5.500|0.00||||||||||||||||||||72467.94
F03Q10000020|201105|71737.87|0|099|081|||||5.500|0.00||||||||||||||||||||71737.87
F03Q10000020|201106|71004.46|0|100|080|||||5.500|0.00||||||||||||||||||||71004.46
F03Q10000020|201107|70267.69|0|101|079|||||5.500|0.00||||||||||||||||||||70267.69
F03Q10000020|201108|69527.54|0|102|078|||||5.500|0.00||||||||||||||||||||69527.54
F03Q10000020|201109|68784.00|0|103|077|||||5.500|0.00||||||||||||||||||||68784.00
F03Q10000020|201110|68037.05|0|104|076|||||5.500|0.00||||||||||||||||||||68037.05
F03Q10000020|201111|67286.68|0|105|075|||||5.500|0.00||||||||||||||||||||67286.68
F03Q10000020|201112|66532.87|0|106|074|||||5.500|0.00||||||||||||||||||||66532.87
F03Q10000020|201201|0.00|0|107|073|||01|201201|5.500|0.00|||||||||||||||66532.87|||||0.00
F03Q10000161|200302|69000.00|0|000|180|||||5.375|0.00||||||||||||||||||||69000.00
F03Q10000161|200303|68000.00|0|001|179|||||5.375|0.00||||||||||||||||||||68000.00
F03Q10000161|200304|68000.00|0|002|178|||||5.375|0.00||||||||||||||||||||68000.00
F03Q10000161|200305|68000.00|0|003|177|||||5.375|0.00||||||||||||||||||||68000.00
F03Q10000161|200306|67000.00|0|004|176|||||5.375|0.00||||||||||||||||||||67000.00
F03Q10000161|200307|67000.00|0|005|175|||||5.375|0.00||||||||||||||||||||67000.00
F03Q10000161|200308|67000.00|0|006|174|||||5.375|0.00||||||||||||||||||||67000.00
F03Q10000161|200309|66738.02|0|007|173|||||5.375|0.00||||||||||||||||||||66738.02
F03Q10000161|200310|66481.78|0|008|172|||||5.375|0.00||||||||||||||||||||66481.78
F03Q10000161|200311|66224.39|0|009|171|||||5.375|0.00||||||||||||||||||||66224.39
F03Q10000161|200312|65965.85|0|010|170|||||5.375|0.00||||||||||||||||||||65965.85
F03Q10000161|200401|65706.15|0|011|169|||||5.375|0.00||||||||||||||||||||65706.15
F03Q10000161|200402|65445.29|0|012|168|||||5.375|0.00||||||||||||||||||||65445.29
F03Q10000161|200403|65183.26|0|013|167|||||5.375|0.00||||||||||||||||||||65183.26
F03Q10000161|200404|64920.06|0|014|166|||||5.375|0.00||||||||||||||||||||64920.06
F03Q10000161|200405|64655.68|0|015|165|||||5.375|0.00||||||||||||||||||||64655.68
F03Q10000161|200406|64390.11|0|016|164|||||5.375|0.00||||||||||||||||||||64390.11
F03Q10000161|200407|64123.35|0|017|163|||||5.375|0.00||||||||||||||||||||64123.35
F03Q10000161|200408|63855.40|0|018|162|||||5.375|0.00||||||||||||||||||||63855.40
F03Q10000161|200409|63586.25|0|019|161|||||5.375|0.00||||||||||||||||||||63586.25
F03Q10000161|200410|63315.89|0|020|160|||||5.375|0.00||||||||||||||||||||63315.89
F03Q10000161|200411|63044.32|0|021|159|||||5.375|0.00||||||||||||||||||||63044.32
F03Q10000161|200412|62771.54|0|022|158|||||5.375|0.00||||||||||||||||||||62771.54
F03Q10000161|200501|62497.53|0|023|157|||||5.375|0.00||||||||||||||||||||62497.53
F03Q10000161|200502|62222.30|0|024|156|||||5.375|0.00||||||||||||||||||||62222.30
F03Q10000161|200503|61945.83|0|025|155|||||5.375|0.00||||||||||||||||||||61945.83
F03Q10000161|200504|61668.13|0|026|154|||||5.375|0.00||||||||||||||||||||61668.13
F03Q10000161|200505|61389.18|0|027|153|||||5.375|0.00||||||||||||||||||||61389.18
F03Q10000161|200506|61108.78|0|028|152|||||5.375|0.00||||||||||||||||||||61108.78
F03Q10000161|200507|60827.33|0|029|151|||||5.375|0.00||||||||||||||||||||60827.33
F03Q10000161|200508|60544.62|0|030|150|||||5.375|0.00||||||||||||||||||||60544.62
F03Q10000161|200509|60260.64|0|031|149|||||5.375|0.00||||||||||||||||||||60260.64
F03Q10000161|200510|59975.39|0|032|148|||||5.375|0.00||||||||||||||||||||59975.39
F03Q10000161|200511|59688.86|0|033|147|||||5.375|0.00||||||||||||||||||||59688.86
F03Q10000161|200512|59401.05|0|034|146|||||5.375|0.00||||||||||||||||||||59401.05
F03Q10000161|200601|59111.95|0|035|145|||||5.375|0.00||||||||||||||||||||59111.95
F03Q10000161|200602|58821.55|0|036|144|||||5.375|0.00||||||||||||||||||||58821.55
F03Q10000161|200603|58529.85|0|037|143|||||5.375|0.00||||||||||||||||||||58529.85
F03Q10000161|200604|58236.84|0|038|142|||||5.375|0.00||||||||||||||||||||58236.84
F03Q10000161|200605|57942.52|0|039|141|||||5.375|0.00||||||||||||||||||||57942.52
F03Q10000161|200606|57646.88|0|040|140|||||5.375|0.00||||||||||||||||||||57646.88
F03Q10000161|200607|57349.92|0|041|139|||||5.375|0.00||||||||||||||||||||57349.92
F03Q10000161|200608|57051.63|0|042|138|||||5.375|0.00||||||||||||||||||||57051.63
F03Q10000161|200609|56752.00|0|043|137|||||5.375|0.00||||||||||||||||||||56752.00
F03Q10000161|200610|56451.03|0|044|136|||||5.375|0.00||||||||||||||||||||56451.03
F03Q10000161|200611|56148.71|0|045|135|||||5.375|0.00||||||||||||||||||||56148.71
F03Q10000161|200612|55845.04|0|046|134|||||5.375|0.00||||||||||||||||||||55845.04
F03Q10000161|200701|55540.01|0|047|133|||||5.375|0.00||||||||||||||||||||55540.01
F03Q10000161|200702|55233.61|0|048|132|||||5.375|0.00||||||||||||||||||||55233.61
F03Q10000161|200703|54925.84|0|049|131|||||5.375|0.00||||||||||||||||||||54925.84
F03Q10000161|200704|54616.69|0|050|130|||||5.375|0.00||||||||||||||||||||54616.69
F03Q10000161|200705|54306.16|0|051|129|||||5.375|0.00||||||||||||||||||||54306.16
F03Q10000161|200706|53994.24|0|052|128|||||5.375|0.00||||||||||||||||||||53994.24
F03Q10000161|200707|53680.92|0|053|127|||||5.375|0.00||||||||||||||||||||53680.92
F03Q10000161|200708|53366.20|0|054|126|||||5.375|0.00||||||||||||||||||||53366.20
F03Q10000161|200709|53050.07|0|055|125|||||5.375|0.00||||||||||||||||||||53050.07
F03Q10000161|200710|52732.52|0|056|124|||||5.375|0.00||||||||||||||||||||52732.52
F03Q10000161|200711|52413.55|0|057|123|||||5.375|0.00||||||||||||||||||||52413.55
F03Q10000161|200712|52093.15|0|058|122|||||5.375|0.00||||||||||||||||||||52093.15
F03Q10000161|200801|51771.31|0|059|121|||||5.375|0.00||||||||||||||||||||51771.31
F03Q10000161|200802|51448.03|0|060|120|||||5.375|0.00||||||||||||||||||||51448.03
F03Q10000161|200803|51123.30|0|061|119|||||5.375|0.00||||||||||||||||||||51123.30
F03Q10000161|200804|50797.12|0|062|118|||||5.375|0.00||||||||||||||||||||50797.12
F03Q10000161|200805|50469.48|0|063|117|||||5.375|0.00||||||||||||||||||||50469.48
F03Q10000161|200806|50469.48|0|064|116|||||5.375|0.00||||||||||||||||||||50469.48
F03Q10000161|200807|49477.73|0|065|115|||||5.375|0.00||||||||||||||||||||49477.73
F03Q10000161|200808|49477.73|0|066|114|||||5.375|0.00||||||||||||||||||||49477.73
F03Q10000161|200809|49144.18|0|067|113|||||5.375|0.00||||||||||||||||||||49144.18
F03Q10000161|200810|48809.13|0|068|112|||||5.375|0.00||||||||||||||||||||48809.13
F03Q10000161|200811|48472.58|0|069|111|||||5.375|0.00||||||||||||||||||||48472.58
F03Q10000161|200812|48134.53|0|070|110|||||5.375|0.00||||||||||||||||||||48134.53
F03Q10000161|200901|47794.96|0|071|109|||||5.375|0.00||||||||||||||||||||47794.96
F03Q10000161|200902|47453.87|0|072|108|||||5.375|0.00||||||||||||||||||||47453.87
F03Q10000161|200903|47111.25|0|073|107|||||5.375|0.00||||||||||||||||||||47111.25
F03Q10000161|200904|46767.10|0|074|106|||||5.375|0.00||||||||||||||||||||46767.10
F03Q10000161|200905|46421.41|0|075|105|||||5.375|0.00||||||||||||||||||||46421.41
F03Q10000161|200906|46074.17|0|076|104|||||5.375|0.00||||||||||||||||||||46074.17
F03Q10000161|200907|45725.37|0|077|103|||||5.375|0.00||||||||||||||||||||45725.37
F03Q10000161|200908|45375.01|0|078|102|||||5.375|0.00||||||||||||||||||||45375.01
F03Q10000161|200909|45023.08|0|079|101|||||5.375|0.00||||||||||||||||||||45023.08
F03Q10000161|200910|44669.58|0|080|100|||||5.375|0.00||||||||||||||||||||44669.58
F03Q10000161|200911|44314.49|0|081|099|||||5.375|0.00||||||||||||||||||||44314.49
F03Q10000161|200912|43957.81|0|082|098|||||5.375|0.00||||||||||||||||||||43957.81
F03Q10000161|201001|43599.53|0|083|097|||||5.375|0.00||||||||||||||||||||43599.53
F03Q10000161|201002|43239.65|0|084|096|||||5.375|0.00||||||||||||||||||||43239.65
F03Q10000161|201003|42878.16|0|085|095|||||5.375|0.00||||||||||||||||||||42878.16
F03Q10000161|201004|42515.05|0|086|094|||||5.375|0.00||||||||||||||||||||42515.05
F03Q10000161|201005|42150.31|0|087|093|||||5.375|0.00||||||||||||||||||||42150.31
F03Q10000161|201006|41783.94|0|088|092|||||5.375|0.00||||||||||||||||||||41783.94
F03Q10000161|201007|41415.93|0|089|091|||||5.375|0.00||||||||||||||||||||41415.93
F03Q10000161|201008|41046.27|0|090|090|||||5.375|0.00||||||||||||||||||||41046.27
F03Q10000161|201009|40674.95|0|091|089|||||5.375|0.00||||||||||||||||||||40674.95
F03Q10000161|201010|40301.97|0|092|088|||||5.375|0.00||||||||||||||||||||40301.97
F03Q10000161|201011|39927.32|0|093|087|||||5.375|0.00||||||||||||||||||||39927.32
F03Q10000161|201012|39550.99|0|094|086|||||5.375|0.00||||||||||||||||||||39550.99
F03Q10000161|201101|39172.98|0|095|085|||||5.375|0.00||||||||||||||||||||39172.98
F03Q10000161|201102|38793.27|0|096|084|||||5.375|0.00||||||||||||||||||||38793.27
F03Q10000161|201103|38411.86|0|097|083|||||5.375|0.00||||||||||||||||||||38411.86
F03Q10000161|201104|38028.74|0|098|082|||||5.375|0.00||||||||||||||||||||38028.74
F03Q10000161|201105|37643.91|0|099|081|||||5.375|0.00||||||||||||||||||||37643.91
F03Q10000161|201106|37257.35|0|100|080|||||5.375|0.00||||||||||||||||||||37257.35
F03Q10000161|201107|36869.06|0|101|079|||||5.375|0.00||||||||||||||||||||36869.06
F03Q10000161|201108|36479.03|0|102|078|||||5.375|0.00||||||||||||||||||||36479.03
F03Q10000161|201109|36087.26|0|103|077|||||5.375|0.00||||||||||||||||||||36087.26
F03Q10000161|201110|35693.73|0|104|076|||||5.375|0.00||||||||||||||||||||35693.73
F03Q10000161|201111|35298.44|0|105|075|||||5.375|0.00||||||||||||||||||||35298.44
F03Q10000161|201112|34901.38|0|106|074|||||5.375|0.00||||||||||||||||||||34901.38
F03Q10000161|201201|34502.54|0|107|073|||||5.375|0.00||||||||||||||||||||34502.54
F03Q10000161|201202|34101.91|0|108|072|||||5.375|0.00||||||||||||||||||||34101.91
F03Q10000161|201203|33699.49|0|109|071|||||5.375|0.00||||||||||||||||||||33699.49
F03Q10000161|201204|33295.27|0|110|070|||||5.375|0.00||||||||||||||||||||33295.27
F03Q10000161|201205|32889.24|0|111|069|||||5.375|0.00||||||||||||||||||||32889.24
F03Q10000161|201206|32481.39|0|112|068|||||5.375|0.00||||||||||||||||||||32481.39
F03Q10000161|201207|32071.71|0|113|067|||||5.375|0.00||||||||||||||||||||32071.71
F03Q10000161|201208|31660.19|0|114|066|||||5.375|0.00||||||||||||||||||||31660.19
F03Q10000161|201209|31246.83|0|115|065|||||5.375|0.00||||||||||||||||||||31246.83
F03Q10000161|201210|30831.62|0|116|064|||||5.375|0.00||||||||||||||||||||30831.62
F03Q10000161|201211|30414.55|0|117|063|||||5.375|0.00||||||||||||||||||||30414.55
F03Q10000161|201212|29995.61|0|118|062|||||5.375|0.00||||||||||||||||||||29995.61
F03Q10000161|201301|29574.80|0|119|061|||||5.375|0.00||||||||||||||||||||29574.80
F03Q10000161|201302|29152.10|0|120|060|||||5.375|0.00||||||||||||||||||||29152.10
F03Q10000161|201303|28727.51|0|121|059|||||5.375|0.00||||||||||||||||||||28727.51
F03Q10000161|201304|28301.02|0|122|058|||||5.375|0.00||||||||||||||||||||28301.02
F03Q10000161|201305|27872.61|0|123|057|||||5.375|0.00||||||||||||||||||||27872.61
F03Q10000161|201306|27442.29|0|124|056|||||5.375|0.00||||||||||||||||||||27442.29
F03Q10000161|201307|27010.04|0|125|055|||||5.375|0.00||||||||||||||||||||27010.04
F03Q10000161|201308|26575.85|0|126|054|||||5.375|0.00||||||||||||||||||||26575.85
F03Q10000161|201309|26139.72|0|127|053|||||5.375|0.00||||||||||||||||||||26139.72
F03Q10000161|201310|25701.63|0|128|052|||||5.375|0.00||||||||||||||||||||25701.63
F03Q10000161|201311|25261.58|0|129|051|||||5.375|0.00||||||||||||||||||||25261.58
F03Q10000161|201312|24819.56|0|130|050|||||5.375|0.00||||||||||||||||||||24819.56
F03Q10000161|201401|24375.56|0|131|049|||||5.375|0.00||||||||||||||||||||24375.56
F03Q10000161|201402|23929.57|0|132|048|||||5.375|0.00||||||||||||||||||||23929.57
F03Q10000161|201403|23481.58|0|133|047|||||5.375|0.00||||||||||||||||||||23481.58
F03Q10000161|201404|23031.59|0|134|046|||||5.375|0.00||||||||||||||||||||23031.59
F03Q10000161|201405|22579.58|0|135|045|||||5.375|0.00||||||||||||||||||||22579.58
F03Q10000161|201406|22125.55|0|136|044|||||5.375|0.00||||||||||||||||||||22125.55
F03Q10000161|201407|21669.48|0|137|043|||||5.375|0.00||||||||||||||||||||21669.48
F03Q10000161|201408|21211.37|0|138|042|||||5.375|0.00||||||||||||||||||||21211.37
F03Q10000161|201409|20751.21|0|139|041|||||5.375|0.00||||||||||||||||||||20751.21
F03Q10000161|201410|20288.99|0|140|040|||||5.375|0.00||||||||||||||||||||20288.99
F03Q10000161|201411|19824.70|0|141|039|||||5.375|0.00||||||||||||||||||||19824.70
F03Q10000161|201412|19358.33|0|142|038|||||5.375|0.00||||||||||||||||||||19358.33
F03Q10000161|201501|18889.87|0|143|037|||||5.375|0.00||||||||||||||||||||18889.87
F03Q10000161|201502|18419.31|0|144|036|||||5.375|0.00||||||||||||||||||||18419.31
F03Q10000161|201503|17946.64|0|145|035|||||5.375|0.00||||||||||||||||||||17946.64
F03Q10000161|201504|17471.86|0|146|034|||||5.375|0.00||||||||||||||||||||17471.86
F03Q10000161|201505|16994.95|0|147|033|||||5.375|0.00||||||||||||||||||||16994.95
F03Q10000161|201506|16515.90|0|148|032|||||5.375|0.00||||||||||||||||||||16515.90
F03Q10000161|201507|16034.71|0|149|031|||||5.375|0.00||||||||||||||||||||16034.71
F03Q10000161|201508|15551.36|0|150|030|||||5.375|0.00||||||||||||||||||||15551.36
F03Q10000161|201509|15065.85|0|151|029|||||5.375|0.00||||||||||||||||||||15065.85
F03Q10000161|201510|14578.16|0|152|028|||||5.375|0.00||||||||||||||||||||14578.16
F03Q10000161|201511|14088.29|0|153|027|||||5.375|0.00||||||||||||||||||||14088.29
F03Q10000161|201512|13596.22|0|154|026|||||5.375|0.00||||||||||||||||||||13596.22
F03Q10000161|201601|13101.95|0|155|025|||||5.375|0.00||||||||||||||||||||13101.95
F03Q10000161|201602|12605.47|0|156|024|||||5.375|0.00||||||||||||||||||||12605.47
F03Q10000161|201603|12106.76|0|157|023|||||5.375|0.00||||||||||||||||||||12106.76
F03Q10000161|201604|11605.82|0|158|022|||||5.375|0.00||||||||||||||||||||11605.82
F03Q10000161|201605|11102.63|0|159|021|||||5.375|0.00||||||||||||||||||||11102.63
F03Q10000161|201606|10597.19|0|160|020|||||5.375|0.00||||||||||||||||||||10597.19
F03Q10000161|201607|10089.49|0|161|019|||||5.375|0.00||||||||||||||||||||10089.49
F03Q10000161|201608|9579.51|0|162|018|||||5.375|0.00||||||||||||||||||||9579.51
F03Q10000161|201609|9067.25|0|163|017|||||5.375|0.00||||||||||||||||||||9067.25
F03Q10000161|201610|8552.69|0|164|016|||||5.375|0.00||||||||||||||||||||8552.69
F03Q10000161|201611|8035.83|0|165|015|||||5.375|0.00||||||||||||||||||||8035.83
F03Q10000161|201612|7516.65|0|166|014|||||5.375|0.00||||||||||||||||||||7516.65
F03Q10000161|201701|6995.15|0|167|013|||||5.375|0.00||||||||||||||||||||6995.15
F03Q10000161|201702|6471.31|0|168|012|||||5.375|0.00||||||||||||||||||||6471.31
F03Q10000161|201703|5945.13|0|169|011|||||5.375|0.00||||||||||||||||||||5945.13
F03Q10000161|201704|5416.59|0|170|010|||||5.375|0.00||||||||||||||4||||||5416.59
F03Q10000161|201705|4885.68|0|171|009|||||5.375|0.00||||||||||||||3||||||4885.68
F03Q10000161|201706|4352.39|0|172|008|||||5.375|0.00||||||||||||||3||||||4352.39
F03Q10000161|201707|3816.72|0|173|007|||||5.375|0.00||||||||||||||3||||||3816.72
F03Q10000161|201708|3278.65|0|174|006|||||5.375|0.00||||||||||||||2||||||3278.65
F03Q10000161|201709|2738.17|0|175|005|||||5.375|0.00||||||||||||||2||||||2738.17
F03Q10000161|201710|2195.26|0|176|004|||||5.375|0.00||||||||||||||1||||||2195.26
F03Q10000161|201711|1649.92|0|177|003|||||5.375|0.00||||||||||||||1||||||1649.92
F03Q10000161|201712|1102.14|0|178|002|||||5.375|0.00||||||||||||||1||||||1102.14
F03Q10000161|201801|0.00|0|179|001|||01|201801|5.375|0.00||||||||||||||999|1102.14|||||0.00
F03Q10000206|200302|25000.00|0|000|360|||||6.250|0.00||||||||||||||||||||25000.00
F03Q10000206|200303|25000.00|0|001|359|||||6.250|0.00||||||||||||||||||||25000.00
F03Q10000206|200304|25000.00|0|002|358|||||6.250|0.00||||||||||||||||||||25000.00
F03Q10000206|200305|25000.00|0|003|357|||||6.250|0.00||||||||||||||||||||25000.00
F03Q10000206|200306|25000.00|0|004|356|||||6.250|0.00||||||||||||||||||||25000.00
F03Q10000206|200307|25000.00|0|005|355|||||6.250|0.00||||||||||||||||||||25000.00
F03Q10000206|200308|25000.00|0|006|354|||||6.250|0.00||||||||||||||||||||25000.00
F03Q10000206|200309|24831.33|0|007|353|||||6.250|0.00||||||||||||||||||||24831.33
F03Q10000206|200310|24806.73|0|008|352|||||6.250|0.00||||||||||||||||||||24806.73
F03Q10000206|200311|24782.00|0|009|351|||||6.250|0.00||||||||||||||||||||24782.00
F03Q10000206|200312|24757.14|0|010|350|||||6.250|0.00||||||||||||||||||||24757.14
F03Q10000206|200401|24732.15|0|011|349|||||6.250|0.00||||||||||||||||||||24732.15
F03Q10000206|200402|24707.03|0|012|348|||||6.250|0.00||||||||||||||||||||24707.03
F03Q10000206|200403|24681.78|0|013|347|||||6.250|0.00||||||||||||||||||||24681.78
F03Q10000206|200404|24656.40|0|014|346|||||6.250|0.00||||||||||||||||||||24656.40
F03Q10000206|200405|24630.89|0|015|345|||||6.250|0.00||||||||||||||||||||24630.89
F03Q10000206|200406|24605.25|0|016|344|||||6.250|0.00||||||||||||||||||||24605.25
F03Q10000206|200407|24579.47|0|017|343|||||6.250|0.00||||||||||||||||||||24579.47
F03Q10000206|200408|0.00|0|018|342|||01|200408|6.250|0.00|||||||||||||||24579.47|||||0.00
F03Q10000215|200303|79000.00|0|000|180|||||5.500|0.00||||||||||||||||||||79000.00
F03Q10000215|200304|79000.00|0|001|179|||||5.500|0.00||||||||||||||||||||79000.00
F03Q10000215|200305|78000.00|0|002|178|||||5.500|0.00||||||||||||||||||||78000.00
F03Q10000215|200306|78000.00|0|003|177|||||5.500|0.00||||||||||||||||||||78000.00
F03Q10000215|200307|78000.00|0|004|176|||||5.500|0.00||||||||||||||||||||78000.00
F03Q10000215|200308|78000.00|0|005|175|||||5.500|0.00||||||||||||||||||||78000.00
F03Q10000215|200309|77000.00|0|006|174|||||5.500|0.00||||||||||||||||||||77000.00
F03Q10000215|200310|76988.59|0|007|173|||||5.500|0.00||||||||||||||||||||76988.59
F03Q10000215|200311|76695.95|0|008|172|||||5.500|0.00||||||||||||||||||||76695.95
F03Q10000215|200312|76401.97|0|009|171|||||5.500|0.00||||||||||||||||||||76401.97
F03Q10000215|200401|76106.65|0|010|170|||||5.500|0.00||||||||||||||||||||76106.65
F03Q10000215|200402|75809.97|0|011|169|||||5.500|0.00||||||||||||||||||||75809.97
F03Q10000215|200403|75511.93|0|012|168|||||5.500|0.00||||||||||||||||||||75511.93
F03Q10000215|200404|75212.53|0|013|167|||||5.500|0.00||||||||||||||||||||75212.53
F03Q10000215|200405|74911.75|0|014|166|||||5.500|0.00||||||||||||||||||||74911.75
F03Q10000215|200406|74609.60|0|015|165|||||5.500|0.00||||||||||||||||||||74609.60
F03Q10000215|200407|74306.06|0|016|164|||||5.500|0.00||||||||||||||||||||74306.06
F03Q10000215|200408|74001.13|0|017|163|||||5.500|0.00||||||||||||||||||||74001.13
F03Q10000215|200409|73694.80|0|018|162|||||5.500|0.00||||||||||||||||||||73694.80
F03Q10000215|200410|73387.07|0|019|161|||||5.500|0.00||||||||||||||||||||73387.07
F03Q10000215|200411|73077.93|0|020|160|||||5.500|0.00||||||||||||||||||||73077.93
F03Q10000215|200412|72767.37|0|021|159|||||5.500|0.00||||||||||||||||||||72767.37
F03Q10000215|200501|72455.39|0|022|158|||||5.500|0.00||||||||||||||||||||72455.39
F03Q10000215|200502|72141.98|0|023|157|||||5.500|0.00||||||||||||||||||||72141.98
F03Q10000215|200503|71827.13|0|024|156|||||5.500|0.00||||||||||||||||||||71827.13
F03Q10000215|200504|71510.84|0|025|155|||||5.500|0.00||||||||||||||||||||71510.84
F03Q10000215|200505|71193.10|0|026|154|||||5.500|0.00||||||||||||||||||||71193.10
F03Q10000215|200506|70873.90|0|027|153|||||5.500|0.00||||||||||||||||||||70873.90
F03Q10000215|200507|70553.24|0|028|152|||||5.500|0.00||||||||||||||||||||70553.24
F03Q10000215|200508|70231.11|0|029|151|||||5.500|0.00||||||||||||||||||||70231.11
F03Q10000215|200509|69907.50|0|030|150|||||5.500|0.00||||||||||||||||||||69907.50
F03Q10000215|200510|69582.41|0|031|149|||||5.500|0.00||||||||||||||||||||69582.41
F03Q10000215|200511|69255.83|0|032|148|||||5.500|0.00||||||||||||||||||||69255.83
F03Q10000215|200512|68927.75|0|033|147|||||5.500|0.00||||||||||||||||||||68927.75
F03Q10000215|200601|68598.17|0|034|146|||||5.500|0.00||||||||||||||||||||68598.17
F03Q10000215|200602|68267.08|0|035|145|||||5.500|0.00||||||||||||||||||||68267.08
F03Q10000215|200603|67934.47|0|036|144|||||5.500|0.00||||||||||||||||||||67934.47
F03Q10000215|200604|67600.34|0|037|143|||||5.500|0.00||||||||||||||||||||67600.34
F03Q10000215|200605|67264.67|0|038|142|||||5.500|0.00||||||||||||||||||||67264.67
F03Q10000215|200606|66927.47|0|039|141|||||5.500|0.00||||||||||||||||||||66927.47
F03Q10000215|200607|66588.72|0|040|140|||||5.500|0.00||||||||||||||||||||66588.72
F03Q10000215|200608|66248.42|0|041|139|||||5.500|0.00||||||||||||||||||||66248.42
F03Q10000215|200609|65906.56|0|042|138|||||5.500|0.00||||||||||||||||||||65906.56
F03Q10000215|200610|65563.13|0|043|137|||||5.500|0.00||||||||||||||||||||65563.13
F03Q10000215|200611|65218.13|0|044|136|||||5.500|0.00||||||||||||||||||||65218.13
F03Q10000215|200612|64871.55|0|045|135|||||5.500|0.00||||||||||||||||||||64871.55
F03Q10000215|200701|64523.38|0|046|134|||||5.500|0.00||||||||||||||||||||64523.38
F03Q10000215|200702|64173.61|0|047|133|||||5.500|0.00||||||||||||||||||||64173.61
F03Q10000215|200703|63822.24|0|048|132|||||5.500|0.00||||||||||||||||||||63822.24
F03Q10000215|200704|63469.26|0|049|131|||||5.500|0.00||||||||||||||||||||63469.26
F03Q10000215|200705|63114.66|0|050|130|||||5.500|0.00||||||||||||||||||||63114.66
F03Q10000215|200706|62758.44|0|051|129|||||5.500|0.00||||||||||||||||||||62758.44
F03Q10000215|200707|62400.58|0|052|128|||||5.500|0.00||||||||||||||||||||62400.58
F03Q10000215|200708|62041.08|0|053|127|||||5.500|0.00||||||||||||||||||||62041.08
F03Q10000215|200709|61679.93|0|054|126|||||5.500|0.00||||||||||||||||||||61679.93
F03Q10000215|200710|61317.13|0|055|125|||||5.500|0.00||||||||||||||||||||61317.13
F03Q10000215|200711|60952.67|0|056|124|||||5.500|0.00||||||||||||||||||||60952.67
F03Q10000215|200712|60586.54|0|057|123|||||5.500|0.00||||||||||||||||||||60586.54
F03Q10000215|200801|60218.73|0|058|122|||||5.500|0.00||||||||||||||||||||60218.73
F03Q10000215|200802|59849.23|0|059|121|||||5.500|0.00||||||||||||||||||||59849.23
F03Q10000215|200803|59478.04|0|060|120|||||5.500|0.00||||||||||||||||||||59478.04
F03Q10000215|200804|59105.15|0|061|119|||||5.500|0.00||||||||||||||||||||59105.15
F03Q10000215|200805|58730.55|0|062|118|||||5.500|0.00||||||||||||||||||||58730.55
F03Q10000215|200806|58354.23|0|063|117|||||5.500|0.00||||||||||||||||||||58354.23
F03Q10000215|200807|57976.19|0|064|116|||||5.500|0.00||||||||||||||||||||57976.19
F03Q10000215|200808|57596.41|0|065|115|||||5.500|0.00||||||||||||||||||||57596.41
F03Q10000215|200809|57214.89|0|066|114|||||5.500|0.00||||||||||||||||||||57214.89
F03Q10000215|200810|56831.62|0|067|113|||||5.500|0.00||||||||||||||||||||56831.62
F03Q10000215|200811|56446.60|0|068|112|||||5.500|0.00||||||||||||||||||||56446.60
F03Q10000215|200812|56059.81|0|069|111|||||5.500|0.00||||||||||||||||||||56059.81
F03Q10000215|200901|55671.25|0|070|110|||||5.500|0.00||||||||||||||||||||55671.25
F03Q10000215|200902|55280.91|0|071|109|||||5.500|0.00||||||||||||||||||||55280.91
F03Q10000215|200903|54888.78|0|072|108|||||5.500|0.00||||||||||||||||||||54888.78
F03Q10000215|200904|54494.85|0|073|107|||||5.500|0.00||||||||||||||||||||54494.85
F03Q10000215|200905|54099.12|0|074|106|||||5.500|0.00||||||||||||||||||||54099.12
F03Q10000215|200906|53701.57|0|075|105|||||5.500|0.00||||||||||||||||||||53701.57
F03Q10000215|200907|53302.20|0|076|104|||||5.500|0.00||||||||||||||||||||53302.20
F03Q10000215|200908|52901.00|0|077|103|||||5.500|0.00||||||||||||||||||||52901.00
F03Q10000215|200909|52497.96|0|078|102|||||5.500|0.00||||||||||||||||||||52497.96
F03Q10000215|200910|52093.08|0|079|101|||||5.500|0.00||||||||||||||||||||52093.08
F03Q10000215|200911|51686.34|0|080|100|||||5.500|0.00||||||||||||||||||||51686.34
F03Q10000215|200912|51277.74|0|081|099|||||5.500|0.00||||||||||||||||||||51277.74
F03Q10000215|201001|50867.26|0|082|098|||||5.500|0.00||||||||||||||||||||50867.26
F03Q10000215|201002|50454.90|0|083|097|||||5.500|0.00||||||||||||||||||||50454.90
F03Q10000215|201003|50040.65|0|084|096|||||5.500|0.00||||||||||||||||||||50040.65
F03Q10000215|201004|49624.50|0|085|095|||||5.500|0.00||||||||||||||||||||49624.50
F03Q10000215|201005|49206.45|0|086|094|||||5.500|0.00||||||||||||||||||||49206.45
F03Q10000215|201006|48786.48|0|087|093|||||5.500|0.00||||||||||||||||||||48786.48
F03Q10000215|201007|48364.58|0|088|092|||||5.500|0.00||||||||||||||||||||48364.58
F03Q10000215|201008|0.00|0|089|091|||01|201008|5.500|0.00|||||||||||||||48364.58|||||0.00
F03Q10000374|200303|90000.00|0|000|360|||||6.250|0.00||||||||||||||||||||90000.00
F03Q10000374|200304|90000.00|0|001|359|||||6.250|0.00||||||||||||||||||||90000.00
F03Q10000374|200305|90000.00|0|002|358|||||6.250|0.00||||||||||||||||||||90000.00
F03Q10000374|200306|90000.00|0|003|357|||||6.250|0.00||||||||||||||||||||90000.00
F03Q10000374|200307|90000.00|0|004|356|||||6.250|0.00||||||||||||||||||||90000.00
F03Q10000374|200308|90000.00|0|005|355|||||6.250|0.00||||||||||||||||||||90000.00
F03Q10000374|200309|89000.00|0|006|354|||||6.250|0.00||||||||||||||||||||89000.00
F03Q10000374|200310|89392.79|0|007|353|||||6.250|0.00||||||||||||||||||||89392.79
F03Q10000374|200311|89304.23|0|008|352|||||6.250|0.00||||||||||||||||||||89304.23
F03Q10000374|200312|89215.21|0|009|351|||||6.250|0.00||||||||||||||||||||89215.21
F03Q10000374|200401|89125.72|0|010|350|||||6.250|0.00||||||||||||||||||||89125.72
F03Q10000374|200402|89035.77|0|011|349|||||6.250|0.00||||||||||||||||||||89035.77
F03Q10000374|200403|88945.35|0|012|348|||||6.250|0.00||||||||||||||||||||88945.35
F03Q10000374|200404|88854.46|0|013|347|||||6.250|0.00||||||||||||||||||||88854.46
F03Q10000374|200405|88763.09|0|014|346|||||6.250|0.00||||||||||||||||||||88763.09
F03Q10000374|200406|88671.25|0|015|345|||||6.250|0.00||||||||||||||||||||88671.25
F03Q10000374|200407|88578.93|0|016|344|||||6.250|0.00||||||||||||||||||||88578.93
F03Q10000374|200408|88486.13|0|017|343|||||6.250|0.00||||||||||||||||||||88486.13
F03Q10000374|200409|88392.85|0|018|342|||||6.250|0.00||||||||||||||||||||88392.85
F03Q10000374|200410|88299.08|0|019|341|||||6.250|0.00||||||||||||||||||||88299.08
F03Q10000374|200411|88204.82|0|020|340|||||6.250|0.00||||||||||||||||||||88204.82
F03Q10000374|200412|88110.07|0|021|339|||||6.250|0.00||||||||||||||||||||88110.07
F03Q10000374|200501|88014.83|0|022|338|||||6.250|0.00||||||||||||||||||||88014.83
F03Q10000374|200502|87919.09|0|023|337|||||6.250|0.00||||||||||||||||||||87919.09
F03Q10000374|200503|87822.85|0|024|336|||||6.250|0.00||||||||||||||||||||87822.85
F03Q10000374|200504|87726.11|0|025|335|||||6.250|0.00||||||||||||||||||||87726.11
F03Q10000374|200505|87628.87|0|026|334|||||6.250|0.00||||||||||||||||||||87628.87
F03Q10000374|200506|87531.12|0|027|333|||||6.250|0.00||||||||||||||||||||87531.12
F03Q10000374|200507|0.00|0|028|332|||01|200507|6.250|0.00|||||||||||||||87531.12|||||0.00
F03Q10000539|200302|154000.00|0|000|180|||||5.250|0.00||||||||||||||||||||154000.00
F03Q10000539|200303|153000.00|0|001|179|||||5.250|0.00||||||||||||||||||||153000.00
F03Q10000539|200304|153000.00|0|002|178|||||5.250|0.00||||||||||||||||||||153000.00
F03Q10000539|200305|152000.00|0|003|177|||||5.250|0.00||||||||||||||||||||152000.00
F03Q10000539|200306|152000.00|0|004|176|||||5.250|0.00||||||||||||||||||||152000.00
F03Q10000539|200307|151000.00|0|005|175|||||5.250|0.00||||||||||||||||||||151000.00
F03Q10000539|200308|151000.00|0|006|174|||||5.250|0.00||||||||||||||||||||151000.00
F03Q10000539|200309|149998.24|0|007|173|||||5.250|0.00||||||||||||||||||||149998.24
F03Q10000539|200310|149354.48|0|008|172|||||5.250|0.00||||||||||||||||||||149354.48
F03Q10000539|200311|148707.91|0|009|171|||||5.250|0.00||||||||||||||||||||148707.91
F03Q10000539|200312|148058.51|0|010|170|||||5.250|0.00||||||||||||||||||||148058.51
F03Q10000539|200401|147406.27|0|011|169|||||5.250|0.00||||||||||||||||||||147406.27
F03Q10000539|200402|146751.17|0|012|168|||||5.250|0.00||||||||||||||||||||146751.17
F03Q10000539|200403|146093.21|0|013|167|||||5.250|0.00||||||||||||||||||||146093.21
F03Q10000539|200404|145432.37|0|014|166|||||5.250|0.00||||||||||||||||||||145432.37
F03Q10000539|200405|144768.64|0|015|165|||||5.250|0.00||||||||||||||||||||144768.64
F03Q10000539|200406|144102.00|0|016|164|||||5.250|0.00||||||||||||||||||||144102.00
F03Q10000539|200407|143432.45|0|017|163|||||5.250|0.00||||||||||||||||||||143432.45
F03Q10000539|200408|142759.97|0|018|162|||||5.250|0.00||||||||||||||||||||142759.97
F03Q10000539|200409|142084.54|0|019|161|||||5.250|0.00||||||||||||||||||||142084.54
F03Q10000539|200410|141406.16|0|020|160|||||5.250|0.00||||||||||||||||||||141406.16
F03Q10000539|200411|140724.81|0|021|159|||||5.250|0.00||||||||||||||||||||140724.81
F03Q10000539|200412|140040.48|0|022|158|||||5.250|0.00||||||||||||||||||||140040.48
F03Q10000539|200501|139353.16|0|023|157|||||5.250|0.00||||||||||||||||||||139353.16
F03Q10000539|200502|138662.83|0|024|156|||||5.250|0.00||||||||||||||||||||138662.83
F03Q10000539|200503|137969.48|0|025|155|||||5.250|0.00||||||||||||||||||||137969.48
F03Q10000539|200504|137273.10|0|026|154|||||5.250|0.00||||||||||||||||||||137273.10
F03Q10000539|200505|136573.67|0|027|153|||||5.250|0.00||||||||||||||||||||136573.67
F03Q10000539|200506|135871.18|0|028|152|||||5.250|0.00||||||||||||||||||||135871.18
F03Q10000539|200507|135165.62|0|029|151|||||5.250|0.00||||||||||||||||||||135165.62
F03Q10000539|200508|134456.97|0|030|150|||||5.250|0.00||||||||||||||||||||134456.97
F03Q10000539|200509|133745.22|0|031|149|||||5.250|0.00||||||||||||||||||||133745.22
F03Q10000539|200510|131709.74|0|032|148|||||5.250|0.00||||||||||||||||||||131709.74
F03Q10000539|200511|130985.97|0|033|147|||||5.250|0.00||||||||||||||||||||130985.97
F03Q10000539|200512|130259.03|0|034|146|||||5.250|0.00||||||||||||||||||||130259.03
F03Q10000539|200601|129528.91|0|035|145|||||5.250|0.00||||||||||||||||||||129528.91
F03Q10000539|200602|128795.60|0|036|144|||||5.250|0.00||||||||||||||||||||128795.60
F03Q10000539|200603|128795.60|0|037|143|||||5.250|0.00||||||||||||||||||||128795.60
F03Q10000539|200604|128109.08|0|038|142|||||5.250|0.00||||||||||||||||||||128109.08
F03Q10000539|200605|127419.56|0|039|141|||||5.250|0.00||||||||||||||||||||127419.56
F03Q10000539|200606|126727.02|0|040|140|||||5.250|0.00||||||||||||||||||||126727.02
F03Q10000539|200607|126031.45|0|041|139|||||5.250|0.00||||||||||||||||||||126031.45
F03Q10000539|200608|125332.84|0|042|138|||||5.250|0.00||||||||||||||||||||125332.84
F03Q10000539|200609|124631.17|0|043|137|||||5.250|0.00||||||||||||||||||||124631.17
F03Q10000539|200610|123926.43|0|044|136|||||5.250|0.00||||||||||||||||||||123926.43
F03Q10000539|200611|123218.61|0|045|135|||||5.250|0.00||||||||||||||||||||123218.61
F03Q10000539|200612|122507.69|0|046|134|||||5.250|0.00||||||||||||||||||||122507.69
F03Q10000539|200701|121793.66|0|047|133|||||5.250|0.00||||||||||||||||||||121793.66
F03Q10000539|200702|121076.51|0|048|132|||||5.250|0.00||||||||||||||||||||121076.51
F03Q10000539|200703|120356.22|0|049|131|||||5.250|0.00||||||||||||||||||||120356.22
F03Q10000539|200704|119632.78|0|050|130|||||5.250|0.00||||||||||||||||||||119632.78
F03Q10000539|200705|118906.17|0|051|129|||||5.250|0.00||||||||||||||||||||118906.17
F03Q10000539|200706|118176.38|0|052|128|||||5.250|0.00||||||||||||||||||||118176.38
F03Q10000539|200707|117443.40|0|053|127|||||5.250|0.00||||||||||||||||||||117443.40
F03Q10000539|200708|116707.21|0|054|126|||||5.250|0.00||||||||||||||||||||116707.21
F03Q10000539|200709|115967.80|0|055|125|||||5.250|0.00||||||||||||||||||||115967.80
F03Q10000539|200710|115225.16|0|056|124|||||5.250|0.00||||||||||||||||||||115225.16
F03Q10000539|200711|114479.27|0|057|123|||||5.250|0.00||||||||||||||||||||114479.27
F03Q10000539|200712|113730.12|0|058|122|||||5.250|0.00||||||||||||||||||||113730.12
F03Q10000539|200801|112977.69|0|059|121|||||5.250|0.00||||||||||||||||||||112977.69
F03Q10000539|200802|112221.97|0|060|120|||||5.250|0.00||||||||||||||||||||112221.97
F03Q10000539|200803|111462.94|0|061|119|||||5.250|0.00||||||||||||||||||||111462.94
F03Q10000539|200804|110700.59|0|062|118|||||5.250|0.00||||||||||||||||||||110700.59
F03Q10000539|200805|109934.91|0|063|117|||||5.250|0.00||||||||||||||||||||109934.91
F03Q10000539|200806|109165.88|0|064|116|||||5.250|0.00||||||||||||||||||||109165.88
F03Q10000539|200807|108393.48|0|065|115|||||5.250|0.00||||||||||||||||||||108393.48
F03Q10000539|200808|107617.70|0|066|114|||||5.250|0.00||||||||||||||||||||107617.70
F03Q10000539|200809|106838.53|0|067|113|||||5.250|0.00||||||||||||||||||||106838.53
F03Q10000539|200810|104055.95|0|068|112|||||5.250|0.00||||||||||||||||||||104055.95
F03Q10000539|200811|101261.19|0|069|111|||||5.250|0.00||||||||||||||||||||101261.19
F03Q10000539|200812|98454.21|0|070|110|||||5.250|0.00||||||||||||||||||||98454.21
F03Q10000539|200901|95634.95|0|071|109|||||5.250|0.00||||||||||||||||||||95634.95
F03Q10000539|200902|94803.35|0|072|108|||||5.250|0.00||||||||||||||||||||94803.35
F03Q10000539|200903|93968.11|0|073|107|||||5.250|0.00||||||||||||||||||||93968.11
F03Q10000539|200904|93129.22|0|074|106|||||5.250|0.00||||||||||||||||||||93129.22
F03Q10000539|200905|92286.66|0|075|105|||||5.250|0.00||||||||||||||||||||92286.66
F03Q10000539|200906|91440.41|0|076|104|||||5.250|0.00||||||||||||||||||||91440.41
F03Q10000539|200907|90590.46|0|077|103|||||5.250|0.00||||||||||||||||||||90590.46
F03Q10000539|200908|89736.79|0|078|102|||||5.250|0.00||||||||||||||||||||89736.79
F03Q10000539|200909|88879.39|0|079|101|||||5.250|0.00||||||||||||||||||||88879.39
F03Q10000539|200910|88018.24|0|080|100|||||5.250|0.00||||||||||||||||||||88018.24
F03Q10000539|200911|87153.32|0|081|099|||||5.250|0.00||||||||||||||||||||87153.32
F03Q10000539|200912|86284.62|0|082|098|||||5.250|0.00||||||||||||||||||||86284.62
F03Q10000539|201001|85412.12|0|083|097|||||5.250|0.00||||||||||||||||||||85412.12
F03Q10000539|201002|84535.80|0|084|096|||||5.250|0.00||||||||||||||||||||84535.80
F03Q10000539|201003|83655.64|0|085|095|||||5.250|0.00||||||||||||||||||||83655.64
F03Q10000539|201004|82771.63|0|086|094|||||5.250|0.00||||||||||||||||||||82771.63
F03Q10000539|201005|81883.76|0|087|093|||||5.250|0.00||||||||||||||||||||81883.76
F03Q10000539|201006|80992.00|0|088|092|||||5.250|0.00||||||||||||||||||||80992.00
F03Q10000539|201007|80096.34|0|089|091|||||5.250|0.00||||||||||||||||||||80096.34
F03Q10000539|201008|79196.76|0|090|090|||||5.250|0.00||||||||||||||||||||79196.76
F03Q10000539|201009|78293.25|0|091|089|||||5.250|0.00||||||||||||||||||||78293.25
F03Q10000539|201010|77385.78|0|092|088|||||5.250|0.00||||||||||||||||||||77385.78
F03Q10000539|201011|76474.34|0|093|087|||||5.250|0.00||||||||||||||||||||76474.34
F03Q10000539|201012|48968.75|0|094|086|||||5.250|0.00||||||||||||||||||||48968.75
F03Q10000539|201101|47932.99|0|095|085|||||5.250|0.00||||||||||||||||||||47932.99
F03Q10000539|201102|46892.70|0|096|084|||||5.250|0.00||||||||||||||||||||46892.70
F03Q10000539|201103|45847.86|0|097|083|||||5.250|0.00||||||||||||||||||||45847.86
F03Q10000539|201104|0.00|0|098|082|||01|201104|5.250|0.00|||||||||||||||45847.86|||||0.00
F03Q10000552|200302|160000.00|0|000|180|||||4.875|0.00||||||||||||||||||||160000.00
F03Q10000552|200303|159000.00|0|001|179|||||4.875|0.00||||||||||||||||||||159000.00
F03Q10000552|200304|0.00|0|002|178|||01|200304|4.875|0.00|||||||||||||||159395.12|||||0.00
F03Q10000691|200302|75000.00|0|000|240|||||5.625|0.00||||||||||||||||||||75000.00
F03Q10000691|200303|75000.00|0|001|239|||||5.625|0.00||||||||||||||||||||75000.00
F03Q10000691|200304|75000.00|0|002|238|||||5.625|0.00||||||||||||||||||||75000.00
F03Q10000691|200305|74000.00|0|003|237|||||5.625|0.00||||||||||||||||||||74000.00
F03Q10000691|200306|74000.00|0|004|236|||||5.625|0.00||||||||||||||||||||74000.00
F03Q10000691|200307|74000.00|0|005|235|||||5.625|0.00||||||||||||||||||||74000.00
F03Q10000691|200308|74000.00|0|006|234|||||5.625|0.00||||||||||||||||||||74000.00
F03Q10000691|200309|73263.56|0|007|233|||||5.625|0.00||||||||||||||||||||73263.56
F03Q10000691|200310|72981.71|0|008|232|||||5.625|0.00||||||||||||||||||||72981.71
F03Q10000691|200311|72698.54|0|009|231|||||5.625|0.00||||||||||||||||||||72698.54
F03Q10000691|200312|72414.04|0|010|230|||||5.625|0.00||||||||||||||||||||72414.04
F03Q10000691|200401|72128.21|0|011|229|||||5.625|0.00||||||||||||||||||||72128.21
F03Q10000691|200402|71858.92|0|012|228|||||5.625|0.00||||||||||||||||||||71858.92
F03Q10000691|200403|71588.37|0|013|227|||||5.625|0.00||||||||||||||||||||71588.37
F03Q10000691|200404|71316.55|0|014|226|||||5.625|0.00||||||||||||||||||||71316.55
F03Q10000691|200405|71043.46|0|015|225|||||5.625|0.00||||||||||||||||||||71043.46
F03Q10000691|200406|70769.09|0|016|224|||||5.625|0.00||||||||||||||||||||70769.09
F03Q10000691|200407|70493.43|0|017|223|||||5.625|0.00||||||||||||||||||||70493.43
F03Q10000691|200408|70216.48|0|018|222|||||5.625|0.00||||||||||||||||||||70216.48
F03Q10000691|200409|69938.23|0|019|221|||||5.625|0.00||||||||||||||||||||69938.23
F03Q10000691|200410|69658.68|0|020|220|||||5.625|0.00||||||||||||||||||||69658.68
F03Q10000691|200411|69377.82|0|021|219|||||5.625|0.00||||||||||||||||||||69377.82
F03Q10000691|200412|69095.64|0|022|218|||||5.625|0.00||||||||||||||||||||69095.64
F03Q10000691|200501|68812.14|0|023|217|||||5.625|0.00||||||||||||||||||||68812.14
F03Q10000691|200502|68517.91|0|024|216|||||5.625|0.00||||||||||||||||||||68517.91
F03Q10000691|200503|68222.30|0|025|215|||||5.625|0.00||||||||||||||||||||68222.30
F03Q10000691|200504|67925.30|0|026|214|||||5.625|0.00||||||||||||||||||||67925.30
F03Q10000691|200505|67626.91|0|027|213|||||5.625|0.00||||||||||||||||||||67626.91
F03Q10000691|200506|67327.12|0|028|212|||||5.625|0.00||||||||||||||||||||67327.12
F03Q10000691|200507|67025.93|0|029|211|||||5.625|0.00||||||||||||||||||||67025.93
F03Q10000691|200508|66723.32|0|030|210|||||5.625|0.00||||||||||||||||||||66723.32
F03Q10000691|200509|66419.30|0|031|209|||||5.625|0.00||||||||||||||||||||66419.30
F03Q10000691|200510|66113.85|0|032|208|||||5.625|0.00||||||||||||||||||||66113.85
F03Q10000691|200511|65806.97|0|033|207|||||5.625|0.00||||||||||||||||||||65806.97
F03Q10000691|200512|65498.65|0|034|206|||||5.625|0.00||||||||||||||||||||65498.65
F03Q10000691|200601|65188.88|0|035|205|||||5.625|0.00||||||||||||||||||||65188.88
F03Q10000691|200602|64934.49|0|036|204|||||5.625|0.00||||||||||||||||||||64934.49
F03Q10000691|200603|64678.91|0|037|203|||||5.625|0.00||||||||||||||||||||64678.91
F03Q10000691|200604|64422.13|0|038|202|||||5.625|0.00||||||||||||||||||||64422.13
F03Q10000691|200605|64164.15|0|039|201|||||5.625|0.00||||||||||||||||||||64164.15
F03Q10000691|200606|63904.96|0|040|200|||||5.625|0.00||||||||||||||||||||63904.96
F03Q10000691|200607|63644.55|0|041|199|||||5.625|0.00||||||||||||||||||||63644.55
F03Q10000691|200608|63382.92|0|042|198|||||5.625|0.00||||||||||||||||||||63382.92
F03Q10000691|200609|63120.07|0|043|197|||||5.625|0.00||||||||||||||||||||63120.07
F03Q10000691|200610|62855.99|0|044|196|||||5.625|0.00||||||||||||||||||||62855.99
F03Q10000691|200611|62590.67|0|045|195|||||5.625|0.00||||||||||||||||||||62590.67
F03Q10000691|200612|62324.10|0|046|194|||||5.625|0.00||||||||||||||||||||62324.10
F03Q10000691|200701|62056.28|0|047|193|||||5.625|0.00||||||||||||||||||||62056.28
F03Q10000691|200702|61726.52|0|048|192|||||5.625|0.00||||||||||||||||||||61726.52
F03Q10000691|200703|61395.21|0|049|191|||||5.625|0.00||||||||||||||||||||61395.21
F03Q10000691|200704|61062.35|0|050|190|||||5.625|0.00||||||||||||||||||||61062.35
F03Q10000691|200705|60727.93|0|051|189|||||5.625|0.00||||||||||||||||||||60727.93
F03Q10000691|200706|60391.94|0|052|188|||||5.625|0.00||||||||||||||||||||60391.94
F03Q10000691|200707|60054.38|0|053|187|||||5.625|0.00||||||||||||||||||||60054.38
F03Q10000691|200708|59715.23|0|054|186|||||5.625|0.00||||||||||||||||||||59715.23
F03Q10000691|200709|59374.50|0|055|185|||||5.625|0.00||||||||||||||||||||59374.50
F03Q10000691|200710|59032.17|0|056|184|||||5.625|0.00||||||||||||||||||||59032.17
F03Q10000691|200711|58688.23|0|057|183|||||5.625|0.00||||||||||||||||||||58688.23
F03Q10000691|200712|58342.68|0|058|182|||||5.625|0.00||||||||||||||||||||58342.68
F03Q10000691|200801|57995.51|0|059|181|||||5.625|0.00||||||||||||||||||||57995.51
F03Q10000691|200802|57332.24|0|060|180|||||5.625|0.00||||||||||||||||||||57332.24
F03Q10000691|200803|56965.86|0|061|179|||||5.625|0.00||||||||||||||||||||56965.86
F03Q10000691|200804|56597.77|0|062|178|||||5.625|0.00||||||||||||||||||||56597.77
F03Q10000691|200805|56227.95|0|063|177|||||5.625|0.00||||||||||||||||||||56227.95
F03Q10000691|200806|55856.40|0|064|176|||||5.625|0.00||||||||||||||||||||55856.40
F03Q10000691|200807|55483.11|0|065|175|||||5.625|0.00||||||||||||||||||||55483.11
F03Q10000691|200808|55108.07|0|066|174|||||5.625|0.00||||||||||||||||||||55108.07
F03Q10000691|200809|54731.27|0|067|173|||||5.625|0.00||||||||||||||||||||54731.27
F03Q10000691|200810|54352.70|0|068|172|||||5.625|0.00||||||||||||||||||||54352.70
F03Q10000691|200811|53972.36|0|069|171|||||5.625|0.00||||||||||||||||||||53972.36
F03Q10000691|200812|53590.24|0|070|170|||||5.625|0.00||||||||||||||||||||53590.24
F03Q10000691|200901|53206.32|0|071|169|||||5.625|0.00||||||||||||||||||||53206.32
F03Q10000691|200902|52866.48|0|072|168|||||5.625|0.00||||||||||||||||||||52866.48
F03Q10000691|200903|52525.05|0|073|167|||||5.625|0.00||||||||||||||||||||52525.05
F03Q10000691|200904|52182.02|0|074|166|||||5.625|0.00||||||||||||||||||||52182.02
F03Q10000691|200905|51837.38|0|075|165|||||5.625|0.00||||||||||||||||||||51837.38
F03Q10000691|200906|51491.13|0|076|164|||||5.625|0.00||||||||||||||||||||51491.13
F03Q10000691|200907|51143.25|0|077|163|||||5.625|0.00||||||||||||||||||||51143.25
F03Q10000691|200908|50793.74|0|078|162|||||5.625|0.00||||||||||||||||||||50793.74
F03Q10000691|200909|50442.60|0|079|161|||||5.625|0.00||||||||||||||||||||50442.60
F03Q10000691|200910|50089.81|0|080|160|||||5.625|0.00||||||||||||||||||||50089.81
F03Q10000691|200911|49735.37|0|081|159|||||5.625|0.00||||||||||||||||||||49735.37
F03Q10000691|200912|49379.26|0|082|158|||||5.625|0.00||||||||||||||||||||49379.26
F03Q10000691|201001|49021.49|0|083|157|||||5.625|0.00||||||||||||||||||||49021.49
F03Q10000691|201002|48631.38|0|084|156|||||5.625|0.00||||||||||||||||||||48631.38
F03Q10000691|201003|48239.44|0|085|155|||||5.625|0.00||||||||||||||||||||48239.44
F03Q10000691|201004|47845.66|0|086|154|||||5.625|0.00||||||||||||||||||||47845.66
F03Q10000691|201005|47450.04|0|087|153|||||5.625|0.00||||||||||||||||||||47450.04
F03Q10000691|201006|47052.56|0|088|152|||||5.625|0.00||||||||||||||||||||47052.56
F03Q10000691|201007|46653.22|0|089|151|||||5.625|0.00||||||||||||||||||||46653.22
F03Q10000691|201008|46252.01|0|090|150|||||5.625|0.00||||||||||||||||||||46252.01
F03Q10000691|201009|45848.92|0|091|149|||||5.625|0.00||||||||||||||||||||45848.92
F03Q10000691|201010|45443.94|0|092|148|||||5.625|0.00||||||||||||||||||||45443.94
F03Q10000691|201011|45037.06|0|093|147|||||5.625|0.00||||||||||||||||||||45037.06
F03Q10000691|201012|44628.27|0|094|146|||||5.625|0.00||||||||||||||||||||44628.27
F03Q10000691|201101|44217.57|0|095|145|||||5.625|0.00||||||||||||||||||||44217.57
F03Q10000691|201102|43809.98|0|096|144|||||5.625|0.00||||||||||||||||||||43809.98
F03Q10000691|201103|43400.48|0|097|143|||||5.625|0.00||||||||||||||||||||43400.48
F03Q10000691|201104|42989.06|0|098|142|||||5.625|0.00||||||||||||||||||||42989.06
F03Q10000691|201105|42575.71|0|099|141|||||5.625|0.00||||||||||||||||||||42575.71
F03Q10000691|201106|42160.42|0|100|140|||||5.625|0.00||||||||||||||||||||42160.42
F03Q10000691|201107|41743.19|0|101|139|||||5.625|0.00||||||||||||||||||||41743.19
F03Q10000691|201108|41324.00|0|102|138|||||5.625|0.00||||||||||||||||||||41324.00
F03Q10000691|201109|40902.85|0|103|137|||||5.625|0.00||||||||||||||||||||40902.85
F03Q10000691|201110|40479.72|0|104|136|||||5.625|0.00||||||||||||||||||||40479.72
F03Q10000691|201111|40054.61|0|105|135|||||5.625|0.00||||||||||||||||||||40054.61
F03Q10000691|201112|39627.51|0|106|134|||||5.625|0.00||||||||||||||||||||39627.51
F03Q10000691|201201|39198.40|0|107|133|||||5.625|0.00||||||||||||||||||||39198.40
F03Q10000691|201202|38798.62|0|108|132|||||5.625|0.00||||||||||||||||||||38798.62
F03Q10000691|201203|38396.97|0|109|131|||||5.625|0.00||||||||||||||||||||38396.97
F03Q10000691|201204|37993.44|0|110|130|||||5.625|0.00||||||||||||||||||||37993.44
F03Q10000691|201205|37588.01|0|111|129|||||5.625|0.00||||||||||||||||||||37588.01
F03Q10000691|201206|37180.68|0|112|128|||||5.625|0.00||||||||||||||||||||37180.68
F03Q10000691|201207|36771.44|0|113|127|||||5.625|0.00||||||||||||||||||||36771.44
F03Q10000691|201208|36360.29|0|114|126|||||5.625|0.00||||||||||||||||||||36360.29
F03Q10000691|201209|35947.21|0|115|125|||||5.625|0.00||||||||||||||||||||35947.21
F03Q10000691|201210|35532.19|0|116|124|||||5.625|0.00||||||||||||||||||||35532.19
F03Q10000691|201211|35115.23|0|117|123|||||5.625|0.00||||||||||||||||||||35115.23
F03Q10000691|201212|34696.31|0|118|122|||||5.625|0.00||||||||||||||||||||34696.31
F03Q10000691|201301|34275.43|0|119|121|||||5.625|0.00||||||||||||||||||||34275.43
F03Q10000691|201302|33872.18|0|120|120|||||5.625|0.00||||||||||||||||||||33872.18
F03Q10000691|201303|33467.04|0|121|119|||||5.625|0.00||||||||||||||||||||33467.04
F03Q10000691|201304|33060.00|0|122|118|||||5.625|0.00||||||||||||||||||||33060.00
F03Q10000691|201305|32651.05|0|123|117|||||5.625|0.00||||||||||||||||||||32651.05
F03Q10000691|201306|32240.18|0|124|116|||||5.625|0.00||||||||||||||||||||32240.18
F03Q10000691|201307|31827.39|0|125|115|||||5.625|0.00||||||||||||||||||||31827.39
F03Q10000691|201308|31412.66|0|126|114|||||5.625|0.00||||||||||||||||||||31412.66
F03Q10000691|201309|30995.99|0|127|113|||||5.625|0.00||||||||||||||||||||30995.99
F03Q10000691|201310|30577.36|0|128|112|||||5.625|0.00||||||||||||||||||||30577.36
F03Q10000691|201311|30156.77|0|129|111|||||5.625|0.00||||||||||||||||||||30156.77
F03Q10000691|201312|29734.21|0|130|110|||||5.625|0.00||||||||||||||||||||29734.21
F03Q10000691|201401|29309.67|0|131|109|||||5.625|0.00||||||||||||||||||||29309.67
F03Q10000691|201402|28858.02|0|132|108|||||5.625|0.00||||||||||||||||||||28858.02
F03Q10000691|201403|28404.25|0|133|107|||||5.625|0.00||||||||||||||||||||28404.25
F03Q10000691|201404|27948.35|0|134|106|||||5.625|0.00||||||||||||||||||||27948.35
F03Q10000691|201405|27490.32|0|135|105|||||5.625|0.00||||||||||||||||||||27490.32
F03Q10000691|201406|27030.14|0|136|104|||||5.625|0.00||||||||||||||||||||27030.14
F03Q10000691|201407|26567.80|0|137|103|||||5.625|0.00||||||||||||||||||||26567.80
F03Q10000691|201408|26103.30|0|138|102|||||5.625|0.00||||||||||||||||||||26103.30
F03Q10000691|201409|25536.62|0|139|101|||||5.625|0.00||||||||||||||||||||25536.62
F03Q10000691|201410|24967.28|0|140|100|||||5.625|0.00||||||||||||||||||||24967.28
F03Q10000691|201411|24395.27|0|141|099|||||5.625|0.00||||||||||||||||||||24395.27
F03Q10000691|201412|23820.58|0|142|098|||||5.625|0.00||||||||||||||||||||23820.58
F03Q10000691|201501|23343.20|0|143|097|||||5.625|0.00||||||||||||||||||||23343.20
F03Q10000691|201502|22075.85|0|144|096|||||5.625|0.00||||||||||||||||||||22075.85
F03Q10000691|201503|21540.35|0|145|095|||||5.625|0.00||||||||||||||||||||21540.35
F03Q10000691|201504|21002.34|0|146|094|||||5.625|0.00||||||||||||||||||||21002.34
F03Q10000691|201505|20461.81|0|147|093|||||5.625|0.00||||||||||||||||||||20461.81
F03Q10000691|201506|19918.74|0|148|092|||||5.625|0.00||||||||||||||||||||19918.74
F03Q10000691|201507|19373.13|0|149|091|||||5.625|0.00||||||||||||||||||||19373.13
F03Q10000691|201508|18824.96|0|150|090|||||5.625|0.00||||||||||||||||||||18824.96
F03Q10000691|201509|18274.22|0|151|089|||||5.625|0.00||||||||||||||||||||18274.22
F03Q10000691|201510|17720.90|0|152|088|||||5.625|0.00||||||||||||||||||||17720.90
F03Q10000691|201511|17164.99|0|153|087|||||5.625|0.00||||||||||||||||||||17164.99
F03Q10000691|201512|16606.47|0|154|086|||||5.625|0.00||||||||||||||||||||16606.47
F03Q10000691|201601|16045.33|0|155|085|||||5.625|0.00||||||||||||||||||||16045.33
F03Q10000691|201602|15214.17|0|156|084|||||5.625|0.00||||||||||||||||||||15214.17
F03Q10000691|201603|14629.12|0|157|083|||||5.625|0.00||||||||||||||||||||14629.12
F03Q10000691|201604|14041.32|0|158|082|||||5.625|0.00||||||||||||||||||||14041.32
F03Q10000691|201605|13450.77|0|159|081|||||5.625|0.00||||||||||||||||||||13450.77
F03Q10000691|201606|12857.45|0|160|080|||||5.625|0.00||||||||||||||||||||12857.45
F03Q10000691|201607|0.00|0|161|079|||01|201607|5.625|0.00|||||||||||||||12857.45|||||0.00
F03Q10000979|200302|105000.00|0|000|180|||||5.350|0.00||||||||||||||||||||105000.00
F03Q10000979|200303|105000.00|0|001|179|||||5.350|0.00||||||||||||||||||||105000.00
F03Q10000979|200304|104000.00|0|002|178|||||5.350|0.00||||||||||||||||||||104000.00
F03Q10000979|200305|104000.00|0|003|177|||||5.350|0.00||||||||||||||||||||104000.00
F03Q10000979|200306|103000.00|0|004|176|||||5.350|0.00||||||||||||||||||||103000.00
F03Q10000979|200307|103000.00|0|005|175|||||5.350|0.00||||||||||||||||||||103000.00
F03Q10000979|200308|103000.00|0|006|174|||||5.350|0.00||||||||||||||||||||103000.00
F03Q10000979|200309|102293.71|0|007|173|||||5.350|0.00||||||||||||||||||||102293.71
F03Q10000979|200310|101900.17|0|008|172|||||5.350|0.00||||||||||||||||||||101900.17
F03Q10000979|200311|101504.87|0|009|171|||||5.350|0.00||||||||||||||||||||101504.87
F03Q10000979|200312|101107.81|0|010|170|||||5.350|0.00||||||||||||||||||||101107.81
F03Q10000979|200401|100708.98|0|011|169|||||5.350|0.00||||||||||||||||||||100708.98
F03Q10000979|200402|100308.37|0|012|168|||||5.350|0.00||||||||||||||||||||100308.37
F03Q10000979|200403|99905.98|0|013|167|||||5.350|0.00||||||||||||||||||||99905.98
F03Q10000979|200404|99501.79|0|014|166|||||5.350|0.00||||||||||||||||||||99501.79
F03Q10000979|200405|99095.80|0|015|165|||||5.350|0.00||||||||||||||||||||99095.80
F03Q10000979|200406|98688.00|0|016|164|||||5.350|0.00||||||||||||||||||||98688.00
F03Q10000979|200407|98278.38|0|017|163|||||5.350|0.00||||||||||||||||||||98278.38
F03Q10000979|200408|97866.94|0|018|162|||||5.350|0.00||||||||||||||||||||97866.94
F03Q10000979|200409|97453.66|0|019|161|||||5.350|0.00||||||||||||||||||||97453.66
F03Q10000979|200410|97038.54|0|020|160|||||5.350|0.00||||||||||||||||||||97038.54
F03Q10000979|200411|96621.57|0|021|159|||||5.350|0.00||||||||||||||||||||96621.57
F03Q10000979|200412|96202.74|0|022|158|||||5.350|0.00||||||||||||||||||||96202.74
F03Q10000979|200501|95782.04|0|023|157|||||5.350|0.00||||||||||||||||||||95782.04
F03Q10000979|200502|95359.47|0|024|156|||||5.350|0.00||||||||||||||||||||95359.47
F03Q10000979|200503|94935.01|0|025|155|||||5.350|0.00||||||||||||||||||||94935.01
F03Q10000979|200504|94508.66|0|026|154|||||5.350|0.00||||||||||||||||||||94508.66
F03Q10000979|200505|94080.41|0|027|153|||||5.350|0.00||||||||||||||||||||94080.41
F03Q10000979|200506|93650.25|0|028|152|||||5.350|0.00||||||||||||||||||||93650.25
F03Q10000979|200507|93218.17|0|029|151|||||5.350|0.00||||||||||||||||||||93218.17
F03Q10000979|200508|92784.17|0|030|150|||||5.350|0.00||||||||||||||||||||92784.17
F03Q10000979|200509|92348.23|0|031|149|||||5.350|0.00||||||||||||||||||||92348.23
F03Q10000979|200510|91910.35|0|032|148|||||5.350|0.00||||||||||||||||||||91910.35
F03Q10000979|200511|91470.52|0|033|147|||||5.350|0.00||||||||||||||||||||91470.52
F03Q10000979|200512|91028.73|0|034|146|||||5.350|0.00||||||||||||||||||||91028.73
F03Q10000979|200601|90584.97|0|035|145|||||5.350|0.00||||||||||||||||||||90584.97
F03Q10000979|200602|90139.23|0|036|144|||||5.350|0.00||||||||||||||||||||90139.23
F03Q10000979|200603|89691.50|0|037|143|||||5.350|0.00||||||||||||||||||||89691.50
F03Q10000979|200604|89241.77|0|038|142|||||5.350|0.00||||||||||||||||||||89241.77
F03Q10000979|200605|88790.04|0|039|141|||||5.350|0.00||||||||||||||||||||88790.04
F03Q10000979|200606|88336.30|0|040|140|||||5.350|0.00||||||||||||||||||||88336.30
F03Q10000979|200607|87880.53|0|041|139|||||5.350|0.00||||||||||||||||||||87880.53
F03Q10000979|200608|87422.73|0|042|138|||||5.350|0.00||||||||||||||||||||87422.73
F03Q10000979|200609|86962.89|0|043|137|||||5.350|0.00||||||||||||||||||||86962.89
F03Q10000979|200610|86501.00|0|044|136|||||5.350|0.00||||||||||||||||||||86501.00
F03Q10000979|200611|86037.05|0|045|135|||||5.350|0.00||||||||||||||||||||86037.05
F03Q10000979|200612|85571.03|0|046|134|||||5.350|0.00||||||||||||||||||||85571.03
F03Q10000979|200701|85102.93|0|047|133|||||5.350|0.00||||||||||||||||||||85102.93
F03Q10000979|200702|84632.75|0|048|132|||||5.350|0.00||||||||||||||||||||84632.75
F03Q10000979|200703|84632.75|0|049|131|||||5.350|0.00||||||||||||||||||||84632.75
F03Q10000979|200704|83686.09|0|050|130|||||5.350|0.00||||||||||||||||||||83686.09
F03Q10000979|200705|83209.59|0|051|129|||||5.350|0.00||||||||||||||||||||83209.59
F03Q10000979|200706|82730.97|0|052|128|||||5.350|0.00||||||||||||||||||||82730.97
F03Q10000979|200707|82250.21|0|053|127|||||5.350|0.00||||||||||||||||||||82250.21
F03Q10000979|200708|81767.31|0|054|126|||||5.350|0.00||||||||||||||||||||81767.31
F03Q10000979|200709|81282.26|0|055|125|||||5.350|0.00||||||||||||||||||||81282.26
F03Q10000979|200710|80795.04|0|056|124|||||5.350|0.00||||||||||||||||||||80795.04
F03Q10000979|200711|80305.65|0|057|123|||||5.350|0.00||||||||||||||||||||80305.65
F03Q10000979|200712|79814.08|0|058|122|||||5.350|0.00||||||||||||||||||||79814.08
F03Q10000979|200801|79320.32|0|059|121|||||5.350|0.00||||||||||||||||||||79320.32
F03Q10000979|200802|78824.36|0|060|120|||||5.350|0.00||||||||||||||||||||78824.36
F03Q10000979|200803|78326.19|0|061|119|||||5.350|0.00||||||||||||||||||||78326.19
F03Q10000979|200804|77825.79|0|062|118|||||5.350|0.00||||||||||||||||||||77825.79
F03Q10000979|200805|77323.16|0|063|117|||||5.350|0.00||||||||||||||||||||77323.16
F03Q10000979|200806|76818.29|0|064|116|||||5.350|0.00||||||||||||||||||||76818.29
F03Q10000979|200807|76311.17|0|065|115|||||5.350|0.00||||||||||||||||||||76311.17
F03Q10000979|200808|75801.79|0|066|114|||||5.350|0.00||||||||||||||||||||75801.79
F03Q10000979|200809|75290.14|0|067|113|||||5.350|0.00||||||||||||||||||||75290.14
F03Q10000979|200810|74776.21|0|068|112|||||5.350|0.00||||||||||||||||||||74776.21
F03Q10000979|200811|74259.99|0|069|111|||||5.350|0.00||||||||||||||||||||74259.99
F03Q10000979|200812|73741.47|0|070|110|||||5.350|0.00||||||||||||||||||||73741.47
F03Q10000979|200901|73220.63|0|071|109|||||5.350|0.00||||||||||||||||||||73220.63
F03Q10000979|200902|72697.47|0|072|108|||||5.350|0.00||||||||||||||||||||72697.47
F03Q10000979|200903|72171.98|0|073|107|||||5.350|0.00||||||||||||||||||||72171.98
F03Q10000979|200904|71644.15|0|074|106|||||5.350|0.00||||||||||||||||||||71644.15
F03Q10000979|200905|71113.96|0|075|105|||||5.350|0.00||||||||||||||||||||71113.96
F03Q10000979|200906|70581.41|0|076|104|||||5.350|0.00||||||||||||||||||||70581.41
F03Q10000979|200907|70046.49|0|077|103|||||5.350|0.00||||||||||||||||||||70046.49
F03Q10000979|200908|69509.18|0|078|102|||||5.350|0.00||||||||||||||||||||69509.18
F03Q10000979|200909|68969.48|0|079|101|||||5.350|0.00||||||||||||||||||||68969.48
F03Q10000979|200910|68427.37|0|080|100|||||5.350|0.00||||||||||||||||||||68427.37
F03Q10000979|200911|67882.84|0|081|099|||||5.350|0.00||||||||||||||||||||67882.84
F03Q10000979|200912|67335.88|0|082|098|||||5.350|0.00||||||||||||||||||||67335.88
F03Q10000979|201001|66786.49|0|083|097|||||5.350|0.00||||||||||||||||||||66786.49
F03Q10000979|201002|66234.65|0|084|096|||||5.350|0.00||||||||||||||||||||66234.65
F03Q10000979|201003|65680.35|0|085|095|||||5.350|0.00||||||||||||||||||||65680.35
F03Q10000979|201004|65123.57|0|086|094|||||5.350|0.00||||||||||||||||||||65123.57
F03Q10000979|201005|64564.31|0|087|093|||||5.350|0.00||||||||||||||||||||64564.31
F03Q10000979|201006|64002.56|0|088|092|||||5.350|0.00||||||||||||||||||||64002.56
F03Q10000979|201007|63438.30|0|089|091|||||5.350|0.00||||||||||||||||||||63438.30
F03Q10000979|201008|62871.53|0|090|090|||||5.350|0.00||||||||||||||||||||62871.53
F03Q10000979|201009|62302.23|0|091|089|||||5.350|0.00||||||||||||||||||||62302.23
F03Q10000979|201010|61730.39|0|092|088|||||5.350|0.00||||||||||||||||||||61730.39
F03Q10000979|201011|61156.00|0|093|087|||||5.350|0.00||||||||||||||||||||61156.00
F03Q10000979|201012|60579.05|0|094|086|||||5.350|0.00||||||||||||||||||||60579.05
F03Q10000979|201101|59999.53|0|095|085|||||5.350|0.00||||||||||||||||||||59999.53
F03Q10000979|201102|59417.43|0|096|084|||||5.350|0.00||||||||||||||||||||59417.43
F03Q10000979|201103|58832.73|0|097|083|||||5.350|0.00||||||||||||||||||||58832.73
F03Q10000979|201104|58245.43|0|098|082|||||5.350|0.00||||||||||||||||||||58245.43
F03Q10000979|201105|57655.51|0|099|081|||||5.350|0.00||||||||||||||||||||57655.51
F03Q10000979|201106|57062.96|0|100|080|||||5.350|0.00||||||||||||||||||||57062.96
F03Q10000979|201107|56467.77|0|101|079|||||5.350|0.00||||||||||||||||||||56467.77
F03Q10000979|201108|55869.92|0|102|078|||||5.350|0.00||||||||||||||||||||55869.92
F03Q10000979|201109|55269.41|0|103|077|||||5.350|0.00||||||||||||||||||||55269.41
F03Q10000979|201110|54666.22|0|104|076|||||5.350|0.00||||||||||||||||||||54666.22
F03Q10000979|201111|54060.34|0|105|075|||||5.350|0.00||||||||||||||||||||54060.34
F03Q10000979|201112|53451.76|0|106|074|||||5.350|0.00||||||||||||||||||||53451.76
F03Q10000979|201201|52840.47|0|107|073|||||5.350|0.00||||||||||||||||||||52840.47
F03Q10000979|201202|52226.45|0|108|072|||||5.350|0.00||||||||||||||||||||52226.45
F03Q10000979|201203|51609.69|0|109|071|||||5.350|0.00||||||||||||||||||||51609.69
F03Q10000979|201204|50990.18|0|110|070|||||5.350|0.00||||||||||||||||||||50990.18
F03Q10000979|201205|50367.91|0|111|069|||||5.350|0.00||||||||||||||||||||50367.91
F03Q10000979|201206|49742.87|0|112|068|||||5.350|0.00||||||||||||||||||||49742.87
F03Q10000979|201207|49115.04|0|113|067|||||5.350|0.00||||||||||||||||||||49115.04
F03Q10000979|201208|48484.41|0|114|066|||||5.350|0.00||||||||||||||||||||48484.41
F03Q10000979|201209|47850.97|0|115|065|||||5.350|0.00||||||||||||||||||||47850.97
F03Q10000979|201210|47214.71|0|116|064|||||5.350|0.00||||||||||||||||||||47214.71
F03Q10000979|201211|46575.61|0|117|063|||||5.350|0.00||||||||||||||||||||46575.61
F03Q10000979|201212|45933.66|0|118|062|||||5.350|0.00||||||||||||||||||||45933.66
F03Q10000979|201301|45288.85|0|119|061|||||5.350|0.00||||||||||||||||||||45288.85
F03Q10000979|201302|44641.16|0|120|060|||||5.350|0.00||||||||||||||||||||44641.16
F03Q10000979|201303|43990.59|0|121|059|||||5.350|0.00||||||||||||||||||||43990.59
F03Q10000979|201304|43337.11|0|122|058|||||5.350|0.00||||||||||||||||||||43337.11
F03Q10000979|201305|42680.72|0|123|057|||||5.350|0.00||||||||||||||||||||42680.72
F03Q10000979|201306|42021.40|0|124|056|||||5.350|0.00||||||||||||||||||||42021.40
F03Q10000979|201307|41359.15|0|125|055|||||5.350|0.00||||||||||||||||||||41359.15
F03Q10000979|201308|40693.94|0|126|054|||||5.350|0.00||||||||||||||||||||40693.94
F03Q10000979|201309|40025.77|0|127|053|||||5.350|0.00||||||||||||||||||||40025.77
F03Q10000979|201310|39354.62|0|128|052|||||5.350|0.00||||||||||||||||||||39354.62
F03Q10000979|201311|38680.48|0|129|051|||||5.350|0.00||||||||||||||||||||38680.48
F03Q10000979|201312|38003.33|0|130|050|||||5.350|0.00||||||||||||||||||||38003.33
F03Q10000979|201401|37323.16|0|131|049|||||5.350|0.00||||||||||||||||||||37323.16
F03Q10000979|201402|36639.96|0|132|048|||||5.350|0.00||||||||||||||||||||36639.96
F03Q10000979|201403|35953.71|0|133|047|||||5.350|0.00||||||||||||||||||||35953.71
F03Q10000979|201404|35264.40|0|134|046|||||5.350|0.00||||||||||||||||||||35264.40
F03Q10000979|201405|34572.02|0|135|045|||||5.350|0.00||||||||||||||||||||34572.02
F03Q10000979|201406|33876.55|0|136|044|||||5.350|0.00||||||||||||||||||||33876.55
F03Q10000979|201407|33177.98|0|137|043|||||5.350|0.00||||||||||||||||||||33177.98
F03Q10000979|201408|32476.30|0|138|042|||||5.350|0.00||||||||||||||||||||32476.30
F03Q10000979|201409|31771.49|0|139|041|||||5.350|0.00||||||||||||||||||||31771.49
F03Q10000979|201410|31063.54|0|140|040|||||5.350|0.00||||||||||||||||||||31063.54
F03Q10000979|201411|30352.43|0|141|039|||||5.350|0.00||||||||||||||||||||30352.43
F03Q10000979|201412|29638.15|0|142|038|||||5.350|0.00||||||||||||||||||||29638.15
F03Q10000979|201501|28920.69|0|143|037|||||5.350|0.00||||||||||||||||||||28920.69
F03Q10000979|201502|28200.03|0|144|036|||||5.350|0.00||||||||||||||||||||28200.03
F03Q10000979|201503|27476.16|0|145|035|||||5.350|0.00||||||||||||||||||||27476.16
F03Q10000979|201504|26749.06|0|146|034|||||5.350|0.00||||||||||||||||||||26749.06
F03Q10000979|201505|26018.72|0|147|033|||||5.350|0.00||||||||||||||||||||26018.72
F03Q10000979|201506|25285.12|0|148|032|||||5.350|0.00||||||||||||||||||||25285.12
F03Q10000979|201507|24548.25|0|149|031|||||5.350|0.00||||||||||||||||||||24548.25
F03Q10000979|201508|23808.09|0|150|030|||||5.350|0.00||||||||||||||||||||23808.09
F03Q10000979|201509|23064.63|0|151|029|||||5.350|0.00||||||||||||||||||||23064.63
F03Q10000979|201510|22317.86|0|152|028|||||5.350|0.00||||||||||||||||||||22317.86
F03Q10000979|201511|21567.76|0|153|027|||||5.350|0.00||||||||||||||||||||21567.76
F03Q10000979|201512|20814.32|0|154|026|||||5.350|0.00||||||||||||||||||||20814.32
F03Q10000979|201601|20057.52|0|155|025|||||5.350|0.00||||||||||||||||||||20057.52
F03Q10000979|201602|19297.34|0|156|024|||||5.350|0.00||||||||||||||||||||19297.34
F03Q10000979|201603|18533.77|0|157|023|||||5.350|0.00||||||||||||||||||||18533.77
F03Q10000979|201604|17766.80|0|158|022|||||5.350|0.00||||||||||||||||||||17766.80
F03Q10000979|201605|16996.41|0|159|021|||||5.350|0.00||||||||||||||||||||16996.41
F03Q10000979|201606|16222.59|0|160|020|||||5.350|0.00||||||||||||||||||||16222.59
F03Q10000979|201607|15445.32|0|161|019|||||5.350|0.00||||||||||||||||||||15445.32
F03Q10000979|201608|14664.58|0|162|018|||||5.350|0.00||||||||||||||||||||14664.58
F03Q10000979|201609|13880.36|0|163|017|||||5.350|0.00||||||||||||||||||||13880.36
F03Q10000979|201610|13092.64|0|164|016|||||5.350|0.00||||||||||||||||||||13092.64
F03Q10000979|201611|12301.41|0|165|015|||||5.350|0.00||||||||||||||||||||12301.41
F03Q10000979|201612|11506.65|0|166|014|||||5.350|0.00||||||||||||||||||||11506.65
F03Q10000979|201701|10708.35|0|167|013|||||5.350|0.00||||||||||||||||||||10708.35
F03Q10000979|201702|9906.49|0|168|012|||||5.350|0.00||||||||||||||||||||9906.49
F03Q10000979|201703|9101.06|0|169|011|||||5.350|0.00||||||||||||||||||||9101.06
F03Q10000979|201704|8292.04|0|170|010|||||5.350|0.00||||||||||||||999||||||8292.04
F03Q10000979|201705|7479.41|0|171|009|||||5.350|0.00||||||||||||||999||||||7479.41
F03Q10000979|201706|6663.16|0|172|008|||||5.350|0.00||||||||||||||999||||||6663.16
F03Q10000979|201707|5843.27|0|173|007|||||5.350|0.00||||||||||||||999||||||5843.27
F03Q10000979|201708|5019.72|0|174|006|||||5.350|0.00||||||||||||||999||||||5019.72
F03Q10000979|201709|4192.50|0|175|005|||||5.350|0.00||||||||||||||999||||||4192.50
F03Q10000979|201710|3361.59|0|176|004|||||5.350|0.00||||||||||||||999||||||3361.59
F03Q10000979|201711|2526.98|0|177|003|||||5.350|0.00||||||||||||||999||||||2526.98
F03Q10000979|201712|1688.65|0|178|002|||||5.350|0.00||||||||||||||999||||||1688.65
F03Q10000979|201801|846.58|0|179|001|||||5.350|0.00||||||||||||||999||||||846.58
F03Q10000979|201802|0.00|0|180|000|||01|201802|5.350|0.00||||||||||||||999|846.58|||||0.00
F03Q10000985|200302|145000.00|0|000|360|||||5.625|0.00||||||||||||||||||||145000.00
F03Q10000985|200303|145000.00|0|001|359|||||5.625|0.00||||||||||||||||||||145000.00
F03Q10000985|200304|144000.00|0|002|358|||||5.625|0.00||||||||||||||||||||144000.00
F03Q10000985|200305|144000.00|0|003|357|||||5.625|0.00||||||||||||||||||||144000.00
F03Q10000985|200306|144000.00|0|004|356|||||5.625|0.00||||||||||||||||||||144000.00
F03Q10000985|200307|144000.00|0|005|355|||||5.625|0.00||||||||||||||||||||144000.00
F03Q10000985|200308|144000.00|0|006|354|||||5.625|0.00||||||||||||||||||||144000.00
F03Q10000985|200309|143601.84|0|007|353|||||5.625|0.00||||||||||||||||||||143601.84
F03Q10000985|200310|143442.00|0|008|352|||||5.625|0.00||||||||||||||||||||143442.00
F03Q10000985|200311|143281.41|0|009|351|||||5.625|0.00||||||||||||||||||||143281.41
F03Q10000985|200312|143120.07|0|010|350|||||5.625|0.00||||||||||||||||||||143120.07
F03Q10000985|200401|142957.98|0|011|349|||||5.625|0.00||||||||||||||||||||142957.98
F03Q10000985|200402|142795.13|0|012|348|||||5.625|0.00||||||||||||||||||||142795.13
F03Q10000985|200403|142631.51|0|013|347|||||5.625|0.00||||||||||||||||||||142631.51
F03Q10000985|200404|142467.13|0|014|346|||||5.625|0.00||||||||||||||||||||142467.13
F03Q10000985|200405|142301.97|0|015|345|||||5.625|0.00||||||||||||||||||||142301.97
F03Q10000985|200406|142136.04|0|016|344|||||5.625|0.00||||||||||||||||||||142136.04
F03Q10000985|200407|141969.33|0|017|343|||||5.625|0.00||||||||||||||||||||141969.33
F03Q10000985|200408|141801.84|0|018|342|||||5.625|0.00||||||||||||||||||||141801.84
F03Q10000985|200409|141633.57|0|019|341|||||5.625|0.00||||||||||||||||||||141633.57
F03Q10000985|200410|141464.51|0|020|340|||||5.625|0.00||||||||||||||||||||141464.51
F03Q10000985|200411|141294.65|0|021|339|||||5.625|0.00||||||||||||||||||||141294.65
F03Q10000985|200412|141124.00|0|022|338|||||5.625|0.00||||||||||||||||||||141124.00
F03Q10000985|200501|140952.55|0|023|337|||||5.625|0.00||||||||||||||||||||140952.55
F03Q10000985|200502|140780.30|0|024|336|||||5.625|0.00||||||||||||||||||||140780.30
F03Q10000985|200503|140607.24|0|025|335|||||5.625|0.00||||||||||||||||||||140607.24
F03Q10000985|200504|140433.37|0|026|334|||||5.625|0.00||||||||||||||||||||140433.37
F03Q10000985|200505|140258.68|0|027|333|||||5.625|0.00||||||||||||||||||||140258.68
F03Q10000985|200506|140083.17|0|028|332|||||5.625|0.00||||||||||||||||||||140083.17
F03Q10000985|200507|139906.84|0|029|331|||||5.625|0.00||||||||||||||||||||139906.84
F03Q10000985|200508|139729.68|0|030|330|||||5.625|0.00||||||||||||||||||||139729.68
F03Q10000985|200509|139551.69|0|031|329|||||5.625|0.00||||||||||||||||||||139551.69
F03Q10000985|200510|139372.87|0|032|328|||||5.625|0.00||||||||||||||||||||139372.87
F03Q10000985|200511|139193.21|0|033|327|||||5.625|0.00||||||||||||||||||||139193.21
F03Q10000985|200512|139012.71|0|034|326|||||5.625|0.00||||||||||||||||||||139012.71
F03Q10000985|200601|138831.36|0|035|325|||||5.625|0.00||||||||||||||||||||138831.36
F03Q10000985|200602|138649.16|0|036|324|||||5.625|0.00||||||||||||||||||||138649.16
F03Q10000985|200603|138466.11|0|037|323|||||5.625|0.00||||||||||||||||||||138466.11
F03Q10000985|200604|138282.20|0|038|322|||||5.625|0.00||||||||||||||||||||138282.20
F03Q10000985|200605|138097.43|0|039|321|||||5.625|0.00||||||||||||||||||||138097.43
F03Q10000985|200606|137911.79|0|040|320|||||5.625|0.00||||||||||||||||||||137911.79
F03Q10000985|200607|137725.28|0|041|319|||||5.625|0.00||||||||||||||||||||137725.28
F03Q10000985|200608|137537.90|0|042|318|||||5.625|0.00||||||||||||||||||||137537.90
F03Q10000985|200609|137349.64|0|043|317|||||5.625|0.00||||||||||||||||||||137349.64
F03Q10000985|200610|137160.50|0|044|316|||||5.625|0.00||||||||||||||||||||137160.50
F03Q10000985|200611|136970.47|0|045|315|||||5.625|0.00||||||||||||||||||||136970.47
F03Q10000985|200612|136779.55|0|046|314|||||5.625|0.00||||||||||||||||||||136779.55
F03Q10000985|200701|136587.73|0|047|313|||||5.625|0.00||||||||||||||||||||136587.73
F03Q10000985|200702|136395.01|0|048|312|||||5.625|0.00||||||||||||||||||||136395.01
F03Q10000985|200703|136201.39|0|049|311|||||5.625|0.00||||||||||||||||||||136201.39
F03Q10000985|200704|136006.86|0|050|310|||||5.625|0.00||||||||||||||||||||136006.86
F03Q10000985|200705|135811.42|0|051|309|||||5.625|0.00||||||||||||||||||||135811.42
F03Q10000985|200706|135615.07|0|052|308|||||5.625|0.00||||||||||||||||||||135615.07
F03Q10000985|200707|135417.80|0|053|307|||||5.625|0.00||||||||||||||||||||135417.80
F03Q10000985|200708|135219.60|0|054|306|||||5.625|0.00||||||||||||||||||||135219.60
F03Q10000985|200709|135020.47|0|055|305|||||5.625|0.00||||||||||||||||||||135020.47
F03Q10000985|200710|134820.41|0|056|304|||||5.625|0.00||||||||||||||||||||134820.41
F03Q10000985|200711|134619.41|0|057|303|||||5.625|0.00||||||||||||||||||||134619.41
F03Q10000985|200712|134417.47|0|058|302|||||5.625|0.00||||||||||||||||||||134417.47
F03Q10000985|200801|134214.58|0|059|301|||||5.625|0.00||||||||||||||||||||134214.58
F03Q10000985|200802|134010.74|0|060|300|||||5.625|0.00||||||||||||||||||||134010.74
F03Q10000985|200803|133805.95|0|061|299|||||5.625|0.00||||||||||||||||||||133805.95
F03Q10000985|200804|133600.20|0|062|298|||||5.625|0.00||||||||||||||||||||133600.20
F03Q10000985|200805|133393.48|0|063|297|||||5.625|0.00||||||||||||||||||||133393.48
F03Q10000985|200806|133185.79|0|064|296|||||5.625|0.00||||||||||||||||||||133185.79
F03Q10000985|200807|132977.13|0|065|295|||||5.625|0.00||||||||||||||||||||132977.13
F03Q10000985|200808|132767.49|0|066|294|||||5.625|0.00||||||||||||||||||||132767.49
F03Q10000985|200809|132556.87|0|067|293|||||5.625|0.00||||||||||||||||||||132556.87
F03Q10000985|200810|132345.26|0|068|292|||||5.625|0.00||||||||||||||||||||132345.26
F03Q10000985|200811|132132.66|0|069|291|||||5.625|0.00||||||||||||||||||||132132.66
F03Q10000985|200812|131919.06|0|070|290|||||5.625|0.00||||||||||||||||||||131919.06
F03Q10000985|200901|131704.46|0|071|289|||||5.625|0.00||||||||||||||||||||131704.46
F03Q10000985|200902|131488.85|0|072|288|||||5.625|0.00||||||||||||||||||||131488.85
F03Q10000985|200903|131272.23|0|073|287|||||5.625|0.00||||||||||||||||||||131272.23
F03Q10000985|200904|131054.60|0|074|286|||||5.625|0.00||||||||||||||||||||131054.60
F03Q10000985|200905|130835.95|0|075|285|||||5.625|0.00||||||||||||||||||||130835.95
F03Q10000985|200906|130616.27|0|076|284|||||5.625|0.00||||||||||||||||||||130616.27
F03Q10000985|200907|130395.56|0|077|283|||||5.625|0.00||||||||||||||||||||130395.56
F03Q10000985|200908|130173.82|0|078|282|||||5.625|0.00||||||||||||||||||||130173.82
F03Q10000985|200909|129951.04|0|079|281|||||5.625|0.00||||||||||||||||||||129951.04
F03Q10000985|200910|129727.22|0|080|280|||||5.625|0.00||||||||||||||||||||129727.22
F03Q10000985|200911|129502.35|0|081|279|||||5.625|0.00||||||||||||||||||||129502.35
F03Q10000985|200912|129276.42|0|082|278|||||5.625|0.00||||||||||||||||||||129276.42
F03Q10000985|201001|129049.43|0|083|277|||||5.625|0.00||||||||||||||||||||129049.43
F03Q10000985|201002|128821.38|0|084|276|||||5.625|0.00||||||||||||||||||||128821.38
F03Q10000985|201003|128592.26|0|085|275|||||5.625|0.00||||||||||||||||||||128592.26
F03Q10000985|201004|128362.07|0|086|274|||||5.625|0.00||||||||||||||||||||128362.07
F03Q10000985|201005|128130.80|0|087|273|||||5.625|0.00||||||||||||||||||||128130.80
F03Q10000985|201006|127898.44|0|088|272|||||5.625|0.00||||||||||||||||||||127898.44
F03Q10000985|201007|127664.99|0|089|271|||||5.625|0.00||||||||||||||||||||127664.99
F03Q10000985|201008|127430.45|0|090|270|||||5.625|0.00||||||||||||||||||||127430.45
F03Q10000985|201009|127194.81|0|091|269|||||5.625|0.00||||||||||||||||||||127194.81
F03Q10000985|201010|126958.07|0|092|268|||||5.625|0.00||||||||||||||||||||126958.07
F03Q10000985|201011|126720.22|0|093|267|||||5.625|0.00||||||||||||||||||||126720.22
F03Q10000985|201012|126481.25|0|094|266|||||5.625|0.00||||||||||||||||||||126481.25
F03Q10000985|201101|126241.16|0|095|265|||||5.625|0.00||||||||||||||||||||126241.16
F03Q10000985|201102|125999.95|0|096|264|||||5.625|0.00||||||||||||||||||||125999.95
F03Q10000985|201103|125757.60|0|097|263|||||5.625|0.00||||||||||||||||||||125757.60
F03Q10000985|201104|125514.12|0|098|262|||||5.625|0.00||||||||||||||||||||125514.12
F03Q10000985|201105|125269.50|0|099|261|||||5.625|0.00||||||||||||||||||||125269.50
F03Q10000985|201106|125023.73|0|100|260|||||5.625|0.00||||||||||||||||||||125023.73
F03Q10000985|201107|124776.81|0|101|259|||||5.625|0.00||||||||||||||||||||124776.81
F03Q10000985|201108|124528.73|0|102|258|||||5.625|0.00||||||||||||||||||||124528.73
F03Q10000985|201109|124279.49|0|103|257|||||5.625|0.00||||||||||||||||||||124279.49
F03Q10000985|201110|124029.08|0|104|256|||||5.625|0.00||||||||||||||||||||124029.08
F03Q10000985|201111|123777.50|0|105|255|||||5.625|0.00||||||||||||||||||||123777.50
F03Q10000985|201112|123524.74|0|106|254|||||5.625|0.00||||||||||||||||||||123524.74
F03Q10000985|201201|123270.79|0|107|253|||||5.625|0.00||||||||||||||||||||123270.79
F03Q10000985|201202|123015.65|0|108|252|||||5.625|0.00||||||||||||||||||||123015.65
F03Q10000985|201203|122759.32|0|109|251|||||5.625|0.00||||||||||||||||||||122759.32
F03Q10000985|201204|122501.78|0|110|250|||||5.625|0.00||||||||||||||||||||122501.78
F03Q10000985|201205|122243.04|0|111|249|||||5.625|0.00||||||||||||||||||||122243.04
F03Q10000985|201206|121983.08|0|112|248|||||5.625|0.00||||||||||||||||||||121983.08
F03Q10000985|201207|121721.91|0|113|247|||||5.625|0.00||||||||||||||||||||121721.91
F03Q10000985|201208|121459.51|0|114|246|||||5.625|0.00||||||||||||||||||||121459.51
F03Q10000985|201209|121195.88|0|115|245|||||5.625|0.00||||||||||||||||||||121195.88
F03Q10000985|201210|120931.02|0|116|244|||||5.625|0.00||||||||||||||||||||120931.02
F03Q10000985|201211|120664.91|0|117|243|||||5.625|0.00||||||||||||||||||||120664.91
F03Q10000985|201212|120397.56|0|118|242|||||5.625|0.00||||||||||||||||||||120397.56
F03Q10000985|201301|120128.95|0|119|241|||||5.625|0.00||||||||||||||||||||120128.95
F03Q10000985|201302|119859.08|0|120|240|||||5.625|0.00||||||||||||||||||||119859.08
F03Q10000985|201303|119587.95|0|121|239|||||5.625|0.00||||||||||||||||||||119587.95
F03Q10000985|201304|119315.55|0|122|238|||||5.625|0.00||||||||||||||||||||119315.55
F03Q10000985|201305|119041.87|0|123|237|||||5.625|0.00||||||||||||||||||||119041.87
F03Q10000985|201306|118766.91|0|124|236|||||5.625|0.00||||||||||||||||||||118766.91
F03Q10000985|201307|118490.66|0|125|235|||||5.625|0.00||||||||||||||||||||118490.66
F03Q10000985|201308|118213.11|0|126|234|||||5.625|0.00||||||||||||||||||||118213.11
F03Q10000985|201309|117934.26|0|127|233|||||5.625|0.00||||||||||||||||||||117934.26
F03Q10000985|201310|117654.11|0|128|232|||||5.625|0.00||||||||||||||||||||117654.11
F03Q10000985|201311|117372.64|0|129|231|||||5.625|0.00||||||||||||||||||||117372.64
F03Q10000985|201312|117089.85|0|130|230|||||5.625|0.00||||||||||||||||||||117089.85
F03Q10000985|201401|116805.74|0|131|229|||||5.625|0.00||||||||||||||||||||116805.74
F03Q10000985|201402|116520.30|0|132|228|||||5.625|0.00||||||||||||||||||||116520.30
F03Q10000985|201403|116233.52|0|133|227|||||5.625|0.00||||||||||||||||||||116233.52
F03Q10000985|201404|115945.39|0|134|226|||||5.625|0.00||||||||||||||||||||115945.39
F03Q10000985|201405|115655.91|0|135|225|||||5.625|0.00||||||||||||||||||||115655.91
F03Q10000985|201406|115365.08|0|136|224|||||5.625|0.00||||||||||||||||||||115365.08
F03Q10000985|201407|115072.88|0|137|223|||||5.625|0.00||||||||||||||||||||115072.88
F03Q10000985|201408|114779.31|0|138|222|||||5.625|0.00||||||||||||||||||||114779.31
F03Q10000985|201409|114484.37|0|139|221|||||5.625|0.00||||||||||||||||||||114484.37
F03Q10000985|201410|114188.05|0|140|220|||||5.625|0.00||||||||||||||||||||114188.05
F03Q10000985|201411|113890.34|0|141|219|||||5.625|0.00||||||||||||||||||||113890.34
F03Q10000985|201412|113591.23|0|142|218|||||5.625|0.00||||||||||||||||||||113591.23
F03Q10000985|201501|113290.72|0|143|217|||||5.625|0.00||||||||||||||||||||113290.72
F03Q10000985|201502|112988.80|0|144|216|||||5.625|0.00||||||||||||||||||||112988.80
F03Q10000985|201503|112685.47|0|145|215|||||5.625|0.00||||||||||||||||||||112685.47
F03Q10000985|201504|112380.71|0|146|214|||||5.625|0.00||||||||||||||||||||112380.71
F03Q10000985|201505|112074.52|0|147|213|||||5.625|0.00||||||||||||||||||||112074.52
F03Q10000985|201506|111766.90|0|148|212|||||5.625|0.00||||||||||||||||||||111766.90
F03Q10000985|201507|111457.84|0|149|211|||||5.625|0.00||||||||||||||||||||111457.84
F03Q10000985|201508|111147.33|0|150|210|||||5.625|0.00||||||||||||||||||||111147.33
F03Q10000985|201509|110835.36|0|151|209|||||5.625|0.00||||||||||||||||||||110835.36
F03Q10000985|201510|110521.93|0|152|208|||||5.625|0.00||||||||||||||||||||110521.93
F03Q10000985|201511|110207.03|0|153|207|||||5.625|0.00||||||||||||||||||||110207.03
F03Q10000985|201512|109890.66|0|154|206|||||5.625|0.00||||||||||||||||||||109890.66
F03Q10000985|201601|109572.80|0|155|205|||||5.625|0.00||||||||||||||||||||109572.80
F03Q10000985|201602|109253.45|0|156|204|||||5.625|0.00||||||||||||||||||||109253.45
F03Q10000985|201603|108932.61|0|157|203|||||5.625|0.00||||||||||||||||||||108932.61
F03Q10000985|201604|108610.26|0|158|202|||||5.625|0.00||||||||||||||||||||108610.26
F03Q10000985|201605|108286.40|0|159|201|||||5.625|0.00||||||||||||||||||||108286.40
F03Q10000985|201606|107961.02|0|160|200|||||5.625|0.00||||||||||||||||||||107961.02
F03Q10000985|201607|107634.12|0|161|199|||||5.625|0.00||||||||||||||||||||107634.12
F03Q10000985|201608|107305.68|0|162|198|||||5.625|0.00||||||||||||||||||||107305.68
F03Q10000985|201609|106975.71|0|163|197|||||5.625|0.00||||||||||||||||||||106975.71
F03Q10000985|201610|106644.19|0|164|196|||||5.625|0.00||||||||||||||||||||106644.19
F03Q10000985|201611|106311.11|0|165|195|||||5.625|0.00||||||||||||||||||||106311.11
F03Q10000985|201612|105976.47|0|166|194|||||5.625|0.00||||||||||||||||||||105976.47
F03Q10000985|201701|105640.26|0|167|193|||||5.625|0.00||||||||||||||||||||105640.26
F03Q10000985|201702|105302.48|0|168|192|||||5.625|0.00||||||||||||||||||||105302.48
F03Q10000985|201703|104963.12|0|169|191|||||5.625|0.00||||||||||||||||||||104963.12
F03Q10000985|201704|104622.16|0|170|190|||||5.625|0.00||||||||||||||28||||||104622.16
F03Q10000985|201705|104279.61|0|171|189|||||5.625|0.00||||||||||||||28||||||104279.61
F03Q10000985|201706|103935.45|0|172|188|||||5.625|0.00||||||||||||||25||||||103935.45
F03Q10000985|201707|103589.68|0|173|187|||||5.625|0.00||||||||||||||25||||||103589.68
F03Q10000985|201708|103242.29|0|174|186|||||5.625|0.00||||||||||||||25||||||103242.29
F03Q10000985|201709|102893.27|0|175|185|||||5.625|0.00||||||||||||||25||||||102893.27
F03Q10000985|201710|102542.61|0|176|184|||||5.625|0.00||||||||||||||25||||||102542.61
F03Q10000985|201711|102190.31|0|177|183|||||5.625|0.00||||||||||||||24||||||102190.31
F03Q10000985|201712|101836.36|0|178|182|||||5.625|0.00||||||||||||||23||||||101836.36
F03Q10000985|201801|101480.75|0|179|181|||||5.625|0.00||||||||||||||22||||||101480.75
F03Q10000985|201802|101123.47|0|180|180|||||5.625|0.00||||||||||||||22||||||101123.47
F03Q10000985|201803|100764.52|0|181|179|||||5.625|0.00||||||||||||||22||||||100764.52
F03Q10000985|201804|100403.88|0|182|178|||||5.625|0.00||||||||||||||22||||||100403.88
F03Q10000985|201805|100041.55|0|183|177|||||5.625|0.00||||||||||||||22||||||100041.55
F03Q10000985|201806|99677.52|0|184|176|||||5.625|0.00||||||||||||||21||||||99677.52
F03Q10000985|201807|99311.79|0|185|175|||||5.625|0.00||||||||||||||21||||||99311.79
F03Q10000985|201808|98944.34|0|186|174|||||5.625|0.00||||||||||||||21||||||98944.34
F03Q10000985|201809|98575.17|0|187|173|||||5.625|0.00||||||||||||||22||||||98575.17
F03Q10000985|201810|98204.27|0|188|172|||||5.625|0.00||||||||||||||22||||||98204.27
F03Q10000985|201811|97831.63|0|189|171|||||5.625|0.00||||||||||||||22||||||97831.63
F03Q10000985|201812|97457.25|0|190|170|||||5.625|0.00||||||||||||||22||||||97457.25
F03Q10000985|201901|97081.11|0|191|169|||||5.625|0.00||||||||||||||23||||||97081.11
F03Q10000985|201902|96703.21|0|192|168|||||5.625|0.00||||||||||||||23||||||96703.21
F03Q10000985|201903|96323.54|0|193|167|||||5.625|0.00||||||||||||||22||||||96323.54
F03Q10000985|201904|95942.09|0|194|166|||||5.625|0.00||||||||||||||22||||||95942.09
F03Q10000985|201905|95558.85|0|195|165|||||5.625|0.00||||||||||||||22||||||95558.85
F03Q10000985|201906|95173.81|0|196|164|||||5.625|0.00||||||||||||||22||||||95173.81
F03Q10000985|201907|94786.97|0|197|163|||||5.625|0.00||||||||||||||21||||||94786.97
F03Q10000985|201908|94398.31|0|198|162|||||5.625|0.00||||||||||||||21||||||94398.31
F03Q10000985|201909|94007.83|0|199|161|||||5.625|0.00||||||||||||||22||||||94007.83
F03Q10000985|201910|93615.52|0|200|160|||||5.625|0.00||||||||||||||22||||||93615.52
F03Q10000985|201911|93221.37|0|201|159|||||5.625|0.00||||||||||||||22||||||93221.37
F03Q10000985|201912|92825.38|0|202|158|||||5.625|0.00||||||||||||||22||||||92825.38
F03Q10000985|202001|92427.53|0|203|157|||||5.625|0.00||||||||||||||22||||||92427.53
F03Q10000985|202002|92027.81|0|204|156|||||5.625|0.00||||||||||||||21||||||92027.81
F03Q10000985|202003|91626.22|0|205|155|||||5.625|0.00||||||||||||||21||||||91626.22
F03Q10000985|202004|91222.75|0|206|154|||||5.625|0.00||||||||||||||21||||||91222.75
F03Q10000985|202005|90817.39|0|207|153|||||5.625|0.00||||||||||||||20||||||90817.39
F03Q10000985|202006|90410.13|0|208|152|||||5.625|0.00||||||||||||||20||||||90410.13
F03Q10000985|202007|90000.96|0|209|151|||||5.625|0.00||||||||||||||20||||||90000.96
F03Q10000985|202008|89589.87|0|210|150|||||5.625|0.00||||||||||||||19||||||89589.87
F03Q10000985|202009|89176.85|0|211|149|||||5.625|0.00||||||||||||||19||||||89176.85
F03Q10000985|202010|88761.90|0|212|148|||||5.625|0.00||||||||||||||17||||||88761.90
F03Q10000985|202011|88345.00|0|213|147|||||5.625|0.00||||||||||||||17||||||88345.00
F03Q10000985|202012|87926.15|0|214|146|||||5.625|0.00||||||||||||||17||||||87926.15
F03Q10000985|202101|87505.33|0|215|145|||||5.625|0.00||||||||||||||16||||||87505.33
F03Q10000985|202102|87082.54|0|216|144|||||5.625|0.00||||||||||||||16||||||87082.54
F03Q10000985|202103|86657.77|0|217|143|||||5.625|0.00||||||||||||||17||||||86657.77
F03Q10000985|202104|86231.01|0|218|142|||||5.625|0.00||||||||||||||16||||||86231.01
F03Q10000985|202105|85802.25|0|219|141|||||5.625|0.00||||||||||||||13||||||85802.25
F03Q10000985|202106|85371.48|0|220|140|||||5.625|0.00||||||||||||||14||||||85371.48
F03Q10000985|202107|84938.69|0|221|139|||||5.625|0.00||||||||||||||15||||||84938.69
F03Q10000985|202108|84503.87|0|222|138|||||5.625|0.00||||||||||||||15||||||84503.87
F03Q10000985|202109|84067.01|0|223|137|||||5.625|0.00||||||||||||||15||||||84067.01
F03Q10000985|202110|83628.10|0|224|136|||||5.625|0.00||||||||||||||15||||||83628.10
F03Q10000985|202111|83187.14|0|225|135|||||5.625|0.00||||||||||||||15||||||83187.14
F03Q10000985|202112|82744.11|0|226|134|||||5.625|0.00||||||||||||||17||||||82744.11
F03Q10000985|202201|82299.00|0|227|133|||||5.625|0.00||||||||||||||16||||||82299.00
F03Q10000985|202202|81851.81|0|228|132|||||5.625|0.00||||||||||||||16||||||81851.81
F03Q10000985|202203|81402.52|0|229|131|||||5.625|0.00||||||||||||||16||||||81402.52
F03Q10000985|202204|80951.12|0|230|130|||||5.625|0.00||||||||||||||14||||||80951.12
F03Q10000985|202205|80497.61|0|231|129|||||5.625|0.00||||||||||||||14||||||80497.61
F03Q10000985|202206|80041.97|0|232|128|||||5.625|0.00||||||||||||||13||||||80041.97
F03Q10000985|202207|79584.20|0|233|127|||||5.625|0.00||||||||||||||13||||||79584.20
F03Q10000985|202208|79124.28|0|234|126|||||5.625|0.00||||||||||||||13||||||79124.28
F03Q10000985|202209|78662.21|0|235|125|||||5.625|0.00||||||||||||||13||||||78662.21
F03Q10000985|202210|78197.97|0|236|124|||||5.625|0.00||||||||||||||14||||||78197.97
F03Q10000985|202211|77731.55|0|237|123|||||5.625|0.00||||||||||||||14||||||77731.55
F03Q10000985|202212|77262.95|0|238|122|||||5.625|0.00||||||||||||||13||||||77262.95
F03Q10000985|202301|76792.15|0|239|121|||||5.625|0.00||||||||||||||13||||||76792.15
F03Q10000985|202302|76319.14|0|240|120|||||5.625|0.00||||||||||||||13||||||76319.14
F03Q10000985|202303|75843.92|0|241|119|||||5.625|0.00||||||||||||||14||||||75843.92
F03Q10000985|202304|75366.47|0|242|118|||||5.625|0.00||||||||||||||13||||||75366.47
F03Q10000985|202305|74886.78|0|243|117|||||5.625|0.00||||||||||||||12||||||74886.78
F03Q10000985|202306|74404.84|0|244|116|||||5.625|0.00||||||||||||||11||||||74404.84
F03Q10000985|202307|73920.64|0|245|115|||||5.625|0.00||||||||||||||11||||||73920.64
F03Q10000985|202308|73434.17|0|246|114|||||5.625|0.00||||||||||||||11||||||73434.17
F03Q10000985|202309|72945.42|0|247|113|||||5.625|0.00||||||||||||||11||||||72945.42
F03Q10000985|202310|72454.38|0|248|112|||||5.625|0.00||||||||||||||11||||||72454.38
F03Q10000985|202311|71961.04|0|249|111|||||5.625|0.00||||||||||||||11||||||71961.04
F03Q10000985|202312|71465.39|0|250|110|||||5.625|0.00||||||||||||||12||||||71465.39
F03Q10000985|202401|70967.41|0|251|109|||||5.625|0.00||||||||||||||12||||||70967.41
F03Q10000985|202402|70467.10|0|252|108|||||5.625|0.00||||||||||||||12||||||70467.10
F03Q10000985|202403|69964.44|0|253|107|||||5.625|0.00||||||||||||||11||||||69964.44
F03Q10000985|202404|69459.43|0|254|106|||||5.625|0.00||||||||||||||10||||||69459.43
F03Q10000985|202405|68952.05|0|255|105|||||5.625|0.00||||||||||||||10||||||68952.05
F03Q10000985|202406|68442.29|0|256|104|||||5.625|0.00||||||||||||||10||||||68442.29
F03Q10000985|202407|67930.14|0|257|103|||||5.625|0.00||||||||||||||9||||||67930.14
F03Q10000985|202408|67415.59|0|258|102|||||5.625|0.00||||||||||||||10||||||67415.59
F03Q10000985|202409|66898.63|0|259|101|||||5.625|0.00||||||||||||||10||||||66898.63
F03Q10000985|202410|66379.25|0|260|100|||||5.625|0.00||||||||||||||10||||||66379.25
F03Q10000985|202411|65857.43|0|261|099|||||5.625|0.00||||||||||||||10||||||65857.43
F03Q10000985|202412|65333.17|0|262|098|||||5.625|0.00||||||||||||||10||||||65333.17
F03Q10000985|202501|64806.45|0|263|097|||||5.625|0.00||||||||||||||10||||||64806.45
F03Q10000985|202502|64277.26|0|264|096|||||5.625|0.00||||||||||||||10||||||64277.26
F03Q10000985|202503|63745.59|0|265|095|||||5.625|0.00||||||||||||||10||||||63745.59
F03Q10000985|202504|63211.43|0|266|094|||||5.625|0.00||||||||||||||10||||||63211.43
F03Q10000985|202505|62674.76|0|267|093|||||5.625|0.00||||||||||||||9||||||62674.76
F03Q10000985|202506|62135.58|0|268|092|||||5.625|0.00||||||||||||||9||||||62135.58
F03Q10000985|202507|61593.87|0|269|091|||||5.625|0.00||||||||||||||9||||||61593.87
F03Q10000985|202508|61049.62|0|270|090|||||5.625|0.00||||||||||||||9||||||61049.62
F03Q10000985|202509|60502.82|0|271|089|||||5.625|0.00||||||||||||||9||||||60502.82
F03Q10001018|200302|46000.00|0|000|180|||||5.375|0.00||||||||||||||||||||46000.00
F03Q10001018|200303|46000.00|0|001|179|||||5.375|0.00||||||||||||||||||||46000.00
F03Q10001018|200304|46000.00|0|002|178|||||5.375|0.00||||||||||||||||||||46000.00
F03Q10001018|200305|45000.00|0|003|177|||||5.375|0.00||||||||||||||||||||45000.00
F03Q10001018|200306|45000.00|0|004|176|||||5.375|0.00||||||||||||||||||||45000.00
F03Q10001018|200307|45000.00|0|005|175|||||5.375|0.00||||||||||||||||||||45000.00
F03Q10001018|200308|45000.00|0|006|174|||||5.375|0.00||||||||||||||||||||45000.00
F03Q10001018|200309|44816.80|0|007|173|||||5.375|0.00||||||||||||||||||||44816.80
F03Q10001018|200310|44644.73|0|008|172|||||5.375|0.00||||||||||||||||||||44644.73
F03Q10001018|200311|44471.89|0|009|171|||||5.375|0.00||||||||||||||||||||44471.89
F03Q10001018|200312|44298.28|0|010|170|||||5.375|0.00||||||||||||||||||||44298.28
F03Q10001018|200401|44123.89|0|011|169|||||5.375|0.00||||||||||||||||||||44123.89
F03Q10001018|200402|43948.72|0|012|168|||||5.375|0.00||||||||||||||||||||43948.72
F03Q10001018|200403|43772.76|0|013|167|||||5.375|0.00||||||||||||||||||||43772.76
F03Q10001018|200404|43596.02|0|014|166|||||5.375|0.00||||||||||||||||||||43596.02
F03Q10001018|200405|43418.48|0|015|165|||||5.375|0.00||||||||||||||||||||43418.48
F03Q10001018|200406|43240.15|0|016|164|||||5.375|0.00||||||||||||||||||||43240.15
F03Q10001018|200407|43061.02|0|017|163|||||5.375|0.00||||||||||||||||||||43061.02
F03Q10001018|200408|42881.09|0|018|162|||||5.375|0.00||||||||||||||||||||42881.09
F03Q10001018|200409|42700.35|0|019|161|||||5.375|0.00||||||||||||||||||||42700.35
F03Q10001018|200410|42518.80|0|020|160|||||5.375|0.00||||||||||||||||||||42518.80
F03Q10001018|200411|42336.44|0|021|159|||||5.375|0.00||||||||||||||||||||42336.44
F03Q10001018|200412|0.00|0|022|158|||01|200412|5.375|0.00|||||||||||||||42336.44|||||0.00
F03Q10001050|200304|137000.00|0|000|180|||||5.250|0.00||||||||||||||||||||137000.00
F03Q10001050|200305|136000.00|0|001|179|||||5.250|0.00||||||||||||||||||||136000.00
F03Q10001050|200306|136000.00|0|002|178|||||5.250|0.00||||||||||||||||||||136000.00
F03Q10001050|200307|135000.00|0|003|177|||||5.250|0.00||||||||||||||||||||135000.00
F03Q10001050|200308|135000.00|0|004|176|||||5.250|0.00||||||||||||||||||||135000.00
F03Q10001050|200309|134000.00|0|005|175|||||5.250|0.00||||||||||||||||||||134000.00
F03Q10001050|200310|134000.00|0|006|174|||||5.250|0.00||||||||||||||||||||134000.00
F03Q10001050|200311|133440.00|0|007|173|||||5.250|0.00||||||||||||||||||||133440.00
F03Q10001050|200312|132922.49|0|008|172|||||5.250|0.00||||||||||||||||||||132922.49
F03Q10001050|200401|132402.72|0|009|171|||||5.250|0.00||||||||||||||||||||132402.72
F03Q10001050|200402|131880.67|0|010|170|||||5.250|0.00||||||||||||||||||||131880.67
F03Q10001050|200403|131356.34|0|011|169|||||5.250|0.00||||||||||||||||||||131356.34
F03Q10001050|200404|130829.71|0|012|168|||||5.250|0.00||||||||||||||||||||130829.71
F03Q10001050|200405|130300.78|0|013|167|||||5.250|0.00||||||||||||||||||||130300.78
F03Q10001050|200406|129769.54|0|014|166|||||5.250|0.00||||||||||||||||||||129769.54
F03Q10001050|200407|129235.97|0|015|165|||||5.250|0.00||||||||||||||||||||129235.97
F03Q10001050|200408|128700.07|0|016|164|||||5.250|0.00||||||||||||||||||||128700.07
F03Q10001050|200409|128161.82|0|017|163|||||5.250|0.00||||||||||||||||||||128161.82
F03Q10001050|200410|127621.22|0|018|162|||||5.250|0.00||||||||||||||||||||127621.22
F03Q10001050|200411|127078.25|0|019|161|||||5.250|0.00||||||||||||||||||||127078.25
F03Q10001050|200412|126532.91|0|020|160|||||5.250|0.00||||||||||||||||||||126532.91
F03Q10001050|200501|125985.18|0|021|159|||||5.250|0.00||||||||||||||||||||125985.18
F03Q10001050|200502|125435.06|0|022|158|||||5.250|0.00||||||||||||||||||||125435.06
F03Q10001050|200503|124882.53|0|023|157|||||5.250|0.00||||||||||||||||||||124882.53
F03Q10001050|200504|124327.58|0|024|156|||||5.250|0.00||||||||||||||||||||124327.58
F03Q10001050|200505|123770.20|0|025|155|||||5.250|0.00||||||||||||||||||||123770.20
F03Q10001050|200506|123210.38|0|026|154|||||5.250|0.00||||||||||||||||||||123210.38
F03Q10001050|200507|122648.12|0|027|153|||||5.250|0.00||||||||||||||||||||122648.12
F03Q10001050|200508|122083.40|0|028|152|||||5.250|0.00||||||||||||||||||||122083.40
F03Q10001050|200509|121516.20|0|029|151|||||5.250|0.00||||||||||||||||||||121516.20
F03Q10001050|200510|120946.52|0|030|150|||||5.250|0.00||||||||||||||||||||120946.52
F03Q10001050|200511|120374.35|0|031|149|||||5.250|0.00||||||||||||||||||||120374.35
F03Q10001050|200512|119799.68|0|032|148|||||5.250|0.00||||||||||||||||||||119799.68
F03Q10001050|200601|119222.49|0|033|147|||||5.250|0.00||||||||||||||||||||119222.49
F03Q10001050|200602|118642.78|0|034|146|||||5.250|0.00||||||||||||||||||||118642.78
F03Q10001050|200603|118060.53|0|035|145|||||5.250|0.00||||||||||||||||||||118060.53
F03Q10001050|200604|117475.73|0|036|144|||||5.250|0.00||||||||||||||||||||117475.73
F03Q10001050|200605|116888.38|0|037|143|||||5.250|0.00||||||||||||||||||||116888.38
F03Q10001050|200606|116298.46|0|038|142|||||5.250|0.00||||||||||||||||||||116298.46
F03Q10001050|200607|115705.96|0|039|141|||||5.250|0.00||||||||||||||||||||115705.96
F03Q10001050|200608|115110.86|0|040|140|||||5.250|0.00||||||||||||||||||||115110.86
F03Q10001050|200609|114513.16|0|041|139|||||5.250|0.00||||||||||||||||||||114513.16
F03Q10001050|200610|113912.85|0|042|138|||||5.250|0.00||||||||||||||||||||113912.85
F03Q10001050|200611|113309.91|0|043|137|||||5.250|0.00||||||||||||||||||||113309.91
F03Q10001050|200612|112704.33|0|044|136|||||5.250|0.00||||||||||||||||||||112704.33
F03Q10001050|200701|112096.10|0|045|135|||||5.250|0.00||||||||||||||||||||112096.10
F03Q10001050|200702|111485.21|0|046|134|||||5.250|0.00||||||||||||||||||||111485.21
F03Q10001050|200703|110871.65|0|047|133|||||5.250|0.00||||||||||||||||||||110871.65
F03Q10001050|200704|110255.40|0|048|132|||||5.250|0.00||||||||||||||||||||110255.40
F03Q10001050|200705|109636.46|0|049|131|||||5.250|0.00||||||||||||||||||||109636.46
F03Q10001050|200706|109014.81|0|050|130|||||5.250|0.00||||||||||||||||||||109014.81
F03Q10001050|200707|108390.44|0|051|129|||||5.250|0.00||||||||||||||||||||108390.44
F03Q10001050|200708|107763.34|0|052|128|||||5.250|0.00||||||||||||||||||||107763.34
F03Q10001050|200709|107133.49|0|053|127|||||5.250|0.00||||||||||||||||||||107133.49
F03Q10001050|200710|106500.89|0|054|126|||||5.250|0.00||||||||||||||||||||106500.89
F03Q10001050|200711|105865.52|0|055|125|||||5.250|0.00||||||||||||||||||||105865.52
F03Q10001050|200712|105227.37|0|056|124|||||5.250|0.00||||||||||||||||||||105227.37
F03Q10001050|200801|104586.43|0|057|123|||||5.250|0.00||||||||||||||||||||104586.43
F03Q10001050|200802|103942.69|0|058|122|||||5.250|0.00||||||||||||||||||||103942.69
F03Q10001050|200803|103296.13|0|059|121|||||5.250|0.00||||||||||||||||||||103296.13
F03Q10001050|200804|102646.74|0|060|120|||||5.250|0.00||||||||||||||||||||102646.74
F03Q10001050|200805|101994.51|0|061|119|||||5.250|0.00||||||||||||||||||||101994.51
F03Q10001050|200806|101339.43|0|062|118|||||5.250|0.00||||||||||||||||||||101339.43
F03Q10001050|200807|100681.48|0|063|117|||||5.250|0.00||||||||||||||||||||100681.48
F03Q10001050|200808|100020.65|0|064|116|||||5.250|0.00||||||||||||||||||||100020.65
F03Q10001050|200809|99356.93|0|065|115|||||5.250|0.00||||||||||||||||||||99356.93
F03Q10001050|200810|98690.31|0|066|114|||||5.250|0.00||||||||||||||||||||98690.31
F03Q10001050|200811|98020.77|0|067|113|||||5.250|0.00||||||||||||||||||||98020.77
F03Q10001050|200812|97348.30|0|068|112|||||5.250|0.00||||||||||||||||||||97348.30
F03Q10001050|200901|96672.89|0|069|111|||||5.250|0.00||||||||||||||||||||96672.89
F03Q10001050|200902|95994.52|0|070|110|||||5.250|0.00||||||||||||||||||||95994.52
F03Q10001050|200903|95313.19|0|071|109|||||5.250|0.00||||||||||||||||||||95313.19
F03Q10001050|200904|94628.88|0|072|108|||||5.250|0.00||||||||||||||||||||94628.88
F03Q10001050|200905|93941.57|0|073|107|||||5.250|0.00||||||||||||||||||||93941.57
F03Q10001050|200906|93251.25|0|074|106|||||5.250|0.00||||||||||||||||||||93251.25
F03Q10001050|200907|92557.91|0|075|105|||||5.250|0.00||||||||||||||||||||92557.91
F03Q10001050|200908|91861.54|0|076|104|||||5.250|0.00||||||||||||||||||||91861.54
F03Q10001050|200909|91162.12|0|077|103|||||5.250|0.00||||||||||||||||||||91162.12
F03Q10001050|200910|90459.64|0|078|102|||||5.250|0.00||||||||||||||||||||90459.64
F03Q10001050|200911|89754.09|0|079|101|||||5.250|0.00||||||||||||||||||||89754.09
F03Q10001050|200912|89045.45|0|080|100|||||5.250|0.00||||||||||||||||||||89045.45
F03Q10001050|201001|88333.71|0|081|099|||||5.250|0.00||||||||||||||||||||88333.71
F03Q10001050|201002|87618.86|0|082|098|||||5.250|0.00||||||||||||||||||||87618.86
F03Q10001050|201003|86900.88|0|083|097|||||5.250|0.00||||||||||||||||||||86900.88
F03Q10001050|201004|86179.76|0|084|096|||||5.250|0.00||||||||||||||||||||86179.76
F03Q10001050|201005|85455.49|0|085|095|||||5.250|0.00||||||||||||||||||||85455.49
F03Q10001050|201006|34728.05|0|086|094|||||5.250|0.00||||||||||||||||||||34728.05
F03Q10001050|201007|33778.68|0|087|093|||||5.250|0.00||||||||||||||||||||33778.68
F03Q10001050|201008|32825.15|0|088|092|||||5.250|0.00||||||||||||||||||||32825.15
F03Q10001050|201009|31867.45|0|089|091|||||5.250|0.00||||||||||||||||||||31867.45
F03Q10001050|201010|30905.56|0|090|090|||||5.250|0.00||||||||||||||||||||30905.56
F03Q10001050|201011|29939.46|0|091|089|||||5.250|0.00||||||||||||||||||||29939.46
F03Q10001050|201012|28969.14|0|092|088|||||5.250|0.00||||||||||||||||||||28969.14
F03Q10001050|201101|27994.57|0|093|087|||||5.250|0.00||||||||||||||||||||27994.57
F03Q10001050|201102|27015.74|0|094|086|||||5.250|0.00||||||||||||||||||||27015.74
F03Q10001050|201103|26032.62|0|095|085|||||5.250|0.00||||||||||||||||||||26032.62
F03Q10001050|201104|0.00|0|096|084|||01|201104|5.250|0.00|||||||||||||||26032.62|||||0.00
F03Q10001104|200302|24000.00|0|000|120|||||5.500|0.00||||||||||||||||||||24000.00
F03Q10001104|200303|24000.00|0|001|119|||||5.500|0.00||||||||||||||||||||24000.00
F03Q10001104|200304|24000.00|0|002|118|||||5.500|0.00||||||||||||||||||||24000.00
F03Q10001104|200305|23000.00|0|003|117|||||5.500|0.00||||||||||||||||||||23000.00
F03Q10001104|200306|23000.00|0|004|116|||||5.500|0.00||||||||||||||||||||23000.00
F03Q10001104|200307|23000.00|0|005|115|||||5.500|0.00||||||||||||||||||||23000.00
F03Q10001104|200308|23000.00|0|006|114|||||5.500|0.00||||||||||||||||||||23000.00
F03Q10001104|200309|22327.30|0|007|113|||||5.500|0.00||||||||||||||||||||22327.30
F03Q10001104|200310|22083.94|0|008|112|||||5.500|0.00||||||||||||||||||||22083.94
F03Q10001104|200311|21839.47|0|009|111|||||5.500|0.00||||||||||||||||||||21839.47
F03Q10001104|200312|21593.88|0|010|110|||||5.500|0.00||||||||||||||||||||21593.88
F03Q10001104|200401|21347.16|0|011|109|||||5.500|0.00||||||||||||||||||||21347.16
F03Q10001104|200402|21099.31|0|012|108|||||5.500|0.00||||||||||||||||||||21099.31
F03Q10001104|200403|20935.56|0|013|107|||||5.500|0.00||||||||||||||||||||20935.56
F03Q10001104|200404|20771.05|0|014|106|||||5.500|0.00||||||||||||||||||||20771.05
F03Q10001104|200405|20605.79|0|015|105|||||5.500|0.00||||||||||||||||||||20605.79
F03Q10001104|200406|20439.77|0|016|104|||||5.500|0.00||||||||||||||||||||20439.77
F03Q10001104|200407|20272.99|0|017|103|||||5.500|0.00||||||||||||||||||||20272.99
F03Q10001104|200408|20105.45|0|018|102|||||5.500|0.00||||||||||||||||||||20105.45
F03Q10001104|200409|19937.14|0|019|101|||||5.500|0.00||||||||||||||||||||19937.14
F03Q10001104|200410|19768.06|0|020|100|||||5.500|0.00||||||||||||||||||||19768.06
F03Q10001104|200411|19598.20|0|021|099|||||5.500|0.00||||||||||||||||||||19598.20
F03Q10001104|200412|19427.57|0|022|098|||||5.500|0.00||||||||||||||||||||19427.57
F03Q10001104|200501|19256.15|0|023|097|||||5.500|0.00||||||||||||||||||||19256.15
F03Q10001104|200502|19083.95|0|024|096|||||5.500|0.00||||||||||||||||||||19083.95
F03Q10001104|200503|18910.96|0|025|095|||||5.500|0.00||||||||||||||||||||18910.96
F03Q10001104|200504|18737.18|0|026|094|||||5.500|0.00||||||||||||||||||||18737.18
F03Q10001104|200505|18562.60|0|027|093|||||5.500|0.00||||||||||||||||||||18562.60
F03Q10001104|200506|18387.22|0|028|092|||||5.500|0.00||||||||||||||||||||18387.22
F03Q10001104|200507|18211.01|0|029|091|||||5.500|0.00||||||||||||||||||||18211.01
F03Q10001104|200508|18034.02|0|030|090|||||5.500|0.00||||||||||||||||||||18034.02
F03Q10001104|200509|17856.22|0|031|089|||||5.500|0.00||||||||||||||||||||17856.22
F03Q10001104|200510|17677.60|0|032|088|||||5.500|0.00||||||||||||||||||||17677.60
F03Q10001104|200511|17498.16|0|033|087|||||5.500|0.00||||||||||||||||||||17498.16
F03Q10001104|200512|17317.90|0|034|086|||||5.500|0.00||||||||||||||||||||17317.90
F03Q10001104|200601|17136.81|0|035|085|||||5.500|0.00||||||||||||||||||||17136.81
F03Q10001104|200602|16954.89|0|036|084|||||5.500|0.00||||||||||||||||||||16954.89
F03Q10001104|200603|16772.14|0|037|083|||||5.500|0.00||||||||||||||||||||16772.14
F03Q10001104|200604|16588.55|0|038|082|||||5.500|0.00||||||||||||||||||||16588.55
F03Q10001104|200605|16404.12|0|039|081|||||5.500|0.00||||||||||||||||||||16404.12
F03Q10001104|200606|16218.85|0|040|080|||||5.500|0.00||||||||||||||||||||16218.85
F03Q10001104|200607|16032.73|0|041|079|||||5.500|0.00||||||||||||||||||||16032.73
F03Q10001104|200608|15845.75|0|042|078|||||5.500|0.00||||||||||||||||||||15845.75
F03Q10001104|200609|15657.92|0|043|077|||||5.500|0.00||||||||||||||||||||15657.92
F03Q10001104|200610|15469.23|0|044|076|||||5.500|0.00||||||||||||||||||||15469.23
F03Q10001104|200611|15279.67|0|045|075|||||5.500|0.00||||||||||||||||||||15279.67
F03Q10001104|200612|15089.24|0|046|074|||||5.500|0.00||||||||||||||||||||15089.24
F03Q10001104|200701|14705.76|0|047|073|||||5.500|0.00||||||||||||||||||||14705.76
F03Q10001104|200702|14705.76|0|048|072|||||5.500|0.00||||||||||||||||||||14705.76
F03Q10001104|200703|14512.70|0|049|071|||||5.500|0.00||||||||||||||||||||14512.70
F03Q10001104|200704|14318.76|0|050|070|||||5.500|0.00||||||||||||||||||||14318.76
F03Q10001104|200705|14123.93|0|051|069|||||5.500|0.00||||||||||||||||||||14123.93
F03Q10001104|200706|13928.20|0|052|068|||||5.500|0.00||||||||||||||||||||13928.20
F03Q10001104|200707|13731.58|0|053|067|||||5.500|0.00||||||||||||||||||||13731.58
F03Q10001104|200708|13534.06|0|054|066|||||5.500|0.00||||||||||||||||||||13534.06
F03Q10001104|200709|13335.63|0|055|065|||||5.500|0.00||||||||||||||||||||13335.63
F03Q10001104|200710|13136.29|0|056|064|||||5.500|0.00||||||||||||||||||||13136.29
F03Q10001104|200711|12936.04|0|057|063|||||5.500|0.00||||||||||||||||||||12936.04
F03Q10001104|200712|12734.87|0|058|062|||||5.500|0.00||||||||||||||||||||12734.87
F03Q10001104|200801|12532.78|0|059|061|||||5.500|0.00||||||||||||||||||||12532.78
F03Q10001104|200802|12329.76|0|060|060|||||5.500|0.00||||||||||||||||||||12329.76
F03Q10001104|200803|12125.81|0|061|059|||||5.500|0.00||||||||||||||||||||12125.81
F03Q10001104|200804|11920.93|0|062|058|||||5.500|0.00||||||||||||||||||||11920.93
F03Q10001104|200805|11715.11|0|063|057|||||5.500|0.00||||||||||||||||||||11715.11
F03Q10001104|200806|11508.34|0|064|056|||||5.500|0.00||||||||||||||||||||11508.34
F03Q10001104|200807|11300.63|0|065|055|||||5.500|0.00||||||||||||||||||||11300.63
F03Q10001104|200808|11091.96|0|066|054|||||5.500|0.00||||||||||||||||||||11091.96
F03Q10001104|200809|10882.34|0|067|053|||||5.500|0.00||||||||||||||||||||10882.34
F03Q10001104|200810|10671.76|0|068|052|||||5.500|0.00||||||||||||||||||||10671.76
F03Q10001104|200811|10460.21|0|069|051|||||5.500|0.00||||||||||||||||||||10460.21
F03Q10001104|200812|0.00|0|070|050|||01|200812|5.500|0.00|||||||||||||||10460.21|||||0.00
F03Q10001110|200303|46000.00|0|000|360|||||6.125|0.00||||||||||||||||||||46000.00
F03Q10001110|200304|46000.00|0|001|359|||||6.125|0.00||||||||||||||||||||46000.00
F03Q10001110|200305|46000.00|0|002|358|||||6.125|0.00||||||||||||||||||||46000.00
F03Q10001110|200306|46000.00|0|003|357|||||6.125|0.00||||||||||||||||||||46000.00
F03Q10001110|200307|46000.00|0|004|356|||||6.125|0.00||||||||||||||||||||46000.00
F03Q10001110|200308|46000.00|0|005|355|||||6.125|0.00||||||||||||||||||||46000.00
F03Q10001110|200309|46000.00|0|006|354|||||6.125|0.00||||||||||||||||||||46000.00
F03Q10001110|200310|45682.19|0|007|353|||||6.125|0.00||||||||||||||||||||45682.19
F03Q10001110|200311|45635.86|0|008|352|||||6.125|0.00||||||||||||||||||||45635.86
F03Q10001110|200312|45589.29|0|009|351|||||6.125|0.00||||||||||||||||||||45589.29
F03Q10001110|200401|45542.49|0|010|350|||||6.125|0.00||||||||||||||||||||45542.49
F03Q10001110|200402|45495.45|0|011|349|||||6.125|0.00||||||||||||||||||||45495.45
F03Q10001110|200403|45414.00|0|012|348|||||6.125|0.00||||||||||||||||||||45414.00
F03Q10001110|200404|45366.30|0|013|347|||||6.125|0.00||||||||||||||||||||45366.30
F03Q10001110|200405|45318.36|0|014|346|||||6.125|0.00||||||||||||||||||||45318.36
F03Q10001110|200406|45270.17|0|015|345|||||6.125|0.00||||||||||||||||||||45270.17
F03Q10001110|200407|45221.74|0|016|344|||||6.125|0.00||||||||||||||||||||45221.74
F03Q10001110|200408|45173.06|0|017|343|||||6.125|0.00||||||||||||||||||||45173.06
F03Q10001110|200409|45124.13|0|018|342|||||6.125|0.00||||||||||||||||||||45124.13
F03Q10001110|200410|45074.95|0|019|341|||||6.125|0.00||||||||||||||||||||45074.95
F03Q10001110|200411|45025.52|0|020|340|||||6.125|0.00||||||||||||||||||||45025.52
F03Q10001110|200412|44975.84|0|021|339|||||6.125|0.00||||||||||||||||||||44975.84
F03Q10001110|200501|44925.90|0|022|338|||||6.125|0.00||||||||||||||||||||44925.90
F03Q10001110|200502|44875.71|0|023|337|||||6.125|0.00||||||||||||||||||||44875.71
F03Q10001110|200503|44815.26|0|024|336|||||6.125|0.00||||||||||||||||||||44815.26
F03Q10001110|200504|44764.50|0|025|335|||||6.125|0.00||||||||||||||||||||44764.50
F03Q10001110|200505|44558.88|0|026|334|||||6.125|0.00||||||||||||||||||||44558.88
F03Q10001110|200506|44454.49|0|027|333|||||6.125|0.00||||||||||||||||||||44454.49
F03Q10001110|200507|44401.89|0|028|332|||||6.125|0.00||||||||||||||||||||44401.89
F03Q10001110|200508|44401.89|0|029|331|||||6.125|0.00||||||||||||||||||||44401.89
F03Q10001110|200509|44349.02|0|030|330|||||6.125|0.00||||||||||||||||||||44349.02
F03Q10001110|200510|44349.02|0|031|329|||||6.125|0.00||||||||||||||||||||44349.02
F03Q10001110|200511|44349.02|0|032|328|||||6.125|0.00||||||||||||||||||||44349.02
F03Q10001110|200512|0.00|0|033|327|||01|200512|6.125|0.00|||||||||||||||44349.02|||||0.00
F03Q10001285|200302|94000.00|0|000|240|||||5.875|0.00||||||||||||||||||||94000.00
F03Q10001285|200303|94000.00|0|001|239|||||5.875|0.00||||||||||||||||||||94000.00
F03Q10001285|200304|94000.00|0|002|238|||||5.875|0.00||||||||||||||||||||94000.00
F03Q10001285|200305|93000.00|0|003|237|||||5.875|0.00||||||||||||||||||||93000.00
F03Q10001285|200306|93000.00|0|004|236|||||5.875|0.00||||||||||||||||||||93000.00
F03Q10001285|200307|93000.00|0|005|235|||||5.875|0.00||||||||||||||||||||93000.00
F03Q10001285|200308|93000.00|0|006|234|||||5.875|0.00||||||||||||||||||||93000.00
F03Q10001285|200309|92533.22|0|007|233|||||5.875|0.00||||||||||||||||||||92533.22
F03Q10001285|200310|92319.56|0|008|232|||||5.875|0.00||||||||||||||||||||92319.56
F03Q10001285|200311|92104.85|0|009|231|||||5.875|0.00||||||||||||||||||||92104.85
F03Q10001285|200312|91889.09|0|010|230|||||5.875|0.00||||||||||||||||||||91889.09
F03Q10001285|200401|91672.27|0|011|229|||||5.875|0.00||||||||||||||||||||91672.27
F03Q10001285|200402|91454.39|0|012|228|||||5.875|0.00||||||||||||||||||||91454.39
F03Q10001285|200403|91235.45|0|013|227|||||5.875|0.00||||||||||||||||||||91235.45
F03Q10001285|200404|91015.43|0|014|226|||||5.875|0.00||||||||||||||||||||91015.43
F03Q10001285|200405|90794.34|0|015|225|||||5.875|0.00||||||||||||||||||||90794.34
F03Q10001285|200406|90572.16|0|016|224|||||5.875|0.00||||||||||||||||||||90572.16
F03Q10001285|200407|90348.90|0|017|223|||||5.875|0.00||||||||||||||||||||90348.90
F03Q10001285|200408|90124.54|0|018|222|||||5.875|0.00||||||||||||||||||||90124.54
F03Q10001285|200409|89899.08|0|019|221|||||5.875|0.00||||||||||||||||||||89899.08
F03Q10001285|200410|89672.52|0|020|220|||||5.875|0.00||||||||||||||||||||89672.52
F03Q10001285|200411|89444.85|0|021|219|||||5.875|0.00||||||||||||||||||||89444.85
F03Q10001285|200412|89216.07|0|022|218|||||5.875|0.00||||||||||||||||||||89216.07
F03Q10001285|200501|88986.17|0|023|217|||||5.875|0.00||||||||||||||||||||88986.17
F03Q10001285|200502|88755.14|0|024|216|||||5.875|0.00||||||||||||||||||||88755.14
F03Q10001285|200503|88522.98|0|025|215|||||5.875|0.00||||||||||||||||||||88522.98
F03Q10001285|200504|88289.68|0|026|214|||||5.875|0.00||||||||||||||||||||88289.68
F03Q10001285|200505|88055.24|0|027|213|||||5.875|0.00||||||||||||||||||||88055.24
F03Q10001285|200506|87819.65|0|028|212|||||5.875|0.00||||||||||||||||||||87819.65
F03Q10001285|200507|87582.91|0|029|211|||||5.875|0.00||||||||||||||||||||87582.91
F03Q10001285|200508|87345.01|0|030|210|||||5.875|0.00||||||||||||||||||||87345.01
F03Q10001285|200509|87105.95|0|031|209|||||5.875|0.00||||||||||||||||||||87105.95
F03Q10001285|200510|86865.72|0|032|208|||||5.875|0.00||||||||||||||||||||86865.72
F03Q10001285|200511|86624.31|0|033|207|||||5.875|0.00||||||||||||||||||||86624.31
F03Q10001285|200512|86381.72|0|034|206|||||5.875|0.00||||||||||||||||||||86381.72
F03Q10001285|200601|86137.94|0|035|205|||||5.875|0.00||||||||||||||||||||86137.94
F03Q10001285|200602|85892.97|0|036|204|||||5.875|0.00||||||||||||||||||||85892.97
F03Q10001285|200603|85646.80|0|037|203|||||5.875|0.00||||||||||||||||||||85646.80
F03Q10001285|200604|85399.42|0|038|202|||||5.875|0.00||||||||||||||||||||85399.42
F03Q10001285|200605|85150.83|0|039|201|||||5.875|0.00||||||||||||||||||||85150.83
F03Q10001285|200606|84901.02|0|040|200|||||5.875|0.00||||||||||||||||||||84901.02
F03Q10001285|200607|84649.99|0|041|199|||||5.875|0.00||||||||||||||||||||84649.99
F03Q10001285|200608|84397.73|0|042|198|||||5.875|0.00||||||||||||||||||||84397.73
F03Q10001285|200609|84144.24|0|043|197|||||5.875|0.00||||||||||||||||||||84144.24
F03Q10001285|200610|83889.51|0|044|196|||||5.875|0.00||||||||||||||||||||83889.51
F03Q10001285|200611|83633.53|0|045|195|||||5.875|0.00||||||||||||||||||||83633.53
F03Q10001285|200612|83376.30|0|046|194|||||5.875|0.00||||||||||||||||||||83376.30
F03Q10001285|200701|83117.81|0|047|193|||||5.875|0.00||||||||||||||||||||83117.81
F03Q10001285|200702|82858.05|0|048|192|||||5.875|0.00||||||||||||||||||||82858.05
F03Q10001285|200703|82597.02|0|049|191|||||5.875|0.00||||||||||||||||||||82597.02
F03Q10001285|200704|82334.71|0|050|190|||||5.875|0.00||||||||||||||||||||82334.71
F03Q10001285|200705|82071.12|0|051|189|||||5.875|0.00||||||||||||||||||||82071.12
F03Q10001285|200706|81806.24|0|052|188|||||5.875|0.00||||||||||||||||||||81806.24
F03Q10001285|200707|81540.06|0|053|187|||||5.875|0.00||||||||||||||||||||81540.06
F03Q10001285|200708|81272.58|0|054|186|||||5.875|0.00||||||||||||||||||||81272.58
F03Q10001285|200709|81003.79|0|055|185|||||5.875|0.00||||||||||||||||||||81003.79
F03Q10001285|200710|80733.68|0|056|184|||||5.875|0.00||||||||||||||||||||80733.68
F03Q10001285|200711|80462.25|0|057|183|||||5.875|0.00||||||||||||||||||||80462.25
F03Q10001285|200712|80189.49|0|058|182|||||5.875|0.00||||||||||||||||||||80189.49
F03Q10001285|200801|79915.39|0|059|181|||||5.875|0.00||||||||||||||||||||79915.39
F03Q10001285|200802|79639.95|0|060|180|||||5.875|0.00||||||||||||||||||||79639.95
F03Q10001285|200803|79363.16|0|061|179|||||5.875|0.00||||||||||||||||||||79363.16
F03Q10001285|200804|0.00|0|062|178|||01|200804|5.875|0.00|||||||||||||||79363.16|||||0.00
F03Q10001447|200302|120000.00|0|000|204|||||6.125|0.00||||||||||||||||||||120000.00
F03Q10001447|200303|120000.00|0|001|203|||||6.125|0.00||||||||||||||||||||120000.00
F03Q10001447|200304|119000.00|0|002|202|||||6.125|0.00||||||||||||||||||||119000.00
F03Q10001447|200305|119000.00|0|003|201|||||6.125|0.00||||||||||||||||||||119000.00
F03Q10001447|200306|119000.00|0|004|200|||||6.125|0.00||||||||||||||||||||119000.00
F03Q10001447|200307|118000.00|0|005|199|||||6.125|0.00||||||||||||||||||||118000.00
F03Q10001447|200308|0.00|0|006|198|||01|200308|6.125|0.00|||||||||||||||118295.20|||||0.00
F03Q10001541|200302|170000.00|0|000|240|||||5.850|0.00||||||||||||||||||||170000.00
F03Q10001541|200303|170000.00|0|001|239|||||5.850|0.00||||||||||||||||||||170000.00
F03Q10001541|200304|169000.00|0|002|238|||||5.850|0.00||||||||||||||||||||169000.00
F03Q10001541|200305|169000.00|0|003|237|||||5.850|0.00||||||||||||||||||||169000.00
F03Q10001541|200306|168000.00|0|004|236|||||5.850|0.00||||||||||||||||||||168000.00
F03Q10001541|200307|168000.00|0|005|235|||||5.850|0.00||||||||||||||||||||168000.00
F03Q10001541|200308|168000.00|0|006|234|||||5.850|0.00||||||||||||||||||||168000.00
F03Q10001541|200309|167188.70|0|007|233|||||5.850|0.00||||||||||||||||||||167188.70
F03Q10001541|200310|0.00|0|008|232|||01|200310|5.850|0.00|||||||||||||||167188.70|||||0.00
F03Q10001542|200302|80000.00|0|000|360|||||6.000|0.00||||||||||||||||||||80000.00
F03Q10001542|200303|80000.00|0|001|359|||||6.000|0.00||||||||||||||||||||80000.00
F03Q10001542|200304|80000.00|0|002|358|||||6.000|0.00||||||||||||||||||||80000.00
F03Q10001542|200305|80000.00|0|003|357|||||6.000|0.00||||||||||||||||||||80000.00
F03Q10001542|200306|80000.00|0|004|356|||||6.000|0.00||||||||||||||||||||80000.00
F03Q10001542|200307|80000.00|0|005|355|||||6.000|0.00||||||||||||||||||||80000.00
F03Q10001542|200308|80000.00|0|006|354|||||6.000|0.00||||||||||||||||||||80000.00
F03Q10001542|200309|79516.15|0|007|353|||||6.000|0.00||||||||||||||||||||79516.15
F03Q10001542|200310|79434.09|0|008|352|||||6.000|0.00||||||||||||||||||||79434.09
F03Q10001542|200311|79351.62|0|009|351|||||6.000|0.00||||||||||||||||||||79351.62
F03Q10001542|200312|79185.44|0|010|350|||||6.000|0.00||||||||||||||||||||79185.44
F03Q10001542|200401|79101.73|0|011|349|||||6.000|0.00||||||||||||||||||||79101.73
F03Q10001542|200402|0.00|0|012|348|||01|200402|6.000|0.00|||||||||||||||79101.73|||||0.00
F03Q10001562|200301|44000.00|0|000|360|||||6.250|0.00||||||||||||||||||||44000.00
F03Q10001562|200302|44000.00|0|001|359|||||6.250|0.00||||||||||||||||||||44000.00
F03Q10001562|200303|44000.00|0|002|358|||||6.250|0.00||||||||||||||||||||44000.00
F03Q10001562|200304|44000.00|0|003|357|||||6.250|0.00||||||||||||||||||||44000.00
F03Q10001562|200305|44000.00|0|004|356|||||6.250|0.00||||||||||||||||||||44000.00
F03Q10001562|200306|44000.00|0|005|355|||||6.250|0.00||||||||||||||||||||44000.00
F03Q10001562|200307|44000.00|0|006|354|||||6.250|0.00||||||||||||||||||||44000.00
F03Q10001562|200308|43689.58|0|007|353|||||6.250|0.00||||||||||||||||||||43689.58
F03Q10001562|200309|43646.21|0|008|352|||||6.250|0.00||||||||||||||||||||43646.21
F03Q10001562|200310|43602.61|0|009|351|||||6.250|0.00||||||||||||||||||||43602.61
F03Q10001562|200311|43558.79|0|010|350|||||6.250|0.00||||||||||||||||||||43558.79
F03Q10001562|200312|43514.74|0|011|349|||||6.250|0.00||||||||||||||||||||43514.74
F03Q10001562|200401|43514.74|0|012|348|||||6.250|0.00||||||||||||||||||||43514.74
F03Q10001562|200402|43425.95|0|013|347|||||6.250|0.00||||||||||||||||||||43425.95
F03Q10001562|200403|43381.21|0|014|346|||||6.250|0.00||||||||||||||||||||43381.21
F03Q10001562|200404|43381.21|0|015|345|||||6.250|0.00||||||||||||||||||||43381.21
F03Q10001562|200405|43291.02|0|016|344|||||6.250|0.00||||||||||||||||||||43291.02
F03Q10001562|200406|43245.57|0|017|343|||||6.250|0.00||||||||||||||||||||43245.57
F03Q10001562|200407|43199.89|0|018|342|||||6.250|0.00||||||||||||||||||||43199.89
F03Q10001562|200408|43153.97|0|019|341|||||6.250|0.00||||||||||||||||||||43153.97
F03Q10001562|200409|43107.81|0|020|340|||||6.250|0.00||||||||||||||||||||43107.81
F03Q10001562|200410|43061.41|0|021|339|||||6.250|0.00||||||||||||||||||||43061.41
F03Q10001562|200411|43014.77|0|022|338|||||6.250|0.00||||||||||||||||||||43014.77
F03Q10001562|200412|42967.89|0|023|337|||||6.250|0.00||||||||||||||||||||42967.89
F03Q10001562|200501|42920.76|0|024|336|||||6.250|0.00||||||||||||||||||||42920.76
F03Q10001562|200502|42873.39|0|025|335|||||6.250|0.00||||||||||||||||||||42873.39
F03Q10001562|200503|42825.77|0|026|334|||||6.250|0.00||||||||||||||||||||42825.77
F03Q10001562|200504|42777.90|0|027|333|||||6.250|0.00||||||||||||||||||||42777.90
F03Q10001562|200505|42729.78|0|028|332|||||6.250|0.00||||||||||||||||||||42729.78
F03Q10001562|200506|42681.41|0|029|331|||||6.250|0.00||||||||||||||||||||42681.41
F03Q10001562|200507|42632.79|0|030|330|||||6.250|0.00||||||||||||||||||||42632.79
F03Q10001562|200508|42583.92|0|031|329|||||6.250|0.00||||||||||||||||||||42583.92
F03Q10001562|200509|42534.79|0|032|328|||||6.250|0.00||||||||||||||||||||42534.79
F03Q10001562|200510|42485.41|0|033|327|||||6.250|0.00||||||||||||||||||||42485.41
F03Q10001562|200511|42435.77|0|034|326|||||6.250|0.00||||||||||||||||||||42435.77
F03Q10001562|200512|42385.87|0|035|325|||||6.250|0.00||||||||||||||||||||42385.87
F03Q10001562|200601|42335.71|0|036|324|||||6.250|0.00||||||||||||||||||||42335.71
F03Q10001562|200602|42285.29|0|037|323|||||6.250|0.00||||||||||||||||||||42285.29
F03Q10001562|200603|42234.61|0|038|322|||||6.250|0.00||||||||||||||||||||42234.61
F03Q10001562|200604|42183.66|0|039|321|||||6.250|0.00||||||||||||||||||||42183.66
F03Q10001562|200605|42132.45|0|040|320|||||6.250|0.00||||||||||||||||||||42132.45
F03Q10001562|200606|42080.97|0|041|319|||||6.250|0.00||||||||||||||||||||42080.97
F03Q10001562|200607|42029.22|0|042|318|||||6.250|0.00||||||||||||||||||||42029.22
F03Q10001562|200608|41977.20|0|043|317|||||6.250|0.00||||||||||||||||||||41977.20
F03Q10001562|200609|41924.91|0|044|316|||||6.250|0.00||||||||||||||||||||41924.91
F03Q10001562|200610|41872.35|0|045|315|||||6.250|0.00||||||||||||||||||||41872.35
F03Q10001562|200611|41819.52|0|046|314|||||6.250|0.00||||||||||||||||||||41819.52
F03Q10001562|200612|41766.41|0|047|313|||||6.250|0.00||||||||||||||||||||41766.41
F03Q10001562|200701|41713.02|0|048|312|||||6.250|0.00||||||||||||||||||||41713.02
F03Q10001562|200702|41659.36|0|049|311|||||6.250|0.00||||||||||||||||||||41659.36
F03Q10001562|200703|41605.42|0|050|310|||||6.250|0.00||||||||||||||||||||41605.42
F03Q10001562|200704|41551.19|0|051|309|||||6.250|0.00||||||||||||||||||||41551.19
F03Q10001562|200705|41496.68|0|052|308|||||6.250|0.00||||||||||||||||||||41496.68
F03Q10001562|200706|41441.89|0|053|307|||||6.250|0.00||||||||||||||||||||41441.89
F03Q10001562|200707|41386.81|0|054|306|||||6.250|0.00||||||||||||||||||||41386.81
F03Q10001562|200708|41331.45|0|055|305|||||6.250|0.00||||||||||||||||||||41331.45
F03Q10001562|200709|41275.80|0|056|304|||||6.250|0.00||||||||||||||||||||41275.80
F03Q10001562|200710|41219.86|0|057|303|||||6.250|0.00||||||||||||||||||||41219.86
F03Q10001562|200711|41163.63|0|058|302|||||6.250|0.00||||||||||||||||||||41163.63
F03Q10001562|200712|41107.10|0|059|301|||||6.250|0.00||||||||||||||||||||41107.10
F03Q10001562|200801|41050.28|0|060|300|||||6.250|0.00||||||||||||||||||||41050.28
F03Q10001562|200802|40993.16|0|061|299|||||6.250|0.00||||||||||||||||||||40993.16
F03Q10001562|200803|40935.75|0|062|298|||||6.250|0.00||||||||||||||||||||40935.75
F03Q10001562|200804|40878.04|0|063|297|||||6.250|0.00||||||||||||||||||||40878.04
F03Q10001562|200805|40820.03|0|064|296|||||6.250|0.00||||||||||||||||||||40820.03
F03Q10001562|200806|40761.71|0|065|295|||||6.250|0.00||||||||||||||||||||40761.71
F03Q10001562|200807|40703.09|0|066|294|||||6.250|0.00||||||||||||||||||||40703.09
F03Q10001562|200808|40644.17|0|067|293|||||6.250|0.00||||||||||||||||||||40644.17
F03Q10001562|200809|40584.94|0|068|292|||||6.250|0.00||||||||||||||||||||40584.94
F03Q10001562|200810|40525.40|0|069|291|||||6.250|0.00||||||||||||||||||||40525.40
F03Q10001562|200811|40465.55|0|070|290|||||6.250|0.00||||||||||||||||||||40465.55
F03Q10001562|200812|40405.39|0|071|289|||||6.250|0.00||||||||||||||||||||40405.39
F03Q10001562|200901|40344.91|0|072|288|||||6.250|0.00||||||||||||||||||||40344.91
F03Q10001562|200902|40284.12|0|073|287|||||6.250|0.00||||||||||||||||||||40284.12
F03Q10001562|200903|40223.01|0|074|286|||||6.250|0.00||||||||||||||||||||40223.01
F03Q10001562|200904|40161.58|0|075|285|||||6.250|0.00||||||||||||||||||||40161.58
F03Q10001562|200905|40099.83|0|076|284|||||6.250|0.00||||||||||||||||||||40099.83
F03Q10001562|200906|40037.76|0|077|283|||||6.250|0.00||||||||||||||||||||40037.76
F03Q10001562|200907|39975.37|0|078|282|||||6.250|0.00||||||||||||||||||||39975.37
F03Q10001562|200908|39912.66|0|079|281|||||6.250|0.00||||||||||||||||||||39912.66
F03Q10001562|200909|39849.62|0|080|280|||||6.250|0.00||||||||||||||||||||39849.62
F03Q10001562|200910|39786.25|0|081|279|||||6.250|0.00||||||||||||||||||||39786.25
F03Q10001562|200911|39722.55|0|082|278|||||6.250|0.00||||||||||||||||||||39722.55
F03Q10001562|200912|39658.52|0|083|277|||||6.250|0.00||||||||||||||||||||39658.52
F03Q10001562|201001|39594.15|0|084|276|||||6.250|0.00||||||||||||||||||||39594.15
F03Q10001562|201002|39529.45|0|085|275|||||6.250|0.00||||||||||||||||||||39529.45
F03Q10001562|201003|39464.41|0|086|274|||||6.250|0.00||||||||||||||||||||39464.41
F03Q10001562|201004|39399.03|0|087|273|||||6.250|0.00||||||||||||||||||||39399.03
F03Q10001562|201005|39333.31|0|088|272|||||6.250|0.00||||||||||||||||||||39333.31
F03Q10001562|201006|39267.25|0|089|271|||||6.250|0.00||||||||||||||||||||39267.25
F03Q10001562|201007|39200.85|0|090|270|||||6.250|0.00||||||||||||||||||||39200.85
F03Q10001562|201008|39134.10|0|091|269|||||6.250|0.00||||||||||||||||||||39134.10
F03Q10001562|201009|39067.00|0|092|268|||||6.250|0.00||||||||||||||||||||39067.00
F03Q10001562|201010|38999.55|0|093|267|||||6.250|0.00||||||||||||||||||||38999.55
F03Q10001562|201011|38931.75|0|094|266|||||6.250|0.00||||||||||||||||||||38931.75
F03Q10001562|201012|38863.60|0|095|265|||||6.250|0.00||||||||||||||||||||38863.60
F03Q10001562|201101|38795.09|0|096|264|||||6.250|0.00||||||||||||||||||||38795.09
F03Q10001562|201102|38726.23|0|097|263|||||6.250|0.00||||||||||||||||||||38726.23
F03Q10001562|201103|38657.01|0|098|262|||||6.250|0.00||||||||||||||||||||38657.01
F03Q10001562|201104|38587.43|0|099|261|||||6.250|0.00||||||||||||||||||||38587.43
F03Q10001562|201105|38517.49|0|100|260|||||6.250|0.00||||||||||||||||||||38517.49
F03Q10001562|201106|38447.18|0|101|259|||||6.250|0.00||||||||||||||||||||38447.18
F03Q10001562|201107|38376.51|0|102|258|||||6.250|0.00||||||||||||||||||||38376.51
F03Q10001562|201108|0.00|0|103|257|||01|201108|6.250|0.00|||||||||||||||38376.51|||||0.00
F03Q10001739|200302|71000.00|0|000|180|||||5.500|0.00||||||||||||||||||||71000.00
F03Q10001739|200303|71000.00|0|001|179|||||5.500|0.00||||||||||||||||||||71000.00
F03Q10001739|200304|71000.00|0|002|178|||||5.500|0.00||||||||||||||||||||71000.00
F03Q10001739|200305|71000.00|0|003|177|||||5.500|0.00||||||||||||||||||||71000.00
F03Q10001739|200306|70000.00|0|004|176|||||5.500|0.00||||||||||||||||||||70000.00
F03Q10001739|200307|70000.00|0|005|175|||||5.500|0.00||||||||||||||||||||70000.00
F03Q10001739|200308|70000.00|0|006|174|||||5.500|0.00||||||||||||||||||||70000.00
F03Q10001739|200309|69484.61|0|007|173|||||5.500|0.00||||||||||||||||||||69484.61
F03Q10001739|200310|69220.49|0|008|172|||||5.500|0.00||||||||||||||||||||69220.49
F03Q10001739|200311|68955.16|0|009|171|||||5.500|0.00||||||||||||||||||||68955.16
F03Q10001739|200312|68688.61|0|010|170|||||5.500|0.00||||||||||||||||||||68688.61
F03Q10001739|200401|68420.84|0|011|169|||||5.500|0.00||||||||||||||||||||68420.84
F03Q10001739|200402|68151.85|0|012|168|||||5.500|0.00||||||||||||||||||||68151.85
F03Q10001739|200403|67881.62|0|013|167|||||5.500|0.00||||||||||||||||||||67881.62
F03Q10001739|200404|67610.15|0|014|166|||||5.500|0.00||||||||||||||||||||67610.15
F03Q10001739|200405|67337.44|0|015|165|||||5.500|0.00||||||||||||||||||||67337.44
F03Q10001739|200406|67063.48|0|016|164|||||5.500|0.00||||||||||||||||||||67063.48
F03Q10001739|200407|66788.26|0|017|163|||||5.500|0.00||||||||||||||||||||66788.26
F03Q10001739|200408|66511.78|0|018|162|||||5.500|0.00||||||||||||||||||||66511.78
F03Q10001739|200409|66234.04|0|019|161|||||5.500|0.00||||||||||||||||||||66234.04
F03Q10001739|200410|65955.02|0|020|160|||||5.500|0.00||||||||||||||||||||65955.02
F03Q10001739|200411|65674.72|0|021|159|||||5.500|0.00||||||||||||||||||||65674.72
F03Q10001739|200412|65393.14|0|022|158|||||5.500|0.00||||||||||||||||||||65393.14
F03Q10001739|200501|65110.27|0|023|157|||||5.500|0.00||||||||||||||||||||65110.27
F03Q10001739|200502|64826.10|0|024|156|||||5.500|0.00||||||||||||||||||||64826.10
F03Q10001739|200503|64540.63|0|025|155|||||5.500|0.00||||||||||||||||||||64540.63
F03Q10001739|200504|64253.85|0|026|154|||||5.500|0.00||||||||||||||||||||64253.85
F03Q10001739|200505|63965.76|0|027|153|||||5.500|0.00||||||||||||||||||||63965.76
F03Q10001739|200506|63676.35|0|028|152|||||5.500|0.00||||||||||||||||||||63676.35
F03Q10001739|200507|63385.61|0|029|151|||||5.500|0.00||||||||||||||||||||63385.61
F03Q10001739|200508|63093.54|0|030|150|||||5.500|0.00||||||||||||||||||||63093.54
F03Q10001739|200509|62800.13|0|031|149|||||5.500|0.00||||||||||||||||||||62800.13
F03Q10001739|200510|62505.37|0|032|148|||||5.500|0.00||||||||||||||||||||62505.37
F03Q10001739|200511|62209.26|0|033|147|||||5.500|0.00||||||||||||||||||||62209.26
F03Q10001739|200512|61911.80|0|034|146|||||5.500|0.00||||||||||||||||||||61911.80
F03Q10001739|200601|61612.97|0|035|145|||||5.500|0.00||||||||||||||||||||61612.97
F03Q10001739|200602|61312.77|0|036|144|||||5.500|0.00||||||||||||||||||||61312.77
F03Q10001739|200603|61011.20|0|037|143|||||5.500|0.00||||||||||||||||||||61011.20
F03Q10001739|200604|60708.24|0|038|142|||||5.500|0.00||||||||||||||||||||60708.24
F03Q10001739|200605|60403.90|0|039|141|||||5.500|0.00||||||||||||||||||||60403.90
F03Q10001739|200606|60098.16|0|040|140|||||5.500|0.00||||||||||||||||||||60098.16
F03Q10001739|200607|59791.02|0|041|139|||||5.500|0.00||||||||||||||||||||59791.02
F03Q10001739|200608|59482.47|0|042|138|||||5.500|0.00||||||||||||||||||||59482.47
F03Q10001739|200609|59172.51|0|043|137|||||5.500|0.00||||||||||||||||||||59172.51
F03Q10001739|200610|58861.13|0|044|136|||||5.500|0.00||||||||||||||||||||58861.13
F03Q10001739|200611|58548.32|0|045|135|||||5.500|0.00||||||||||||||||||||58548.32
F03Q10001739|200612|58234.08|0|046|134|||||5.500|0.00||||||||||||||||||||58234.08
F03Q10001739|200701|57918.40|0|047|133|||||5.500|0.00||||||||||||||||||||57918.40
F03Q10001739|200702|57601.27|0|048|132|||||5.500|0.00||||||||||||||||||||57601.27
F03Q10001739|200703|57282.69|0|049|131|||||5.500|0.00||||||||||||||||||||57282.69
F03Q10001739|200704|56962.65|0|050|130|||||5.500|0.00||||||||||||||||||||56962.65
F03Q10001739|200705|56318.16|0|051|129|||||5.500|0.00||||||||||||||||||||56318.16
F03Q10001739|200706|55993.69|0|052|128|||||5.500|0.00||||||||||||||||||||55993.69
F03Q10001739|200707|55993.69|0|053|127|||||5.500|0.00||||||||||||||||||||55993.69
F03Q10001739|200708|55340.29|0|054|126|||||5.500|0.00||||||||||||||||||||55340.29
F03Q10001739|200709|55011.34|0|055|125|||||5.500|0.00||||||||||||||||||||55011.34
F03Q10001739|200710|54680.89|0|056|124|||||5.500|0.00||||||||||||||||||||54680.89
F03Q10001739|200711|54348.92|0|057|123|||||5.500|0.00||||||||||||||||||||54348.92
F03Q10001739|200712|54015.43|0|058|122|||||5.500|0.00||||||||||||||||||||54015.43
F03Q10001739|200801|53680.41|0|059|121|||||5.500|0.00||||||||||||||||||||53680.41
F03Q10001739|200802|53343.86|0|060|120|||||5.500|0.00||||||||||||||||||||53343.86
F03Q10001739|200803|53005.76|0|061|119|||||5.500|0.00||||||||||||||||||||53005.76
F03Q10001739|200804|52666.11|0|062|118|||||5.500|0.00||||||||||||||||||||52666.11
F03Q10001739|200805|52324.91|0|063|117|||||5.500|0.00||||||||||||||||||||52324.91
F03Q10001739|200806|51982.14|0|064|116|||||5.500|0.00||||||||||||||||||||51982.14
F03Q10001739|200807|51637.80|0|065|115|||||5.500|0.00||||||||||||||||||||51637.80
F03Q10001739|200808|51291.88|0|066|114|||||5.500|0.00||||||||||||||||||||51291.88
F03Q10001739|200809|50944.38|0|067|113|||||5.500|0.00||||||||||||||||||||50944.38
F03Q10001739|200810|50595.29|0|068|112|||||5.500|0.00||||||||||||||||||||50595.29
F03Q10001739|200811|50244.60|0|069|111|||||5.500|0.00||||||||||||||||||||50244.60
F03Q10001739|200812|49892.30|0|070|110|||||5.500|0.00||||||||||||||||||||49892.30
F03Q10001739|200901|49892.30|0|071|109|||||5.500|0.00||||||||||||||||||||49892.30
F03Q10001739|200902|49182.84|0|072|108|||||5.500|0.00||||||||||||||||||||49182.84
F03Q10001739|200903|48825.67|0|073|107|||||5.500|0.00||||||||||||||||||||48825.67
F03Q10001739|200904|48466.86|0|074|106|||||5.500|0.00||||||||||||||||||||48466.86
F03Q10001739|200905|48466.86|0|075|105|||||5.500|0.00||||||||||||||||||||48466.86
F03Q10001739|200906|47744.31|0|076|104|||||5.500|0.00||||||||||||||||||||47744.31
F03Q10001739|200907|47380.55|0|077|103|||||5.500|0.00||||||||||||||||||||47380.55
F03Q10001739|200908|47015.12|0|078|102|||||5.500|0.00||||||||||||||||||||47015.12
F03Q10001739|200909|46648.02|0|079|101|||||5.500|0.00||||||||||||||||||||46648.02
F03Q10001739|200910|46648.02|0|080|100|||||5.500|0.00||||||||||||||||||||46648.02
F03Q10001739|200911|45908.75|0|081|099|||||5.500|0.00||||||||||||||||||||45908.75
F03Q10001739|200912|45536.58|0|082|098|||||5.500|0.00||||||||||||||||||||45536.58
F03Q10001739|201001|45162.70|0|083|097|||||5.500|0.00||||||||||||||||||||45162.70
F03Q10001739|201002|44787.11|0|084|096|||||5.500|0.00||||||||||||||||||||44787.11
F03Q10001739|201003|44409.79|0|085|095|||||5.500|0.00||||||||||||||||||||44409.79
F03Q10001739|201004|44030.74|0|086|094|||||5.500|0.00||||||||||||||||||||44030.74
F03Q10001739|201005|43649.96|0|087|093|||||5.500|0.00||||||||||||||||||||43649.96
F03Q10001739|201006|43267.43|0|088|092|||||5.500|0.00||||||||||||||||||||43267.43
F03Q10001739|201007|43267.43|0|089|091|||||5.500|0.00||||||||||||||||||||43267.43
F03Q10001739|201008|42497.11|0|090|090|||||5.500|0.00||||||||||||||||||||42497.11
F03Q10001739|201009|42109.30|0|091|089|||||5.500|0.00||||||||||||||||||||42109.30
F03Q10001739|201010|41719.71|0|092|088|||||5.500|0.00||||||||||||||||||||41719.71
F03Q10001739|201011|41719.71|0|093|087|||||5.500|0.00||||||||||||||||||||41719.71
F03Q10001739|201012|0.00|0|094|086|||01|201012|5.500|0.00|||||||||||||||41719.71|||||0.00
F03Q10002021|200302|94000.00|0|000|180|||||5.250|0.00||||||||||||||||||||94000.00
F03Q10002021|200303|94000.00|0|001|179|||||5.250|0.00||||||||||||||||||||94000.00
F03Q10002021|200304|93000.00|0|002|178|||||5.250|0.00||||||||||||||||||||93000.00
F03Q10002021|200305|93000.00|0|003|177|||||5.250|0.00||||||||||||||||||||93000.00
F03Q10002021|200306|93000.00|0|004|176|||||5.250|0.00||||||||||||||||||||93000.00
F03Q10002021|200307|92000.00|0|005|175|||||5.250|0.00||||||||||||||||||||92000.00
F03Q10002021|200308|92000.00|0|006|174|||||5.250|0.00||||||||||||||||||||92000.00
F03Q10002021|200309|91526.46|0|007|173|||||5.250|0.00||||||||||||||||||||91526.46
F03Q10002021|200310|91166.89|0|008|172|||||5.250|0.00||||||||||||||||||||91166.89
F03Q10002021|200311|90805.75|0|009|171|||||5.250|0.00||||||||||||||||||||90805.75
F03Q10002021|200312|90443.03|0|010|170|||||5.250|0.00||||||||||||||||||||90443.03
F03Q10002021|200401|90078.72|0|011|169|||||5.250|0.00||||||||||||||||||||90078.72
F03Q10002021|200402|89712.81|0|012|168|||||5.250|0.00||||||||||||||||||||89712.81
F03Q10002021|200403|89712.81|0|013|167|||||5.250|0.00||||||||||||||||||||89712.81
F03Q10002021|200404|88936.20|0|014|166|||||5.250|0.00||||||||||||||||||||88936.20
F03Q10002021|200405|88565.30|0|015|165|||||5.250|0.00||||||||||||||||||||88565.30
F03Q10002021|200406|88192.77|0|016|164|||||5.250|0.00||||||||||||||||||||88192.77
F03Q10002021|200407|87818.61|0|017|163|||||5.250|0.00||||||||||||||||||||87818.61
F03Q10002021|200408|87818.61|0|018|162|||||5.250|0.00||||||||||||||||||||87818.61
F03Q10002021|200409|86975.40|0|019|161|||||5.250|0.00||||||||||||||||||||86975.40
F03Q10002021|200410|86975.40|0|020|160|||||5.250|0.00||||||||||||||||||||86975.40
F03Q10002021|200411|86214.80|0|021|159|||||5.250|0.00||||||||||||||||||||86214.80
F03Q10002021|200412|85831.99|0|022|158|||||5.250|0.00||||||||||||||||||||85831.99
F03Q10002021|200501|85447.50|0|023|157|||||5.250|0.00||||||||||||||||||||85447.50
F03Q10002021|200502|85061.33|0|024|156|||||5.250|0.00||||||||||||||||||||85061.33
F03Q10002021|200503|84673.47|0|025|155|||||5.250|0.00||||||||||||||||||||84673.47
F03Q10002021|200504|84283.92|0|026|154|||||5.250|0.00||||||||||||||||||||84283.92
F03Q10002021|200505|84283.92|0|027|153|||||5.250|0.00||||||||||||||||||||84283.92
F03Q10002021|200506|83499.71|0|028|152|||||5.250|0.00||||||||||||||||||||83499.71
F03Q10002021|200507|83105.02|0|029|151|||||5.250|0.00||||||||||||||||||||83105.02
F03Q10002021|200508|82708.60|0|030|150|||||5.250|0.00||||||||||||||||||||82708.60
F03Q10002021|200509|82708.60|0|031|149|||||5.250|0.00||||||||||||||||||||82708.60
F03Q10002021|200510|81820.58|0|032|148|||||5.250|0.00||||||||||||||||||||81820.58
F03Q10002021|200511|81418.55|0|033|147|||||5.250|0.00||||||||||||||||||||81418.55
F03Q10002021|200512|81014.76|0|034|146|||||5.250|0.00||||||||||||||||||||81014.76
F03Q10002021|200601|80609.20|0|035|145|||||5.250|0.00||||||||||||||||||||80609.20
F03Q10002021|200602|80201.87|0|036|144|||||5.250|0.00||||||||||||||||||||80201.87
F03Q10002021|200603|80201.87|0|037|143|||||5.250|0.00||||||||||||||||||||80201.87
F03Q10002021|200604|79381.86|0|038|142|||||5.250|0.00||||||||||||||||||||79381.86
F03Q10002021|200605|78969.16|0|039|141|||||5.250|0.00||||||||||||||||||||78969.16
F03Q10002021|200606|78969.16|0|040|140|||||5.250|0.00||||||||||||||||||||78969.16
F03Q10002021|200607|78514.65|0|041|139|||||5.250|0.00||||||||||||||||||||78514.65
F03Q10002021|200608|78027.35|0|042|138|||||5.250|0.00||||||||||||||||||||78027.35
F03Q10002021|200609|77148.61|0|043|137|||||5.250|0.00||||||||||||||||||||77148.61
F03Q10002021|200610|77148.61|0|044|136|||||5.250|0.00||||||||||||||||||||77148.61
F03Q10002021|200611|76261.84|0|045|135|||||5.250|0.00||||||||||||||||||||76261.84
F03Q10002021|200612|75835.49|0|046|134|||||5.250|0.00||||||||||||||||||||75835.49
F03Q10002021|200701|75835.49|0|047|133|||||5.250|0.00||||||||||||||||||||75835.49
F03Q10002021|200702|74977.20|0|048|132|||||5.250|0.00||||||||||||||||||||74977.20
F03Q10002021|200703|74545.23|0|049|131|||||5.250|0.00||||||||||||||||||||74545.23
F03Q10002021|200704|74545.23|0|050|130|||||5.250|0.00||||||||||||||||||||74545.23
F03Q10002021|200705|73675.63|0|051|129|||||5.250|0.00||||||||||||||||||||73675.63
F03Q10002021|200706|73237.96|0|052|128|||||5.250|0.00||||||||||||||||||||73237.96
F03Q10002021|200707|72798.38|0|053|127|||||5.250|0.00||||||||||||||||||||72798.38
F03Q10002021|200708|72798.38|0|054|126|||||5.250|0.00||||||||||||||||||||72798.38
F03Q10002021|200709|72356.87|0|055|125|||||5.250|0.00||||||||||||||||||||72356.87
F03Q10002021|200710|71873.45|0|056|124|||||5.250|0.00||||||||||||||||||||71873.45
F03Q10002021|200711|71428.09|0|057|123|||||5.250|0.00||||||||||||||||||||71428.09
F03Q10002021|200712|70980.61|0|058|122|||||5.250|0.00||||||||||||||||||||70980.61
F03Q10002021|200801|70079.76|0|059|121|||||5.250|0.00||||||||||||||||||||70079.76
F03Q10002021|200802|69626.36|0|060|120|||||5.250|0.00||||||||||||||||||||69626.36
F03Q10002021|200803|69170.98|0|061|119|||||5.250|0.00||||||||||||||||||||69170.98
F03Q10002021|200804|68713.60|0|062|118|||||5.250|0.00||||||||||||||||||||68713.60
F03Q10002021|200805|68713.60|0|063|117|||||5.250|0.00||||||||||||||||||||68713.60
F03Q10002021|200806|67792.85|0|064|116|||||5.250|0.00||||||||||||||||||||67792.85
F03Q10002021|200807|67329.44|0|065|115|||||5.250|0.00||||||||||||||||||||67329.44
F03Q10002021|200808|66868.36|0|066|114|||||5.250|0.00||||||||||||||||||||66868.36
F03Q10002021|200809|66868.36|0|067|113|||||5.250|0.00||||||||||||||||||||66868.36
F03Q10002021|200810|65940.13|0|068|112|||||5.250|0.00||||||||||||||||||||65940.13
F03Q10002021|200811|65940.13|0|069|111|||||5.250|0.00||||||||||||||||||||65940.13
F03Q10002021|200812|65472.97|0|070|110|||||5.250|0.00||||||||||||||||||||65472.97
F03Q10002021|200901|65003.76|0|071|109|||||5.250|0.00||||||||||||||||||||65003.76
F03Q10002021|200902|64532.50|0|072|108|||||5.250|0.00||||||||||||||||||||64532.50
F03Q10002021|200903|64059.18|0|073|107|||||5.250|0.00||||||||||||||||||||64059.18
F03Q10002021|200904|63060.51|0|074|106|||||5.250|0.00||||||||||||||||||||63060.51
F03Q10002021|200905|63060.51|0|075|105|||||5.250|0.00||||||||||||||||||||63060.51
F03Q10002021|200906|62087.97|0|076|104|||||5.250|0.00||||||||||||||||||||62087.97
F03Q10002021|200907|61599.60|0|077|103|||||5.250|0.00||||||||||||||||||||61599.60
F03Q10002021|200908|61109.10|0|078|102|||||5.250|0.00||||||||||||||||||||61109.10
F03Q10002021|200909|60616.45|0|079|101|||||5.250|0.00||||||||||||||||||||60616.45
F03Q10002021|200910|60616.45|0|080|100|||||5.250|0.00||||||||||||||||||||60616.45
F03Q10002021|200911|60126.00|0|081|099|||||5.250|0.00||||||||||||||||||||60126.00
F03Q10002021|200912|59100.87|0|082|098|||||5.250|0.00||||||||||||||||||||59100.87
F03Q10002021|201001|58603.79|0|083|097|||||5.250|0.00||||||||||||||||||||58603.79
F03Q10002021|201002|58603.79|0|084|096|||||5.250|0.00||||||||||||||||||||58603.79
F03Q10002021|201003|58104.53|0|085|095|||||5.250|0.00||||||||||||||||||||58104.53
F03Q10002021|201004|57603.09|0|086|094|||||5.250|0.00||||||||||||||||||||57603.09
F03Q10002021|201005|57099.45|0|087|093|||||5.250|0.00||||||||||||||||||||57099.45
F03Q10002021|201006|56502.15|0|088|092|||||5.250|0.00||||||||||||||||||||56502.15
F03Q10002021|201007|55949.75|0|089|091|||||5.250|0.00||||||||||||||||||||55949.75
F03Q10002021|201008|55194.72|0|090|090|||||5.250|0.00||||||||||||||||||||55194.72
F03Q10002021|201009|54076.50|0|091|089|||||5.250|0.00||||||||||||||||||||54076.50
F03Q10002021|201010|53513.08|0|092|088|||||5.250|0.00||||||||||||||||||||53513.08
F03Q10002021|201011|52947.20|0|093|087|||||5.250|0.00||||||||||||||||||||52947.20
F03Q10002021|201012|52378.84|0|094|086|||||5.250|0.00||||||||||||||||||||52378.84
F03Q10002021|201101|51808.00|0|095|085|||||5.250|0.00||||||||||||||||||||51808.00
F03Q10002021|201102|51234.66|0|096|084|||||5.250|0.00||||||||||||||||||||51234.66
F03Q10002021|201103|51234.66|0|097|083|||||5.250|0.00||||||||||||||||||||51234.66
F03Q10002021|201104|50658.81|0|098|082|||||5.250|0.00||||||||||||||||||||50658.81
F03Q10002021|201105|49487.72|0|099|081|||||5.250|0.00||||||||||||||||||||49487.72
F03Q10002021|201106|48904.23|0|100|080|||||5.250|0.00||||||||||||||||||||48904.23
F03Q10002021|201107|48904.23|0|101|079|||||5.250|0.00||||||||||||||||||||48904.23
F03Q10002021|201108|48268.19|0|102|078|||||5.250|0.00||||||||||||||||||||48268.19
F03Q10002021|201109|47667.56|0|103|077|||||5.250|0.00||||||||||||||||||||47667.56
F03Q10002021|201110|47076.35|0|104|076|||||5.250|0.00||||||||||||||||||||47076.35
F03Q10002021|201111|45786.05|0|105|075|||||5.250|0.00||||||||||||||||||||45786.05
F03Q10002021|201112|45186.36|0|106|074|||||5.250|0.00||||||||||||||||||||45186.36
F03Q10002021|201201|45186.36|0|107|073|||||5.250|0.00||||||||||||||||||||45186.36
F03Q10002021|201202|43979.30|0|108|072|||||5.250|0.00||||||||||||||||||||43979.30
F03Q10002021|201203|43979.30|0|109|071|||||5.250|0.00||||||||||||||||||||43979.30
F03Q10002021|201204|43371.71|0|110|070|||||5.250|0.00||||||||||||||||||||43371.71
F03Q10002021|201205|42761.66|0|111|069|||||5.250|0.00||||||||||||||||||||42761.66
F03Q10002021|201206|41371.32|0|112|068|||||5.250|0.00||||||||||||||||||||41371.32
F03Q10002021|201207|41371.32|0|113|067|||||5.250|0.00||||||||||||||||||||41371.32
F03Q10002021|201208|40130.81|0|114|066|||||5.250|0.00||||||||||||||||||||40130.81
F03Q10002021|201209|40130.81|0|115|065|||||5.250|0.00||||||||||||||||||||40130.81
F03Q10002021|201210|38867.19|0|116|064|||||5.250|0.00||||||||||||||||||||38867.19
F03Q10002021|201211|38867.19|0|117|063|||||5.250|0.00||||||||||||||||||||38867.19
F03Q10002021|201212|38275.01|0|118|062|||||5.250|0.00||||||||||||||||||||38275.01
F03Q10002021|201301|37642.49|0|119|061|||||5.250|0.00||||||||||||||||||||37642.49
F03Q10002021|201302|37045.15|0|120|060|||||5.250|0.00||||||||||||||||||||37045.15
F03Q10002021|201303|36451.60|0|121|059|||||5.250|0.00||||||||||||||||||||36451.60
F03Q10002021|201304|35123.60|0|122|058|||||5.250|0.00||||||||||||||||||||35123.60
F03Q10002021|201305|34377.27|0|123|057|||||5.250|0.00||||||||||||||||||||34377.27
F03Q10002021|201306|33627.67|0|124|056|||||5.250|0.00||||||||||||||||||||33627.67
F03Q10002021|201307|32874.79|0|125|055|||||5.250|0.00||||||||||||||||||||32874.79
F03Q10002021|201308|32118.62|0|126|054|||||5.250|0.00||||||||||||||||||||32118.62
F03Q10002021|201309|31359.14|0|127|053|||||5.250|0.00||||||||||||||||||||31359.14
F03Q10002021|201310|30546.34|0|128|052|||||5.250|0.00||||||||||||||||||||30546.34
F03Q10002021|201311|30546.34|0|129|051|||||5.250|0.00||||||||||||||||||||30546.34
F03Q10002021|201312|29779.98|0|130|050|||||5.250|0.00||||||||||||||||||||29779.98
F03Q10002021|201401|28138.45|0|131|049|||||5.250|0.00||||||||||||||||||||28138.45
F03Q10002021|201402|27361.56|0|132|048|||||5.250|0.00||||||||||||||||||||27361.56
F03Q10002021|201403|27361.56|0|133|047|||||5.250|0.00||||||||||||||||||||27361.56
F03Q10002021|201404|25698.19|0|134|046|||||5.250|0.00||||||||||||||||||||25698.19
F03Q10002021|201405|24910.62|0|135|045|||||5.250|0.00||||||||||||||||||||24910.62
F03Q10002021|201406|24069.60|0|136|044|||||5.250|0.00||||||||||||||||||||24069.60
F03Q10002021|201407|24069.60|0|137|043|||||5.250|0.00||||||||||||||||||||24069.60
F03Q10002021|201408|23419.25|0|138|042|||||5.250|0.00||||||||||||||||||||23419.25
F03Q10002021|201409|21714.74|0|139|041|||||5.250|0.00||||||||||||||||||||21714.74
F03Q10002021|201410|20809.74|0|140|040|||||5.250|0.00||||||||||||||||||||20809.74
F03Q10002021|201411|20809.74|0|141|039|||||5.250|0.00||||||||||||||||||||20809.74
F03Q10002021|201412|20145.13|0|142|038|||||5.250|0.00||||||||||||||||||||20145.13
F03Q10002021|201501|18124.12|0|143|037|||||5.250|0.00||||||||||||||||||||18124.12
F03Q10002021|201502|17203.41|0|144|036|||||5.250|0.00||||||||||||||||||||17203.41
F03Q10002021|201503|17203.41|0|145|035|||||5.250|0.00||||||||||||||||||||17203.41
F03Q10002021|201504|15388.74|0|146|034|||||5.250|0.00||||||||||||||||||||15388.74
F03Q10002021|201505|14456.07|0|147|033|||||5.250|0.00||||||||||||||||||||14456.07
F03Q10002021|201506|13519.32|0|148|032|||||5.250|0.00||||||||||||||||||||13519.32
F03Q10002021|201507|12578.47|0|149|031|||||5.250|0.00||||||||||||||||||||12578.47
F03Q10002021|201508|11633.50|0|150|030|||||5.250|0.00||||||||||||||||||||11633.50
F03Q10002021|201509|10684.40|0|151|029|||||5.250|0.00||||||||||||||||||||10684.40
F03Q10002021|201510|10684.40|0|152|028|||||5.250|0.00||||||||||||||||||||10684.40
F03Q10002021|201511|9975.49|0|153|027|||||5.250|0.00||||||||||||||||||||9975.49
F03Q10002021|201512|9263.48|0|154|026|||||5.250|0.00||||||||||||||||||||9263.48
F03Q10002021|201601|6928.27|0|155|025|||||5.250|0.00||||||||||||||||||||6928.27
F03Q10002021|201602|5958.58|0|156|024|||||5.250|0.00||||||||||||||||||||5958.58
F03Q10002021|201603|4984.65|0|157|023|||||5.250|0.00||||||||||||||||||||4984.65
F03Q10002021|201604|3506.46|0|158|022|||||5.250|0.00||||||||||||||||||||3506.46
F03Q10002021|201605|3506.46|0|159|021|||||5.250|0.00||||||||||||||||||||3506.46
F03Q10002021|201606|0.00|0|160|020|||01|201606|5.250|0.00|||||||||||||||3506.46|||||0.00
F03Q10002064|200302|47000.00|0|000|240|||||6.000|0.00||||||||||||||||||||47000.00
F03Q10002064|200303|47000.00|0|001|239|||||6.000|0.00||||||||||||||||||||47000.00
F03Q10002064|200304|47000.00|0|002|238|||||6.000|0.00||||||||||||||||||||47000.00
F03Q10002064|200305|46000.00|0|003|237|||||6.000|0.00||||||||||||||||||||46000.00
F03Q10002064|200306|46000.00|0|004|236|||||6.000|0.00||||||||||||||||||||46000.00
F03Q10002064|200307|46000.00|0|005|235|||||6.000|0.00||||||||||||||||||||46000.00
F03Q10002064|200308|46000.00|0|006|234|||||6.000|0.00||||||||||||||||||||46000.00
F03Q10002064|200309|45810.89|0|007|233|||||6.000|0.00||||||||||||||||||||45810.89
F03Q10002064|200310|45702.54|0|008|232|||||6.000|0.00||||||||||||||||||||45702.54
F03Q10002064|200311|45593.65|0|009|231|||||6.000|0.00||||||||||||||||||||45593.65
F03Q10002064|200312|45479.22|0|010|230|||||6.000|0.00||||||||||||||||||||45479.22
F03Q10002064|200401|45369.22|0|011|229|||||6.000|0.00||||||||||||||||||||45369.22
F03Q10002064|200402|45233.67|0|012|228|||||6.000|0.00||||||||||||||||||||45233.67
F03Q10002064|200403|45121.07|0|013|227|||||6.000|0.00||||||||||||||||||||45121.07
F03Q10002064|200404|45007.91|0|014|226|||||6.000|0.00||||||||||||||||||||45007.91
F03Q10002064|200405|44894.18|0|015|225|||||6.000|0.00||||||||||||||||||||44894.18
F03Q10002064|200406|44779.88|0|016|224|||||6.000|0.00||||||||||||||||||||44779.88
F03Q10002064|200407|44665.01|0|017|223|||||6.000|0.00||||||||||||||||||||44665.01
F03Q10002064|200408|44549.57|0|018|222|||||6.000|0.00||||||||||||||||||||44549.57
F03Q10002064|200409|44433.55|0|019|221|||||6.000|0.00||||||||||||||||||||44433.55
F03Q10002064|200410|44316.95|0|020|220|||||6.000|0.00||||||||||||||||||||44316.95
F03Q10002064|200411|44199.77|0|021|219|||||6.000|0.00||||||||||||||||||||44199.77
F03Q10002064|200412|44082.00|0|022|218|||||6.000|0.00||||||||||||||||||||44082.00
F03Q10002064|200501|44082.00|0|023|217|||||6.000|0.00||||||||||||||||||||44082.00
F03Q10002064|200502|0.00|0|024|216|||01|200502|6.000|0.00|||||||||||||||44082.00|||||0.00
F03Q10002368|200302|147000.00|0|000|180|||||5.250|0.00||||||||||||||||||||147000.00
F03Q10002368|200303|145000.00|0|001|179|||||5.250|0.00||||||||||||||||||||145000.00
F03Q10002368|200304|144000.00|0|002|178|||||5.250|0.00||||||||||||||||||||144000.00
F03Q10002368|200305|143000.00|0|003|177|||||5.250|0.00||||||||||||||||||||143000.00
F03Q10002368|200306|141000.00|0|004|176|||||5.250|0.00||||||||||||||||||||141000.00
F03Q10002368|200307|140000.00|0|005|175|||||5.250|0.00||||||||||||||||||||140000.00
F03Q10002368|200308|0.00|0|006|174|||01|200308|5.250|0.00|||||||||||||||139747.17|||||0.00
F03Q10002442|200302|75000.00|0|000|360|||||6.000|0.00||||||||||||||||||||75000.00
F03Q10002442|200303|75000.00|0|001|359|||||6.000|0.00||||||||||||||||||||75000.00
F03Q10002442|200304|75000.00|0|002|358|||||6.000|0.00||||||||||||||||||||75000.00
F03Q10002442|200305|75000.00|0|003|357|||||6.000|0.00||||||||||||||||||||75000.00
F03Q10002442|200306|75000.00|0|004|356|||||6.000|0.00||||||||||||||||||||75000.00
F03Q10002442|200307|75000.00|0|005|355|||||6.000|0.00||||||||||||||||||||75000.00
F03Q10002442|200308|75000.00|0|006|354|||||6.000|0.00||||||||||||||||||||75000.00
F03Q10002442|200309|74469.47|0|007|353|||||6.000|0.00||||||||||||||||||||74469.47
F03Q10002442|200310|74392.16|0|008|352|||||6.000|0.00||||||||||||||||||||74392.16
F03Q10002442|200311|74314.46|0|009|351|||||6.000|0.00||||||||||||||||||||74314.46
F03Q10002442|200312|74236.37|0|010|350|||||6.000|0.00||||||||||||||||||||74236.37
F03Q10002442|200401|74157.89|0|011|349|||||6.000|0.00||||||||||||||||||||74157.89
F03Q10002442|200402|74079.02|0|012|348|||||6.000|0.00||||||||||||||||||||74079.02
F03Q10002442|200403|73999.76|0|013|347|||||6.000|0.00||||||||||||||||||||73999.76
F03Q10002442|200404|73920.10|0|014|346|||||6.000|0.00||||||||||||||||||||73920.10
F03Q10002442|200405|73840.04|0|015|345|||||6.000|0.00||||||||||||||||||||73840.04
F03Q10002442|200406|73759.58|0|016|344|||||6.000|0.00||||||||||||||||||||73759.58
F03Q10002442|200407|73678.72|0|017|343|||||6.000|0.00||||||||||||||||||||73678.72
F03Q10002442|200408|73597.45|0|018|342|||||6.000|0.00||||||||||||||||||||73597.45
F03Q10002442|200409|73515.78|0|019|341|||||6.000|0.00||||||||||||||||||||73515.78
F03Q10002442|200410|73433.70|0|020|340|||||6.000|0.00||||||||||||||||||||73433.70
F03Q10002442|200411|73351.21|0|021|339|||||6.000|0.00||||||||||||||||||||73351.21
F03Q10002442|200412|73268.31|0|022|338|||||6.000|0.00||||||||||||||||||||73268.31
F03Q10002442|200501|73184.99|0|023|337|||||6.000|0.00||||||||||||||||||||73184.99
F03Q10002442|200502|73101.25|0|024|336|||||6.000|0.00||||||||||||||||||||73101.25
F03Q10002442|200503|73017.10|0|025|335|||||6.000|0.00||||||||||||||||||||73017.10
F03Q10002442|200504|72932.53|0|026|334|||||6.000|0.00||||||||||||||||||||72932.53
F03Q10002442|200505|72847.53|0|027|333|||||6.000|0.00||||||||||||||||||||72847.53
F03Q10002442|200506|72762.11|0|028|332|||||6.000|0.00||||||||||||||||||||72762.11
F03Q10002442|200507|72676.26|0|029|331|||||6.000|0.00||||||||||||||||||||72676.26
F03Q10002442|200508|72589.98|0|030|330|||||6.000|0.00||||||||||||||||||||72589.98
F03Q10002442|200509|72503.27|0|031|329|||||6.000|0.00||||||||||||||||||||72503.27
F03Q10002442|200510|72416.13|0|032|328|||||6.000|0.00||||||||||||||||||||72416.13
F03Q10002442|200511|72328.55|0|033|327|||||6.000|0.00||||||||||||||||||||72328.55
F03Q10002442|200512|72240.53|0|034|326|||||6.000|0.00||||||||||||||||||||72240.53
F03Q10002442|200601|72152.07|0|035|325|||||6.000|0.00||||||||||||||||||||72152.07
F03Q10002442|200602|72063.17|0|036|324|||||6.000|0.00||||||||||||||||||||72063.17
F03Q10002442|200603|71973.83|0|037|323|||||6.000|0.00||||||||||||||||||||71973.83
F03Q10002442|200604|71884.04|0|038|322|||||6.000|0.00||||||||||||||||||||71884.04
F03Q10002442|200605|71793.80|0|039|321|||||6.000|0.00||||||||||||||||||||71793.80
F03Q10002442|200606|71703.11|0|040|320|||||6.000|0.00||||||||||||||||||||71703.11
F03Q10002442|200607|71611.97|0|041|319|||||6.000|0.00||||||||||||||||||||71611.97
F03Q10002442|200608|71520.37|0|042|318|||||6.000|0.00||||||||||||||||||||71520.37
F03Q10002442|200609|71428.31|0|043|317|||||6.000|0.00||||||||||||||||||||71428.31
F03Q10002442|200610|71335.79|0|044|316|||||6.000|0.00||||||||||||||||||||71335.79
F03Q10002442|200611|71242.81|0|045|315|||||6.000|0.00||||||||||||||||||||71242.81
F03Q10002442|200612|71149.36|0|046|314|||||6.000|0.00||||||||||||||||||||71149.36
F03Q10002442|200701|71055.45|0|047|313|||||6.000|0.00||||||||||||||||||||71055.45
F03Q10002442|200702|70961.07|0|048|312|||||6.000|0.00||||||||||||||||||||70961.07
F03Q10002442|200703|70866.22|0|049|311|||||6.000|0.00||||||||||||||||||||70866.22
F03Q10002442|200704|70770.89|0|050|310|||||6.000|0.00||||||||||||||||||||70770.89
F03Q10002442|200705|70675.08|0|051|309|||||6.000|0.00||||||||||||||||||||70675.08
F03Q10002442|200706|70578.80|0|052|308|||||6.000|0.00||||||||||||||||||||70578.80
F03Q10002442|200707|70482.03|0|053|307|||||6.000|0.00||||||||||||||||||||70482.03
F03Q10002442|200708|70384.78|0|054|306|||||6.000|0.00||||||||||||||||||||70384.78
F03Q10002442|200709|70287.04|0|055|305|||||6.000|0.00||||||||||||||||||||70287.04
F03Q10002442|200710|70188.82|0|056|304|||||6.000|0.00||||||||||||||||||||70188.82
F03Q10002442|200711|70090.10|0|057|303|||||6.000|0.00||||||||||||||||||||70090.10
F03Q10002442|200712|69990.89|0|058|302|||||6.000|0.00||||||||||||||||||||69990.89
F03Q10002442|200801|69891.18|0|059|301|||||6.000|0.00||||||||||||||||||||69891.18
F03Q10002442|200802|69790.98|0|060|300|||||6.000|0.00||||||||||||||||||||69790.98
F03Q10002442|200803|69690.27|0|061|299|||||6.000|0.00||||||||||||||||||||69690.27
F03Q10002442|200804|69589.06|0|062|298|||||6.000|0.00||||||||||||||||||||69589.06
F03Q10002442|200805|69487.35|0|063|297|||||6.000|0.00||||||||||||||||||||69487.35
F03Q10002442|200806|69385.13|0|064|296|||||6.000|0.00||||||||||||||||||||69385.13
F03Q10002442|200807|69282.40|0|065|295|||||6.000|0.00||||||||||||||||||||69282.40
F03Q10002442|200808|69179.15|0|066|294|||||6.000|0.00||||||||||||||||||||69179.15
F03Q10002442|200809|69075.39|0|067|293|||||6.000|0.00||||||||||||||||||||69075.39
F03Q10002442|200810|68971.11|0|068|292|||||6.000|0.00||||||||||||||||||||68971.11
F03Q10002442|200811|68866.31|0|069|291|||||6.000|0.00||||||||||||||||||||68866.31
F03Q10002442|200812|68760.98|0|070|290|||||6.000|0.00||||||||||||||||||||68760.98
F03Q10002442|200901|68655.12|0|071|289|||||6.000|0.00||||||||||||||||||||68655.12
F03Q10002442|200902|68548.74|0|072|288|||||6.000|0.00||||||||||||||||||||68548.74
F03Q10002442|200903|68441.82|0|073|287|||||6.000|0.00||||||||||||||||||||68441.82
F03Q10002442|200904|68334.37|0|074|286|||||6.000|0.00||||||||||||||||||||68334.37
F03Q10002442|200905|68226.38|0|075|285|||||6.000|0.00||||||||||||||||||||68226.38
F03Q10002442|200906|68117.85|0|076|284|||||6.000|0.00||||||||||||||||||||68117.85
F03Q10002442|200907|68008.78|0|077|283|||||6.000|0.00||||||||||||||||||||68008.78
F03Q10002442|200908|67899.16|0|078|282|||||6.000|0.00||||||||||||||||||||67899.16
F03Q10002442|200909|67789.00|0|079|281|||||6.000|0.00||||||||||||||||||||67789.00
F03Q10002442|200910|67678.29|0|080|280|||||6.000|0.00||||||||||||||||||||67678.29
F03Q10002442|200911|67567.02|0|081|279|||||6.000|0.00||||||||||||||||||||67567.02
F03Q10002442|200912|67455.20|0|082|278|||||6.000|0.00||||||||||||||||||||67455.20
F03Q10002442|201001|67342.82|0|083|277|||||6.000|0.00||||||||||||||||||||67342.82
F03Q10002442|201002|67229.87|0|084|276|||||6.000|0.00||||||||||||||||||||67229.87
F03Q10002442|201003|67116.36|0|085|275|||||6.000|0.00||||||||||||||||||||67116.36
F03Q10002442|201004|67002.28|0|086|274|||||6.000|0.00||||||||||||||||||||67002.28
F03Q10002442|201005|66887.63|0|087|273|||||6.000|0.00||||||||||||||||||||66887.63
F03Q10002442|201006|66772.41|0|088|272|||||6.000|0.00||||||||||||||||||||66772.41
F03Q10002442|201007|66656.61|0|089|271|||||6.000|0.00||||||||||||||||||||66656.61
F03Q10002442|201008|66540.23|0|090|270|||||6.000|0.00||||||||||||||||||||66540.23
F03Q10002442|201009|66423.27|0|091|269|||||6.000|0.00||||||||||||||||||||66423.27
F03Q10002442|201010|66305.73|0|092|268|||||6.000|0.00||||||||||||||||||||66305.73
F03Q10002442|201011|66187.60|0|093|267|||||6.000|0.00||||||||||||||||||||66187.60
F03Q10002442|201012|66068.88|0|094|266|||||6.000|0.00||||||||||||||||||||66068.88
F03Q10002442|201101|65949.56|0|095|265|||||6.000|0.00||||||||||||||||||||65949.56
F03Q10002442|201102|65829.65|0|096|264|||||6.000|0.00||||||||||||||||||||65829.65
F03Q10002442|201103|65709.14|0|097|263|||||6.000|0.00||||||||||||||||||||65709.14
F03Q10002442|201104|65588.03|0|098|262|||||6.000|0.00||||||||||||||||||||65588.03
F03Q10002442|201105|65466.31|0|099|261|||||6.000|0.00||||||||||||||||||||65466.31
F03Q10002442|201106|65343.98|0|100|260|||||6.000|0.00||||||||||||||||||||65343.98
F03Q10002442|201107|65221.04|0|101|259|||||6.000|0.00||||||||||||||||||||65221.04
F03Q10002442|201108|65097.49|0|102|258|||||6.000|0.00||||||||||||||||||||65097.49
F03Q10002442|201109|64973.32|0|103|257|||||6.000|0.00||||||||||||||||||||64973.32
F03Q10002442|201110|64848.53|0|104|256|||||6.000|0.00||||||||||||||||||||64848.53
F03Q10002442|201111|64723.11|0|105|255|||||6.000|0.00||||||||||||||||||||64723.11
F03Q10002442|201112|64597.07|0|106|254|||||6.000|0.00||||||||||||||||||||64597.07
F03Q10002442|201201|64470.40|0|107|253|||||6.000|0.00||||||||||||||||||||64470.40
F03Q10002442|201202|64343.09|0|108|252|||||6.000|0.00||||||||||||||||||||64343.09
F03Q10002442|201203|64215.15|0|109|251|||||6.000|0.00||||||||||||||||||||64215.15
F03Q10002442|201204|64086.57|0|110|250|||||6.000|0.00||||||||||||||||||||64086.57
F03Q10002442|201205|63957.34|0|111|249|||||6.000|0.00||||||||||||||||||||63957.34
F03Q10002442|201206|63827.47|0|112|248|||||6.000|0.00||||||||||||||||||||63827.47
F03Q10002442|201207|63696.95|0|113|247|||||6.000|0.00||||||||||||||||||||63696.95
F03Q10002442|201208|63565.77|0|114|246|||||6.000|0.00||||||||||||||||||||63565.77
F03Q10002442|201209|63433.94|0|115|245|||||6.000|0.00||||||||||||||||||||63433.94
F03Q10002442|201210|63301.45|0|116|244|||||6.000|0.00||||||||||||||||||||63301.45
F03Q10002442|201211|63168.30|0|117|243|||||6.000|0.00||||||||||||||||||||63168.30
F03Q10002442|201212|63034.48|0|118|242|||||6.000|0.00||||||||||||||||||||63034.48
F03Q10002442|201301|62899.99|0|119|241|||||6.000|0.00||||||||||||||||||||62899.99
F03Q10002442|201302|62764.83|0|120|240|||||6.000|0.00||||||||||||||||||||62764.83
F03Q10002442|201303|62628.99|0|121|239|||||6.000|0.00||||||||||||||||||||62628.99
F03Q10002442|201304|62492.47|0|122|238|||||6.000|0.00||||||||||||||||||||62492.47
F03Q10002442|201305|62355.27|0|123|237|||||6.000|0.00||||||||||||||||||||62355.27
F03Q10002442|201306|62217.39|0|124|236|||||6.000|0.00||||||||||||||||||||62217.39
F03Q10002442|201307|62078.82|0|125|235|||||6.000|0.00||||||||||||||||||||62078.82
F03Q10002442|201308|61939.55|0|126|234|||||6.000|0.00||||||||||||||||||||61939.55
F03Q10002442|201309|61799.59|0|127|233|||||6.000|0.00||||||||||||||||||||61799.59
F03Q10002442|201310|61658.93|0|128|232|||||6.000|0.00||||||||||||||||||||61658.93
F03Q10002442|201311|61517.56|0|129|231|||||6.000|0.00||||||||||||||||||||61517.56
F03Q10002442|201312|61375.49|0|130|230|||||6.000|0.00||||||||||||||||||||61375.49
F03Q10002442|201401|61232.71|0|131|229|||||6.000|0.00||||||||||||||||||||61232.71
F03Q10002442|201402|61089.21|0|132|228|||||6.000|0.00||||||||||||||||||||61089.21
F03Q10002442|201403|60945.00|0|133|227|||||6.000|0.00||||||||||||||||||||60945.00
F03Q10002442|201404|60800.07|0|134|226|||||6.000|0.00||||||||||||||||||||60800.07
F03Q10002442|201405|60654.41|0|135|225|||||6.000|0.00||||||||||||||||||||60654.41
F03Q10002442|201406|60508.02|0|136|224|||||6.000|0.00||||||||||||||||||||60508.02
F03Q10002442|201407|60360.90|0|137|223|||||6.000|0.00||||||||||||||||||||60360.90
F03Q10002442|201408|60213.04|0|138|222|||||6.000|0.00||||||||||||||||||||60213.04
F03Q10002442|201409|60064.45|0|139|221|||||6.000|0.00||||||||||||||||||||60064.45
F03Q10002442|201410|59915.11|0|140|220|||||6.000|0.00||||||||||||||||||||59915.11
F03Q10002442|201411|59765.03|0|141|219|||||6.000|0.00||||||||||||||||||||59765.03
F03Q10002442|201412|59614.20|0|142|218|||||6.000|0.00||||||||||||||||||||59614.20
F03Q10002442|201501|59462.61|0|143|217|||||6.000|0.00||||||||||||||||||||59462.61
F03Q10002442|201502|59310.26|0|144|216|||||6.000|0.00||||||||||||||||||||59310.26
F03Q10002442|201503|59157.15|0|145|215|||||6.000|0.00||||||||||||||||||||59157.15
F03Q10002442|201504|59003.28|0|146|214|||||6.000|0.00||||||||||||||||||||59003.28
F03Q10002442|201505|0.00|0|147|213|||01|201505|6.000|0.00|||||||||||||||59003.28|||||0.00
F03Q10002600|200302|162000.00|0|000|180|||||5.000|0.00||||||||||||||||||||162000.00
F03Q10002600|200303|162000.00|0|001|179|||||5.000|0.00||||||||||||||||||||162000.00
F03Q10002600|200304|161000.00|0|002|178|||||5.000|0.00||||||||||||||||||||161000.00
F03Q10002600|200305|160000.00|0|003|177|||||5.000|0.00||||||||||||||||||||160000.00
F03Q10002600|200306|160000.00|0|004|176|||||5.000|0.00||||||||||||||||||||160000.00
F03Q10002600|200307|159000.00|0|005|175|||||5.000|0.00||||||||||||||||||||159000.00
F03Q10002600|200308|159000.00|0|006|174|||||5.000|0.00||||||||||||||||||||159000.00
F03Q10002600|200309|157996.16|0|007|173|||||5.000|0.00||||||||||||||||||||157996.16
F03Q10002600|200310|157371.04|0|008|172|||||5.000|0.00||||||||||||||||||||157371.04
F03Q10002600|200311|156743.31|0|009|171|||||5.000|0.00||||||||||||||||||||156743.31
F03Q10002600|200312|156112.96|0|010|170|||||5.000|0.00||||||||||||||||||||156112.96
F03Q10002600|200401|155479.99|0|011|169|||||5.000|0.00||||||||||||||||||||155479.99
F03Q10002600|200402|154844.38|0|012|168|||||5.000|0.00||||||||||||||||||||154844.38
F03Q10002600|200403|154206.12|0|013|167|||||5.000|0.00||||||||||||||||||||154206.12
F03Q10002600|200404|153565.20|0|014|166|||||5.000|0.00||||||||||||||||||||153565.20
F03Q10002600|200405|152921.61|0|015|165|||||5.000|0.00||||||||||||||||||||152921.61
F03Q10002600|200406|0.00|0|016|164|||01|200406|5.000|0.00|||||||||||||||152921.61|||||0.00
F03Q10002695|200302|145000.00|0|000|180|||||5.420|0.00||||||||||||||||||||145000.00
F03Q10002695|200303|145000.00|0|001|179|||||5.420|0.00||||||||||||||||||||145000.00
F03Q10002695|200304|144000.00|0|002|178|||||5.420|0.00||||||||||||||||||||144000.00
F03Q10002695|200305|144000.00|0|003|177|||||5.420|0.00||||||||||||||||||||144000.00
F03Q10002695|200306|143000.00|0|004|176|||||5.420|0.00||||||||||||||||||||143000.00
F03Q10002695|200307|0.00|0|005|175|||01|200307|5.420|0.00|||||||||||||||143186.58|||||0.00
F03Q10002972|200302|80000.00|0|000|180|||||5.375|0.00||||||||||||||||||||80000.00
F03Q10002972|200303|79000.00|0|001|179|||||5.375|0.00||||||||||||||||||||79000.00
F03Q10002972|200304|79000.00|0|002|178|||||5.375|0.00||||||||||||||||||||79000.00
F03Q10002972|200305|79000.00|0|003|177|||||5.375|0.00||||||||||||||||||||79000.00
F03Q10002972|200306|78000.00|0|004|176|||||5.375|0.00||||||||||||||||||||78000.00
F03Q10002972|200307|78000.00|0|005|175|||||5.375|0.00||||||||||||||||||||78000.00
F03Q10002972|200308|78000.00|0|006|174|||||5.375|0.00||||||||||||||||||||78000.00
F03Q10002972|200309|77581.78|0|007|173|||||5.375|0.00||||||||||||||||||||77581.78
F03Q10002972|200310|77283.91|0|008|172|||||5.375|0.00||||||||||||||||||||77283.91
F03Q10002972|200311|76984.71|0|009|171|||||5.375|0.00||||||||||||||||||||76984.71
F03Q10002972|200312|76684.17|0|010|170|||||5.375|0.00||||||||||||||||||||76684.17
F03Q10002972|200401|76382.28|0|011|169|||||5.375|0.00||||||||||||||||||||76382.28
F03Q10002972|200402|76079.04|0|012|168|||||5.375|0.00||||||||||||||||||||76079.04
F03Q10002972|200403|75774.44|0|013|167|||||5.375|0.00||||||||||||||||||||75774.44
F03Q10002972|200404|75468.48|0|014|166|||||5.375|0.00||||||||||||||||||||75468.48
F03Q10002972|200405|75161.15|0|015|165|||||5.375|0.00||||||||||||||||||||75161.15
F03Q10002972|200406|74852.44|0|016|164|||||5.375|0.00||||||||||||||||||||74852.44
F03Q10002972|200407|74542.35|0|017|163|||||5.375|0.00||||||||||||||||||||74542.35
F03Q10002972|200408|74230.87|0|018|162|||||5.375|0.00||||||||||||||||||||74230.87
F03Q10002972|200409|73917.99|0|019|161|||||5.375|0.00||||||||||||||||||||73917.99
F03Q10002972|200410|73603.71|0|020|160|||||5.375|0.00||||||||||||||||||||73603.71
F03Q10002972|200411|73288.02|0|021|159|||||5.375|0.00||||||||||||||||||||73288.02
F03Q10002972|200412|72970.92|0|022|158|||||5.375|0.00||||||||||||||||||||72970.92
F03Q10002972|200501|72652.40|0|023|157|||||5.375|0.00||||||||||||||||||||72652.40
F03Q10002972|200502|72332.45|0|024|156|||||5.375|0.00||||||||||||||||||||72332.45
F03Q10002972|200503|72011.07|0|025|155|||||5.375|0.00||||||||||||||||||||72011.07
F03Q10002972|200504|71688.25|0|026|154|||||5.375|0.00||||||||||||||||||||71688.25
F03Q10002972|200505|71363.98|0|027|153|||||5.375|0.00||||||||||||||||||||71363.98
F03Q10002972|200506|71038.26|0|028|152|||||5.375|0.00||||||||||||||||||||71038.26
F03Q10002972|200507|70711.08|0|029|151|||||5.375|0.00||||||||||||||||||||70711.08
F03Q10002972|200508|70382.44|0|030|150|||||5.375|0.00||||||||||||||||||||70382.44
F03Q10002972|200509|70052.32|0|031|149|||||5.375|0.00||||||||||||||||||||70052.32
F03Q10002972|200510|69720.73|0|032|148|||||5.375|0.00||||||||||||||||||||69720.73
F03Q10002972|200511|69387.65|0|033|147|||||5.375|0.00||||||||||||||||||||69387.65
F03Q10002972|200512|0.00|0|034|146|||01|200512|5.375|0.00|||||||||||||||69387.65|||||0.00
F03Q10003165|200302|158000.00|0|000|180|||||5.500|0.00||||||||||||||||||||158000.00
F03Q10003165|200303|158000.00|0|001|179|||||5.500|0.00||||||||||||||||||||158000.00
F03Q10003165|200304|157000.00|0|002|178|||||5.500|0.00||||||||||||||||||||157000.00
F03Q10003165|200305|156000.00|0|003|177|||||5.500|0.00||||||||||||||||||||156000.00
F03Q10003165|200306|156000.00|0|004|176|||||5.500|0.00||||||||||||||||||||156000.00
F03Q10003165|200307|155000.00|0|005|175|||||5.500|0.00||||||||||||||||||||155000.00
F03Q10003165|200308|155000.00|0|006|174|||||5.500|0.00||||||||||||||||||||155000.00
F03Q10003165|200309|154082.24|0|007|173|||||5.500|0.00||||||||||||||||||||154082.24
F03Q10003165|200310|153488.45|0|008|172|||||5.500|0.00||||||||||||||||||||153488.45
F03Q10003165|200311|152891.94|0|009|171|||||5.500|0.00||||||||||||||||||||152891.94
F03Q10003165|200312|152292.69|0|010|170|||||5.500|0.00||||||||||||||||||||152292.69
F03Q10003165|200401|151690.70|0|011|169|||||5.500|0.00||||||||||||||||||||151690.70
F03Q10003165|200402|151085.95|0|012|168|||||5.500|0.00||||||||||||||||||||151085.95
F03Q10003165|200403|150478.43|0|013|167|||||5.500|0.00||||||||||||||||||||150478.43
F03Q10003165|200404|149868.12|0|014|166|||||5.500|0.00||||||||||||||||||||149868.12
F03Q10003165|200405|149255.02|0|015|165|||||5.500|0.00||||||||||||||||||||149255.02
F03Q10003165|200406|148639.11|0|016|164|||||5.500|0.00||||||||||||||||||||148639.11
F03Q10003165|200407|148020.37|0|017|163|||||5.500|0.00||||||||||||||||||||148020.37
F03Q10003165|200408|147398.80|0|018|162|||||5.500|0.00||||||||||||||||||||147398.80
F03Q10003165|200409|146774.38|0|019|161|||||5.500|0.00||||||||||||||||||||146774.38
F03Q10003165|200410|146147.10|0|020|160|||||5.500|0.00||||||||||||||||||||146147.10
F03Q10003165|200411|145516.94|0|021|159|||||5.500|0.00||||||||||||||||||||145516.94
F03Q10003165|200412|144883.89|0|022|158|||||5.500|0.00||||||||||||||||||||144883.89
F03Q10003165|200501|144247.94|0|023|157|||||5.500|0.00||||||||||||||||||||144247.94
F03Q10003165|200502|0.00|0|024|156|||01|200502|5.500|0.00|||||||||||||||144247.94|||||0.00
F03Q10003519|200302|89000.00|0|000|240|||||6.250|0.00||||||||||||||||||||89000.00
F03Q10003519|200303|89000.00|0|001|239|||||6.250|0.00||||||||||||||||||||89000.00
F03Q10003519|200304|89000.00|0|002|238|||||6.250|0.00||||||||||||||||||||89000.00
F03Q10003519|200305|89000.00|0|003|237|||||6.250|0.00||||||||||||||||||||89000.00
F03Q10003519|200306|88000.00|0|004|236|||||6.250|0.00||||||||||||||||||||88000.00
F03Q10003519|200307|88000.00|0|005|235|||||6.250|0.00||||||||||||||||||||88000.00
F03Q10003519|200308|88000.00|0|006|234|||||6.250|0.00||||||||||||||||||||88000.00
F03Q10003519|200309|87879.27|0|007|233|||||6.250|0.00||||||||||||||||||||87879.27
F03Q10003519|200310|87684.62|0|008|232|||||6.250|0.00||||||||||||||||||||87684.62
F03Q10003519|200311|87488.96|0|009|231|||||6.250|0.00||||||||||||||||||||87488.96
F03Q10003519|200312|87292.28|0|010|230|||||6.250|0.00||||||||||||||||||||87292.28
F03Q10003519|200401|87094.58|0|011|229|||||6.250|0.00||||||||||||||||||||87094.58
F03Q10003519|200402|86895.85|0|012|228|||||6.250|0.00||||||||||||||||||||86895.85
F03Q10003519|200403|85962.13|0|013|227|||||6.250|0.00||||||||||||||||||||85962.13
F03Q10003519|200404|85757.50|0|014|226|||||6.250|0.00||||||||||||||||||||85757.50
F03Q10003519|200405|85551.80|0|015|225|||||6.250|0.00||||||||||||||||||||85551.80
F03Q10003519|200406|85345.03|0|016|224|||||6.250|0.00||||||||||||||||||||85345.03
F03Q10003519|200407|85137.19|0|017|223|||||6.250|0.00||||||||||||||||||||85137.19
F03Q10003519|200408|84928.26|0|018|222|||||6.250|0.00||||||||||||||||||||84928.26
F03Q10003519|200409|84718.24|0|019|221|||||6.250|0.00||||||||||||||||||||84718.24
F03Q10003519|200410|84507.13|0|020|220|||||6.250|0.00||||||||||||||||||||84507.13
F03Q10003519|200411|84294.92|0|021|219|||||6.250|0.00||||||||||||||||||||84294.92
F03Q10003519|200412|84066.92|0|022|218|||||6.250|0.00||||||||||||||||||||84066.92
F03Q10003519|200501|83852.42|0|023|217|||||6.250|0.00||||||||||||||||||||83852.42
F03Q10003519|200502|83636.80|0|024|216|||||6.250|0.00||||||||||||||||||||83636.80
F03Q10003519|200503|83420.06|0|025|215|||||6.250|0.00||||||||||||||||||||83420.06
F03Q10003519|200504|83202.19|0|026|214|||||6.250|0.00||||||||||||||||||||83202.19
F03Q10003519|200505|82983.18|0|027|213|||||6.250|0.00||||||||||||||||||||82983.18
F03Q10003519|200506|82763.03|0|028|212|||||6.250|0.00||||||||||||||||||||82763.03
F03Q10003519|200507|82541.74|0|029|211|||||6.250|0.00||||||||||||||||||||82541.74
F03Q10003519|200508|82303.00|0|030|210|||||6.250|0.00||||||||||||||||||||82303.00
F03Q10003519|200509|82079.31|0|031|209|||||6.250|0.00||||||||||||||||||||82079.31
F03Q10003519|200510|81838.17|0|032|208|||||6.250|0.00||||||||||||||||||||81838.17
F03Q10003519|200511|81610.79|0|033|207|||||6.250|0.00||||||||||||||||||||81610.79
F03Q10003519|200512|81383.50|0|034|206|||||6.250|0.00||||||||||||||||||||81383.50
F03Q10003519|200601|81137.09|0|035|205|||||6.250|0.00||||||||||||||||||||81137.09
F03Q10003519|200602|80907.33|0|036|204|||||6.250|0.00||||||||||||||||||||80907.33
F03Q10003519|200603|80676.37|0|037|203|||||6.250|0.00||||||||||||||||||||80676.37
F03Q10003519|200604|80444.21|0|038|202|||||6.250|0.00||||||||||||||||||||80444.21
F03Q10003519|200605|80197.93|0|039|201|||||6.250|0.00||||||||||||||||||||80197.93
F03Q10003519|200606|79950.37|0|040|200|||||6.250|0.00||||||||||||||||||||79950.37
F03Q10003519|200607|79701.52|0|041|199|||||6.250|0.00||||||||||||||||||||79701.52
F03Q10003519|200608|79446.35|0|042|198|||||6.250|0.00||||||||||||||||||||79446.35
F03Q10003519|200609|79207.78|0|043|197|||||6.250|0.00||||||||||||||||||||79207.78
F03Q10003519|200610|78967.97|0|044|196|||||6.250|0.00||||||||||||||||||||78967.97
F03Q10003519|200611|78726.91|0|045|195|||||6.250|0.00||||||||||||||||||||78726.91
F03Q10003519|200612|78484.60|0|046|194|||||6.250|0.00||||||||||||||||||||78484.60
F03Q10003519|200701|78484.60|0|047|193|||||6.250|0.00||||||||||||||||||||78484.60
F03Q10003519|200702|77996.18|0|048|192|||||6.250|0.00||||||||||||||||||||77996.18
F03Q10003519|200703|77750.06|0|049|191|||||6.250|0.00||||||||||||||||||||77750.06
F03Q10003519|200704|77502.66|0|050|190|||||6.250|0.00||||||||||||||||||||77502.66
F03Q10003519|200705|77245.52|0|051|189|||||6.250|0.00||||||||||||||||||||77245.52
F03Q10003519|200706|76995.49|0|052|188|||||6.250|0.00||||||||||||||||||||76995.49
F03Q10003519|200707|76744.16|0|053|187|||||6.250|0.00||||||||||||||||||||76744.16
F03Q10003519|200708|76483.07|0|054|186|||||6.250|0.00||||||||||||||||||||76483.07
F03Q10003519|200709|76220.62|0|055|185|||||6.250|0.00||||||||||||||||||||76220.62
F03Q10003519|200710|75956.80|0|056|184|||||6.250|0.00||||||||||||||||||||75956.80
F03Q10003519|200711|75691.61|0|057|183|||||6.250|0.00||||||||||||||||||||75691.61
F03Q10003519|200712|75433.41|0|058|182|||||6.250|0.00||||||||||||||||||||75433.41
F03Q10003519|200801|75173.94|0|059|181|||||6.250|0.00||||||||||||||||||||75173.94
F03Q10003519|200802|75173.94|0|060|180|||||6.250|0.00||||||||||||||||||||75173.94
F03Q10003519|200803|74633.86|0|061|179|||||6.250|0.00||||||||||||||||||||74633.86
F03Q10003519|200804|74370.23|0|062|178|||||6.250|0.00||||||||||||||||||||74370.23
F03Q10003519|200805|74105.22|0|063|177|||||6.250|0.00||||||||||||||||||||74105.22
F03Q10003519|200806|73838.83|0|064|176|||||6.250|0.00||||||||||||||||||||73838.83
F03Q10003519|200807|73570.98|0|065|175|||||6.250|0.00||||||||||||||||||||73570.98
F03Q10003519|200808|73299.73|0|066|174|||||6.250|0.00||||||||||||||||||||73299.73
F03Q10003519|200809|73027.07|0|067|173|||||6.250|0.00||||||||||||||||||||73027.07
F03Q10003519|200810|72737.99|0|068|172|||||6.250|0.00||||||||||||||||||||72737.99
F03Q10003519|200811|72737.99|0|069|171|||||6.250|0.00||||||||||||||||||||72737.99
F03Q10003519|200812|72464.48|0|070|170|||||6.250|0.00||||||||||||||||||||72464.48
F03Q10003519|200901|71903.64|0|071|169|||||6.250|0.00||||||||||||||||||||71903.64
F03Q10003519|200902|71625.79|0|072|168|||||6.250|0.00||||||||||||||||||||71625.79
F03Q10003519|200903|71625.79|0|073|167|||||6.250|0.00||||||||||||||||||||71625.79
F03Q10003519|200904|71056.19|0|074|166|||||6.250|0.00||||||||||||||||||||71056.19
F03Q10003519|200905|70773.92|0|075|165|||||6.250|0.00||||||||||||||||||||70773.92
F03Q10003519|200906|0.00|0|076|164|||01|200906|6.250|0.00|||||||||||||||70773.92|||||0.00
F03Q10003608|200302|104000.00|0|000|180|||||5.250|0.00||||||||||||||||||||104000.00
F03Q10003608|200303|104000.00|0|001|179|||||5.250|0.00||||||||||||||||||||104000.00
F03Q10003608|200304|103000.00|0|002|178|||||5.250|0.00||||||||||||||||||||103000.00
F03Q10003608|200305|103000.00|0|003|177|||||5.250|0.00||||||||||||||||||||103000.00
F03Q10003608|200306|102000.00|0|004|176|||||5.250|0.00||||||||||||||||||||102000.00
F03Q10003608|200307|102000.00|0|005|175|||||5.250|0.00||||||||||||||||||||102000.00
F03Q10003608|200308|102000.00|0|006|174|||||5.250|0.00||||||||||||||||||||102000.00
F03Q10003608|200309|101297.53|0|007|173|||||5.250|0.00||||||||||||||||||||101297.53
F03Q10003608|200310|100904.68|0|008|172|||||5.250|0.00||||||||||||||||||||100904.68
F03Q10003608|200311|100510.11|0|009|171|||||5.250|0.00||||||||||||||||||||100510.11
F03Q10003608|200312|100113.81|0|010|170|||||5.250|0.00||||||||||||||||||||100113.81
F03Q10003608|200401|99715.78|0|011|169|||||5.250|0.00||||||||||||||||||||99715.78
F03Q10003608|200402|99316.01|0|012|168|||||5.250|0.00||||||||||||||||||||99316.01
F03Q10003608|200403|98914.49|0|013|167|||||5.250|0.00||||||||||||||||||||98914.49
F03Q10003608|200404|98511.21|0|014|166|||||5.250|0.00||||||||||||||||||||98511.21
F03Q10003608|200405|98106.17|0|015|165|||||5.250|0.00||||||||||||||||||||98106.17
F03Q10003608|200406|97699.35|0|016|164|||||5.250|0.00||||||||||||||||||||97699.35
F03Q10003608|200407|97290.75|0|017|163|||||5.250|0.00||||||||||||||||||||97290.75
F03Q10003608|200408|96880.37|0|018|162|||||5.250|0.00||||||||||||||||||||96880.37
F03Q10003608|200409|96468.19|0|019|161|||||5.250|0.00||||||||||||||||||||96468.19
F03Q10003608|200410|96054.21|0|020|160|||||5.250|0.00||||||||||||||||||||96054.21
F03Q10003608|200411|95638.42|0|021|159|||||5.250|0.00||||||||||||||||||||95638.42
F03Q10003608|200412|95220.81|0|022|158|||||5.250|0.00||||||||||||||||||||95220.81
F03Q10003608|200501|94801.37|0|023|157|||||5.250|0.00||||||||||||||||||||94801.37
F03Q10003608|200502|94380.10|0|024|156|||||5.250|0.00||||||||||||||||||||94380.10
F03Q10003608|200503|93956.98|0|025|155|||||5.250|0.00||||||||||||||||||||93956.98
F03Q10003608|200504|93532.01|0|026|154|||||5.250|0.00||||||||||||||||||||93532.01
F03Q10003608|200505|93105.18|0|027|153|||||5.250|0.00||||||||||||||||||||93105.18
F03Q10003608|200506|92676.49|0|028|152|||||5.250|0.00||||||||||||||||||||92676.49
F03Q10003608|200507|92245.92|0|029|151|||||5.250|0.00||||||||||||||||||||92245.92
F03Q10003608|200508|91813.47|0|030|150|||||5.250|0.00||||||||||||||||||||91813.47
F03Q10003608|200509|91379.12|0|031|149|||||5.250|0.00||||||||||||||||||||91379.12
F03Q10003608|200510|0.00|0|032|148|||01|200510|5.250|0.00|||||||||||||||91379.12|||||0.00
F03Q10003705|200302|275000.00|0|000|360|||||6.125|0.00||||||||||||||||||||275000.00
F03Q10003705|200303|275000.00|0|001|359|||||6.125|0.00||||||||||||||||||||275000.00
F03Q10003705|200304|274000.00|0|002|358|||||6.125|0.00||||||||||||||||||||274000.00
F03Q10003705|200305|274000.00|0|003|357|||||6.125|0.00||||||||||||||||||||274000.00
F03Q10003705|200306|274000.00|0|004|356|||||6.125|0.00||||||||||||||||||||274000.00
F03Q10003705|200307|274000.00|0|005|355|||||6.125|0.00||||||||||||||||||||274000.00
F03Q10003705|200308|273000.00|0|006|354|||||6.125|0.00||||||||||||||||||||273000.00
F03Q10003705|200309|273100.12|0|007|353|||||6.125|0.00||||||||||||||||||||273100.12
F03Q10003705|200310|0.00|0|008|352|||01|200310|6.125|0.00|||||||||||||||273100.12|||||0.00
F03Q10003801|200302|110000.00|0|000|180|||||5.500|0.00||||||||||||||||||||110000.00
F03Q10003801|200303|110000.00|0|001|179|||||5.500|0.00||||||||||||||||||||110000.00
F03Q10003801|200304|0.00|0|002|178|||01|200304|5.500|0.00|||||||||||||||109605.39|||||0.00
F03Q10003807|200302|67000.00|0|000|180|||||5.625|0.00||||||||||||||||||||67000.00
F03Q10003807|200303|66000.00|0|001|179|||||5.625|0.00||||||||||||||||||||66000.00
F03Q10003807|200304|66000.00|0|002|178|||||5.625|0.00||||||||||||||||||||66000.00
F03Q10003807|200305|66000.00|0|003|177|||||5.625|0.00||||||||||||||||||||66000.00
F03Q10003807|200306|65000.00|0|004|176|||||5.625|0.00||||||||||||||||||||65000.00
F03Q10003807|200307|65000.00|0|005|175|||||5.625|0.00||||||||||||||||||||65000.00
F03Q10003807|200308|65000.00|0|006|174|||||5.625|0.00||||||||||||||||||||65000.00
F03Q10003807|200309|64309.98|0|007|173|||||5.625|0.00||||||||||||||||||||64309.98
F03Q10003807|200310|64062.10|0|008|172|||||5.625|0.00||||||||||||||||||||64062.10
F03Q10003807|200311|63813.06|0|009|171|||||5.625|0.00||||||||||||||||||||63813.06
F03Q10003807|200312|63562.85|0|010|170|||||5.625|0.00||||||||||||||||||||63562.85
F03Q10003807|200401|63058.91|0|011|169|||||5.625|0.00||||||||||||||||||||63058.91
F03Q10003807|200402|62805.17|0|012|168|||||5.625|0.00||||||||||||||||||||62805.17
F03Q10003807|200403|62550.24|0|013|167|||||5.625|0.00||||||||||||||||||||62550.24
F03Q10003807|200404|62550.24|0|014|166|||||5.625|0.00||||||||||||||||||||62550.24
F03Q10003807|200405|62014.73|0|015|165|||||5.625|0.00||||||||||||||||||||62014.73
F03Q10003807|200406|0.00|0|016|164|||01|200406|5.625|0.00|||||||||||||||62014.73|||||0.00
F03Q10003899|200302|62000.00|0|000|120|||||5.375|0.00||||||||||||||||||||62000.00
F03Q10003899|200303|61000.00|0|001|119|||||5.375|0.00||||||||||||||||||||61000.00
F03Q10003899|200304|61000.00|0|002|118|||||5.375|0.00||||||||||||||||||||61000.00
F03Q10003899|200305|61000.00|0|003|117|||||5.375|0.00||||||||||||||||||||61000.00
F03Q10003899|200306|60000.00|0|004|116|||||5.375|0.00||||||||||||||||||||60000.00
F03Q10003899|200307|60000.00|0|005|115|||||5.375|0.00||||||||||||||||||||60000.00
F03Q10003899|200308|59000.00|0|006|114|||||5.375|0.00||||||||||||||||||||59000.00
F03Q10003899|200309|58937.11|0|007|113|||||5.375|0.00||||||||||||||||||||58937.11
F03Q10003899|200310|58535.31|0|008|112|||||5.375|0.00||||||||||||||||||||58535.31
F03Q10003899|200311|58131.71|0|009|111|||||5.375|0.00||||||||||||||||||||58131.71
F03Q10003899|200312|57726.30|0|010|110|||||5.375|0.00||||||||||||||||||||57726.30
F03Q10003899|200401|57319.08|0|011|109|||||5.375|0.00||||||||||||||||||||57319.08
F03Q10003899|200402|56910.03|0|012|108|||||5.375|0.00||||||||||||||||||||56910.03
F03Q10003899|200403|56499.15|0|013|107|||||5.375|0.00||||||||||||||||||||56499.15
F03Q10003899|200404|56086.43|0|014|106|||||5.375|0.00||||||||||||||||||||56086.43
F03Q10003899|200405|55671.86|0|015|105|||||5.375|0.00||||||||||||||||||||55671.86
F03Q10003899|200406|55255.43|0|016|104|||||5.375|0.00||||||||||||||||||||55255.43
F03Q10003899|200407|54837.14|0|017|103|||||5.375|0.00||||||||||||||||||||54837.14
F03Q10003899|200408|54416.97|0|018|102|||||5.375|0.00||||||||||||||||||||54416.97
F03Q10003899|200409|53994.92|0|019|101|||||5.375|0.00||||||||||||||||||||53994.92
F03Q10003899|200410|53570.98|0|020|100|||||5.375|0.00||||||||||||||||||||53570.98
F03Q10003899|200411|53145.14|0|021|099|||||5.375|0.00||||||||||||||||||||53145.14
F03Q10003899|200412|52717.40|0|022|098|||||5.375|0.00||||||||||||||||||||52717.40
F03Q10003899|200501|52287.74|0|023|097|||||5.375|0.00||||||||||||||||||||52287.74
F03Q10003899|200502|51856.16|0|024|096|||||5.375|0.00||||||||||||||||||||51856.16
F03Q10003899|200503|51422.64|0|025|095|||||5.375|0.00||||||||||||||||||||51422.64
F03Q10003899|200504|50987.18|0|026|094|||||5.375|0.00||||||||||||||||||||50987.18
F03Q10003899|200505|50549.77|0|027|093|||||5.375|0.00||||||||||||||||||||50549.77
F03Q10003899|200506|50110.40|0|028|092|||||5.375|0.00||||||||||||||||||||50110.40
F03Q10003899|200507|49669.06|0|029|091|||||5.375|0.00||||||||||||||||||||49669.06
F03Q10003899|200508|49225.75|0|030|090|||||5.375|0.00||||||||||||||||||||49225.75
F03Q10003899|200509|48780.45|0|031|089|||||5.375|0.00||||||||||||||||||||48780.45
F03Q10003899|200510|48333.16|0|032|088|||||5.375|0.00||||||||||||||||||||48333.16
F03Q10003899|200511|47883.86|0|033|087|||||5.375|0.00||||||||||||||||||||47883.86
F03Q10003899|200512|47432.55|0|034|086|||||5.375|0.00||||||||||||||||||||47432.55
F03Q10003899|200601|46979.22|0|035|085|||||5.375|0.00||||||||||||||||||||46979.22
F03Q10003899|200602|46523.86|0|036|084|||||5.375|0.00||||||||||||||||||||46523.86
F03Q10003899|200603|46066.46|0|037|083|||||5.375|0.00||||||||||||||||||||46066.46
F03Q10003899|200604|45607.01|0|038|082|||||5.375|0.00||||||||||||||||||||45607.01
F03Q10003899|200605|45145.50|0|039|081|||||5.375|0.00||||||||||||||||||||45145.50
F03Q10003899|200606|44681.92|0|040|080|||||5.375|0.00||||||||||||||||||||44681.92
F03Q10003899|200607|44216.27|0|041|079|||||5.375|0.00||||||||||||||||||||44216.27
F03Q10003899|200608|43748.53|0|042|078|||||5.375|0.00||||||||||||||||||||43748.53
F03Q10003899|200609|43278.70|0|043|077|||||5.375|0.00||||||||||||||||||||43278.70
F03Q10003899|200610|42806.76|0|044|076|||||5.375|0.00||||||||||||||||||||42806.76
F03Q10003899|200611|42332.71|0|045|075|||||5.375|0.00||||||||||||||||||||42332.71
F03Q10003899|200612|41856.54|0|046|074|||||5.375|0.00||||||||||||||||||||41856.54
F03Q10003899|200701|41378.23|0|047|073|||||5.375|0.00||||||||||||||||||||41378.23
F03Q10003899|200702|40897.78|0|048|072|||||5.375|0.00||||||||||||||||||||40897.78
F03Q10003899|200703|40415.18|0|049|071|||||5.375|0.00||||||||||||||||||||40415.18
F03Q10003899|200704|39930.42|0|050|070|||||5.375|0.00||||||||||||||||||||39930.42
F03Q10003899|200705|39443.49|0|051|069|||||5.375|0.00||||||||||||||||||||39443.49
F03Q10003899|200706|38954.37|0|052|068|||||5.375|0.00||||||||||||||||||||38954.37
F03Q10003899|200707|38463.06|0|053|067|||||5.375|0.00||||||||||||||||||||38463.06
F03Q10003899|200708|37969.55|0|054|066|||||5.375|0.00||||||||||||||||||||37969.55
F03Q10003899|200709|37473.83|0|055|065|||||5.375|0.00||||||||||||||||||||37473.83
F03Q10003899|200710|36975.89|0|056|064|||||5.375|0.00||||||||||||||||||||36975.89
F03Q10003899|200711|36475.72|0|057|063|||||5.375|0.00||||||||||||||||||||36475.72
F03Q10003899|200712|35973.31|0|058|062|||||5.375|0.00||||||||||||||||||||35973.31
F03Q10003899|200801|35468.65|0|059|061|||||5.375|0.00||||||||||||||||||||35468.65
F03Q10003899|200802|34961.73|0|060|060|||||5.375|0.00||||||||||||||||||||34961.73
F03Q10003899|200803|34452.54|0|061|059|||||5.375|0.00||||||||||||||||||||34452.54
F03Q10003899|200804|33941.07|0|062|058|||||5.375|0.00||||||||||||||||||||33941.07
F03Q10003899|200805|33427.31|0|063|057|||||5.375|0.00||||||||||||||||||||33427.31
F03Q10003899|200806|32911.25|0|064|056|||||5.375|0.00||||||||||||||||||||32911.25
F03Q10003899|200807|32392.87|0|065|055|||||5.375|0.00||||||||||||||||||||32392.87
F03Q10003899|200808|31872.17|0|066|054|||||5.375|0.00||||||||||||||||||||31872.17
F03Q10003899|200809|31349.14|0|067|053|||||5.375|0.00||||||||||||||||||||31349.14
F03Q10003899|200810|30823.77|0|068|052|||||5.375|0.00||||||||||||||||||||30823.77
F03Q10003899|200811|30296.04|0|069|051|||||5.375|0.00||||||||||||||||||||30296.04
F03Q10003899|200812|29765.95|0|070|050|||||5.375|0.00||||||||||||||||||||29765.95
F03Q10003899|200901|29233.49|0|071|049|||||5.375|0.00||||||||||||||||||||29233.49
F03Q10003899|200902|28698.64|0|072|048|||||5.375|0.00||||||||||||||||||||28698.64
F03Q10003899|200903|28161.40|0|073|047|||||5.375|0.00||||||||||||||||||||28161.40
F03Q10003899|200904|27621.75|0|074|046|||||5.375|0.00||||||||||||||||||||27621.75
F03Q10003899|200905|27079.68|0|075|045|||||5.375|0.00||||||||||||||||||||27079.68
F03Q10003899|200906|26535.18|0|076|044|||||5.375|0.00||||||||||||||||||||26535.18
F03Q10003899|200907|25988.25|0|077|043|||||5.375|0.00||||||||||||||||||||25988.25
F03Q10003899|200908|25438.87|0|078|042|||||5.375|0.00||||||||||||||||||||25438.87
F03Q10003899|200909|24887.02|0|079|041|||||5.375|0.00||||||||||||||||||||24887.02
F03Q10003899|200910|24332.70|0|080|040|||||5.375|0.00||||||||||||||||||||24332.70
F03Q10003899|200911|23775.90|0|081|039|||||5.375|0.00||||||||||||||||||||23775.90
F03Q10003899|200912|23216.61|0|082|038|||||5.375|0.00||||||||||||||||||||23216.61
F03Q10003899|201001|22654.81|0|083|037|||||5.375|0.00||||||||||||||||||||22654.81
F03Q10003899|201002|22090.49|0|084|036|||||5.375|0.00||||||||||||||||||||22090.49
F03Q10003899|201003|21523.65|0|085|035|||||5.375|0.00||||||||||||||||||||21523.65
F03Q10003899|201004|20954.27|0|086|034|||||5.375|0.00||||||||||||||||||||20954.27
F03Q10003899|201005|20382.34|0|087|033|||||5.375|0.00||||||||||||||||||||20382.34
F03Q10003899|201006|19807.85|0|088|032|||||5.375|0.00||||||||||||||||||||19807.85
F03Q10003899|201007|19807.85|0|089|031|||||5.375|0.00||||||||||||||||||||19807.85
F03Q10003899|201008|19230.78|1|090|030|||||5.375|0.00||||||||||||||||||||19230.78
F03Q10003899|201009|19230.78|2|091|029|||||5.375|0.00||||||||||||||||||||19230.78
F03Q10003899|201010|0.00|3|092|028|||01|201010|5.375|0.00|201007||||||||||||||19230.78|||||0.00
F03Q10003952|200302|314000.00|0|000|180|||||5.375|0.00||||||||||||||||||||314000.00
F03Q10003952|200303|313000.00|0|001|179|||||5.375|0.00||||||||||||||||||||313000.00
F03Q10003952|200304|312000.00|0|002|178|||||5.375|0.00||||||||||||||||||||312000.00
F03Q10003952|200305|311000.00|0|003|177|||||5.375|0.00||||||||||||||||||||311000.00
F03Q10003952|200306|309000.00|0|004|176|||||5.375|0.00||||||||||||||||||||309000.00
F03Q10003952|200307|308000.00|0|005|175|||||5.375|0.00||||||||||||||||||||308000.00
F03Q10003952|200308|307000.00|0|006|174|||||5.375|0.00||||||||||||||||||||307000.00
F03Q10003952|200309|305923.30|0|007|173|||||5.375|0.00||||||||||||||||||||305923.30
F03Q10003952|200310|304748.72|0|008|172|||||5.375|0.00||||||||||||||||||||304748.72
F03Q10003952|200311|303568.88|0|009|171|||||5.375|0.00||||||||||||||||||||303568.88
F03Q10003952|200312|302383.76|0|010|170|||||5.375|0.00||||||||||||||||||||302383.76
F03Q10003952|200401|301193.33|0|011|169|||||5.375|0.00||||||||||||||||||||301193.33
F03Q10003952|200402|299997.57|0|012|168|||||5.375|0.00||||||||||||||||||||299997.57
F03Q10003952|200403|298796.45|0|013|167|||||5.375|0.00||||||||||||||||||||298796.45
F03Q10003952|200404|297589.95|0|014|166|||||5.375|0.00||||||||||||||||||||297589.95
F03Q10003952|200405|296378.04|0|015|165|||||5.375|0.00||||||||||||||||||||296378.04
F03Q10003952|200406|295160.71|0|016|164|||||5.375|0.00||||||||||||||||||||295160.71
F03Q10003952|200407|293937.92|0|017|163|||||5.375|0.00||||||||||||||||||||293937.92
F03Q10003952|200408|292709.66|0|018|162|||||5.375|0.00||||||||||||||||||||292709.66
F03Q10003952|200409|291475.90|0|019|161|||||5.375|0.00||||||||||||||||||||291475.90
F03Q10003952|200410|290236.61|0|020|160|||||5.375|0.00||||||||||||||||||||290236.61
F03Q10003952|200411|288991.77|0|021|159|||||5.375|0.00||||||||||||||||||||288991.77
F03Q10003952|200412|287741.35|0|022|158|||||5.375|0.00||||||||||||||||||||287741.35
F03Q10003952|200501|286485.33|0|023|157|||||5.375|0.00||||||||||||||||||||286485.33
F03Q10003952|200502|285223.69|0|024|156|||||5.375|0.00||||||||||||||||||||285223.69
F03Q10003952|200503|283956.39|0|025|155|||||5.375|0.00||||||||||||||||||||283956.39
F03Q10003952|200504|282683.42|0|026|154|||||5.375|0.00||||||||||||||||||||282683.42
F03Q10003952|200505|281404.75|0|027|153|||||5.375|0.00||||||||||||||||||||281404.75
F03Q10003952|200506|280120.35|0|028|152|||||5.375|0.00||||||||||||||||||||280120.35
F03Q10003952|200507|278830.20|0|029|151|||||5.375|0.00||||||||||||||||||||278830.20
F03Q10003952|200508|277534.27|0|030|150|||||5.375|0.00||||||||||||||||||||277534.27
F03Q10003952|200509|276232.53|0|031|149|||||5.375|0.00||||||||||||||||||||276232.53
F03Q10003952|200510|274924.96|0|032|148|||||5.375|0.00||||||||||||||||||||274924.96
F03Q10003952|200511|273611.53|0|033|147|||||5.375|0.00||||||||||||||||||||273611.53
F03Q10003952|200512|272292.22|0|034|146|||||5.375|0.00||||||||||||||||||||272292.22
F03Q10003952|200601|270967.00|0|035|145|||||5.375|0.00||||||||||||||||||||270967.00
F03Q10003952|200602|269635.85|0|036|144|||||5.375|0.00||||||||||||||||||||269635.85
F03Q10003952|200603|268298.73|0|037|143|||||5.375|0.00||||||||||||||||||||268298.73
F03Q10003952|200604|266955.62|0|038|142|||||5.375|0.00||||||||||||||||||||266955.62
F03Q10003952|200605|265606.50|0|039|141|||||5.375|0.00||||||||||||||||||||265606.50
F03Q10003952|200606|264251.34|0|040|140|||||5.375|0.00||||||||||||||||||||264251.34
F03Q10003952|200607|262890.11|0|041|139|||||5.375|0.00||||||||||||||||||||262890.11
F03Q10003952|200608|261522.78|0|042|138|||||5.375|0.00||||||||||||||||||||261522.78
F03Q10003952|200609|260149.32|0|043|137|||||5.375|0.00||||||||||||||||||||260149.32
F03Q10003952|200610|258769.71|0|044|136|||||5.375|0.00||||||||||||||||||||258769.71
F03Q10003952|200611|257383.92|0|045|135|||||5.375|0.00||||||||||||||||||||257383.92
F03Q10003952|200612|255991.93|0|046|134|||||5.375|0.00||||||||||||||||||||255991.93
F03Q10003952|200701|254593.70|0|047|133|||||5.375|0.00||||||||||||||||||||254593.70
F03Q10003952|200702|253189.21|0|048|132|||||5.375|0.00||||||||||||||||||||253189.21
F03Q10003952|200703|251778.43|0|049|131|||||5.375|0.00||||||||||||||||||||251778.43
F03Q10003952|200704|250361.33|0|050|130|||||5.375|0.00||||||||||||||||||||250361.33
F03Q10003952|200705|248937.88|0|051|129|||||5.375|0.00||||||||||||||||||||248937.88
F03Q10003952|200706|247508.05|0|052|128|||||5.375|0.00||||||||||||||||||||247508.05
F03Q10003952|200707|246071.82|0|053|127|||||5.375|0.00||||||||||||||||||||246071.82
F03Q10003952|200708|244629.16|0|054|126|||||5.375|0.00||||||||||||||||||||244629.16
F03Q10003952|200709|243180.03|0|055|125|||||5.375|0.00||||||||||||||||||||243180.03
F03Q10003952|200710|241724.41|0|056|124|||||5.375|0.00||||||||||||||||||||241724.41
F03Q10003952|200711|240262.27|0|057|123|||||5.375|0.00||||||||||||||||||||240262.27
F03Q10003952|200712|238793.58|0|058|122|||||5.375|0.00||||||||||||||||||||238793.58
F03Q10003952|200801|237318.32|0|059|121|||||5.375|0.00||||||||||||||||||||237318.32
F03Q10003952|200802|235836.45|0|060|120|||||5.375|0.00||||||||||||||||||||235836.45
F03Q10003952|200803|234347.94|0|061|119|||||5.375|0.00||||||||||||||||||||234347.94
F03Q10003952|200804|232852.76|0|062|118|||||5.375|0.00||||||||||||||||||||232852.76
F03Q10003952|200805|231350.89|0|063|117|||||5.375|0.00||||||||||||||||||||231350.89
F03Q10003952|200806|229842.29|0|064|116|||||5.375|0.00||||||||||||||||||||229842.29
F03Q10003952|200807|228326.93|0|065|115|||||5.375|0.00||||||||||||||||||||228326.93
F03Q10003952|200808|226804.78|0|066|114|||||5.375|0.00||||||||||||||||||||226804.78
F03Q10003952|200809|225275.82|0|067|113|||||5.375|0.00||||||||||||||||||||225275.82
F03Q10003952|200810|223740.01|0|068|112|||||5.375|0.00||||||||||||||||||||223740.01
F03Q10003952|200811|222197.32|0|069|111|||||5.375|0.00||||||||||||||||||||222197.32
F03Q10003952|200812|220647.72|0|070|110|||||5.375|0.00||||||||||||||||||||220647.72
F03Q10003952|200901|219091.18|0|071|109|||||5.375|0.00||||||||||||||||||||219091.18
F03Q10003952|200902|217527.67|0|072|108|||||5.375|0.00||||||||||||||||||||217527.67
F03Q10003952|200903|215957.15|0|073|107|||||5.375|0.00||||||||||||||||||||215957.15
F03Q10003952|200904|214379.60|0|074|106|||||5.375|0.00||||||||||||||||||||214379.60
F03Q10003952|200905|212794.98|0|075|105|||||5.375|0.00||||||||||||||||||||212794.98
F03Q10003952|200906|211203.26|0|076|104|||||5.375|0.00||||||||||||||||||||211203.26
F03Q10003952|200907|209604.41|0|077|103|||||5.375|0.00||||||||||||||||||||209604.41
F03Q10003952|200908|207998.40|0|078|102|||||5.375|0.00||||||||||||||||||||207998.40
F03Q10003952|200909|206385.20|0|079|101|||||5.375|0.00||||||||||||||||||||206385.20
F03Q10003952|200910|204764.77|0|080|100|||||5.375|0.00||||||||||||||||||||204764.77
F03Q10003952|200911|203137.09|0|081|099|||||5.375|0.00||||||||||||||||||||203137.09
F03Q10003952|200912|201502.11|0|082|098|||||5.375|0.00||||||||||||||||||||201502.11
F03Q10003952|201001|199859.81|0|083|097|||||5.375|0.00||||||||||||||||||||199859.81
F03Q10003952|201002|198210.16|0|084|096|||||5.375|0.00||||||||||||||||||||198210.16
F03Q10003952|201003|196553.12|0|085|095|||||5.375|0.00||||||||||||||||||||196553.12
F03Q10003952|201004|194888.65|0|086|094|||||5.375|0.00||||||||||||||||||||194888.65
F03Q10003952|201005|193216.73|0|087|093|||||5.375|0.00||||||||||||||||||||193216.73
F03Q10003952|201006|191537.32|0|088|092|||||5.375|0.00||||||||||||||||||||191537.32
F03Q10003952|201007|189850.39|0|089|091|||||5.375|0.00||||||||||||||||||||189850.39
F03Q10003952|201008|188155.90|0|090|090|||||5.375|0.00||||||||||||||||||||188155.90
F03Q10003952|201009|186453.82|0|091|089|||||5.375|0.00||||||||||||||||||||186453.82
F03Q10003952|201010|184744.12|0|092|088|||||5.375|0.00||||||||||||||||||||184744.12
F03Q10003952|201011|183026.76|0|093|087|||||5.375|0.00||||||||||||||||||||183026.76
F03Q10003952|201012|181301.71|0|094|086|||||5.375|0.00||||||||||||||||||||181301.71
F03Q10003952|201101|179568.93|0|095|085|||||5.375|0.00||||||||||||||||||||179568.93
F03Q10003952|201102|177828.39|0|096|084|||||5.375|0.00||||||||||||||||||||177828.39
F03Q10003952|201103|176080.05|0|097|083|||||5.375|0.00||||||||||||||||||||176080.05
F03Q10003952|201104|174323.88|0|098|082|||||5.375|0.00||||||||||||||||||||174323.88
F03Q10003952|201105|172559.85|0|099|081|||||5.375|0.00||||||||||||||||||||172559.85
F03Q10003952|201106|170787.91|0|100|080|||||5.375|0.00||||||||||||||||||||170787.91
F03Q10003952|201107|169008.04|0|101|079|||||5.375|0.00||||||||||||||||||||169008.04
F03Q10003952|201108|167220.20|0|102|078|||||5.375|0.00||||||||||||||||||||167220.20
F03Q10003952|201109|165424.35|0|103|077|||||5.375|0.00||||||||||||||||||||165424.35
F03Q10003952|201110|163620.45|0|104|076|||||5.375|0.00||||||||||||||||||||163620.45
F03Q10003952|201111|161808.47|0|105|075|||||5.375|0.00||||||||||||||||||||161808.47
F03Q10003952|201112|159988.38|0|106|074|||||5.375|0.00||||||||||||||||||||159988.38
F03Q10003952|201201|158160.13|0|107|073|||||5.375|0.00||||||||||||||||||||158160.13
F03Q10003952|201202|156323.70|0|108|072|||||5.375|0.00||||||||||||||||||||156323.70
F03Q10003952|201203|154479.04|0|109|071|||||5.375|0.00||||||||||||||||||||154479.04
F03Q10003952|201204|152626.12|0|110|070|||||5.375|0.00||||||||||||||||||||152626.12
F03Q10003952|201205|150764.90|0|111|069|||||5.375|0.00||||||||||||||||||||150764.90
F03Q10003952|201206|148895.34|0|112|068|||||5.375|0.00||||||||||||||||||||148895.34
F03Q10003952|201207|147017.41|0|113|067|||||5.375|0.00||||||||||||||||||||147017.41
F03Q10003952|201208|145131.07|0|114|066|||||5.375|0.00||||||||||||||||||||145131.07
F03Q10003952|201209|143236.28|0|115|065|||||5.375|0.00||||||||||||||||||||143236.28
F03Q10003952|201210|141333.00|0|116|064|||||5.375|0.00||||||||||||||||||||141333.00
F03Q10003952|201211|139421.19|0|117|063|||||5.375|0.00||||||||||||||||||||139421.19
F03Q10003952|201212|137500.82|0|118|062|||||5.375|0.00||||||||||||||||||||137500.82
F03Q10003952|201301|135571.85|0|119|061|||||5.375|0.00||||||||||||||||||||135571.85
F03Q10003952|201302|133634.24|0|120|060|||||5.375|0.00||||||||||||||||||||133634.24
F03Q10003952|201303|131687.95|0|121|059|||||5.375|0.00||||||||||||||||||||131687.95
F03Q10003952|201304|129732.94|0|122|058|||||5.375|0.00||||||||||||||||||||129732.94
F03Q10003952|201305|127769.18|0|123|057|||||5.375|0.00||||||||||||||||||||127769.18
F03Q10003952|201306|125796.62|0|124|056|||||5.375|0.00||||||||||||||||||||125796.62
F03Q10003952|201307|123815.22|0|125|055|||||5.375|0.00||||||||||||||||||||123815.22
F03Q10003952|201308|121824.95|0|126|054|||||5.375|0.00||||||||||||||||||||121824.95
F03Q10003952|201309|119825.76|0|127|053|||||5.375|0.00||||||||||||||||||||119825.76
F03Q10003952|201310|117817.62|0|128|052|||||5.375|0.00||||||||||||||||||||117817.62
F03Q10003952|201311|115800.48|0|129|051|||||5.375|0.00||||||||||||||||||||115800.48
F03Q10003952|201312|113774.31|0|130|050|||||5.375|0.00||||||||||||||||||||113774.31
F03Q10003952|201401|111739.06|0|131|049|||||5.375|0.00||||||||||||||||||||111739.06
F03Q10003952|201402|109694.70|0|132|048|||||5.375|0.00||||||||||||||||||||109694.70
F03Q10003952|201403|107641.18|0|133|047|||||5.375|0.00||||||||||||||||||||107641.18
F03Q10003952|201404|105578.46|0|134|046|||||5.375|0.00||||||||||||||||||||105578.46
F03Q10003952|201405|103506.50|0|135|045|||||5.375|0.00||||||||||||||||||||103506.50
F03Q10003952|201406|101425.26|0|136|044|||||5.375|0.00||||||||||||||||||||101425.26
F03Q10003952|201407|99334.70|0|137|043|||||5.375|0.00||||||||||||||||||||99334.70
F03Q10003952|201408|97234.78|0|138|042|||||5.375|0.00||||||||||||||||||||97234.78
F03Q10003952|201409|95125.45|0|139|041|||||5.375|0.00||||||||||||||||||||95125.45
F03Q10003952|201410|93006.67|0|140|040|||||5.375|0.00||||||||||||||||||||93006.67
F03Q10003952|201411|90878.40|0|141|039|||||5.375|0.00||||||||||||||||||||90878.40
F03Q10003952|201412|88740.60|0|142|038|||||5.375|0.00||||||||||||||||||||88740.60
F03Q10003952|201501|86593.22|0|143|037|||||5.375|0.00||||||||||||||||||||86593.22
F03Q10003952|201502|84436.23|0|144|036|||||5.375|0.00||||||||||||||||||||84436.23
F03Q10003952|201503|0.00|0|145|035|||01|201503|5.375|0.00|||||||||||||||84436.23|||||0.00
F03Q10004181|200301|128000.00|0|000|240|||||5.625|0.00||||||||||||||||||||128000.00
F03Q10004181|200302|128000.00|0|001|239|||||5.625|0.00||||||||||||||||||||128000.00
F03Q10004181|200303|127000.00|0|002|238|||||5.625|0.00||||||||||||||||||||127000.00
F03Q10004181|200304|127000.00|0|003|237|||||5.625|0.00||||||||||||||||||||127000.00
F03Q10004181|200305|127000.00|0|004|236|||||5.625|0.00||||||||||||||||||||127000.00
F03Q10004181|200306|127000.00|0|005|235|||||5.625|0.00||||||||||||||||||||127000.00
F03Q10004181|200307|126000.00|0|006|234|||||5.625|0.00||||||||||||||||||||126000.00
F03Q10004181|200308|125935.54|0|007|233|||||5.625|0.00||||||||||||||||||||125935.54
F03Q10004181|200309|125636.11|0|008|232|||||5.625|0.00||||||||||||||||||||125636.11
F03Q10004181|200310|125335.28|0|009|231|||||5.625|0.00||||||||||||||||||||125335.28
F03Q10004181|200311|125033.04|0|010|230|||||5.625|0.00||||||||||||||||||||125033.04
F03Q10004181|200312|124729.38|0|011|229|||||5.625|0.00||||||||||||||||||||124729.38
F03Q10004181|200401|124424.30|0|012|228|||||5.625|0.00||||||||||||||||||||124424.30
F03Q10004181|200402|124117.79|0|013|227|||||5.625|0.00||||||||||||||||||||124117.79
F03Q10004181|200403|123809.84|0|014|226|||||5.625|0.00||||||||||||||||||||123809.84
F03Q10004181|200404|123500.45|0|015|225|||||5.625|0.00||||||||||||||||||||123500.45
F03Q10004181|200405|123189.61|0|016|224|||||5.625|0.00||||||||||||||||||||123189.61
F03Q10004181|200406|122848.19|0|017|223|||||5.625|0.00||||||||||||||||||||122848.19
F03Q10004181|200407|122505.17|0|018|222|||||5.625|0.00||||||||||||||||||||122505.17
F03Q10004181|200408|122160.54|0|019|221|||||5.625|0.00||||||||||||||||||||122160.54
F03Q10004181|200409|121814.43|0|020|220|||||5.625|0.00||||||||||||||||||||121814.43
F03Q10004181|200410|121466.57|0|021|219|||||5.625|0.00||||||||||||||||||||121466.57
F03Q10004181|200411|121117.07|0|022|218|||||5.625|0.00||||||||||||||||||||121117.07
F03Q10004181|200412|120765.94|0|023|217|||||5.625|0.00||||||||||||||||||||120765.94
F03Q10004181|200501|120413.16|0|024|216|||||5.625|0.00||||||||||||||||||||120413.16
F03Q10004181|200502|120058.86|0|025|215|||||5.625|0.00||||||||||||||||||||120058.86
F03Q10004181|200503|119702.77|0|026|214|||||5.625|0.00||||||||||||||||||||119702.77
F03Q10004181|200504|119345.01|0|027|213|||||5.625|0.00||||||||||||||||||||119345.01
F03Q10004181|200505|118985.57|0|028|212|||||5.625|0.00||||||||||||||||||||118985.57
F03Q10004181|200506|118627.55|0|029|211|||||5.625|0.00||||||||||||||||||||118627.55
F03Q10004181|200507|118267.72|0|030|210|||||5.625|0.00||||||||||||||||||||118267.72
F03Q10004181|200508|117906.20|0|031|209|||||5.625|0.00||||||||||||||||||||117906.20
F03Q10004181|200509|117542.99|0|032|208|||||5.625|0.00||||||||||||||||||||117542.99
F03Q10004181|200510|117178.07|0|033|207|||||5.625|0.00||||||||||||||||||||117178.07
F03Q10004181|200511|116811.57|0|034|206|||||5.625|0.00||||||||||||||||||||116811.57
F03Q10004181|200512|116443.22|0|035|205|||||5.625|0.00||||||||||||||||||||116443.22
F03Q10004181|200601|116073.15|0|036|204|||||5.625|0.00||||||||||||||||||||116073.15
F03Q10004181|200602|115701.47|0|037|203|||||5.625|0.00||||||||||||||||||||115701.47
F03Q10004181|200603|115327.92|0|038|202|||||5.625|0.00||||||||||||||||||||115327.92
F03Q10004181|200604|114952.62|0|039|201|||||5.625|0.00||||||||||||||||||||114952.62
F03Q10004181|200605|114575.68|0|040|200|||||5.625|0.00||||||||||||||||||||114575.68
F03Q10004181|200606|114188.42|0|041|199|||||5.625|0.00||||||||||||||||||||114188.42
F03Q10004181|200607|113799.35|0|042|198|||||5.625|0.00||||||||||||||||||||113799.35
F03Q10004181|200608|113408.62|0|043|197|||||5.625|0.00||||||||||||||||||||113408.62
F03Q10004181|200609|113015.89|0|044|196|||||5.625|0.00||||||||||||||||||||113015.89
F03Q10004181|200610|112621.32|0|045|195|||||5.625|0.00||||||||||||||||||||112621.32
F03Q10004181|200611|112225.07|0|046|194|||||5.625|0.00||||||||||||||||||||112225.07
F03Q10004181|200612|111826.80|0|047|193|||||5.625|0.00||||||||||||||||||||111826.80
F03Q10004181|200701|111426.66|0|048|192|||||5.625|0.00||||||||||||||||||||111426.66
F03Q10004181|200702|111024.81|0|049|191|||||5.625|0.00||||||||||||||||||||111024.81
F03Q10004181|200703|110620.91|0|050|190|||||5.625|0.00||||||||||||||||||||110620.91
F03Q10004181|200704|110215.12|0|051|189|||||5.625|0.00||||||||||||||||||||110215.12
F03Q10004181|200705|109807.59|0|052|188|||||5.625|0.00||||||||||||||||||||109807.59
F03Q10004181|200706|109402.31|0|053|187|||||5.625|0.00||||||||||||||||||||109402.31
F03Q10004181|200707|108995.13|0|054|186|||||5.625|0.00||||||||||||||||||||108995.13
F03Q10004181|200708|108586.19|0|055|185|||||5.625|0.00||||||||||||||||||||108586.19
F03Q10004181|200709|108175.19|0|056|184|||||5.625|0.00||||||||||||||||||||108175.19
F03Q10004181|200710|107762.40|0|057|183|||||5.625|0.00||||||||||||||||||||107762.40
F03Q10004181|200711|107347.54|0|058|182|||||5.625|0.00||||||||||||||||||||107347.54
F03Q10004181|200712|106930.73|0|059|181|||||5.625|0.00||||||||||||||||||||106930.73
F03Q10004181|200801|106512.11|0|060|180|||||5.625|0.00||||||||||||||||||||106512.11
F03Q10004181|200802|106091.53|0|061|179|||||5.625|0.00||||||||||||||||||||106091.53
F03Q10004181|200803|105668.83|0|062|178|||||5.625|0.00||||||||||||||||||||105668.83
F03Q10004181|200804|105244.30|0|063|177|||||5.625|0.00||||||||||||||||||||105244.30
F03Q10004181|200805|104817.63|0|064|176|||||5.625|0.00||||||||||||||||||||104817.63
F03Q10004181|200806|104404.96|0|065|175|||||5.625|0.00||||||||||||||||||||104404.96
F03Q10004181|200807|103990.43|0|066|174|||||5.625|0.00||||||||||||||||||||103990.43
F03Q10004181|200808|103573.89|0|067|173|||||5.625|0.00||||||||||||||||||||103573.89
F03Q10004181|200809|103155.39|0|068|172|||||5.625|0.00||||||||||||||||||||103155.39
F03Q10004181|200810|102735.00|0|069|171|||||5.625|0.00||||||||||||||||||||102735.00
F03Q10004181|200811|102312.57|0|070|170|||||5.625|0.00||||||||||||||||||||102312.57
F03Q10004181|200812|101888.23|0|071|169|||||5.625|0.00||||||||||||||||||||101888.23
F03Q10004181|200901|101461.83|0|072|168|||||5.625|0.00||||||||||||||||||||101461.83
F03Q10004181|200902|101033.50|0|073|167|||||5.625|0.00||||||||||||||||||||101033.50
F03Q10004181|200903|100603.16|0|074|166|||||5.625|0.00||||||||||||||||||||100603.16
F03Q10004181|200904|100170.81|0|075|165|||||5.625|0.00||||||||||||||||||||100170.81
F03Q10004181|200905|99736.36|0|076|164|||||5.625|0.00||||||||||||||||||||99736.36
F03Q10004181|200906|99305.88|0|077|163|||||5.625|0.00||||||||||||||||||||99305.88
F03Q10004181|200907|98873.39|0|078|162|||||5.625|0.00||||||||||||||||||||98873.39
F03Q10004181|200908|98438.87|0|079|161|||||5.625|0.00||||||||||||||||||||98438.87
F03Q10004181|200909|98002.35|0|080|160|||||5.625|0.00||||||||||||||||||||98002.35
F03Q10004181|200910|97563.75|0|081|159|||||5.625|0.00||||||||||||||||||||97563.75
F03Q10004181|200911|97123.09|0|082|158|||||5.625|0.00||||||||||||||||||||97123.09
F03Q10004181|200912|96680.40|0|083|157|||||5.625|0.00||||||||||||||||||||96680.40
F03Q10004181|201001|96235.60|0|084|156|||||5.625|0.00||||||||||||||||||||96235.60
F03Q10004181|201002|95788.75|0|085|155|||||5.625|0.00||||||||||||||||||||95788.75
F03Q10004181|201003|95339.77|0|086|154|||||5.625|0.00||||||||||||||||||||95339.77
F03Q10004181|201004|94888.69|0|087|153|||||5.625|0.00||||||||||||||||||||94888.69
F03Q10004181|201005|94435.49|0|088|152|||||5.625|0.00||||||||||||||||||||94435.49
F03Q10004181|201006|93982.08|0|089|151|||||5.625|0.00||||||||||||||||||||93982.08
F03Q10004181|201007|93526.50|0|090|150|||||5.625|0.00||||||||||||||||||||93526.50
F03Q10004181|201008|93068.79|0|091|149|||||5.625|0.00||||||||||||||||||||93068.79
F03Q10004181|201009|92608.96|0|092|148|||||5.625|0.00||||||||||||||||||||92608.96
F03Q10004181|201010|92146.94|0|093|147|||||5.625|0.00||||||||||||||||||||92146.94
F03Q10004181|201011|0.00|0|094|146|||01|201011|5.625|0.00|||||||||||||||92146.94|||||0.00
F03Q10004185|200302|138000.00|0|000|180|||||6.000|0.00||||||||||||||||||||138000.00
F03Q10004185|200303|138000.00|0|001|179|||||6.000|0.00||||||||||||||||||||138000.00
F03Q10004185|200304|137000.00|0|002|178|||||6.000|0.00||||||||||||||||||||137000.00
F03Q10004185|200305|137000.00|0|003|177|||||6.000|0.00||||||||||||||||||||137000.00
F03Q10004185|200306|136000.00|0|004|176|||||6.000|0.00||||||||||||||||||||136000.00
F03Q10004185|200307|136000.00|0|005|175|||||6.000|0.00||||||||||||||||||||136000.00
F03Q10004185|200308|0.00|0|006|174|||01|200308|6.000|0.00|||||||||||||||135603.56|||||0.00
F03Q10004267|200302|256000.00|0|000|360|||||6.125|0.00||||||||||||||||||||256000.00
F03Q10004267|200303|255000.00|0|001|359|||||6.125|0.00||||||||||||||||||||255000.00
F03Q10004267|200304|255000.00|0|002|358|||||6.125|0.00||||||||||||||||||||255000.00
F03Q10004267|200305|0.00|0|003|357|||01|200305|6.125|0.00|||||||||||||||254609.80|||||0.00
F03Q10004296|200302|70000.00|0|000|180|||||5.375|0.00||||||||||||||||||||70000.00
F03Q10004296|200303|70000.00|0|001|179|||||5.375|0.00||||||||||||||||||||70000.00
F03Q10004296|200304|69000.00|0|002|178|||||5.375|0.00||||||||||||||||||||69000.00
F03Q10004296|200305|69000.00|0|003|177|||||5.375|0.00||||||||||||||||||||69000.00
F03Q10004296|200306|69000.00|0|004|176|||||5.375|0.00||||||||||||||||||||69000.00
F03Q10004296|200307|69000.00|0|005|175|||||5.375|0.00||||||||||||||||||||69000.00
F03Q10004296|200308|68000.00|0|006|174|||||5.375|0.00||||||||||||||||||||68000.00
F03Q10004296|200309|68199.42|0|007|173|||||5.375|0.00||||||||||||||||||||68199.42
F03Q10004296|200310|67937.57|0|008|172|||||5.375|0.00||||||||||||||||||||67937.57
F03Q10004296|200311|67674.54|0|009|171|||||5.375|0.00||||||||||||||||||||67674.54
F03Q10004296|200312|67410.34|0|010|170|||||5.375|0.00||||||||||||||||||||67410.34
F03Q10004296|200401|67144.95|0|011|169|||||5.375|0.00||||||||||||||||||||67144.95
F03Q10004296|200402|66878.37|0|012|168|||||5.375|0.00||||||||||||||||||||66878.37
F03Q10004296|200403|66610.60|0|013|167|||||5.375|0.00||||||||||||||||||||66610.60
F03Q10004296|200404|66341.63|0|014|166|||||5.375|0.00||||||||||||||||||||66341.63
F03Q10004296|200405|66071.46|0|015|165|||||5.375|0.00||||||||||||||||||||66071.46
F03Q10004296|200406|65800.08|0|016|164|||||5.375|0.00||||||||||||||||||||65800.08
F03Q10004296|200407|65527.48|0|017|163|||||5.375|0.00||||||||||||||||||||65527.48
F03Q10004296|200408|65253.66|0|018|162|||||5.375|0.00||||||||||||||||||||65253.66
F03Q10004296|200409|64978.61|0|019|161|||||5.375|0.00||||||||||||||||||||64978.61
F03Q10004296|200410|64702.33|0|020|160|||||5.375|0.00||||||||||||||||||||64702.33
F03Q10004296|200411|64424.81|0|021|159|||||5.375|0.00||||||||||||||||||||64424.81
F03Q10004296|200412|64146.05|0|022|158|||||5.375|0.00||||||||||||||||||||64146.05
F03Q10004296|200501|63866.04|0|023|157|||||5.375|0.00||||||||||||||||||||63866.04
F03Q10004296|200502|63584.78|0|024|156|||||5.375|0.00||||||||||||||||||||63584.78
F03Q10004296|200503|63302.26|0|025|155|||||5.375|0.00||||||||||||||||||||63302.26
F03Q10004296|200504|63018.47|0|026|154|||||5.375|0.00||||||||||||||||||||63018.47
F03Q10004296|200505|62733.41|0|027|153|||||5.375|0.00||||||||||||||||||||62733.41
F03Q10004296|200506|62447.07|0|028|152|||||5.375|0.00||||||||||||||||||||62447.07
F03Q10004296|200507|62159.45|0|029|151|||||5.375|0.00||||||||||||||||||||62159.45
F03Q10004296|200508|61870.54|0|030|150|||||5.375|0.00||||||||||||||||||||61870.54
F03Q10004296|200509|61580.34|0|031|149|||||5.375|0.00||||||||||||||||||||61580.34
F03Q10004296|200510|61288.84|0|032|148|||||5.375|0.00||||||||||||||||||||61288.84
F03Q10004296|200511|60996.03|0|033|147|||||5.375|0.00||||||||||||||||||||60996.03
F03Q10004296|200512|60701.91|0|034|146|||||5.375|0.00||||||||||||||||||||60701.91
F03Q10004296|200601|60406.47|0|035|145|||||5.375|0.00||||||||||||||||||||60406.47
F03Q10004296|200602|60109.71|0|036|144|||||5.375|0.00||||||||||||||||||||60109.71
F03Q10004296|200603|59811.62|0|037|143|||||5.375|0.00||||||||||||||||||||59811.62
F03Q10004296|200604|59512.20|0|038|142|||||5.375|0.00||||||||||||||||||||59512.20
F03Q10004296|200605|59211.44|0|039|141|||||5.375|0.00||||||||||||||||||||59211.44
F03Q10004296|200606|58909.33|0|040|140|||||5.375|0.00||||||||||||||||||||58909.33
F03Q10004296|200607|58605.86|0|041|139|||||5.375|0.00||||||||||||||||||||58605.86
F03Q10004296|200608|58301.04|0|042|138|||||5.375|0.00||||||||||||||||||||58301.04
F03Q10004296|200609|57994.85|0|043|137|||||5.375|0.00||||||||||||||||||||57994.85
F03Q10004296|200610|57687.29|0|044|136|||||5.375|0.00||||||||||||||||||||57687.29
F03Q10004296|200611|57378.35|0|045|135|||||5.375|0.00||||||||||||||||||||57378.35
F03Q10004296|200612|57068.03|0|046|134|||||5.375|0.00||||||||||||||||||||57068.03
F03Q10004296|200701|56756.32|0|047|133|||||5.375|0.00||||||||||||||||||||56756.32
F03Q10004296|200702|56443.21|0|048|132|||||5.375|0.00||||||||||||||||||||56443.21
F03Q10004296|200703|56128.70|0|049|131|||||5.375|0.00||||||||||||||||||||56128.70
F03Q10004296|200704|55812.78|0|050|130|||||5.375|0.00||||||||||||||||||||55812.78
F03Q10004296|200705|55495.44|0|051|129|||||5.375|0.00||||||||||||||||||||55495.44
F03Q10004296|200706|55176.68|0|052|128|||||5.375|0.00||||||||||||||||||||55176.68
F03Q10004296|200707|54856.50|0|053|127|||||5.375|0.00||||||||||||||||||||54856.50
F03Q10004296|200708|54534.88|0|054|126|||||5.375|0.00||||||||||||||||||||54534.88
F03Q10004296|200709|54211.82|0|055|125|||||5.375|0.00||||||||||||||||||||54211.82
F03Q10004296|200710|53887.31|0|056|124|||||5.375|0.00||||||||||||||||||||53887.31
F03Q10004296|200711|53561.35|0|057|123|||||5.375|0.00||||||||||||||||||||53561.35
F03Q10004296|200712|53233.93|0|058|122|||||5.375|0.00||||||||||||||||||||53233.93
F03Q10004296|200801|52905.04|0|059|121|||||5.375|0.00||||||||||||||||||||52905.04
F03Q10004296|200802|52574.68|0|060|120|||||5.375|0.00||||||||||||||||||||52574.68
F03Q10004296|200803|52242.84|0|061|119|||||5.375|0.00||||||||||||||||||||52242.84
F03Q10004296|200804|51909.51|0|062|118|||||5.375|0.00||||||||||||||||||||51909.51
F03Q10004296|200805|51574.69|0|063|117|||||5.375|0.00||||||||||||||||||||51574.69
F03Q10004296|200806|51238.37|0|064|116|||||5.375|0.00||||||||||||||||||||51238.37
F03Q10004296|200807|50900.55|0|065|115|||||5.375|0.00||||||||||||||||||||50900.55
F03Q10004296|200808|50561.21|0|066|114|||||5.375|0.00||||||||||||||||||||50561.21
F03Q10004296|200809|50220.35|0|067|113|||||5.375|0.00||||||||||||||||||||50220.35
F03Q10004296|200810|49877.97|0|068|112|||||5.375|0.00||||||||||||||||||||49877.97
F03Q10004296|200811|49534.05|0|069|111|||||5.375|0.00||||||||||||||||||||49534.05
F03Q10004296|200812|49188.59|0|070|110|||||5.375|0.00||||||||||||||||||||49188.59
F03Q10004296|200901|48841.58|0|071|109|||||5.375|0.00||||||||||||||||||||48841.58
F03Q10004296|200902|48493.02|0|072|108|||||5.375|0.00||||||||||||||||||||48493.02
F03Q10004296|200903|48142.90|0|073|107|||||5.375|0.00||||||||||||||||||||48142.90
F03Q10004296|200904|47791.21|0|074|106|||||5.375|0.00||||||||||||||||||||47791.21
F03Q10004296|200905|47437.94|0|075|105|||||5.375|0.00||||||||||||||||||||47437.94
F03Q10004296|200906|47083.09|0|076|104|||||5.375|0.00||||||||||||||||||||47083.09
F03Q10004296|200907|46726.65|0|077|103|||||5.375|0.00||||||||||||||||||||46726.65
F03Q10004296|200908|46368.62|0|078|102|||||5.375|0.00||||||||||||||||||||46368.62
F03Q10004296|200909|46008.98|0|079|101|||||5.375|0.00||||||||||||||||||||46008.98
F03Q10004296|200910|45647.73|0|080|100|||||5.375|0.00||||||||||||||||||||45647.73
F03Q10004296|200911|45284.86|0|081|099|||||5.375|0.00||||||||||||||||||||45284.86
F03Q10004296|200912|44920.37|0|082|098|||||5.375|0.00||||||||||||||||||||44920.37
F03Q10004296|201001|44554.25|0|083|097|||||5.375|0.00||||||||||||||||||||44554.25
F03Q10004296|201002|44186.49|0|084|096|||||5.375|0.00||||||||||||||||||||44186.49
F03Q10004296|201003|43817.08|0|085|095|||||5.375|0.00||||||||||||||||||||43817.08
F03Q10004296|201004|43446.01|0|086|094|||||5.375|0.00||||||||||||||||||||43446.01
F03Q10004296|201005|43073.28|0|087|093|||||5.375|0.00||||||||||||||||||||43073.28
F03Q10004296|201006|42698.88|0|088|092|||||5.375|0.00||||||||||||||||||||42698.88
F03Q10004296|201007|42322.81|0|089|091|||||5.375|0.00||||||||||||||||||||42322.81
F03Q10004296|201008|41945.05|0|090|090|||||5.375|0.00||||||||||||||||||||41945.05
F03Q10004296|201009|41565.60|0|091|089|||||5.375|0.00||||||||||||||||||||41565.60
F03Q10004296|201010|41184.45|0|092|088|||||5.375|0.00||||||||||||||||||||41184.45
F03Q10004296|201011|40801.59|0|093|087|||||5.375|0.00||||||||||||||||||||40801.59
F03Q10004296|201012|40417.02|0|094|086|||||5.375|0.00||||||||||||||||||||40417.02
F03Q10004296|201101|40030.72|0|095|085|||||5.375|0.00||||||||||||||||||||40030.72
F03Q10004296|201102|39642.69|0|096|084|||||5.375|0.00||||||||||||||||||||39642.69
F03Q10004296|201103|39252.93|0|097|083|||||5.375|0.00||||||||||||||||||||39252.93
F03Q10004296|201104|38861.42|0|098|082|||||5.375|0.00||||||||||||||||||||38861.42
F03Q10004296|201105|38468.16|0|099|081|||||5.375|0.00||||||||||||||||||||38468.16
F03Q10004296|201106|38073.14|0|100|080|||||5.375|0.00||||||||||||||||||||38073.14
F03Q10004296|201107|37676.35|0|101|079|||||5.375|0.00||||||||||||||||||||37676.35
F03Q10004296|201108|37277.78|0|102|078|||||5.375|0.00||||||||||||||||||||37277.78
F03Q10004296|201109|36877.42|0|103|077|||||5.375|0.00||||||||||||||||||||36877.42
F03Q10004296|201110|36475.27|0|104|076|||||5.375|0.00||||||||||||||||||||36475.27
F03Q10004296|201111|36071.32|0|105|075|||||5.375|0.00||||||||||||||||||||36071.32
F03Q10004296|201112|35665.56|0|106|074|||||5.375|0.00||||||||||||||||||||35665.56
F03Q10004296|201201|35257.98|0|107|073|||||5.375|0.00||||||||||||||||||||35257.98
F03Q10004296|201202|34848.58|0|108|072|||||5.375|0.00||||||||||||||||||||34848.58
F03Q10004296|201203|34437.34|0|109|071|||||5.375|0.00||||||||||||||||||||34437.34
F03Q10004296|201204|34024.26|0|110|070|||||5.375|0.00||||||||||||||||||||34024.26
F03Q10004296|201205|33609.33|0|111|069|||||5.375|0.00||||||||||||||||||||33609.33
F03Q10004296|201206|33192.54|0|112|068|||||5.375|0.00||||||||||||||||||||33192.54
F03Q10004296|201207|32773.88|0|113|067|||||5.375|0.00||||||||||||||||||||32773.88
F03Q10004296|201208|32353.35|0|114|066|||||5.375|0.00||||||||||||||||||||32353.35
F03Q10004296|201209|31930.94|0|115|065|||||5.375|0.00||||||||||||||||||||31930.94
F03Q10004296|201210|31506.63|0|116|064|||||5.375|0.00||||||||||||||||||||31506.63
F03Q10004296|201211|31080.42|0|117|063|||||5.375|0.00||||||||||||||||||||31080.42
F03Q10004296|201212|30652.30|0|118|062|||||5.375|0.00||||||||||||||||||||30652.30
F03Q10004296|201301|30222.27|0|119|061|||||5.375|0.00||||||||||||||||||||30222.27
F03Q10004296|201302|29790.31|0|120|060|||||5.375|0.00||||||||||||||||||||29790.31
F03Q10004296|201303|29356.42|0|121|059|||||5.375|0.00||||||||||||||||||||29356.42
F03Q10004296|201304|28920.58|0|122|058|||||5.375|0.00||||||||||||||||||||28920.58
F03Q10004296|201305|28482.79|0|123|057|||||5.375|0.00||||||||||||||||||||28482.79
F03Q10004296|201306|28043.04|0|124|056|||||5.375|0.00||||||||||||||||||||28043.04
F03Q10004296|201307|27601.32|0|125|055|||||5.375|0.00||||||||||||||||||||27601.32
F03Q10004296|201308|27157.62|0|126|054|||||5.375|0.00||||||||||||||||||||27157.62
F03Q10004296|201309|26711.93|0|127|053|||||5.375|0.00||||||||||||||||||||26711.93
F03Q10004296|201310|26264.25|0|128|052|||||5.375|0.00||||||||||||||||||||26264.25
F03Q10004296|201311|25814.56|0|129|051|||||5.375|0.00||||||||||||||||||||25814.56
F03Q10004296|201312|25362.86|0|130|050|||||5.375|0.00||||||||||||||||||||25362.86
F03Q10004296|201401|24909.13|0|131|049|||||5.375|0.00||||||||||||||||||||24909.13
F03Q10004296|201402|24453.37|0|132|048|||||5.375|0.00||||||||||||||||||||24453.37
F03Q10004296|201403|23995.57|0|133|047|||||5.375|0.00||||||||||||||||||||23995.57
F03Q10004296|201404|23535.72|0|134|046|||||5.375|0.00||||||||||||||||||||23535.72
F03Q10004296|201405|23073.81|0|135|045|||||5.375|0.00||||||||||||||||||||23073.81
F03Q10004296|201406|22609.83|0|136|044|||||5.375|0.00||||||||||||||||||||22609.83
F03Q10004296|201407|22143.77|0|137|043|||||5.375|0.00||||||||||||||||||||22143.77
F03Q10004296|201408|21675.63|0|138|042|||||5.375|0.00||||||||||||||||||||21675.63
F03Q10004296|201409|21205.39|0|139|041|||||5.375|0.00||||||||||||||||||||21205.39
F03Q10004296|201410|20733.04|0|140|040|||||5.375|0.00||||||||||||||||||||20733.04
F03Q10004296|201411|20258.58|0|141|039|||||5.375|0.00||||||||||||||||||||20258.58
F03Q10004296|201412|19781.99|0|142|038|||||5.375|0.00||||||||||||||||||||19781.99
F03Q10004296|201501|19303.27|0|143|037|||||5.375|0.00||||||||||||||||||||19303.27
F03Q10004296|201502|18822.40|0|144|036|||||5.375|0.00||||||||||||||||||||18822.40
F03Q10004296|201503|18339.38|0|145|035|||||5.375|0.00||||||||||||||||||||18339.38
F03Q10004296|201504|17854.20|0|146|034|||||5.375|0.00||||||||||||||||||||17854.20
F03Q10004296|201505|17366.84|0|147|033|||||5.375|0.00||||||||||||||||||||17366.84
F03Q10004296|201506|16877.30|0|148|032|||||5.375|0.00||||||||||||||||||||16877.30
F03Q10004296|201507|16385.57|0|149|031|||||5.375|0.00||||||||||||||||||||16385.57
F03Q10004296|201508|15891.63|0|150|030|||||5.375|0.00||||||||||||||||||||15891.63
F03Q10004296|201509|15395.48|0|151|029|||||5.375|0.00||||||||||||||||||||15395.48
F03Q10004296|201510|14897.11|0|152|028|||||5.375|0.00||||||||||||||||||||14897.11
F03Q10004296|201511|14396.51|0|153|027|||||5.375|0.00||||||||||||||||||||14396.51
F03Q10004296|201512|13893.66|0|154|026|||||5.375|0.00||||||||||||||||||||13893.66
F03Q10004296|201601|13388.56|0|155|025|||||5.375|0.00||||||||||||||||||||13388.56
F03Q10004296|201602|12881.20|0|156|024|||||5.375|0.00||||||||||||||||||||12881.20
F03Q10004296|201603|12371.57|0|157|023|||||5.375|0.00||||||||||||||||||||12371.57
F03Q10004296|201604|11859.65|0|158|022|||||5.375|0.00||||||||||||||||||||11859.65
F03Q10004296|201605|11345.44|0|159|021|||||5.375|0.00||||||||||||||||||||11345.44
F03Q10004296|201606|10828.93|0|160|020|||||5.375|0.00||||||||||||||||||||10828.93
F03Q10004296|201607|10310.10|0|161|019|||||5.375|0.00||||||||||||||||||||10310.10
F03Q10004296|201608|9788.95|0|162|018|||||5.375|0.00||||||||||||||||||||9788.95
F03Q10004296|201609|9265.47|0|163|017|||||5.375|0.00||||||||||||||||||||9265.47
F03Q10004296|201610|8739.64|0|164|016|||||5.375|0.00||||||||||||||||||||8739.64
F03Q10004296|201611|8211.46|0|165|015|||||5.375|0.00||||||||||||||||||||8211.46
F03Q10004296|201612|7680.91|0|166|014|||||5.375|0.00||||||||||||||||||||7680.91
F03Q10004296|201701|7147.98|0|167|013|||||5.375|0.00||||||||||||||||||||7147.98
F03Q10004296|201702|6612.67|0|168|012|||||5.375|0.00||||||||||||||||||||6612.67
F03Q10004296|201703|6074.96|0|169|011|||||5.375|0.00||||||||||||||||||||6074.96
F03Q10004296|201704|5534.84|0|170|010|||||5.375|0.00||||||||||||||3||||||5534.84
F03Q10004296|201705|4992.30|0|171|009|||||5.375|0.00||||||||||||||3||||||4992.30
F03Q10004296|201706|4447.33|0|172|008|||||5.375|0.00||||||||||||||3||||||4447.33
F03Q10004296|201707|3899.92|0|173|007|||||5.375|0.00||||||||||||||2||||||3899.92
F03Q10004296|201708|3350.06|0|174|006|||||5.375|0.00||||||||||||||2||||||3350.06
F03Q10004296|201709|2797.74|0|175|005|||||5.375|0.00||||||||||||||2||||||2797.74
F03Q10004296|201710|2242.94|0|176|004|||||5.375|0.00||||||||||||||1||||||2242.94
F03Q10004296|201711|1685.66|0|177|003|||||5.375|0.00||||||||||||||1||||||1685.66
F03Q10004296|201712|1125.88|0|178|002|||||5.375|0.00||||||||||||||1||||||1125.88
F03Q10004296|201801|563.59|0|179|001|||||5.375|0.00||||||||||||||999||||||563.59
F03Q10004296|201802|0.00|0|180|000|||01|201802|5.375|0.00||||||||||||||999|563.59|||||0.00
F03Q10004468|200302|148000.00|0|000|180|||||5.625|0.00||||||||||||||||||||148000.00
F03Q10004468|200303|147000.00|0|001|179|||||5.625|0.00||||||||||||||||||||147000.00
F03Q10004468|200304|147000.00|0|002|178|||||5.625|0.00||||||||||||||||||||147000.00
F03Q10004468|200305|146000.00|0|003|177|||||5.625|0.00||||||||||||||||||||146000.00
F03Q10004468|200306|146000.00|0|004|176|||||5.625|0.00||||||||||||||||||||146000.00
F03Q10004468|200307|145000.00|0|005|175|||||5.625|0.00||||||||||||||||||||145000.00
F03Q10004468|200308|145000.00|0|006|174|||||5.625|0.00||||||||||||||||||||145000.00
F03Q10004468|200309|144270.29|0|007|173|||||5.625|0.00||||||||||||||||||||144270.29
F03Q10004468|200310|143727.44|0|008|172|||||5.625|0.00||||||||||||||||||||143727.44
F03Q10004468|200311|143182.04|0|009|171|||||5.625|0.00||||||||||||||||||||143182.04
F03Q10004468|200312|142634.09|0|010|170|||||5.625|0.00||||||||||||||||||||142634.09
F03Q10004468|200401|142083.57|0|011|169|||||5.625|0.00||||||||||||||||||||142083.57
F03Q10004468|200402|141530.47|0|012|168|||||5.625|0.00||||||||||||||||||||141530.47
F03Q10004468|200403|140974.77|0|013|167|||||5.625|0.00||||||||||||||||||||140974.77
F03Q10004468|200404|140416.47|0|014|166|||||5.625|0.00||||||||||||||||||||140416.47
F03Q10004468|200405|139855.55|0|015|165|||||5.625|0.00||||||||||||||||||||139855.55
F03Q10004468|200406|139292.00|0|016|164|||||5.625|0.00||||||||||||||||||||139292.00
F03Q10004468|200407|138725.81|0|017|163|||||5.625|0.00||||||||||||||||||||138725.81
F03Q10004468|200408|138156.97|0|018|162|||||5.625|0.00||||||||||||||||||||138156.97
F03Q10004468|200409|137585.46|0|019|161|||||5.625|0.00||||||||||||||||||||137585.46
F03Q10004468|200410|137011.27|0|020|160|||||5.625|0.00||||||||||||||||||||137011.27
F03Q10004468|200411|136434.39|0|021|159|||||5.625|0.00||||||||||||||||||||136434.39
F03Q10004468|200412|135854.81|0|022|158|||||5.625|0.00||||||||||||||||||||135854.81
F03Q10004468|200501|135272.51|0|023|157|||||5.625|0.00||||||||||||||||||||135272.51
F03Q10004468|200502|134687.48|0|024|156|||||5.625|0.00||||||||||||||||||||134687.48
F03Q10004468|200503|134099.71|0|025|155|||||5.625|0.00||||||||||||||||||||134099.71
F03Q10004468|200504|133509.18|0|026|154|||||5.625|0.00||||||||||||||||||||133509.18
F03Q10004468|200505|132915.88|0|027|153|||||5.625|0.00||||||||||||||||||||132915.88
F03Q10004468|200506|132319.80|0|028|152|||||5.625|0.00||||||||||||||||||||132319.80
F03Q10004468|200507|131720.93|0|029|151|||||5.625|0.00||||||||||||||||||||131720.93
F03Q10004468|200508|131119.25|0|030|150|||||5.625|0.00||||||||||||||||||||131119.25
F03Q10004468|200509|130514.75|0|031|149|||||5.625|0.00||||||||||||||||||||130514.75
F03Q10004468|200510|129907.42|0|032|148|||||5.625|0.00||||||||||||||||||||129907.42
F03Q10004468|200511|129297.24|0|033|147|||||5.625|0.00||||||||||||||||||||129297.24
F03Q10004468|200512|128684.20|0|034|146|||||5.625|0.00||||||||||||||||||||128684.20
F03Q10004468|200601|128068.29|0|035|145|||||5.625|0.00||||||||||||||||||||128068.29
F03Q10004468|200602|127449.49|0|036|144|||||5.625|0.00||||||||||||||||||||127449.49
F03Q10004468|200603|126827.79|0|037|143|||||5.625|0.00||||||||||||||||||||126827.79
F03Q10004468|200604|126203.18|0|038|142|||||5.625|0.00||||||||||||||||||||126203.18
F03Q10004468|200605|125575.64|0|039|141|||||5.625|0.00||||||||||||||||||||125575.64
F03Q10004468|200606|124945.16|0|040|140|||||5.625|0.00||||||||||||||||||||124945.16
F03Q10004468|200607|124311.72|0|041|139|||||5.625|0.00||||||||||||||||||||124311.72
F03Q10004468|200608|123675.31|0|042|138|||||5.625|0.00||||||||||||||||||||123675.31
F03Q10004468|200609|123035.92|0|043|137|||||5.625|0.00||||||||||||||||||||123035.92
F03Q10004468|200610|122393.53|0|044|136|||||5.625|0.00||||||||||||||||||||122393.53
F03Q10004468|200611|121748.13|0|045|135|||||5.625|0.00||||||||||||||||||||121748.13
F03Q10004468|200612|121099.70|0|046|134|||||5.625|0.00||||||||||||||||||||121099.70
F03Q10004468|200701|120448.23|0|047|133|||||5.625|0.00||||||||||||||||||||120448.23
F03Q10004468|200702|119793.71|0|048|132|||||5.625|0.00||||||||||||||||||||119793.71
F03Q10004468|200703|119136.12|0|049|131|||||5.625|0.00||||||||||||||||||||119136.12
F03Q10004468|200704|118475.45|0|050|130|||||5.625|0.00||||||||||||||||||||118475.45
F03Q10004468|200705|117811.68|0|051|129|||||5.625|0.00||||||||||||||||||||117811.68
F03Q10004468|200706|117144.80|0|052|128|||||5.625|0.00||||||||||||||||||||117144.80
F03Q10004468|200707|116474.80|0|053|127|||||5.625|0.00||||||||||||||||||||116474.80
F03Q10004468|200708|115801.66|0|054|126|||||5.625|0.00||||||||||||||||||||115801.66
F03Q10004468|200709|115125.36|0|055|125|||||5.625|0.00||||||||||||||||||||115125.36
F03Q10004468|200710|114445.89|0|056|124|||||5.625|0.00||||||||||||||||||||114445.89
F03Q10004468|200711|113763.24|0|057|123|||||5.625|0.00||||||||||||||||||||113763.24
F03Q10004468|200712|113077.39|0|058|122|||||5.625|0.00||||||||||||||||||||113077.39
F03Q10004468|200801|112388.32|0|059|121|||||5.625|0.00||||||||||||||||||||112388.32
F03Q10004468|200802|111696.02|0|060|120|||||5.625|0.00||||||||||||||||||||111696.02
F03Q10004468|200803|111000.48|0|061|119|||||5.625|0.00||||||||||||||||||||111000.48
F03Q10004468|200804|110301.67|0|062|118|||||5.625|0.00||||||||||||||||||||110301.67
F03Q10004468|200805|109599.59|0|063|117|||||5.625|0.00||||||||||||||||||||109599.59
F03Q10004468|200806|108894.22|0|064|116|||||5.625|0.00||||||||||||||||||||108894.22
F03Q10004468|200807|108185.54|0|065|115|||||5.625|0.00||||||||||||||||||||108185.54
F03Q10004468|200808|107473.54|0|066|114|||||5.625|0.00||||||||||||||||||||107473.54
F03Q10004468|200809|106758.20|0|067|113|||||5.625|0.00||||||||||||||||||||106758.20
F03Q10004468|200810|106039.51|0|068|112|||||5.625|0.00||||||||||||||||||||106039.51
F03Q10004468|200811|105317.45|0|069|111|||||5.625|0.00||||||||||||||||||||105317.45
F03Q10004468|200812|103863.17|0|070|110|||||5.625|0.00||||||||||||||||||||103863.17
F03Q10004468|200901|103863.17|0|071|109|||||5.625|0.00||||||||||||||||||||103863.17
F03Q10004468|200902|103130.91|0|072|108|||||5.625|0.00||||||||||||||||||||103130.91
F03Q10004468|200903|102395.22|0|073|107|||||5.625|0.00||||||||||||||||||||102395.22
F03Q10004468|200904|101656.08|0|074|106|||||5.625|0.00||||||||||||||||||||101656.08
F03Q10004468|200905|100913.47|0|075|105|||||5.625|0.00||||||||||||||||||||100913.47
F03Q10004468|200906|100167.38|0|076|104|||||5.625|0.00||||||||||||||||||||100167.38
F03Q10004468|200907|99417.79|0|077|103|||||5.625|0.00||||||||||||||||||||99417.79
F03Q10004468|200908|98664.69|0|078|102|||||5.625|0.00||||||||||||||||||||98664.69
F03Q10004468|200909|97908.06|0|079|101|||||5.625|0.00||||||||||||||||||||97908.06
F03Q10004468|200910|97147.88|0|080|100|||||5.625|0.00||||||||||||||||||||97147.88
F03Q10004468|200911|96384.14|0|081|099|||||5.625|0.00||||||||||||||||||||96384.14
F03Q10004468|200912|95616.82|0|082|098|||||5.625|0.00||||||||||||||||||||95616.82
F03Q10004468|201001|94845.90|0|083|097|||||5.625|0.00||||||||||||||||||||94845.90
F03Q10004468|201002|94071.37|0|084|096|||||5.625|0.00||||||||||||||||||||94071.37
F03Q10004468|201003|0.00|0|085|095|||01|201003|5.625|0.00|||||||||||||||94071.37|||||0.00
F03Q10004520|200302|156000.00|0|000|240|||||6.000|0.00||||||||||||||||||||156000.00
F03Q10004520|200303|156000.00|0|001|239|||||6.000|0.00||||||||||||||||||||156000.00
F03Q10004520|200304|155000.00|0|002|238|||||6.000|0.00||||||||||||||||||||155000.00
F03Q10004520|200305|155000.00|0|003|237|||||6.000|0.00||||||||||||||||||||155000.00
F03Q10004520|200306|155000.00|0|004|236|||||6.000|0.00||||||||||||||||||||155000.00
F03Q10004520|200307|154000.00|0|005|235|||||6.000|0.00||||||||||||||||||||154000.00
F03Q10004520|200308|154000.00|0|006|234|||||6.000|0.00||||||||||||||||||||154000.00
F03Q10004520|200309|153600.84|0|007|233|||||6.000|0.00||||||||||||||||||||153600.84
F03Q10004520|200310|153600.84|0|008|232|||||6.000|0.00||||||||||||||||||||153600.84
F03Q10004520|200311|152899.84|0|009|231|||||6.000|0.00||||||||||||||||||||152899.84
F03Q10004520|200312|152546.71|0|010|230|||||6.000|0.00||||||||||||||||||||152546.71
F03Q10004520|200401|152191.81|0|011|229|||||6.000|0.00||||||||||||||||||||152191.81
F03Q10004520|200402|151835.14|0|012|228|||||6.000|0.00||||||||||||||||||||151835.14
F03Q10004520|200403|151476.69|0|013|227|||||6.000|0.00||||||||||||||||||||151476.69
F03Q10004520|200404|151116.44|0|014|226|||||6.000|0.00||||||||||||||||||||151116.44
F03Q10004520|200405|150754.39|0|015|225|||||6.000|0.00||||||||||||||||||||150754.39
F03Q10004520|200406|150390.53|0|016|224|||||6.000|0.00||||||||||||||||||||150390.53
F03Q10004520|200407|150024.85|0|017|223|||||6.000|0.00||||||||||||||||||||150024.85
F03Q10004520|200408|149657.34|0|018|222|||||6.000|0.00||||||||||||||||||||149657.34
F03Q10004520|200409|149288.00|0|019|221|||||6.000|0.00||||||||||||||||||||149288.00
F03Q10004520|200410|148916.81|0|020|220|||||6.000|0.00||||||||||||||||||||148916.81
F03Q10004520|200411|148543.76|0|021|219|||||6.000|0.00||||||||||||||||||||148543.76
F03Q10004520|200412|148168.85|0|022|218|||||6.000|0.00||||||||||||||||||||148168.85
F03Q10004520|200501|147792.06|0|023|217|||||6.000|0.00||||||||||||||||||||147792.06
F03Q10004520|200502|147413.39|0|024|216|||||6.000|0.00||||||||||||||||||||147413.39
F03Q10004520|200503|147032.83|0|025|215|||||6.000|0.00||||||||||||||||||||147032.83
F03Q10004520|200504|146650.36|0|026|214|||||6.000|0.00||||||||||||||||||||146650.36
F03Q10004520|200505|146265.98|0|027|213|||||6.000|0.00||||||||||||||||||||146265.98
F03Q10004520|200506|145879.68|0|028|212|||||6.000|0.00||||||||||||||||||||145879.68
F03Q10004520|200507|145491.45|0|029|211|||||6.000|0.00||||||||||||||||||||145491.45
F03Q10004520|200508|145101.28|0|030|210|||||6.000|0.00||||||||||||||||||||145101.28
F03Q10004520|200509|144709.16|0|031|209|||||6.000|0.00||||||||||||||||||||144709.16
F03Q10004520|200510|144315.08|0|032|208|||||6.000|0.00||||||||||||||||||||144315.08
F03Q10004520|200511|143919.03|0|033|207|||||6.000|0.00||||||||||||||||||||143919.03
F03Q10004520|200512|143521.00|0|034|206|||||6.000|0.00||||||||||||||||||||143521.00
F03Q10004520|200601|143521.00|0|035|205|||||6.000|0.00||||||||||||||||||||143521.00
F03Q10004520|200602|142718.95|0|036|204|||||6.000|0.00||||||||||||||||||||142718.95
F03Q10004520|200603|142314.91|0|037|203|||||6.000|0.00||||||||||||||||||||142314.91
F03Q10004520|200604|141908.85|0|038|202|||||6.000|0.00||||||||||||||||||||141908.85
F03Q10004520|200605|141908.85|0|039|201|||||6.000|0.00||||||||||||||||||||141908.85
F03Q10004520|200606|141090.63|0|040|200|||||6.000|0.00||||||||||||||||||||141090.63
F03Q10004520|200607|140678.45|0|041|199|||||6.000|0.00||||||||||||||||||||140678.45
F03Q10004520|200608|140264.21|0|042|198|||||6.000|0.00||||||||||||||||||||140264.21
F03Q10004520|200609|139847.90|0|043|197|||||6.000|0.00||||||||||||||||||||139847.90
F03Q10004520|200610|139429.51|0|044|196|||||6.000|0.00||||||||||||||||||||139429.51
F03Q10004520|200611|139009.03|0|045|195|||||6.000|0.00||||||||||||||||||||139009.03
F03Q10004520|200612|138586.45|0|046|194|||||6.000|0.00||||||||||||||||||||138586.45
F03Q10004520|200701|138161.75|0|047|193|||||6.000|0.00||||||||||||||||||||138161.75
F03Q10004520|200702|137734.93|0|048|192|||||6.000|0.00||||||||||||||||||||137734.93
F03Q10004520|200703|137305.97|0|049|191|||||6.000|0.00||||||||||||||||||||137305.97
F03Q10004520|200704|136874.87|0|050|190|||||6.000|0.00||||||||||||||||||||136874.87
F03Q10004520|200705|136441.61|0|051|189|||||6.000|0.00||||||||||||||||||||136441.61
F03Q10004520|200706|136006.19|0|052|188|||||6.000|0.00||||||||||||||||||||136006.19
F03Q10004520|200707|135568.59|0|053|187|||||6.000|0.00||||||||||||||||||||135568.59
F03Q10004520|200708|135128.80|0|054|186|||||6.000|0.00||||||||||||||||||||135128.80
F03Q10004520|200709|134686.81|0|055|185|||||6.000|0.00||||||||||||||||||||134686.81
F03Q10004520|200710|134242.61|0|056|184|||||6.000|0.00||||||||||||||||||||134242.61
F03Q10004520|200711|133796.19|0|057|183|||||6.000|0.00||||||||||||||||||||133796.19
F03Q10004520|200712|133347.54|0|058|182|||||6.000|0.00||||||||||||||||||||133347.54
F03Q10004520|200801|132896.65|0|059|181|||||6.000|0.00||||||||||||||||||||132896.65
F03Q10004520|200802|132443.50|0|060|180|||||6.000|0.00||||||||||||||||||||132443.50
F03Q10004520|200803|131988.09|0|061|179|||||6.000|0.00||||||||||||||||||||131988.09
F03Q10004520|200804|131530.40|0|062|178|||||6.000|0.00||||||||||||||||||||131530.40
F03Q10004520|200805|131070.42|0|063|177|||||6.000|0.00||||||||||||||||||||131070.42
F03Q10004520|200806|130608.14|0|064|176|||||6.000|0.00||||||||||||||||||||130608.14
F03Q10004520|200807|130143.55|0|065|175|||||6.000|0.00||||||||||||||||||||130143.55
F03Q10004520|200808|129676.64|0|066|174|||||6.000|0.00||||||||||||||||||||129676.64
F03Q10004520|200809|129207.39|0|067|173|||||6.000|0.00||||||||||||||||||||129207.39
F03Q10004520|200810|128735.80|0|068|172|||||6.000|0.00||||||||||||||||||||128735.80
F03Q10004520|200811|128261.85|0|069|171|||||6.000|0.00||||||||||||||||||||128261.85
F03Q10004520|200812|127785.53|0|070|170|||||6.000|0.00||||||||||||||||||||127785.53
F03Q10004520|200901|127306.83|0|071|169|||||6.000|0.00||||||||||||||||||||127306.83
F03Q10004520|200902|126825.73|0|072|168|||||6.000|0.00||||||||||||||||||||126825.73
F03Q10004520|200903|126342.23|0|073|167|||||6.000|0.00||||||||||||||||||||126342.23
F03Q10004520|200904|125856.31|0|074|166|||||6.000|0.00||||||||||||||||||||125856.31
F03Q10004520|200905|125367.96|0|075|165|||||6.000|0.00||||||||||||||||||||125367.96
F03Q10004520|200906|124877.17|0|076|164|||||6.000|0.00||||||||||||||||||||124877.17
F03Q10004520|200907|124383.93|0|077|163|||||6.000|0.00||||||||||||||||||||124383.93
F03Q10004520|200908|123888.22|0|078|162|||||6.000|0.00||||||||||||||||||||123888.22
F03Q10004520|200909|123390.03|0|079|161|||||6.000|0.00||||||||||||||||||||123390.03
F03Q10004520|200910|122889.35|0|080|160|||||6.000|0.00||||||||||||||||||||122889.35
F03Q10004520|200911|122386.17|0|081|159|||||6.000|0.00||||||||||||||||||||122386.17
F03Q10004520|200912|121880.47|0|082|158|||||6.000|0.00||||||||||||||||||||121880.47
F03Q10004520|201001|121372.24|0|083|157|||||6.000|0.00||||||||||||||||||||121372.24
F03Q10004520|201002|120861.47|0|084|156|||||6.000|0.00||||||||||||||||||||120861.47
F03Q10004520|201003|120348.15|0|085|155|||||6.000|0.00||||||||||||||||||||120348.15
F03Q10004520|201004|119832.26|0|086|154|||||6.000|0.00||||||||||||||||||||119832.26
F03Q10004520|201005|119313.79|0|087|153|||||6.000|0.00||||||||||||||||||||119313.79
F03Q10004520|201006|118792.73|0|088|152|||||6.000|0.00||||||||||||||||||||118792.73
F03Q10004520|201007|118269.06|0|089|151|||||6.000|0.00||||||||||||||||||||118269.06
F03Q10004520|201008|117742.78|0|090|150|||||6.000|0.00||||||||||||||||||||117742.78
F03Q10004520|201009|117213.86|0|091|149|||||6.000|0.00||||||||||||||||||||117213.86
F03Q10004520|201010|116682.30|0|092|148|||||6.000|0.00||||||||||||||||||||116682.30
F03Q10004520|201011|116148.08|0|093|147|||||6.000|0.00||||||||||||||||||||116148.08
F03Q10004520|201012|115611.19|0|094|146|||||6.000|0.00||||||||||||||||||||115611.19
F03Q10004520|201101|115071.62|0|095|145|||||6.000|0.00||||||||||||||||||||115071.62
F03Q10004520|201102|114529.35|0|096|144|||||6.000|0.00||||||||||||||||||||114529.35
F03Q10004520|201103|113984.37|0|097|143|||||6.000|0.00||||||||||||||||||||113984.37
F03Q10004520|201104|113436.66|0|098|142|||||6.000|0.00||||||||||||||||||||113436.66
F03Q10004520|201105|112886.21|0|099|141|||||6.000|0.00||||||||||||||||||||112886.21
F03Q10004520|201106|112333.01|0|100|140|||||6.000|0.00||||||||||||||||||||112333.01
F03Q10004520|201107|111777.05|0|101|139|||||6.000|0.00||||||||||||||||||||111777.05
F03Q10004520|201108|111218.31|0|102|138|||||6.000|0.00||||||||||||||||||||111218.31
F03Q10004520|201109|110656.77|0|103|137|||||6.000|0.00||||||||||||||||||||110656.77
F03Q10004520|201110|110092.42|0|104|136|||||6.000|0.00||||||||||||||||||||110092.42
F03Q10004520|201111|109525.25|0|105|135|||||6.000|0.00||||||||||||||||||||109525.25
F03Q10004520|201112|108955.25|0|106|134|||||6.000|0.00||||||||||||||||||||108955.25
F03Q10004520|201201|108382.40|0|107|133|||||6.000|0.00||||||||||||||||||||108382.40
F03Q10004520|201202|107806.68|0|108|132|||||6.000|0.00||||||||||||||||||||107806.68
F03Q10004520|201203|107228.08|0|109|131|||||6.000|0.00||||||||||||||||||||107228.08
F03Q10004520|201204|106646.59|0|110|130|||||6.000|0.00||||||||||||||||||||106646.59
F03Q10004520|201205|106062.19|0|111|129|||||6.000|0.00||||||||||||||||||||106062.19
F03Q10004520|201206|105474.87|0|112|128|||||6.000|0.00||||||||||||||||||||105474.87
F03Q10004520|201207|104884.61|0|113|127|||||6.000|0.00||||||||||||||||||||104884.61
F03Q10004520|201208|104291.40|0|114|126|||||6.000|0.00||||||||||||||||||||104291.40
F03Q10004520|201209|103695.23|0|115|125|||||6.000|0.00||||||||||||||||||||103695.23
F03Q10004520|201210|103096.08|0|116|124|||||6.000|0.00||||||||||||||||||||103096.08
F03Q10004520|201211|102493.93|0|117|123|||||6.000|0.00||||||||||||||||||||102493.93
F03Q10004520|201212|101888.77|0|118|122|||||6.000|0.00||||||||||||||||||||101888.77
F03Q10004520|201301|101280.58|0|119|121|||||6.000|0.00||||||||||||||||||||101280.58
F03Q10004520|201302|100669.35|0|120|120|||||6.000|0.00||||||||||||||||||||100669.35
F03Q10004520|201303|100055.07|0|121|119|||||6.000|0.00||||||||||||||||||||100055.07
F03Q10004520|201304|99437.72|0|122|118|||||6.000|0.00||||||||||||||||||||99437.72
F03Q10004520|201305|98817.28|0|123|117|||||6.000|0.00||||||||||||||||||||98817.28
F03Q10004520|201306|98193.74|0|124|116|||||6.000|0.00||||||||||||||||||||98193.74
F03Q10004520|201307|97567.08|0|125|115|||||6.000|0.00||||||||||||||||||||97567.08
F03Q10004520|201308|96937.29|0|126|114|||||6.000|0.00||||||||||||||||||||96937.29
F03Q10004520|201309|96304.35|0|127|113|||||6.000|0.00||||||||||||||||||||96304.35
F03Q10004520|201310|95668.24|0|128|112|||||6.000|0.00||||||||||||||||||||95668.24
F03Q10004520|201311|95028.95|0|129|111|||||6.000|0.00||||||||||||||||||||95028.95
F03Q10004520|201312|94386.46|0|130|110|||||6.000|0.00||||||||||||||||||||94386.46
F03Q10004520|201401|93740.76|0|131|109|||||6.000|0.00||||||||||||||||||||93740.76
F03Q10004520|201402|93091.83|0|132|108|||||6.000|0.00||||||||||||||||||||93091.83
F03Q10004520|201403|92439.66|0|133|107|||||6.000|0.00||||||||||||||||||||92439.66
F03Q10004520|201404|91784.23|0|134|106|||||6.000|0.00||||||||||||||||||||91784.23
F03Q10004520|201405|91125.52|0|135|105|||||6.000|0.00||||||||||||||||||||91125.52
F03Q10004520|201406|90463.52|0|136|104|||||6.000|0.00||||||||||||||||||||90463.52
F03Q10004520|201407|89798.21|0|137|103|||||6.000|0.00||||||||||||||||||||89798.21
F03Q10004520|201408|89129.57|0|138|102|||||6.000|0.00||||||||||||||||||||89129.57
F03Q10004520|201409|88457.59|0|139|101|||||6.000|0.00||||||||||||||||||||88457.59
F03Q10004520|201410|87782.25|0|140|100|||||6.000|0.00||||||||||||||||||||87782.25
F03Q10004520|201411|87103.53|0|141|099|||||6.000|0.00||||||||||||||||||||87103.53
F03Q10004520|201412|86421.42|0|142|098|||||6.000|0.00||||||||||||||||||||86421.42
F03Q10004520|201501|85735.90|0|143|097|||||6.000|0.00||||||||||||||||||||85735.90
F03Q10004520|201502|85046.95|0|144|096|||||6.000|0.00||||||||||||||||||||85046.95
F03Q10004520|201503|84354.55|0|145|095|||||6.000|0.00||||||||||||||||||||84354.55
F03Q10004520|201504|0.00|0|146|094|||01|201504|6.000|0.00|||||||||||||||84354.55|||||0.00
F03Q10004617|200302|72000.00|0|000|180|||||5.200|0.00||||||||||||||||||||72000.00
F03Q10004617|200303|72000.00|0|001|179|||||5.200|0.00||||||||||||||||||||72000.00
F03Q10004617|200304|72000.00|0|002|178|||||5.200|0.00||||||||||||||||||||72000.00
F03Q10004617|200305|72000.00|0|003|177|||||5.200|0.00||||||||||||||||||||72000.00
F03Q10004617|200306|71000.00|0|004|176|||||5.200|0.00||||||||||||||||||||71000.00
F03Q10004617|200307|71000.00|0|005|175|||||5.200|0.00||||||||||||||||||||71000.00
F03Q10004617|200308|71000.00|0|006|174|||||5.200|0.00||||||||||||||||||||71000.00
F03Q10004617|200309|70376.12|0|007|173|||||5.200|0.00||||||||||||||||||||70376.12
F03Q10004617|200310|70088.15|0|008|172|||||5.200|0.00||||||||||||||||||||70088.15
F03Q10004617|200311|69798.94|0|009|171|||||5.200|0.00||||||||||||||||||||69798.94
F03Q10004617|200312|69508.47|0|010|170|||||5.200|0.00||||||||||||||||||||69508.47
F03Q10004617|200401|69216.74|0|011|169|||||5.200|0.00||||||||||||||||||||69216.74
F03Q10004617|200402|68923.75|0|012|168|||||5.200|0.00||||||||||||||||||||68923.75
F03Q10004617|200403|68629.49|0|013|167|||||5.200|0.00||||||||||||||||||||68629.49
F03Q10004617|200404|68333.95|0|014|166|||||5.200|0.00||||||||||||||||||||68333.95
F03Q10004617|200405|68037.14|0|015|165|||||5.200|0.00||||||||||||||||||||68037.14
F03Q10004617|200406|67739.04|0|016|164|||||5.200|0.00||||||||||||||||||||67739.04
F03Q10004617|200407|67439.64|0|017|163|||||5.200|0.00||||||||||||||||||||67439.64
F03Q10004617|200408|67138.95|0|018|162|||||5.200|0.00||||||||||||||||||||67138.95
F03Q10004617|200409|66836.96|0|019|161|||||5.200|0.00||||||||||||||||||||66836.96
F03Q10004617|200410|66533.65|0|020|160|||||5.200|0.00||||||||||||||||||||66533.65
F03Q10004617|200411|66229.03|0|021|159|||||5.200|0.00||||||||||||||||||||66229.03
F03Q10004617|200412|65923.10|0|022|158|||||5.200|0.00||||||||||||||||||||65923.10
F03Q10004617|200501|65615.83|0|023|157|||||5.200|0.00||||||||||||||||||||65615.83
F03Q10004617|200502|65307.24|0|024|156|||||5.200|0.00||||||||||||||||||||65307.24
F03Q10004617|200503|64997.31|0|025|155|||||5.200|0.00||||||||||||||||||||64997.31
F03Q10004617|200504|64686.03|0|026|154|||||5.200|0.00||||||||||||||||||||64686.03
F03Q10004617|200505|64373.41|0|027|153|||||5.200|0.00||||||||||||||||||||64373.41
F03Q10004617|200506|64059.43|0|028|152|||||5.200|0.00||||||||||||||||||||64059.43
F03Q10004617|200507|63744.09|0|029|151|||||5.200|0.00||||||||||||||||||||63744.09
F03Q10004617|200508|63427.38|0|030|150|||||5.200|0.00||||||||||||||||||||63427.38
F03Q10004617|200509|63109.31|0|031|149|||||5.200|0.00||||||||||||||||||||63109.31
F03Q10004617|200510|62789.85|0|032|148|||||5.200|0.00||||||||||||||||||||62789.85
F03Q10004617|200511|61969.01|0|033|147|||||5.200|0.00||||||||||||||||||||61969.01
F03Q10004617|200512|61644.25|0|034|146|||||5.200|0.00||||||||||||||||||||61644.25
F03Q10004617|200601|60991.23|0|035|145|||||5.200|0.00||||||||||||||||||||60991.23
F03Q10004617|200602|60662.59|0|036|144|||||5.200|0.00||||||||||||||||||||60662.59
F03Q10004617|200603|60332.54|0|037|143|||||5.200|0.00||||||||||||||||||||60332.54
F03Q10004617|200604|60001.05|0|038|142|||||5.200|0.00||||||||||||||||||||60001.05
F03Q10004617|200605|59668.12|0|039|141|||||5.200|0.00||||||||||||||||||||59668.12
F03Q10004617|200606|59333.75|0|040|140|||||5.200|0.00||||||||||||||||||||59333.75
F03Q10004617|200607|58520.75|0|041|139|||||5.200|0.00||||||||||||||||||||58520.75
F03Q10004617|200608|58181.18|0|042|138|||||5.200|0.00||||||||||||||||||||58181.18
F03Q10004617|200609|57840.37|0|043|137|||||5.200|0.00||||||||||||||||||||57840.37
F03Q10004617|200610|57498.08|0|044|136|||||5.200|0.00||||||||||||||||||||57498.08
F03Q10004617|200611|57154.31|0|045|135|||||5.200|0.00||||||||||||||||||||57154.31
F03Q10004617|200612|56809.05|0|046|134|||||5.200|0.00||||||||||||||||||||56809.05
F03Q10004617|200701|56462.29|0|047|133|||||5.200|0.00||||||||||||||||||||56462.29
F03Q10004617|200702|56114.03|0|048|132|||||5.200|0.00||||||||||||||||||||56114.03
F03Q10004617|200703|55764.26|0|049|131|||||5.200|0.00||||||||||||||||||||55764.26
F03Q10004617|200704|55412.97|0|050|130|||||5.200|0.00||||||||||||||||||||55412.97
F03Q10004617|200705|55060.17|0|051|129|||||5.200|0.00||||||||||||||||||||55060.17
F03Q10004617|200706|54705.83|0|052|128|||||5.200|0.00||||||||||||||||||||54705.83
F03Q10004617|200707|54349.96|0|053|127|||||5.200|0.00||||||||||||||||||||54349.96
F03Q10004617|200708|53992.55|0|054|126|||||5.200|0.00||||||||||||||||||||53992.55
F03Q10004617|200709|53633.58|0|055|125|||||5.200|0.00||||||||||||||||||||53633.58
F03Q10004617|200710|53273.07|0|056|124|||||5.200|0.00||||||||||||||||||||53273.07
F03Q10004617|200711|52910.99|0|057|123|||||5.200|0.00||||||||||||||||||||52910.99
F03Q10004617|200712|52547.34|0|058|122|||||5.200|0.00||||||||||||||||||||52547.34
F03Q10004617|200801|52182.11|0|059|121|||||5.200|0.00||||||||||||||||||||52182.11
F03Q10004617|200802|51815.30|0|060|120|||||5.200|0.00||||||||||||||||||||51815.30
F03Q10004617|200803|51446.91|0|061|119|||||5.200|0.00||||||||||||||||||||51446.91
F03Q10004617|200804|51076.91|0|062|118|||||5.200|0.00||||||||||||||||||||51076.91
F03Q10004617|200805|50705.32|0|063|117|||||5.200|0.00||||||||||||||||||||50705.32
F03Q10004617|200806|50332.11|0|064|116|||||5.200|0.00||||||||||||||||||||50332.11
F03Q10004617|200807|49957.29|0|065|115|||||5.200|0.00||||||||||||||||||||49957.29
F03Q10004617|200808|49580.84|0|066|114|||||5.200|0.00||||||||||||||||||||49580.84
F03Q10004617|200809|49202.76|0|067|113|||||5.200|0.00||||||||||||||||||||49202.76
F03Q10004617|200810|48823.04|0|068|112|||||5.200|0.00||||||||||||||||||||48823.04
F03Q10004617|200811|48441.68|0|069|111|||||5.200|0.00||||||||||||||||||||48441.68
F03Q10004617|200812|48058.66|0|070|110|||||5.200|0.00||||||||||||||||||||48058.66
F03Q10004617|200901|47673.98|0|071|109|||||5.200|0.00||||||||||||||||||||47673.98
F03Q10004617|200902|47287.64|0|072|108|||||5.200|0.00||||||||||||||||||||47287.64
F03Q10004617|200903|46899.62|0|073|107|||||5.200|0.00||||||||||||||||||||46899.62
F03Q10004617|200904|46509.92|0|074|106|||||5.200|0.00||||||||||||||||||||46509.92
F03Q10004617|200905|46118.53|0|075|105|||||5.200|0.00||||||||||||||||||||46118.53
F03Q10004617|200906|45725.45|0|076|104|||||5.200|0.00||||||||||||||||||||45725.45
F03Q10004617|200907|45330.66|0|077|103|||||5.200|0.00||||||||||||||||||||45330.66
F03Q10004617|200908|44934.16|0|078|102|||||5.200|0.00||||||||||||||||||||44934.16
F03Q10004617|200909|44535.94|0|079|101|||||5.200|0.00||||||||||||||||||||44535.94
F03Q10004617|200910|44136.00|0|080|100|||||5.200|0.00||||||||||||||||||||44136.00
F03Q10004617|200911|43734.33|0|081|099|||||5.200|0.00||||||||||||||||||||43734.33
F03Q10004617|200912|43299.19|0|082|098|||||5.200|0.00||||||||||||||||||||43299.19
F03Q10004617|201001|42893.89|0|083|097|||||5.200|0.00||||||||||||||||||||42893.89
F03Q10004617|201002|42486.83|0|084|096|||||5.200|0.00||||||||||||||||||||42486.83
F03Q10004617|201003|42078.01|0|085|095|||||5.200|0.00||||||||||||||||||||42078.01
F03Q10004617|201004|41667.42|0|086|094|||||5.200|0.00||||||||||||||||||||41667.42
F03Q10004617|201005|41255.05|0|087|093|||||5.200|0.00||||||||||||||||||||41255.05
F03Q10004617|201006|40840.89|0|088|092|||||5.200|0.00||||||||||||||||||||40840.89
F03Q10004617|201007|40424.94|0|089|091|||||5.200|0.00||||||||||||||||||||40424.94
F03Q10004617|201008|40007.18|0|090|090|||||5.200|0.00||||||||||||||||||||40007.18
F03Q10004617|201009|39587.61|0|091|089|||||5.200|0.00||||||||||||||||||||39587.61
F03Q10004617|201010|39166.23|0|092|088|||||5.200|0.00||||||||||||||||||||39166.23
F03Q10004617|201011|38743.02|0|093|087|||||5.200|0.00||||||||||||||||||||38743.02
F03Q10004617|201012|38317.98|0|094|086|||||5.200|0.00||||||||||||||||||||38317.98
F03Q10004617|201101|37891.09|0|095|085|||||5.200|0.00||||||||||||||||||||37891.09
F03Q10004617|201102|37462.35|0|096|084|||||5.200|0.00||||||||||||||||||||37462.35
F03Q10004617|201103|37031.76|0|097|083|||||5.200|0.00||||||||||||||||||||37031.76
F03Q10004617|201104|36599.30|0|098|082|||||5.200|0.00||||||||||||||||||||36599.30
F03Q10004617|201105|36164.97|0|099|081|||||5.200|0.00||||||||||||||||||||36164.97
F03Q10004617|201106|35728.75|0|100|080|||||5.200|0.00||||||||||||||||||||35728.75
F03Q10004617|201107|35290.64|0|101|079|||||5.200|0.00||||||||||||||||||||35290.64
F03Q10004617|201108|34850.64|0|102|078|||||5.200|0.00||||||||||||||||||||34850.64
F03Q10004617|201109|34408.73|0|103|077|||||5.200|0.00||||||||||||||||||||34408.73
F03Q10004617|201110|33964.90|0|104|076|||||5.200|0.00||||||||||||||||||||33964.90
F03Q10004617|201111|33519.15|0|105|075|||||5.200|0.00||||||||||||||||||||33519.15
F03Q10004617|201112|33071.47|0|106|074|||||5.200|0.00||||||||||||||||||||33071.47
F03Q10004617|201201|32571.85|0|107|073|||||5.200|0.00||||||||||||||||||||32571.85
F03Q10004617|201202|32070.06|0|108|072|||||5.200|0.00||||||||||||||||||||32070.06
F03Q10004617|201203|31616.10|0|109|071|||||5.200|0.00||||||||||||||||||||31616.10
F03Q10004617|201204|31110.17|0|110|070|||||5.200|0.00||||||||||||||||||||31110.17
F03Q10004617|201205|30602.05|0|111|069|||||5.200|0.00||||||||||||||||||||30602.05
F03Q10004617|201206|30091.73|0|112|068|||||5.200|0.00||||||||||||||||||||30091.73
F03Q10004617|201207|29579.20|0|113|067|||||5.200|0.00||||||||||||||||||||29579.20
F03Q10004617|201208|29114.45|0|114|066|||||5.200|0.00||||||||||||||||||||29114.45
F03Q10004617|201209|28597.68|0|115|065|||||5.200|0.00||||||||||||||||||||28597.68
F03Q10004617|201210|28128.67|0|116|064|||||5.200|0.00||||||||||||||||||||28128.67
F03Q10004617|201211|27657.63|0|117|063|||||5.200|0.00||||||||||||||||||||27657.63
F03Q10004617|201212|27184.55|0|118|062|||||5.200|0.00||||||||||||||||||||27184.55
F03Q10004617|201301|26709.29|0|119|061|||||5.200|0.00||||||||||||||||||||26709.29
F03Q10004617|201302|26232.10|0|120|060|||||5.200|0.00||||||||||||||||||||26232.10
F03Q10004617|201303|25752.84|0|121|059|||||5.200|0.00||||||||||||||||||||25752.84
F03Q10004617|201304|25271.51|0|122|058|||||5.200|0.00||||||||||||||||||||25271.51
F03Q10004617|201305|24788.09|0|123|057|||||5.200|0.00||||||||||||||||||||24788.09
F03Q10004617|201306|24302.58|0|124|056|||||5.200|0.00||||||||||||||||||||24302.58
F03Q10004617|201307|23814.96|0|125|055|||||5.200|0.00||||||||||||||||||||23814.96
F03Q10004617|201308|23325.23|0|126|054|||||5.200|0.00||||||||||||||||||||23325.23
F03Q10004617|201309|22833.38|0|127|053|||||5.200|0.00||||||||||||||||||||22833.38
F03Q10004617|201310|22339.39|0|128|052|||||5.200|0.00||||||||||||||||||||22339.39
F03Q10004617|201311|21843.26|0|129|051|||||5.200|0.00||||||||||||||||||||21843.26
F03Q10004617|201312|21344.98|0|130|050|||||5.200|0.00||||||||||||||||||||21344.98
F03Q10004617|201401|20844.54|0|131|049|||||5.200|0.00||||||||||||||||||||20844.54
F03Q10004617|201402|20341.94|0|132|048|||||5.200|0.00||||||||||||||||||||20341.94
F03Q10004617|201403|19837.16|0|133|047|||||5.200|0.00||||||||||||||||||||19837.16
F03Q10004617|201404|19330.19|0|134|046|||||5.200|0.00||||||||||||||||||||19330.19
F03Q10004617|201405|18821.02|0|135|045|||||5.200|0.00||||||||||||||||||||18821.02
F03Q10004617|201406|18309.65|0|136|044|||||5.200|0.00||||||||||||||||||||18309.65
F03Q10004617|201407|17796.06|0|137|043|||||5.200|0.00||||||||||||||||||||17796.06
F03Q10004617|201408|17280.25|0|138|042|||||5.200|0.00||||||||||||||||||||17280.25
F03Q10004617|201409|16762.20|0|139|041|||||5.200|0.00||||||||||||||||||||16762.20
F03Q10004617|201410|16241.91|0|140|040|||||5.200|0.00||||||||||||||||||||16241.91
F03Q10004617|201411|15719.36|0|141|039|||||5.200|0.00||||||||||||||||||||15719.36
F03Q10004617|201412|15194.55|0|142|038|||||5.200|0.00||||||||||||||||||||15194.55
F03Q10004617|201501|14662.94|0|143|037|||||5.200|0.00||||||||||||||||||||14662.94
F03Q10004617|201502|14133.55|0|144|036|||||5.200|0.00||||||||||||||||||||14133.55
F03Q10004617|201503|13601.87|0|145|035|||||5.200|0.00||||||||||||||||||||13601.87
F03Q10004617|201504|13067.88|0|146|034|||||5.200|0.00||||||||||||||||||||13067.88
F03Q10004617|201505|12531.58|0|147|033|||||5.200|0.00||||||||||||||||||||12531.58
F03Q10004617|201506|11992.95|0|148|032|||||5.200|0.00||||||||||||||||||||11992.95
F03Q10004617|201507|11451.99|0|149|031|||||5.200|0.00||||||||||||||||||||11451.99
F03Q10004617|201508|10908.69|0|150|030|||||5.200|0.00||||||||||||||||||||10908.69
F03Q10004617|201509|10363.03|0|151|029|||||5.200|0.00||||||||||||||||||||10363.03
F03Q10004617|201510|9815.01|0|152|028|||||5.200|0.00||||||||||||||||||||9815.01
F03Q10004617|201511|9264.61|0|153|027|||||5.200|0.00||||||||||||||||||||9264.61
F03Q10004617|201512|8711.83|0|154|026|||||5.200|0.00||||||||||||||||||||8711.83
F03Q10004617|201601|8156.65|0|155|025|||||5.200|0.00||||||||||||||||||||8156.65
F03Q10004617|201602|7599.07|0|156|024|||||5.200|0.00||||||||||||||||||||7599.07
F03Q10004617|201603|7039.07|0|157|023|||||5.200|0.00||||||||||||||||||||7039.07
F03Q10004617|201604|6476.64|0|158|022|||||5.200|0.00||||||||||||||||||||6476.64
F03Q10004617|201605|5911.78|0|159|021|||||5.200|0.00||||||||||||||||||||5911.78
F03Q10004617|201606|5344.47|0|160|020|||||5.200|0.00||||||||||||||||||||5344.47
F03Q10004617|201607|4774.70|0|161|019|||||5.200|0.00||||||||||||||||||||4774.70
F03Q10004617|201608|4202.46|0|162|018|||||5.200|0.00||||||||||||||||||||4202.46
F03Q10004617|201609|3627.74|0|163|017|||||5.200|0.00||||||||||||||||||||3627.74
F03Q10004617|201610|3050.53|0|164|016|||||5.200|0.00||||||||||||||||||||3050.53
F03Q10004617|201611|0.00|0|165|015|||01|201611|5.200|0.00|||||||||||||||3050.53|||||0.00
F03Q10004803|200302|210000.00|0|000|360|||||6.125|0.00||||||||||||||||||||210000.00
F03Q10004803|200303|210000.00|0|001|359|||||6.125|0.00||||||||||||||||||||210000.00
F03Q10004803|200304|209000.00|0|002|358|||||6.125|0.00||||||||||||||||||||209000.00
F03Q10004803|200305|209000.00|0|003|357|||||6.125|0.00||||||||||||||||||||209000.00
F03Q10004803|200306|209000.00|0|004|356|||||6.125|0.00||||||||||||||||||||209000.00
F03Q10004803|200307|0.00|0|005|355|||01|200307|6.125|0.00|||||||||||||||209274.85|||||0.00
F03Q10004932|200302|120000.00|0|000|360|||||6.125|0.00||||||||||||||||||||120000.00
F03Q10004932|200303|120000.00|0|001|359|||||6.125|0.00||||||||||||||||||||120000.00
F03Q10004932|200304|120000.00|0|002|358|||||6.125|0.00||||||||||||||||||||120000.00
F03Q10004932|200305|120000.00|0|003|357|||||6.125|0.00||||||||||||||||||||120000.00
F03Q10004932|200306|120000.00|0|004|356|||||6.125|0.00||||||||||||||||||||120000.00
F03Q10004932|200307|119000.00|0|005|355|||||6.125|0.00||||||||||||||||||||119000.00
F03Q10004932|200308|119000.00|0|006|354|||||6.125|0.00||||||||||||||||||||119000.00
F03Q10004932|200309|119170.46|0|007|353|||||6.125|0.00||||||||||||||||||||119170.46
F03Q10004932|200310|119170.46|0|008|352|||||6.125|0.00||||||||||||||||||||119170.46
F03Q10004932|200311|118928.12|0|009|351|||||6.125|0.00||||||||||||||||||||118928.12
F03Q10004932|200312|118806.02|0|010|350|||||6.125|0.00||||||||||||||||||||118806.02
F03Q10004932|200401|118683.30|0|011|349|||||6.125|0.00||||||||||||||||||||118683.30
F03Q10004932|200402|118559.95|0|012|348|||||6.125|0.00||||||||||||||||||||118559.95
F03Q10004932|200403|118435.97|0|013|347|||||6.125|0.00||||||||||||||||||||118435.97
F03Q10004932|200404|118435.97|0|014|346|||||6.125|0.00||||||||||||||||||||118435.97
F03Q10004932|200405|118149.47|0|015|345|||||6.125|0.00||||||||||||||||||||118149.47
F03Q10004932|200406|118023.39|0|016|344|||||6.125|0.00||||||||||||||||||||118023.39
F03Q10004932|200407|117896.67|0|017|343|||||6.125|0.00||||||||||||||||||||117896.67
F03Q10004932|200408|117769.30|0|018|342|||||6.125|0.00||||||||||||||||||||117769.30
F03Q10004932|200409|117641.28|0|019|341|||||6.125|0.00||||||||||||||||||||117641.28
F03Q10004932|200410|117512.61|0|020|340|||||6.125|0.00||||||||||||||||||||117512.61
F03Q10004932|200411|117383.28|0|021|339|||||6.125|0.00||||||||||||||||||||117383.28
F03Q10004932|200412|117253.29|0|022|338|||||6.125|0.00||||||||||||||||||||117253.29
F03Q10004932|200501|117122.64|0|023|337|||||6.125|0.00||||||||||||||||||||117122.64
F03Q10004932|200502|116991.32|0|024|336|||||6.125|0.00||||||||||||||||||||116991.32
F03Q10004932|200503|116846.48|0|025|335|||||6.125|0.00||||||||||||||||||||116846.48
F03Q10004932|200504|116713.75|0|026|334|||||6.125|0.00||||||||||||||||||||116713.75
F03Q10004932|200505|116713.75|0|027|333|||||6.125|0.00||||||||||||||||||||116713.75
F03Q10004932|200506|116580.35|0|028|332|||||6.125|0.00||||||||||||||||||||116580.35
F03Q10004932|200507|116310.37|0|029|331|||||6.125|0.00||||||||||||||||||||116310.37
F03Q10004932|200508|116174.91|0|030|330|||||6.125|0.00||||||||||||||||||||116174.91
F03Q10004932|200509|116038.76|0|031|329|||||6.125|0.00||||||||||||||||||||116038.76
F03Q10004932|200510|116038.76|0|032|328|||||6.125|0.00||||||||||||||||||||116038.76
F03Q10004932|200511|115764.36|0|033|327|||||6.125|0.00||||||||||||||||||||115764.36
F03Q10004932|200512|115764.36|0|034|326|||||6.125|0.00||||||||||||||||||||115764.36
F03Q10004932|200601|115626.11|0|035|325|||||6.125|0.00||||||||||||||||||||115626.11
F03Q10004932|200602|115487.15|0|036|324|||||6.125|0.00||||||||||||||||||||115487.15
F03Q10004932|200603|115347.49|0|037|323|||||6.125|0.00||||||||||||||||||||115347.49
F03Q10004932|200604|115066.02|0|038|322|||||6.125|0.00||||||||||||||||||||115066.02
F03Q10004932|200605|114924.21|0|039|321|||||6.125|0.00||||||||||||||||||||114924.21
F03Q10004932|200606|114924.21|0|040|320|||||6.125|0.00||||||||||||||||||||114924.21
F03Q10004932|200607|114781.67|0|041|319|||||6.125|0.00||||||||||||||||||||114781.67
F03Q10004932|200608|114638.40|0|042|318|||||6.125|0.00||||||||||||||||||||114638.40
F03Q10004932|200609|114349.67|0|043|317|||||6.125|0.00||||||||||||||||||||114349.67
F03Q10004932|200610|114204.20|0|044|316|||||6.125|0.00||||||||||||||||||||114204.20
F03Q10004932|200611|114057.99|0|045|315|||||6.125|0.00||||||||||||||||||||114057.99
F03Q10004932|200612|114057.99|0|046|314|||||6.125|0.00||||||||||||||||||||114057.99
F03Q10004932|200701|113911.03|0|047|313|||||6.125|0.00||||||||||||||||||||113911.03
F03Q10004932|200702|113763.32|0|048|312|||||6.125|0.00||||||||||||||||||||113763.32
F03Q10004932|200703|113614.86|0|049|311|||||6.125|0.00||||||||||||||||||||113614.86
F03Q10004932|200704|113465.64|0|050|310|||||6.125|0.00||||||||||||||||||||113465.64
F03Q10004932|200705|113164.91|0|051|309|||||6.125|0.00||||||||||||||||||||113164.91
F03Q10004932|200706|113013.39|0|052|308|||||6.125|0.00||||||||||||||||||||113013.39
F03Q10004932|200707|113013.39|0|053|307|||||6.125|0.00||||||||||||||||||||113013.39
F03Q10004932|200708|112708.03|0|054|306|||||6.125|0.00||||||||||||||||||||112708.03
F03Q10004932|200709|112554.18|0|055|305|||||6.125|0.00||||||||||||||||||||112554.18
F03Q10004932|200710|112399.55|0|056|304|||||6.125|0.00||||||||||||||||||||112399.55
F03Q10004932|200711|112399.55|0|057|303|||||6.125|0.00||||||||||||||||||||112399.55
F03Q10004932|200712|112244.13|0|058|302|||||6.125|0.00||||||||||||||||||||112244.13
F03Q10004932|200801|112087.91|0|059|301|||||6.125|0.00||||||||||||||||||||112087.91
F03Q10004932|200802|111930.90|0|060|300|||||6.125|0.00||||||||||||||||||||111930.90
F03Q10004932|200803|111614.46|0|061|299|||||6.125|0.00||||||||||||||||||||111614.46
F03Q10004932|200804|111455.03|0|062|298|||||6.125|0.00||||||||||||||||||||111455.03
F03Q10004932|200805|111294.79|0|063|297|||||6.125|0.00||||||||||||||||||||111294.79
F03Q10004932|200806|111133.73|0|064|296|||||6.125|0.00||||||||||||||||||||111133.73
F03Q10004932|200807|111133.73|0|065|295|||||6.125|0.00||||||||||||||||||||111133.73
F03Q10004932|200808|110971.85|0|066|294|||||6.125|0.00||||||||||||||||||||110971.85
F03Q10004932|200809|110809.14|0|067|293|||||6.125|0.00||||||||||||||||||||110809.14
F03Q10004932|200810|0.00|0|068|292|||01|200810|6.125|0.00|||||||||||||||110809.14|||||0.00
F03Q10004964|200302|130000.00|0|000|180|||||5.500|0.00||||||||||||||||||||130000.00
F03Q10004964|200303|129000.00|0|001|179|||||5.500|0.00||||||||||||||||||||129000.00
F03Q10004964|200304|128000.00|0|002|178|||||5.500|0.00||||||||||||||||||||128000.00
F03Q10004964|200305|127000.00|0|003|177|||||5.500|0.00||||||||||||||||||||127000.00
F03Q10004964|200306|126000.00|0|004|176|||||5.500|0.00||||||||||||||||||||126000.00
F03Q10004964|200307|125000.00|0|005|175|||||5.500|0.00||||||||||||||||||||125000.00
F03Q10004964|200308|125000.00|0|006|174|||||5.500|0.00||||||||||||||||||||125000.00
F03Q10004964|200309|123776.57|0|007|173|||||5.500|0.00||||||||||||||||||||123776.57
F03Q10004964|200310|122943.88|0|008|172|||||5.500|0.00||||||||||||||||||||122943.88
F03Q10004964|200311|122107.37|0|009|171|||||5.500|0.00||||||||||||||||||||122107.37
F03Q10004964|200312|121267.03|0|010|170|||||5.500|0.00||||||||||||||||||||121267.03
F03Q10004964|200401|120422.84|0|011|169|||||5.500|0.00||||||||||||||||||||120422.84
F03Q10004964|200402|119574.78|0|012|168|||||5.500|0.00||||||||||||||||||||119574.78
F03Q10004964|200403|118722.83|0|013|167|||||5.500|0.00||||||||||||||||||||118722.83
F03Q10004964|200404|117866.98|0|014|166|||||5.500|0.00||||||||||||||||||||117866.98
F03Q10004964|200405|117007.20|0|015|165|||||5.500|0.00||||||||||||||||||||117007.20
F03Q10004964|200406|116143.48|0|016|164|||||5.500|0.00||||||||||||||||||||116143.48
F03Q10004964|200407|115275.80|0|017|163|||||5.500|0.00||||||||||||||||||||115275.80
F03Q10004964|200408|114404.15|0|018|162|||||5.500|0.00||||||||||||||||||||114404.15
F03Q10004964|200409|113528.50|0|019|161|||||5.500|0.00||||||||||||||||||||113528.50
F03Q10004964|200410|112648.84|0|020|160|||||5.500|0.00||||||||||||||||||||112648.84
F03Q10004964|200411|111765.15|0|021|159|||||5.500|0.00||||||||||||||||||||111765.15
F03Q10004964|200412|110877.41|0|022|158|||||5.500|0.00||||||||||||||||||||110877.41
F03Q10004964|200501|109985.60|0|023|157|||||5.500|0.00||||||||||||||||||||109985.60
F03Q10004964|200502|109089.70|0|024|156|||||5.500|0.00||||||||||||||||||||109089.70
F03Q10004964|200503|108189.69|0|025|155|||||5.500|0.00||||||||||||||||||||108189.69
F03Q10004964|200504|107285.56|0|026|154|||||5.500|0.00||||||||||||||||||||107285.56
F03Q10004964|200505|106377.29|0|027|153|||||5.500|0.00||||||||||||||||||||106377.29
F03Q10004964|200506|105464.85|0|028|152|||||5.500|0.00||||||||||||||||||||105464.85
F03Q10004964|200507|104548.23|0|029|151|||||5.500|0.00||||||||||||||||||||104548.23
F03Q10004964|200508|103627.41|0|030|150|||||5.500|0.00||||||||||||||||||||103627.41
F03Q10004964|200509|102702.37|0|031|149|||||5.500|0.00||||||||||||||||||||102702.37
F03Q10004964|200510|101773.09|0|032|148|||||5.500|0.00||||||||||||||||||||101773.09
F03Q10004964|200511|100839.55|0|033|147|||||5.500|0.00||||||||||||||||||||100839.55
F03Q10004964|200512|99901.73|0|034|146|||||5.500|0.00||||||||||||||||||||99901.73
F03Q10004964|200601|98959.61|0|035|145|||||5.500|0.00||||||||||||||||||||98959.61
F03Q10004964|200602|98013.17|0|036|144|||||5.500|0.00||||||||||||||||||||98013.17
F03Q10004964|200603|97062.40|0|037|143|||||5.500|0.00||||||||||||||||||||97062.40
F03Q10004964|200604|96107.27|0|038|142|||||5.500|0.00||||||||||||||||||||96107.27
F03Q10004964|200605|95147.76|0|039|141|||||5.500|0.00||||||||||||||||||||95147.76
F03Q10004964|200606|94183.85|0|040|140|||||5.500|0.00||||||||||||||||||||94183.85
F03Q10004964|200607|93215.53|0|041|139|||||5.500|0.00||||||||||||||||||||93215.53
F03Q10004964|200608|92242.77|0|042|138|||||5.500|0.00||||||||||||||||||||92242.77
F03Q10004964|200609|91265.55|0|043|137|||||5.500|0.00||||||||||||||||||||91265.55
F03Q10004964|200610|90283.85|0|044|136|||||5.500|0.00||||||||||||||||||||90283.85
F03Q10004964|200611|89297.65|0|045|135|||||5.500|0.00||||||||||||||||||||89297.65
F03Q10004964|200612|88306.93|0|046|134|||||5.500|0.00||||||||||||||||||||88306.93
F03Q10004964|200701|87311.67|0|047|133|||||5.500|0.00||||||||||||||||||||87311.67
F03Q10004964|200702|86311.85|0|048|132|||||5.500|0.00||||||||||||||||||||86311.85
F03Q10004964|200703|85307.45|0|049|131|||||5.500|0.00||||||||||||||||||||85307.45
F03Q10004964|200704|84298.44|0|050|130|||||5.500|0.00||||||||||||||||||||84298.44
F03Q10004964|200705|83284.81|0|051|129|||||5.500|0.00||||||||||||||||||||83284.81
F03Q10004964|200706|82266.53|0|052|128|||||5.500|0.00||||||||||||||||||||82266.53
F03Q10004964|200707|81243.58|0|053|127|||||5.500|0.00||||||||||||||||||||81243.58
F03Q10004964|200708|80215.95|0|054|126|||||5.500|0.00||||||||||||||||||||80215.95
F03Q10004964|200709|79183.61|0|055|125|||||5.500|0.00||||||||||||||||||||79183.61
F03Q10004964|200710|78146.53|0|056|124|||||5.500|0.00||||||||||||||||||||78146.53
F03Q10004964|200711|77104.70|0|057|123|||||5.500|0.00||||||||||||||||||||77104.70
F03Q10004964|200712|76058.10|0|058|122|||||5.500|0.00||||||||||||||||||||76058.10
F03Q10004964|200801|75006.70|0|059|121|||||5.500|0.00||||||||||||||||||||75006.70
F03Q10004964|200802|73950.48|0|060|120|||||5.500|0.00||||||||||||||||||||73950.48
F03Q10004964|200803|72889.42|0|061|119|||||5.500|0.00||||||||||||||||||||72889.42
F03Q10004964|200804|71823.50|0|062|118|||||5.500|0.00||||||||||||||||||||71823.50
F03Q10004964|200805|70752.69|0|063|117|||||5.500|0.00||||||||||||||||||||70752.69
F03Q10004964|200806|69676.97|0|064|116|||||5.500|0.00||||||||||||||||||||69676.97
F03Q10004964|200807|68596.32|0|065|115|||||5.500|0.00||||||||||||||||||||68596.32
F03Q10004964|200808|67510.72|0|066|114|||||5.500|0.00||||||||||||||||||||67510.72
F03Q10004964|200809|66420.14|0|067|113|||||5.500|0.00||||||||||||||||||||66420.14
F03Q10004964|200810|65324.57|0|068|112|||||5.500|0.00||||||||||||||||||||65324.57
F03Q10004964|200811|64223.97|0|069|111|||||5.500|0.00||||||||||||||||||||64223.97
F03Q10004964|200812|63118.33|0|070|110|||||5.500|0.00||||||||||||||||||||63118.33
F03Q10004964|200901|62007.62|0|071|109|||||5.500|0.00||||||||||||||||||||62007.62
F03Q10004964|200902|60891.82|0|072|108|||||5.500|0.00||||||||||||||||||||60891.82
F03Q10004964|200903|59770.91|0|073|107|||||5.500|0.00||||||||||||||||||||59770.91
F03Q10004964|200904|58644.86|0|074|106|||||5.500|0.00||||||||||||||||||||58644.86
F03Q10004964|200905|57513.65|0|075|105|||||5.500|0.00||||||||||||||||||||57513.65
F03Q10004964|200906|56377.25|0|076|104|||||5.500|0.00||||||||||||||||||||56377.25
F03Q10004964|200907|55235.65|0|077|103|||||5.500|0.00||||||||||||||||||||55235.65
F03Q10004964|200908|54088.81|0|078|102|||||5.500|0.00||||||||||||||||||||54088.81
F03Q10004964|200909|52936.72|0|079|101|||||5.500|0.00||||||||||||||||||||52936.72
F03Q10004964|200910|51779.35|0|080|100|||||5.500|0.00||||||||||||||||||||51779.35
F03Q10004964|200911|50616.67|0|081|099|||||5.500|0.00||||||||||||||||||||50616.67
F03Q10004964|200912|49448.66|0|082|098|||||5.500|0.00||||||||||||||||||||49448.66
F03Q10004964|201001|48275.30|0|083|097|||||5.500|0.00||||||||||||||||||||48275.30
F03Q10004964|201002|47096.56|0|084|096|||||5.500|0.00||||||||||||||||||||47096.56
F03Q10004964|201003|45912.42|0|085|095|||||5.500|0.00||||||||||||||||||||45912.42
F03Q10004964|201004|44722.85|0|086|094|||||5.500|0.00||||||||||||||||||||44722.85
F03Q10004964|201005|43527.83|0|087|093|||||5.500|0.00||||||||||||||||||||43527.83
F03Q10004964|201006|42327.33|0|088|092|||||5.500|0.00||||||||||||||||||||42327.33
F03Q10004964|201007|41121.33|0|089|091|||||5.500|0.00||||||||||||||||||||41121.33
F03Q10004964|201008|39909.80|0|090|090|||||5.500|0.00||||||||||||||||||||39909.80
F03Q10004964|201009|38692.72|0|091|089|||||5.500|0.00||||||||||||||||||||38692.72
F03Q10004964|201010|37470.06|0|092|088|||||5.500|0.00||||||||||||||||||||37470.06
F03Q10004964|201011|36241.80|0|093|087|||||5.500|0.00||||||||||||||||||||36241.80
F03Q10004964|201012|35007.91|0|094|086|||||5.500|0.00||||||||||||||||||||35007.91
F03Q10004964|201101|33768.36|0|095|085|||||5.500|0.00||||||||||||||||||||33768.36
F03Q10004964|201102|32523.13|0|096|084|||||5.500|0.00||||||||||||||||||||32523.13
F03Q10004964|201103|31272.19|0|097|083|||||5.500|0.00||||||||||||||||||||31272.19
F03Q10004964|201104|30015.52|0|098|082|||||5.500|0.00||||||||||||||||||||30015.52
F03Q10004964|201105|28753.09|0|099|081|||||5.500|0.00||||||||||||||||||||28753.09
F03Q10004964|201106|27484.87|0|100|080|||||5.500|0.00||||||||||||||||||||27484.87
F03Q10004964|201107|26210.84|0|101|079|||||5.500|0.00||||||||||||||||||||26210.84
F03Q10004964|201108|24930.97|0|102|078|||||5.500|0.00||||||||||||||||||||24930.97
F03Q10004964|201109|23645.24|0|103|077|||||5.500|0.00||||||||||||||||||||23645.24
F03Q10004964|201110|22353.61|0|104|076|||||5.500|0.00||||||||||||||||||||22353.61
F03Q10004964|201111|21056.06|0|105|075|||||5.500|0.00||||||||||||||||||||21056.06
F03Q10004964|201112|19752.57|0|106|074|||||5.500|0.00||||||||||||||||||||19752.57
F03Q10004964|201201|18443.10|0|107|073|||||5.500|0.00||||||||||||||||||||18443.10
F03Q10004964|201202|17127.63|0|108|072|||||5.500|0.00||||||||||||||||||||17127.63
F03Q10004964|201203|15806.13|0|109|071|||||5.500|0.00||||||||||||||||||||15806.13
F03Q10004964|201204|14478.57|0|110|070|||||5.500|0.00||||||||||||||||||||14478.57
F03Q10004964|201205|13144.93|0|111|069|||||5.500|0.00||||||||||||||||||||13144.93
F03Q10004964|201206|12145.18|0|112|068|||||5.500|0.00||||||||||||||||||||12145.18
F03Q10004964|201207|11140.85|0|113|067|||||5.500|0.00||||||||||||||||||||11140.85
F03Q10004964|201208|10131.91|0|114|066|||||5.500|0.00||||||||||||||||||||10131.91
F03Q10004964|201209|9118.35|0|115|065|||||5.500|0.00||||||||||||||||||||9118.35
F03Q10004964|201210|8100.14|0|116|064|||||5.500|0.00||||||||||||||||||||8100.14
F03Q10004964|201211|7077.27|0|117|063|||||5.500|0.00||||||||||||||||||||7077.27
F03Q10004964|201212|6049.71|0|118|062|||||5.500|0.00||||||||||||||||||||6049.71
F03Q10004964|201301|5017.44|0|119|061|||||5.500|0.00||||||||||||||||||||5017.44
F03Q10004964|201302|3980.44|0|120|060|||||5.500|0.00||||||||||||||||||||3980.44
F03Q10004964|201303|2938.68|0|121|059|||||5.500|0.00||||||||||||||||||||2938.68
F03Q10004964|201304|1892.15|0|122|058|||||5.500|0.00||||||||||||||||||||1892.15
F03Q10004964|201305|840.82|0|123|057|||||5.500|0.00||||||||||||||||||||840.82
F03Q10004964|201306|0.00|0|124|056|||01|201306|5.500|0.00|||||||||||||||840.82|||||0.00
F03Q10005072|200302|90000.00|0|000|180|||||5.250|0.00||||||||||||||||||||90000.00
F03Q10005072|200303|90000.00|0|001|179|||||5.250|0.00||||||||||||||||||||90000.00
F03Q10005072|200304|89000.00|0|002|178|||||5.250|0.00||||||||||||||||||||89000.00
F03Q10005072|200305|89000.00|0|003|177|||||5.250|0.00||||||||||||||||||||89000.00
F03Q10005072|200306|89000.00|0|004|176|||||5.250|0.00||||||||||||||||||||89000.00
F03Q10005072|200307|88000.00|0|005|175|||||5.250|0.00||||||||||||||||||||88000.00
F03Q10005072|200308|88000.00|0|006|174|||||5.250|0.00||||||||||||||||||||88000.00
F03Q10005072|200309|87583.78|0|007|173|||||5.250|0.00||||||||||||||||||||87583.78
F03Q10005072|200310|87243.47|0|008|172|||||5.250|0.00||||||||||||||||||||87243.47
F03Q10005072|200311|87243.47|0|009|171|||||5.250|0.00||||||||||||||||||||87243.47
F03Q10005072|200312|86558.37|0|010|170|||||5.250|0.00||||||||||||||||||||86558.37
F03Q10005072|200401|86213.57|0|011|169|||||5.250|0.00||||||||||||||||||||86213.57
F03Q10005072|200402|85867.26|0|012|168|||||5.250|0.00||||||||||||||||||||85867.26
F03Q10005072|200403|85867.26|0|013|167|||||5.250|0.00||||||||||||||||||||85867.26
F03Q10005072|200404|85163.59|0|014|166|||||5.250|0.00||||||||||||||||||||85163.59
F03Q10005072|200405|85163.59|0|015|165|||||5.250|0.00||||||||||||||||||||85163.59
F03Q10005072|200406|84453.75|0|016|164|||||5.250|0.00||||||||||||||||||||84453.75
F03Q10005072|200407|84453.75|0|017|163|||||5.250|0.00||||||||||||||||||||84453.75
F03Q10005072|200408|84098.24|0|018|162|||||5.250|0.00||||||||||||||||||||84098.24
F03Q10005072|200409|83375.57|0|019|161|||||5.250|0.00||||||||||||||||||||83375.57
F03Q10005072|200410|82990.34|0|020|160|||||5.250|0.00||||||||||||||||||||82990.34
F03Q10005072|200411|82603.42|0|021|159|||||5.250|0.00||||||||||||||||||||82603.42
F03Q10005072|200412|82603.42|0|022|158|||||5.250|0.00||||||||||||||||||||82603.42
F03Q10005072|200501|82240.81|0|023|157|||||5.250|0.00||||||||||||||||||||82240.81
F03Q10005072|200502|81511.34|0|024|156|||||5.250|0.00||||||||||||||||||||81511.34
F03Q10005072|200503|81511.34|0|025|155|||||5.250|0.00||||||||||||||||||||81511.34
F03Q10005072|200504|81144.46|0|026|154|||||5.250|0.00||||||||||||||||||||81144.46
F03Q10005072|200505|80775.98|0|027|153|||||5.250|0.00||||||||||||||||||||80775.98
F03Q10005072|200506|80405.88|0|028|152|||||5.250|0.00||||||||||||||||||||80405.88
F03Q10005072|200507|80028.45|0|029|151|||||5.250|0.00||||||||||||||||||||80028.45
F03Q10005072|200508|79655.11|0|030|150|||||5.250|0.00||||||||||||||||||||79655.11
F03Q10005072|200509|79274.39|0|031|149|||||5.250|0.00||||||||||||||||||||79274.39
F03Q10005072|200510|78513.72|0|032|148|||||5.250|0.00||||||||||||||||||||78513.72
F03Q10005072|200511|78128.01|0|033|147|||||5.250|0.00||||||||||||||||||||78128.01
F03Q10005072|200512|78128.01|0|034|146|||||5.250|0.00||||||||||||||||||||78128.01
F03Q10005072|200601|77740.61|0|035|145|||||5.250|0.00||||||||||||||||||||77740.61
F03Q10005072|200602|76960.77|0|036|144|||||5.250|0.00||||||||||||||||||||76960.77
F03Q10005072|200603|76568.55|0|037|143|||||5.250|0.00||||||||||||||||||||76568.55
F03Q10005072|200604|76568.55|0|038|142|||||5.250|0.00||||||||||||||||||||76568.55
F03Q10005072|200605|76180.05|0|039|141|||||5.250|0.00||||||||||||||||||||76180.05
F03Q10005072|200606|75784.42|0|040|140|||||5.250|0.00||||||||||||||||||||75784.42
F03Q10005072|200607|75392.51|0|041|139|||||5.250|0.00||||||||||||||||||||75392.51
F03Q10005072|200608|74998.43|0|042|138|||||5.250|0.00||||||||||||||||||||74998.43
F03Q10005072|200609|74195.10|0|043|137|||||5.250|0.00||||||||||||||||||||74195.10
F03Q10005072|200610|74195.10|0|044|136|||||5.250|0.00||||||||||||||||||||74195.10
F03Q10005072|200611|73790.78|0|045|135|||||5.250|0.00||||||||||||||||||||73790.78
F03Q10005072|200612|73384.72|0|046|134|||||5.250|0.00||||||||||||||||||||73384.72
F03Q10005072|200701|72976.88|0|047|133|||||5.250|0.00||||||||||||||||||||72976.88
F03Q10005072|200702|72567.26|0|048|132|||||5.250|0.00||||||||||||||||||||72567.26
F03Q10005072|200703|72155.85|0|049|131|||||5.250|0.00||||||||||||||||||||72155.85
F03Q10005072|200704|71743.03|0|050|130|||||5.250|0.00||||||||||||||||||||71743.03
F03Q10005072|200705|71328.40|0|051|129|||||5.250|0.00||||||||||||||||||||71328.40
F03Q10005072|200706|70911.95|0|052|128|||||5.250|0.00||||||||||||||||||||70911.95
F03Q10005072|200707|70493.68|0|053|127|||||5.250|0.00||||||||||||||||||||70493.68
F03Q10005072|200708|70078.58|0|054|126|||||5.250|0.00||||||||||||||||||||70078.58
F03Q10005072|200709|69656.64|0|055|125|||||5.250|0.00||||||||||||||||||||69656.64
F03Q10005072|200710|69232.88|0|056|124|||||5.250|0.00||||||||||||||||||||69232.88
F03Q10005072|200711|68807.27|0|057|123|||||5.250|0.00||||||||||||||||||||68807.27
F03Q10005072|200712|68379.79|0|058|122|||||5.250|0.00||||||||||||||||||||68379.79
F03Q10005072|200801|67950.44|0|059|121|||||5.250|0.00||||||||||||||||||||67950.44
F03Q10005072|200802|67519.22|0|060|120|||||5.250|0.00||||||||||||||||||||67519.22
F03Q10005072|200803|67086.11|0|061|119|||||5.250|0.00||||||||||||||||||||67086.11
F03Q10005072|200804|66651.57|0|062|118|||||5.250|0.00||||||||||||||||||||66651.57
F03Q10005072|200805|65776.78|0|063|117|||||5.250|0.00||||||||||||||||||||65776.78
F03Q10005072|200806|65776.78|0|064|116|||||5.250|0.00||||||||||||||||||||65776.78
F03Q10005072|200807|65336.51|0|065|115|||||5.250|0.00||||||||||||||||||||65336.51
F03Q10005072|200808|64894.32|0|066|114|||||5.250|0.00||||||||||||||||||||64894.32
F03Q10005072|200809|64450.19|0|067|113|||||5.250|0.00||||||||||||||||||||64450.19
F03Q10005072|200810|64004.12|0|068|112|||||5.250|0.00||||||||||||||||||||64004.12
F03Q10005072|200811|63556.10|0|069|111|||||5.250|0.00||||||||||||||||||||63556.10
F03Q10005072|200812|63106.12|0|070|110|||||5.250|0.00||||||||||||||||||||63106.12
F03Q10005072|200901|62654.17|0|071|109|||||5.250|0.00||||||||||||||||||||62654.17
F03Q10005072|200902|62200.24|0|072|108|||||5.250|0.00||||||||||||||||||||62200.24
F03Q10005072|200903|61724.33|0|073|107|||||5.250|0.00||||||||||||||||||||61724.33
F03Q10005072|200904|61246.91|0|074|106|||||5.250|0.00||||||||||||||||||||61246.91
F03Q10005072|200905|60787.40|0|075|105|||||5.250|0.00||||||||||||||||||||60787.40
F03Q10005072|200906|0.00|0|076|104|||01|200906|5.250|0.00|||||||||||||||60787.40|||||0.00
F03Q10005123|200302|135000.00|0|000|360|||||6.250|0.00||||||||||||||||||||135000.00
F03Q10005123|200303|135000.00|0|001|359|||||6.250|0.00||||||||||||||||||||135000.00
F03Q10005123|200304|135000.00|0|002|358|||||6.250|0.00||||||||||||||||||||135000.00
F03Q10005123|200305|135000.00|0|003|357|||||6.250|0.00||||||||||||||||||||135000.00
F03Q10005123|200306|135000.00|0|004|356|||||6.250|0.00||||||||||||||||||||135000.00
F03Q10005123|200307|134000.00|0|005|355|||||6.250|0.00||||||||||||||||||||134000.00
F03Q10005123|200308|0.00|0|006|354|||01|200308|6.250|0.00|||||||||||||||134452.32|||||0.00
F03Q10005138|200302|102000.00|0|000|240|||||5.875|0.00||||||||||||||||||||102000.00
F03Q10005138|200303|101000.00|0|001|239|||||5.875|0.00||||||||||||||||||||101000.00
F03Q10005138|200304|101000.00|0|002|238|||||5.875|0.00||||||||||||||||||||101000.00
F03Q10005138|200305|101000.00|0|003|237|||||5.875|0.00||||||||||||||||||||101000.00
F03Q10005138|200306|101000.00|0|004|236|||||5.875|0.00||||||||||||||||||||101000.00
F03Q10005138|200307|100000.00|0|005|235|||||5.875|0.00||||||||||||||||||||100000.00
F03Q10005138|200308|100000.00|0|006|234|||||5.875|0.00||||||||||||||||||||100000.00
F03Q10005138|200309|0.00|0|007|233|||01|200309|5.875|0.00|||||||||||||||100145.82|||||0.00
F03Q10005190|200302|50000.00|0|000|240|||||5.825|0.00||||||||||||||||||||50000.00
F03Q10005190|200303|50000.00|0|001|239|||||5.825|0.00||||||||||||||||||||50000.00
F03Q10005190|200304|50000.00|0|002|238|||||5.825|0.00||||||||||||||||||||50000.00
F03Q10005190|200305|50000.00|0|003|237|||||5.825|0.00||||||||||||||||||||50000.00
F03Q10005190|200306|50000.00|0|004|236|||||5.825|0.00||||||||||||||||||||50000.00
F03Q10005190|200307|50000.00|0|005|235|||||5.825|0.00||||||||||||||||||||50000.00
F03Q10005190|200308|50000.00|0|006|234|||||5.825|0.00||||||||||||||||||||50000.00
F03Q10005190|200309|49377.92|0|007|233|||||5.825|0.00||||||||||||||||||||49377.92
F03Q10005190|200310|49252.06|0|008|232|||||5.825|0.00||||||||||||||||||||49252.06
F03Q10005190|200311|49125.59|0|009|231|||||5.825|0.00||||||||||||||||||||49125.59
F03Q10005190|200312|48998.50|0|010|230|||||5.825|0.00||||||||||||||||||||48998.50
F03Q10005190|200401|48870.80|0|011|229|||||5.825|0.00||||||||||||||||||||48870.80
F03Q10005190|200402|48742.48|0|012|228|||||5.825|0.00||||||||||||||||||||48742.48
F03Q10005190|200403|48613.53|0|013|227|||||5.825|0.00||||||||||||||||||||48613.53
F03Q10005190|200404|48494.91|0|014|226|||||5.825|0.00||||||||||||||||||||48494.91
F03Q10005190|200405|48365.51|0|015|225|||||5.825|0.00||||||||||||||||||||48365.51
F03Q10005190|200406|48235.48|0|016|224|||||5.825|0.00||||||||||||||||||||48235.48
F03Q10005190|200407|48104.82|0|017|223|||||5.825|0.00||||||||||||||||||||48104.82
F03Q10005190|200408|47983.73|0|018|222|||||5.825|0.00||||||||||||||||||||47983.73
F03Q10005190|200409|47861.85|0|019|221|||||5.825|0.00||||||||||||||||||||47861.85
F03Q10005190|200410|47739.58|0|020|220|||||5.825|0.00||||||||||||||||||||47739.58
F03Q10005190|200411|47616.72|0|021|219|||||5.825|0.00||||||||||||||||||||47616.72
F03Q10005190|200412|47493.06|0|022|218|||||5.825|0.00||||||||||||||||||||47493.06
F03Q10005190|200501|47368.80|0|023|217|||||5.825|0.00||||||||||||||||||||47368.80
F03Q10005190|200502|47243.94|0|024|216|||||5.825|0.00||||||||||||||||||||47243.94
F03Q10005190|200503|47118.47|0|025|215|||||5.825|0.00||||||||||||||||||||47118.47
F03Q10005190|200504|46992.38|0|026|214|||||5.825|0.00||||||||||||||||||||46992.38
F03Q10005190|200505|46855.68|0|027|213|||||5.825|0.00||||||||||||||||||||46855.68
F03Q10005190|200506|46728.32|0|028|212|||||5.825|0.00||||||||||||||||||||46728.32
F03Q10005190|200507|46595.54|0|029|211|||||5.825|0.00||||||||||||||||||||46595.54
F03Q10005190|200508|46466.91|0|030|210|||||5.825|0.00||||||||||||||||||||46466.91
F03Q10005190|200509|46327.66|0|031|209|||||5.825|0.00||||||||||||||||||||46327.66
F03Q10005190|200510|46197.94|0|032|208|||||5.825|0.00||||||||||||||||||||46197.94
F03Q10005190|200511|46067.59|0|033|207|||||5.825|0.00||||||||||||||||||||46067.59
F03Q10005190|200512|45926.40|0|034|206|||||5.825|0.00||||||||||||||||||||45926.40
F03Q10005190|200601|45794.73|0|035|205|||||5.825|0.00||||||||||||||||||||45794.73
F03Q10005190|200602|45662.22|0|036|204|||||5.825|0.00||||||||||||||||||||45662.22
F03Q10005190|200603|45524.06|0|037|203|||||5.825|0.00||||||||||||||||||||45524.06
F03Q10005190|200604|45384.53|0|038|202|||||5.825|0.00||||||||||||||||||||45384.53
F03Q10005190|200605|45250.23|0|039|201|||||5.825|0.00||||||||||||||||||||45250.23
F03Q10005190|200606|45115.28|0|040|200|||||5.825|0.00||||||||||||||||||||45115.28
F03Q10005190|200607|44979.68|0|041|199|||||5.825|0.00||||||||||||||||||||44979.68
F03Q10005190|200608|44743.42|0|042|198|||||5.825|0.00||||||||||||||||||||44743.42
F03Q10005190|200609|44606.01|0|043|197|||||5.825|0.00||||||||||||||||||||44606.01
F03Q10005190|200610|44467.03|0|044|196|||||5.825|0.00||||||||||||||||||||44467.03
F03Q10005190|200611|44327.37|0|045|195|||||5.825|0.00||||||||||||||||||||44327.37
F03Q10005190|200612|44187.94|0|046|194|||||5.825|0.00||||||||||||||||||||44187.94
F03Q10005190|200701|44047.84|0|047|193|||||5.825|0.00||||||||||||||||||||44047.84
F03Q10005190|200702|43906.15|0|048|192|||||5.825|0.00||||||||||||||||||||43906.15
F03Q10005190|200703|43764.68|0|049|191|||||5.825|0.00||||||||||||||||||||43764.68
F03Q10005190|200704|43621.72|0|050|190|||||5.825|0.00||||||||||||||||||||43621.72
F03Q10005190|200705|43478.07|0|051|189|||||5.825|0.00||||||||||||||||||||43478.07
F03Q10005190|200706|43333.72|0|052|188|||||5.825|0.00||||||||||||||||||||43333.72
F03Q10005190|200707|43188.67|0|053|187|||||5.825|0.00||||||||||||||||||||43188.67
F03Q10005190|200708|43042.92|0|054|186|||||5.825|0.00||||||||||||||||||||43042.92
F03Q10005190|200709|42896.46|0|055|185|||||5.825|0.00||||||||||||||||||||42896.46
F03Q10005190|200710|42896.46|0|056|184|||||5.825|0.00||||||||||||||||||||42896.46
F03Q10005190|200711|42602.14|0|057|183|||||5.825|0.00||||||||||||||||||||42602.14
F03Q10005190|200712|42452.54|0|058|182|||||5.825|0.00||||||||||||||||||||42452.54
F03Q10005190|200801|42303.21|0|059|181|||||5.825|0.00||||||||||||||||||||42303.21
F03Q10005190|200802|0.00|0|060|180|||01|200802|5.825|0.00|||||||||||||||42303.21|||||0.00
F03Q10005241|200302|92000.00|0|000|240|||||5.875|0.00||||||||||||||||||||92000.00
F03Q10005241|200303|92000.00|0|001|239|||||5.875|0.00||||||||||||||||||||92000.00
F03Q10005241|200304|92000.00|0|002|238|||||5.875|0.00||||||||||||||||||||92000.00
F03Q10005241|200305|92000.00|0|003|237|||||5.875|0.00||||||||||||||||||||92000.00
F03Q10005241|200306|92000.00|0|004|236|||||5.875|0.00||||||||||||||||||||92000.00
F03Q10005241|200307|91000.00|0|005|235|||||5.875|0.00||||||||||||||||||||91000.00
F03Q10005241|200308|91000.00|0|006|234|||||5.875|0.00||||||||||||||||||||91000.00
F03Q10005241|200309|90846.38|0|007|233|||||5.875|0.00||||||||||||||||||||90846.38
F03Q10005241|200310|90635.10|0|008|232|||||5.875|0.00||||||||||||||||||||90635.10
F03Q10005241|200311|90209.42|0|009|231|||||5.875|0.00||||||||||||||||||||90209.42
F03Q10005241|200312|90209.42|0|010|230|||||5.875|0.00||||||||||||||||||||90209.42
F03Q10005241|200401|89779.57|0|011|229|||||5.875|0.00||||||||||||||||||||89779.57
F03Q10005241|200402|89345.51|0|012|228|||||5.875|0.00||||||||||||||||||||89345.51
F03Q10005241|200403|88907.18|0|013|227|||||5.875|0.00||||||||||||||||||||88907.18
F03Q10005241|200404|88686.40|0|014|226|||||5.875|0.00||||||||||||||||||||88686.40
F03Q10005241|200405|88686.40|0|015|225|||||5.875|0.00||||||||||||||||||||88686.40
F03Q10005241|200406|88241.60|0|016|224|||||5.875|0.00||||||||||||||||||||88241.60
F03Q10005241|200407|88241.60|0|017|223|||||5.875|0.00||||||||||||||||||||88241.60
F03Q10005241|200408|88017.57|0|018|222|||||5.875|0.00||||||||||||||||||||88017.57
F03Q10005241|200409|87566.21|0|019|221|||||5.875|0.00||||||||||||||||||||87566.21
F03Q10005241|200410|87338.87|0|020|220|||||5.875|0.00||||||||||||||||||||87338.87
F03Q10005241|200411|87110.42|0|021|219|||||5.875|0.00||||||||||||||||||||87110.42
F03Q10005241|200412|86880.85|0|022|218|||||5.875|0.00||||||||||||||||||||86880.85
F03Q10005241|200501|86650.15|0|023|217|||||5.875|0.00||||||||||||||||||||86650.15
F03Q10005241|200502|86185.36|0|024|216|||||5.875|0.00||||||||||||||||||||86185.36
F03Q10005241|200503|85951.26|0|025|215|||||5.875|0.00||||||||||||||||||||85951.26
F03Q10005241|200504|85716.01|0|026|214|||||5.875|0.00||||||||||||||||||||85716.01
F03Q10005241|200505|85278.63|0|027|213|||||5.875|0.00||||||||||||||||||||85278.63
F03Q10005241|200506|85040.09|0|028|212|||||5.875|0.00||||||||||||||||||||85040.09
F03Q10005241|200507|84756.43|0|029|211|||||5.875|0.00||||||||||||||||||||84756.43
F03Q10005241|200508|84515.33|0|030|210|||||5.875|0.00||||||||||||||||||||84515.33
F03Q10005241|200509|84252.96|0|031|209|||||5.875|0.00||||||||||||||||||||84252.96
F03Q10005241|200510|84009.40|0|032|208|||||5.875|0.00||||||||||||||||||||84009.40
F03Q10005241|200511|83764.65|0|033|207|||||5.875|0.00||||||||||||||||||||83764.65
F03Q10005241|200512|83518.70|0|034|206|||||5.875|0.00||||||||||||||||||||83518.70
F03Q10005241|200601|83251.45|0|035|205|||||5.875|0.00||||||||||||||||||||83251.45
F03Q10005241|200602|83002.99|0|036|204|||||5.875|0.00||||||||||||||||||||83002.99
F03Q10005241|200603|82502.41|0|037|203|||||5.875|0.00||||||||||||||||||||82502.41
F03Q10005241|200604|82250.28|0|038|202|||||5.875|0.00||||||||||||||||||||82250.28
F03Q10005241|200605|81996.91|0|039|201|||||5.875|0.00||||||||||||||||||||81996.91
F03Q10005241|200606|81742.30|0|040|200|||||5.875|0.00||||||||||||||||||||81742.30
F03Q10005241|200607|81486.45|0|041|199|||||5.875|0.00||||||||||||||||||||81486.45
F03Q10005241|200608|81229.34|0|042|198|||||5.875|0.00||||||||||||||||||||81229.34
F03Q10005241|200609|80970.98|0|043|197|||||5.875|0.00||||||||||||||||||||80970.98
F03Q10005241|200610|80711.35|0|044|196|||||5.875|0.00||||||||||||||||||||80711.35
F03Q10005241|200611|80450.45|0|045|195|||||5.875|0.00||||||||||||||||||||80450.45
F03Q10005241|200612|80188.27|0|046|194|||||5.875|0.00||||||||||||||||||||80188.27
F03Q10005241|200701|79660.06|0|047|193|||||5.875|0.00||||||||||||||||||||79660.06
F03Q10005241|200702|79394.01|0|048|192|||||5.875|0.00||||||||||||||||||||79394.01
F03Q10005241|200703|79126.66|0|049|191|||||5.875|0.00||||||||||||||||||||79126.66
F03Q10005241|200704|78588.03|0|050|190|||||5.875|0.00||||||||||||||||||||78588.03
F03Q10005241|200705|78588.03|0|051|189|||||5.875|0.00||||||||||||||||||||78588.03
F03Q10005241|200706|78316.73|0|052|188|||||5.875|0.00||||||||||||||||||||78316.73
F03Q10005241|200707|77770.15|0|053|187|||||5.875|0.00||||||||||||||||||||77770.15
F03Q10005241|200708|77494.85|0|054|186|||||5.875|0.00||||||||||||||||||||77494.85
F03Q10005241|200709|77218.20|0|055|185|||||5.875|0.00||||||||||||||||||||77218.20
F03Q10005241|200710|76660.84|0|056|184|||||5.875|0.00||||||||||||||||||||76660.84
F03Q10005241|200711|76380.11|0|057|183|||||5.875|0.00||||||||||||||||||||76380.11
F03Q10005241|200712|76098.00|0|058|182|||||5.875|0.00||||||||||||||||||||76098.00
F03Q10005241|200801|75814.51|0|059|181|||||5.875|0.00||||||||||||||||||||75814.51
F03Q10005241|200802|75814.51|0|060|180|||||5.875|0.00||||||||||||||||||||75814.51
F03Q10005241|200803|75814.51|0|061|179|||||5.875|0.00||||||||||||||||||||75814.51
F03Q10005241|200804|75243.37|0|062|178|||||5.875|0.00||||||||||||||||||||75243.37
F03Q10005241|200805|74955.70|0|063|177|||||5.875|0.00||||||||||||||||||||74955.70
F03Q10005241|200806|74666.62|0|064|176|||||5.875|0.00||||||||||||||||||||74666.62
F03Q10005241|200807|74376.13|0|065|175|||||5.875|0.00||||||||||||||||||||74376.13
F03Q10005241|200808|74084.21|0|066|174|||||5.875|0.00||||||||||||||||||||74084.21
F03Q10005241|200809|73790.86|0|067|173|||||5.875|0.00||||||||||||||||||||73790.86
F03Q10005241|200810|73496.08|0|068|172|||||5.875|0.00||||||||||||||||||||73496.08
F03Q10005241|200811|73199.85|0|069|171|||||5.875|0.00||||||||||||||||||||73199.85
F03Q10005241|200812|72888.17|0|070|170|||||5.875|0.00||||||||||||||||||||72888.17
F03Q10005241|200901|72888.17|0|071|169|||||5.875|0.00||||||||||||||||||||72888.17
F03Q10005241|200902|71682.54|0|072|168|||||5.875|0.00||||||||||||||||||||71682.54
F03Q10005241|200903|71277.44|0|073|167|||||5.875|0.00||||||||||||||||||||71277.44
F03Q10005241|200904|70970.35|0|074|166|||||5.875|0.00||||||||||||||||||||70970.35
F03Q10005241|200905|70310.35|0|075|165|||||5.875|0.00||||||||||||||||||||70310.35
F03Q10005241|200906|69339.27|0|076|164|||||5.875|0.00||||||||||||||||||||69339.27
F03Q10005241|200907|69022.69|0|077|163|||||5.875|0.00||||||||||||||||||||69022.69
F03Q10005241|200908|69022.69|0|078|162|||||5.875|0.00||||||||||||||||||||69022.69
F03Q10005241|200909|69022.69|0|079|161|||||5.875|0.00||||||||||||||||||||69022.69
F03Q10005241|200910|69022.69|0|080|160|||||5.875|0.00||||||||||||||||||||69022.69
F03Q10005241|200911|69022.69|0|081|159|||||5.875|0.00||||||||||||||||||||69022.69
F03Q10005241|200912|69022.69|0|082|158|||||5.875|0.00||||||||||||||||||||69022.69
F03Q10005241|201001|0.00|0|083|157|||01|201001|5.875|0.00|||||||||||||||69022.69|||||0.00
F03Q10005310|200302|83000.00|0|000|180|||||5.625|0.00||||||||||||||||||||83000.00
F03Q10005310|200303|83000.00|0|001|179|||||5.625|0.00||||||||||||||||||||83000.00
F03Q10005310|200304|82000.00|0|002|178|||||5.625|0.00||||||||||||||||||||82000.00
F03Q10005310|200305|82000.00|0|003|177|||||5.625|0.00||||||||||||||||||||82000.00
F03Q10005310|200306|82000.00|0|004|176|||||5.625|0.00||||||||||||||||||||82000.00
F03Q10005310|200307|81000.00|0|005|175|||||5.625|0.00||||||||||||||||||||81000.00
F03Q10005310|200308|81000.00|0|006|174|||||5.625|0.00||||||||||||||||||||81000.00
F03Q10005310|200309|80799.77|0|007|173|||||5.625|0.00||||||||||||||||||||80799.77
F03Q10005310|200310|80478.52|0|008|172|||||5.625|0.00||||||||||||||||||||80478.52
F03Q10005310|200311|80155.76|0|009|171|||||5.625|0.00||||||||||||||||||||80155.76
F03Q10005310|200312|79831.49|0|010|170|||||5.625|0.00||||||||||||||||||||79831.49
F03Q10005310|200401|79505.70|0|011|169|||||5.625|0.00||||||||||||||||||||79505.70
F03Q10005310|200402|79178.39|0|012|168|||||5.625|0.00||||||||||||||||||||79178.39
F03Q10005310|200403|78849.53|0|013|167|||||5.625|0.00||||||||||||||||||||78849.53
F03Q10005310|200404|78519.14|0|014|166|||||5.625|0.00||||||||||||||||||||78519.14
F03Q10005310|200405|78187.20|0|015|165|||||5.625|0.00||||||||||||||||||||78187.20
F03Q10005310|200406|77853.70|0|016|164|||||5.625|0.00||||||||||||||||||||77853.70
F03Q10005310|200407|77518.64|0|017|163|||||5.625|0.00||||||||||||||||||||77518.64
F03Q10005310|200408|77182.01|0|018|162|||||5.625|0.00||||||||||||||||||||77182.01
F03Q10005310|200409|76843.80|0|019|161|||||5.625|0.00||||||||||||||||||||76843.80
F03Q10005310|200410|76504.01|0|020|160|||||5.625|0.00||||||||||||||||||||76504.01
F03Q10005310|200411|76162.62|0|021|159|||||5.625|0.00||||||||||||||||||||76162.62
F03Q10005310|200412|75819.63|0|022|158|||||5.625|0.00||||||||||||||||||||75819.63
F03Q10005310|200501|75475.04|0|023|157|||||5.625|0.00||||||||||||||||||||75475.04
F03Q10005310|200502|75128.82|0|024|156|||||5.625|0.00||||||||||||||||||||75128.82
F03Q10005310|200503|74780.99|0|025|155|||||5.625|0.00||||||||||||||||||||74780.99
F03Q10005310|200504|74431.53|0|026|154|||||5.625|0.00||||||||||||||||||||74431.53
F03Q10005310|200505|74080.42|0|027|153|||||5.625|0.00||||||||||||||||||||74080.42
F03Q10005310|200506|73727.68|0|028|152|||||5.625|0.00||||||||||||||||||||73727.68
F03Q10005310|200507|73373.27|0|029|151|||||5.625|0.00||||||||||||||||||||73373.27
F03Q10005310|200508|73017.21|0|030|150|||||5.625|0.00||||||||||||||||||||73017.21
F03Q10005310|200509|72659.48|0|031|149|||||5.625|0.00||||||||||||||||||||72659.48
F03Q10005310|200510|72300.07|0|032|148|||||5.625|0.00||||||||||||||||||||72300.07
F03Q10005310|200511|71938.98|0|033|147|||||5.625|0.00||||||||||||||||||||71938.98
F03Q10005310|200512|71576.19|0|034|146|||||5.625|0.00||||||||||||||||||||71576.19
F03Q10005310|200601|71576.19|0|035|145|||||5.625|0.00||||||||||||||||||||71576.19
F03Q10005310|200602|70279.78|0|036|144|||||5.625|0.00||||||||||||||||||||70279.78
F03Q10005310|200603|69907.89|0|037|143|||||5.625|0.00||||||||||||||||||||69907.89
F03Q10005310|200604|69535.58|0|038|142|||||5.625|0.00||||||||||||||||||||69535.58
F03Q10005310|200605|69161.53|0|039|141|||||5.625|0.00||||||||||||||||||||69161.53
F03Q10005310|200606|68408.16|0|040|140|||||5.625|0.00||||||||||||||||||||68408.16
F03Q10005310|200607|68028.82|0|041|139|||||5.625|0.00||||||||||||||||||||68028.82
F03Q10005310|200608|67647.71|0|042|138|||||5.625|0.00||||||||||||||||||||67647.71
F03Q10005310|200609|67264.81|0|043|137|||||5.625|0.00||||||||||||||||||||67264.81
F03Q10005310|200610|66880.11|0|044|136|||||5.625|0.00||||||||||||||||||||66880.11
F03Q10005310|200611|66493.61|0|045|135|||||5.625|0.00||||||||||||||||||||66493.61
F03Q10005310|200612|66105.30|0|046|134|||||5.625|0.00||||||||||||||||||||66105.30
F03Q10005310|200701|65715.17|0|047|133|||||5.625|0.00||||||||||||||||||||65715.17
F03Q10005310|200702|65323.21|0|048|132|||||5.625|0.00||||||||||||||||||||65323.21
F03Q10005310|200703|64929.41|0|049|131|||||5.625|0.00||||||||||||||||||||64929.41
F03Q10005310|200704|64533.77|0|050|130|||||5.625|0.00||||||||||||||||||||64533.77
F03Q10005310|200705|64136.27|0|051|129|||||5.625|0.00||||||||||||||||||||64136.27
F03Q10005310|200706|63736.91|0|052|128|||||5.625|0.00||||||||||||||||||||63736.91
F03Q10005310|200707|63335.67|0|053|127|||||5.625|0.00||||||||||||||||||||63335.67
F03Q10005310|200708|62932.56|0|054|126|||||5.625|0.00||||||||||||||||||||62932.56
F03Q10005310|200709|62527.56|0|055|125|||||5.625|0.00||||||||||||||||||||62527.56
F03Q10005310|200710|62120.66|0|056|124|||||5.625|0.00||||||||||||||||||||62120.66
F03Q10005310|200711|61711.85|0|057|123|||||5.625|0.00||||||||||||||||||||61711.85
F03Q10005310|200712|61301.12|0|058|122|||||5.625|0.00||||||||||||||||||||61301.12
F03Q10005310|200801|60888.47|0|059|121|||||5.625|0.00||||||||||||||||||||60888.47
F03Q10005310|200802|60473.88|0|060|120|||||5.625|0.00||||||||||||||||||||60473.88
F03Q10005310|200803|60057.35|0|061|119|||||5.625|0.00||||||||||||||||||||60057.35
F03Q10005310|200804|59638.87|0|062|118|||||5.625|0.00||||||||||||||||||||59638.87
F03Q10005310|200805|59218.43|0|063|117|||||5.625|0.00||||||||||||||||||||59218.43
F03Q10005310|200806|58796.02|0|064|116|||||5.625|0.00||||||||||||||||||||58796.02
F03Q10005310|200807|58371.62|0|065|115|||||5.625|0.00||||||||||||||||||||58371.62
F03Q10005310|200808|57945.24|0|066|114|||||5.625|0.00||||||||||||||||||||57945.24
F03Q10005310|200809|57516.86|0|067|113|||||5.625|0.00||||||||||||||||||||57516.86
F03Q10005310|200810|57086.47|0|068|112|||||5.625|0.00||||||||||||||||||||57086.47
F03Q10005310|200811|56654.06|0|069|111|||||5.625|0.00||||||||||||||||||||56654.06
F03Q10005310|200812|56219.63|0|070|110|||||5.625|0.00||||||||||||||||||||56219.63
F03Q10005310|200901|56219.63|0|071|109|||||5.625|0.00||||||||||||||||||||56219.63
F03Q10005310|200902|55783.16|0|072|108|||||5.625|0.00||||||||||||||||||||55783.16
F03Q10005310|200903|55783.16|0|073|107|||||5.625|0.00||||||||||||||||||||55783.16
F03Q10005310|200904|54904.07|0|074|106|||||5.625|0.00||||||||||||||||||||54904.07
F03Q10005310|200905|54904.07|0|075|105|||||5.625|0.00||||||||||||||||||||54904.07
F03Q10005310|200906|54016.72|0|076|104|||||5.625|0.00||||||||||||||||||||54016.72
F03Q10005310|200907|53569.92|0|077|103|||||5.625|0.00||||||||||||||||||||53569.92
F03Q10005310|200908|52821.03|0|078|102|||||5.625|0.00||||||||||||||||||||52821.03
F03Q10005310|200909|52268.63|0|079|101|||||5.625|0.00||||||||||||||||||||52268.63
F03Q10005310|200910|51713.64|0|080|100|||||5.625|0.00||||||||||||||||||||51713.64
F03Q10005310|200911|51256.05|0|081|099|||||5.625|0.00||||||||||||||||||||51256.05
F03Q10005310|200912|50796.31|0|082|098|||||5.625|0.00||||||||||||||||||||50796.31
F03Q10005310|201001|50334.42|0|083|097|||||5.625|0.00||||||||||||||||||||50334.42
F03Q10005310|201002|49870.36|0|084|096|||||5.625|0.00||||||||||||||||||||49870.36
F03Q10005310|201003|49404.13|0|085|095|||||5.625|0.00||||||||||||||||||||49404.13
F03Q10005310|201004|48935.71|0|086|094|||||5.625|0.00||||||||||||||||||||48935.71
F03Q10005310|201005|48465.10|0|087|093|||||5.625|0.00||||||||||||||||||||48465.10
F03Q10005310|201006|47992.28|0|088|092|||||5.625|0.00||||||||||||||||||||47992.28
F03Q10005310|201007|47517.24|0|089|091|||||5.625|0.00||||||||||||||||||||47517.24
F03Q10005310|201008|47039.98|0|090|090|||||5.625|0.00||||||||||||||||||||47039.98
F03Q10005310|201009|46560.48|0|091|089|||||5.625|0.00||||||||||||||||||||46560.48
F03Q10005310|201010|46078.73|0|092|088|||||5.625|0.00||||||||||||||||||||46078.73
F03Q10005310|201011|45594.72|0|093|087|||||5.625|0.00||||||||||||||||||||45594.72
F03Q10005310|201012|45594.72|0|094|086|||||5.625|0.00||||||||||||||||||||45594.72
F03Q10005310|201101|44619.89|0|095|085|||||5.625|0.00||||||||||||||||||||44619.89
F03Q10005310|201102|44129.05|0|096|084|||||5.625|0.00||||||||||||||||||||44129.05
F03Q10005310|201103|43635.90|0|097|083|||||5.625|0.00||||||||||||||||||||43635.90
F03Q10005310|201104|43140.45|0|098|082|||||5.625|0.00||||||||||||||||||||43140.45
F03Q10005310|201105|43140.45|0|099|081|||||5.625|0.00||||||||||||||||||||43140.45
F03Q10005310|201106|42146.77|0|100|080|||||5.625|0.00||||||||||||||||||||42146.77
F03Q10005310|201107|41644.33|0|101|079|||||5.625|0.00||||||||||||||||||||41644.33
F03Q10005310|201108|40939.54|0|102|078|||||5.625|0.00||||||||||||||||||||40939.54
F03Q10005310|201109|40331.32|0|103|077|||||5.625|0.00||||||||||||||||||||40331.32
F03Q10005310|201110|39720.37|0|104|076|||||5.625|0.00||||||||||||||||||||39720.37
F03Q10005310|201111|38906.56|0|105|075|||||5.625|0.00||||||||||||||||||||38906.56
F03Q10005310|201112|38088.93|0|106|074|||||5.625|0.00||||||||||||||||||||38088.93
F03Q10005310|201201|37267.47|0|107|073|||||5.625|0.00||||||||||||||||||||37267.47
F03Q10005310|201202|36442.17|0|108|072|||||5.625|0.00||||||||||||||||||||36442.17
F03Q10005310|201203|35612.99|0|109|071|||||5.625|0.00||||||||||||||||||||35612.99
F03Q10005310|201204|35612.99|0|110|070|||||5.625|0.00||||||||||||||||||||35612.99
F03Q10005310|201205|33942.95|0|111|069|||||5.625|0.00||||||||||||||||||||33942.95
F03Q10005310|201206|33302.06|0|112|068|||||5.625|0.00||||||||||||||||||||33302.06
F03Q10005310|201207|33302.06|0|113|067|||||5.625|0.00||||||||||||||||||||33302.06
F03Q10005310|201208|31644.66|0|114|066|||||5.625|0.00||||||||||||||||||||31644.66
F03Q10005310|201209|31644.66|0|115|065|||||5.625|0.00||||||||||||||||||||31644.66
F03Q10005310|201210|30037.81|0|116|064|||||5.625|0.00||||||||||||||||||||30037.81
F03Q10005310|201211|30037.81|0|117|063|||||5.625|0.00||||||||||||||||||||30037.81
F03Q10005310|201212|29278.61|0|118|062|||||5.625|0.00||||||||||||||||||||29278.61
F03Q10005310|201301|27884.34|0|119|061|||||5.625|0.00||||||||||||||||||||27884.34
F03Q10005310|201302|27784.34|0|120|060|||||5.625|0.00||||||||||||||||||||27784.34
F03Q10005310|201303|27014.85|0|121|059|||||5.625|0.00||||||||||||||||||||27014.85
F03Q10005310|201304|25564.95|0|122|058|||||5.625|0.00||||||||||||||||||||25564.95
F03Q10005310|201305|23800.50|0|123|057|||||5.625|0.00||||||||||||||||||||23800.50
F03Q10005310|201306|21019.46|0|124|056|||||5.625|0.00||||||||||||||||||||21019.46
F03Q10005310|201307|20117.99|0|125|055|||||5.625|0.00||||||||||||||||||||20117.99
F03Q10005310|201308|20117.99|0|126|054|||||5.625|0.00||||||||||||||||||||20117.99
F03Q10005310|201309|18903.76|0|127|053|||||5.625|0.00||||||||||||||||||||18903.76
F03Q10005310|201310|18292.37|0|128|052|||||5.625|0.00||||||||||||||||||||18292.37
F03Q10005310|201311|17678.12|0|129|051|||||5.625|0.00||||||||||||||||||||17678.12
F03Q10005310|201312|17060.98|0|130|050|||||5.625|0.00||||||||||||||||||||17060.98
F03Q10005310|201401|16440.96|0|131|049|||||5.625|0.00||||||||||||||||||||16440.96
F03Q10005310|201402|15818.02|0|132|048|||||5.625|0.00||||||||||||||||||||15818.02
F03Q10005310|201403|15192.17|0|133|047|||||5.625|0.00||||||||||||||||||||15192.17
F03Q10005310|201404|14563.38|0|134|046|||||5.625|0.00||||||||||||||||||||14563.38
F03Q10005310|201405|14563.38|0|135|045|||||5.625|0.00||||||||||||||||||||14563.38
F03Q10005310|201406|13931.65|0|136|044|||||5.625|0.00||||||||||||||||||||13931.65
F03Q10005310|201407|13296.95|0|137|043|||||5.625|0.00||||||||||||||||||||13296.95
F03Q10005310|201408|12659.28|0|138|042|||||5.625|0.00||||||||||||||||||||12659.28
F03Q10005310|201409|12018.62|0|139|041|||||5.625|0.00||||||||||||||||||||12018.62
F03Q10005310|201410|11374.96|0|140|040|||||5.625|0.00||||||||||||||||||||11374.96
F03Q10005310|201411|10728.28|0|141|039|||||5.625|0.00||||||||||||||||||||10728.28
F03Q10005310|201412|10728.28|0|142|038|||||5.625|0.00||||||||||||||||||||10728.28
F03Q10005310|201501|10078.57|0|143|037|||||5.625|0.00||||||||||||||||||||10078.57
F03Q10005310|201502|9425.81|0|144|036|||||5.625|0.00||||||||||||||||||||9425.81
F03Q10005310|201503|8770.00|0|145|035|||||5.625|0.00||||||||||||||||||||8770.00
F03Q10005310|201504|8111.11|0|146|034|||||5.625|0.00||||||||||||||||||||8111.11
F03Q10005310|201505|7449.13|0|147|033|||||5.625|0.00||||||||||||||||||||7449.13
F03Q10005310|201506|6784.05|0|148|032|||||5.625|0.00||||||||||||||||||||6784.05
F03Q10005310|201507|6115.85|0|149|031|||||5.625|0.00||||||||||||||||||||6115.85
F03Q10005310|201508|5444.51|0|150|030|||||5.625|0.00||||||||||||||||||||5444.51
F03Q10005310|201509|4770.03|0|151|029|||||5.625|0.00||||||||||||||||||||4770.03
F03Q10005310|201510|3892.39|0|152|028|||||5.625|0.00||||||||||||||||||||3892.39
F03Q10005310|201511|3892.39|0|153|027|||||5.625|0.00||||||||||||||||||||3892.39
F03Q10005310|201512|2526.13|0|154|026|||||5.625|0.00||||||||||||||||||||2526.13
F03Q10005310|201601|1837.97|0|155|025|||||5.625|0.00||||||||||||||||||||1837.97
F03Q10005310|201602|946.59|0|156|024|||||5.625|0.00||||||||||||||||||||946.59
F03Q10005310|201603|0.00|0|157|023|||01|201603|5.625|0.00|||||||||||||||946.59|||||0.00
F03Q10005439|200301|185000.00|0|000|180|||||5.375|0.00||||||||||||||||||||185000.00
F03Q10005439|200302|184000.00|0|001|179|||||5.375|0.00||||||||||||||||||||184000.00
F03Q10005439|200303|184000.00|0|002|178|||||5.375|0.00||||||||||||||||||||184000.00
F03Q10005439|200304|183000.00|0|003|177|||||5.375|0.00||||||||||||||||||||183000.00
F03Q10005439|200305|182000.00|0|004|176|||||5.375|0.00||||||||||||||||||||182000.00
F03Q10005439|200306|182000.00|0|005|175|||||5.375|0.00||||||||||||||||||||182000.00
F03Q10005439|200307|181000.00|0|006|174|||||5.375|0.00||||||||||||||||||||181000.00
F03Q10005439|200308|180241.37|0|007|173|||||5.375|0.00||||||||||||||||||||180241.37
F03Q10005439|200309|179549.33|0|008|172|||||5.375|0.00||||||||||||||||||||179549.33
F03Q10005439|200310|178854.19|0|009|171|||||5.375|0.00||||||||||||||||||||178854.19
F03Q10005439|200311|178155.94|0|010|170|||||5.375|0.00||||||||||||||||||||178155.94
F03Q10005439|200312|177454.56|0|011|169|||||5.375|0.00||||||||||||||||||||177454.56
F03Q10005439|200401|176750.04|0|012|168|||||5.375|0.00||||||||||||||||||||176750.04
F03Q10005439|200402|176042.36|0|013|167|||||5.375|0.00||||||||||||||||||||176042.36
F03Q10005439|200403|175331.51|0|014|166|||||5.375|0.00||||||||||||||||||||175331.51
F03Q10005439|200404|174617.48|0|015|165|||||5.375|0.00||||||||||||||||||||174617.48
F03Q10005439|200405|173900.25|0|016|164|||||5.375|0.00||||||||||||||||||||173900.25
F03Q10005439|200406|173179.81|0|017|163|||||5.375|0.00||||||||||||||||||||173179.81
F03Q10005439|200407|172456.14|0|018|162|||||5.375|0.00||||||||||||||||||||172456.14
F03Q10005439|200408|171729.23|0|019|161|||||5.375|0.00||||||||||||||||||||171729.23
F03Q10005439|200409|170999.06|0|020|160|||||5.375|0.00||||||||||||||||||||170999.06
F03Q10005439|200410|170265.62|0|021|159|||||5.375|0.00||||||||||||||||||||170265.62
F03Q10005439|200411|169528.90|0|022|158|||||5.375|0.00||||||||||||||||||||169528.90
F03Q10005439|200412|168788.88|0|023|157|||||5.375|0.00||||||||||||||||||||168788.88
F03Q10005439|200501|168045.54|0|024|156|||||5.375|0.00||||||||||||||||||||168045.54
F03Q10005439|200502|167298.87|0|025|155|||||5.375|0.00||||||||||||||||||||167298.87
F03Q10005439|200503|166548.86|0|026|154|||||5.375|0.00||||||||||||||||||||166548.86
F03Q10005439|200504|165795.49|0|027|153|||||5.375|0.00||||||||||||||||||||165795.49
F03Q10005439|200505|165038.75|0|028|152|||||5.375|0.00||||||||||||||||||||165038.75
F03Q10005439|200506|164278.62|0|029|151|||||5.375|0.00||||||||||||||||||||164278.62
F03Q10005439|200507|163515.08|0|030|150|||||5.375|0.00||||||||||||||||||||163515.08
F03Q10005439|200508|162748.12|0|031|149|||||5.375|0.00||||||||||||||||||||162748.12
F03Q10005439|200509|161977.73|0|032|148|||||5.375|0.00||||||||||||||||||||161977.73
F03Q10005439|200510|161203.89|0|033|147|||||5.375|0.00||||||||||||||||||||161203.89
F03Q10005439|200511|160426.58|0|034|146|||||5.375|0.00||||||||||||||||||||160426.58
F03Q10005439|200512|159645.79|0|035|145|||||5.375|0.00||||||||||||||||||||159645.79
F03Q10005439|200601|158861.50|0|036|144|||||5.375|0.00||||||||||||||||||||158861.50
F03Q10005439|200602|158073.70|0|037|143|||||5.375|0.00||||||||||||||||||||158073.70
F03Q10005439|200603|157282.37|0|038|142|||||5.375|0.00||||||||||||||||||||157282.37
F03Q10005439|200604|156487.49|0|039|141|||||5.375|0.00||||||||||||||||||||156487.49
F03Q10005439|200605|155689.05|0|040|140|||||5.375|0.00||||||||||||||||||||155689.05
F03Q10005439|200606|154887.04|0|041|139|||||5.375|0.00||||||||||||||||||||154887.04
F03Q10005439|200607|154081.43|0|042|138|||||5.375|0.00||||||||||||||||||||154081.43
F03Q10005439|200608|153272.22|0|043|137|||||5.375|0.00||||||||||||||||||||153272.22
F03Q10005439|200609|152459.38|0|044|136|||||5.375|0.00||||||||||||||||||||152459.38
F03Q10005439|200610|151642.90|0|045|135|||||5.375|0.00||||||||||||||||||||151642.90
F03Q10005439|200611|150822.76|0|046|134|||||5.375|0.00||||||||||||||||||||150822.76
F03Q10005439|200612|149998.95|0|047|133|||||5.375|0.00||||||||||||||||||||149998.95
F03Q10005439|200701|149171.45|0|048|132|||||5.375|0.00||||||||||||||||||||149171.45
F03Q10005439|200702|148340.24|0|049|131|||||5.375|0.00||||||||||||||||||||148340.24
F03Q10005439|200703|147505.31|0|050|130|||||5.375|0.00||||||||||||||||||||147505.31
F03Q10005439|200704|146666.64|0|051|129|||||5.375|0.00||||||||||||||||||||146666.64
F03Q10005439|200705|145824.21|0|052|128|||||5.375|0.00||||||||||||||||||||145824.21
F03Q10005439|200706|144978.01|0|053|127|||||5.375|0.00||||||||||||||||||||144978.01
F03Q10005439|200707|144128.02|0|054|126|||||5.375|0.00||||||||||||||||||||144128.02
F03Q10005439|200708|144128.02|0|055|125|||||5.375|0.00||||||||||||||||||||144128.02
F03Q10005439|200709|142416.60|0|056|124|||||5.375|0.00||||||||||||||||||||142416.60
F03Q10005439|200710|141555.14|0|057|123|||||5.375|0.00||||||||||||||||||||141555.14
F03Q10005439|200711|140689.82|0|058|122|||||5.375|0.00||||||||||||||||||||140689.82
F03Q10005439|200712|139820.62|0|059|121|||||5.375|0.00||||||||||||||||||||139820.62
F03Q10005439|200801|139820.62|0|060|120|||||5.375|0.00||||||||||||||||||||139820.62
F03Q10005439|200802|138070.53|0|061|119|||||5.375|0.00||||||||||||||||||||138070.53
F03Q10005439|200803|137189.60|0|062|118|||||5.375|0.00||||||||||||||||||||137189.60
F03Q10005439|200804|137189.60|0|063|117|||||5.375|0.00||||||||||||||||||||137189.60
F03Q10005439|200805|135415.89|0|064|116|||||5.375|0.00||||||||||||||||||||135415.89
F03Q10005439|200806|134523.07|0|065|115|||||5.375|0.00||||||||||||||||||||134523.07
F03Q10005439|200807|133626.25|0|066|114|||||5.375|0.00||||||||||||||||||||133626.25
F03Q10005439|200808|132725.41|0|067|113|||||5.375|0.00||||||||||||||||||||132725.41
F03Q10005439|200809|131820.54|0|068|112|||||5.375|0.00||||||||||||||||||||131820.54
F03Q10005439|200810|130911.62|0|069|111|||||5.375|0.00||||||||||||||||||||130911.62
F03Q10005439|200811|129998.63|0|070|110|||||5.375|0.00||||||||||||||||||||129998.63
F03Q10005439|200812|129081.55|0|071|109|||||5.375|0.00||||||||||||||||||||129081.55
F03Q10005439|200901|128160.36|0|072|108|||||5.375|0.00||||||||||||||||||||128160.36
F03Q10005439|200902|127235.04|0|073|107|||||5.375|0.00||||||||||||||||||||127235.04
F03Q10005439|200903|126305.58|0|074|106|||||5.375|0.00||||||||||||||||||||126305.58
F03Q10005439|200904|125371.95|0|075|105|||||5.375|0.00||||||||||||||||||||125371.95
F03Q10005439|200905|124434.14|0|076|104|||||5.375|0.00||||||||||||||||||||124434.14
F03Q10005439|200906|123492.13|0|077|103|||||5.375|0.00||||||||||||||||||||123492.13
F03Q10005439|200907|122545.90|0|078|102|||||5.375|0.00||||||||||||||||||||122545.90
F03Q10005439|200908|121595.43|0|079|101|||||5.375|0.00||||||||||||||||||||121595.43
F03Q10005439|200909|120640.71|0|080|100|||||5.375|0.00||||||||||||||||||||120640.71
F03Q10005439|200910|119681.71|0|081|099|||||5.375|0.00||||||||||||||||||||119681.71
F03Q10005439|200911|118718.41|0|082|098|||||5.375|0.00||||||||||||||||||||118718.41
F03Q10005439|200912|117750.80|0|083|097|||||5.375|0.00||||||||||||||||||||117750.80
F03Q10005439|201001|116778.86|0|084|096|||||5.375|0.00||||||||||||||||||||116778.86
F03Q10005439|201002|115802.56|0|085|095|||||5.375|0.00||||||||||||||||||||115802.56
F03Q10005439|201003|114821.89|0|086|094|||||5.375|0.00||||||||||||||||||||114821.89
F03Q10005439|201004|113836.83|0|087|093|||||5.375|0.00||||||||||||||||||||113836.83
F03Q10005439|201005|112847.35|0|088|092|||||5.375|0.00||||||||||||||||||||112847.35
F03Q10005439|201006|111853.44|0|089|091|||||5.375|0.00||||||||||||||||||||111853.44
F03Q10005439|201007|110855.08|0|090|090|||||5.375|0.00||||||||||||||||||||110855.08
F03Q10005439|201008|109852.25|0|091|089|||||5.375|0.00||||||||||||||||||||109852.25
F03Q10005439|201009|108844.93|0|092|088|||||5.375|0.00||||||||||||||||||||108844.93
F03Q10005439|201010|107833.09|0|093|087|||||5.375|0.00||||||||||||||||||||107833.09
F03Q10005439|201011|106816.72|0|094|086|||||5.375|0.00||||||||||||||||||||106816.72
F03Q10005439|201012|105795.80|0|095|085|||||5.375|0.00||||||||||||||||||||105795.80
F03Q10005439|201101|105795.80|0|096|084|||||5.375|0.00||||||||||||||||||||105795.80
F03Q10005439|201102|103740.22|0|097|083|||||5.375|0.00||||||||||||||||||||103740.22
F03Q10005439|201103|102705.52|0|098|082|||||5.375|0.00||||||||||||||||||||102705.52
F03Q10005439|201104|101666.19|0|099|081|||||5.375|0.00||||||||||||||||||||101666.19
F03Q10005439|201105|100622.20|0|100|080|||||5.375|0.00||||||||||||||||||||100622.20
F03Q10005439|201106|99573.53|0|101|079|||||5.375|0.00||||||||||||||||||||99573.53
F03Q10005439|201107|98520.17|0|102|078|||||5.375|0.00||||||||||||||||||||98520.17
F03Q10005439|201108|97462.09|0|103|077|||||5.375|0.00||||||||||||||||||||97462.09
F03Q10005439|201109|96399.27|0|104|076|||||5.375|0.00||||||||||||||||||||96399.27
F03Q10005439|201110|95331.69|0|105|075|||||5.375|0.00||||||||||||||||||||95331.69
F03Q10005439|201111|94259.33|0|106|074|||||5.375|0.00||||||||||||||||||||94259.33
F03Q10005439|201112|93182.16|0|107|073|||||5.375|0.00||||||||||||||||||||93182.16
F03Q10005439|201201|92100.17|0|108|072|||||5.375|0.00||||||||||||||||||||92100.17
F03Q10005439|201202|91013.33|0|109|071|||||5.375|0.00||||||||||||||||||||91013.33
F03Q10005439|201203|89921.62|0|110|070|||||5.375|0.00||||||||||||||||||||89921.62
F03Q10005439|201204|88825.02|0|111|069|||||5.375|0.00||||||||||||||||||||88825.02
F03Q10005439|201205|88825.02|0|112|068|||||5.375|0.00||||||||||||||||||||88825.02
F03Q10005439|201206|86617.07|0|113|067|||||5.375|0.00||||||||||||||||||||86617.07
F03Q10005439|201207|85505.67|0|114|066|||||5.375|0.00||||||||||||||||||||85505.67
F03Q10005439|201208|85505.67|0|115|065|||||5.375|0.00||||||||||||||||||||85505.67
F03Q10005439|201209|84389.29|0|116|064|||||5.375|0.00||||||||||||||||||||84389.29
F03Q10005439|201210|82141.51|0|117|063|||||5.375|0.00||||||||||||||||||||82141.51
F03Q10005439|201211|0.00|0|118|062|||01|201211|5.375|0.00|||||||||||||||82141.51|||||0.00
F03Q10005552|200304|74000.00|0|000|180|||||5.375|0.00||||||||||||||||||||74000.00
F03Q10005552|200305|73000.00|0|001|179|||||5.375|0.00||||||||||||||||||||73000.00
F03Q10005552|200306|73000.00|0|002|178|||||5.375|0.00||||||||||||||||||||73000.00
F03Q10005552|200307|73000.00|0|003|177|||||5.375|0.00||||||||||||||||||||73000.00
F03Q10005552|200308|72000.00|0|004|176|||||5.375|0.00||||||||||||||||||||72000.00
F03Q10005552|200309|72000.00|0|005|175|||||5.375|0.00||||||||||||||||||||72000.00
F03Q10005552|200310|72000.00|0|006|174|||||5.375|0.00||||||||||||||||||||72000.00
F03Q10005552|200311|71609.46|0|007|173|||||5.375|0.00||||||||||||||||||||71609.46
F03Q10005552|200312|71334.52|0|008|172|||||5.375|0.00||||||||||||||||||||71334.52
F03Q10005552|200401|71058.35|0|009|171|||||5.375|0.00||||||||||||||||||||71058.35
F03Q10005552|200402|70780.94|0|010|170|||||5.375|0.00||||||||||||||||||||70780.94
F03Q10005552|200403|70502.29|0|011|169|||||5.375|0.00||||||||||||||||||||70502.29
F03Q10005552|200404|70222.39|0|012|168|||||5.375|0.00||||||||||||||||||||70222.39
F03Q10005552|200405|69941.24|0|013|167|||||5.375|0.00||||||||||||||||||||69941.24
F03Q10005552|200406|69658.83|0|014|166|||||5.375|0.00||||||||||||||||||||69658.83
F03Q10005552|200407|69375.15|0|015|165|||||5.375|0.00||||||||||||||||||||69375.15
F03Q10005552|200408|69090.20|0|016|164|||||5.375|0.00||||||||||||||||||||69090.20
F03Q10005552|200409|68803.98|0|017|163|||||5.375|0.00||||||||||||||||||||68803.98
F03Q10005552|200410|68516.47|0|018|162|||||5.375|0.00||||||||||||||||||||68516.47
F03Q10005552|200411|68227.68|0|019|161|||||5.375|0.00||||||||||||||||||||68227.68
F03Q10005552|200412|67937.59|0|020|160|||||5.375|0.00||||||||||||||||||||67937.59
F03Q10005552|200501|67646.20|0|021|159|||||5.375|0.00||||||||||||||||||||67646.20
F03Q10005552|200502|67353.51|0|022|158|||||5.375|0.00||||||||||||||||||||67353.51
F03Q10005552|200503|67059.51|0|023|157|||||5.375|0.00||||||||||||||||||||67059.51
F03Q10005552|200504|66764.19|0|024|156|||||5.375|0.00||||||||||||||||||||66764.19
F03Q10005552|200505|66467.55|0|025|155|||||5.375|0.00||||||||||||||||||||66467.55
F03Q10005552|200506|66169.58|0|026|154|||||5.375|0.00||||||||||||||||||||66169.58
F03Q10005552|200507|65870.27|0|027|153|||||5.375|0.00||||||||||||||||||||65870.27
F03Q10005552|200508|65569.62|0|028|152|||||5.375|0.00||||||||||||||||||||65569.62
F03Q10005552|200509|65267.63|0|029|151|||||5.375|0.00||||||||||||||||||||65267.63
F03Q10005552|200510|64964.28|0|030|150|||||5.375|0.00||||||||||||||||||||64964.28
F03Q10005552|200511|64659.58|0|031|149|||||5.375|0.00||||||||||||||||||||64659.58
F03Q10005552|200512|64353.51|0|032|148|||||5.375|0.00||||||||||||||||||||64353.51
F03Q10005552|200601|64046.07|0|033|147|||||5.375|0.00||||||||||||||||||||64046.07
F03Q10005552|200602|63737.25|0|034|146|||||5.375|0.00||||||||||||||||||||63737.25
F03Q10005552|200603|63427.05|0|035|145|||||5.375|0.00||||||||||||||||||||63427.05
F03Q10005552|200604|63115.46|0|036|144|||||5.375|0.00||||||||||||||||||||63115.46
F03Q10005552|200605|62802.47|0|037|143|||||5.375|0.00||||||||||||||||||||62802.47
F03Q10005552|200606|62488.08|0|038|142|||||5.375|0.00||||||||||||||||||||62488.08
F03Q10005552|200607|62172.28|0|039|141|||||5.375|0.00||||||||||||||||||||62172.28
F03Q10005552|200608|61855.07|0|040|140|||||5.375|0.00||||||||||||||||||||61855.07
F03Q10005552|200609|61536.44|0|041|139|||||5.375|0.00||||||||||||||||||||61536.44
F03Q10005552|200610|61216.38|0|042|138|||||5.375|0.00||||||||||||||||||||61216.38
F03Q10005552|200611|60894.89|0|043|137|||||5.375|0.00||||||||||||||||||||60894.89
F03Q10005552|200612|60571.96|0|044|136|||||5.375|0.00||||||||||||||||||||60571.96
F03Q10005552|200701|60247.58|0|045|135|||||5.375|0.00||||||||||||||||||||60247.58
F03Q10005552|200702|59921.75|0|046|134|||||5.375|0.00||||||||||||||||||||59921.75
F03Q10005552|200703|59594.46|0|047|133|||||5.375|0.00||||||||||||||||||||59594.46
F03Q10005552|200704|59265.70|0|048|132|||||5.375|0.00||||||||||||||||||||59265.70
F03Q10005552|200705|58935.47|0|049|131|||||5.375|0.00||||||||||||||||||||58935.47
F03Q10005552|200706|58603.76|0|050|130|||||5.375|0.00||||||||||||||||||||58603.76
F03Q10005552|200707|58270.57|0|051|129|||||5.375|0.00||||||||||||||||||||58270.57
F03Q10005552|200708|57935.88|0|052|128|||||5.375|0.00||||||||||||||||||||57935.88
F03Q10005552|200709|57599.69|0|053|127|||||5.375|0.00||||||||||||||||||||57599.69
F03Q10005552|200710|57262.00|0|054|126|||||5.375|0.00||||||||||||||||||||57262.00
F03Q10005552|200711|56922.80|0|055|125|||||5.375|0.00||||||||||||||||||||56922.80
F03Q10005552|200712|56582.08|0|056|124|||||5.375|0.00||||||||||||||||||||56582.08
F03Q10005552|200801|56239.83|0|057|123|||||5.375|0.00||||||||||||||||||||56239.83
F03Q10005552|200802|55896.05|0|058|122|||||5.375|0.00||||||||||||||||||||55896.05
F03Q10005552|200803|55550.73|0|059|121|||||5.375|0.00||||||||||||||||||||55550.73
F03Q10005552|200804|55203.86|0|060|120|||||5.375|0.00||||||||||||||||||||55203.86
F03Q10005552|200805|54855.44|0|061|119|||||5.375|0.00||||||||||||||||||||54855.44
F03Q10005552|200806|54505.46|0|062|118|||||5.375|0.00||||||||||||||||||||54505.46
F03Q10005552|200807|54153.91|0|063|117|||||5.375|0.00||||||||||||||||||||54153.91
F03Q10005552|200808|53800.78|0|064|116|||||5.375|0.00||||||||||||||||||||53800.78
F03Q10005552|200809|53446.07|0|065|115|||||5.375|0.00||||||||||||||||||||53446.07
F03Q10005552|200810|53089.77|0|066|114|||||5.375|0.00||||||||||||||||||||53089.77
F03Q10005552|200811|0.00|0|067|113|||01|200811|5.375|0.00|||||||||||||||53089.77|||||0.00
F03Q10005589|200302|137000.00|0|000|180|||||5.300|0.00||||||||||||||||||||137000.00
F03Q10005589|200303|137000.00|0|001|179|||||5.300|0.00||||||||||||||||||||137000.00
F03Q10005589|200304|136000.00|0|002|178|||||5.300|0.00||||||||||||||||||||136000.00
F03Q10005589|200305|136000.00|0|003|177|||||5.300|0.00||||||||||||||||||||136000.00
F03Q10005589|200306|135000.00|0|004|176|||||5.300|0.00||||||||||||||||||||135000.00
F03Q10005589|200307|135000.00|0|005|175|||||5.300|0.00||||||||||||||||||||135000.00
F03Q10005589|200308|0.00|0|006|174|||01|200308|5.300|0.00|||||||||||||||134952.45|||||0.00
F03Q10005652|200302|42000.00|0|000|180|||||5.500|0.00||||||||||||||||||||42000.00
F03Q10005652|200303|42000.00|0|001|179|||||5.500|0.00||||||||||||||||||||42000.00
F03Q10005652|200304|42000.00|0|002|178|||||5.500|0.00||||||||||||||||||||42000.00
F03Q10005652|200305|42000.00|0|003|177|||||5.500|0.00||||||||||||||||||||42000.00
F03Q10005652|200306|41000.00|0|004|176|||||5.500|0.00||||||||||||||||||||41000.00
F03Q10005652|200307|41000.00|0|005|175|||||5.500|0.00||||||||||||||||||||41000.00
F03Q10005652|200308|41000.00|0|006|174|||||5.500|0.00||||||||||||||||||||41000.00
F03Q10005652|200309|40930.64|0|007|173|||||5.500|0.00||||||||||||||||||||40930.64
F03Q10005652|200310|40775.06|0|008|172|||||5.500|0.00||||||||||||||||||||40775.06
F03Q10005652|200311|40618.77|0|009|171|||||5.500|0.00||||||||||||||||||||40618.77
F03Q10005652|200312|40461.76|0|010|170|||||5.500|0.00||||||||||||||||||||40461.76
F03Q10005652|200401|40304.03|0|011|169|||||5.500|0.00||||||||||||||||||||40304.03
F03Q10005652|200402|40145.58|0|012|168|||||5.500|0.00||||||||||||||||||||40145.58
F03Q10005652|200403|39986.40|0|013|167|||||5.500|0.00||||||||||||||||||||39986.40
F03Q10005652|200404|39826.49|0|014|166|||||5.500|0.00||||||||||||||||||||39826.49
F03Q10005652|200405|39665.85|0|015|165|||||5.500|0.00||||||||||||||||||||39665.85
F03Q10005652|200406|39504.47|0|016|164|||||5.500|0.00||||||||||||||||||||39504.47
F03Q10005652|200407|39342.35|0|017|163|||||5.500|0.00||||||||||||||||||||39342.35
F03Q10005652|200408|39179.49|0|018|162|||||5.500|0.00||||||||||||||||||||39179.49
F03Q10005652|200409|39015.88|0|019|161|||||5.500|0.00||||||||||||||||||||39015.88
F03Q10005652|200410|38851.52|0|020|160|||||5.500|0.00||||||||||||||||||||38851.52
F03Q10005652|200411|38686.41|0|021|159|||||5.500|0.00||||||||||||||||||||38686.41
F03Q10005652|200412|38520.54|0|022|158|||||5.500|0.00||||||||||||||||||||38520.54
F03Q10005652|200501|38353.91|0|023|157|||||5.500|0.00||||||||||||||||||||38353.91
F03Q10005652|200502|38186.52|0|024|156|||||5.500|0.00||||||||||||||||||||38186.52
F03Q10005652|200503|38018.36|0|025|155|||||5.500|0.00||||||||||||||||||||38018.36
F03Q10005652|200504|37849.43|0|026|154|||||5.500|0.00||||||||||||||||||||37849.43
F03Q10005652|200505|37679.73|0|027|153|||||5.500|0.00||||||||||||||||||||37679.73
F03Q10005652|200506|37509.25|0|028|152|||||5.500|0.00||||||||||||||||||||37509.25
F03Q10005652|200507|37337.99|0|029|151|||||5.500|0.00||||||||||||||||||||37337.99
F03Q10005652|200508|37165.94|0|030|150|||||5.500|0.00||||||||||||||||||||37165.94
F03Q10005652|200509|36993.10|0|031|149|||||5.500|0.00||||||||||||||||||||36993.10
F03Q10005652|200510|36819.47|0|032|148|||||5.500|0.00||||||||||||||||||||36819.47
F03Q10005652|200511|36645.05|0|033|147|||||5.500|0.00||||||||||||||||||||36645.05
F03Q10005652|200512|36469.83|0|034|146|||||5.500|0.00||||||||||||||||||||36469.83
F03Q10005652|200601|36293.80|0|035|145|||||5.500|0.00||||||||||||||||||||36293.80
F03Q10005652|200602|36116.97|0|036|144|||||5.500|0.00||||||||||||||||||||36116.97
F03Q10005652|200603|35939.33|0|037|143|||||5.500|0.00||||||||||||||||||||35939.33
F03Q10005652|200604|35760.87|0|038|142|||||5.500|0.00||||||||||||||||||||35760.87
F03Q10005652|200605|35581.59|0|039|141|||||5.500|0.00||||||||||||||||||||35581.59
F03Q10005652|200606|35401.49|0|040|140|||||5.500|0.00||||||||||||||||||||35401.49
F03Q10005652|200607|35220.57|0|041|139|||||5.500|0.00||||||||||||||||||||35220.57
F03Q10005652|200608|35038.82|0|042|138|||||5.500|0.00||||||||||||||||||||35038.82
F03Q10005652|200609|34856.23|0|043|137|||||5.500|0.00||||||||||||||||||||34856.23
F03Q10005652|200610|34672.81|0|044|136|||||5.500|0.00||||||||||||||||||||34672.81
F03Q10005652|200611|34488.55|0|045|135|||||5.500|0.00||||||||||||||||||||34488.55
F03Q10005652|200612|34303.44|0|046|134|||||5.500|0.00||||||||||||||||||||34303.44
F03Q10005652|200701|34117.48|0|047|133|||||5.500|0.00||||||||||||||||||||34117.48
F03Q10005652|200702|33930.67|0|048|132|||||5.500|0.00||||||||||||||||||||33930.67
F03Q10005652|200703|33743.01|0|049|131|||||5.500|0.00||||||||||||||||||||33743.01
F03Q10005652|200704|33554.49|0|050|130|||||5.500|0.00||||||||||||||||||||33554.49
F03Q10005652|200705|33365.10|0|051|129|||||5.500|0.00||||||||||||||||||||33365.10
F03Q10005652|200706|33174.84|0|052|128|||||5.500|0.00||||||||||||||||||||33174.84
F03Q10005652|200707|32983.71|0|053|127|||||5.500|0.00||||||||||||||||||||32983.71
F03Q10005652|200708|32791.71|0|054|126|||||5.500|0.00||||||||||||||||||||32791.71
F03Q10005652|200709|32598.83|0|055|125|||||5.500|0.00||||||||||||||||||||32598.83
F03Q10005652|200710|32405.06|0|056|124|||||5.500|0.00||||||||||||||||||||32405.06
F03Q10005652|200711|32210.40|0|057|123|||||5.500|0.00||||||||||||||||||||32210.40
F03Q10005652|200712|32014.85|0|058|122|||||5.500|0.00||||||||||||||||||||32014.85
F03Q10005652|200801|31818.40|0|059|121|||||5.500|0.00||||||||||||||||||||31818.40
F03Q10005652|200802|31621.05|0|060|120|||||5.500|0.00||||||||||||||||||||31621.05
F03Q10005652|200803|31422.80|0|061|119|||||5.500|0.00||||||||||||||||||||31422.80
F03Q10005652|200804|31223.64|0|062|118|||||5.500|0.00||||||||||||||||||||31223.64
F03Q10005652|200805|31023.57|0|063|117|||||5.500|0.00||||||||||||||||||||31023.57
F03Q10005652|200806|30822.58|0|064|116|||||5.500|0.00||||||||||||||||||||30822.58
F03Q10005652|200807|30620.67|0|065|115|||||5.500|0.00||||||||||||||||||||30620.67
F03Q10005652|200808|30417.83|0|066|114|||||5.500|0.00||||||||||||||||||||30417.83
F03Q10005652|200809|30214.07|0|067|113|||||5.500|0.00||||||||||||||||||||30214.07
F03Q10005652|200810|30009.37|0|068|112|||||5.500|0.00||||||||||||||||||||30009.37
F03Q10005652|200811|29803.73|0|069|111|||||5.500|0.00||||||||||||||||||||29803.73
F03Q10005652|200812|29597.15|0|070|110|||||5.500|0.00||||||||||||||||||||29597.15
F03Q10005652|200901|29389.62|0|071|109|||||5.500|0.00||||||||||||||||||||29389.62
F03Q10005652|200902|29181.14|0|072|108|||||5.500|0.00||||||||||||||||||||29181.14
F03Q10005652|200903|28971.71|0|073|107|||||5.500|0.00||||||||||||||||||||28971.71
F03Q10005652|200904|28761.32|0|074|106|||||5.500|0.00||||||||||||||||||||28761.32
F03Q10005652|200905|28549.96|0|075|105|||||5.500|0.00||||||||||||||||||||28549.96
F03Q10005652|200906|28337.63|0|076|104|||||5.500|0.00||||||||||||||||||||28337.63
F03Q10005652|200907|28124.33|0|077|103|||||5.500|0.00||||||||||||||||||||28124.33
F03Q10005652|200908|27910.05|0|078|102|||||5.500|0.00||||||||||||||||||||27910.05
F03Q10005652|200909|27694.79|0|079|101|||||5.500|0.00||||||||||||||||||||27694.79
F03Q10005652|200910|27478.54|0|080|100|||||5.500|0.00||||||||||||||||||||27478.54
F03Q10005652|200911|27261.30|0|081|099|||||5.500|0.00||||||||||||||||||||27261.30
F03Q10005652|200912|27043.07|0|082|098|||||5.500|0.00||||||||||||||||||||27043.07
F03Q10005652|201001|26823.84|0|083|097|||||5.500|0.00||||||||||||||||||||26823.84
F03Q10005652|201002|26603.60|0|084|096|||||5.500|0.00||||||||||||||||||||26603.60
F03Q10005652|201003|26382.35|0|085|095|||||5.500|0.00||||||||||||||||||||26382.35
F03Q10005652|201004|26160.09|0|086|094|||||5.500|0.00||||||||||||||||||||26160.09
F03Q10005652|201005|25936.81|0|087|093|||||5.500|0.00||||||||||||||||||||25936.81
F03Q10005652|201006|25712.51|0|088|092|||||5.500|0.00||||||||||||||||||||25712.51
F03Q10005652|201007|25487.18|0|089|091|||||5.500|0.00||||||||||||||||||||25487.18
F03Q10005652|201008|25260.82|0|090|090|||||5.500|0.00||||||||||||||||||||25260.82
F03Q10005652|201009|25033.42|0|091|089|||||5.500|0.00||||||||||||||||||||25033.42
F03Q10005652|201010|24804.98|0|092|088|||||5.500|0.00||||||||||||||||||||24804.98
F03Q10005652|201011|24575.49|0|093|087|||||5.500|0.00||||||||||||||||||||24575.49
F03Q10005652|201012|24344.95|0|094|086|||||5.500|0.00||||||||||||||||||||24344.95
F03Q10005652|201101|24113.35|0|095|085|||||5.500|0.00||||||||||||||||||||24113.35
F03Q10005652|201102|23880.69|0|096|084|||||5.500|0.00||||||||||||||||||||23880.69
F03Q10005652|201103|23646.96|0|097|083|||||5.500|0.00||||||||||||||||||||23646.96
F03Q10005652|201104|23412.16|0|098|082|||||5.500|0.00||||||||||||||||||||23412.16
F03Q10005652|201105|23176.29|0|099|081|||||5.500|0.00||||||||||||||||||||23176.29
F03Q10005652|201106|22939.33|0|100|080|||||5.500|0.00||||||||||||||||||||22939.33
F03Q10005652|201107|22701.29|0|101|079|||||5.500|0.00||||||||||||||||||||22701.29
F03Q10005652|201108|0.00|0|102|078|||01|201108|5.500|0.00|||||||||||||||22701.29|||||0.00
F03Q10005668|200302|225000.00|0|000|360|||||5.875|0.00||||||||||||||||||||225000.00
F03Q10005668|200303|224000.00|0|001|359|||||5.875|0.00||||||||||||||||||||224000.00
F03Q10005668|200304|224000.00|0|002|358|||||5.875|0.00||||||||||||||||||||224000.00
F03Q10005668|200305|224000.00|0|003|357|||||5.875|0.00||||||||||||||||||||224000.00
F03Q10005668|200306|224000.00|0|004|356|||||5.875|0.00||||||||||||||||||||224000.00
F03Q10005668|200307|223000.00|0|005|355|||||5.875|0.00||||||||||||||||||||223000.00
F03Q10005668|200308|223000.00|0|006|354|||||5.875|0.00||||||||||||||||||||223000.00
F03Q10005668|200309|222927.00|0|007|353|||||5.875|0.00||||||||||||||||||||222927.00
F03Q10005668|200310|222690.09|0|008|352|||||5.875|0.00||||||||||||||||||||222690.09
F03Q10005668|200311|222452.02|0|009|351|||||5.875|0.00||||||||||||||||||||222452.02
F03Q10005668|200312|222212.79|0|010|350|||||5.875|0.00||||||||||||||||||||222212.79
F03Q10005668|200401|221972.39|0|011|349|||||5.875|0.00||||||||||||||||||||221972.39
F03Q10005668|200402|221730.81|0|012|348|||||5.875|0.00||||||||||||||||||||221730.81
F03Q10005668|200403|221488.05|0|013|347|||||5.875|0.00||||||||||||||||||||221488.05
F03Q10005668|200404|221244.10|0|014|346|||||5.875|0.00||||||||||||||||||||221244.10
F03Q10005668|200405|220998.95|0|015|345|||||5.875|0.00||||||||||||||||||||220998.95
F03Q10005668|200406|220752.60|0|016|344|||||5.875|0.00||||||||||||||||||||220752.60
F03Q10005668|200407|220505.05|0|017|343|||||5.875|0.00||||||||||||||||||||220505.05
F03Q10005668|200408|220256.29|0|018|342|||||5.875|0.00||||||||||||||||||||220256.29
F03Q10005668|200409|220006.31|0|019|341|||||5.875|0.00||||||||||||||||||||220006.31
F03Q10005668|200410|219755.10|0|020|340|||||5.875|0.00||||||||||||||||||||219755.10
F03Q10005668|200411|219502.66|0|021|339|||||5.875|0.00||||||||||||||||||||219502.66
F03Q10005668|200412|219248.99|0|022|338|||||5.875|0.00||||||||||||||||||||219248.99
F03Q10005668|200501|218994.08|0|023|337|||||5.875|0.00||||||||||||||||||||218994.08
F03Q10005668|200502|218737.92|0|024|336|||||5.875|0.00||||||||||||||||||||218737.92
F03Q10005668|200503|218480.50|0|025|335|||||5.875|0.00||||||||||||||||||||218480.50
F03Q10005668|200504|218221.82|0|026|334|||||5.875|0.00||||||||||||||||||||218221.82
F03Q10005668|200505|217961.88|0|027|333|||||5.875|0.00||||||||||||||||||||217961.88
F03Q10005668|200506|217700.67|0|028|332|||||5.875|0.00||||||||||||||||||||217700.67
F03Q10005668|200507|217438.18|0|029|331|||||5.875|0.00||||||||||||||||||||217438.18
F03Q10005668|200508|217174.40|0|030|330|||||5.875|0.00||||||||||||||||||||217174.40
F03Q10005668|200509|216909.33|0|031|329|||||5.875|0.00||||||||||||||||||||216909.33
F03Q10005668|200510|216642.96|0|032|328|||||5.875|0.00||||||||||||||||||||216642.96
F03Q10005668|200511|216375.29|0|033|327|||||5.875|0.00||||||||||||||||||||216375.29
F03Q10005668|200512|216106.31|0|034|326|||||5.875|0.00||||||||||||||||||||216106.31
F03Q10005668|200601|215836.01|0|035|325|||||5.875|0.00||||||||||||||||||||215836.01
F03Q10005668|200602|215564.39|0|036|324|||||5.875|0.00||||||||||||||||||||215564.39
F03Q10005668|200603|215291.44|0|037|323|||||5.875|0.00||||||||||||||||||||215291.44
F03Q10005668|200604|215017.15|0|038|322|||||5.875|0.00||||||||||||||||||||215017.15
F03Q10005668|200605|214741.52|0|039|321|||||5.875|0.00||||||||||||||||||||214741.52
F03Q10005668|200606|214464.54|0|040|320|||||5.875|0.00||||||||||||||||||||214464.54
F03Q10005668|200607|214186.20|0|041|319|||||5.875|0.00||||||||||||||||||||214186.20
F03Q10005668|200608|213906.50|0|042|318|||||5.875|0.00||||||||||||||||||||213906.50
F03Q10005668|200609|213625.43|0|043|317|||||5.875|0.00||||||||||||||||||||213625.43
F03Q10005668|200610|213342.98|0|044|316|||||5.875|0.00||||||||||||||||||||213342.98
F03Q10005668|200611|213059.15|0|045|315|||||5.875|0.00||||||||||||||||||||213059.15
F03Q10005668|200612|212773.93|0|046|314|||||5.875|0.00||||||||||||||||||||212773.93
F03Q10005668|200701|212487.32|0|047|313|||||5.875|0.00||||||||||||||||||||212487.32
F03Q10005668|200702|212199.30|0|048|312|||||5.875|0.00||||||||||||||||||||212199.30
F03Q10005668|200703|211909.87|0|049|311|||||5.875|0.00||||||||||||||||||||211909.87
F03Q10005668|200704|211619.03|0|050|310|||||5.875|0.00||||||||||||||||||||211619.03
F03Q10005668|200705|211326.76|0|051|309|||||5.875|0.00||||||||||||||||||||211326.76
F03Q10005668|200706|211033.06|0|052|308|||||5.875|0.00||||||||||||||||||||211033.06
F03Q10005668|200707|210737.92|0|053|307|||||5.875|0.00||||||||||||||||||||210737.92
F03Q10005668|200708|210441.34|0|054|306|||||5.875|0.00||||||||||||||||||||210441.34
F03Q10005668|200709|210143.31|0|055|305|||||5.875|0.00||||||||||||||||||||210143.31
F03Q10005668|200710|209843.82|0|056|304|||||5.875|0.00||||||||||||||||||||209843.82
F03Q10005668|200711|209542.86|0|057|303|||||5.875|0.00||||||||||||||||||||209542.86
F03Q10005668|200712|209240.43|0|058|302|||||5.875|0.00||||||||||||||||||||209240.43
F03Q10005668|200801|208936.52|0|059|301|||||5.875|0.00||||||||||||||||||||208936.52
F03Q10005668|200802|208631.12|0|060|300|||||5.875|0.00||||||||||||||||||||208631.12
F03Q10005668|200803|208324.22|0|061|299|||||5.875|0.00||||||||||||||||||||208324.22
F03Q10005668|200804|208015.82|0|062|298|||||5.875|0.00||||||||||||||||||||208015.82
F03Q10005668|200805|207705.91|0|063|297|||||5.875|0.00||||||||||||||||||||207705.91
F03Q10005668|200806|207394.48|0|064|296|||||5.875|0.00||||||||||||||||||||207394.48
F03Q10005668|200807|207081.53|0|065|295|||||5.875|0.00||||||||||||||||||||207081.53
F03Q10005668|200808|206767.05|0|066|294|||||5.875|0.00||||||||||||||||||||206767.05
F03Q10005668|200809|206451.03|0|067|293|||||5.875|0.00||||||||||||||||||||206451.03
F03Q10005668|200810|206133.46|0|068|292|||||5.875|0.00||||||||||||||||||||206133.46
F03Q10005668|200811|205814.34|0|069|291|||||5.875|0.00||||||||||||||||||||205814.34
F03Q10005668|200812|205493.65|0|070|290|||||5.875|0.00||||||||||||||||||||205493.65
F03Q10005668|200901|205171.39|0|071|289|||||5.875|0.00||||||||||||||||||||205171.39
F03Q10005668|200902|204847.55|0|072|288|||||5.875|0.00||||||||||||||||||||204847.55
F03Q10005668|200903|204522.13|0|073|287|||||5.875|0.00||||||||||||||||||||204522.13
F03Q10005668|200904|0.00|0|074|286|||01|200904|5.875|0.00|||||||||||||||204522.13|||||0.00
F03Q10005799|200302|128000.00|0|000|360|||||6.350|0.00||||||||||||||||||||128000.00
F03Q10005799|200303|128000.00|0|001|359|||||6.350|0.00||||||||||||||||||||128000.00
F03Q10005799|200304|128000.00|0|002|358|||||6.350|0.00||||||||||||||||||||128000.00
F03Q10005799|200305|128000.00|0|003|357|||||6.350|0.00||||||||||||||||||||128000.00
F03Q10005799|200306|128000.00|0|004|356|||||6.350|0.00||||||||||||||||||||128000.00
F03Q10005799|200307|127000.00|0|005|355|||||6.350|0.00||||||||||||||||||||127000.00
F03Q10005799|200308|127000.00|0|006|354|||||6.350|0.00||||||||||||||||||||127000.00
F03Q10005799|200309|127252.11|0|007|353|||||6.350|0.00||||||||||||||||||||127252.11
F03Q10005799|200310|127128.41|0|008|352|||||6.350|0.00||||||||||||||||||||127128.41
F03Q10005799|200311|127004.05|0|009|351|||||6.350|0.00||||||||||||||||||||127004.05
F03Q10005799|200312|126879.03|0|010|350|||||6.350|0.00||||||||||||||||||||126879.03
F03Q10005799|200401|126753.35|0|011|349|||||6.350|0.00||||||||||||||||||||126753.35
F03Q10005799|200402|126627.01|0|012|348|||||6.350|0.00||||||||||||||||||||126627.01
F03Q10005799|200403|126500.00|0|013|347|||||6.350|0.00||||||||||||||||||||126500.00
F03Q10005799|200404|126372.32|0|014|346|||||6.350|0.00||||||||||||||||||||126372.32
F03Q10005799|200405|126243.96|0|015|345|||||6.350|0.00||||||||||||||||||||126243.96
F03Q10005799|200406|126114.92|0|016|344|||||6.350|0.00||||||||||||||||||||126114.92
F03Q10005799|200407|125985.20|0|017|343|||||6.350|0.00||||||||||||||||||||125985.20
F03Q10005799|200408|125854.79|0|018|342|||||6.350|0.00||||||||||||||||||||125854.79
F03Q10005799|200409|125723.69|0|019|341|||||6.350|0.00||||||||||||||||||||125723.69
F03Q10005799|200410|125591.90|0|020|340|||||6.350|0.00||||||||||||||||||||125591.90
F03Q10005799|200411|125459.41|0|021|339|||||6.350|0.00||||||||||||||||||||125459.41
F03Q10005799|200412|125326.22|0|022|338|||||6.350|0.00||||||||||||||||||||125326.22
F03Q10005799|200501|125192.32|0|023|337|||||6.350|0.00||||||||||||||||||||125192.32
F03Q10005799|200502|125057.72|0|024|336|||||6.350|0.00||||||||||||||||||||125057.72
F03Q10005799|200503|124922.40|0|025|335|||||6.350|0.00||||||||||||||||||||124922.40
F03Q10005799|200504|124786.37|0|026|334|||||6.350|0.00||||||||||||||||||||124786.37
F03Q10005799|200505|124649.62|0|027|333|||||6.350|0.00||||||||||||||||||||124649.62
F03Q10005799|200506|124512.14|0|028|332|||||6.350|0.00||||||||||||||||||||124512.14
F03Q10005799|200507|124347.90|0|029|331|||||6.350|0.00||||||||||||||||||||124347.90
F03Q10005799|200508|124208.83|0|030|330|||||6.350|0.00||||||||||||||||||||124208.83
F03Q10005799|200509|124069.02|0|031|329|||||6.350|0.00||||||||||||||||||||124069.02
F03Q10005799|200510|123928.47|0|032|328|||||6.350|0.00||||||||||||||||||||123928.47
F03Q10005799|200511|123787.18|0|033|327|||||6.350|0.00||||||||||||||||||||123787.18
F03Q10005799|200512|123645.14|0|034|326|||||6.350|0.00||||||||||||||||||||123645.14
F03Q10005799|200601|123502.35|0|035|325|||||6.350|0.00||||||||||||||||||||123502.35
F03Q10005799|200602|123358.80|0|036|324|||||6.350|0.00||||||||||||||||||||123358.80
F03Q10005799|200603|123214.49|0|037|323|||||6.350|0.00||||||||||||||||||||123214.49
F03Q10005799|200604|123069.42|0|038|322|||||6.350|0.00||||||||||||||||||||123069.42
F03Q10005799|200605|122923.58|0|039|321|||||6.350|0.00||||||||||||||||||||122923.58
F03Q10005799|200606|122776.97|0|040|320|||||6.350|0.00||||||||||||||||||||122776.97
F03Q10005799|200607|122629.58|0|041|319|||||6.350|0.00||||||||||||||||||||122629.58
F03Q10005799|200608|122481.41|0|042|318|||||6.350|0.00||||||||||||||||||||122481.41
F03Q10005799|200609|122332.46|0|043|317|||||6.350|0.00||||||||||||||||||||122332.46
F03Q10005799|200610|0.00|0|044|316|||01|200610|6.350|0.00|||||||||||||||122332.46|||||0.00
F03Q10005983|200302|56000.00|0|000|180|||||5.125|0.00||||||||||||||||||||56000.00
F03Q10005983|200303|56000.00|0|001|179|||||5.125|0.00||||||||||||||||||||56000.00
F03Q10005983|200304|56000.00|0|002|178|||||5.125|0.00||||||||||||||||||||56000.00
F03Q10005983|200305|55000.00|0|003|177|||||5.125|0.00||||||||||||||||||||55000.00
F03Q10005983|200306|38000.00|0|004|176|||||5.125|0.00||||||||||||||||||||38000.00
F03Q10005983|200307|37000.00|0|005|175|||||5.125|0.00||||||||||||||||||||37000.00
F03Q10005983|200308|37000.00|0|006|174|||||5.125|0.00||||||||||||||||||||37000.00
F03Q10005983|200309|36791.17|0|007|173|||||5.125|0.00||||||||||||||||||||36791.17
F03Q10005983|200310|36496.12|0|008|172|||||5.125|0.00||||||||||||||||||||36496.12
F03Q10005983|200311|36199.81|0|009|171|||||5.125|0.00||||||||||||||||||||36199.81
F03Q10005983|200312|35894.41|0|010|170|||||5.125|0.00||||||||||||||||||||35894.41
F03Q10005983|200401|35595.53|0|011|169|||||5.125|0.00||||||||||||||||||||35595.53
F03Q10005983|200402|35295.37|0|012|168|||||5.125|0.00||||||||||||||||||||35295.37
F03Q10005983|200403|10877.11|0|013|167|||||5.125|0.00||||||||||||||||||||10877.11
F03Q10005983|200404|7436.38|0|014|166|||||5.125|0.00||||||||||||||||||||7436.38
F03Q10005983|200405|7015.96|0|015|165|||||5.125|0.00||||||||||||||||||||7015.96
F03Q10005983|200406|0.00|0|016|164|||01|200406|5.125|0.00|||||||||||||||7015.96|||||0.00
F03Q10005990|200302|135000.00|0|000|167|||||5.000|0.00||||||||||||||||||||135000.00
F03Q10005990|200303|135000.00|0|001|166|||||5.000|0.00||||||||||||||||||||135000.00
F03Q10005990|200304|134000.00|0|002|165|||||5.000|0.00||||||||||||||||||||134000.00
F03Q10005990|200305|133000.00|0|003|164|||||5.000|0.00||||||||||||||||||||133000.00
F03Q10005990|200306|133000.00|0|004|163|||||5.000|0.00||||||||||||||||||||133000.00
F03Q10005990|200307|132000.00|0|005|162|||||5.000|0.00||||||||||||||||||||132000.00
F03Q10005990|200308|131000.00|0|006|161|||||5.000|0.00||||||||||||||||||||131000.00
F03Q10005990|200309|130730.47|0|007|160|||||5.000|0.00||||||||||||||||||||130730.47
F03Q10005990|200310|130084.91|0|008|159|||||5.000|0.00||||||||||||||||||||130084.91
F03Q10005990|200311|129436.66|0|009|158|||||5.000|0.00||||||||||||||||||||129436.66
F03Q10005990|200312|128785.71|0|010|157|||||5.000|0.00||||||||||||||||||||128785.71
F03Q10005990|200401|128132.05|0|011|156|||||5.000|0.00||||||||||||||||||||128132.05
F03Q10005990|200402|127427.66|0|012|155|||||5.000|0.00||||||||||||||||||||127427.66
F03Q10005990|200403|126768.34|0|013|154|||||5.000|0.00||||||||||||||||||||126768.34
F03Q10005990|200404|126106.27|0|014|153|||||5.000|0.00||||||||||||||||||||126106.27
F03Q10005990|200405|125441.44|0|015|152|||||5.000|0.00||||||||||||||||||||125441.44
F03Q10005990|200406|124773.84|0|016|151|||||5.000|0.00||||||||||||||||||||124773.84
F03Q10005990|200407|124103.46|0|017|150|||||5.000|0.00||||||||||||||||||||124103.46
F03Q10005990|200408|123430.29|0|018|149|||||5.000|0.00||||||||||||||||||||123430.29
F03Q10005990|200409|122754.31|0|019|148|||||5.000|0.00||||||||||||||||||||122754.31
F03Q10005990|200410|122075.52|0|020|147|||||5.000|0.00||||||||||||||||||||122075.52
F03Q10005990|200411|121393.90|0|021|146|||||5.000|0.00||||||||||||||||||||121393.90
F03Q10005990|200412|120709.44|0|022|145|||||5.000|0.00||||||||||||||||||||120709.44
F03Q10005990|200501|120022.13|0|023|144|||||5.000|0.00||||||||||||||||||||120022.13
F03Q10005990|200502|119331.95|0|024|143|||||5.000|0.00||||||||||||||||||||119331.95
F03Q10005990|200503|118638.90|0|025|142|||||5.000|0.00||||||||||||||||||||118638.90
F03Q10005990|200504|117942.96|0|026|141|||||5.000|0.00||||||||||||||||||||117942.96
F03Q10005990|200505|117244.12|0|027|140|||||5.000|0.00||||||||||||||||||||117244.12
F03Q10005990|200506|116542.37|0|028|139|||||5.000|0.00||||||||||||||||||||116542.37
F03Q10005990|200507|115837.69|0|029|138|||||5.000|0.00||||||||||||||||||||115837.69
F03Q10005990|200508|115130.08|0|030|137|||||5.000|0.00||||||||||||||||||||115130.08
F03Q10005990|200509|114419.52|0|031|136|||||5.000|0.00||||||||||||||||||||114419.52
F03Q10005990|200510|113706.00|0|032|135|||||5.000|0.00||||||||||||||||||||113706.00
F03Q10005990|200511|112989.51|0|033|134|||||5.000|0.00||||||||||||||||||||112989.51
F03Q10005990|200512|112270.03|0|034|133|||||5.000|0.00||||||||||||||||||||112270.03
F03Q10005990|200601|111547.55|0|035|132|||||5.000|0.00||||||||||||||||||||111547.55
F03Q10005990|200602|110822.06|0|036|131|||||5.000|0.00||||||||||||||||||||110822.06
F03Q10005990|200603|110093.55|0|037|130|||||5.000|0.00||||||||||||||||||||110093.55
F03Q10005990|200604|109362.00|0|038|129|||||5.000|0.00||||||||||||||||||||109362.00
F03Q10005990|200605|108627.41|0|039|128|||||5.000|0.00||||||||||||||||||||108627.41
F03Q10005990|200606|107889.75|0|040|127|||||5.000|0.00||||||||||||||||||||107889.75
F03Q10005990|200607|107149.02|0|041|126|||||5.000|0.00||||||||||||||||||||107149.02
F03Q10005990|200608|106405.20|0|042|125|||||5.000|0.00||||||||||||||||||||106405.20
F03Q10005990|200609|105658.29|0|043|124|||||5.000|0.00||||||||||||||||||||105658.29
F03Q10005990|200610|104908.26|0|044|123|||||5.000|0.00||||||||||||||||||||104908.26
F03Q10005990|200611|104155.11|0|045|122|||||5.000|0.00||||||||||||||||||||104155.11
F03Q10005990|200612|103398.82|0|046|121|||||5.000|0.00||||||||||||||||||||103398.82
F03Q10005990|200701|102639.38|0|047|120|||||5.000|0.00||||||||||||||||||||102639.38
F03Q10005990|200702|101876.77|0|048|119|||||5.000|0.00||||||||||||||||||||101876.77
F03Q10005990|200703|101110.99|0|049|118|||||5.000|0.00||||||||||||||||||||101110.99
F03Q10005990|200704|100342.02|0|050|117|||||5.000|0.00||||||||||||||||||||100342.02
F03Q10005990|200705|99569.84|0|051|116|||||5.000|0.00||||||||||||||||||||99569.84
F03Q10005990|200706|98794.44|0|052|115|||||5.000|0.00||||||||||||||||||||98794.44
F03Q10005990|200707|98015.81|0|053|114|||||5.000|0.00||||||||||||||||||||98015.81
F03Q10005990|200708|97233.94|0|054|113|||||5.000|0.00||||||||||||||||||||97233.94
F03Q10005990|200709|96448.81|0|055|112|||||5.000|0.00||||||||||||||||||||96448.81
F03Q10005990|200710|95660.41|0|056|111|||||5.000|0.00||||||||||||||||||||95660.41
F03Q10005990|200711|94868.73|0|057|110|||||5.000|0.00||||||||||||||||||||94868.73
F03Q10005990|200712|94073.75|0|058|109|||||5.000|0.00||||||||||||||||||||94073.75
F03Q10005990|200801|93275.45|0|059|108|||||5.000|0.00||||||||||||||||||||93275.45
F03Q10005990|200802|92473.83|0|060|107|||||5.000|0.00||||||||||||||||||||92473.83
F03Q10005990|200803|91668.87|0|061|106|||||5.000|0.00||||||||||||||||||||91668.87
F03Q10005990|200804|90860.55|0|062|105|||||5.000|0.00||||||||||||||||||||90860.55
F03Q10005990|200805|90048.87|0|063|104|||||5.000|0.00||||||||||||||||||||90048.87
F03Q10005990|200806|89233.80|0|064|103|||||5.000|0.00||||||||||||||||||||89233.80
F03Q10005990|200807|88415.34|0|065|102|||||5.000|0.00||||||||||||||||||||88415.34
F03Q10005990|200808|87593.47|0|066|101|||||5.000|0.00||||||||||||||||||||87593.47
F03Q10005990|200809|86768.17|0|067|100|||||5.000|0.00||||||||||||||||||||86768.17
F03Q10005990|200810|85939.43|0|068|099|||||5.000|0.00||||||||||||||||||||85939.43
F03Q10005990|200811|85107.24|0|069|098|||||5.000|0.00||||||||||||||||||||85107.24
F03Q10005990|200812|84271.58|0|070|097|||||5.000|0.00||||||||||||||||||||84271.58
F03Q10005990|200901|83432.44|0|071|096|||||5.000|0.00||||||||||||||||||||83432.44
F03Q10005990|200902|82589.81|0|072|095|||||5.000|0.00||||||||||||||||||||82589.81
F03Q10005990|200903|81743.66|0|073|094|||||5.000|0.00||||||||||||||||||||81743.66
F03Q10005990|200904|80893.99|0|074|093|||||5.000|0.00||||||||||||||||||||80893.99
F03Q10005990|200905|80040.78|0|075|092|||||5.000|0.00||||||||||||||||||||80040.78
F03Q10005990|200906|79184.01|0|076|091|||||5.000|0.00||||||||||||||||||||79184.01
F03Q10005990|200907|78323.67|0|077|090|||||5.000|0.00||||||||||||||||||||78323.67
F03Q10005990|200908|77459.75|0|078|089|||||5.000|0.00||||||||||||||||||||77459.75
F03Q10005990|200909|76592.23|0|079|088|||||5.000|0.00||||||||||||||||||||76592.23
F03Q10005990|200910|75721.37|0|080|087|||||5.000|0.00||||||||||||||||||||75721.37
F03Q10005990|200911|74846.88|0|081|086|||||5.000|0.00||||||||||||||||||||74846.88
F03Q10005990|200912|73968.47|0|082|085|||||5.000|0.00||||||||||||||||||||73968.47
F03Q10005990|201001|73086.40|0|083|084|||||5.000|0.00||||||||||||||||||||73086.40
F03Q10005990|201002|72200.66|0|084|083|||||5.000|0.00||||||||||||||||||||72200.66
F03Q10005990|201003|71311.23|0|085|082|||||5.000|0.00||||||||||||||||||||71311.23
F03Q10005990|201004|70418.09|0|086|081|||||5.000|0.00||||||||||||||||||||70418.09
F03Q10005990|201005|69521.23|0|087|080|||||5.000|0.00||||||||||||||||||||69521.23
F03Q10005990|201006|68620.63|0|088|079|||||5.000|0.00||||||||||||||||||||68620.63
F03Q10005990|201007|67716.28|0|089|078|||||5.000|0.00||||||||||||||||||||67716.28
F03Q10005990|201008|0.00|0|090|077|||01|201008|5.000|0.00|||||||||||||||67716.28|||||0.00
F03Q10006027|200302|160000.00|0|000|360|||||5.750|0.00||||||||||||||||||||160000.00
F03Q10006027|200303|160000.00|0|001|359|||||5.750|0.00||||||||||||||||||||160000.00
F03Q10006027|200304|160000.00|0|002|358|||||5.750|0.00||||||||||||||||||||160000.00
F03Q10006027|200305|159000.00|0|003|357|||||5.750|0.00||||||||||||||||||||159000.00
F03Q10006027|200306|159000.00|0|004|356|||||5.750|0.00||||||||||||||||||||159000.00
F03Q10006027|200307|159000.00|0|005|355|||||5.750|0.00||||||||||||||||||||159000.00
F03Q10006027|200308|159000.00|0|006|354|||||5.750|0.00||||||||||||||||||||159000.00
F03Q10006027|200309|158985.60|0|007|353|||||5.750|0.00||||||||||||||||||||158985.60
F03Q10006027|200310|158813.69|0|008|352|||||5.750|0.00||||||||||||||||||||158813.69
F03Q10006027|200311|158640.95|1|009|351|||||5.750|0.00||||||||||||||||||||158640.95
F03Q10006027|200312|158467.38|1|010|350|||||5.750|0.00||||||||||||||||||||158467.38
F03Q10006027|200401|158024.37|0|011|349|||||5.750|0.00||||||||||||||||||||158024.37
F03Q10006027|200402|157847.85|0|012|348|||||5.750|0.00||||||||||||||||||||157847.85
F03Q10006027|200403|157847.85|0|013|347|||||5.750|0.00||||||||||||||||||||157847.85
F03Q10006027|200404|157670.48|0|014|346|||||5.750|0.00||||||||||||||||||||157670.48
F03Q10006027|200405|157492.26|1|015|345|||||5.750|0.00||||||||||||||||||||157492.26
F03Q10006027|200406|157313.19|0|016|344|||||5.750|0.00||||||||||||||||||||157313.19
F03Q10006027|200407|156952.47|0|017|343|||||5.750|0.00||||||||||||||||||||156952.47
F03Q10006027|200408|156770.81|0|018|342|||||5.750|0.00||||||||||||||||||||156770.81
F03Q10006027|200409|156588.28|0|019|341|||||5.750|0.00||||||||||||||||||||156588.28
F03Q10006027|200410|156404.88|0|020|340|||||5.750|0.00||||||||||||||||||||156404.88
F03Q10006027|200411|156404.88|1|021|339|||||5.750|0.00||||||||||||||||||||156404.88
F03Q10006027|200412|156404.88|0|022|338|||||5.750|0.00||||||||||||||||||||156404.88
F03Q10006027|200501|155849.39|0|023|337|||||5.750|0.00||||||||||||||||||||155849.39
F03Q10006027|200502|155662.45|0|024|336|||||5.750|0.00||||||||||||||||||||155662.45
F03Q10006027|200503|155474.61|0|025|335|||||5.750|0.00||||||||||||||||||||155474.61
F03Q10006027|200504|155474.61|1|026|334|||||5.750|0.00||||||||||||||||||||155474.61
F03Q10006027|200505|155474.61|2|027|333|||||5.750|0.00||||||||||||||||||||155474.61
F03Q10006027|200506|155474.61|3|028|332|||||5.750|0.00||||||||||||||||||||155474.61
F03Q10006027|200507|155474.61|4|029|331|||||5.750|0.00||||||||||||||||||||155474.61
F03Q10006027|200508|155474.61|5|030|330|||||5.750|0.00||||||||||||||||||||155474.61
F03Q10006027|200509|155474.61|6|031|329|||||5.750|0.00||||||||||||||||||||155474.61
F03Q10006027|200510|155474.61|7|032|328|||||5.750|0.00||||||||||||||||||||155474.61
F03Q10006027|200511|155474.61|8|033|327|||||5.750|0.00||||||||||||||||||||155474.61
F03Q10006027|200512|155474.61|9|034|326|||||5.750|0.00||||||||||||||||||||155474.61
F03Q10006027|200601|155474.61|10|035|325|||||5.750|0.00||||||||||||||||||||155474.61
F03Q10006027|200602|155474.61|11|036|324|||||5.750|0.00||||||||||||||||||||155474.61
F03Q10006027|200603|155474.61|12|037|323|||||5.750|0.00||||||||||||||||||||155474.61
F03Q10006027|200604|155474.61|13|038|322|||||5.750|0.00||||||||||||||||||||155474.61
F03Q10006027|200605|155474.61|14|039|321|||||5.750|0.00||||||||||||||||||||155474.61
F03Q10006027|200606|155474.61|15|040|320|||||5.750|0.00||||||||||||||||||||155474.61
F03Q10006027|200607|155474.61|RA|041|319|||||5.750|0.00||||||||||||||||||||155474.61
F03Q10006027|200608|155474.61|RA|042|318|||||5.750|0.00||||||||||||||||||||155474.61
F03Q10006027|200609|155474.61|RA|043|317|||||5.750|0.00||||||||||||||||||||155474.61
F03Q10006027|200610|155474.61|RA|044|316|||||5.750|0.00||||||||||||||||||||155474.61
F03Q10006027|200611|0.00|RA|045|315|||09|200611|5.750|0.00|200503|0.00|97782.4|0.00|-9875.06|-250.00|-3870.34|-5489.72|-265.00|-81559.98|||||155474.61|13992.71||||0.00
F03Q10006086|200302|250000.00|0|000|180|||||5.750|0.00||||||||||||||||||||250000.00
F03Q10006086|200303|249000.00|0|001|179|||||5.750|0.00||||||||||||||||||||249000.00
F03Q10006086|200304|248000.00|0|002|178|||||5.750|0.00||||||||||||||||||||248000.00
F03Q10006086|200305|247000.00|0|003|177|||||5.750|0.00||||||||||||||||||||247000.00
F03Q10006086|200306|246000.00|0|004|176|||||5.750|0.00||||||||||||||||||||246000.00
F03Q10006086|200307|246000.00|0|005|175|||||5.750|0.00||||||||||||||||||||246000.00
F03Q10006086|200308|245000.00|0|006|174|||||5.750|0.00||||||||||||||||||||245000.00
F03Q10006086|200309|243764.14|0|007|173|||||5.750|0.00||||||||||||||||||||243764.14
F03Q10006086|200310|242856.15|0|008|172|||||5.750|0.00||||||||||||||||||||242856.15
F03Q10006086|200311|241943.81|0|009|171|||||5.750|0.00||||||||||||||||||||241943.81
F03Q10006086|200312|241027.09|0|010|170|||||5.750|0.00||||||||||||||||||||241027.09
F03Q10006086|200401|240105.98|0|011|169|||||5.750|0.00||||||||||||||||||||240105.98
F03Q10006086|200402|239180.46|0|012|168|||||5.750|0.00||||||||||||||||||||239180.46
F03Q10006086|200403|238250.50|0|013|167|||||5.750|0.00||||||||||||||||||||238250.50
F03Q10006086|200404|237316.09|0|014|166|||||5.750|0.00||||||||||||||||||||237316.09
F03Q10006086|200405|236377.20|0|015|165|||||5.750|0.00||||||||||||||||||||236377.20
F03Q10006086|200406|235433.81|0|016|164|||||5.750|0.00||||||||||||||||||||235433.81
F03Q10006086|200407|234485.90|0|017|163|||||5.750|0.00||||||||||||||||||||234485.90
F03Q10006086|200408|233533.45|0|018|162|||||5.750|0.00||||||||||||||||||||233533.45
F03Q10006086|200409|232576.43|0|019|161|||||5.750|0.00||||||||||||||||||||232576.43
F03Q10006086|200410|231614.83|0|020|160|||||5.750|0.00||||||||||||||||||||231614.83
F03Q10006086|200411|230648.62|0|021|159|||||5.750|0.00||||||||||||||||||||230648.62
F03Q10006086|200412|229677.78|0|022|158|||||5.750|0.00||||||||||||||||||||229677.78
F03Q10006086|200501|228702.29|0|023|157|||||5.750|0.00||||||||||||||||||||228702.29
F03Q10006086|200502|227722.13|0|024|156|||||5.750|0.00||||||||||||||||||||227722.13
F03Q10006086|200503|226737.27|0|025|155|||||5.750|0.00||||||||||||||||||||226737.27
F03Q10006086|200504|225747.69|0|026|154|||||5.750|0.00||||||||||||||||||||225747.69
F03Q10006086|200505|224753.37|0|027|153|||||5.750|0.00||||||||||||||||||||224753.37
F03Q10006086|200506|223754.28|0|028|152|||||5.750|0.00||||||||||||||||||||223754.28
F03Q10006086|200507|222750.41|0|029|151|||||5.750|0.00||||||||||||||||||||222750.41
F03Q10006086|200508|221741.73|0|030|150|||||5.750|0.00||||||||||||||||||||221741.73
F03Q10006086|200509|220728.21|0|031|149|||||5.750|0.00||||||||||||||||||||220728.21
F03Q10006086|200510|219709.84|0|032|148|||||5.750|0.00||||||||||||||||||||219709.84
F03Q10006086|200511|218686.59|0|033|147|||||5.750|0.00||||||||||||||||||||218686.59
F03Q10006086|200512|217658.43|0|034|146|||||5.750|0.00||||||||||||||||||||217658.43
F03Q10006086|200601|216625.35|0|035|145|||||5.750|0.00||||||||||||||||||||216625.35
F03Q10006086|200602|215587.32|0|036|144|||||5.750|0.00||||||||||||||||||||215587.32
F03Q10006086|200603|214544.31|0|037|143|||||5.750|0.00||||||||||||||||||||214544.31
F03Q10006086|200604|213496.30|0|038|142|||||5.750|0.00||||||||||||||||||||213496.30
F03Q10006086|200605|212443.27|0|039|141|||||5.750|0.00||||||||||||||||||||212443.27
F03Q10006086|200606|211385.20|0|040|140|||||5.750|0.00||||||||||||||||||||211385.20
F03Q10006086|200607|210322.06|0|041|139|||||5.750|0.00||||||||||||||||||||210322.06
F03Q10006086|200608|209253.82|0|042|138|||||5.750|0.00||||||||||||||||||||209253.82
F03Q10006086|200609|208180.46|0|043|137|||||5.750|0.00||||||||||||||||||||208180.46
F03Q10006086|200610|207101.96|0|044|136|||||5.750|0.00||||||||||||||||||||207101.96
F03Q10006086|200611|206018.29|0|045|135|||||5.750|0.00||||||||||||||||||||206018.29
F03Q10006086|200612|204929.43|0|046|134|||||5.750|0.00||||||||||||||||||||204929.43
F03Q10006086|200701|203835.35|0|047|133|||||5.750|0.00||||||||||||||||||||203835.35
F03Q10006086|200702|202736.03|0|048|132|||||5.750|0.00||||||||||||||||||||202736.03
F03Q10006086|200703|201631.44|0|049|131|||||5.750|0.00||||||||||||||||||||201631.44
F03Q10006086|200704|200521.56|0|050|130|||||5.750|0.00||||||||||||||||||||200521.56
F03Q10006086|200705|199406.36|0|051|129|||||5.750|0.00||||||||||||||||||||199406.36
F03Q10006086|200706|198285.82|0|052|128|||||5.750|0.00||||||||||||||||||||198285.82
F03Q10006086|200707|197159.91|0|053|127|||||5.750|0.00||||||||||||||||||||197159.91
F03Q10006086|200708|196028.60|0|054|126|||||5.750|0.00||||||||||||||||||||196028.60
F03Q10006086|200709|194891.87|0|055|125|||||5.750|0.00||||||||||||||||||||194891.87
F03Q10006086|200710|193749.70|0|056|124|||||5.750|0.00||||||||||||||||||||193749.70
F03Q10006086|200711|192602.05|0|057|123|||||5.750|0.00||||||||||||||||||||192602.05
F03Q10006086|200712|191448.90|0|058|122|||||5.750|0.00||||||||||||||||||||191448.90
F03Q10006086|200801|190290.23|0|059|121|||||5.750|0.00||||||||||||||||||||190290.23
F03Q10006086|200802|189126.01|0|060|120|||||5.750|0.00||||||||||||||||||||189126.01
F03Q10006086|200803|187956.21|0|061|119|||||5.750|0.00||||||||||||||||||||187956.21
F03Q10006086|200804|186780.80|0|062|118|||||5.750|0.00||||||||||||||||||||186780.80
F03Q10006086|200805|185599.76|0|063|117|||||5.750|0.00||||||||||||||||||||185599.76
F03Q10006086|200806|184413.06|0|064|116|||||5.750|0.00||||||||||||||||||||184413.06
F03Q10006086|200807|183220.68|0|065|115|||||5.750|0.00||||||||||||||||||||183220.68
F03Q10006086|200808|182022.58|0|066|114|||||5.750|0.00||||||||||||||||||||182022.58
F03Q10006086|200809|180818.74|0|067|113|||||5.750|0.00||||||||||||||||||||180818.74
F03Q10006086|200810|179609.13|0|068|112|||||5.750|0.00||||||||||||||||||||179609.13
F03Q10006086|200811|178393.73|0|069|111|||||5.750|0.00||||||||||||||||||||178393.73
F03Q10006086|200812|177172.50|0|070|110|||||5.750|0.00||||||||||||||||||||177172.50
F03Q10006086|200901|175945.42|0|071|109|||||5.750|0.00||||||||||||||||||||175945.42
F03Q10006086|200902|174712.46|0|072|108|||||5.750|0.00||||||||||||||||||||174712.46
F03Q10006086|200903|173473.59|0|073|107|||||5.750|0.00||||||||||||||||||||173473.59
F03Q10006086|200904|172228.79|0|074|106|||||5.750|0.00||||||||||||||||||||172228.79
F03Q10006086|200905|170977.97|0|075|105|||||5.750|0.00||||||||||||||||||||170977.97
F03Q10006086|200906|169721.21|0|076|104|||||5.750|0.00||||||||||||||||||||169721.21
F03Q10006086|200907|168458.43|0|077|103|||||5.750|0.00||||||||||||||||||||168458.43
F03Q10006086|200908|167189.60|0|078|102|||||5.750|0.00||||||||||||||||||||167189.60
F03Q10006086|200909|165914.69|0|079|101|||||5.750|0.00||||||||||||||||||||165914.69
F03Q10006086|200910|164633.67|0|080|100|||||5.750|0.00||||||||||||||||||||164633.67
F03Q10006086|200911|163346.51|0|081|099|||||5.750|0.00||||||||||||||||||||163346.51
F03Q10006086|200912|162053.18|0|082|098|||||5.750|0.00||||||||||||||||||||162053.18
F03Q10006086|201001|160753.65|0|083|097|||||5.750|0.00||||||||||||||||||||160753.65
F03Q10006086|201002|159447.90|0|084|096|||||5.750|0.00||||||||||||||||||||159447.90
F03Q10006086|201003|158135.89|0|085|095|||||5.750|0.00||||||||||||||||||||158135.89
F03Q10006086|201004|0.00|0|086|094|||01|201004|5.750|0.00|||||||||||||||158135.89|||||0.00
F03Q10006098|200302|104000.00|0|000|360|||||6.250|0.00||||||||||||||||||||104000.00
F03Q10006098|200303|103000.00|0|001|359|||||6.250|0.00||||||||||||||||||||103000.00
F03Q10006098|200304|103000.00|0|002|358|||||6.250|0.00||||||||||||||||||||103000.00
F03Q10006098|200305|103000.00|0|003|357|||||6.250|0.00||||||||||||||||||||103000.00
F03Q10006098|200306|103000.00|0|004|356|||||6.250|0.00||||||||||||||||||||103000.00
F03Q10006098|200307|103000.00|0|005|355|||||6.250|0.00||||||||||||||||||||103000.00
F03Q10006098|200308|103000.00|0|006|354|||||6.250|0.00||||||||||||||||||||103000.00
F03Q10006098|200309|102800.29|0|007|353|||||6.250|0.00||||||||||||||||||||102800.29
F03Q10006098|200310|102598.24|0|008|352|||||6.250|0.00||||||||||||||||||||102598.24
F03Q10006098|200311|102495.14|0|009|351|||||6.250|0.00||||||||||||||||||||102495.14
F03Q10006098|200312|102391.50|0|010|350|||||6.250|0.00||||||||||||||||||||102391.50
F03Q10006098|200401|102287.32|0|011|349|||||6.250|0.00||||||||||||||||||||102287.32
F03Q10006098|200402|102182.60|0|012|348|||||6.250|0.00||||||||||||||||||||102182.60
F03Q10006098|200403|102077.53|0|013|347|||||6.250|0.00||||||||||||||||||||102077.53
F03Q10006098|200404|101971.91|0|014|346|||||6.250|0.00||||||||||||||||||||101971.91
F03Q10006098|200405|101865.74|0|015|345|||||6.250|0.00||||||||||||||||||||101865.74
F03Q10006098|200406|101759.02|0|016|344|||||6.250|0.00||||||||||||||||||||101759.02
F03Q10006098|200407|101651.74|0|017|343|||||6.250|0.00||||||||||||||||||||101651.74
F03Q10006098|200408|101543.91|0|018|342|||||6.250|0.00||||||||||||||||||||101543.91
F03Q10006098|200409|101435.51|0|019|341|||||6.250|0.00||||||||||||||||||||101435.51
F03Q10006098|200410|101326.55|0|020|340|||||6.250|0.00||||||||||||||||||||101326.55
F03Q10006098|200411|101217.02|0|021|339|||||6.250|0.00||||||||||||||||||||101217.02
F03Q10006098|200412|101106.92|0|022|338|||||6.250|0.00||||||||||||||||||||101106.92
F03Q10006098|200501|100996.25|0|023|337|||||6.250|0.00||||||||||||||||||||100996.25
F03Q10006098|200502|100885.00|0|024|336|||||6.250|0.00||||||||||||||||||||100885.00
F03Q10006098|200503|100773.17|0|025|335|||||6.250|0.00||||||||||||||||||||100773.17
F03Q10006098|200504|100652.84|0|026|334|||||6.250|0.00||||||||||||||||||||100652.84
F03Q10006098|200505|100539.80|0|027|333|||||6.250|0.00||||||||||||||||||||100539.80
F03Q10006098|200506|100426.17|0|028|332|||||6.250|0.00||||||||||||||||||||100426.17
F03Q10006098|200507|100311.95|0|029|331|||||6.250|0.00||||||||||||||||||||100311.95
F03Q10006098|200508|100197.14|0|030|330|||||6.250|0.00||||||||||||||||||||100197.14
F03Q10006098|200509|100081.73|0|031|329|||||6.250|0.00||||||||||||||||||||100081.73
F03Q10006098|200510|99965.72|0|032|328|||||6.250|0.00||||||||||||||||||||99965.72
F03Q10006098|200511|99849.10|0|033|327|||||6.250|0.00||||||||||||||||||||99849.10
F03Q10006098|200512|99731.88|0|034|326|||||6.250|0.00||||||||||||||||||||99731.88
F03Q10006098|200601|99614.05|0|035|325|||||6.250|0.00||||||||||||||||||||99614.05
F03Q10006098|200602|99495.60|0|036|324|||||6.250|0.00||||||||||||||||||||99495.60
F03Q10006098|200603|99376.54|0|037|323|||||6.250|0.00||||||||||||||||||||99376.54
F03Q10006098|200604|99256.86|0|038|322|||||6.250|0.00||||||||||||||||||||99256.86
F03Q10006098|200605|99136.55|0|039|321|||||6.250|0.00||||||||||||||||||||99136.55
F03Q10006098|200606|99015.62|0|040|320|||||6.250|0.00||||||||||||||||||||99015.62
F03Q10006098|200607|98894.06|0|041|319|||||6.250|0.00||||||||||||||||||||98894.06
F03Q10006098|200608|98771.86|0|042|318|||||6.250|0.00||||||||||||||||||||98771.86
F03Q10006098|200609|98649.03|0|043|317|||||6.250|0.00||||||||||||||||||||98649.03
F03Q10006098|200610|98525.56|0|044|316|||||6.250|0.00||||||||||||||||||||98525.56
F03Q10006098|200611|98401.44|0|045|315|||||6.250|0.00||||||||||||||||||||98401.44
F03Q10006098|200612|98276.68|0|046|314|||||6.250|0.00||||||||||||||||||||98276.68
F03Q10006098|200701|98151.27|0|047|313|||||6.250|0.00||||||||||||||||||||98151.27
F03Q10006098|200702|98025.20|0|048|312|||||6.250|0.00||||||||||||||||||||98025.20
F03Q10006098|200703|97898.48|0|049|311|||||6.250|0.00||||||||||||||||||||97898.48
F03Q10006098|200704|97771.10|0|050|310|||||6.250|0.00||||||||||||||||||||97771.10
F03Q10006098|200705|97643.05|0|051|309|||||6.250|0.00||||||||||||||||||||97643.05
F03Q10006098|200706|97514.34|0|052|308|||||6.250|0.00||||||||||||||||||||97514.34
F03Q10006098|200707|97384.96|0|053|307|||||6.250|0.00||||||||||||||||||||97384.96
F03Q10006098|200708|97254.90|0|054|306|||||6.250|0.00||||||||||||||||||||97254.90
F03Q10006098|200709|97124.17|0|055|305|||||6.250|0.00||||||||||||||||||||97124.17
F03Q10006098|200710|96992.76|0|056|304|||||6.250|0.00||||||||||||||||||||96992.76
F03Q10006098|200711|96860.66|0|057|303|||||6.250|0.00||||||||||||||||||||96860.66
F03Q10006098|200712|96727.87|0|058|302|||||6.250|0.00||||||||||||||||||||96727.87
F03Q10006098|200801|96594.39|0|059|301|||||6.250|0.00||||||||||||||||||||96594.39
F03Q10006098|200802|96460.22|0|060|300|||||6.250|0.00||||||||||||||||||||96460.22
F03Q10006098|200803|96325.35|0|061|299|||||6.250|0.00||||||||||||||||||||96325.35
F03Q10006098|200804|96189.77|0|062|298|||||6.250|0.00||||||||||||||||||||96189.77
F03Q10006098|200805|96053.49|0|063|297|||||6.250|0.00||||||||||||||||||||96053.49
F03Q10006098|200806|95916.50|0|064|296|||||6.250|0.00||||||||||||||||||||95916.50
F03Q10006098|200807|95778.80|0|065|295|||||6.250|0.00||||||||||||||||||||95778.80
F03Q10006098|200808|95640.38|0|066|294|||||6.250|0.00||||||||||||||||||||95640.38
F03Q10006098|200809|95501.24|0|067|293|||||6.250|0.00||||||||||||||||||||95501.24
F03Q10006098|200810|95361.37|0|068|292|||||6.250|0.00||||||||||||||||||||95361.37
F03Q10006098|200811|95220.77|0|069|291|||||6.250|0.00||||||||||||||||||||95220.77
F03Q10006098|200812|95079.44|0|070|290|||||6.250|0.00||||||||||||||||||||95079.44
F03Q10006098|200901|94937.38|0|071|289|||||6.250|0.00||||||||||||||||||||94937.38
F03Q10006098|200902|94794.58|0|072|288|||||6.250|0.00||||||||||||||||||||94794.58
F03Q10006098|200903|0.00|0|073|287|||01|200903|6.250|0.00|||||||||||||||94794.58|||||0.00
F03Q10006124|200302|81000.00|0|000|177|||||5.500|0.00||||||||||||||||||||81000.00
F03Q10006124|200303|81000.00|0|001|176|||||5.500|0.00||||||||||||||||||||81000.00
F03Q10006124|200304|81000.00|0|002|175|||||5.500|0.00||||||||||||||||||||81000.00
F03Q10006124|200305|0.00|0|003|174|||01|200305|5.500|0.00|||||||||||||||80590.49|||||0.00
F03Q10006128|200302|231000.00|0|000|360|||||6.000|0.00||||||||||||||||||||231000.00
F03Q10006128|200303|231000.00|0|001|359|||||6.000|0.00||||||||||||||||||||231000.00
F03Q10006128|200304|231000.00|0|002|358|||||6.000|0.00||||||||||||||||||||231000.00
F03Q10006128|200305|230000.00|0|003|357|||||6.000|0.00||||||||||||||||||||230000.00
F03Q10006128|200306|230000.00|0|004|356|||||6.000|0.00||||||||||||||||||||230000.00
F03Q10006128|200307|0.00|0|005|355|||01|200307|6.000|0.00|||||||||||||||230073.19|||||0.00
F03Q10006132|200302|117000.00|0|000|360|||||5.875|0.00||||||||||||||||||||117000.00
F03Q10006132|200303|117000.00|0|001|359|||||5.875|0.00||||||||||||||||||||117000.00
F03Q10006132|200304|116000.00|0|002|358|||||5.875|0.00||||||||||||||||||||116000.00
F03Q10006132|200305|116000.00|0|003|357|||||5.875|0.00||||||||||||||||||||116000.00
F03Q10006132|200306|116000.00|0|004|356|||||5.875|0.00||||||||||||||||||||116000.00
F03Q10006132|200307|116000.00|0|005|355|||||5.875|0.00||||||||||||||||||||116000.00
F03Q10006132|200308|116000.00|0|006|354|||||5.875|0.00||||||||||||||||||||116000.00
F03Q10006132|200309|115854.77|0|007|353|||||5.875|0.00||||||||||||||||||||115854.77
F03Q10006132|200310|115731.65|0|008|352|||||5.875|0.00||||||||||||||||||||115731.65
F03Q10006132|200311|115607.92|0|009|351|||||5.875|0.00||||||||||||||||||||115607.92
F03Q10006132|200312|115483.59|0|010|350|||||5.875|0.00||||||||||||||||||||115483.59
F03Q10006132|200401|115358.65|0|011|349|||||5.875|0.00||||||||||||||||||||115358.65
F03Q10006132|200402|114067.42|0|012|348|||||5.875|0.00||||||||||||||||||||114067.42
F03Q10006132|200403|113935.55|0|013|347|||||5.875|0.00||||||||||||||||||||113935.55
F03Q10006132|200404|113803.03|0|014|346|||||5.875|0.00||||||||||||||||||||113803.03
F03Q10006132|200405|113669.86|0|015|345|||||5.875|0.00||||||||||||||||||||113669.86
F03Q10006132|200406|113669.86|0|016|344|||||5.875|0.00||||||||||||||||||||113669.86
F03Q10006132|200407|113401.56|0|017|343|||||5.875|0.00||||||||||||||||||||113401.56
F03Q10006132|200408|113266.43|0|018|342|||||5.875|0.00||||||||||||||||||||113266.43
F03Q10006132|200409|113130.63|0|019|341|||||5.875|0.00||||||||||||||||||||113130.63
F03Q10006132|200410|112994.17|0|020|340|||||5.875|0.00||||||||||||||||||||112994.17
F03Q10006132|200411|112857.04|0|021|339|||||5.875|0.00||||||||||||||||||||112857.04
F03Q10006132|200412|112719.24|0|022|338|||||5.875|0.00||||||||||||||||||||112719.24
F03Q10006132|200501|112580.76|0|023|337|||||5.875|0.00||||||||||||||||||||112580.76
F03Q10006132|200502|112441.61|0|024|336|||||5.875|0.00||||||||||||||||||||112441.61
F03Q10006132|200503|112301.78|0|025|335|||||5.875|0.00||||||||||||||||||||112301.78
F03Q10006132|200504|112161.26|0|026|334|||||5.875|0.00||||||||||||||||||||112161.26
F03Q10006132|200505|112020.05|0|027|333|||||5.875|0.00||||||||||||||||||||112020.05
F03Q10006132|200506|111878.15|0|028|332|||||5.875|0.00||||||||||||||||||||111878.15
F03Q10006132|200507|111735.56|0|029|331|||||5.875|0.00||||||||||||||||||||111735.56
F03Q10006132|200508|111592.27|0|030|330|||||5.875|0.00||||||||||||||||||||111592.27
F03Q10006132|200509|111448.28|0|031|329|||||5.875|0.00||||||||||||||||||||111448.28
F03Q10006132|200510|111303.58|0|032|328|||||5.875|0.00||||||||||||||||||||111303.58
F03Q10006132|200511|111158.17|0|033|327|||||5.875|0.00||||||||||||||||||||111158.17
F03Q10006132|200512|111012.05|0|034|326|||||5.875|0.00||||||||||||||||||||111012.05
F03Q10006132|200601|110865.22|0|035|325|||||5.875|0.00||||||||||||||||||||110865.22
F03Q10006132|200602|110717.67|0|036|324|||||5.875|0.00||||||||||||||||||||110717.67
F03Q10006132|200603|110569.40|0|037|323|||||5.875|0.00||||||||||||||||||||110569.40
F03Q10006132|200604|110420.40|0|038|322|||||5.875|0.00||||||||||||||||||||110420.40
F03Q10006132|200605|110270.67|0|039|321|||||5.875|0.00||||||||||||||||||||110270.67
F03Q10006132|200606|110120.21|0|040|320|||||5.875|0.00||||||||||||||||||||110120.21
F03Q10006132|200607|109969.01|0|041|319|||||5.875|0.00||||||||||||||||||||109969.01
F03Q10006132|200608|109817.07|0|042|318|||||5.875|0.00||||||||||||||||||||109817.07
F03Q10006132|200609|109664.39|0|043|317|||||5.875|0.00||||||||||||||||||||109664.39
F03Q10006132|200610|109510.96|0|044|316|||||5.875|0.00||||||||||||||||||||109510.96
F03Q10006132|200611|109356.78|0|045|315|||||5.875|0.00||||||||||||||||||||109356.78
F03Q10006132|200612|109201.84|0|046|314|||||5.875|0.00||||||||||||||||||||109201.84
F03Q10006132|200701|109046.14|0|047|313|||||5.875|0.00||||||||||||||||||||109046.14
F03Q10006132|200702|108889.68|0|048|312|||||5.875|0.00||||||||||||||||||||108889.68
F03Q10006132|200703|108732.46|0|049|311|||||5.875|0.00||||||||||||||||||||108732.46
F03Q10006132|200704|108574.47|0|050|310|||||5.875|0.00||||||||||||||||||||108574.47
F03Q10006132|200705|108415.70|0|051|309|||||5.875|0.00||||||||||||||||||||108415.70
F03Q10006132|200706|108256.16|0|052|308|||||5.875|0.00||||||||||||||||||||108256.16
F03Q10006132|200707|108095.83|0|053|307|||||5.875|0.00||||||||||||||||||||108095.83
F03Q10006132|200708|107934.72|0|054|306|||||5.875|0.00||||||||||||||||||||107934.72
F03Q10006132|200709|107772.82|0|055|305|||||5.875|0.00||||||||||||||||||||107772.82
F03Q10006132|200710|107610.13|0|056|304|||||5.875|0.00||||||||||||||||||||107610.13
F03Q10006132|200711|107446.64|0|057|303|||||5.875|0.00||||||||||||||||||||107446.64
F03Q10006132|200712|107282.35|0|058|302|||||5.875|0.00||||||||||||||||||||107282.35
F03Q10006132|200801|107117.26|0|059|301|||||5.875|0.00||||||||||||||||||||107117.26
F03Q10006132|200802|106951.36|0|060|300|||||5.875|0.00||||||||||||||||||||106951.36
F03Q10006132|200803|106784.65|0|061|299|||||5.875|0.00||||||||||||||||||||106784.65
F03Q10006132|200804|106617.12|0|062|298|||||5.875|0.00||||||||||||||||||||106617.12
F03Q10006132|200805|106448.77|0|063|297|||||5.875|0.00||||||||||||||||||||106448.77
F03Q10006132|200806|106279.60|0|064|296|||||5.875|0.00||||||||||||||||||||106279.60
F03Q10006132|200807|106109.60|0|065|295|||||5.875|0.00||||||||||||||||||||106109.60
F03Q10006132|200808|105938.76|0|066|294|||||5.875|0.00||||||||||||||||||||105938.76
F03Q10006132|200809|105767.09|0|067|293|||||5.875|0.00||||||||||||||||||||105767.09
F03Q10006132|200810|105594.58|0|068|292|||||5.875|0.00||||||||||||||||||||105594.58
F03Q10006132|200811|105421.22|0|069|291|||||5.875|0.00||||||||||||||||||||105421.22
F03Q10006132|200812|105247.01|0|070|290|||||5.875|0.00||||||||||||||||||||105247.01
F03Q10006132|200901|105071.95|0|071|289|||||5.875|0.00||||||||||||||||||||105071.95
F03Q10006132|200902|104896.03|0|072|288|||||5.875|0.00||||||||||||||||||||104896.03
F03Q10006132|200903|104719.25|0|073|287|||||5.875|0.00||||||||||||||||||||104719.25
F03Q10006132|200904|104541.61|0|074|286|||||5.875|0.00||||||||||||||||||||104541.61
F03Q10006132|200905|104363.10|0|075|285|||||5.875|0.00||||||||||||||||||||104363.10
F03Q10006132|200906|104183.71|0|076|284|||||5.875|0.00||||||||||||||||||||104183.71
F03Q10006132|200907|104003.45|0|077|283|||||5.875|0.00||||||||||||||||||||104003.45
F03Q10006132|200908|103822.30|0|078|282|||||5.875|0.00||||||||||||||||||||103822.30
F03Q10006132|200909|103640.27|0|079|281|||||5.875|0.00||||||||||||||||||||103640.27
F03Q10006132|200910|103457.35|0|080|280|||||5.875|0.00||||||||||||||||||||103457.35
F03Q10006132|200911|103273.53|0|081|279|||||5.875|0.00||||||||||||||||||||103273.53
F03Q10006132|200912|103088.81|0|082|278|||||5.875|0.00||||||||||||||||||||103088.81
F03Q10006132|201001|102903.19|0|083|277|||||5.875|0.00||||||||||||||||||||102903.19
F03Q10006132|201002|102716.66|0|084|276|||||5.875|0.00||||||||||||||||||||102716.66
F03Q10006132|201003|102529.21|0|085|275|||||5.875|0.00||||||||||||||||||||102529.21
F03Q10006132|201004|102340.85|0|086|274|||||5.875|0.00||||||||||||||||||||102340.85
F03Q10006132|201005|102151.56|0|087|273|||||5.875|0.00||||||||||||||||||||102151.56
F03Q10006132|201006|101961.35|0|088|272|||||5.875|0.00||||||||||||||||||||101961.35
F03Q10006132|201007|101770.21|0|089|271|||||5.875|0.00||||||||||||||||||||101770.21
F03Q10006132|201008|101578.13|0|090|270|||||5.875|0.00||||||||||||||||||||101578.13
F03Q10006132|201009|101385.11|0|091|269|||||5.875|0.00||||||||||||||||||||101385.11
F03Q10006132|201010|101385.11|0|092|268|||||5.875|0.00||||||||||||||||||||101385.11
F03Q10006132|201011|100996.22|0|093|267|||||5.875|0.00||||||||||||||||||||100996.22
F03Q10006132|201012|100800.35|0|094|266|||||5.875|0.00||||||||||||||||||||100800.35
F03Q10006132|201101|99909.81|0|095|265|||||5.875|0.00||||||||||||||||||||99909.81
F03Q10006132|201102|99708.62|0|096|264|||||5.875|0.00||||||||||||||||||||99708.62
F03Q10006132|201103|99506.45|0|097|263|||||5.875|0.00||||||||||||||||||||99506.45
F03Q10006132|201104|99303.29|0|098|262|||||5.875|0.00||||||||||||||||||||99303.29
F03Q10006132|201105|99099.13|0|099|261|||||5.875|0.00||||||||||||||||||||99099.13
F03Q10006132|201106|98893.97|0|100|260|||||5.875|0.00||||||||||||||||||||98893.97
F03Q10006132|201107|98687.81|0|101|259|||||5.875|0.00||||||||||||||||||||98687.81
F03Q10006132|201108|98480.64|0|102|258|||||5.875|0.00||||||||||||||||||||98480.64
F03Q10006132|201109|98272.45|0|103|257|||||5.875|0.00||||||||||||||||||||98272.45
F03Q10006132|201110|98063.25|0|104|256|||||5.875|0.00||||||||||||||||||||98063.25
F03Q10006132|201111|97853.02|0|105|255|||||5.875|0.00||||||||||||||||||||97853.02
F03Q10006132|201112|97641.76|0|106|254|||||5.875|0.00||||||||||||||||||||97641.76
F03Q10006132|201201|97429.47|0|107|253|||||5.875|0.00||||||||||||||||||||97429.47
F03Q10006132|201202|97216.14|0|108|252|||||5.875|0.00||||||||||||||||||||97216.14
F03Q10006132|201203|97001.76|0|109|251|||||5.875|0.00||||||||||||||||||||97001.76
F03Q10006132|201204|0.00|0|110|250|||01|201204|5.875|0.00|||||||||||||||97001.76|||||0.00
F03Q10006182|200302|182000.00|0|000|180|||||5.750|0.00||||||||||||||||||||182000.00
F03Q10006182|200303|181000.00|0|001|179|||||5.750|0.00||||||||||||||||||||181000.00
F03Q10006182|200304|180000.00|0|002|178|||||5.750|0.00||||||||||||||||||||180000.00
F03Q10006182|200305|180000.00|0|003|177|||||5.750|0.00||||||||||||||||||||180000.00
F03Q10006182|200306|180000.00|0|004|176|||||5.750|0.00||||||||||||||||||||180000.00
F03Q10006182|200307|178000.00|0|005|175|||||5.750|0.00||||||||||||||||||||178000.00
F03Q10006182|200308|178000.00|0|006|174|||||5.750|0.00||||||||||||||||||||178000.00
F03Q10006182|200309|176972.82|0|007|173|||||5.750|0.00||||||||||||||||||||176972.82
F03Q10006182|200310|176313.62|0|008|172|||||5.750|0.00||||||||||||||||||||176313.62
F03Q10006182|200311|175651.27|0|009|171|||||5.750|0.00||||||||||||||||||||175651.27
F03Q10006182|200312|0.00|0|010|170|||01|200312|5.750|0.00|||||||||||||||175651.27|||||0.00
F03Q10006226|200302|180000.00|0|000|180|||||5.550|0.00||||||||||||||||||||180000.00
F03Q10006226|200303|179000.00|0|001|179|||||5.550|0.00||||||||||||||||||||179000.00
F03Q10006226|200304|179000.00|0|002|178|||||5.550|0.00||||||||||||||||||||179000.00
F03Q10006226|200305|178000.00|0|003|177|||||5.550|0.00||||||||||||||||||||178000.00
F03Q10006226|200306|177000.00|0|004|176|||||5.550|0.00||||||||||||||||||||177000.00
F03Q10006226|200307|177000.00|0|005|175|||||5.550|0.00||||||||||||||||||||177000.00
F03Q10006226|200308|176000.00|0|006|174|||||5.550|0.00||||||||||||||||||||176000.00
F03Q10006226|200309|175312.36|0|007|173|||||5.550|0.00||||||||||||||||||||175312.36
F03Q10006226|200310|174623.18|0|008|172|||||5.550|0.00||||||||||||||||||||174623.18
F03Q10006226|200311|173930.81|0|009|171|||||5.550|0.00||||||||||||||||||||173930.81
F03Q10006226|200312|173235.24|0|010|170|||||5.550|0.00||||||||||||||||||||173235.24
F03Q10006226|200401|172436.45|0|011|169|||||5.550|0.00||||||||||||||||||||172436.45
F03Q10006226|200402|171633.97|0|012|168|||||5.550|0.00||||||||||||||||||||171633.97
F03Q10006226|200403|170827.78|0|013|167|||||5.550|0.00||||||||||||||||||||170827.78
F03Q10006226|200404|170017.86|0|014|166|||||5.550|0.00||||||||||||||||||||170017.86
F03Q10006226|200405|169204.19|0|015|165|||||5.550|0.00||||||||||||||||||||169204.19
F03Q10006226|200406|168386.76|0|016|164|||||5.550|0.00||||||||||||||||||||168386.76
F03Q10006226|200407|167565.55|0|017|163|||||5.550|0.00||||||||||||||||||||167565.55
F03Q10006226|200408|166740.54|0|018|162|||||5.550|0.00||||||||||||||||||||166740.54
F03Q10006226|200409|165911.71|0|019|161|||||5.550|0.00||||||||||||||||||||165911.71
F03Q10006226|200410|165079.05|0|020|160|||||5.550|0.00||||||||||||||||||||165079.05
F03Q10006226|200411|164242.54|0|021|159|||||5.550|0.00||||||||||||||||||||164242.54
F03Q10006226|200412|163402.16|0|022|158|||||5.550|0.00||||||||||||||||||||163402.16
F03Q10006226|200501|162557.89|0|023|157|||||5.550|0.00||||||||||||||||||||162557.89
F03Q10006226|200502|161709.72|0|024|156|||||5.550|0.00||||||||||||||||||||161709.72
F03Q10006226|200503|160857.63|0|025|155|||||5.550|0.00||||||||||||||||||||160857.63
F03Q10006226|200504|160001.60|0|026|154|||||5.550|0.00||||||||||||||||||||160001.60
F03Q10006226|200505|159141.61|0|027|153|||||5.550|0.00||||||||||||||||||||159141.61
F03Q10006226|200506|158277.64|0|028|152|||||5.550|0.00||||||||||||||||||||158277.64
F03Q10006226|200507|157409.67|0|029|151|||||5.550|0.00||||||||||||||||||||157409.67
F03Q10006226|200508|156537.69|0|030|150|||||5.550|0.00||||||||||||||||||||156537.69
F03Q10006226|200509|155661.68|0|031|149|||||5.550|0.00||||||||||||||||||||155661.68
F03Q10006226|200510|154781.62|0|032|148|||||5.550|0.00||||||||||||||||||||154781.62
F03Q10006226|200511|153897.48|0|033|147|||||5.550|0.00||||||||||||||||||||153897.48
F03Q10006226|200512|153009.26|0|034|146|||||5.550|0.00||||||||||||||||||||153009.26
F03Q10006226|200601|152116.93|0|035|145|||||5.550|0.00||||||||||||||||||||152116.93
F03Q10006226|200602|151220.47|0|036|144|||||5.550|0.00||||||||||||||||||||151220.47
F03Q10006226|200603|150444.33|0|037|143|||||5.550|0.00||||||||||||||||||||150444.33
F03Q10006226|200604|149664.61|0|038|142|||||5.550|0.00||||||||||||||||||||149664.61
F03Q10006226|200605|148881.28|0|039|141|||||5.550|0.00||||||||||||||||||||148881.28
F03Q10006226|200606|148094.33|0|040|140|||||5.550|0.00||||||||||||||||||||148094.33
F03Q10006226|200607|147303.74|0|041|139|||||5.550|0.00||||||||||||||||||||147303.74
F03Q10006226|200608|0.00|0|042|138|||01|200608|5.550|0.00|||||||||||||||147303.74|||||0.00
F03Q10006234|200302|119000.00|0|000|180|||||6.000|0.00||||||||||||||||||||119000.00
F03Q10006234|200303|118000.00|0|001|179|||||6.000|0.00||||||||||||||||||||118000.00
F03Q10006234|200304|118000.00|0|002|178|||||6.000|0.00||||||||||||||||||||118000.00
F03Q10006234|200305|118000.00|0|003|177|||||6.000|0.00||||||||||||||||||||118000.00
F03Q10006234|200306|117000.00|0|004|176|||||6.000|0.00||||||||||||||||||||117000.00
F03Q10006234|200307|117000.00|0|005|175|||||6.000|0.00||||||||||||||||||||117000.00
F03Q10006234|200308|116000.00|0|006|174|||||6.000|0.00||||||||||||||||||||116000.00
F03Q10006234|200309|0.00|0|007|173|||01|200309|6.000|0.00|||||||||||||||116416.04|||||0.00
F03Q10006235|200302|99000.00|0|000|240|||||6.000|0.00||||||||||||||||||||99000.00
F03Q10006235|200303|99000.00|0|001|239|||||6.000|0.00||||||||||||||||||||99000.00
F03Q10006235|200304|99000.00|0|002|238|||||6.000|0.00||||||||||||||||||||99000.00
F03Q10006235|200305|98000.00|0|003|237|||||6.000|0.00||||||||||||||||||||98000.00
F03Q10006235|200306|98000.00|0|004|236|||||6.000|0.00||||||||||||||||||||98000.00
F03Q10006235|200307|98000.00|0|005|235|||||6.000|0.00||||||||||||||||||||98000.00
F03Q10006235|200308|98000.00|0|006|234|||||6.000|0.00||||||||||||||||||||98000.00
F03Q10006235|200309|97556.53|0|007|233|||||6.000|0.00||||||||||||||||||||97556.53
F03Q10006235|200310|97334.47|0|008|232|||||6.000|0.00||||||||||||||||||||97334.47
F03Q10006235|200311|97111.30|0|009|231|||||6.000|0.00||||||||||||||||||||97111.30
F03Q10006235|200312|96887.02|0|010|230|||||6.000|0.00||||||||||||||||||||96887.02
F03Q10006235|200401|96661.62|0|011|229|||||6.000|0.00||||||||||||||||||||96661.62
F03Q10006235|200402|96435.09|0|012|228|||||6.000|0.00||||||||||||||||||||96435.09
F03Q10006235|200403|96207.43|0|013|227|||||6.000|0.00||||||||||||||||||||96207.43
F03Q10006235|200404|95978.63|0|014|226|||||6.000|0.00||||||||||||||||||||95978.63
F03Q10006235|200405|95748.68|0|015|225|||||6.000|0.00||||||||||||||||||||95748.68
F03Q10006235|200406|95517.58|0|016|224|||||6.000|0.00||||||||||||||||||||95517.58
F03Q10006235|200407|95285.33|0|017|223|||||6.000|0.00||||||||||||||||||||95285.33
F03Q10006235|200408|95051.92|0|018|222|||||6.000|0.00||||||||||||||||||||95051.92
F03Q10006235|200409|94817.34|0|019|221|||||6.000|0.00||||||||||||||||||||94817.34
F03Q10006235|200410|94581.59|0|020|220|||||6.000|0.00||||||||||||||||||||94581.59
F03Q10006235|200411|94344.66|0|021|219|||||6.000|0.00||||||||||||||||||||94344.66
F03Q10006235|200412|94106.54|0|022|218|||||6.000|0.00||||||||||||||||||||94106.54
F03Q10006235|200501|93867.23|0|023|217|||||6.000|0.00||||||||||||||||||||93867.23
F03Q10006235|200502|93626.73|0|024|216|||||6.000|0.00||||||||||||||||||||93626.73
F03Q10006235|200503|93385.02|0|025|215|||||6.000|0.00||||||||||||||||||||93385.02
F03Q10006235|200504|93142.11|0|026|214|||||6.000|0.00||||||||||||||||||||93142.11
F03Q10006235|200505|92897.98|0|027|213|||||6.000|0.00||||||||||||||||||||92897.98
F03Q10006235|200506|92652.63|0|028|212|||||6.000|0.00||||||||||||||||||||92652.63
F03Q10006235|200507|92406.05|0|029|211|||||6.000|0.00||||||||||||||||||||92406.05
F03Q10006235|200508|92158.24|0|030|210|||||6.000|0.00||||||||||||||||||||92158.24
F03Q10006235|200509|91909.19|0|031|209|||||6.000|0.00||||||||||||||||||||91909.19
F03Q10006235|200510|91658.90|0|032|208|||||6.000|0.00||||||||||||||||||||91658.90
F03Q10006235|200511|91407.35|0|033|207|||||6.000|0.00||||||||||||||||||||91407.35
F03Q10006235|200512|91154.55|0|034|206|||||6.000|0.00||||||||||||||||||||91154.55
F03Q10006235|200601|90900.48|0|035|205|||||6.000|0.00||||||||||||||||||||90900.48
F03Q10006235|200602|90645.14|0|036|204|||||6.000|0.00||||||||||||||||||||90645.14
F03Q10006235|200603|90388.53|0|037|203|||||6.000|0.00||||||||||||||||||||90388.53
F03Q10006235|200604|90130.63|0|038|202|||||6.000|0.00||||||||||||||||||||90130.63
F03Q10006235|200605|89871.44|0|039|201|||||6.000|0.00||||||||||||||||||||89871.44
F03Q10006235|200606|89610.96|0|040|200|||||6.000|0.00||||||||||||||||||||89610.96
F03Q10006235|200607|89349.17|0|041|199|||||6.000|0.00||||||||||||||||||||89349.17
F03Q10006235|200608|89086.08|0|042|198|||||6.000|0.00||||||||||||||||||||89086.08
F03Q10006235|200609|88821.67|0|043|197|||||6.000|0.00||||||||||||||||||||88821.67
F03Q10006235|200610|88555.94|0|044|196|||||6.000|0.00||||||||||||||||||||88555.94
F03Q10006235|200611|88288.88|0|045|195|||||6.000|0.00||||||||||||||||||||88288.88
F03Q10006235|200612|88020.48|0|046|194|||||6.000|0.00||||||||||||||||||||88020.48
F03Q10006235|200701|87750.74|0|047|193|||||6.000|0.00||||||||||||||||||||87750.74
F03Q10006235|200702|87479.65|0|048|192|||||6.000|0.00||||||||||||||||||||87479.65
F03Q10006235|200703|87207.21|0|049|191|||||6.000|0.00||||||||||||||||||||87207.21
F03Q10006235|200704|86933.41|0|050|190|||||6.000|0.00||||||||||||||||||||86933.41
F03Q10006235|200705|86658.24|0|051|189|||||6.000|0.00||||||||||||||||||||86658.24
F03Q10006235|200706|86381.69|0|052|188|||||6.000|0.00||||||||||||||||||||86381.69
F03Q10006235|200707|86103.76|0|053|187|||||6.000|0.00||||||||||||||||||||86103.76
F03Q10006235|200708|85824.44|0|054|186|||||6.000|0.00||||||||||||||||||||85824.44
F03Q10006235|200709|85543.72|0|055|185|||||6.000|0.00||||||||||||||||||||85543.72
F03Q10006235|200710|85261.60|0|056|184|||||6.000|0.00||||||||||||||||||||85261.60
F03Q10006235|200711|84978.07|0|057|183|||||6.000|0.00||||||||||||||||||||84978.07
F03Q10006235|200712|84693.12|0|058|182|||||6.000|0.00||||||||||||||||||||84693.12
F03Q10006235|200801|84406.75|0|059|181|||||6.000|0.00||||||||||||||||||||84406.75
F03Q10006235|200802|84118.94|0|060|180|||||6.000|0.00||||||||||||||||||||84118.94
F03Q10006235|200803|83829.69|0|061|179|||||6.000|0.00||||||||||||||||||||83829.69
F03Q10006235|200804|83539.00|0|062|178|||||6.000|0.00||||||||||||||||||||83539.00
F03Q10006235|200805|83246.86|0|063|177|||||6.000|0.00||||||||||||||||||||83246.86
F03Q10006235|200806|82953.25|0|064|176|||||6.000|0.00||||||||||||||||||||82953.25
F03Q10006235|200807|82658.18|0|065|175|||||6.000|0.00||||||||||||||||||||82658.18
F03Q10006235|200808|82361.63|0|066|174|||||6.000|0.00||||||||||||||||||||82361.63
F03Q10006235|200809|82063.60|0|067|173|||||6.000|0.00||||||||||||||||||||82063.60
F03Q10006235|200810|81764.08|0|068|172|||||6.000|0.00||||||||||||||||||||81764.08
F03Q10006235|200811|81463.06|0|069|171|||||6.000|0.00||||||||||||||||||||81463.06
F03Q10006235|200812|0.00|0|070|170|||01|200812|6.000|0.00|||||||||||||||81463.06|||||0.00
F03Q10006252|200302|80000.00|0|000|360|||||6.125|0.00||||||||||||||||||||80000.00
F03Q10006252|200303|80000.00|0|001|359|||||6.125|0.00||||||||||||||||||||80000.00
F03Q10006252|200304|80000.00|0|002|358|||||6.125|0.00||||||||||||||||||||80000.00
F03Q10006252|200305|80000.00|0|003|357|||||6.125|0.00||||||||||||||||||||80000.00
F03Q10006252|200306|80000.00|0|004|356|||||6.125|0.00||||||||||||||||||||80000.00
F03Q10006252|200307|80000.00|0|005|355|||||6.125|0.00||||||||||||||||||||80000.00
F03Q10006252|200308|80000.00|0|006|354|||||6.125|0.00||||||||||||||||||||80000.00
F03Q10006252|200309|79447.30|0|007|353|||||6.125|0.00||||||||||||||||||||79447.30
F03Q10006252|200310|79366.72|0|008|352|||||6.125|0.00||||||||||||||||||||79366.72
F03Q10006252|200311|79285.73|0|009|351|||||6.125|0.00||||||||||||||||||||79285.73
F03Q10006252|200312|79204.33|0|010|350|||||6.125|0.00||||||||||||||||||||79204.33
F03Q10006252|200401|79122.51|0|011|349|||||6.125|0.00||||||||||||||||||||79122.51
F03Q10006252|200402|79040.27|0|012|348|||||6.125|0.00||||||||||||||||||||79040.27
F03Q10006252|200403|78957.61|0|013|347|||||6.125|0.00||||||||||||||||||||78957.61
F03Q10006252|200404|78874.53|0|014|346|||||6.125|0.00||||||||||||||||||||78874.53
F03Q10006252|200405|78791.03|0|015|345|||||6.125|0.00||||||||||||||||||||78791.03
F03Q10006252|200406|78707.10|0|016|344|||||6.125|0.00||||||||||||||||||||78707.10
F03Q10006252|200407|78622.74|0|017|343|||||6.125|0.00||||||||||||||||||||78622.74
F03Q10006252|200408|78537.95|0|018|342|||||6.125|0.00||||||||||||||||||||78537.95
F03Q10006252|200409|78452.73|0|019|341|||||6.125|0.00||||||||||||||||||||78452.73
F03Q10006252|200410|78367.08|0|020|340|||||6.125|0.00||||||||||||||||||||78367.08
F03Q10006252|200411|78280.99|0|021|339|||||6.125|0.00||||||||||||||||||||78280.99
F03Q10006252|200412|78194.46|0|022|338|||||6.125|0.00||||||||||||||||||||78194.46
F03Q10006252|200501|78107.49|0|023|337|||||6.125|0.00||||||||||||||||||||78107.49
F03Q10006252|200502|78020.07|0|024|336|||||6.125|0.00||||||||||||||||||||78020.07
F03Q10006252|200503|77932.21|0|025|335|||||6.125|0.00||||||||||||||||||||77932.21
F03Q10006252|200504|77843.90|0|026|334|||||6.125|0.00||||||||||||||||||||77843.90
F03Q10006252|200505|77755.14|0|027|333|||||6.125|0.00||||||||||||||||||||77755.14
F03Q10006252|200506|77665.93|0|028|332|||||6.125|0.00||||||||||||||||||||77665.93
F03Q10006252|200507|77576.26|0|029|331|||||6.125|0.00||||||||||||||||||||77576.26
F03Q10006252|200508|77486.13|0|030|330|||||6.125|0.00||||||||||||||||||||77486.13
F03Q10006252|200509|77395.54|0|031|329|||||6.125|0.00||||||||||||||||||||77395.54
F03Q10006252|200510|77304.49|0|032|328|||||6.125|0.00||||||||||||||||||||77304.49
F03Q10006252|200511|77212.98|0|033|327|||||6.125|0.00||||||||||||||||||||77212.98
F03Q10006252|200512|77121.00|0|034|326|||||6.125|0.00||||||||||||||||||||77121.00
F03Q10006252|200601|77028.55|0|035|325|||||6.125|0.00||||||||||||||||||||77028.55
F03Q10006252|200602|76934.51|0|036|324|||||6.125|0.00||||||||||||||||||||76934.51
F03Q10006252|200603|76841.11|0|037|323|||||6.125|0.00||||||||||||||||||||76841.11
F03Q10006252|200604|76747.23|0|038|322|||||6.125|0.00||||||||||||||||||||76747.23
F03Q10006252|200605|76652.87|0|039|321|||||6.125|0.00||||||||||||||||||||76652.87
F03Q10006252|200606|76558.03|0|040|320|||||6.125|0.00||||||||||||||||||||76558.03
F03Q10006252|200607|76462.71|0|041|319|||||6.125|0.00||||||||||||||||||||76462.71
F03Q10006252|200608|76366.90|0|042|318|||||6.125|0.00||||||||||||||||||||76366.90
F03Q10006252|200609|76270.60|0|043|317|||||6.125|0.00||||||||||||||||||||76270.60
F03Q10006252|200610|76173.81|0|044|316|||||6.125|0.00||||||||||||||||||||76173.81
F03Q10006252|200611|76076.52|0|045|315|||||6.125|0.00||||||||||||||||||||76076.52
F03Q10006252|200612|75978.74|0|046|314|||||6.125|0.00||||||||||||||||||||75978.74
F03Q10006252|200701|75880.46|0|047|313|||||6.125|0.00||||||||||||||||||||75880.46
F03Q10006252|200702|75781.68|0|048|312|||||6.125|0.00||||||||||||||||||||75781.68
F03Q10006252|200703|75681.94|0|049|311|||||6.125|0.00||||||||||||||||||||75681.94
F03Q10006252|200704|75582.14|0|050|310|||||6.125|0.00||||||||||||||||||||75582.14
F03Q10006252|200705|75481.84|0|051|309|||||6.125|0.00||||||||||||||||||||75481.84
F03Q10006252|200706|75381.02|0|052|308|||||6.125|0.00||||||||||||||||||||75381.02
F03Q10006252|200707|75279.69|0|053|307|||||6.125|0.00||||||||||||||||||||75279.69
F03Q10006252|200708|75177.84|0|054|306|||||6.125|0.00||||||||||||||||||||75177.84
F03Q10006252|200709|75074.47|0|055|305|||||6.125|0.00||||||||||||||||||||75074.47
F03Q10006252|200710|74971.57|0|056|304|||||6.125|0.00||||||||||||||||||||74971.57
F03Q10006252|200711|74868.15|0|057|303|||||6.125|0.00||||||||||||||||||||74868.15
F03Q10006252|200712|74764.20|0|058|302|||||6.125|0.00||||||||||||||||||||74764.20
F03Q10006252|200801|74659.72|0|059|301|||||6.125|0.00||||||||||||||||||||74659.72
F03Q10006252|200802|74554.23|0|060|300|||||6.125|0.00||||||||||||||||||||74554.23
F03Q10006252|200803|74448.68|0|061|299|||||6.125|0.00||||||||||||||||||||74448.68
F03Q10006252|200804|74342.59|0|062|298|||||6.125|0.00||||||||||||||||||||74342.59
F03Q10006252|200805|74235.96|0|063|297|||||6.125|0.00||||||||||||||||||||74235.96
F03Q10006252|200806|74128.78|0|064|296|||||6.125|0.00||||||||||||||||||||74128.78
F03Q10006252|200807|74021.06|0|065|295|||||6.125|0.00||||||||||||||||||||74021.06
F03Q10006252|200808|73912.79|0|066|294|||||6.125|0.00||||||||||||||||||||73912.79
F03Q10006252|200809|73803.96|0|067|293|||||6.125|0.00||||||||||||||||||||73803.96
F03Q10006252|200810|73694.58|0|068|292|||||6.125|0.00||||||||||||||||||||73694.58
F03Q10006252|200811|73584.64|0|069|291|||||6.125|0.00||||||||||||||||||||73584.64
F03Q10006252|200812|73474.14|0|070|290|||||6.125|0.00||||||||||||||||||||73474.14
F03Q10006252|200901|73363.07|0|071|289|||||6.125|0.00||||||||||||||||||||73363.07
F03Q10006252|200902|73250.94|0|072|288|||||6.125|0.00||||||||||||||||||||73250.94
F03Q10006252|200903|73138.73|0|073|287|||||6.125|0.00||||||||||||||||||||73138.73
F03Q10006252|200904|73025.95|0|074|286|||||6.125|0.00||||||||||||||||||||73025.95
F03Q10006252|200905|72912.60|0|075|285|||||6.125|0.00||||||||||||||||||||72912.60
F03Q10006252|200906|72798.67|0|076|284|||||6.125|0.00||||||||||||||||||||72798.67
F03Q10006252|200907|72684.16|0|077|283|||||6.125|0.00||||||||||||||||||||72684.16
F03Q10006252|200908|72569.06|0|078|282|||||6.125|0.00||||||||||||||||||||72569.06
F03Q10006252|200909|72453.37|0|079|281|||||6.125|0.00||||||||||||||||||||72453.37
F03Q10006252|200910|72337.09|0|080|280|||||6.125|0.00||||||||||||||||||||72337.09
F03Q10006252|200911|72220.22|0|081|279|||||6.125|0.00||||||||||||||||||||72220.22
F03Q10006252|200912|72102.76|0|082|278|||||6.125|0.00||||||||||||||||||||72102.76
F03Q10006252|201001|71984.70|0|083|277|||||6.125|0.00||||||||||||||||||||71984.70
F03Q10006252|201002|71865.49|0|084|276|||||6.125|0.00||||||||||||||||||||71865.49
F03Q10006252|201003|71746.21|0|085|275|||||6.125|0.00||||||||||||||||||||71746.21
F03Q10006252|201004|71626.32|0|086|274|||||6.125|0.00||||||||||||||||||||71626.32
F03Q10006252|201005|71505.82|0|087|273|||||6.125|0.00||||||||||||||||||||71505.82
F03Q10006252|201006|71384.71|0|088|272|||||6.125|0.00||||||||||||||||||||71384.71
F03Q10006252|201007|71262.98|0|089|271|||||6.125|0.00||||||||||||||||||||71262.98
F03Q10006252|201008|71140.63|0|090|270|||||6.125|0.00||||||||||||||||||||71140.63
F03Q10006252|201009|71017.65|0|091|269|||||6.125|0.00||||||||||||||||||||71017.65
F03Q10006252|201010|70894.05|0|092|268|||||6.125|0.00||||||||||||||||||||70894.05
F03Q10006252|201011|70769.81|0|093|267|||||6.125|0.00||||||||||||||||||||70769.81
F03Q10006252|201012|70644.94|0|094|266|||||6.125|0.00||||||||||||||||||||70644.94
F03Q10006252|201101|70519.44|0|095|265|||||6.125|0.00||||||||||||||||||||70519.44
F03Q10006252|201102|70393.29|0|096|264|||||6.125|0.00||||||||||||||||||||70393.29
F03Q10006252|201103|70265.88|0|097|263|||||6.125|0.00||||||||||||||||||||70265.88
F03Q10006252|201104|70137.82|0|098|262|||||6.125|0.00||||||||||||||||||||70137.82
F03Q10006252|201105|70009.73|0|099|261|||||6.125|0.00||||||||||||||||||||70009.73
F03Q10006252|201106|69880.98|0|100|260|||||6.125|0.00||||||||||||||||||||69880.98
F03Q10006252|201107|69751.58|0|101|259|||||6.125|0.00||||||||||||||||||||69751.58
F03Q10006252|201108|69621.52|0|102|258|||||6.125|0.00||||||||||||||||||||69621.52
F03Q10006252|201109|69490.50|0|103|257|||||6.125|0.00||||||||||||||||||||69490.50
F03Q10006252|201110|69359.10|0|104|256|||||6.125|0.00||||||||||||||||||||69359.10
F03Q10006252|201111|69227.03|0|105|255|||||6.125|0.00||||||||||||||||||||69227.03
F03Q10006252|201112|69094.29|0|106|254|||||6.125|0.00||||||||||||||||||||69094.29
F03Q10006252|201201|68960.87|0|107|253|||||6.125|0.00||||||||||||||||||||68960.87
F03Q10006252|201202|68826.77|0|108|252|||||6.125|0.00||||||||||||||||||||68826.77
F03Q10006252|201203|68691.98|0|109|251|||||6.125|0.00||||||||||||||||||||68691.98
F03Q10006252|201204|68556.51|0|110|250|||||6.125|0.00||||||||||||||||||||68556.51
F03Q10006252|201205|68420.34|0|111|249|||||6.125|0.00||||||||||||||||||||68420.34
F03Q10006252|201206|68283.48|0|112|248|||||6.125|0.00||||||||||||||||||||68283.48
F03Q10006252|201207|68145.92|0|113|247|||||6.125|0.00||||||||||||||||||||68145.92
F03Q10006252|201208|68006.75|0|114|246|||||6.125|0.00||||||||||||||||||||68006.75
F03Q10006252|201209|67866.87|0|115|245|||||6.125|0.00||||||||||||||||||||67866.87
F03Q10006252|201210|67726.27|0|116|244|||||6.125|0.00||||||||||||||||||||67726.27
F03Q10006252|201211|67584.96|0|117|243|||||6.125|0.00||||||||||||||||||||67584.96
F03Q10006252|201212|67442.92|0|118|242|||||6.125|0.00||||||||||||||||||||67442.92
F03Q10006252|201301|67300.16|0|119|241|||||6.125|0.00||||||||||||||||||||67300.16
F03Q10006252|201302|67156.67|0|120|240|||||6.125|0.00||||||||||||||||||||67156.67
F03Q10006252|201303|67012.45|0|121|239|||||6.125|0.00||||||||||||||||||||67012.45
F03Q10006252|201304|66867.49|0|122|238|||||6.125|0.00||||||||||||||||||||66867.49
F03Q10006252|201305|66722.70|0|123|237|||||6.125|0.00||||||||||||||||||||66722.70
F03Q10006252|201306|66576.26|0|124|236|||||6.125|0.00||||||||||||||||||||66576.26
F03Q10006252|201307|66429.08|0|125|235|||||6.125|0.00||||||||||||||||||||66429.08
F03Q10006252|201308|66281.15|0|126|234|||||6.125|0.00||||||||||||||||||||66281.15
F03Q10006252|201309|66132.46|0|127|233|||||6.125|0.00||||||||||||||||||||66132.46
F03Q10006252|201310|65983.01|0|128|232|||||6.125|0.00||||||||||||||||||||65983.01
F03Q10006252|201311|65832.80|0|129|231|||||6.125|0.00||||||||||||||||||||65832.80
F03Q10006252|201312|65681.82|0|130|230|||||6.125|0.00||||||||||||||||||||65681.82
F03Q10006252|201401|65530.07|0|131|229|||||6.125|0.00||||||||||||||||||||65530.07
F03Q10006252|201402|65377.55|0|132|228|||||6.125|0.00||||||||||||||||||||65377.55
F03Q10006252|201403|65224.25|0|133|227|||||6.125|0.00||||||||||||||||||||65224.25
F03Q10006252|201404|65070.17|0|134|226|||||6.125|0.00||||||||||||||||||||65070.17
F03Q10006252|201405|64915.30|0|135|225|||||6.125|0.00||||||||||||||||||||64915.30
F03Q10006252|201406|64759.64|0|136|224|||||6.125|0.00||||||||||||||||||||64759.64
F03Q10006252|201407|64603.18|0|137|223|||||6.125|0.00||||||||||||||||||||64603.18
F03Q10006252|201408|64445.93|0|138|222|||||6.125|0.00||||||||||||||||||||64445.93
F03Q10006252|201409|64287.87|0|139|221|||||6.125|0.00||||||||||||||||||||64287.87
F03Q10006252|201410|64129.01|0|140|220|||||6.125|0.00||||||||||||||||||||64129.01
F03Q10006252|201411|63969.33|0|141|219|||||6.125|0.00||||||||||||||||||||63969.33
F03Q10006252|201412|63808.84|0|142|218|||||6.125|0.00||||||||||||||||||||63808.84
F03Q10006252|201501|63647.53|0|143|217|||||6.125|0.00||||||||||||||||||||63647.53
F03Q10006252|201502|63485.40|0|144|216|||||6.125|0.00||||||||||||||||||||63485.40
F03Q10006252|201503|63322.44|0|145|215|||||6.125|0.00||||||||||||||||||||63322.44
F03Q10006252|201504|63158.65|0|146|214|||||6.125|0.00||||||||||||||||||||63158.65
F03Q10006252|201505|62994.02|0|147|213|||||6.125|0.00||||||||||||||||||||62994.02
F03Q10006252|201506|62828.55|0|148|212|||||6.125|0.00||||||||||||||||||||62828.55
F03Q10006252|201507|62662.24|0|149|211|||||6.125|0.00||||||||||||||||||||62662.24
F03Q10006252|201508|62495.08|0|150|210|||||6.125|0.00||||||||||||||||||||62495.08
F03Q10006252|201509|62327.06|0|151|209|||||6.125|0.00||||||||||||||||||||62327.06
F03Q10006252|201510|62158.19|0|152|208|||||6.125|0.00||||||||||||||||||||62158.19
F03Q10006252|201511|61988.46|0|153|207|||||6.125|0.00||||||||||||||||||||61988.46
F03Q10006252|201512|61817.86|0|154|206|||||6.125|0.00||||||||||||||||||||61817.86
F03Q10006252|201601|61646.39|0|155|205|||||6.125|0.00||||||||||||||||||||61646.39
F03Q10006252|201602|61474.04|0|156|204|||||6.125|0.00||||||||||||||||||||61474.04
F03Q10006252|201603|61300.81|0|157|203|||||6.125|0.00||||||||||||||||||||61300.81
F03Q10006252|201604|61126.70|0|158|202|||||6.125|0.00||||||||||||||||||||61126.70
F03Q10006252|201605|60951.70|0|159|201|||||6.125|0.00||||||||||||||||||||60951.70
F03Q10006252|201606|60775.81|0|160|200|||||6.125|0.00||||||||||||||||||||60775.81
F03Q10006252|201607|60599.02|0|161|199|||||6.125|0.00||||||||||||||||||||60599.02
F03Q10006252|201608|60421.33|0|162|198|||||6.125|0.00||||||||||||||||||||60421.33
F03Q10006252|201609|60242.73|0|163|197|||||6.125|0.00||||||||||||||||||||60242.73
F03Q10006252|201610|60063.22|0|164|196|||||6.125|0.00||||||||||||||||||||60063.22
F03Q10006252|201611|59882.79|0|165|195|||||6.125|0.00||||||||||||||||||||59882.79
F03Q10006252|201612|59701.44|0|166|194|||||6.125|0.00||||||||||||||||||||59701.44
F03Q10006252|201701|59519.17|0|167|193|||||6.125|0.00||||||||||||||||||||59519.17
F03Q10006252|201702|59335.97|0|168|192|||||6.125|0.00||||||||||||||||||||59335.97
F03Q10006252|201703|59151.83|0|169|191|||||6.125|0.00||||||||||||||||||||59151.83
F03Q10006252|201704|58966.75|0|170|190|||||6.125|0.00||||||||||||||999||||||58966.75
F03Q10006252|201705|58780.73|0|171|189|||||6.125|0.00||||||||||||||999||||||58780.73
F03Q10006252|201706|58593.76|0|172|188|||||6.125|0.00||||||||||||||999||||||58593.76
F03Q10006252|201707|58405.83|0|173|187|||||6.125|0.00||||||||||||||999||||||58405.83
F03Q10006252|201708|58216.94|0|174|186|||||6.125|0.00||||||||||||||999||||||58216.94
F03Q10006252|201709|58027.09|0|175|185|||||6.125|0.00||||||||||||||999||||||58027.09
F03Q10006252|201710|57836.27|0|176|184|||||6.125|0.00||||||||||||||999||||||57836.27
F03Q10006252|201711|57644.48|0|177|183|||||6.125|0.00||||||||||||||999||||||57644.48
F03Q10006252|201712|57451.71|0|178|182|||||6.125|0.00||||||||||||||999||||||57451.71
F03Q10006252|201801|57257.95|0|179|181|||||6.125|0.00||||||||||||||999||||||57257.95
F03Q10006252|201802|57063.20|0|180|180|||||6.125|0.00||||||||||||||999||||||57063.20
F03Q10006252|201803|56867.46|0|181|179|||||6.125|0.00||||||||||||||999||||||56867.46
F03Q10006252|201804|56670.72|0|182|178|||||6.125|0.00||||||||||||||999||||||56670.72
F03Q10006252|201805|56472.98|0|183|177|||||6.125|0.00||||||||||||||999||||||56472.98
F03Q10006252|201806|56274.23|0|184|176|||||6.125|0.00||||||||||||||999||||||56274.23
F03Q10006252|201807|56074.46|0|185|175|||||6.125|0.00||||||||||||||999||||||56074.46
F03Q10006252|201808|55873.67|0|186|174|||||6.125|0.00||||||||||||||999||||||55873.67
F03Q10006252|201809|55671.86|0|187|173|||||6.125|0.00||||||||||||||999||||||55671.86
F03Q10006252|201810|55469.02|0|188|172|||||6.125|0.00||||||||||||||999||||||55469.02
F03Q10006252|201811|55265.14|0|189|171|||||6.125|0.00||||||||||||||999||||||55265.14
F03Q10006252|201812|55060.22|0|190|170|||||6.125|0.00||||||||||||||999||||||55060.22
F03Q10006252|201901|54854.26|0|191|169|||||6.125|0.00||||||||||||||999||||||54854.26
F03Q10006252|201902|54647.24|0|192|168|||||6.125|0.00||||||||||||||999||||||54647.24
F03Q10006252|201903|54439.17|0|193|167|||||6.125|0.00||||||||||||||999||||||54439.17
F03Q10006252|201904|54230.04|0|194|166|||||6.125|0.00||||||||||||||999||||||54230.04
F03Q10006252|201905|54019.84|0|195|165|||||6.125|0.00||||||||||||||999||||||54019.84
F03Q10006252|201906|53808.57|0|196|164|||||6.125|0.00||||||||||||||999||||||53808.57
F03Q10006252|201907|53596.22|0|197|163|||||6.125|0.00||||||||||||||999||||||53596.22
F03Q10006252|201908|53382.78|0|198|162|||||6.125|0.00||||||||||||||999||||||53382.78
F03Q10006252|201909|53168.26|0|199|161|||||6.125|0.00||||||||||||||999||||||53168.26
F03Q10006252|201910|52952.64|0|200|160|||||6.125|0.00||||||||||||||999||||||52952.64
F03Q10006252|201911|52735.92|0|201|159|||||6.125|0.00||||||||||||||999||||||52735.92
F03Q10006252|201912|52518.09|0|202|158|||||6.125|0.00||||||||||||||999||||||52518.09
F03Q10006252|202001|52299.15|0|203|157|||||6.125|0.00||||||||||||||999||||||52299.15
F03Q10006252|202002|52079.09|0|204|156|||||6.125|0.00||||||||||||||999||||||52079.09
F03Q10006252|202003|51857.91|0|205|155|||||6.125|0.00||||||||||||||999||||||51857.91
F03Q10006252|202004|51635.60|0|206|154|||||6.125|0.00||||||||||||||999||||||51635.60
F03Q10006252|202005|51412.16|0|207|153|||||6.125|0.00||||||||||||||999||||||51412.16
F03Q10006252|202006|51187.58|0|208|152|||||6.125|0.00||||||||||||||999||||||51187.58
F03Q10006252|202007|50961.85|0|209|151|||||6.125|0.00||||||||||||||999||||||50961.85
F03Q10006252|202008|50734.97|0|210|150|||||6.125|0.00||||||||||||||999||||||50734.97
F03Q10006252|202009|50506.93|0|211|149|||||6.125|0.00||||||||||||||999||||||50506.93
F03Q10006252|202010|50277.73|0|212|148|||||6.125|0.00||||||||||||||999||||||50277.73
F03Q10006252|202011|50047.36|0|213|147|||||6.125|0.00||||||||||||||999||||||50047.36
F03Q10006252|202012|49815.81|0|214|146|||||6.125|0.00||||||||||||||999||||||49815.81
F03Q10006252|202101|49583.08|0|215|145|||||6.125|0.00||||||||||||||999||||||49583.08
F03Q10006252|202102|49349.16|0|216|144|||||6.125|0.00||||||||||||||999||||||49349.16
F03Q10006252|202103|49114.05|0|217|143|||||6.125|0.00||||||||||||||999||||||49114.05
F03Q10006252|202104|48877.74|0|218|142|||||6.125|0.00||||||||||||||999||||||48877.74
F03Q10006252|202105|48640.22|0|219|141|||||6.125|0.00||||||||||||||999||||||48640.22
F03Q10006252|202106|48401.49|0|220|140|||||6.125|0.00||||||||||||||999||||||48401.49
F03Q10006252|202107|48161.54|0|221|139|||||6.125|0.00||||||||||||||999||||||48161.54
F03Q10006252|202108|47920.37|0|222|138|||||6.125|0.00||||||||||||||999||||||47920.37
F03Q10006252|202109|47677.96|0|223|137|||||6.125|0.00||||||||||||||999||||||47677.96
F03Q10006252|202110|47434.32|0|224|136|||||6.125|0.00||||||||||||||999||||||47434.32
F03Q10006252|202111|47189.43|0|225|135|||||6.125|0.00||||||||||||||999||||||47189.43
F03Q10006252|202112|46943.29|0|226|134|||||6.125|0.00||||||||||||||999||||||46943.29
F03Q10006252|202201|46695.90|0|227|133|||||6.125|0.00||||||||||||||999||||||46695.90
F03Q10006252|202202|46447.24|0|228|132|||||6.125|0.00||||||||||||||999||||||46447.24
F03Q10006252|202203|46197.32|0|229|131|||||6.125|0.00||||||||||||||999||||||46197.32
F03Q10006252|202204|45946.12|0|230|130|||||6.125|0.00||||||||||||||999||||||45946.12
F03Q10006252|202205|45693.64|0|231|129|||||6.125|0.00||||||||||||||999||||||45693.64
F03Q10006252|202206|45439.87|0|232|128|||||6.125|0.00||||||||||||||999||||||45439.87
F03Q10006252|202207|45184.80|0|233|127|||||6.125|0.00||||||||||||||999||||||45184.80
F03Q10006252|202208|44928.43|0|234|126|||||6.125|0.00||||||||||||||999||||||44928.43
F03Q10006252|202209|44670.75|0|235|125|||||6.125|0.00||||||||||||||999||||||44670.75
F03Q10006252|202210|44411.76|0|236|124|||||6.125|0.00||||||||||||||999||||||44411.76
