F06Q10000059|200602|180000.00|0|000|360|||||6.500|0.00||||||||||||||||||||180000.00
F06Q10000059|200603|180000.00|0|001|359|||||6.500|0.00||||||||||||||||||||180000.00
F06Q10000059|200604|180000.00|0|002|358|||||6.500|0.00||||||||||||||||||||180000.00
F06Q10000059|200605|180000.00|0|003|357|||||6.500|0.00||||||||||||||||||||180000.00
F06Q10000059|200606|179000.00|0|004|356|||||6.500|0.00||||||||||||||||||||179000.00
F06Q10000059|200607|179000.00|0|005|355|||||6.500|0.00||||||||||||||||||||179000.00
F06Q10000059|200608|179000.00|0|006|354|||||6.500|0.00||||||||||||||||||||179000.00
F06Q10000059|200609|178842.29|0|007|353|||||6.500|0.00||||||||||||||||||||178842.29
F06Q10000059|200610|178673.30|0|008|352|||||6.500|0.00||||||||||||||||||||178673.30
F06Q10000059|200611|178503.39|0|009|351|||||6.500|0.00||||||||||||||||||||178503.39
F06Q10000059|200612|178332.56|0|010|350|||||6.500|0.00||||||||||||||||||||178332.56
F06Q10000059|200701|178160.81|0|011|349|||||6.500|0.00||||||||||||||||||||178160.81
F06Q10000059|200702|177988.13|0|012|348|||||6.500|0.00||||||||||||||||||||177988.13
F06Q10000059|200703|177814.51|0|013|347|||||6.500|0.00||||||||||||||||||||177814.51
F06Q10000059|200704|177639.95|0|014|346|||||6.500|0.00||||||||||||||||||||177639.95
F06Q10000059|200705|177464.45|0|015|345|||||6.500|0.00||||||||||||||||||||177464.45
F06Q10000059|200706|177288.00|0|016|344|||||6.500|0.00||||||||||||||||||||177288.00
F06Q10000059|200707|177110.59|0|017|343|||||6.500|0.00||||||||||||||||||||177110.59
F06Q10000059|200708|176932.22|0|018|342|||||6.500|0.00||||||||||||||||||||176932.22
F06Q10000059|200709|176752.88|0|019|341|||||6.500|0.00||||||||||||||||||||176752.88
F06Q10000059|200710|176572.57|0|020|340|||||6.500|0.00||||||||||||||||||||176572.57
F06Q10000059|200711|176391.28|0|021|339|||||6.500|0.00||||||||||||||||||||176391.28
F06Q10000059|200712|176209.01|0|022|338|||||6.500|0.00||||||||||||||||||||176209.01
F06Q10000059|200801|176025.76|0|023|337|||||6.500|0.00||||||||||||||||||||176025.76
F06Q10000059|200802|175841.51|0|024|336|||||6.500|0.00||||||||||||||||||||175841.51
F06Q10000059|200803|175656.26|0|025|335|||||6.500|0.00||||||||||||||||||||175656.26
F06Q10000059|200804|175470.01|0|026|334|||||6.500|0.00||||||||||||||||||||175470.01
F06Q10000059|200805|175282.75|0|027|333|||||6.500|0.00||||||||||||||||||||175282.75
F06Q10000059|200806|175094.48|0|028|332|||||6.500|0.00||||||||||||||||||||175094.48
F06Q10000059|200807|174905.19|0|029|331|||||6.500|0.00||||||||||||||||||||174905.19
F06Q10000059|200808|174714.87|0|030|330|||||6.500|0.00||||||||||||||||||||174714.87
F06Q10000059|200809|174523.52|0|031|329|||||6.500|0.00||||||||||||||||||||174523.52
F06Q10000059|200810|174331.14|0|032|328|||||6.500|0.00||||||||||||||||||||174331.14
F06Q10000059|200811|174137.71|0|033|327|||||6.500|0.00||||||||||||||||||||174137.71
F06Q10000059|200812|173943.24|0|034|326|||||6.500|0.00||||||||||||||||||||173943.24
F06Q10000059|200901|173747.71|0|035|325|||||6.500|0.00||||||||||||||||||||173747.71
F06Q10000059|200902|173551.12|0|036|324|||||6.500|0.00||||||||||||||||||||173551.12
F06Q10000059|200903|173551.12|0|037|323|||||6.500|0.00||||||||||||||||||||173551.12
F06Q10000059|200904|173154.75|0|038|322|||||6.500|0.00||||||||||||||||||||173154.75
F06Q10000059|200905|172954.95|0|039|321|||||6.500|0.00||||||||||||||||||||172954.95
F06Q10000059|200906|172754.07|0|040|320|||||6.500|0.00||||||||||||||||||||172754.07
F06Q10000059|200907|172552.10|0|041|319|||||6.500|0.00||||||||||||||||||||172552.10
F06Q10000059|200908|172349.04|0|042|318|||||6.500|0.00||||||||||||||||||||172349.04
F06Q10000059|200909|172349.04|0|043|317|||||6.500|0.00||||||||||||||||||||172349.04
F06Q10000059|200910|171939.61|0|044|316|||||6.500|0.00||||||||||||||||||||171939.61
F06Q10000059|200911|171939.61|0|045|315|||||6.500|0.00||||||||||||||||||||171939.61
F06Q10000059|200912|171733.23|0|046|314|||||6.500|0.00||||||||||||||||||||171733.23
F06Q10000059|201001|171525.73|0|047|313|||||6.500|0.00||||||||||||||||||||171525.73
F06Q10000059|201002|171317.11|0|048|312|||||6.500|0.00||||||||||||||||||||171317.11
F06Q10000059|201003|170896.47|0|049|311|||||6.500|0.00||||||||||||||||||||170896.47
F06Q10000059|201004|170684.44|0|050|310|||||6.500|0.00||||||||||||||||||||170684.44
F06Q10000059|201005|170471.26|0|051|309|||||6.500|0.00||||||||||||||||||||170471.26
F06Q10000059|201006|170256.93|0|052|308|||||6.500|0.00||||||||||||||||||||170256.93
F06Q10000059|201007|170256.93|0|053|307|||||6.500|0.00||||||||||||||||||||170256.93
F06Q10000059|201008|170041.44|0|054|306|||||6.500|0.00||||||||||||||||||||170041.44
F06Q10000059|201009|169606.94|0|055|305|||||6.500|0.00||||||||||||||||||||169606.94
F06Q10000059|201010|169387.92|0|056|304|||||6.500|0.00||||||||||||||||||||169387.92
F06Q10000059|201011|169167.72|0|057|303|||||6.500|0.00||||||||||||||||||||169167.72
F06Q10000059|201012|169167.72|0|058|302|||||6.500|0.00||||||||||||||||||||169167.72
F06Q10000059|201101|168946.33|0|059|301|||||6.500|0.00||||||||||||||||||||168946.33
F06Q10000059|201102|168442.74|0|060|300|||||6.500|0.00||||||||||||||||||||168442.74
F06Q10000059|201103|168217.42|0|061|299|||||6.500|0.00||||||||||||||||||||168217.42
F06Q10000059|201104|168217.42|0|062|298|||||6.500|0.00||||||||||||||||||||168217.42
F06Q10000059|201105|167990.88|0|063|297|||||6.500|0.00||||||||||||||||||||167990.88
F06Q10000059|201106|167534.11|0|064|296|||||6.500|0.00||||||||||||||||||||167534.11
F06Q10000059|201107|167303.87|0|065|295|||||6.500|0.00||||||||||||||||||||167303.87
F06Q10000059|201108|167072.38|0|066|294|||||6.500|0.00||||||||||||||||||||167072.38
F06Q10000059|201109|167072.38|0|067|293|||||6.500|0.00||||||||||||||||||||167072.38
F06Q10000059|201110|166839.64|0|068|292|||||6.500|0.00||||||||||||||||||||166839.64
F06Q10000059|201111|166605.63|1|069|291|||||6.500|0.00||||||||||||||||||||166605.63
F06Q10000059|201112|166370.36|1|070|290|||||6.500|0.00||||||||||||||||||||166370.36
F06Q10000059|201201|166133.81|1|071|289|||||6.500|0.00||||||||||||||||||||166133.81
F06Q10000059|201202|165895.98|1|072|288|||||6.500|0.00||||||||||||||||||||165895.98
F06Q10000059|201203|165656.86|1|073|287|||||6.500|0.00||||||||||||||||||||165656.86
F06Q10000059|201204|165416.45|1|074|286|||||6.500|0.00||||||||||||||||||||165416.45
F06Q10000059|201205|165174.74|1|075|285|||||6.500|0.00||||||||||||||||||||165174.74
F06Q10000059|201206|164931.72|1|076|284|||||6.500|0.00||||||||||||||||||||164931.72
F06Q10000059|201207|164687.38|0|077|283|||||6.500|0.00||||||||||||||||||||164687.38
F06Q10000059|201208|164441.72|1|078|282|||||6.500|0.00||||||||||||||||||||164441.72
F06Q10000059|201209|164194.73|1|079|281|||||6.500|0.00||||||||||||||||||||164194.73
F06Q10000059|201210|163946.40|1|080|280|||||6.500|0.00||||||||||||||||||||163946.40
F06Q10000059|201211|163696.72|1|081|279|||||6.500|0.00||||||||||||||||||||163696.72
F06Q10000059|201212|163445.69|0|082|278|||||6.500|0.00||||||||||||||||||||163445.69
F06Q10000059|201301|162939.54|0|083|277|||||6.500|0.00||||||||||||||||||||162939.54
F06Q10000059|201302|162684.41|0|084|276|||||6.500|0.00||||||||||||||||||||162684.41
F06Q10000059|201303|162427.90|0|085|275|||||6.500|0.00||||||||||||||||||||162427.90
F06Q10000059|201304|162170.00|0|086|274|||||6.500|0.00||||||||||||||||||||162170.00
F06Q10000059|201305|161910.70|0|087|273|||||6.500|0.00||||||||||||||||||||161910.70
F06Q10000059|201306|161650.00|0|088|272|||||6.500|0.00||||||||||||||||||||161650.00
F06Q10000059|201307|161650.00|0|089|271|||||6.500|0.00||||||||||||||||||||161650.00
F06Q10000059|201308|161387.88|1|090|270|||||6.500|0.00||||||||||||||||||||161387.88
F06Q10000059|201309|161124.34|1|091|269|||||6.500|0.00||||||||||||||||||||161124.34
F06Q10000059|201310|161124.34|1|092|268|||||6.500|0.00||||||||||||||||||||161124.34
F06Q10000059|201311|160859.38|1|093|267|||||6.500|0.00||||||||||||||||||||160859.38
F06Q10000059|201312|160592.98|1|094|266|||||6.500|0.00||||||||||||||||||||160592.98
F06Q10000059|201401|160325.14|1|095|265|||||6.500|0.00||||||||||||||||||||160325.14
F06Q10000059|201402|160055.85|1|096|264|||||6.500|0.00||||||||||||||||||R||160055.85
F06Q10000059|201403|159785.10|1|097|263|||||6.500|0.00||||||||||||||||||R||159785.10
F06Q10000059|201404|159512.88|1|098|262|||||6.500|0.00||||||||||||||||||R||159512.88
F06Q10000059|201405|159239.19|0|099|261|||||6.500|0.00||||||||||||||||||||159239.19
F06Q10000059|201406|158687.36|0|100|260|||||6.500|0.00||||||||||||||||||||158687.36
F06Q10000059|201407|158409.20|0|101|259|||||6.500|0.00||||||||||||||||||||158409.20
F06Q10000059|201408|158129.53|0|102|258|||||6.500|0.00||||||||||||||||||||158129.53
F06Q10000059|201409|157848.34|0|103|257|||||6.500|0.00||||||||||||||||||||157848.34
F06Q10000059|201410|157565.63|0|104|256|||||6.500|0.00||||||||||||||||||||157565.63
F06Q10000059|201411|157281.39|0|105|255|||||6.500|0.00||||||||||||||||||||157281.39
F06Q10000059|201412|156995.61|0|106|254|||||6.500|0.00||||||||||||||||||||156995.61
F06Q10000059|201501|156708.28|0|107|253|||||6.500|0.00||||||||||||||||||||156708.28
F06Q10000059|201502|156419.40|0|108|252|||||6.500|0.00||||||||||||||||||||156419.40
F06Q10000059|201503|156128.95|0|109|251|||||6.500|0.00||||||||||||||||||||156128.95
F06Q10000059|201504|155836.93|0|110|250|||||6.500|0.00||||||||||||||||||||155836.93
F06Q10000059|201505|155543.33|0|111|249|||||6.500|0.00||||||||||||||||||||155543.33
F06Q10000059|201506|155248.14|0|112|248|||||6.500|0.00||||||||||||||||||||155248.14
F06Q10000059|201507|154951.35|0|113|247|||||6.500|0.00||||||||||||||||||||154951.35
F06Q10000059|201508|154652.95|0|114|246|||||6.500|0.00||||||||||||||||||||154652.95
F06Q10000059|201509|154352.93|0|115|245|||||6.500|0.00||||||||||||||||||||154352.93
F06Q10000059|201510|153748.01|0|116|244|||||6.500|0.00||||||||||||||||||||153748.01
F06Q10000059|201511|153748.01|0|117|243|||||6.500|0.00||||||||||||||||||||153748.01
F06Q10000059|201512|153443.09|0|118|242|||||6.500|0.00||||||||||||||||||||153443.09
F06Q10000059|201601|153136.52|0|119|241|||||6.500|0.00||||||||||||||||||||153136.52
F06Q10000059|201602|152828.29|0|120|240|||||6.500|0.00||||||||||||||||||||152828.29
F06Q10000059|201603|152518.39|0|121|239|||||6.500|0.00||||||||||||||||||||152518.39
F06Q10000059|201604|152206.81|0|122|238|||||6.500|0.00||||||||||||||||||||152206.81
F06Q10000059|201605|151893.54|0|123|237|||||6.500|0.00||||||||||||||||||||151893.54
F06Q10000059|201606|151578.58|1|124|236|||||6.500|0.00||||||||||||||||||R||151578.58
F06Q10000059|201607|151578.58|2|125|235|||||6.500|0.00||||||||||||||||||R||151578.58
F06Q10000059|201608|151261.91|2|126|234|||||6.500|0.00||||||||||||||||||R||151261.91
F06Q10000059|201609|151261.91|2|127|233|||||6.500|0.00||||||||||||||||||R||151261.91
F06Q10000059|201610|150943.53|2|128|232|||||6.500|0.00||||||||||||||||||R||150943.53
F06Q10000059|201611|149652.65|0|129|231|||||6.500|0.00||||||||||||||||||||149652.65
F06Q10000059|201612|149325.55|0|130|230|||||6.500|0.00||||||||||||||||||||149325.55
F06Q10000059|201701|148996.68|0|131|229|||||6.500|0.00||||||||||||||||||||148996.68
F06Q10000059|201702|148666.03|0|132|228|||||6.500|0.00||||||||||||||||||||148666.03
F06Q10000059|201703|148333.58|0|133|227|||||6.500|0.00||||||||||||||||||||148333.58
F06Q10000059|201704|147999.33|0|134|226|||||6.500|0.00||||||||||||||61||||||147999.33
F06Q10000059|201705|147663.27|0|135|225|||||6.500|0.00||||||||||||||62||||||147663.27
F06Q10000059|201706|147325.39|0|136|224|||||6.500|0.00||||||||||||||61||||||147325.39
F06Q10000059|201707|147325.39|0|137|223|||||6.500|0.00||||||||||||||60||||||147325.39
F06Q10000059|201708|146985.68|0|138|222|||||6.500|0.00||||||||||||||63||||||146985.68
F06Q10000059|201709|146644.13|0|139|221|||||6.500|0.00||||||||||||||62||||||146644.13
F06Q10000059|201710|146300.73|0|140|220|||||6.500|0.00||||||||||||||62||||||146300.73
F06Q10000059|201711|145955.47|0|141|219|||||6.500|0.00||||||||||||||61||||||145955.47
F06Q10000059|201712|145608.34|0|142|218|||||6.500|0.00||||||||||||||60||||||145608.34
F06Q10000059|201801|145259.33|0|143|217|||||6.500|0.00||||||||||||||61||||||145259.33
F06Q10000059|201802|144908.43|0|144|216|||||6.500|0.00||||||||||||||59||||||144908.43
F06Q10000059|201803|144555.63|0|145|215|||||6.500|0.00||||||||||||||59||||||144555.63
F06Q10000059|201804|144200.92|1|146|214|||||6.500|0.00||||||||||||||58||||R||144200.92
F06Q10000059|201805|143844.29|1|147|213|||||6.500|0.00||||||||||||||59||||R||143844.29
F06Q10000059|201806|143485.73|1|148|212|||||6.500|0.00||||||||||||||59||||R||143485.73
F06Q10000059|201807|143125.22|1|149|211|||||6.500|0.00||||||||||||||59||||R||143125.22
F06Q10000059|201808|142762.76|1|150|210|||||6.500|0.00||||||||||||||58||||R||142762.76
F06Q10000059|201809|142398.34|1|151|209|||||6.500|0.00||||||||||||||58||||R||142398.34
F06Q10000059|201810|142031.94|1|152|208|||||6.500|0.00||||||||||||||57||||||142031.94
F06Q10000059|201811|141663.56|1|153|207|||||6.500|0.00||||||||||||||57||||||141663.56
F06Q10000059|201812|141293.18|1|154|206|||||6.500|0.00||||||||||||||55||||||141293.18
F06Q10000059|201901|140920.80|1|155|205|||||6.500|0.00||||||||||||||54||||||140920.80
F06Q10000059|201902|140546.40|1|156|204|||||6.500|0.00||||||||||||||55||||||140546.40
F06Q10000059|201903|140169.97|0|157|203|||||6.500|0.00||||||||||||||54||||||140169.97
F06Q10000059|201904|139410.98|0|158|202|||||6.500|0.00||||||||||||||54||||||139410.98
F06Q10000059|201905|139028.40|0|159|201|||||6.500|0.00||||||||||||||54||||||139028.40
F06Q10000059|201906|138643.78|0|160|200|||||6.500|0.00||||||||||||||54||||||138643.78
F06Q10000059|201907|138257.02|0|161|199|||||6.500|0.00||||||||||||||53||||||138257.02
F06Q10000059|201908|137868.19|0|162|198|||||6.500|0.00||||||||||||||54||||||137868.19
F06Q10000059|201909|137477.26|0|163|197|||||6.500|0.00||||||||||||||54||||||137477.26
F06Q10000059|201910|137084.21|0|164|196|||||6.500|0.00||||||||||||||55||||||137084.21
F06Q10000059|201911|136689.03|0|165|195|||||6.500|0.00||||||||||||||52||||||136689.03
F06Q10000059|201912|136291.71|0|166|194|||||6.500|0.00||||||||||||||50||||||136291.71
F06Q10000059|202001|136291.71|1|167|193|||||6.500|0.00||||||||||||||49||||||136291.71
F06Q10000059|202002|135892.24|1|168|192|||||6.500|0.00||||||||||||||49||||||135892.24
F06Q10000059|202003|135086.79|0|169|191|||||6.500|0.00||||||||||||||50||||||135086.79
F06Q10000059|202004|134680.79|0|170|190|||||6.500|0.00||||||||||||||48||||||134680.79
F06Q10000059|202005|134272.59|0|171|189|||||6.500|0.00||||||||||||||47||||||134272.59
F06Q10000059|202006|133862.18|0|172|188|||||6.500|0.00||||||||||||||46||||||133862.18
F06Q10000059|202007|133449.55|0|173|187|||||6.500|0.00||||||||||||||46||||||133449.55
F06Q10000059|202008|133034.68|0|174|186|||||6.500|0.00||||||||||||||45||||||133034.68
F06Q10000059|202009|132617.56|0|175|185|||||6.500|0.00||||||||||||||43||||||132617.56
F06Q10000059|202010|132198.19|0|176|184|||||6.500|0.00||||||||||||||42||||||132198.19
F06Q10000059|202011|131776.54|0|177|183|||||6.500|0.00||||||||||||||40||||||131776.54
F06Q10000059|202012|131352.61|0|178|182|||||6.500|0.00||||||||||||||38||||||131352.61
F06Q10000059|202101|130926.38|0|179|181|||||6.500|0.00||||||||||||||37||||||130926.38
F06Q10000059|202102|130497.84|0|180|180|||||6.500|0.00||||||||||||||38||||||130497.84
F06Q10000059|202103|130066.98|0|181|179|||||6.500|0.00||||||||||||||36||||||130066.98
F06Q10000059|202104|129633.79|0|182|178|||||6.500|0.00||||||||||||||35||||||129633.79
F06Q10000059|202105|129198.25|0|183|177|||||6.500|0.00||||||||||||||33||||||129198.25
F06Q10000059|202106|128760.35|0|184|176|||||6.500|0.00||||||||||||||33||||||128760.35
F06Q10000059|202107|128320.08|0|185|175|||||6.500|0.00||||||||||||||31||||||128320.08
F06Q10000059|202108|127877.43|0|186|174|||||6.500|0.00||||||||||||||30||||||127877.43
F06Q10000059|202109|0.00|0|187|173|||01|202109|6.500|0.00|202108|||||||||||||999|127877.43|||||0.00
F06Q10000079|200602|337000.00|0|000|360|||||6.375|0.00||||||||||||||||||||337000.00
F06Q10000079|200603|336000.00|0|001|359|||||6.375|0.00||||||||||||||||||||336000.00
F06Q10000079|200604|336000.00|0|002|358|||||6.375|0.00||||||||||||||||||||336000.00
F06Q10000079|200605|336000.00|0|003|357|||||6.375|0.00||||||||||||||||||||336000.00
F06Q10000079|200606|335000.00|0|004|356|||||6.375|0.00||||||||||||||||||||335000.00
F06Q10000079|200607|335000.00|0|005|355|||||6.375|0.00||||||||||||||||||||335000.00
F06Q10000079|200608|335000.00|0|006|354|||||6.375|0.00||||||||||||||||||||335000.00
F06Q10000079|200609|334298.14|0|007|353|||||6.375|0.00||||||||||||||||||||334298.14
F06Q10000079|200610|333974.68|0|008|352|||||6.375|0.00||||||||||||||||||||333974.68
F06Q10000079|200611|333649.50|0|009|351|||||6.375|0.00||||||||||||||||||||333649.50
F06Q10000079|200612|333322.59|0|010|350|||||6.375|0.00||||||||||||||||||||333322.59
F06Q10000079|200701|332993.95|0|011|349|||||6.375|0.00||||||||||||||||||||332993.95
F06Q10000079|200702|332663.56|0|012|348|||||6.375|0.00||||||||||||||||||||332663.56
F06Q10000079|200703|332331.42|0|013|347|||||6.375|0.00||||||||||||||||||||332331.42
F06Q10000079|200704|331997.51|0|014|346|||||6.375|0.00||||||||||||||||||||331997.51
F06Q10000079|200705|331661.83|0|015|345|||||6.375|0.00||||||||||||||||||||331661.83
F06Q10000079|200706|331324.36|0|016|344|||||6.375|0.00||||||||||||||||||||331324.36
F06Q10000079|200707|330985.10|0|017|343|||||6.375|0.00||||||||||||||||||||330985.10
F06Q10000079|200708|330985.10|0|018|342|||||6.375|0.00||||||||||||||||||||330985.10
F06Q10000079|200709|330301.17|0|019|341|||||6.375|0.00||||||||||||||||||||330301.17
F06Q10000079|200710|329956.47|0|020|340|||||6.375|0.00||||||||||||||||||||329956.47
F06Q10000079|200711|329956.47|0|021|339|||||6.375|0.00||||||||||||||||||||329956.47
F06Q10000079|200712|329609.94|0|022|338|||||6.375|0.00||||||||||||||||||||329609.94
F06Q10000079|200801|329261.57|0|023|337|||||6.375|0.00||||||||||||||||||||329261.57
F06Q10000079|200802|328559.27|0|024|336|||||6.375|0.00||||||||||||||||||||328559.27
F06Q10000079|200803|328205.32|0|025|335|||||6.375|0.00||||||||||||||||||||328205.32
F06Q10000079|200804|328205.32|0|026|334|||||6.375|0.00||||||||||||||||||||328205.32
F06Q10000079|200805|327849.49|0|027|333|||||6.375|0.00||||||||||||||||||||327849.49
F06Q10000079|200806|327491.77|0|028|332|||||6.375|0.00||||||||||||||||||||327491.77
F06Q10000079|200807|327132.15|0|029|331|||||6.375|0.00||||||||||||||||||||327132.15
F06Q10000079|200808|326407.17|0|030|330|||||6.375|0.00||||||||||||||||||||326407.17
F06Q10000079|200809|326041.79|0|031|329|||||6.375|0.00||||||||||||||||||||326041.79
F06Q10000079|200810|326041.79|0|032|328|||||6.375|0.00||||||||||||||||||||326041.79
F06Q10000079|200811|325674.47|0|033|327|||||6.375|0.00||||||||||||||||||||325674.47
F06Q10000079|200812|0.00|0|034|326|||01|200812|6.375|0.00|||||||||||||||325674.47|||||0.00
F06Q10000090|200602|155000.00|0|000|360|||||6.375|0.00||||||||||||||||||||155000.00
F06Q10000090|200603|155000.00|0|001|359|||||6.375|0.00||||||||||||||||||||155000.00
F06Q10000090|200604|155000.00|0|002|358|||||6.375|0.00||||||||||||||||||||155000.00
F06Q10000090|200605|154000.00|0|003|357|||||6.375|0.00||||||||||||||||||||154000.00
F06Q10000090|200606|154000.00|0|004|356|||||6.375|0.00||||||||||||||||||||154000.00
F06Q10000090|200607|154000.00|0|005|355|||||6.375|0.00||||||||||||||||||||154000.00
F06Q10000090|200608|154000.00|0|006|354|||||6.375|0.00||||||||||||||||||||154000.00
F06Q10000090|200609|153808.21|0|007|353|||||6.375|0.00||||||||||||||||||||153808.21
F06Q10000090|200610|153634.32|0|008|352|||||6.375|0.00||||||||||||||||||||153634.32
F06Q10000090|200611|153459.50|0|009|351|||||6.375|0.00||||||||||||||||||||153459.50
F06Q10000090|200612|153283.75|0|010|350|||||6.375|0.00||||||||||||||||||||153283.75
F06Q10000090|200701|153283.75|0|011|349|||||6.375|0.00||||||||||||||||||||153283.75
F06Q10000090|200702|152929.45|0|012|348|||||6.375|0.00||||||||||||||||||||152929.45
F06Q10000090|200703|152720.89|0|013|347|||||6.375|0.00||||||||||||||||||||152720.89
F06Q10000090|200704|152511.22|0|014|346|||||6.375|0.00||||||||||||||||||||152511.22
F06Q10000090|200705|152350.44|0|015|345|||||6.375|0.00||||||||||||||||||||152350.44
F06Q10000090|200706|152192.80|0|016|344|||||6.375|0.00||||||||||||||||||||152192.80
F06Q10000090|200707|152192.80|0|017|343|||||6.375|0.00||||||||||||||||||||152192.80
F06Q10000090|200708|151866.98|0|018|342|||||6.375|0.00||||||||||||||||||||151866.98
F06Q10000090|200709|151702.77|0|019|341|||||6.375|0.00||||||||||||||||||||151702.77
F06Q10000090|200710|151537.69|0|020|340|||||6.375|0.00||||||||||||||||||||151537.69
F06Q10000090|200711|151371.73|0|021|339|||||6.375|0.00||||||||||||||||||||151371.73
F06Q10000090|200712|151204.89|0|022|338|||||6.375|0.00||||||||||||||||||||151204.89
F06Q10000090|200801|151037.17|0|023|337|||||6.375|0.00||||||||||||||||||||151037.17
F06Q10000090|200802|150868.55|0|024|336|||||6.375|0.00||||||||||||||||||||150868.55
F06Q10000090|200803|150700.04|0|025|335|||||6.375|0.00||||||||||||||||||||150700.04
F06Q10000090|200804|150530.63|0|026|334|||||6.375|0.00||||||||||||||||||||150530.63
F06Q10000090|200805|150360.32|0|027|333|||||6.375|0.00||||||||||||||||||||150360.32
F06Q10000090|200806|150189.11|0|028|332|||||6.375|0.00||||||||||||||||||||150189.11
F06Q10000090|200807|150016.99|0|029|331|||||6.375|0.00||||||||||||||||||||150016.99
F06Q10000090|200808|149843.96|0|030|330|||||6.375|0.00||||||||||||||||||||149843.96
F06Q10000090|200809|149843.96|0|031|329|||||6.375|0.00||||||||||||||||||||149843.96
F06Q10000090|200810|149495.13|0|032|328|||||6.375|0.00||||||||||||||||||||149495.13
F06Q10000090|200811|149319.32|0|033|327|||||6.375|0.00||||||||||||||||||||149319.32
F06Q10000090|200812|149142.58|0|034|326|||||6.375|0.00||||||||||||||||||||149142.58
F06Q10000090|200901|149142.58|0|035|325|||||6.375|0.00||||||||||||||||||||149142.58
F06Q10000090|200902|0.00|0|036|324|||01|200902|6.375|0.00|||||||||||||||149142.58|||||0.00
F06Q10000095|200602|125000.00|0|000|180|||||6.000|0.00||||||||||||||||||||125000.00
F06Q10000095|200603|125000.00|0|001|179|||||6.000|0.00||||||||||||||||||||125000.00
F06Q10000095|200604|124000.00|0|002|178|||||6.000|0.00||||||||||||||||||||124000.00
F06Q10000095|200605|124000.00|0|003|177|||||6.000|0.00||||||||||||||||||||124000.00
F06Q10000095|200606|123000.00|0|004|176|||||6.000|0.00||||||||||||||||||||123000.00
F06Q10000095|200607|123000.00|0|005|175|||||6.000|0.00||||||||||||||||||||123000.00
F06Q10000095|200608|122000.00|0|006|174|||||6.000|0.00||||||||||||||||||||122000.00
F06Q10000095|200609|121732.26|0|007|173|||||6.000|0.00||||||||||||||||||||121732.26
F06Q10000095|200610|121732.26|0|008|172|||||6.000|0.00||||||||||||||||||||121732.26
F06Q10000095|200611|120775.96|0|009|171|||||6.000|0.00||||||||||||||||||||120775.96
F06Q10000095|200612|120294.22|0|010|170|||||6.000|0.00||||||||||||||||||||120294.22
F06Q10000095|200701|120294.22|0|011|169|||||6.000|0.00||||||||||||||||||||120294.22
F06Q10000095|200702|119325.26|0|012|168|||||6.000|0.00||||||||||||||||||||119325.26
F06Q10000095|200703|118837.15|0|013|167|||||6.000|0.00||||||||||||||||||||118837.15
F06Q10000095|200704|118837.15|0|014|166|||||6.000|0.00||||||||||||||||||||118837.15
F06Q10000095|200705|117853.59|0|015|165|||||6.000|0.00||||||||||||||||||||117853.59
F06Q10000095|200706|117358.12|0|016|164|||||6.000|0.00||||||||||||||||||||117358.12
F06Q10000095|200707|117358.12|0|017|163|||||6.000|0.00||||||||||||||||||||117358.12
F06Q10000095|200708|116359.73|0|018|162|||||6.000|0.00||||||||||||||||||||116359.73
F06Q10000095|200709|115845.23|0|019|161|||||6.000|0.00||||||||||||||||||||115845.23
F06Q10000095|200710|115328.16|0|020|160|||||6.000|0.00||||||||||||||||||||115328.16
F06Q10000095|200711|114808.50|0|021|159|||||6.000|0.00||||||||||||||||||||114808.50
F06Q10000095|200712|114286.24|0|022|158|||||6.000|0.00||||||||||||||||||||114286.24
F06Q10000095|200801|113772.42|0|023|157|||||6.000|0.00||||||||||||||||||||113772.42
F06Q10000095|200802|113256.03|0|024|156|||||6.000|0.00||||||||||||||||||||113256.03
F06Q10000095|200803|113256.03|0|025|155|||||6.000|0.00||||||||||||||||||||113256.03
F06Q10000095|200804|112215.50|0|026|154|||||6.000|0.00||||||||||||||||||||112215.50
F06Q10000095|200805|111691.33|0|027|153|||||6.000|0.00||||||||||||||||||||111691.33
F06Q10000095|200806|111164.54|0|028|152|||||6.000|0.00||||||||||||||||||||111164.54
F06Q10000095|200807|110635.11|0|029|151|||||6.000|0.00||||||||||||||||||||110635.11
F06Q10000095|200808|110103.04|0|030|150|||||6.000|0.00||||||||||||||||||||110103.04
F06Q10000095|200809|109576.66|0|031|149|||||6.000|0.00||||||||||||||||||||109576.66
F06Q10000095|200810|109047.64|0|032|148|||||6.000|0.00||||||||||||||||||||109047.64
F06Q10000095|200811|108515.98|0|033|147|||||6.000|0.00||||||||||||||||||||108515.98
F06Q10000095|200812|107981.66|0|034|146|||||6.000|0.00||||||||||||||||||||107981.66
F06Q10000095|200901|107444.67|0|035|145|||||6.000|0.00||||||||||||||||||||107444.67
F06Q10000095|200902|107444.67|0|036|144|||||6.000|0.00||||||||||||||||||||107444.67
F06Q10000095|200903|106904.99|0|037|143|||||6.000|0.00||||||||||||||||||||106904.99
F06Q10000095|200904|105817.52|0|038|142|||||6.000|0.00||||||||||||||||||||105817.52
F06Q10000095|200905|105269.71|0|039|141|||||6.000|0.00||||||||||||||||||||105269.71
F06Q10000095|200906|0.00|0|040|140|||01|200906|6.000|0.00|||||||||||||||105269.71|||||0.00
F06Q10000110|200603|357000.00|0|000|360|||||6.375|0.00||||||||||||||||||||357000.00
F06Q10000110|200604|357000.00|0|001|359|||||6.375|0.00||||||||||||||||||||357000.00
F06Q10000110|200605|356000.00|0|002|358|||||6.375|0.00||||||||||||||||||||356000.00
F06Q10000110|200606|356000.00|0|003|357|||||6.375|0.00||||||||||||||||||||356000.00
F06Q10000110|200607|356000.00|0|004|356|||||6.375|0.00||||||||||||||||||||356000.00
F06Q10000110|200608|355000.00|0|005|355|||||6.375|0.00||||||||||||||||||||355000.00
F06Q10000110|200609|355000.00|0|006|354|||||6.375|0.00||||||||||||||||||||355000.00
F06Q10000110|200610|355088.97|0|007|353|||||6.375|0.00||||||||||||||||||||355088.97
F06Q10000110|200611|0.00|0|008|352|||01|200611|6.375|0.00|||||||||||||||355088.97|||||0.00
F06Q10000136|200602|200000.00|0|000|360|||||6.500|0.00||||||||||||||||||||200000.00
F06Q10000136|200603|200000.00|0|001|359|||||6.500|0.00||||||||||||||||||||200000.00
F06Q10000136|200604|200000.00|0|002|358|||||6.500|0.00||||||||||||||||||||200000.00
F06Q10000136|200605|199000.00|0|003|357|||||6.500|0.00||||||||||||||||||||199000.00
F06Q10000136|200606|199000.00|0|004|356|||||6.500|0.00||||||||||||||||||||199000.00
F06Q10000136|200607|199000.00|0|005|355|||||6.500|0.00||||||||||||||||||||199000.00
F06Q10000136|200608|199000.00|0|006|354|||||6.500|0.00||||||||||||||||||||199000.00
F06Q10000136|200609|198713.59|0|007|353|||||6.500|0.00||||||||||||||||||||198713.59
F06Q10000136|200610|198525.82|0|008|352|||||6.500|0.00||||||||||||||||||||198525.82
F06Q10000136|200611|198337.03|0|009|351|||||6.500|0.00||||||||||||||||||||198337.03
F06Q10000136|200612|198147.22|0|010|350|||||6.500|0.00||||||||||||||||||||198147.22
F06Q10000136|200701|198147.22|0|011|349|||||6.500|0.00||||||||||||||||||||198147.22
F06Q10000136|200702|197956.38|0|012|348|||||6.500|0.00||||||||||||||||||||197956.38
F06Q10000136|200703|197571.58|0|013|347|||||6.500|0.00||||||||||||||||||||197571.58
F06Q10000136|200704|197377.62|0|014|346|||||6.500|0.00||||||||||||||||||||197377.62
F06Q10000136|200705|197182.61|0|015|345|||||6.500|0.00||||||||||||||||||||197182.61
F06Q10000136|200706|196986.54|0|016|344|||||6.500|0.00||||||||||||||||||||196986.54
F06Q10000136|200707|196789.41|0|017|343|||||6.500|0.00||||||||||||||||||||196789.41
F06Q10000136|200708|196591.21|0|018|342|||||6.500|0.00||||||||||||||||||||196591.21
F06Q10000136|200709|196391.94|0|019|341|||||6.500|0.00||||||||||||||||||||196391.94
F06Q10000136|200710|196191.59|0|020|340|||||6.500|0.00||||||||||||||||||||196191.59
F06Q10000136|200711|195990.15|0|021|339|||||6.500|0.00||||||||||||||||||||195990.15
F06Q10000136|200712|195787.62|0|022|338|||||6.500|0.00||||||||||||||||||||195787.62
F06Q10000136|200801|195584.00|0|023|337|||||6.500|0.00||||||||||||||||||||195584.00
F06Q10000136|200802|195379.27|0|024|336|||||6.500|0.00||||||||||||||||||||195379.27
F06Q10000136|200803|195173.43|0|025|335|||||6.500|0.00||||||||||||||||||||195173.43
F06Q10000136|200804|194966.48|0|026|334|||||6.500|0.00||||||||||||||||||||194966.48
F06Q10000136|200805|194758.41|0|027|333|||||6.500|0.00||||||||||||||||||||194758.41
F06Q10000136|200806|194549.21|0|028|332|||||6.500|0.00||||||||||||||||||||194549.21
F06Q10000136|200807|194338.88|0|029|331|||||6.500|0.00||||||||||||||||||||194338.88
F06Q10000136|200808|194127.41|0|030|330|||||6.500|0.00||||||||||||||||||||194127.41
F06Q10000136|200809|193914.79|0|031|329|||||6.500|0.00||||||||||||||||||||193914.79
F06Q10000136|200810|193701.02|0|032|328|||||6.500|0.00||||||||||||||||||||193701.02
F06Q10000136|200811|193486.09|0|033|327|||||6.500|0.00||||||||||||||||||||193486.09
F06Q10000136|200812|193270.00|0|034|326|||||6.500|0.00||||||||||||||||||||193270.00
F06Q10000136|200901|193052.74|0|035|325|||||6.500|0.00||||||||||||||||||||193052.74
F06Q10000136|200902|192834.30|0|036|324|||||6.500|0.00||||||||||||||||||||192834.30
F06Q10000136|200903|192614.68|0|037|323|||||6.500|0.00||||||||||||||||||||192614.68
F06Q10000136|200904|192393.87|0|038|322|||||6.500|0.00||||||||||||||||||||192393.87
F06Q10000136|200905|0.00|0|039|321|||01|200905|6.500|0.00|||||||||||||||192393.87|||||0.00
F06Q10000148|200602|83000.00|0|000|180|||||6.750|0.00||||||||||||||||||||83000.00
F06Q10000148|200603|82000.00|0|001|179|||||6.750|0.00||||||||||||||||||||82000.00
F06Q10000148|200604|82000.00|0|002|178|||||6.750|0.00||||||||||||||||||||82000.00
F06Q10000148|200605|82000.00|0|003|177|||||6.750|0.00||||||||||||||||||||82000.00
F06Q10000148|200606|81000.00|0|004|176|||||6.750|0.00||||||||||||||||||||81000.00
F06Q10000148|200607|81000.00|0|005|175|||||6.750|0.00||||||||||||||||||||81000.00
F06Q10000148|200608|81000.00|0|006|174|||||6.750|0.00||||||||||||||||||||81000.00
F06Q10000148|200609|80574.46|0|007|173|||||6.750|0.00||||||||||||||||||||80574.46
F06Q10000148|200610|80297.64|0|008|172|||||6.750|0.00||||||||||||||||||||80297.64
F06Q10000148|200611|80019.26|0|009|171|||||6.750|0.00||||||||||||||||||||80019.26
F06Q10000148|200612|79739.32|0|010|170|||||6.750|0.00||||||||||||||||||||79739.32
F06Q10000148|200701|79457.80|0|011|169|||||6.750|0.00||||||||||||||||||||79457.80
F06Q10000148|200702|79174.70|0|012|168|||||6.750|0.00||||||||||||||||||||79174.70
F06Q10000148|200703|78890.01|0|013|167|||||6.750|0.00||||||||||||||||||||78890.01
F06Q10000148|200704|78603.72|0|014|166|||||6.750|0.00||||||||||||||||||||78603.72
F06Q10000148|200705|78315.82|0|015|165|||||6.750|0.00||||||||||||||||||||78315.82
F06Q10000148|200706|78026.30|0|016|164|||||6.750|0.00||||||||||||||||||||78026.30
F06Q10000148|200707|77735.15|0|017|163|||||6.750|0.00||||||||||||||||||||77735.15
F06Q10000148|200708|77442.36|0|018|162|||||6.750|0.00||||||||||||||||||||77442.36
F06Q10000148|200709|77147.92|0|019|161|||||6.750|0.00||||||||||||||||||||77147.92
F06Q10000148|200710|76851.83|0|020|160|||||6.750|0.00||||||||||||||||||||76851.83
F06Q10000148|200711|76536.86|0|021|159|||||6.750|0.00||||||||||||||||||||76536.86
F06Q10000148|200712|76237.33|0|022|158|||||6.750|0.00||||||||||||||||||||76237.33
F06Q10000148|200801|75936.11|0|023|157|||||6.750|0.00||||||||||||||||||||75936.11
F06Q10000148|200802|75633.20|0|024|156|||||6.750|0.00||||||||||||||||||||75633.20
F06Q10000148|200803|75328.59|0|025|155|||||6.750|0.00||||||||||||||||||||75328.59
F06Q10000148|200804|75022.26|0|026|154|||||6.750|0.00||||||||||||||||||||75022.26
F06Q10000148|200805|74714.21|0|027|153|||||6.750|0.00||||||||||||||||||||74714.21
F06Q10000148|200806|74404.43|0|028|152|||||6.750|0.00||||||||||||||||||||74404.43
F06Q10000148|200807|74092.90|0|029|151|||||6.750|0.00||||||||||||||||||||74092.90
F06Q10000148|200808|73779.62|0|030|150|||||6.750|0.00||||||||||||||||||||73779.62
F06Q10000148|200809|73464.58|0|031|149|||||6.750|0.00||||||||||||||||||||73464.58
F06Q10000148|200810|73147.77|0|032|148|||||6.750|0.00||||||||||||||||||||73147.77
F06Q10000148|200811|72829.18|0|033|147|||||6.750|0.00||||||||||||||||||||72829.18
F06Q10000148|200812|72508.79|0|034|146|||||6.750|0.00||||||||||||||||||||72508.79
F06Q10000148|200901|72186.60|0|035|145|||||6.750|0.00||||||||||||||||||||72186.60
F06Q10000148|200902|71862.60|0|036|144|||||6.750|0.00||||||||||||||||||||71862.60
F06Q10000148|200903|71536.78|0|037|143|||||6.750|0.00||||||||||||||||||||71536.78
F06Q10000148|200904|71209.12|0|038|142|||||6.750|0.00||||||||||||||||||||71209.12
F06Q10000148|200905|0.00|0|039|141|||01|200905|6.750|0.00|||||||||||||||71209.12|||||0.00
F06Q10000231|200602|44000.00|0|000|360|||||6.625|0.00||||||||||||||||||||44000.00
F06Q10000231|200603|44000.00|0|001|359|||||6.625|0.00||||||||||||||||||||44000.00
F06Q10000231|200604|44000.00|0|002|358|||||6.625|0.00||||||||||||||||||||44000.00
F06Q10000231|200605|44000.00|0|003|357|||||6.625|0.00||||||||||||||||||||44000.00
F06Q10000231|200606|44000.00|0|004|356|||||6.625|0.00||||||||||||||||||||44000.00
F06Q10000231|200607|44000.00|0|005|355|||||6.625|0.00||||||||||||||||||||44000.00
F06Q10000231|200608|44000.00|0|006|354|||||6.625|0.00||||||||||||||||||||44000.00
F06Q10000231|200609|43822.70|0|007|353|||||6.625|0.00||||||||||||||||||||43822.70
F06Q10000231|200610|43782.26|0|008|352|||||6.625|0.00||||||||||||||||||||43782.26
F06Q10000231|200611|43741.59|0|009|351|||||6.625|0.00||||||||||||||||||||43741.59
F06Q10000231|200612|43659.58|0|010|350|||||6.625|0.00||||||||||||||||||||43659.58
F06Q10000231|200701|43618.24|0|011|349|||||6.625|0.00||||||||||||||||||||43618.24
F06Q10000231|200702|43576.67|0|012|348|||||6.625|0.00||||||||||||||||||||43576.67
F06Q10000231|200703|43576.67|0|013|347|||||6.625|0.00||||||||||||||||||||43576.67
F06Q10000231|200704|43534.87|0|014|346|||||6.625|0.00||||||||||||||||||||43534.87
F06Q10000231|200705|43450.58|0|015|345|||||6.625|0.00||||||||||||||||||||43450.58
F06Q10000231|200706|43450.58|0|016|344|||||6.625|0.00||||||||||||||||||||43450.58
F06Q10000231|200707|43407.98|0|017|343|||||6.625|0.00||||||||||||||||||||43407.98
F06Q10000231|200708|43407.98|0|018|342|||||6.625|0.00||||||||||||||||||||43407.98
F06Q10000231|200709|43365.15|0|019|341|||||6.625|0.00||||||||||||||||||||43365.15
F06Q10000231|200710|43322.08|0|020|340|||||6.625|0.00||||||||||||||||||||43322.08
F06Q10000231|200711|43278.77|0|021|339|||||6.625|0.00||||||||||||||||||||43278.77
F06Q10000231|200712|43235.23|0|022|338|||||6.625|0.00||||||||||||||||||||43235.23
F06Q10000231|200801|43191.44|0|023|337|||||6.625|0.00||||||||||||||||||||43191.44
F06Q10000231|200802|43147.41|0|024|336|||||6.625|0.00||||||||||||||||||||43147.41
F06Q10000231|200803|43058.73|0|025|335|||||6.625|0.00||||||||||||||||||||43058.73
F06Q10000231|200804|43058.73|0|026|334|||||6.625|0.00||||||||||||||||||||43058.73
F06Q10000231|200805|43010.11|0|027|333|||||6.625|0.00||||||||||||||||||||43010.11
F06Q10000231|200806|42961.08|0|028|332|||||6.625|0.00||||||||||||||||||||42961.08
F06Q10000231|200807|42866.32|0|029|331|||||6.625|0.00||||||||||||||||||||42866.32
F06Q10000231|200808|42820.60|0|030|330|||||6.625|0.00||||||||||||||||||||42820.60
F06Q10000231|200809|42774.63|0|031|329|||||6.625|0.00||||||||||||||||||||42774.63
F06Q10000231|200810|42728.40|0|032|328|||||6.625|0.00||||||||||||||||||||42728.40
F06Q10000231|200811|42728.40|0|033|327|||||6.625|0.00||||||||||||||||||||42728.40
F06Q10000231|200812|42635.18|0|034|326|||||6.625|0.00||||||||||||||||||||42635.18
F06Q10000231|200901|42588.18|0|035|325|||||6.625|0.00||||||||||||||||||||42588.18
F06Q10000231|200902|42540.92|0|036|324|||||6.625|0.00||||||||||||||||||||42540.92
F06Q10000231|200903|42493.40|0|037|323|||||6.625|0.00||||||||||||||||||||42493.40
F06Q10000231|200904|42445.62|0|038|322|||||6.625|0.00||||||||||||||||||||42445.62
F06Q10000231|200905|42397.58|0|039|321|||||6.625|0.00||||||||||||||||||||42397.58
F06Q10000231|200906|42349.27|0|040|320|||||6.625|0.00||||||||||||||||||||42349.27
F06Q10000231|200907|42300.69|0|041|319|||||6.625|0.00||||||||||||||||||||42300.69
F06Q10000231|200908|42251.85|0|042|318|||||6.625|0.00||||||||||||||||||||42251.85
F06Q10000231|200909|42153.35|0|043|317|||||6.625|0.00||||||||||||||||||||42153.35
F06Q10000231|200910|42153.35|0|044|316|||||6.625|0.00||||||||||||||||||||42153.35
F06Q10000231|200911|42103.69|0|045|315|||||6.625|0.00||||||||||||||||||||42103.69
F06Q10000231|200912|42053.76|0|046|314|||||6.625|0.00||||||||||||||||||||42053.76
F06Q10000231|201001|42003.55|0|047|313|||||6.625|0.00||||||||||||||||||||42003.55
F06Q10000231|201002|42003.55|0|048|312|||||6.625|0.00||||||||||||||||||||42003.55
F06Q10000231|201003|41953.06|0|049|311|||||6.625|0.00||||||||||||||||||||41953.06
F06Q10000231|201004|41839.63|0|050|310|||||6.625|0.00||||||||||||||||||||41839.63
F06Q10000231|201005|41788.24|0|051|309|||||6.625|0.00||||||||||||||||||||41788.24
F06Q10000231|201006|41788.24|0|052|308|||||6.625|0.00||||||||||||||||||||41788.24
F06Q10000231|201007|40850.71|0|053|307|||||6.625|0.00||||||||||||||||||||40850.71
F06Q10000231|201008|40736.70|0|054|306|||||6.625|0.00||||||||||||||||||||40736.70
F06Q10000231|201009|40736.70|0|055|305|||||6.625|0.00||||||||||||||||||||40736.70
F06Q10000231|201010|40736.70|0|056|304|||||6.625|0.00||||||||||||||||||||40736.70
F06Q10000231|201011|40679.22|0|057|303|||||6.625|0.00||||||||||||||||||||40679.22
F06Q10000231|201012|40621.41|0|058|302|||||6.625|0.00||||||||||||||||||||40621.41
F06Q10000231|201101|40563.29|0|059|301|||||6.625|0.00||||||||||||||||||||40563.29
F06Q10000231|201102|40504.85|0|060|300|||||6.625|0.00||||||||||||||||||||40504.85
F06Q10000231|201103|40446.09|0|061|299|||||6.625|0.00||||||||||||||||||||40446.09
F06Q10000231|201104|40387.01|0|062|298|||||6.625|0.00||||||||||||||||||||40387.01
F06Q10000231|201105|40327.60|0|063|297|||||6.625|0.00||||||||||||||||||||40327.60
F06Q10000231|201106|40267.86|0|064|296|||||6.625|0.00||||||||||||||||||||40267.86
F06Q10000231|201107|40207.79|0|065|295|||||6.625|0.00||||||||||||||||||||40207.79
F06Q10000231|201108|40097.10|0|066|294|||||6.625|0.00||||||||||||||||||||40097.10
F06Q10000231|201109|40036.12|0|067|293|||||6.625|0.00||||||||||||||||||||40036.12
F06Q10000231|201110|39974.77|0|068|292|||||6.625|0.00||||||||||||||||||||39974.77
F06Q10000231|201111|39913.08|0|069|291|||||6.625|0.00||||||||||||||||||||39913.08
F06Q10000231|201112|39851.05|0|070|290|||||6.625|0.00||||||||||||||||||||39851.05
F06Q10000231|201201|39788.68|0|071|289|||||6.625|0.00||||||||||||||||||||39788.68
F06Q10000231|201202|39725.97|0|072|288|||||6.625|0.00||||||||||||||||||||39725.97
F06Q10000231|201203|39599.50|0|073|287|||||6.625|0.00||||||||||||||||||||39599.50
F06Q10000231|201204|39535.74|0|074|286|||||6.625|0.00||||||||||||||||||||39535.74
F06Q10000231|201205|39535.74|0|075|285|||||6.625|0.00||||||||||||||||||||39535.74
F06Q10000231|201206|39407.17|0|076|284|||||6.625|0.00||||||||||||||||||||39407.17
F06Q10000231|201207|39407.17|0|077|283|||||6.625|0.00||||||||||||||||||||39407.17
F06Q10000231|201208|39342.35|0|078|282|||||6.625|0.00||||||||||||||||||||39342.35
F06Q10000231|201209|39211.63|0|079|281|||||6.625|0.00||||||||||||||||||||39211.63
F06Q10000231|201210|39079.47|0|080|280|||||6.625|0.00||||||||||||||||||||39079.47
F06Q10000231|201211|39012.84|0|081|279|||||6.625|0.00||||||||||||||||||||39012.84
F06Q10000231|201212|39012.84|0|082|278|||||6.625|0.00||||||||||||||||||||39012.84
F06Q10000231|201301|38945.84|0|083|277|||||6.625|0.00||||||||||||||||||||38945.84
F06Q10000231|201302|38878.47|0|084|276|||||6.625|0.00||||||||||||||||||||38878.47
F06Q10000231|201303|38878.47|0|085|275|||||6.625|0.00||||||||||||||||||||38878.47
F06Q10000231|201304|38810.73|0|086|274|||||6.625|0.00||||||||||||||||||||38810.73
F06Q10000231|201305|38810.73|0|087|273|||||6.625|0.00||||||||||||||||||||38810.73
F06Q10000231|201306|38673.24|0|088|272|||||6.625|0.00||||||||||||||||||||38673.24
F06Q10000231|201307|38535.12|0|089|271|||||6.625|0.00||||||||||||||||||||38535.12
F06Q10000231|201308|38465.49|0|090|270|||||6.625|0.00||||||||||||||||||||38465.49
F06Q10000231|201309|38465.49|0|091|269|||||6.625|0.00||||||||||||||||||||38465.49
F06Q10000231|201310|38395.47|0|092|268|||||6.625|0.00||||||||||||||||||||38395.47
F06Q10000231|201311|38254.27|0|093|267|||||6.625|0.00||||||||||||||||||||38254.27
F06Q10000231|201312|38183.09|0|094|266|||||6.625|0.00||||||||||||||||||||38183.09
F06Q10000231|201401|38111.51|0|095|265|||||6.625|0.00||||||||||||||||||||38111.51
F06Q10000231|201402|38039.54|0|096|264|||||6.625|0.00||||||||||||||||||||38039.54
F06Q10000231|201403|38039.54|0|097|263|||||6.625|0.00||||||||||||||||||||38039.54
F06Q10000231|201404|37967.17|0|098|262|||||6.625|0.00||||||||||||||||||||37967.17
F06Q10000231|201405|37894.40|0|099|261|||||6.625|0.00||||||||||||||||||||37894.40
F06Q10000231|201406|37821.23|0|100|260|||||6.625|0.00||||||||||||||||||||37821.23
F06Q10000231|201407|37036.62|0|101|259|||||6.625|0.00||||||||||||||||||||37036.62
F06Q10000231|201408|37036.62|0|102|258|||||6.625|0.00||||||||||||||||||||37036.62
F06Q10000231|201409|36955.43|0|103|257|||||6.625|0.00||||||||||||||||||||36955.43
F06Q10000231|201410|36877.07|0|104|256|||||6.625|0.00||||||||||||||||||||36877.07
F06Q10000231|201411|36798.28|0|105|255|||||6.625|0.00||||||||||||||||||||36798.28
F06Q10000231|201412|36719.06|0|106|254|||||6.625|0.00||||||||||||||||||||36719.06
F06Q10000231|201501|36639.40|0|107|253|||||6.625|0.00||||||||||||||||||||36639.40
F06Q10000231|201502|36559.30|0|108|252|||||6.625|0.00||||||||||||||||||||36559.30
F06Q10000231|201503|36478.76|0|109|251|||||6.625|0.00||||||||||||||||||||36478.76
F06Q10000231|201504|36316.34|0|110|250|||||6.625|0.00||||||||||||||||||||36316.34
F06Q10000231|201505|36316.34|0|111|249|||||6.625|0.00||||||||||||||||||||36316.34
F06Q10000231|201506|36069.33|0|112|248|||||6.625|0.00||||||||||||||||||||36069.33
F06Q10000231|201507|36069.33|0|113|247|||||6.625|0.00||||||||||||||||||||36069.33
F06Q10000231|201508|36069.33|0|114|246|||||6.625|0.00||||||||||||||||||||36069.33
F06Q10000231|201509|35986.08|0|115|245|||||6.625|0.00||||||||||||||||||||35986.08
F06Q10000231|201510|35902.37|0|116|244|||||6.625|0.00||||||||||||||||||||35902.37
F06Q10000231|201511|35818.20|0|117|243|||||6.625|0.00||||||||||||||||||||35818.20
F06Q10000231|201512|35733.57|0|118|242|||||6.625|0.00||||||||||||||||||||35733.57
F06Q10000231|201601|35648.47|0|119|241|||||6.625|0.00||||||||||||||||||||35648.47
F06Q10000231|201602|35562.90|0|120|240|||||6.625|0.00||||||||||||||||||||35562.90
F06Q10000231|201603|35276.86|0|121|239|||||6.625|0.00||||||||||||||||||||35276.86
F06Q10000231|201604|35089.27|0|122|238|||||6.625|0.00||||||||||||||||||||35089.27
F06Q10000231|201605|34875.34|0|123|237|||||6.625|0.00||||||||||||||||||||34875.34
F06Q10000231|201606|34559.68|0|124|236|||||6.625|0.00||||||||||||||||||||34559.68
F06Q10000231|201607|34243.52|0|125|235|||||6.625|0.00||||||||||||||||||||34243.52
F06Q10000231|201608|34150.19|0|126|234|||||6.625|0.00||||||||||||||||||||34150.19
F06Q10000231|201609|34056.35|0|127|233|||||6.625|0.00||||||||||||||||||||34056.35
F06Q10000231|201610|33961.99|0|128|232|||||6.625|0.00||||||||||||||||||||33961.99
F06Q10000231|201611|33867.11|0|129|231|||||6.625|0.00||||||||||||||||||||33867.11
F06Q10000231|201612|33771.70|0|130|230|||||6.625|0.00||||||||||||||||||||33771.70
F06Q10000231|201701|33675.77|0|131|229|||||6.625|0.00||||||||||||||||||||33675.77
F06Q10000231|201702|33579.31|0|132|228|||||6.625|0.00||||||||||||||||||||33579.31
F06Q10000231|201703|33482.32|0|133|227|||||6.625|0.00||||||||||||||||||||33482.32
F06Q10000231|201704|33384.79|0|134|226|||||6.625|0.00||||||||||||||59||||||33384.79
F06Q10000231|201705|33252.06|0|135|225|||||6.625|0.00||||||||||||||59||||||33252.06
F06Q10000231|201706|33153.45|0|136|224|||||6.625|0.00||||||||||||||56||||||33153.45
F06Q10000231|201707|33054.10|0|137|223|||||6.625|0.00||||||||||||||57||||||33054.10
F06Q10000231|201708|32954.21|0|138|222|||||6.625|0.00||||||||||||||57||||||32954.21
F06Q10000231|201709|32853.76|0|139|221|||||6.625|0.00||||||||||||||56||||||32853.76
F06Q10000231|201710|32752.76|0|140|220|||||6.625|0.00||||||||||||||56||||||32752.76
F06Q10000231|201711|32651.02|0|141|219|||||6.625|0.00||||||||||||||57||||||32651.02
F06Q10000231|201712|32548.90|0|142|218|||||6.625|0.00||||||||||||||47||||||32548.90
F06Q10000231|201801|32446.22|0|143|217|||||6.625|0.00||||||||||||||47||||||32446.22
F06Q10000231|201802|32342.97|0|144|216|||||6.625|0.00||||||||||||||46||||||32342.97
F06Q10000231|201803|32239.15|0|145|215|||||6.625|0.00||||||||||||||46||||||32239.15
F06Q10000231|201804|32134.76|0|146|214|||||6.625|0.00||||||||||||||45||||||32134.76
F06Q10000231|201805|31924.24|0|147|213|||||6.625|0.00||||||||||||||45||||||31924.24
F06Q10000231|201806|31924.24|0|148|212|||||6.625|0.00||||||||||||||44||||||31924.24
F06Q10000231|201807|31818.11|0|149|211|||||6.625|0.00||||||||||||||43||||||31818.11
F06Q10000231|201808|31711.39|0|150|210|||||6.625|0.00||||||||||||||44||||||31711.39
F06Q10000231|201809|31604.08|0|151|209|||||6.625|0.00||||||||||||||42||||||31604.08
F06Q10000231|201810|31496.18|0|152|208|||||6.625|0.00||||||||||||||42||||||31496.18
F06Q10000231|201811|31387.69|0|153|207|||||6.625|0.00||||||||||||||41||||||31387.69
F06Q10000231|201812|31278.60|0|154|206|||||6.625|0.00||||||||||||||42||||||31278.60
F06Q10000231|201901|31168.90|0|155|205|||||6.625|0.00||||||||||||||42||||||31168.90
F06Q10000231|201902|31058.60|0|156|204|||||6.625|0.00||||||||||||||41||||||31058.60
F06Q10000231|201903|30724.03|0|157|203|||||6.625|0.00||||||||||||||40||||||30724.03
F06Q10000231|201904|30724.03|0|158|202|||||6.625|0.00||||||||||||||39||||||30724.03
F06Q10000231|201905|30324.03|0|159|201|||||6.625|0.00||||||||||||||40||||||30324.03
F06Q10000231|201906|30176.17|0|160|200|||||6.625|0.00||||||||||||||40||||||30176.17
F06Q10000231|201907|29660.38|0|161|199|||||6.625|0.00||||||||||||||39||||||29660.38
F06Q10000231|201908|29422.47|0|162|198|||||6.625|0.00||||||||||||||38||||||29422.47
F06Q10000231|201909|29422.47|0|163|197|||||6.625|0.00||||||||||||||38||||||29422.47
F06Q10000231|201910|29302.53|0|164|196|||||6.625|0.00||||||||||||||38||||||29302.53
F06Q10000231|201911|29181.92|0|165|195|||||6.625|0.00||||||||||||||37||||||29181.92
F06Q10000231|201912|28927.39|0|166|194|||||6.625|0.00||||||||||||||37||||||28927.39
F06Q10000231|202001|28804.71|0|167|193|||||6.625|0.00||||||||||||||38||||||28804.71
F06Q10000231|202002|28681.36|0|168|192|||||6.625|0.00||||||||||||||38||||||28681.36
F06Q10000231|202003|28557.33|0|169|191|||||6.625|0.00||||||||||||||37||||||28557.33
F06Q10000231|202004|28422.61|0|170|190|||||6.625|0.00||||||||||||||36||||||28422.61
F06Q10000231|202005|28297.15|0|171|189|||||6.625|0.00||||||||||||||34||||||28297.15
F06Q10000231|202006|28170.99|0|172|188|||||6.625|0.00||||||||||||||34||||||28170.99
F06Q10000231|202007|28044.14|0|173|187|||||6.625|0.00||||||||||||||36||||||28044.14
F06Q10000231|202008|27916.59|0|174|186|||||6.625|0.00||||||||||||||36||||||27916.59
F06Q10000231|202009|27788.33|0|175|185|||||6.625|0.00||||||||||||||34||||||27788.33
F06Q10000231|202010|0.00|0|176|184|||01|202010|6.625|0.00|202010|||||||||||||999|27788.33|||||0.00
F06Q10000262|200602|373000.00|0|000|360|||||6.500|0.00||||||||||||||||||||373000.00
F06Q10000262|200603|373000.00|0|001|359|||||6.500|0.00||||||||||||||||||||373000.00
F06Q10000262|200604|372000.00|0|002|358|||||6.500|0.00||||||||||||||||||||372000.00
F06Q10000262|200605|372000.00|0|003|357|||||6.500|0.00||||||||||||||||||||372000.00
F06Q10000262|200606|372000.00|0|004|356|||||6.500|0.00||||||||||||||||||||372000.00
F06Q10000262|200607|371000.00|0|005|355|||||6.500|0.00||||||||||||||||||||371000.00
F06Q10000262|200608|371000.00|0|006|354|||||6.500|0.00||||||||||||||||||||371000.00
F06Q10000262|200609|370600.94|0|007|353|||||6.500|0.00||||||||||||||||||||370600.94
F06Q10000262|200610|370250.75|0|008|352|||||6.500|0.00||||||||||||||||||||370250.75
F06Q10000262|200611|369898.66|0|009|351|||||6.500|0.00||||||||||||||||||||369898.66
F06Q10000262|200612|369544.67|0|010|350|||||6.500|0.00||||||||||||||||||||369544.67
F06Q10000262|200701|369188.76|0|011|349|||||6.500|0.00||||||||||||||||||||369188.76
F06Q10000262|200702|368830.92|0|012|348|||||6.500|0.00||||||||||||||||||||368830.92
F06Q10000262|200703|368471.14|0|013|347|||||6.500|0.00||||||||||||||||||||368471.14
F06Q10000262|200704|368109.42|0|014|346|||||6.500|0.00||||||||||||||||||||368109.42
F06Q10000262|200705|367745.74|0|015|345|||||6.500|0.00||||||||||||||||||||367745.74
F06Q10000262|200706|367380.09|0|016|344|||||6.500|0.00||||||||||||||||||||367380.09
F06Q10000262|200707|367012.46|0|017|343|||||6.500|0.00||||||||||||||||||||367012.46
F06Q10000262|200708|366642.83|0|018|342|||||6.500|0.00||||||||||||||||||||366642.83
F06Q10000262|200709|366271.20|0|019|341|||||6.500|0.00||||||||||||||||||||366271.20
F06Q10000262|200710|365897.56|0|020|340|||||6.500|0.00||||||||||||||||||||365897.56
F06Q10000262|200711|365521.90|0|021|339|||||6.500|0.00||||||||||||||||||||365521.90
F06Q10000262|200712|365144.20|0|022|338|||||6.500|0.00||||||||||||||||||||365144.20
F06Q10000262|200801|364764.45|0|023|337|||||6.500|0.00||||||||||||||||||||364764.45
F06Q10000262|200802|364382.65|0|024|336|||||6.500|0.00||||||||||||||||||||364382.65
F06Q10000262|200803|363998.78|0|025|335|||||6.500|0.00||||||||||||||||||||363998.78
F06Q10000262|200804|363612.83|0|026|334|||||6.500|0.00||||||||||||||||||||363612.83
F06Q10000262|200805|363224.79|0|027|333|||||6.500|0.00||||||||||||||||||||363224.79
F06Q10000262|200806|362834.65|0|028|332|||||6.500|0.00||||||||||||||||||||362834.65
F06Q10000262|200807|362442.39|0|029|331|||||6.500|0.00||||||||||||||||||||362442.39
F06Q10000262|200808|362048.01|0|030|330|||||6.500|0.00||||||||||||||||||||362048.01
F06Q10000262|200809|361651.49|0|031|329|||||6.500|0.00||||||||||||||||||||361651.49
F06Q10000262|200810|361252.83|0|032|328|||||6.500|0.00||||||||||||||||||||361252.83
F06Q10000262|200811|360852.01|0|033|327|||||6.500|0.00||||||||||||||||||||360852.01
F06Q10000262|200812|360449.02|0|034|326|||||6.500|0.00||||||||||||||||||||360449.02
F06Q10000262|200901|0.00|0|035|325|||01|200901|6.500|0.00|||||||||||||||360449.02|||||0.00
F06Q10000288|200601|95000.00|0|000|180|||||5.750|0.00||||||||||||||||||||95000.00
F06Q10000288|200602|95000.00|0|001|179|||||5.750|0.00||||||||||||||||||||95000.00
F06Q10000288|200603|94000.00|0|002|178|||||5.750|0.00||||||||||||||||||||94000.00
F06Q10000288|200604|94000.00|0|003|177|||||5.750|0.00||||||||||||||||||||94000.00
F06Q10000288|200605|94000.00|0|004|176|||||5.750|0.00||||||||||||||||||||94000.00
F06Q10000288|200606|93000.00|0|005|175|||||5.750|0.00||||||||||||||||||||93000.00
F06Q10000288|200607|93000.00|0|006|174|||||5.750|0.00||||||||||||||||||||93000.00
F06Q10000288|200608|92560.03|0|007|173|||||5.750|0.00||||||||||||||||||||92560.03
F06Q10000288|200609|92213.55|0|008|172|||||5.750|0.00||||||||||||||||||||92213.55
F06Q10000288|200610|91865.41|0|009|171|||||5.750|0.00||||||||||||||||||||91865.41
F06Q10000288|200611|91515.60|0|010|170|||||5.750|0.00||||||||||||||||||||91515.60
F06Q10000288|200612|91164.11|0|011|169|||||5.750|0.00||||||||||||||||||||91164.11
F06Q10000288|200701|90810.94|0|012|168|||||5.750|0.00||||||||||||||||||||90810.94
F06Q10000288|200702|90456.08|0|013|167|||||5.750|0.00||||||||||||||||||||90456.08
F06Q10000288|200703|90099.52|0|014|166|||||5.750|0.00||||||||||||||||||||90099.52
F06Q10000288|200704|89741.25|0|015|165|||||5.750|0.00||||||||||||||||||||89741.25
F06Q10000288|200705|89381.27|0|016|164|||||5.750|0.00||||||||||||||||||||89381.27
F06Q10000288|200706|89019.56|0|017|163|||||5.750|0.00||||||||||||||||||||89019.56
F06Q10000288|200707|0.00|0|018|162|||01|200707|5.750|0.00|||||||||||||||89019.56|||||0.00
F06Q10000297|200602|262000.00|0|000|360|||||6.375|0.00||||||||||||||||||||262000.00
F06Q10000297|200603|261000.00|0|001|359|||||6.375|0.00||||||||||||||||||||261000.00
F06Q10000297|200604|261000.00|0|002|358|||||6.375|0.00||||||||||||||||||||261000.00
F06Q10000297|200605|261000.00|0|003|357|||||6.375|0.00||||||||||||||||||||261000.00
F06Q10000297|200606|261000.00|0|004|356|||||6.375|0.00||||||||||||||||||||261000.00
F06Q10000297|200607|260000.00|0|005|355|||||6.375|0.00||||||||||||||||||||260000.00
F06Q10000297|200608|260000.00|0|006|354|||||6.375|0.00||||||||||||||||||||260000.00
F06Q10000297|200609|259815.97|0|007|353|||||6.375|0.00||||||||||||||||||||259815.97
F06Q10000297|200610|259555.66|0|008|352|||||6.375|0.00||||||||||||||||||||259555.66
F06Q10000297|200611|259293.97|0|009|351|||||6.375|0.00||||||||||||||||||||259293.97
F06Q10000297|200612|259030.89|0|010|350|||||6.375|0.00||||||||||||||||||||259030.89
F06Q10000297|200701|258766.41|0|011|349|||||6.375|0.00||||||||||||||||||||258766.41
F06Q10000297|200702|258500.53|0|012|348|||||6.375|0.00||||||||||||||||||||258500.53
F06Q10000297|200703|258189.60|0|013|347|||||6.375|0.00||||||||||||||||||||258189.60
F06Q10000297|200704|257877.02|0|014|346|||||6.375|0.00||||||||||||||||||||257877.02
F06Q10000297|200705|257462.78|0|015|345|||||6.375|0.00||||||||||||||||||||257462.78
F06Q10000297|200706|257046.34|0|016|344|||||6.375|0.00||||||||||||||||||||257046.34
F06Q10000297|200707|256627.69|0|017|343|||||6.375|0.00||||||||||||||||||||256627.69
F06Q10000297|200708|256306.81|0|018|342|||||6.375|0.00||||||||||||||||||||256306.81
F06Q10000297|200709|255984.23|0|019|341|||||6.375|0.00||||||||||||||||||||255984.23
F06Q10000297|200710|255659.94|0|020|340|||||6.375|0.00||||||||||||||||||||255659.94
F06Q10000297|200711|255333.92|0|021|339|||||6.375|0.00||||||||||||||||||||255333.92
F06Q10000297|200712|255058.33|0|022|338|||||6.375|0.00||||||||||||||||||||255058.33
F06Q10000297|200801|254781.28|0|023|337|||||6.375|0.00||||||||||||||||||||254781.28
F06Q10000297|200802|254450.60|0|024|336|||||6.375|0.00||||||||||||||||||||254450.60
F06Q10000297|200803|254170.32|0|025|335|||||6.375|0.00||||||||||||||||||||254170.32
F06Q10000297|200804|253888.55|0|026|334|||||6.375|0.00||||||||||||||||||||253888.55
F06Q10000297|200805|253591.63|0|027|333|||||6.375|0.00||||||||||||||||||||253591.63
F06Q10000297|200806|253293.14|0|028|332|||||6.375|0.00||||||||||||||||||||253293.14
F06Q10000297|200807|252993.06|0|029|331|||||6.375|0.00||||||||||||||||||||252993.06
F06Q10000297|200808|252691.39|0|030|330|||||6.375|0.00||||||||||||||||||||252691.39
F06Q10000297|200809|252388.11|0|031|329|||||6.375|0.00||||||||||||||||||||252388.11
F06Q10000297|200810|252083.22|0|032|328|||||6.375|0.00||||||||||||||||||||252083.22
F06Q10000297|200811|251776.71|0|033|327|||||6.375|0.00||||||||||||||||||||251776.71
F06Q10000297|200812|251482.22|0|034|326|||||6.375|0.00||||||||||||||||||||251482.22
F06Q10000297|200901|251172.52|0|035|325|||||6.375|0.00||||||||||||||||||||251172.52
F06Q10000297|200902|0.00|0|036|324|||01|200902|6.375|0.00|||||||||||||||251172.52|||||0.00
F06Q10000429|200602|114000.00|0|000|180|||||6.000|0.00||||||||||||||||||||114000.00
F06Q10000429|200603|114000.00|0|001|179|||||6.000|0.00||||||||||||||||||||114000.00
F06Q10000429|200604|113000.00|0|002|178|||||6.000|0.00||||||||||||||||||||113000.00
F06Q10000429|200605|113000.00|0|003|177|||||6.000|0.00||||||||||||||||||||113000.00
F06Q10000429|200606|112000.00|0|004|176|||||6.000|0.00||||||||||||||||||||112000.00
F06Q10000429|200607|112000.00|0|005|175|||||6.000|0.00||||||||||||||||||||112000.00
F06Q10000429|200608|112000.00|0|006|174|||||6.000|0.00||||||||||||||||||||112000.00
F06Q10000429|200609|111214.49|0|007|173|||||6.000|0.00||||||||||||||||||||111214.49
F06Q10000429|200610|110808.56|0|008|172|||||6.000|0.00||||||||||||||||||||110808.56
F06Q10000429|200611|110400.60|0|009|171|||||6.000|0.00||||||||||||||||||||110400.60
F06Q10000429|200612|109990.60|0|010|170|||||6.000|0.00||||||||||||||||||||109990.60
F06Q10000429|200701|109578.55|0|011|169|||||6.000|0.00||||||||||||||||||||109578.55
F06Q10000429|200702|109164.44|0|012|168|||||6.000|0.00||||||||||||||||||||109164.44
F06Q10000429|200703|108748.26|0|013|167|||||6.000|0.00||||||||||||||||||||108748.26
F06Q10000429|200704|108330.00|0|014|166|||||6.000|0.00||||||||||||||||||||108330.00
F06Q10000429|200705|107909.65|0|015|165|||||6.000|0.00||||||||||||||||||||107909.65
F06Q10000429|200706|107487.20|0|016|164|||||6.000|0.00||||||||||||||||||||107487.20
F06Q10000429|200707|107062.64|0|017|163|||||6.000|0.00||||||||||||||||||||107062.64
F06Q10000429|200708|106635.95|0|018|162|||||6.000|0.00||||||||||||||||||||106635.95
F06Q10000429|200709|106207.13|0|019|161|||||6.000|0.00||||||||||||||||||||106207.13
F06Q10000429|200710|105776.17|0|020|160|||||6.000|0.00||||||||||||||||||||105776.17
F06Q10000429|200711|105343.05|0|021|159|||||6.000|0.00||||||||||||||||||||105343.05
F06Q10000429|200712|0.00|0|022|158|||01|200712|6.000|0.00|||||||||||||||105343.05|||||0.00
F06Q10000437|200602|54000.00|0|000|180|||||6.125|0.00||||||||||||||||||||54000.00
F06Q10000437|200603|54000.00|0|001|179|||||6.125|0.00||||||||||||||||||||54000.00
F06Q10000437|200604|54000.00|0|002|178|||||6.125|0.00||||||||||||||||||||54000.00
F06Q10000437|200605|53000.00|0|003|177|||||6.125|0.00||||||||||||||||||||53000.00
F06Q10000437|200606|53000.00|0|004|176|||||6.125|0.00||||||||||||||||||||53000.00
F06Q10000437|200607|53000.00|0|005|175|||||6.125|0.00||||||||||||||||||||53000.00
F06Q10000437|200608|53000.00|0|006|174|||||6.125|0.00||||||||||||||||||||53000.00
F06Q10000437|200609|52689.83|0|007|173|||||6.125|0.00||||||||||||||||||||52689.83
F06Q10000437|200610|52499.43|0|008|172|||||6.125|0.00||||||||||||||||||||52499.43
F06Q10000437|200611|52308.06|0|009|171|||||6.125|0.00||||||||||||||||||||52308.06
F06Q10000437|200612|52115.71|0|010|170|||||6.125|0.00||||||||||||||||||||52115.71
F06Q10000437|200701|51922.38|0|011|169|||||6.125|0.00||||||||||||||||||||51922.38
F06Q10000437|200702|51728.06|0|012|168|||||6.125|0.00||||||||||||||||||||51728.06
F06Q10000437|200703|51532.75|0|013|167|||||6.125|0.00||||||||||||||||||||51532.75
F06Q10000437|200704|51336.44|0|014|166|||||6.125|0.00||||||||||||||||||||51336.44
F06Q10000437|200705|51139.13|0|015|165|||||6.125|0.00||||||||||||||||||||51139.13
F06Q10000437|200706|50940.81|0|016|164|||||6.125|0.00||||||||||||||||||||50940.81
F06Q10000437|200707|50741.48|0|017|163|||||6.125|0.00||||||||||||||||||||50741.48
F06Q10000437|200708|50541.13|0|018|162|||||6.125|0.00||||||||||||||||||||50541.13
F06Q10000437|200709|50339.76|0|019|161|||||6.125|0.00||||||||||||||||||||50339.76
F06Q10000437|200710|50137.36|0|020|160|||||6.125|0.00||||||||||||||||||||50137.36
F06Q10000437|200711|49933.93|0|021|159|||||6.125|0.00||||||||||||||||||||49933.93
F06Q10000437|200712|49729.46|0|022|158|||||6.125|0.00||||||||||||||||||||49729.46
F06Q10000437|200801|49523.95|0|023|157|||||6.125|0.00||||||||||||||||||||49523.95
F06Q10000437|200802|49317.39|0|024|156|||||6.125|0.00||||||||||||||||||||49317.39
F06Q10000437|200803|49109.77|0|025|155|||||6.125|0.00||||||||||||||||||||49109.77
F06Q10000437|200804|48901.09|0|026|154|||||6.125|0.00||||||||||||||||||||48901.09
F06Q10000437|200805|48691.35|0|027|153|||||6.125|0.00||||||||||||||||||||48691.35
F06Q10000437|200806|48480.54|0|028|152|||||6.125|0.00||||||||||||||||||||48480.54
F06Q10000437|200807|48268.65|0|029|151|||||6.125|0.00||||||||||||||||||||48268.65
F06Q10000437|200808|0.00|0|030|150|||01|200808|6.125|0.00|||||||||||||||48268.65|||||0.00
F06Q10000450|200602|78000.00|0|000|360|||||6.500|0.00||||||||||||||||||||78000.00
F06Q10000450|200603|77000.00|0|001|359|||||6.500|0.00||||||||||||||||||||77000.00
F06Q10000450|200604|77000.00|0|002|358|||||6.500|0.00||||||||||||||||||||77000.00
F06Q10000450|200605|76000.00|0|003|357|||||6.500|0.00||||||||||||||||||||76000.00
F06Q10000450|200606|76000.00|0|004|356|||||6.500|0.00||||||||||||||||||||76000.00
F06Q10000450|200607|76000.00|0|005|355|||||6.500|0.00||||||||||||||||||||76000.00
F06Q10000450|200608|76000.00|0|006|354|||||6.500|0.00||||||||||||||||||||76000.00
F06Q10000450|200609|74813.55|0|007|353|||||6.500|0.00||||||||||||||||||||74813.55
F06Q10000450|200610|74055.60|0|008|352|||||6.500|0.00||||||||||||||||||||74055.60
F06Q10000450|200611|73385.90|0|009|351|||||6.500|0.00||||||||||||||||||||73385.90
F06Q10000450|200612|73293.55|0|010|350|||||6.500|0.00||||||||||||||||||||73293.55
F06Q10000450|200701|72527.37|0|011|349|||||6.500|0.00||||||||||||||||||||72527.37
F06Q10000450|200702|72430.37|0|012|348|||||6.500|0.00||||||||||||||||||||72430.37
F06Q10000450|200703|72332.84|0|013|347|||||6.500|0.00||||||||||||||||||||72332.84
F06Q10000450|200704|72332.84|0|014|346|||||6.500|0.00||||||||||||||||||||72332.84
F06Q10000450|200705|72234.78|0|015|345|||||6.500|0.00||||||||||||||||||||72234.78
F06Q10000450|200706|72136.19|0|016|344|||||6.500|0.00||||||||||||||||||||72136.19
F06Q10000450|200707|72037.07|0|017|343|||||6.500|0.00||||||||||||||||||||72037.07
F06Q10000450|200708|71937.41|0|018|342|||||6.500|0.00||||||||||||||||||||71937.41
F06Q10000450|200709|71016.71|0|019|341|||||6.500|0.00||||||||||||||||||||71016.71
F06Q10000450|200710|70911.52|0|020|340|||||6.500|0.00||||||||||||||||||||70911.52
F06Q10000450|200711|70805.76|0|021|339|||||6.500|0.00||||||||||||||||||||70805.76
F06Q10000450|200712|70699.43|0|022|338|||||6.500|0.00||||||||||||||||||||70699.43
F06Q10000450|200801|70592.53|0|023|337|||||6.500|0.00||||||||||||||||||||70592.53
F06Q10000450|200802|70485.05|0|024|336|||||6.500|0.00||||||||||||||||||||70485.05
F06Q10000450|200803|70376.98|0|025|335|||||6.500|0.00||||||||||||||||||||70376.98
F06Q10000450|200804|70268.33|0|026|334|||||6.500|0.00||||||||||||||||||||70268.33
F06Q10000450|200805|70159.09|0|027|333|||||6.500|0.00||||||||||||||||||||70159.09
F06Q10000450|200806|70049.26|0|028|332|||||6.500|0.00||||||||||||||||||||70049.26
F06Q10000450|200807|69938.83|0|029|331|||||6.500|0.00||||||||||||||||||||69938.83
F06Q10000450|200808|69827.81|0|030|330|||||6.500|0.00||||||||||||||||||||69827.81
F06Q10000450|200809|69716.18|0|031|329|||||6.500|0.00||||||||||||||||||||69716.18
F06Q10000450|200810|69603.95|0|032|328|||||6.500|0.00||||||||||||||||||||69603.95
F06Q10000450|200811|69491.11|0|033|327|||||6.500|0.00||||||||||||||||||||69491.11
F06Q10000450|200812|69377.66|0|034|326|||||6.500|0.00||||||||||||||||||||69377.66
F06Q10000450|200901|69263.60|0|035|325|||||6.500|0.00||||||||||||||||||||69263.60
F06Q10000450|200902|69148.92|0|036|324|||||6.500|0.00||||||||||||||||||||69148.92
F06Q10000450|200903|69033.62|0|037|323|||||6.500|0.00||||||||||||||||||||69033.62
F06Q10000450|200904|68917.69|0|038|322|||||6.500|0.00||||||||||||||||||||68917.69
F06Q10000450|200905|68801.13|0|039|321|||||6.500|0.00||||||||||||||||||||68801.13
F06Q10000450|200906|68683.94|0|040|320|||||6.500|0.00||||||||||||||||||||68683.94
F06Q10000450|200907|68566.12|0|041|319|||||6.500|0.00||||||||||||||||||||68566.12
F06Q10000450|200908|68447.66|0|042|318|||||6.500|0.00||||||||||||||||||||68447.66
F06Q10000450|200909|68328.56|0|043|317|||||6.500|0.00||||||||||||||||||||68328.56
F06Q10000450|200910|68208.81|0|044|316|||||6.500|0.00||||||||||||||||||||68208.81
F06Q10000450|200911|68088.41|0|045|315|||||6.500|0.00||||||||||||||||||||68088.41
F06Q10000450|200912|67967.36|0|046|314|||||6.500|0.00||||||||||||||||||||67967.36
F06Q10000450|201001|67845.66|0|047|313|||||6.500|0.00||||||||||||||||||||67845.66
F06Q10000450|201002|67723.30|0|048|312|||||6.500|0.00||||||||||||||||||||67723.30
F06Q10000450|201003|67600.27|0|049|311|||||6.500|0.00||||||||||||||||||||67600.27
F06Q10000450|201004|67476.58|0|050|310|||||6.500|0.00||||||||||||||||||||67476.58
F06Q10000450|201005|67352.22|0|051|309|||||6.500|0.00||||||||||||||||||||67352.22
F06Q10000450|201006|67227.18|0|052|308|||||6.500|0.00||||||||||||||||||||67227.18
F06Q10000450|201007|67101.47|0|053|307|||||6.500|0.00||||||||||||||||||||67101.47
F06Q10000450|201008|66155.27|0|054|306|||||6.500|0.00||||||||||||||||||||66155.27
F06Q10000450|201009|66023.75|0|055|305|||||6.500|0.00||||||||||||||||||||66023.75
F06Q10000450|201010|65891.52|0|056|304|||||6.500|0.00||||||||||||||||||||65891.52
F06Q10000450|201011|65758.57|0|057|303|||||6.500|0.00||||||||||||||||||||65758.57
F06Q10000450|201012|65758.57|0|058|302|||||6.500|0.00||||||||||||||||||||65758.57
F06Q10000450|201101|65624.90|0|059|301|||||6.500|0.00||||||||||||||||||||65624.90
F06Q10000450|201102|65490.51|0|060|300|||||6.500|0.00||||||||||||||||||||65490.51
F06Q10000450|201103|65355.39|0|061|299|||||6.500|0.00||||||||||||||||||||65355.39
F06Q10000450|201104|65219.54|0|062|298|||||6.500|0.00||||||||||||||||||||65219.54
F06Q10000450|201105|65082.95|0|063|297|||||6.500|0.00||||||||||||||||||||65082.95
F06Q10000450|201106|64945.62|0|064|296|||||6.500|0.00||||||||||||||||||||64945.62
F06Q10000450|201107|64807.55|0|065|295|||||6.500|0.00||||||||||||||||||||64807.55
F06Q10000450|201108|64668.73|0|066|294|||||6.500|0.00||||||||||||||||||||64668.73
F06Q10000450|201109|64529.16|0|067|293|||||6.500|0.00||||||||||||||||||||64529.16
F06Q10000450|201110|64388.83|0|068|292|||||6.500|0.00||||||||||||||||||||64388.83
F06Q10000450|201111|64247.74|0|069|291|||||6.500|0.00||||||||||||||||||||64247.74
F06Q10000450|201112|64105.89|0|070|290|||||6.500|0.00||||||||||||||||||||64105.89
F06Q10000450|201201|63963.27|0|071|289|||||6.500|0.00||||||||||||||||||||63963.27
F06Q10000450|201202|63819.88|0|072|288|||||6.500|0.00||||||||||||||||||||63819.88
F06Q10000450|201203|63675.71|0|073|287|||||6.500|0.00||||||||||||||||||||63675.71
F06Q10000450|201204|63530.76|0|074|286|||||6.500|0.00||||||||||||||||||||63530.76
F06Q10000450|201205|63385.02|0|075|285|||||6.500|0.00||||||||||||||||||||63385.02
F06Q10000450|201206|63238.50|0|076|284|||||6.500|0.00||||||||||||||||||||63238.50
F06Q10000450|201207|63091.18|0|077|283|||||6.500|0.00||||||||||||||||||||63091.18
F06Q10000450|201208|62943.06|0|078|282|||||6.500|0.00||||||||||||||||||||62943.06
F06Q10000450|201209|62794.14|0|079|281|||||6.500|0.00||||||||||||||||||||62794.14
F06Q10000450|201210|0.00|0|080|280|||01|201210|6.500|0.00|||||||||||||||62794.14|||||0.00
F06Q10000466|200602|124000.00|0|000|180|||||5.750|0.00||||||||||||||||||||124000.00
F06Q10000466|200603|124000.00|0|001|179|||||5.750|0.00||||||||||||||||||||124000.00
F06Q10000466|200604|123000.00|0|002|178|||||5.750|0.00||||||||||||||||||||123000.00
F06Q10000466|200605|123000.00|0|003|177|||||5.750|0.00||||||||||||||||||||123000.00
F06Q10000466|200606|122000.00|0|004|176|||||5.750|0.00||||||||||||||||||||122000.00
F06Q10000466|200607|122000.00|0|005|175|||||5.750|0.00||||||||||||||||||||122000.00
F06Q10000466|200608|121000.00|0|006|174|||||5.750|0.00||||||||||||||||||||121000.00
F06Q10000466|200609|120906.98|0|007|173|||||5.750|0.00||||||||||||||||||||120906.98
F06Q10000466|200610|120456.62|0|008|172|||||5.750|0.00||||||||||||||||||||120456.62
F06Q10000466|200611|120004.10|0|009|171|||||5.750|0.00||||||||||||||||||||120004.10
F06Q10000466|200612|119549.41|0|010|170|||||5.750|0.00||||||||||||||||||||119549.41
F06Q10000466|200701|119092.54|0|011|169|||||5.750|0.00||||||||||||||||||||119092.54
F06Q10000466|200702|118633.48|0|012|168|||||5.750|0.00||||||||||||||||||||118633.48
F06Q10000466|200703|118172.22|0|013|167|||||5.750|0.00||||||||||||||||||||118172.22
F06Q10000466|200704|117708.75|0|014|166|||||5.750|0.00||||||||||||||||||||117708.75
F06Q10000466|200705|107195.14|0|015|165|||||5.750|0.00||||||||||||||||||||107195.14
F06Q10000466|200706|106679.07|0|016|164|||||5.750|0.00||||||||||||||||||||106679.07
F06Q10000466|200707|96112.61|0|017|163|||||5.750|0.00||||||||||||||||||||96112.61
F06Q10000466|200708|95543.44|0|018|162|||||5.750|0.00||||||||||||||||||||95543.44
F06Q10000466|200709|93971.54|0|019|161|||||5.750|0.00||||||||||||||||||||93971.54
F06Q10000466|200710|92392.11|0|020|160|||||5.750|0.00||||||||||||||||||||92392.11
F06Q10000466|200711|90805.11|0|021|159|||||5.750|0.00||||||||||||||||||||90805.11
F06Q10000466|200712|89210.51|0|022|158|||||5.750|0.00||||||||||||||||||||89210.51
F06Q10000466|200801|87608.27|0|023|157|||||5.750|0.00||||||||||||||||||||87608.27
F06Q10000466|200802|73998.35|0|024|156|||||5.750|0.00||||||||||||||||||||73998.35
F06Q10000466|200803|69323.22|0|025|155|||||5.750|0.00||||||||||||||||||||69323.22
F06Q10000466|200804|58587.35|0|026|154|||||5.750|0.00||||||||||||||||||||58587.35
F06Q10000466|200805|54238.62|0|027|153|||||5.750|0.00||||||||||||||||||||54238.62
F06Q10000466|200806|44968.80|0|028|152|||||5.750|0.00||||||||||||||||||||44968.80
F06Q10000466|200807|43154.57|0|029|151|||||5.750|0.00||||||||||||||||||||43154.57
F06Q10000466|200808|31283.73|0|030|150|||||5.750|0.00||||||||||||||||||||31283.73
F06Q10000466|200809|29403.92|0|031|149|||||5.750|0.00||||||||||||||||||||29403.92
F06Q10000466|200810|27515.10|0|032|148|||||5.750|0.00||||||||||||||||||||27515.10
F06Q10000466|200811|25617.23|0|033|147|||||5.750|0.00||||||||||||||||||||25617.23
F06Q10000466|200812|23710.27|0|034|146|||||5.750|0.00||||||||||||||||||||23710.27
F06Q10000466|200901|18129.80|0|035|145|||||5.750|0.00||||||||||||||||||||18129.80
F06Q10000466|200902|16186.96|0|036|144|||||5.750|0.00||||||||||||||||||||16186.96
F06Q10000466|200903|10220.44|0|037|143|||||5.750|0.00||||||||||||||||||||10220.44
F06Q10000466|200904|0.00|0|038|142|||01|200904|5.750|0.00|||||||||||||||10220.44|||||0.00
F06Q10000489|200602|75000.00|0|000|240|||||6.375|0.00||||||||||||||||||||75000.00
F06Q10000489|200603|75000.00|0|001|239|||||6.375|0.00||||||||||||||||||||75000.00
F06Q10000489|200604|74000.00|0|002|238|||||6.375|0.00||||||||||||||||||||74000.00
F06Q10000489|200605|74000.00|0|003|237|||||6.375|0.00||||||||||||||||||||74000.00
F06Q10000489|200606|74000.00|0|004|236|||||6.375|0.00||||||||||||||||||||74000.00
F06Q10000489|200607|74000.00|0|005|235|||||6.375|0.00||||||||||||||||||||74000.00
F06Q10000489|200608|74000.00|0|006|234|||||6.375|0.00||||||||||||||||||||74000.00
F06Q10000489|200609|73653.79|0|007|233|||||6.375|0.00||||||||||||||||||||73653.79
F06Q10000489|200610|73493.22|0|008|232|||||6.375|0.00||||||||||||||||||||73493.22
F06Q10000489|200611|73331.79|0|009|231|||||6.375|0.00||||||||||||||||||||73331.79
F06Q10000489|200612|73169.51|0|010|230|||||6.375|0.00||||||||||||||||||||73169.51
F06Q10000489|200701|73006.36|0|011|229|||||6.375|0.00||||||||||||||||||||73006.36
F06Q10000489|200702|72842.35|0|012|228|||||6.375|0.00||||||||||||||||||||72842.35
F06Q10000489|200703|72677.46|0|013|227|||||6.375|0.00||||||||||||||||||||72677.46
F06Q10000489|200704|72511.70|0|014|226|||||6.375|0.00||||||||||||||||||||72511.70
F06Q10000489|200705|72345.06|0|015|225|||||6.375|0.00||||||||||||||||||||72345.06
F06Q10000489|200706|72177.53|0|016|224|||||6.375|0.00||||||||||||||||||||72177.53
F06Q10000489|200707|72009.11|0|017|223|||||6.375|0.00||||||||||||||||||||72009.11
F06Q10000489|200708|71839.80|0|018|222|||||6.375|0.00||||||||||||||||||||71839.80
F06Q10000489|200709|71669.59|0|019|221|||||6.375|0.00||||||||||||||||||||71669.59
F06Q10000489|200710|71498.47|0|020|220|||||6.375|0.00||||||||||||||||||||71498.47
F06Q10000489|200711|71326.45|0|021|219|||||6.375|0.00||||||||||||||||||||71326.45
F06Q10000489|200712|71153.51|0|022|218|||||6.375|0.00||||||||||||||||||||71153.51
F06Q10000489|200801|70979.65|0|023|217|||||6.375|0.00||||||||||||||||||||70979.65
F06Q10000489|200802|70804.87|0|024|216|||||6.375|0.00||||||||||||||||||||70804.87
F06Q10000489|200803|70619.16|0|025|215|||||6.375|0.00||||||||||||||||||||70619.16
F06Q10000489|200804|70442.52|0|026|214|||||6.375|0.00||||||||||||||||||||70442.52
F06Q10000489|200805|70264.89|0|027|213|||||6.375|0.00||||||||||||||||||||70264.89
F06Q10000489|200806|70086.31|0|028|212|||||6.375|0.00||||||||||||||||||||70086.31
F06Q10000489|200807|69906.78|0|029|211|||||6.375|0.00||||||||||||||||||||69906.78
F06Q10000489|200808|69726.30|0|030|210|||||6.375|0.00||||||||||||||||||||69726.30
F06Q10000489|200809|69544.86|0|031|209|||||6.375|0.00||||||||||||||||||||69544.86
F06Q10000489|200810|69362.46|0|032|208|||||6.375|0.00||||||||||||||||||||69362.46
F06Q10000489|200811|69179.09|0|033|207|||||6.375|0.00||||||||||||||||||||69179.09
F06Q10000489|200812|68994.74|0|034|206|||||6.375|0.00||||||||||||||||||||68994.74
F06Q10000489|200901|68809.41|0|035|205|||||6.375|0.00||||||||||||||||||||68809.41
F06Q10000489|200902|68623.10|0|036|204|||||6.375|0.00||||||||||||||||||||68623.10
F06Q10000489|200903|68435.80|0|037|203|||||6.375|0.00||||||||||||||||||||68435.80
F06Q10000489|200904|68247.51|0|038|202|||||6.375|0.00||||||||||||||||||||68247.51
F06Q10000489|200905|68058.21|0|039|201|||||6.375|0.00||||||||||||||||||||68058.21
F06Q10000489|200906|67867.91|0|040|200|||||6.375|0.00||||||||||||||||||||67867.91
F06Q10000489|200907|67676.60|0|041|199|||||6.375|0.00||||||||||||||||||||67676.60
F06Q10000489|200908|67484.27|0|042|198|||||6.375|0.00||||||||||||||||||||67484.27
F06Q10000489|200909|67290.92|0|043|197|||||6.375|0.00||||||||||||||||||||67290.92
F06Q10000489|200910|67096.54|0|044|196|||||6.375|0.00||||||||||||||||||||67096.54
F06Q10000489|200911|66901.13|0|045|195|||||6.375|0.00||||||||||||||||||||66901.13
F06Q10000489|200912|66704.68|0|046|194|||||6.375|0.00||||||||||||||||||||66704.68
F06Q10000489|201001|65507.19|0|047|193|||||6.375|0.00||||||||||||||||||||65507.19
F06Q10000489|201002|65308.65|0|048|192|||||6.375|0.00||||||||||||||||||||65308.65
F06Q10000489|201003|65103.74|0|049|191|||||6.375|0.00||||||||||||||||||||65103.74
F06Q10000489|201004|64897.74|0|050|190|||||6.375|0.00||||||||||||||||||||64897.74
F06Q10000489|201005|64690.65|0|051|189|||||6.375|0.00||||||||||||||||||||64690.65
F06Q10000489|201006|64482.46|0|052|188|||||6.375|0.00||||||||||||||||||||64482.46
F06Q10000489|201007|64273.16|0|053|187|||||6.375|0.00||||||||||||||||||||64273.16
F06Q10000489|201008|0.00|0|054|186|||01|201008|6.375|0.00|||||||||||||||64273.16|||||0.00
F06Q10000623|200603|244000.00|0|000|360|||||6.250|0.00||||||||||||||||||||244000.00
F06Q10000623|200604|244000.00|0|001|359|||||6.250|0.00||||||||||||||||||||244000.00
F06Q10000623|200605|244000.00|0|002|358|||||6.250|0.00||||||||||||||||||||244000.00
F06Q10000623|200606|243000.00|0|003|357|||||6.250|0.00||||||||||||||||||||243000.00
F06Q10000623|200607|243000.00|0|004|356|||||6.250|0.00||||||||||||||||||||243000.00
F06Q10000623|200608|243000.00|0|005|355|||||6.250|0.00||||||||||||||||||||243000.00
F06Q10000623|200609|243000.00|0|006|354|||||6.250|0.00||||||||||||||||||||243000.00
F06Q10000623|200610|242353.84|0|007|353|||||6.250|0.00||||||||||||||||||||242353.84
F06Q10000623|200611|242113.75|0|008|352|||||6.250|0.00||||||||||||||||||||242113.75
F06Q10000623|200612|241872.41|0|009|351|||||6.250|0.00||||||||||||||||||||241872.41
F06Q10000623|200701|241629.81|0|010|350|||||6.250|0.00||||||||||||||||||||241629.81
F06Q10000623|200702|241385.95|0|011|349|||||6.250|0.00||||||||||||||||||||241385.95
F06Q10000623|200703|241140.82|0|012|348|||||6.250|0.00||||||||||||||||||||241140.82
F06Q10000623|200704|240894.41|0|013|347|||||6.250|0.00||||||||||||||||||||240894.41
F06Q10000623|200705|240646.72|0|014|346|||||6.250|0.00||||||||||||||||||||240646.72
F06Q10000623|200706|240397.74|0|015|345|||||6.250|0.00||||||||||||||||||||240397.74
F06Q10000623|200707|240147.46|0|016|344|||||6.250|0.00||||||||||||||||||||240147.46
F06Q10000623|200708|239895.88|0|017|343|||||6.250|0.00||||||||||||||||||||239895.88
F06Q10000623|200709|239642.99|0|018|342|||||6.250|0.00||||||||||||||||||||239642.99
F06Q10000623|200710|239388.78|0|019|341|||||6.250|0.00||||||||||||||||||||239388.78
F06Q10000623|200711|239133.25|0|020|340|||||6.250|0.00||||||||||||||||||||239133.25
F06Q10000623|200712|238876.39|0|021|339|||||6.250|0.00||||||||||||||||||||238876.39
F06Q10000623|200801|238618.19|0|022|338|||||6.250|0.00||||||||||||||||||||238618.19
F06Q10000623|200802|238358.64|0|023|337|||||6.250|0.00||||||||||||||||||||238358.64
F06Q10000623|200803|238097.74|0|024|336|||||6.250|0.00||||||||||||||||||||238097.74
F06Q10000623|200804|237835.48|0|025|335|||||6.250|0.00||||||||||||||||||||237835.48
F06Q10000623|200805|237571.86|0|026|334|||||6.250|0.00||||||||||||||||||||237571.86
F06Q10000623|200806|237571.86|0|027|333|||||6.250|0.00||||||||||||||||||||237571.86
F06Q10000623|200807|237040.48|0|028|332|||||6.250|0.00||||||||||||||||||||237040.48
F06Q10000623|200808|236951.48|0|029|331|||||6.250|0.00||||||||||||||||||||236951.48
F06Q10000623|200809|236503.56|0|030|330|||||6.250|0.00||||||||||||||||||||236503.56
F06Q10000623|200810|236233.00|0|031|329|||||6.250|0.00||||||||||||||||||||236233.00
F06Q10000623|200811|235961.03|0|032|328|||||6.250|0.00||||||||||||||||||||235961.03
F06Q10000623|200812|235687.64|0|033|327|||||6.250|0.00||||||||||||||||||||235687.64
F06Q10000623|200901|0.00|0|034|326|||01|200901|6.250|0.00|||||||||||||||235687.64|||||0.00
F06Q10000637|200602|50000.00|0|000|180|||||6.000|0.00||||||||||||||||||||50000.00
F06Q10000637|200603|50000.00|0|001|179|||||6.000|0.00||||||||||||||||||||50000.00
F06Q10000637|200604|50000.00|0|002|178|||||6.000|0.00||||||||||||||||||||50000.00
F06Q10000637|200605|49000.00|0|003|177|||||6.000|0.00||||||||||||||||||||49000.00
F06Q10000637|200606|49000.00|0|004|176|||||6.000|0.00||||||||||||||||||||49000.00
F06Q10000637|200607|49000.00|0|005|175|||||6.000|0.00||||||||||||||||||||49000.00
F06Q10000637|200608|49000.00|0|006|174|||||6.000|0.00||||||||||||||||||||49000.00
F06Q10000637|200609|47276.18|0|007|173|||||6.000|0.00||||||||||||||||||||47276.18
F06Q10000637|200610|47037.56|0|008|172|||||6.000|0.00||||||||||||||||||||47037.56
F06Q10000637|200611|46547.12|0|009|171|||||6.000|0.00||||||||||||||||||||46547.12
F06Q10000637|200612|46179.86|0|010|170|||||6.000|0.00||||||||||||||||||||46179.86
F06Q10000637|200701|45810.76|0|011|169|||||6.000|0.00||||||||||||||||||||45810.76
F06Q10000637|200702|44637.80|0|012|168|||||6.000|0.00||||||||||||||||||||44637.80
F06Q10000637|200703|44260.99|0|013|167|||||6.000|0.00||||||||||||||||||||44260.99
F06Q10000637|200704|43882.29|0|014|166|||||6.000|0.00||||||||||||||||||||43882.29
F06Q10000637|200705|43501.70|0|015|165|||||6.000|0.00||||||||||||||||||||43501.70
F06Q10000637|200706|43119.21|0|016|164|||||6.000|0.00||||||||||||||||||||43119.21
F06Q10000637|200707|42734.81|0|017|163|||||6.000|0.00||||||||||||||||||||42734.81
F06Q10000637|200708|42348.49|0|018|162|||||6.000|0.00||||||||||||||||||||42348.49
F06Q10000637|200709|41960.23|0|019|161|||||6.000|0.00||||||||||||||||||||41960.23
F06Q10000637|200710|41570.03|0|020|160|||||6.000|0.00||||||||||||||||||||41570.03
F06Q10000637|200711|41177.88|0|021|159|||||6.000|0.00||||||||||||||||||||41177.88
F06Q10000637|200712|40783.77|0|022|158|||||6.000|0.00||||||||||||||||||||40783.77
F06Q10000637|200801|40387.69|0|023|157|||||6.000|0.00||||||||||||||||||||40387.69
F06Q10000637|200802|39989.63|0|024|156|||||6.000|0.00||||||||||||||||||||39989.63
F06Q10000637|200803|39589.58|0|025|155|||||6.000|0.00||||||||||||||||||||39589.58
F06Q10000637|200804|39187.53|0|026|154|||||6.000|0.00||||||||||||||||||||39187.53
F06Q10000637|200805|38783.47|0|027|153|||||6.000|0.00||||||||||||||||||||38783.47
F06Q10000637|200806|38377.39|0|028|152|||||6.000|0.00||||||||||||||||||||38377.39
F06Q10000637|200807|37969.28|0|029|151|||||6.000|0.00||||||||||||||||||||37969.28
F06Q10000637|200808|37559.13|0|030|150|||||6.000|0.00||||||||||||||||||||37559.13
F06Q10000637|200809|37146.93|0|031|149|||||6.000|0.00||||||||||||||||||||37146.93
F06Q10000637|200810|0.00|0|032|148|||01|200810|6.000|0.00|||||||||||||||37146.93|||||0.00
F06Q10000685|200603|221000.00|0|000|360|||||6.250|0.00||||||||||||||||||||221000.00
F06Q10000685|200604|221000.00|0|001|359|||||6.250|0.00||||||||||||||||||||221000.00
F06Q10000685|200605|221000.00|0|002|358|||||6.250|0.00||||||||||||||||||||221000.00
F06Q10000685|200606|220000.00|0|003|357|||||6.250|0.00||||||||||||||||||||220000.00
F06Q10000685|200607|220000.00|0|004|356|||||6.250|0.00||||||||||||||||||||220000.00
F06Q10000685|200608|220000.00|0|005|355|||||6.250|0.00||||||||||||||||||||220000.00
F06Q10000685|200609|220000.00|0|006|354|||||6.250|0.00||||||||||||||||||||220000.00
F06Q10000685|200610|219508.97|0|007|353|||||6.250|0.00||||||||||||||||||||219508.97
F06Q10000685|200611|219291.51|0|008|352|||||6.250|0.00||||||||||||||||||||219291.51
F06Q10000685|200612|219072.91|0|009|351|||||6.250|0.00||||||||||||||||||||219072.91
F06Q10000685|200701|218853.17|0|010|350|||||6.250|0.00||||||||||||||||||||218853.17
F06Q10000685|200702|218632.29|0|011|349|||||6.250|0.00||||||||||||||||||||218632.29
F06Q10000685|200703|218410.26|0|012|348|||||6.250|0.00||||||||||||||||||||218410.26
F06Q10000685|200704|218187.07|0|013|347|||||6.250|0.00||||||||||||||||||||218187.07
F06Q10000685|200705|217962.72|0|014|346|||||6.250|0.00||||||||||||||||||||217962.72
F06Q10000685|200706|217737.20|0|015|345|||||6.250|0.00||||||||||||||||||||217737.20
F06Q10000685|200707|217510.51|0|016|344|||||6.250|0.00||||||||||||||||||||217510.51
F06Q10000685|200708|217282.64|0|017|343|||||6.250|0.00||||||||||||||||||||217282.64
F06Q10000685|200709|217053.58|0|018|342|||||6.250|0.00||||||||||||||||||||217053.58
F06Q10000685|200710|216823.33|0|019|341|||||6.250|0.00||||||||||||||||||||216823.33
F06Q10000685|200711|216591.88|0|020|340|||||6.250|0.00||||||||||||||||||||216591.88
F06Q10000685|200712|216591.88|0|021|339|||||6.250|0.00||||||||||||||||||||216591.88
F06Q10000685|200801|216125.35|0|022|338|||||6.250|0.00||||||||||||||||||||216125.35
F06Q10000685|200802|215890.26|0|023|337|||||6.250|0.00||||||||||||||||||||215890.26
F06Q10000685|200803|215653.95|0|024|336|||||6.250|0.00||||||||||||||||||||215653.95
F06Q10000685|200804|215416.41|0|025|335|||||6.250|0.00||||||||||||||||||||215416.41
F06Q10000685|200805|215177.63|0|026|334|||||6.250|0.00||||||||||||||||||||215177.63
F06Q10000685|200806|214937.61|0|027|333|||||6.250|0.00||||||||||||||||||||214937.61
F06Q10000685|200807|214696.34|0|028|332|||||6.250|0.00||||||||||||||||||||214696.34
F06Q10000685|200808|214453.81|0|029|331|||||6.250|0.00||||||||||||||||||||214453.81
F06Q10000685|200809|214210.02|0|030|330|||||6.250|0.00||||||||||||||||||||214210.02
F06Q10000685|200810|213964.96|0|031|329|||||6.250|0.00||||||||||||||||||||213964.96
F06Q10000685|200811|213964.96|0|032|328|||||6.250|0.00||||||||||||||||||||213964.96
F06Q10000685|200812|213471.00|0|033|327|||||6.250|0.00||||||||||||||||||||213471.00
F06Q10000685|200901|213222.09|0|034|326|||||6.250|0.00||||||||||||||||||||213222.09
F06Q10000685|200902|213222.09|0|035|325|||||6.250|0.00||||||||||||||||||||213222.09
F06Q10000685|200903|212971.88|0|036|324|||||6.250|0.00||||||||||||||||||||212971.88
F06Q10000685|200904|212467.55|0|037|323|||||6.250|0.00||||||||||||||||||||212467.55
F06Q10000685|200905|212213.41|0|038|322|||||6.250|0.00||||||||||||||||||||212213.41
F06Q10000685|200906|211957.95|0|039|321|||||6.250|0.00||||||||||||||||||||211957.95
F06Q10000685|200907|211957.95|0|040|320|||||6.250|0.00||||||||||||||||||||211957.95
F06Q10000685|200908|211443.03|0|041|319|||||6.250|0.00||||||||||||||||||||211443.03
F06Q10000685|200909|211165.35|0|042|318|||||6.250|0.00||||||||||||||||||||211165.35
F06Q10000685|200910|211165.35|0|043|317|||||6.250|0.00||||||||||||||||||||211165.35
F06Q10000685|200911|210642.15|0|044|316|||||6.250|0.00||||||||||||||||||||210642.15
F06Q10000685|200912|210378.50|0|045|315|||||6.250|0.00||||||||||||||||||||210378.50
F06Q10000685|201001|210113.48|0|046|314|||||6.250|0.00||||||||||||||||||||210113.48
F06Q10000685|201002|210113.48|0|047|313|||||6.250|0.00||||||||||||||||||||210113.48
F06Q10000685|201003|209579.29|0|048|312|||||6.250|0.00||||||||||||||||||||209579.29
F06Q10000685|201004|209579.29|0|049|311|||||6.250|0.00||||||||||||||||||||209579.29
F06Q10000685|201005|209310.11|0|050|310|||||6.250|0.00||||||||||||||||||||209310.11
F06Q10000685|201006|208767.54|0|051|309|||||6.250|0.00||||||||||||||||||||208767.54
F06Q10000685|201007|208767.54|0|052|308|||||6.250|0.00||||||||||||||||||||208767.54
F06Q10000685|201008|208219.30|0|053|307|||||6.250|0.00||||||||||||||||||||208219.30
F06Q10000685|201009|207943.04|0|054|306|||||6.250|0.00||||||||||||||||||||207943.04
F06Q10000685|201010|207665.34|0|055|305|||||6.250|0.00||||||||||||||||||||207665.34
F06Q10000685|201011|207386.19|0|056|304|||||6.250|0.00||||||||||||||||||||207386.19
F06Q10000685|201012|207105.59|0|057|303|||||6.250|0.00||||||||||||||||||||207105.59
F06Q10000685|201101|207105.59|0|058|302|||||6.250|0.00||||||||||||||||||||207105.59
F06Q10000685|201102|206539.99|0|059|301|||||6.250|0.00||||||||||||||||||||206539.99
F06Q10000685|201103|206254.98|0|060|300|||||6.250|0.00||||||||||||||||||||206254.98
F06Q10000685|201104|205968.48|0|061|299|||||6.250|0.00||||||||||||||||||||205968.48
F06Q10000685|201105|205968.48|0|062|298|||||6.250|0.00||||||||||||||||||||205968.48
F06Q10000685|201106|205391.00|0|063|297|||||6.250|0.00||||||||||||||||||||205391.00
F06Q10000685|201107|205391.00|0|064|296|||||6.250|0.00||||||||||||||||||||205391.00
F06Q10000685|201108|204807.49|0|065|295|||||6.250|0.00||||||||||||||||||||204807.49
F06Q10000685|201109|204807.49|0|066|294|||||6.250|0.00||||||||||||||||||||204807.49
F06Q10000685|201110|204513.46|0|067|293|||||6.250|0.00||||||||||||||||||||204513.46
F06Q10000685|201111|203920.78|0|068|292|||||6.250|0.00||||||||||||||||||||203920.78
F06Q10000685|201112|203920.78|0|069|291|||||6.250|0.00||||||||||||||||||||203920.78
F06Q10000685|201201|203622.13|0|070|290|||||6.250|0.00||||||||||||||||||||203622.13
F06Q10000685|201202|203321.92|0|071|289|||||6.250|0.00||||||||||||||||||||203321.92
F06Q10000685|201203|203020.15|0|072|288|||||6.250|0.00||||||||||||||||||||203020.15
F06Q10000685|201204|202716.81|0|073|287|||||6.250|0.00||||||||||||||||||||202716.81
F06Q10000685|201205|202411.89|0|074|286|||||6.250|0.00||||||||||||||||||||202411.89
F06Q10000685|201206|202105.38|0|075|285|||||6.250|0.00||||||||||||||||||||202105.38
F06Q10000685|201207|201797.27|0|076|284|||||6.250|0.00||||||||||||||||||||201797.27
F06Q10000685|201208|201487.56|1|077|283|||||6.250|0.00||||||||||||||||||||201487.56
F06Q10000685|201209|201176.23|1|078|282|||||6.250|0.00||||||||||||||||||||201176.23
F06Q10000685|201210|200863.28|1|079|281|||||6.250|0.00||||||||||||||||||||200863.28
F06Q10000685|201211|200863.28|2|080|280|||||6.250|0.00||||||||||||||||||||200863.28
F06Q10000685|201212|200863.28|3|081|279|||||6.250|0.00||||||||||||||||||||200863.28
F06Q10000685|201301|200863.28|3|082|278|||||6.250|0.00||||||||||||||||||||200863.28
F06Q10000685|201302|200548.70|3|083|277|||||6.250|0.00||||||||||||||||||||200548.70
F06Q10000685|201303|200232.48|4|084|276|||||6.250|0.00||||||||||||||||||||200232.48
F06Q10000685|201304|206507.35|0|085|275|||||6.250|14690.80||||||||||||||||||||191816.55
F06Q10000685|201305|206182.23|0|001|479||Y|||4.000|14690.80||||||||||||N|||||||431.89|191491.43
F06Q10000685|201306|206137.23|0|002|478||P|||4.000|14690.80||||||||||||N|||||||431.28|191446.43
F06Q10000685|201307|205973.70|0|003|477||P|||4.000|14690.80||||||||||||N|||||||431.19|191282.90
F06Q10000685|201308|205809.63|0|004|476||P|||4.000|14690.80||||||||||||N|||||||430.89|191118.83
F06Q10000685|201309|205809.63|0|005|475||P|||4.000|14690.80||||||||||||N|||||||430.58|191118.83
F06Q10000685|201310|205645.01|0|006|474||P|||4.000|14690.80||||||||||||N|||||||430.58|190954.21
F06Q10000685|201311|205314.12|0|007|473||P|||4.000|14690.80||||||||||||N|||||||430.27|190623.32
F06Q10000685|201312|205314.12|0|008|472||P|||4.000|14690.80||||||||||||N|||||||429.65|190623.32
F06Q10000685|201401|204981.03|0|009|471||P|||4.000|14690.80||||||||||||N|||||||429.65|190290.23
F06Q10000685|201402|204981.03|0|010|470||P|||4.000|14690.80||||||||||||N|||||||429.02|190290.23
F06Q10000685|201403|204645.71|0|011|469||P|||4.000|14690.80||||||||||||N|||||||429.02|189954.91
F06Q10000685|201404|204645.71|0|012|468||P|||4.000|14690.80||||||||||||N|||||||428.40|189954.91
F06Q10000685|201405|204308.15|0|013|467||P|||4.000|14690.80||||||||||||N|||||||428.40|189617.35
F06Q10000685|201406|204308.15|0|014|466||P|||4.000|14690.80||||||||||||N|||||||427.76|189617.35
F06Q10000685|201407|203968.34|0|015|465||P|||4.000|14690.80||||||||||||N|||||||427.76|189277.54
F06Q10000685|201408|203797.59|0|016|464||P|||4.000|14690.80||||||||||||N|||||||427.13|189106.79
F06Q10000685|201409|203626.27|0|017|463||P|||4.000|14690.80||||||||||||N|||||||426.80|188935.47
F06Q10000685|201410|203454.37|0|018|462||P|||4.000|14690.80||||||||||||N|||||||426.48|188763.57
F06Q10000685|201411|203281.90|0|019|461||P|||4.000|14690.80||||||||||||N|||||||426.16|188591.10
F06Q10000685|201412|203108.86|0|020|460||P|||4.000|14690.80||||||||||||N|||||||425.84|188418.06
F06Q10000685|201501|202935.24|0|021|459||P|||4.000|14690.80||||||||||||N|||||||425.51|188244.44
F06Q10000685|201502|202761.04|0|022|458||P|||4.000|14690.80||||||||||||N|||||||425.19|188070.24
F06Q10000685|201503|202761.04|0|023|457||P|||4.000|14690.80||||||||||||N|||||||424.86|188070.24
F06Q10000685|201504|202410.90|0|024|456||P|||4.000|14690.80||||||||||||N|||||||424.86|187720.10
F06Q10000685|201505|202234.95|0|025|455||P|||4.000|14690.80||||||||||||N|||||||424.20|187544.15
F06Q10000685|201506|202058.42|0|026|454||P|||4.000|14690.80||||||||||||N|||||||423.88|187367.62
F06Q10000685|201507|201881.30|0|027|453||P|||4.000|14690.80||||||||||||N|||||||423.54|187190.50
F06Q10000685|201508|201881.30|0|028|452||P|||4.000|14690.80||||||||||||N|||||||423.21|187190.50
F06Q10000685|201509|201525.29|0|029|451||P|||4.000|14690.80||||||||||||N|||||||423.21|186834.49
F06Q10000685|201510|201346.39|0|030|450||P|||4.000|14690.80||||||||||||N|||||||422.54|186655.59
F06Q10000685|201511|201166.90|0|031|449||P|||4.000|14690.80||||||||||||N|||||||422.21|186476.10
F06Q10000685|201512|200986.81|0|032|448||P|||4.000|14690.80||||||||||||N|||||||421.87|186296.01
F06Q10000685|201601|200806.12|0|033|447||P|||4.000|14690.80||||||||||||N|||||||421.53|186115.32
F06Q10000685|201602|200806.12|0|034|446||P|||4.000|14690.80||||||||||||N|||||||421.20|186115.32
F06Q10000685|201603|200442.92|0|035|445||P|||4.000|14690.80||||||||||||N|||||||421.20|185752.12
F06Q10000685|201604|200260.41|0|036|444||P|||4.000|14690.80||||||||||||N|||||||420.51|185569.61
F06Q10000685|201605|200077.30|0|037|443||P|||4.000|14690.80||||||||||||N|||||||420.17|185386.50
F06Q10000685|201606|199893.57|0|038|442||P|||4.000|14690.80||||||||||||N|||||||419.83|185202.77
F06Q10000685|201607|199709.23|0|039|441||P|||4.000|14690.80||||||||||||N|||||||419.48|185018.43
F06Q10000685|201608|199524.28|0|040|440||P|||4.000|14690.80||||||||||||N|||||||419.14|184833.48
F06Q10000685|201609|199338.71|0|041|439||P|||4.000|14690.80||||||||||||N|||||||418.79|184647.91
F06Q10000685|201610|199152.52|0|042|438||P|||4.000|14690.80||||||||||||N|||||||418.44|184461.72
F06Q10000685|201611|198965.71|0|043|437||P|||4.000|14690.80||||||||||||N|||||||418.10|184274.91
F06Q10000685|201612|198778.28|0|044|436||P|||4.000|14690.80||||||||||||N|||||||417.75|184087.48
F06Q10000685|201701|198590.22|0|045|435||P|||4.000|14690.80||||||||||||N|||||||417.39|183899.42
F06Q10000685|201702|198590.22|0|046|434||P|||4.000|14690.80||||||||||||N|||||||417.04|183899.42
F06Q10000685|201703|198212.23|0|047|433||P|||4.000|14690.80||||||||||||N|||||||417.04|183521.43
F06Q10000685|201704|198212.23|0|048|432||P|||4.000|14690.80||||||||||||N||93|||||416.33|183521.43
F06Q10000685|201705|197831.71|0|049|431||P|||4.000|14690.80||||||||||||N||97|||||416.33|183140.91
F06Q10000685|201706|197831.71|0|050|430||P|||4.000|14690.80||||||||||||N||95|||||415.62|183140.91
F06Q10000685|201707|197640.50|0|051|429||P|||4.000|14690.80||||||||||||N||90|||||415.62|182949.70
F06Q10000685|201708|197448.65|0|052|428||P|||4.000|14690.80||||||||||||N||91|||||415.26|182757.85
F06Q10000685|201709|197256.16|0|053|427||P|||4.000|14690.80||||||||||||N||95|||||414.90|182565.36
F06Q10000685|201710|197063.03|0|054|426||P|||4.000|14690.80||||||||||||N||94|||||414.54|182372.23
F06Q10000685|201711|196869.26|0|055|425||P|||4.000|14690.80||||||||||||N||95|||||414.18|182178.46
F06Q10000685|201712|196479.77|0|056|424||P|||4.000|14690.80||||||||||||N||87|||||413.81|181788.97
F06Q10000685|201801|196284.05|0|057|423||P|||4.000|14690.80||||||||||||N||85|||||413.08|181593.25
F06Q10000685|201802|196284.05|0|058|422||P|||4.000|14690.80||||||||||||N||84|||||412.72|181593.25
F06Q10000685|201803|196087.68|0|059|421||P|||4.000|14690.80||||||||||||N||86|||||412.72|181396.88
F06Q10000685|201804|195890.66|1|060|420||P|||4.000|14690.80||||||||||||N||84|||||412.35|181199.86
F06Q10000685|201805|195890.66|1|061|419||P|||4.000|14690.80||||||||||||N||82|||||411.98|181199.86
F06Q10000685|201806|195692.98|1|062|418||P|||4.000|14690.80||||||||||||N||83|||||411.98|181002.18
F06Q10000685|201807|195494.64|1|063|417||P|||4.000|14690.80||||||||||||N||83|||||411.61|180803.84
F06Q10000685|201808|195295.64|1|064|416||P|||4.000|14690.80||||||||||||N||84|||||411.24|180604.84
F06Q10000685|201809|195095.98|2|065|415||P|||4.000|14690.80||||||||||||N||83|||||410.86|180405.18
F06Q10000685|201810|194895.65|1|066|414||P|||4.000|14690.80||||||||||||N||82|||||410.49|180204.85
F06Q10000685|201811|194492.98|1|067|413||P|||4.000|14690.80||||||||||||N||84|||||410.11|179802.18
F06Q10000685|201812|194290.64|1|068|412||P|||4.000|14690.80||||||||||||N||85|||||409.36|179599.84
F06Q10000685|201901|194087.63|0|069|411||P|||4.000|14690.80||||||||||||N||84|||||408.98|179396.83
F06Q10000685|201902|193883.94|0|070|410||P|||4.000|14690.80||||||||||||N||83|||||408.60|179193.14
F06Q10000685|201903|193679.57|0|071|409||P|||4.000|14690.80||||||||||||N||82|||||408.22|178988.77
F06Q10000685|201904|193474.52|0|072|408||P|||4.000|14690.80||||||||||||N||80|||||407.83|178783.72
F06Q10000685|201905|193062.37|0|073|407||P|||4.000|14690.80||||||||||||N||80|||||407.45|178371.57
F06Q10000685|201906|193062.37|1|074|406||P|||4.000|14690.80||||||||||||N||78|||||406.68|178371.57
F06Q10000685|201907|192562.22|0|075|405||P|||4.000|14690.80||||||||||||N||76|||||406.68|177871.42
F06Q10000685|201908|192353.44|0|076|404||P|||4.000|14690.80||||||||||||N||77|||||405.74|177662.64
F06Q10000685|201909|192143.97|0|077|403||P|||4.000|14690.80||||||||||||N||75|||||405.35|177453.17
F06Q10000685|201910|191933.80|0|078|402||P|||4.000|14690.80||||||||||||N||76|||||404.95|177243.00
F06Q10000685|201911|0.00|0|079|401||P|16|201911|4.000|0.00|201911||||||||||33101.57|N||77|191933.80||||404.56|0.00
F06Q10000761|200602|78000.00|0|000|360|||||6.375|0.00||||||||||||||||||||78000.00
F06Q10000761|200603|78000.00|0|001|359|||||6.375|0.00||||||||||||||||||||78000.00
F06Q10000761|200604|0.00|0|002|358|||01|200604|6.375|0.00|||||||||||||||77927.76|||||0.00
F06Q10000764|200602|101000.00|0|000|360|||||6.500|0.00||||||||||||||||||||101000.00
F06Q10000764|200603|101000.00|0|001|359|||||6.500|0.00||||||||||||||||||||101000.00
F06Q10000764|200604|101000.00|0|002|358|||||6.500|0.00||||||||||||||||||||101000.00
F06Q10000764|200605|101000.00|0|003|357|||||6.500|0.00||||||||||||||||||||101000.00
F06Q10000764|200606|101000.00|0|004|356|||||6.500|0.00||||||||||||||||||||101000.00
F06Q10000764|200607|101000.00|0|005|355|||||6.500|0.00||||||||||||||||||||101000.00
F06Q10000764|200608|100000.00|0|006|354|||||6.500|0.00||||||||||||||||||||100000.00
F06Q10000764|200609|100350.37|0|007|353|||||6.500|0.00||||||||||||||||||||100350.37
F06Q10000764|200610|100255.54|0|008|352|||||6.500|0.00||||||||||||||||||||100255.54
F06Q10000764|200611|100160.20|0|009|351|||||6.500|0.00||||||||||||||||||||100160.20
F06Q10000764|200612|100064.34|0|010|350|||||6.500|0.00||||||||||||||||||||100064.34
F06Q10000764|200701|99967.97|0|011|349|||||6.500|0.00||||||||||||||||||||99967.97
F06Q10000764|200702|99871.07|0|012|348|||||6.500|0.00||||||||||||||||||||99871.07
F06Q10000764|200703|99773.65|0|013|347|||||6.500|0.00||||||||||||||||||||99773.65
F06Q10000764|200704|99675.70|0|014|346|||||6.500|0.00||||||||||||||||||||99675.70
F06Q10000764|200705|99577.22|0|015|345|||||6.500|0.00||||||||||||||||||||99577.22
F06Q10000764|200706|99478.21|0|016|344|||||6.500|0.00||||||||||||||||||||99478.21
F06Q10000764|200707|99378.66|0|017|343|||||6.500|0.00||||||||||||||||||||99378.66
F06Q10000764|200708|99278.57|0|018|342|||||6.500|0.00||||||||||||||||||||99278.57
F06Q10000764|200709|99177.94|0|019|341|||||6.500|0.00||||||||||||||||||||99177.94
F06Q10000764|200710|99076.76|0|020|340|||||6.500|0.00||||||||||||||||||||99076.76
F06Q10000764|200711|98975.04|0|021|339|||||6.500|0.00||||||||||||||||||||98975.04
F06Q10000764|200712|98872.76|0|022|338|||||6.500|0.00||||||||||||||||||||98872.76
F06Q10000764|200801|98769.93|0|023|337|||||6.500|0.00||||||||||||||||||||98769.93
F06Q10000764|200802|98666.54|0|024|336|||||6.500|0.00||||||||||||||||||||98666.54
F06Q10000764|200803|98562.59|0|025|335|||||6.500|0.00||||||||||||||||||||98562.59
F06Q10000764|200804|98458.08|0|026|334|||||6.500|0.00||||||||||||||||||||98458.08
F06Q10000764|200805|98353.00|0|027|333|||||6.500|0.00||||||||||||||||||||98353.00
F06Q10000764|200806|98247.36|0|028|332|||||6.500|0.00||||||||||||||||||||98247.36
F06Q10000764|200807|98141.14|0|029|331|||||6.500|0.00||||||||||||||||||||98141.14
F06Q10000764|200808|98034.35|0|030|330|||||6.500|0.00||||||||||||||||||||98034.35
F06Q10000764|200809|97926.98|0|031|329|||||6.500|0.00||||||||||||||||||||97926.98
F06Q10000764|200810|97819.03|0|032|328|||||6.500|0.00||||||||||||||||||||97819.03
F06Q10000764|200811|97710.49|0|033|327|||||6.500|0.00||||||||||||||||||||97710.49
F06Q10000764|200812|97601.37|0|034|326|||||6.500|0.00||||||||||||||||||||97601.37
F06Q10000764|200901|97491.65|0|035|325|||||6.500|0.00||||||||||||||||||||97491.65
F06Q10000764|200902|97381.34|0|036|324|||||6.500|0.00||||||||||||||||||||97381.34
F06Q10000764|200903|97270.43|0|037|323|||||6.500|0.00||||||||||||||||||||97270.43
F06Q10000764|200904|97158.92|0|038|322|||||6.500|0.00||||||||||||||||||||97158.92
F06Q10000764|200905|97046.81|0|039|321|||||6.500|0.00||||||||||||||||||||97046.81
F06Q10000764|200906|96934.09|0|040|320|||||6.500|0.00||||||||||||||||||||96934.09
F06Q10000764|200907|96820.76|0|041|319|||||6.500|0.00||||||||||||||||||||96820.76
F06Q10000764|200908|96706.82|0|042|318|||||6.500|0.00||||||||||||||||||||96706.82
F06Q10000764|200909|96592.26|0|043|317|||||6.500|0.00||||||||||||||||||||96592.26
F06Q10000764|200910|96477.08|0|044|316|||||6.500|0.00||||||||||||||||||||96477.08
F06Q10000764|200911|96361.27|0|045|315|||||6.500|0.00||||||||||||||||||||96361.27
F06Q10000764|200912|96244.84|0|046|314|||||6.500|0.00||||||||||||||||||||96244.84
F06Q10000764|201001|96127.78|0|047|313|||||6.500|0.00||||||||||||||||||||96127.78
F06Q10000764|201002|96010.08|0|048|312|||||6.500|0.00||||||||||||||||||||96010.08
F06Q10000764|201003|95891.74|0|049|311|||||6.500|0.00||||||||||||||||||||95891.74
F06Q10000764|201004|0.00|0|050|310|||01|201004|6.500|0.00|||||||||||||||95891.74|||||0.00
F06Q10000828|200602|42000.00|0|000|180|||||5.875|0.00||||||||||||||||||||42000.00
F06Q10000828|200603|42000.00|0|001|179|||||5.875|0.00||||||||||||||||||||42000.00
F06Q10000828|200604|42000.00|0|002|178|||||5.875|0.00||||||||||||||||||||42000.00
F06Q10000828|200605|42000.00|0|003|177|||||5.875|0.00||||||||||||||||||||42000.00
F06Q10000828|200606|42000.00|0|004|176|||||5.875|0.00||||||||||||||||||||42000.00
F06Q10000828|200607|42000.00|0|005|175|||||5.875|0.00||||||||||||||||||||42000.00
F06Q10000828|200608|42000.00|0|006|174|||||5.875|0.00||||||||||||||||||||42000.00
F06Q10000828|200609|41504.96|0|007|173|||||5.875|0.00||||||||||||||||||||41504.96
F06Q10000828|200610|41353.22|0|008|172|||||5.875|0.00||||||||||||||||||||41353.22
F06Q10000828|200611|41200.74|0|009|171|||||5.875|0.00||||||||||||||||||||41200.74
F06Q10000828|200612|40893.53|0|010|170|||||5.875|0.00||||||||||||||||||||40893.53
F06Q10000828|200701|40893.53|0|011|169|||||5.875|0.00||||||||||||||||||||40893.53
F06Q10000828|200702|40738.80|0|012|168|||||5.875|0.00||||||||||||||||||||40738.80
F06Q10000828|200703|40583.31|0|013|167|||||5.875|0.00||||||||||||||||||||40583.31
F06Q10000828|200704|40427.06|0|014|166|||||5.875|0.00||||||||||||||||||||40427.06
F06Q10000828|200705|40270.04|0|015|165|||||5.875|0.00||||||||||||||||||||40270.04
F06Q10000828|200706|40112.25|0|016|164|||||5.875|0.00||||||||||||||||||||40112.25
F06Q10000828|200707|39953.69|0|017|163|||||5.875|0.00||||||||||||||||||||39953.69
F06Q10000828|200708|39794.35|0|018|162|||||5.875|0.00||||||||||||||||||||39794.35
F06Q10000828|200709|39634.23|0|019|161|||||5.875|0.00||||||||||||||||||||39634.23
F06Q10000828|200710|39311.63|0|020|160|||||5.875|0.00||||||||||||||||||||39311.63
F06Q10000828|200711|39311.63|0|021|159|||||5.875|0.00||||||||||||||||||||39311.63
F06Q10000828|200712|38985.88|0|022|158|||||5.875|0.00||||||||||||||||||||38985.88
F06Q10000828|200801|38821.81|0|023|157|||||5.875|0.00||||||||||||||||||||38821.81
F06Q10000828|200802|38656.94|0|024|156|||||5.875|0.00||||||||||||||||||||38656.94
F06Q10000828|200803|38656.94|0|025|155|||||5.875|0.00||||||||||||||||||||38656.94
F06Q10000828|200804|38491.26|0|026|154|||||5.875|0.00||||||||||||||||||||38491.26
F06Q10000828|200805|38324.77|0|027|153|||||5.875|0.00||||||||||||||||||||38324.77
F06Q10000828|200806|37989.33|0|028|152|||||5.875|0.00||||||||||||||||||||37989.33
F06Q10000828|200807|37989.33|0|029|151|||||5.875|0.00||||||||||||||||||||37989.33
F06Q10000828|200808|37650.60|0|030|150|||||5.875|0.00||||||||||||||||||||37650.60
F06Q10000828|200809|37650.60|0|031|149|||||5.875|0.00||||||||||||||||||||37650.60
F06Q10000828|200810|37308.55|0|032|148|||||5.875|0.00||||||||||||||||||||37308.55
F06Q10000828|200811|37308.55|0|033|147|||||5.875|0.00||||||||||||||||||||37308.55
F06Q10000828|200812|36963.14|0|034|146|||||5.875|0.00||||||||||||||||||||36963.14
F06Q10000828|200901|36789.17|0|035|145|||||5.875|0.00||||||||||||||||||||36789.17
F06Q10000828|200902|36614.34|0|036|144|||||5.875|0.00||||||||||||||||||||36614.34
F06Q10000828|200903|36614.34|0|037|143|||||5.875|0.00||||||||||||||||||||36614.34
F06Q10000828|200904|36262.12|0|038|142|||||5.875|0.00||||||||||||||||||||36262.12
F06Q10000828|200905|36084.71|0|039|141|||||5.875|0.00||||||||||||||||||||36084.71
F06Q10000828|200906|35906.43|0|040|140|||||5.875|0.00||||||||||||||||||||35906.43
F06Q10000828|200907|35727.28|0|041|139|||||5.875|0.00||||||||||||||||||||35727.28
F06Q10000828|200908|35727.28|0|042|138|||||5.875|0.00||||||||||||||||||||35727.28
F06Q10000828|200909|35352.10|0|043|137|||||5.875|0.00||||||||||||||||||||35352.10
F06Q10000828|200910|35170.31|0|044|136|||||5.875|0.00||||||||||||||||||||35170.31
F06Q10000828|200911|35170.31|0|045|135|||||5.875|0.00||||||||||||||||||||35170.31
F06Q10000828|200912|34803.90|0|046|134|||||5.875|0.00||||||||||||||||||||34803.90
F06Q10000828|201001|34619.35|0|047|133|||||5.875|0.00||||||||||||||||||||34619.35
F06Q10000828|201002|34619.35|0|048|132|||||5.875|0.00||||||||||||||||||||34619.35
F06Q10000828|201003|34247.54|0|049|131|||||5.875|0.00||||||||||||||||||||34247.54
F06Q10000828|201004|34060.27|0|050|130|||||5.875|0.00||||||||||||||||||||34060.27
F06Q10000828|201005|33872.08|0|051|129|||||5.875|0.00||||||||||||||||||||33872.08
F06Q10000828|201006|33682.97|0|052|128|||||5.875|0.00||||||||||||||||||||33682.97
F06Q10000828|201007|33492.94|0|053|127|||||5.875|0.00||||||||||||||||||||33492.94
F06Q10000828|201008|33301.98|0|054|126|||||5.875|0.00||||||||||||||||||||33301.98
F06Q10000828|201009|33110.08|0|055|125|||||5.875|0.00||||||||||||||||||||33110.08
F06Q10000828|201010|32917.24|0|056|124|||||5.875|0.00||||||||||||||||||||32917.24
F06Q10000828|201011|32723.46|0|057|123|||||5.875|0.00||||||||||||||||||||32723.46
F06Q10000828|201012|32528.73|0|058|122|||||5.875|0.00||||||||||||||||||||32528.73
F06Q10000828|201101|32333.05|0|059|121|||||5.875|0.00||||||||||||||||||||32333.05
F06Q10000828|201102|32136.41|0|060|120|||||5.875|0.00||||||||||||||||||||32136.41
F06Q10000828|201103|31938.80|0|061|119|||||5.875|0.00||||||||||||||||||||31938.80
F06Q10000828|201104|31740.23|0|062|118|||||5.875|0.00||||||||||||||||||||31740.23
F06Q10000828|201105|31540.68|0|063|117|||||5.875|0.00||||||||||||||||||||31540.68
F06Q10000828|201106|31340.16|0|064|116|||||5.875|0.00||||||||||||||||||||31340.16
F06Q10000828|201107|31138.66|0|065|115|||||5.875|0.00||||||||||||||||||||31138.66
F06Q10000828|201108|30936.17|0|066|114|||||5.875|0.00||||||||||||||||||||30936.17
F06Q10000828|201109|30732.69|0|067|113|||||5.875|0.00||||||||||||||||||||30732.69
F06Q10000828|201110|30528.21|0|068|112|||||5.875|0.00||||||||||||||||||||30528.21
F06Q10000828|201111|30322.73|0|069|111|||||5.875|0.00||||||||||||||||||||30322.73
F06Q10000828|201112|30116.25|0|070|110|||||5.875|0.00||||||||||||||||||||30116.25
F06Q10000828|201201|29908.75|0|071|109|||||5.875|0.00||||||||||||||||||||29908.75
F06Q10000828|201202|29700.24|0|072|108|||||5.875|0.00||||||||||||||||||||29700.24
F06Q10000828|201203|29490.71|0|073|107|||||5.875|0.00||||||||||||||||||||29490.71
F06Q10000828|201204|29280.15|0|074|106|||||5.875|0.00||||||||||||||||||||29280.15
F06Q10000828|201205|29068.56|0|075|105|||||5.875|0.00||||||||||||||||||||29068.56
F06Q10000828|201206|28855.93|0|076|104|||||5.875|0.00||||||||||||||||||||28855.93
F06Q10000828|201207|28642.26|0|077|103|||||5.875|0.00||||||||||||||||||||28642.26
F06Q10000828|201208|28427.55|0|078|102|||||5.875|0.00||||||||||||||||||||28427.55
F06Q10000828|201209|28211.79|0|079|101|||||5.875|0.00||||||||||||||||||||28211.79
F06Q10000828|201210|27994.97|0|080|100|||||5.875|0.00||||||||||||||||||||27994.97
F06Q10000828|201211|27777.09|0|081|099|||||5.875|0.00||||||||||||||||||||27777.09
F06Q10000828|201212|27558.14|0|082|098|||||5.875|0.00||||||||||||||||||||27558.14
F06Q10000828|201301|27338.12|0|083|097|||||5.875|0.00||||||||||||||||||||27338.12
F06Q10000828|201302|27117.02|0|084|096|||||5.875|0.00||||||||||||||||||||27117.02
F06Q10000828|201303|26894.84|0|085|095|||||5.875|0.00||||||||||||||||||||26894.84
F06Q10000828|201304|26671.57|0|086|094|||||5.875|0.00||||||||||||||||||||26671.57
F06Q10000828|201305|26447.21|0|087|093|||||5.875|0.00||||||||||||||||||||26447.21
F06Q10000828|201306|26221.75|0|088|092|||||5.875|0.00||||||||||||||||||||26221.75
F06Q10000828|201307|25995.19|0|089|091|||||5.875|0.00||||||||||||||||||||25995.19
F06Q10000828|201308|25767.52|0|090|090|||||5.875|0.00||||||||||||||||||||25767.52
F06Q10000828|201309|25538.73|0|091|089|||||5.875|0.00||||||||||||||||||||25538.73
F06Q10000828|201310|25308.82|0|092|088|||||5.875|0.00||||||||||||||||||||25308.82
F06Q10000828|201311|25077.79|0|093|087|||||5.875|0.00||||||||||||||||||||25077.79
F06Q10000828|201312|24845.63|0|094|086|||||5.875|0.00||||||||||||||||||||24845.63
F06Q10000828|201401|24612.33|0|095|085|||||5.875|0.00||||||||||||||||||||24612.33
F06Q10000828|201402|24377.89|0|096|084|||||5.875|0.00||||||||||||||||||||24377.89
F06Q10000828|201403|24142.30|0|097|083|||||5.875|0.00||||||||||||||||||||24142.30
F06Q10000828|201404|23905.56|0|098|082|||||5.875|0.00||||||||||||||||||||23905.56
F06Q10000828|201405|23667.66|0|099|081|||||5.875|0.00||||||||||||||||||||23667.66
F06Q10000828|201406|23428.59|0|100|080|||||5.875|0.00||||||||||||||||||||23428.59
F06Q10000828|201407|23188.35|0|101|079|||||5.875|0.00||||||||||||||||||||23188.35
F06Q10000828|201408|22946.94|0|102|078|||||5.875|0.00||||||||||||||||||||22946.94
F06Q10000828|201409|22704.34|0|103|077|||||5.875|0.00||||||||||||||||||||22704.34
F06Q10000828|201410|22460.56|0|104|076|||||5.875|0.00||||||||||||||||||||22460.56
F06Q10000828|201411|22215.58|0|105|075|||||5.875|0.00||||||||||||||||||||22215.58
F06Q10000828|201412|22215.58|0|106|074|||||5.875|0.00||||||||||||||||||||22215.58
F06Q10000828|201501|21722.02|0|107|073|||||5.875|0.00||||||||||||||||||||21722.02
F06Q10000828|201502|21473.43|0|108|072|||||5.875|0.00||||||||||||||||||||21473.43
F06Q10000828|201503|21223.62|0|109|071|||||5.875|0.00||||||||||||||||||||21223.62
F06Q10000828|201504|20972.59|0|110|070|||||5.875|0.00||||||||||||||||||||20972.59
F06Q10000828|201505|20720.33|0|111|069|||||5.875|0.00||||||||||||||||||||20720.33
F06Q10000828|201506|20466.83|0|112|068|||||5.875|0.00||||||||||||||||||||20466.83
F06Q10000828|201507|20212.09|0|113|067|||||5.875|0.00||||||||||||||||||||20212.09
F06Q10000828|201508|19956.11|0|114|066|||||5.875|0.00||||||||||||||||||||19956.11
F06Q10000828|201509|19698.87|0|115|065|||||5.875|0.00||||||||||||||||||||19698.87
F06Q10000828|201510|19440.37|0|116|064|||||5.875|0.00||||||||||||||||||||19440.37
F06Q10000828|201511|19180.61|0|117|063|||||5.875|0.00||||||||||||||||||||19180.61
F06Q10000828|201512|18919.58|0|118|062|||||5.875|0.00||||||||||||||||||||18919.58
F06Q10000828|201601|18657.27|0|119|061|||||5.875|0.00||||||||||||||||||||18657.27
F06Q10000828|201602|18393.67|0|120|060|||||5.875|0.00||||||||||||||||||||18393.67
F06Q10000828|201603|18128.78|0|121|059|||||5.875|0.00||||||||||||||||||||18128.78
F06Q10000828|201604|17862.60|0|122|058|||||5.875|0.00||||||||||||||||||||17862.60
F06Q10000828|201605|17550.05|0|123|057|||||5.875|0.00||||||||||||||||||||17550.05
F06Q10000828|201606|17236.19|0|124|056|||||5.875|0.00||||||||||||||||||||17236.19
F06Q10000828|201607|16920.80|0|125|055|||||5.875|0.00||||||||||||||||||||16920.80
F06Q10000828|201608|16603.86|0|126|054|||||5.875|0.00||||||||||||||||||||16603.86
F06Q10000828|201609|16285.37|0|127|053|||||5.875|0.00||||||||||||||||||||16285.37
F06Q10000828|201610|15965.32|0|128|052|||||5.875|0.00||||||||||||||||||||15965.32
F06Q10000828|201611|15643.70|0|129|051|||||5.875|0.00||||||||||||||||||||15643.70
F06Q10000828|201612|15320.51|0|130|050|||||5.875|0.00||||||||||||||||||||15320.51
F06Q10000828|201701|14995.74|0|131|049|||||5.875|0.00||||||||||||||||||||14995.74
F06Q10000828|201702|14669.38|0|132|048|||||5.875|0.00||||||||||||||||||||14669.38
F06Q10000828|201703|14341.42|0|133|047|||||5.875|0.00||||||||||||||||||||14341.42
F06Q10000828|201704|13911.85|0|134|046|||||5.875|0.00||||||||||||||21||||||13911.85
F06Q10000828|201705|13479.96|0|135|045|||||5.875|0.00||||||||||||||18||||||13479.96
F06Q10000828|201706|13046.67|0|136|044|||||5.875|0.00||||||||||||||22||||||13046.67
F06Q10000828|201707|12610.54|0|137|043|||||5.875|0.00||||||||||||||999||||||12610.54
F06Q10000828|201708|12172.99|0|138|042|||||5.875|0.00||||||||||||||999||||||12172.99
F06Q10000828|201709|11733.30|0|139|041|||||5.875|0.00||||||||||||||999||||||11733.30
F06Q10000828|201710|11291.45|0|140|040|||||5.875|0.00||||||||||||||999||||||11291.45
F06Q10000828|201711|10847.44|0|141|039|||||5.875|0.00||||||||||||||999||||||10847.44
F06Q10000828|201712|10401.26|0|142|038|||||5.875|0.00||||||||||||||999||||||10401.26
F06Q10000828|201801|9952.18|0|143|037|||||5.875|0.00||||||||||||||999||||||9952.18
F06Q10000828|201802|9501.61|0|144|036|||||5.875|0.00||||||||||||||999||||||9501.61
F06Q10000828|201803|9048.13|0|145|035|||||5.875|0.00||||||||||||||999||||||9048.13
F06Q10000828|201804|8593.14|0|146|034|||||5.875|0.00||||||||||||||999||||||8593.14
F06Q10000828|201805|8135.92|0|147|033|||||5.875|0.00||||||||||||||999||||||8135.92
F06Q10000828|201806|7676.46|0|148|032|||||5.875|0.00||||||||||||||999||||||7676.46
F06Q10000828|201807|7214.75|0|149|031|||||5.875|0.00||||||||||||||999||||||7214.75
F06Q10000828|201808|0.00|0|150|030|||01|201808|5.875|0.00||||||||||||||999|7214.75|||||0.00
F06Q10000833|200602|79000.00|0|000|360|||||5.875|0.00||||||||||||||||||||79000.00
F06Q10000833|200603|78000.00|0|001|359|||||5.875|0.00||||||||||||||||||||78000.00
F06Q10000833|200604|78000.00|0|002|358|||||5.875|0.00||||||||||||||||||||78000.00
F06Q10000833|200605|77000.00|0|003|357|||||5.875|0.00||||||||||||||||||||77000.00
F06Q10000833|200606|77000.00|0|004|356|||||5.875|0.00||||||||||||||||||||77000.00
F06Q10000833|200607|77000.00|0|005|355|||||5.875|0.00||||||||||||||||||||77000.00
F06Q10000833|200608|77000.00|0|006|354|||||5.875|0.00||||||||||||||||||||77000.00
F06Q10000833|200609|76314.68|0|007|353|||||5.875|0.00||||||||||||||||||||76314.68
F06Q10000833|200610|76314.68|0|008|352|||||5.875|0.00||||||||||||||||||||76314.68
F06Q10000833|200611|76034.22|0|009|351|||||5.875|0.00||||||||||||||||||||76034.22
F06Q10000833|200612|75655.95|0|010|350|||||5.875|0.00||||||||||||||||||||75655.95
F06Q10000833|200701|75559.04|0|011|349|||||5.875|0.00||||||||||||||||||||75559.04
F06Q10000833|200702|75559.04|0|012|348|||||5.875|0.00||||||||||||||||||||75559.04
F06Q10000833|200703|75461.65|0|013|347|||||5.875|0.00||||||||||||||||||||75461.65
F06Q10000833|200704|75363.79|0|014|346|||||5.875|0.00||||||||||||||||||||75363.79
F06Q10000833|200705|75265.45|0|015|345|||||5.875|0.00||||||||||||||||||||75265.45
F06Q10000833|200706|75067.32|0|016|344|||||5.875|0.00||||||||||||||||||||75067.32
F06Q10000833|200707|75067.32|0|017|343|||||5.875|0.00||||||||||||||||||||75067.32
F06Q10000833|200708|74944.16|0|018|342|||||5.875|0.00||||||||||||||||||||74944.16
F06Q10000833|200709|74843.76|0|019|341|||||5.875|0.00||||||||||||||||||||74843.76
F06Q10000833|200710|74641.49|0|020|340|||||5.875|0.00||||||||||||||||||||74641.49
F06Q10000833|200711|74539.61|0|021|339|||||5.875|0.00||||||||||||||||||||74539.61
F06Q10000833|200712|74437.23|0|022|338|||||5.875|0.00||||||||||||||||||||74437.23
F06Q10000833|200801|74437.23|0|023|337|||||5.875|0.00||||||||||||||||||||74437.23
F06Q10000833|200802|74230.97|0|024|336|||||5.875|0.00||||||||||||||||||||74230.97
F06Q10000833|200803|74127.08|0|025|335|||||5.875|0.00||||||||||||||||||||74127.08
F06Q10000833|200804|74022.68|0|026|334|||||5.875|0.00||||||||||||||||||||74022.68
F06Q10000833|200805|73917.77|0|027|333|||||5.875|0.00||||||||||||||||||||73917.77
F06Q10000833|200806|73917.77|0|028|332|||||5.875|0.00||||||||||||||||||||73917.77
F06Q10000833|200807|73706.41|0|029|331|||||5.875|0.00||||||||||||||||||||73706.41
F06Q10000833|200808|73599.95|0|030|330|||||5.875|0.00||||||||||||||||||||73599.95
F06Q10000833|200809|73492.97|0|031|329|||||5.875|0.00||||||||||||||||||||73492.97
F06Q10000833|200810|73385.47|0|032|328|||||5.875|0.00||||||||||||||||||||73385.47
F06Q10000833|200811|73277.44|0|033|327|||||5.875|0.00||||||||||||||||||||73277.44
F06Q10000833|200812|73168.88|0|034|326|||||5.875|0.00||||||||||||||||||||73168.88
F06Q10000833|200901|73059.79|0|035|325|||||5.875|0.00||||||||||||||||||||73059.79
F06Q10000833|200902|73059.79|0|036|324|||||5.875|0.00||||||||||||||||||||73059.79
F06Q10000833|200903|72729.31|0|037|323|||||5.875|0.00||||||||||||||||||||72729.31
F06Q10000833|200904|72729.31|0|038|322|||||5.875|0.00||||||||||||||||||||72729.31
F06Q10000833|200905|0.00|0|039|321|||01|200905|5.875|0.00|||||||||||||||72729.31|||||0.00
F06Q10000836|200602|71000.00|0|000|360|||||7.250|0.00||||||||||||||||||||71000.00
F06Q10000836|200603|71000.00|0|001|359|||||7.250|0.00||||||||||||||||||||71000.00
F06Q10000836|200604|71000.00|0|002|358|||||7.250|0.00||||||||||||||||||||71000.00
F06Q10000836|200605|71000.00|0|003|357|||||7.250|0.00||||||||||||||||||||71000.00
F06Q10000836|200606|71000.00|1|004|356|||||7.250|0.00||||||||||||||||||||71000.00
F06Q10000836|200607|71000.00|0|005|355|||||7.250|0.00||||||||||||||||||||71000.00
F06Q10000836|200608|71000.00|0|006|354|||||7.250|0.00||||||||||||||||||||71000.00
F06Q10000836|200609|70804.07|0|007|353|||||7.250|0.00||||||||||||||||||||70804.07
F06Q10000836|200610|70804.07|0|008|352|||||7.250|0.00||||||||||||||||||||70804.07
F06Q10000836|200611|70687.84|0|009|351|||||7.250|0.00||||||||||||||||||||70687.84
F06Q10000836|200612|70629.20|0|010|350|||||7.250|0.00||||||||||||||||||||70629.20
F06Q10000836|200701|70570.21|0|011|349|||||7.250|0.00||||||||||||||||||||70570.21
F06Q10000836|200702|70510.86|0|012|348|||||7.250|0.00||||||||||||||||||||70510.86
F06Q10000836|200703|70451.15|0|013|347|||||7.250|0.00||||||||||||||||||||70451.15
F06Q10000836|200704|70391.08|0|014|346|||||7.250|0.00||||||||||||||||||||70391.08
F06Q10000836|200705|70330.65|0|015|345|||||7.250|0.00||||||||||||||||||||70330.65
F06Q10000836|200706|70269.85|0|016|344|||||7.250|0.00||||||||||||||||||||70269.85
F06Q10000836|200707|70208.69|0|017|343|||||7.250|0.00||||||||||||||||||||70208.69
F06Q10000836|200708|70147.16|0|018|342|||||7.250|0.00||||||||||||||||||||70147.16
F06Q10000836|200709|70147.16|0|019|341|||||7.250|0.00||||||||||||||||||||70147.16
F06Q10000836|200710|70085.26|0|020|340|||||7.250|0.00||||||||||||||||||||70085.26
F06Q10000836|200711|69960.33|0|021|339|||||7.250|0.00||||||||||||||||||||69960.33
F06Q10000836|200712|69897.30|0|022|338|||||7.250|0.00||||||||||||||||||||69897.30
F06Q10000836|200801|69833.89|0|023|337|||||7.250|0.00||||||||||||||||||||69833.89
F06Q10000836|200802|69770.09|0|024|336|||||7.250|0.00||||||||||||||||||||69770.09
F06Q10000836|200803|69705.91|0|025|335|||||7.250|0.00||||||||||||||||||||69705.91
F06Q10000836|200804|69641.34|0|026|334|||||7.250|0.00||||||||||||||||||||69641.34
F06Q10000836|200805|69576.38|0|027|333|||||7.250|0.00||||||||||||||||||||69576.38
F06Q10000836|200806|69511.03|0|028|332|||||7.250|0.00||||||||||||||||||||69511.03
F06Q10000836|200807|69445.28|0|029|331|||||7.250|0.00||||||||||||||||||||69445.28
F06Q10000836|200808|69379.14|0|030|330|||||7.250|0.00||||||||||||||||||||69379.14
F06Q10000836|200809|69379.14|0|031|329|||||7.250|0.00||||||||||||||||||||69379.14
F06Q10000836|200810|69245.65|0|032|328|||||7.250|0.00||||||||||||||||||||69245.65
F06Q10000836|200811|69178.30|0|033|327|||||7.250|0.00||||||||||||||||||||69178.30
F06Q10000836|200812|69110.54|0|034|326|||||7.250|0.00||||||||||||||||||||69110.54
F06Q10000836|200901|69042.37|0|035|325|||||7.250|0.00||||||||||||||||||||69042.37
F06Q10000836|200902|68973.79|0|036|324|||||7.250|0.00||||||||||||||||||||68973.79
F06Q10000836|200903|68904.80|0|037|323|||||7.250|0.00||||||||||||||||||||68904.80
F06Q10000836|200904|68835.39|0|038|322|||||7.250|0.00||||||||||||||||||||68835.39
F06Q10000836|200905|68765.56|0|039|321|||||7.250|0.00||||||||||||||||||||68765.56
F06Q10000836|200906|68695.31|0|040|320|||||7.250|0.00||||||||||||||||||||68695.31
F06Q10000836|200907|68624.63|0|041|319|||||7.250|0.00||||||||||||||||||||68624.63
F06Q10000836|200908|68553.53|0|042|318|||||7.250|0.00||||||||||||||||||||68553.53
F06Q10000836|200909|68482.00|0|043|317|||||7.250|0.00||||||||||||||||||||68482.00
F06Q10000836|200910|68482.00|0|044|316|||||7.250|0.00||||||||||||||||||||68482.00
F06Q10000836|200911|68337.64|0|045|315|||||7.250|0.00||||||||||||||||||||68337.64
F06Q10000836|200912|68337.64|0|046|314|||||7.250|0.00||||||||||||||||||||68337.64
F06Q10000836|201001|68264.80|0|047|313|||||7.250|0.00||||||||||||||||||||68264.80
F06Q10000836|201002|68117.80|0|048|312|||||7.250|0.00||||||||||||||||||||68117.80
F06Q10000836|201003|68043.64|0|049|311|||||7.250|0.00||||||||||||||||||||68043.64
F06Q10000836|201004|67969.03|0|050|310|||||7.250|0.00||||||||||||||||||||67969.03
F06Q10000836|201005|67893.97|0|051|309|||||7.250|0.00||||||||||||||||||||67893.97
F06Q10000836|201006|67818.45|0|052|308|||||7.250|0.00||||||||||||||||||||67818.45
F06Q10000836|201007|67742.48|0|053|307|||||7.250|0.00||||||||||||||||||||67742.48
F06Q10000836|201008|67666.05|0|054|306|||||7.250|0.00||||||||||||||||||||67666.05
F06Q10000836|201009|67666.05|0|055|305|||||7.250|0.00||||||||||||||||||||67666.05
F06Q10000836|201010|67511.80|0|056|304|||||7.250|0.00||||||||||||||||||||67511.80
F06Q10000836|201011|67433.97|0|057|303|||||7.250|0.00||||||||||||||||||||67433.97
F06Q10000836|201012|67355.67|0|058|302|||||7.250|0.00||||||||||||||||||||67355.67
F06Q10000836|201101|67355.67|0|059|301|||||7.250|0.00||||||||||||||||||||67355.67
F06Q10000836|201102|67197.65|0|060|300|||||7.250|0.00||||||||||||||||||||67197.65
F06Q10000836|201103|67117.93|0|061|299|||||7.250|0.00||||||||||||||||||||67117.93
F06Q10000836|201104|67037.72|0|062|298|||||7.250|0.00||||||||||||||||||||67037.72
F06Q10000836|201105|67037.72|0|063|297|||||7.250|0.00||||||||||||||||||||67037.72
F06Q10000836|201106|66875.85|0|064|296|||||7.250|0.00||||||||||||||||||||66875.85
F06Q10000836|201107|66794.18|0|065|295|||||7.250|0.00||||||||||||||||||||66794.18
F06Q10000836|201108|66712.02|0|066|294|||||7.250|0.00||||||||||||||||||||66712.02
F06Q10000836|201109|66629.36|0|067|293|||||7.250|0.00||||||||||||||||||||66629.36
F06Q10000836|201110|66629.36|0|068|292|||||7.250|0.00||||||||||||||||||||66629.36
F06Q10000836|201111|66462.54|0|069|291|||||7.250|0.00||||||||||||||||||||66462.54
F06Q10000836|201112|66462.54|0|070|290|||||7.250|0.00||||||||||||||||||||66462.54
F06Q10000836|201201|66293.70|0|071|289|||||7.250|0.00||||||||||||||||||||66293.70
F06Q10000836|201202|66208.51|0|072|288|||||7.250|0.00||||||||||||||||||||66208.51
F06Q10000836|201203|66122.81|0|073|287|||||7.250|0.00||||||||||||||||||||66122.81
F06Q10000836|201204|66122.81|0|074|286|||||7.250|0.00||||||||||||||||||||66122.81
F06Q10000836|201205|65949.85|0|075|285|||||7.250|0.00||||||||||||||||||||65949.85
F06Q10000836|201206|65862.59|0|076|284|||||7.250|0.00||||||||||||||||||||65862.59
F06Q10000836|201207|65862.59|0|077|283|||||7.250|0.00||||||||||||||||||||65862.59
F06Q10000836|201208|65774.80|0|078|282|||||7.250|0.00||||||||||||||||||||65774.80
F06Q10000836|201209|65686.48|0|079|281|||||7.250|0.00||||||||||||||||||||65686.48
F06Q10000836|201210|65508.24|0|080|280|||||7.250|0.00||||||||||||||||||||65508.24
F06Q10000836|201211|65418.31|0|081|279|||||7.250|0.00||||||||||||||||||||65418.31
F06Q10000836|201212|65418.31|0|082|278|||||7.250|0.00||||||||||||||||||||65418.31
F06Q10000836|201301|65327.84|0|083|277|||||7.250|0.00||||||||||||||||||||65327.84
F06Q10000836|201302|65236.82|0|084|276|||||7.250|0.00||||||||||||||||||||65236.82
F06Q10000836|201303|65053.13|0|085|275|||||7.250|0.00||||||||||||||||||||65053.13
F06Q10000836|201304|65053.13|0|086|274|||||7.250|0.00||||||||||||||||||||65053.13
F06Q10000836|201305|64867.21|0|087|273|||||7.250|0.00||||||||||||||||||||64867.21
F06Q10000836|201306|64773.41|0|088|272|||||7.250|0.00||||||||||||||||||||64773.41
F06Q10000836|201307|64773.41|0|089|271|||||7.250|0.00||||||||||||||||||||64773.41
F06Q10000836|201308|64679.04|0|090|270|||||7.250|0.00||||||||||||||||||||64679.04
F06Q10000836|201309|64488.59|0|091|269|||||7.250|0.00||||||||||||||||||||64488.59
F06Q10000836|201310|64488.59|0|092|268|||||7.250|0.00||||||||||||||||||||64488.59
F06Q10000836|201311|64295.83|0|093|267|||||7.250|0.00||||||||||||||||||||64295.83
F06Q10000836|201312|64198.57|0|094|266|||||7.250|0.00||||||||||||||||||||64198.57
F06Q10000836|201401|64198.57|0|095|265|||||7.250|0.00||||||||||||||||||||64198.57
F06Q10000836|201402|64100.73|0|096|264|||||7.250|0.00||||||||||||||||||||64100.73
F06Q10000836|201403|64002.30|0|097|263|||||7.250|0.00||||||||||||||||||||64002.30
F06Q10000836|201404|63903.27|0|098|262|||||7.250|0.00||||||||||||||||||||63903.27
F06Q10000836|201405|63703.41|0|099|261|||||7.250|0.00||||||||||||||||||||63703.41
F06Q10000836|201406|63602.57|0|100|260|||||7.250|0.00||||||||||||||||||||63602.57
F06Q10000836|201407|63602.57|0|101|259|||||7.250|0.00||||||||||||||||||||63602.57
F06Q10000836|201408|63501.13|0|102|258|||||7.250|0.00||||||||||||||||||||63501.13
F06Q10000836|201409|63296.40|0|103|257|||||7.250|0.00||||||||||||||||||||63296.40
F06Q10000836|201410|63193.11|0|104|256|||||7.250|0.00||||||||||||||||||||63193.11
F06Q10000836|201411|63089.19|0|105|255|||||7.250|0.00||||||||||||||||||||63089.19
F06Q10000836|201412|62984.64|0|106|254|||||7.250|0.00||||||||||||||||||||62984.64
F06Q10000836|201501|62879.46|0|107|253|||||7.250|0.00||||||||||||||||||||62879.46
F06Q10000836|201502|0.00|0|108|252|||01|201502|7.250|0.00|||||||||||||||62879.46|||||0.00
F06Q10000948|200602|318000.00|0|000|360|||||6.375|0.00||||||||||||||||||||318000.00
F06Q10000948|200603|318000.00|0|001|359|||||6.375|0.00||||||||||||||||||||318000.00
F06Q10000948|200604|318000.00|0|002|358|||||6.375|0.00||||||||||||||||||||318000.00
F06Q10000948|200605|318000.00|0|003|357|||||6.375|0.00||||||||||||||||||||318000.00
F06Q10000948|200606|237000.00|0|004|356|||||6.375|0.00||||||||||||||||||||237000.00
F06Q10000948|200607|237000.00|0|005|355|||||6.375|0.00||||||||||||||||||||237000.00
F06Q10000948|200608|237000.00|0|006|354|||||6.375|0.00||||||||||||||||||||237000.00
F06Q10000948|200609|236606.88|0|007|353|||||6.375|0.00||||||||||||||||||||236606.88
F06Q10000948|200610|236377.94|0|008|352|||||6.375|0.00||||||||||||||||||||236377.94
F06Q10000948|200611|236147.79|0|009|351|||||6.375|0.00||||||||||||||||||||236147.79
F06Q10000948|200612|235916.42|0|010|350|||||6.375|0.00||||||||||||||||||||235916.42
F06Q10000948|200701|235683.82|0|011|349|||||6.375|0.00||||||||||||||||||||235683.82
F06Q10000948|200702|235449.98|0|012|348|||||6.375|0.00||||||||||||||||||||235449.98
F06Q10000948|200703|235214.90|0|013|347|||||6.375|0.00||||||||||||||||||||235214.90
F06Q10000948|200704|234978.57|0|014|346|||||6.375|0.00||||||||||||||||||||234978.57
F06Q10000948|200705|234740.98|0|015|345|||||6.375|0.00||||||||||||||||||||234740.98
F06Q10000948|200706|234502.13|0|016|344|||||6.375|0.00||||||||||||||||||||234502.13
F06Q10000948|200707|234262.01|0|017|343|||||6.375|0.00||||||||||||||||||||234262.01
F06Q10000948|200708|234020.62|0|018|342|||||6.375|0.00||||||||||||||||||||234020.62
F06Q10000948|200709|233777.94|0|019|341|||||6.375|0.00||||||||||||||||||||233777.94
F06Q10000948|200710|233533.98|0|020|340|||||6.375|0.00||||||||||||||||||||233533.98
F06Q10000948|200711|233288.72|0|021|339|||||6.375|0.00||||||||||||||||||||233288.72
F06Q10000948|200712|233042.16|0|022|338|||||6.375|0.00||||||||||||||||||||233042.16
F06Q10000948|200801|232794.29|0|023|337|||||6.375|0.00||||||||||||||||||||232794.29
F06Q10000948|200802|232545.10|0|024|336|||||6.375|0.00||||||||||||||||||||232545.10
F06Q10000948|200803|232294.59|0|025|335|||||6.375|0.00||||||||||||||||||||232294.59
F06Q10000948|200804|232042.75|0|026|334|||||6.375|0.00||||||||||||||||||||232042.75
F06Q10000948|200805|231789.57|0|027|333|||||6.375|0.00||||||||||||||||||||231789.57
F06Q10000948|200806|231535.04|0|028|332|||||6.375|0.00||||||||||||||||||||231535.04
F06Q10000948|200807|231279.16|0|029|331|||||6.375|0.00||||||||||||||||||||231279.16
F06Q10000948|200808|231021.92|0|030|330|||||6.375|0.00||||||||||||||||||||231021.92
F06Q10000948|200809|230763.31|0|031|329|||||6.375|0.00||||||||||||||||||||230763.31
F06Q10000948|200810|230503.33|0|032|328|||||6.375|0.00||||||||||||||||||||230503.33
F06Q10000948|200811|230241.97|0|033|327|||||6.375|0.00||||||||||||||||||||230241.97
F06Q10000948|200812|229979.22|0|034|326|||||6.375|0.00||||||||||||||||||||229979.22
F06Q10000948|200901|229715.07|0|035|325|||||6.375|0.00||||||||||||||||||||229715.07
F06Q10000948|200902|229449.52|0|036|324|||||6.375|0.00||||||||||||||||||||229449.52
F06Q10000948|200903|229182.56|0|037|323|||||6.375|0.00||||||||||||||||||||229182.56
F06Q10000948|200904|228914.18|0|038|322|||||6.375|0.00||||||||||||||||||||228914.18
F06Q10000948|200905|228644.38|0|039|321|||||6.375|0.00||||||||||||||||||||228644.38
F06Q10000948|200906|0.00|0|040|320|||01|200906|6.375|0.00|||||||||||||||228644.38|||||0.00
F06Q10000968|200602|100000.00|0|000|360|||||6.375|0.00||||||||||||||||||||100000.00
F06Q10000968|200603|100000.00|0|001|359|||||6.375|0.00||||||||||||||||||||100000.00
F06Q10000968|200604|100000.00|0|002|358|||||6.375|0.00||||||||||||||||||||100000.00
F06Q10000968|200605|100000.00|0|003|357|||||6.375|0.00||||||||||||||||||||100000.00
F06Q10000968|200606|100000.00|0|004|356|||||6.375|0.00||||||||||||||||||||100000.00
F06Q10000968|200607|100000.00|0|005|355|||||6.375|0.00||||||||||||||||||||100000.00
F06Q10000968|200608|99000.00|0|006|354|||||6.375|0.00||||||||||||||||||||99000.00
F06Q10000968|200609|99341.24|0|007|353|||||6.375|0.00||||||||||||||||||||99341.24
F06Q10000968|200610|99245.12|0|008|352|||||6.375|0.00||||||||||||||||||||99245.12
F06Q10000968|200611|99148.49|0|009|351|||||6.375|0.00||||||||||||||||||||99148.49
F06Q10000968|200612|99051.35|0|010|350|||||6.375|0.00||||||||||||||||||||99051.35
F06Q10000968|200701|98953.69|0|011|349|||||6.375|0.00||||||||||||||||||||98953.69
F06Q10000968|200702|98855.51|0|012|348|||||6.375|0.00||||||||||||||||||||98855.51
F06Q10000968|200703|98756.81|0|013|347|||||6.375|0.00||||||||||||||||||||98756.81
F06Q10000968|200704|98657.59|0|014|346|||||6.375|0.00||||||||||||||||||||98657.59
F06Q10000968|200705|98557.84|0|015|345|||||6.375|0.00||||||||||||||||||||98557.84
F06Q10000968|200706|98457.56|0|016|344|||||6.375|0.00||||||||||||||||||||98457.56
F06Q10000968|200707|98356.75|0|017|343|||||6.375|0.00||||||||||||||||||||98356.75
F06Q10000968|200708|98255.40|0|018|342|||||6.375|0.00||||||||||||||||||||98255.40
F06Q10000968|200709|98153.51|0|019|341|||||6.375|0.00||||||||||||||||||||98153.51
F06Q10000968|200710|0.00|0|020|340|||01|200710|6.375|0.00|||||||||||||||98153.51|||||0.00
F06Q10000973|200603|162000.00|0|000|360|||||6.375|0.00||||||||||||||||||||162000.00
F06Q10000973|200604|161000.00|0|001|359|||||6.375|0.00||||||||||||||||||||161000.00
F06Q10000973|200605|161000.00|0|002|358|||||6.375|0.00||||||||||||||||||||161000.00
F06Q10000973|200606|161000.00|0|003|357|||||6.375|0.00||||||||||||||||||||161000.00
F06Q10000973|200607|161000.00|0|004|356|||||6.375|0.00||||||||||||||||||||161000.00
F06Q10000973|200608|161000.00|0|005|355|||||6.375|0.00||||||||||||||||||||161000.00
F06Q10000973|200609|161000.00|0|006|354|||||6.375|0.00||||||||||||||||||||161000.00
F06Q10000973|200610|160535.46|0|007|353|||||6.375|0.00||||||||||||||||||||160535.46
F06Q10000973|200611|160380.13|0|008|352|||||6.375|0.00||||||||||||||||||||160380.13
F06Q10000973|200612|160223.98|0|009|351|||||6.375|0.00||||||||||||||||||||160223.98
F06Q10000973|200701|160067.00|0|010|350|||||6.375|0.00||||||||||||||||||||160067.00
F06Q10000973|200702|159909.19|0|011|349|||||6.375|0.00||||||||||||||||||||159909.19
F06Q10000973|200703|159750.54|0|012|348|||||6.375|0.00||||||||||||||||||||159750.54
F06Q10000973|200704|159750.54|0|013|347|||||6.375|0.00||||||||||||||||||||159750.54
F06Q10000973|200705|159430.70|0|014|346|||||6.375|0.00||||||||||||||||||||159430.70
F06Q10000973|200706|159269.51|0|015|345|||||6.375|0.00||||||||||||||||||||159269.51
F06Q10000973|200707|159107.46|0|016|344|||||6.375|0.00||||||||||||||||||||159107.46
F06Q10000973|200708|158944.55|0|017|343|||||6.375|0.00||||||||||||||||||||158944.55
F06Q10000973|200709|158780.77|0|018|342|||||6.375|0.00||||||||||||||||||||158780.77
F06Q10000973|200710|158616.12|0|019|341|||||6.375|0.00||||||||||||||||||||158616.12
F06Q10000973|200711|158450.60|0|020|340|||||6.375|0.00||||||||||||||||||||158450.60
F06Q10000973|200712|158284.20|0|021|339|||||6.375|0.00||||||||||||||||||||158284.20
F06Q10000973|200801|158116.91|0|022|338|||||6.375|0.00||||||||||||||||||||158116.91
F06Q10000973|200802|157948.74|0|023|337|||||6.375|0.00||||||||||||||||||||157948.74
F06Q10000973|200803|157779.67|0|024|336|||||6.375|0.00||||||||||||||||||||157779.67
F06Q10000973|200804|0.00|0|025|335|||01|200804|6.375|0.00|||||||||||||||157779.67|||||0.00
F06Q10001014|200603|360000.00|0|000|360|||||6.375|0.00||||||||||||||||||||360000.00
F06Q10001014|200604|359000.00|0|001|359|||||6.375|0.00||||||||||||||||||||359000.00
F06Q10001014|200605|359000.00|0|002|358|||||6.375|0.00||||||||||||||||||||359000.00
F06Q10001014|200606|358000.00|0|003|357|||||6.375|0.00||||||||||||||||||||358000.00
F06Q10001014|200607|358000.00|0|004|356|||||6.375|0.00||||||||||||||||||||358000.00
F06Q10001014|200608|358000.00|0|005|355|||||6.375|0.00||||||||||||||||||||358000.00
F06Q10001014|200609|357000.00|0|006|354|||||6.375|0.00||||||||||||||||||||357000.00
F06Q10001014|200610|357113.68|0|007|353|||||6.375|0.00||||||||||||||||||||357113.68
F06Q10001014|200611|356765.46|0|008|352|||||6.375|0.00||||||||||||||||||||356765.46
F06Q10001014|200612|356765.46|0|009|351|||||6.375|0.00||||||||||||||||||||356765.46
F06Q10001014|200701|356417.97|0|010|350|||||6.375|0.00||||||||||||||||||||356417.97
F06Q10001014|200702|355714.84|0|011|349|||||6.375|0.00||||||||||||||||||||355714.84
F06Q10001014|200703|355361.77|0|012|348|||||6.375|0.00||||||||||||||||||||355361.77
F06Q10001014|200704|355006.82|0|013|347|||||6.375|0.00||||||||||||||||||||355006.82
F06Q10001014|200705|354649.98|0|014|346|||||6.375|0.00||||||||||||||||||||354649.98
F06Q10001014|200706|354291.25|0|015|345|||||6.375|0.00||||||||||||||||||||354291.25
F06Q10001014|200707|354291.25|0|016|344|||||6.375|0.00||||||||||||||||||||354291.25
F06Q10001014|200708|353568.06|0|017|343|||||6.375|0.00||||||||||||||||||||353568.06
F06Q10001014|200709|353203.58|0|018|342|||||6.375|0.00||||||||||||||||||||353203.58
F06Q10001014|200710|352837.16|0|019|341|||||6.375|0.00||||||||||||||||||||352837.16
F06Q10001014|200711|352837.16|0|020|340|||||6.375|0.00||||||||||||||||||||352837.16
F06Q10001014|200712|352468.80|0|021|339|||||6.375|0.00||||||||||||||||||||352468.80
F06Q10001014|200801|352098.48|0|022|338|||||6.375|0.00||||||||||||||||||||352098.48
F06Q10001014|200802|351351.93|0|023|337|||||6.375|0.00||||||||||||||||||||351351.93
F06Q10001014|200803|350975.68|0|024|336|||||6.375|0.00||||||||||||||||||||350975.68
F06Q10001014|200804|350597.43|0|025|335|||||6.375|0.00||||||||||||||||||||350597.43
F06Q10001014|200805|350217.17|0|026|334|||||6.375|0.00||||||||||||||||||||350217.17
F06Q10001014|200806|349834.89|0|027|333|||||6.375|0.00||||||||||||||||||||349834.89
F06Q10001014|200807|349450.58|0|028|332|||||6.375|0.00||||||||||||||||||||349450.58
F06Q10001014|200808|0.00|0|029|331|||01|200808|6.375|0.00|||||||||||||||349450.58|||||0.00
F06Q10001015|200602|128000.00|0|000|360|||||6.250|0.00||||||||||||||||||||128000.00
F06Q10001015|200603|128000.00|0|001|359|||||6.250|0.00||||||||||||||||||||128000.00
F06Q10001015|200604|128000.00|0|002|358|||||6.250|0.00||||||||||||||||||||128000.00
F06Q10001015|200605|128000.00|0|003|357|||||6.250|0.00||||||||||||||||||||128000.00
F06Q10001015|200606|127000.00|0|004|356|||||6.250|0.00||||||||||||||||||||127000.00
F06Q10001015|200607|127000.00|0|005|355|||||6.250|0.00||||||||||||||||||||127000.00
F06Q10001015|200608|127000.00|0|006|354|||||6.250|0.00||||||||||||||||||||127000.00
F06Q10001015|200609|127051.96|0|007|353|||||6.250|0.00||||||||||||||||||||127051.96
F06Q10001015|200610|127051.96|0|008|352|||||6.250|0.00||||||||||||||||||||127051.96
F06Q10001015|200611|126774.70|0|009|351|||||6.250|0.00||||||||||||||||||||126774.70
F06Q10001015|200612|126634.98|0|010|350|||||6.250|0.00||||||||||||||||||||126634.98
F06Q10001015|200701|126634.98|0|011|349|||||6.250|0.00||||||||||||||||||||126634.98
F06Q10001015|200702|126353.37|0|012|348|||||6.250|0.00||||||||||||||||||||126353.37
F06Q10001015|200703|126211.46|0|013|347|||||6.250|0.00||||||||||||||||||||126211.46
F06Q10001015|200704|126211.46|0|014|346|||||6.250|0.00||||||||||||||||||||126211.46
F06Q10001015|200705|126068.81|0|015|345|||||6.250|0.00||||||||||||||||||||126068.81
F06Q10001015|200706|125781.28|0|016|344|||||6.250|0.00||||||||||||||||||||125781.28
F06Q10001015|200707|125781.28|1|017|343|||||6.250|0.00||||||||||||||||||||125781.28
F06Q10001015|200708|125648.27|0|018|342|||||6.250|0.00||||||||||||||||||||125648.27
F06Q10001015|200709|125514.57|0|019|341|||||6.250|0.00||||||||||||||||||||125514.57
F06Q10001015|200710|125380.17|0|020|340|||||6.250|0.00||||||||||||||||||||125380.17
F06Q10001015|200711|125245.07|1|021|339|||||6.250|0.00||||||||||||||||||||125245.07
F06Q10001015|200712|125109.27|1|022|338|||||6.250|0.00||||||||||||||||||||125109.27
F06Q10001015|200801|124972.76|0|023|337|||||6.250|0.00||||||||||||||||||||124972.76
F06Q10001015|200802|124835.54|1|024|336|||||6.250|0.00||||||||||||||||||||124835.54
F06Q10001015|200803|124697.61|0|025|335|||||6.250|0.00||||||||||||||||||||124697.61
F06Q10001015|200804|124558.96|0|026|334|||||6.250|0.00||||||||||||||||||||124558.96
F06Q10001015|200805|124419.58|0|027|333|||||6.250|0.00||||||||||||||||||||124419.58
F06Q10001015|200806|124279.48|0|028|332|||||6.250|0.00||||||||||||||||||||124279.48
F06Q10001015|200807|124138.65|1|029|331|||||6.250|0.00||||||||||||||||||||124138.65
F06Q10001015|200808|123997.09|0|030|330|||||6.250|0.00||||||||||||||||||||123997.09
F06Q10001015|200809|123854.79|1|031|329|||||6.250|0.00||||||||||||||||||||123854.79
F06Q10001015|200810|123711.75|0|032|328|||||6.250|0.00||||||||||||||||||||123711.75
F06Q10001015|200811|123567.96|1|033|327|||||6.250|0.00||||||||||||||||||||123567.96
F06Q10001015|200812|123423.42|0|034|326|||||6.250|0.00||||||||||||||||||||123423.42
F06Q10001015|200901|123278.13|1|035|325|||||6.250|0.00||||||||||||||||||||123278.13
F06Q10001015|200902|122985.27|0|036|324|||||6.250|0.00||||||||||||||||||||122985.27
F06Q10001015|200903|122825.82|0|037|323|||||6.250|0.00||||||||||||||||||||122825.82
F06Q10001015|200904|122665.54|0|038|322|||||6.250|0.00||||||||||||||||||||122665.54
F06Q10001015|200905|122504.42|0|039|321|||||6.250|0.00||||||||||||||||||||122504.42
F06Q10001015|200906|122342.46|0|040|320|||||6.250|0.00||||||||||||||||||||122342.46
F06Q10001015|200907|122179.66|0|041|319|||||6.250|0.00||||||||||||||||||||122179.66
F06Q10001015|200908|122016.01|0|042|318|||||6.250|0.00||||||||||||||||||||122016.01
F06Q10001015|200909|121851.51|0|043|317|||||6.250|0.00||||||||||||||||||||121851.51
F06Q10001015|200910|121686.15|0|044|316|||||6.250|0.00||||||||||||||||||||121686.15
F06Q10001015|200911|121519.93|0|045|315|||||6.250|0.00||||||||||||||||||||121519.93
F06Q10001015|200912|121352.85|0|046|314|||||6.250|0.00||||||||||||||||||||121352.85
F06Q10001015|201001|0.00|0|047|313|||01|201001|6.250|0.00|||||||||||||||121352.85|||||0.00
F06Q10001287|200602|122000.00|0|000|360|||||6.250|0.00||||||||||||||||||||122000.00
F06Q10001287|200603|122000.00|0|001|359|||||6.250|0.00||||||||||||||||||||122000.00
F06Q10001287|200604|122000.00|0|002|358|||||6.250|0.00||||||||||||||||||||122000.00
F06Q10001287|200605|122000.00|0|003|357|||||6.250|0.00||||||||||||||||||||122000.00
F06Q10001287|200606|122000.00|0|004|356|||||6.250|0.00||||||||||||||||||||122000.00
F06Q10001287|200607|122000.00|0|005|355|||||6.250|0.00||||||||||||||||||||122000.00
F06Q10001287|200608|122000.00|0|006|354|||||6.250|0.00||||||||||||||||||||122000.00
F06Q10001287|200609|121574.21|0|007|353|||||6.250|0.00||||||||||||||||||||121574.21
F06Q10001287|200610|121453.77|0|008|352|||||6.250|0.00||||||||||||||||||||121453.77
F06Q10001287|200611|121332.70|0|009|351|||||6.250|0.00||||||||||||||||||||121332.70
F06Q10001287|200612|121211.00|0|010|350|||||6.250|0.00||||||||||||||||||||121211.00
F06Q10001287|200701|121088.67|0|011|349|||||6.250|0.00||||||||||||||||||||121088.67
F06Q10001287|200702|120965.70|0|012|348|||||6.250|0.00||||||||||||||||||||120965.70
F06Q10001287|200703|120842.09|0|013|347|||||6.250|0.00||||||||||||||||||||120842.09
F06Q10001287|200704|120717.84|0|014|346|||||6.250|0.00||||||||||||||||||||120717.84
F06Q10001287|200705|120592.94|0|015|345|||||6.250|0.00||||||||||||||||||||120592.94
F06Q10001287|200706|120467.39|0|016|344|||||6.250|0.00||||||||||||||||||||120467.39
F06Q10001287|200707|120341.18|0|017|343|||||6.250|0.00||||||||||||||||||||120341.18
F06Q10001287|200708|120214.32|0|018|342|||||6.250|0.00||||||||||||||||||||120214.32
F06Q10001287|200709|120086.80|0|019|341|||||6.250|0.00||||||||||||||||||||120086.80
F06Q10001287|200710|119958.61|0|020|340|||||6.250|0.00||||||||||||||||||||119958.61
F06Q10001287|200711|119829.75|0|021|339|||||6.250|0.00||||||||||||||||||||119829.75
F06Q10001287|200712|119700.22|0|022|338|||||6.250|0.00||||||||||||||||||||119700.22
F06Q10001287|200801|119570.02|0|023|337|||||6.250|0.00||||||||||||||||||||119570.02
F06Q10001287|200802|119570.02|0|024|336|||||6.250|0.00||||||||||||||||||||119570.02
F06Q10001287|200803|119307.58|0|025|335|||||6.250|0.00||||||||||||||||||||119307.58
F06Q10001287|200804|119175.33|0|026|334|||||6.250|0.00||||||||||||||||||||119175.33
F06Q10001287|200805|119042.39|0|027|333|||||6.250|0.00||||||||||||||||||||119042.39
F06Q10001287|200806|118908.76|0|028|332|||||6.250|0.00||||||||||||||||||||118908.76
F06Q10001287|200807|118774.44|0|029|331|||||6.250|0.00||||||||||||||||||||118774.44
F06Q10001287|200808|118639.42|0|030|330|||||6.250|0.00||||||||||||||||||||118639.42
F06Q10001287|200809|118503.69|0|031|329|||||6.250|0.00||||||||||||||||||||118503.69
F06Q10001287|200810|118367.26|0|032|328|||||6.250|0.00||||||||||||||||||||118367.26
F06Q10001287|200811|118230.12|0|033|327|||||6.250|0.00||||||||||||||||||||118230.12
F06Q10001287|200812|118092.26|0|034|326|||||6.250|0.00||||||||||||||||||||118092.26
F06Q10001287|200901|117953.68|0|035|325|||||6.250|0.00||||||||||||||||||||117953.68
F06Q10001287|200902|117814.38|0|036|324|||||6.250|0.00||||||||||||||||||||117814.38
F06Q10001287|200903|117674.36|0|037|323|||||6.250|0.00||||||||||||||||||||117674.36
F06Q10001287|200904|117533.61|0|038|322|||||6.250|0.00||||||||||||||||||||117533.61
F06Q10001287|200905|117392.12|0|039|321|||||6.250|0.00||||||||||||||||||||117392.12
F06Q10001287|200906|117249.90|0|040|320|||||6.250|0.00||||||||||||||||||||117249.90
F06Q10001287|200907|117106.94|0|041|319|||||6.250|0.00||||||||||||||||||||117106.94
F06Q10001287|200908|116963.23|0|042|318|||||6.250|0.00||||||||||||||||||||116963.23
F06Q10001287|200909|116818.77|0|043|317|||||6.250|0.00||||||||||||||||||||116818.77
F06Q10001287|200910|0.00|0|044|316|||01|200910|6.250|0.00|||||||||||||||116818.77|||||0.00
F06Q10001319|200602|30000.00|0|000|360|||||6.375|0.00||||||||||||||||||||30000.00
F06Q10001319|200603|30000.00|0|001|359|||||6.375|0.00||||||||||||||||||||30000.00
F06Q10001319|200604|30000.00|0|002|358|||||6.375|0.00||||||||||||||||||||30000.00
F06Q10001319|200605|30000.00|0|003|357|||||6.375|0.00||||||||||||||||||||30000.00
F06Q10001319|200606|29000.00|0|004|356|||||6.375|0.00||||||||||||||||||||29000.00
F06Q10001319|200607|29000.00|0|005|355|||||6.375|0.00||||||||||||||||||||29000.00
F06Q10001319|200608|29000.00|0|006|354|||||6.375|0.00||||||||||||||||||||29000.00
F06Q10001319|200609|29404.98|0|007|353|||||6.375|0.00||||||||||||||||||||29404.98
F06Q10001319|200610|29376.52|0|008|352|||||6.375|0.00||||||||||||||||||||29376.52
F06Q10001319|200611|29347.91|0|009|351|||||6.375|0.00||||||||||||||||||||29347.91
F06Q10001319|200612|29319.15|0|010|350|||||6.375|0.00||||||||||||||||||||29319.15
F06Q10001319|200701|29319.15|0|011|349|||||6.375|0.00||||||||||||||||||||29319.15
F06Q10001319|200702|29261.18|0|012|348|||||6.375|0.00||||||||||||||||||||29261.18
F06Q10001319|200703|29231.96|0|013|347|||||6.375|0.00||||||||||||||||||||29231.96
F06Q10001319|200704|29202.58|0|014|346|||||6.375|0.00||||||||||||||||||||29202.58
F06Q10001319|200705|29173.05|0|015|345|||||6.375|0.00||||||||||||||||||||29173.05
F06Q10001319|200706|29143.36|0|016|344|||||6.375|0.00||||||||||||||||||||29143.36
F06Q10001319|200707|29113.52|0|017|343|||||6.375|0.00||||||||||||||||||||29113.52
F06Q10001319|200708|29083.51|0|018|342|||||6.375|0.00||||||||||||||||||||29083.51
F06Q10001319|200709|29053.35|0|019|341|||||6.375|0.00||||||||||||||||||||29053.35
F06Q10001319|200710|29023.03|0|020|340|||||6.375|0.00||||||||||||||||||||29023.03
F06Q10001319|200711|28992.54|0|021|339|||||6.375|0.00||||||||||||||||||||28992.54
F06Q10001319|200712|28961.89|0|022|338|||||6.375|0.00||||||||||||||||||||28961.89
F06Q10001319|200801|28931.08|0|023|337|||||6.375|0.00||||||||||||||||||||28931.08
F06Q10001319|200802|28931.08|0|024|336|||||6.375|0.00||||||||||||||||||||28931.08
F06Q10001319|200803|28868.97|0|025|335|||||6.375|0.00||||||||||||||||||||28868.97
F06Q10001319|200804|28868.97|0|026|334|||||6.375|0.00||||||||||||||||||||28868.97
F06Q10001319|200805|28806.20|0|027|333|||||6.375|0.00||||||||||||||||||||28806.20
F06Q10001319|200806|28806.20|0|028|332|||||6.375|0.00||||||||||||||||||||28806.20
F06Q10001319|200807|28774.56|0|029|331|||||6.375|0.00||||||||||||||||||||28774.56
F06Q10001319|200808|28710.78|0|030|330|||||6.375|0.00||||||||||||||||||||28710.78
F06Q10001319|200809|28678.64|0|031|329|||||6.375|0.00||||||||||||||||||||28678.64
F06Q10001319|200810|28678.64|0|032|328|||||6.375|0.00||||||||||||||||||||28678.64
F06Q10001319|200811|28613.84|0|033|327|||||6.375|0.00||||||||||||||||||||28613.84
F06Q10001319|200812|28613.84|0|034|326|||||6.375|0.00||||||||||||||||||||28613.84
F06Q10001319|200901|28548.35|0|035|325|||||6.375|0.00||||||||||||||||||||28548.35
F06Q10001319|200902|28515.34|0|036|324|||||6.375|0.00||||||||||||||||||||28515.34
F06Q10001319|200903|28515.34|0|037|323|||||6.375|0.00||||||||||||||||||||28515.34
F06Q10001319|200904|28482.16|0|038|322|||||6.375|0.00||||||||||||||||||||28482.16
F06Q10001319|200905|28415.26|0|039|321|||||6.375|0.00||||||||||||||||||||28415.26
F06Q10001319|200906|28381.55|0|040|320|||||6.375|0.00||||||||||||||||||||28381.55
F06Q10001319|200907|28347.66|0|041|319|||||6.375|0.00||||||||||||||||||||28347.66
F06Q10001319|200908|28347.66|0|042|318|||||6.375|0.00||||||||||||||||||||28347.66
F06Q10001319|200909|28313.59|0|043|317|||||6.375|0.00||||||||||||||||||||28313.59
F06Q10001319|200910|28279.34|0|044|316|||||6.375|0.00||||||||||||||||||||28279.34
F06Q10001319|200911|28210.28|0|045|315|||||6.375|0.00||||||||||||||||||||28210.28
F06Q10001319|200912|28175.48|0|046|314|||||6.375|0.00||||||||||||||||||||28175.48
F06Q10001319|201001|28175.48|0|047|313|||||6.375|0.00||||||||||||||||||||28175.48
F06Q10001319|201002|28140.49|0|048|312|||||6.375|0.00||||||||||||||||||||28140.49
F06Q10001319|201003|28069.96|0|049|311|||||6.375|0.00||||||||||||||||||||28069.96
F06Q10001319|201004|28069.96|0|050|310|||||6.375|0.00||||||||||||||||||||28069.96
F06Q10001319|201005|28034.41|0|051|309|||||6.375|0.00||||||||||||||||||||28034.41
F06Q10001319|201006|27998.67|0|052|308|||||6.375|0.00||||||||||||||||||||27998.67
F06Q10001319|201007|27962.74|0|053|307|||||6.375|0.00||||||||||||||||||||27962.74
F06Q10001319|201008|27926.62|0|054|306|||||6.375|0.00||||||||||||||||||||27926.62
F06Q10001319|201009|27890.31|0|055|305|||||6.375|0.00||||||||||||||||||||27890.31
F06Q10001319|201010|27853.81|0|056|304|||||6.375|0.00||||||||||||||||||||27853.81
F06Q10001319|201011|27817.11|0|057|303|||||6.375|0.00||||||||||||||||||||27817.11
F06Q10001319|201012|27743.13|0|058|302|||||6.375|0.00||||||||||||||||||||27743.13
F06Q10001319|201101|27743.13|0|059|301|||||6.375|0.00||||||||||||||||||||27743.13
F06Q10001319|201102|27705.85|0|060|300|||||6.375|0.00||||||||||||||||||||27705.85
F06Q10001319|201103|27668.37|0|061|299|||||6.375|0.00||||||||||||||||||||27668.37
F06Q10001319|201104|27630.69|0|062|298|||||6.375|0.00||||||||||||||||||||27630.69
F06Q10001319|201105|27592.81|0|063|297|||||6.375|0.00||||||||||||||||||||27592.81
F06Q10001319|201106|27554.73|0|064|296|||||6.375|0.00||||||||||||||||||||27554.73
F06Q10001319|201107|27516.44|0|065|295|||||6.375|0.00||||||||||||||||||||27516.44
F06Q10001319|201108|27477.95|0|066|294|||||6.375|0.00||||||||||||||||||||27477.95
F06Q10001319|201109|27439.26|0|067|293|||||6.375|0.00||||||||||||||||||||27439.26
F06Q10001319|201110|27400.36|0|068|292|||||6.375|0.00||||||||||||||||||||27400.36
F06Q10001319|201111|27361.25|0|069|291|||||6.375|0.00||||||||||||||||||||27361.25
F06Q10001319|201112|27321.94|0|070|290|||||6.375|0.00||||||||||||||||||||27321.94
F06Q10001319|201201|27282.42|0|071|289|||||6.375|0.00||||||||||||||||||||27282.42
F06Q10001319|201202|27242.69|0|072|288|||||6.375|0.00||||||||||||||||||||27242.69
F06Q10001319|201203|27202.75|0|073|287|||||6.375|0.00||||||||||||||||||||27202.75
F06Q10001319|201204|27162.59|0|074|286|||||6.375|0.00||||||||||||||||||||27162.59
F06Q10001319|201205|27122.22|0|075|285|||||6.375|0.00||||||||||||||||||||27122.22
F06Q10001319|201206|27081.64|0|076|284|||||6.375|0.00||||||||||||||||||||27081.64
F06Q10001319|201207|27040.84|0|077|283|||||6.375|0.00||||||||||||||||||||27040.84
F06Q10001319|201208|26999.82|0|078|282|||||6.375|0.00||||||||||||||||||||26999.82
F06Q10001319|201209|26958.59|0|079|281|||||6.375|0.00||||||||||||||||||||26958.59
F06Q10001319|201210|26917.14|0|080|280|||||6.375|0.00||||||||||||||||||||26917.14
F06Q10001319|201211|26875.47|0|081|279|||||6.375|0.00||||||||||||||||||||26875.47
F06Q10001319|201212|26791.46|0|082|278|||||6.375|0.00||||||||||||||||||||26791.46
F06Q10001319|201301|26749.12|0|083|277|||||6.375|0.00||||||||||||||||||||26749.12
F06Q10001319|201302|26706.55|0|084|276|||||6.375|0.00||||||||||||||||||||26706.55
F06Q10001319|201303|26706.55|0|085|275|||||6.375|0.00||||||||||||||||||||26706.55
F06Q10001319|201304|26620.74|0|086|274|||||6.375|0.00||||||||||||||||||||26620.74
F06Q10001319|201305|26577.49|0|087|273|||||6.375|0.00||||||||||||||||||||26577.49
F06Q10001319|201306|26577.49|0|088|272|||||6.375|0.00||||||||||||||||||||26577.49
F06Q10001319|201307|26534.01|0|089|271|||||6.375|0.00||||||||||||||||||||26534.01
F06Q10001319|201308|26490.30|0|090|270|||||6.375|0.00||||||||||||||||||||26490.30
F06Q10001319|201309|26446.36|0|091|269|||||6.375|0.00||||||||||||||||||||26446.36
F06Q10001319|201310|26402.19|0|092|268|||||6.375|0.00||||||||||||||||||||26402.19
F06Q10001319|201311|26313.14|0|093|267|||||6.375|0.00||||||||||||||||||||26313.14
F06Q10001319|201312|26313.14|0|094|266|||||6.375|0.00||||||||||||||||||||26313.14
F06Q10001319|201401|26268.26|0|095|265|||||6.375|0.00||||||||||||||||||||26268.26
F06Q10001319|201402|26223.14|0|096|264|||||6.375|0.00||||||||||||||||||||26223.14
F06Q10001319|201403|26132.18|0|097|263|||||6.375|0.00||||||||||||||||||||26132.18
F06Q10001319|201404|26086.34|0|098|262|||||6.375|0.00||||||||||||||||||||26086.34
F06Q10001319|201405|26040.25|0|099|261|||||6.375|0.00||||||||||||||||||||26040.25
F06Q10001319|201406|26040.25|0|100|260|||||6.375|0.00||||||||||||||||||||26040.25
F06Q10001319|201407|25993.92|0|101|259|||||6.375|0.00||||||||||||||||||||25993.92
F06Q10001319|201408|25947.34|0|102|258|||||6.375|0.00||||||||||||||||||||25947.34
F06Q10001319|201409|25900.52|0|103|257|||||6.375|0.00||||||||||||||||||||25900.52
F06Q10001319|201410|25844.22|0|104|256|||||6.375|0.00||||||||||||||||||||25844.22
F06Q10001319|201411|25796.88|0|105|255|||||6.375|0.00||||||||||||||||||||25796.88
F06Q10001319|201412|25749.26|0|106|254|||||6.375|0.00||||||||||||||||||||25749.26
F06Q10001319|201501|25701.38|0|107|253|||||6.375|0.00||||||||||||||||||||25701.38
F06Q10001319|201502|25653.25|0|108|252|||||6.375|0.00||||||||||||||||||||25653.25
F06Q10001319|201503|25604.86|0|109|251|||||6.375|0.00||||||||||||||||||||25604.86
F06Q10001319|201504|25556.22|0|110|250|||||6.375|0.00||||||||||||||||||||25556.22
F06Q10001319|201505|25507.32|0|111|249|||||6.375|0.00||||||||||||||||||||25507.32
F06Q10001319|201506|25458.16|0|112|248|||||6.375|0.00||||||||||||||||||||25458.16
F06Q10001319|201507|25408.74|0|113|247|||||6.375|0.00||||||||||||||||||||25408.74
F06Q10001319|201508|25359.05|0|114|246|||||6.375|0.00||||||||||||||||||||25359.05
F06Q10001319|201509|25309.10|0|115|245|||||6.375|0.00||||||||||||||||||||25309.10
F06Q10001319|201510|0.00|0|116|244|||01|201510|6.375|0.00|||||||||||||||25309.10|||||0.00
F06Q10001350|200602|42000.00|0|000|180|||||6.000|0.00||||||||||||||||||||42000.00
F06Q10001350|200603|42000.00|0|001|179|||||6.000|0.00||||||||||||||||||||42000.00
F06Q10001350|200604|42000.00|0|002|178|||||6.000|0.00||||||||||||||||||||42000.00
F06Q10001350|200605|0.00|0|003|177|||01|200605|6.000|0.00|||||||||||||||41554.45|||||0.00
F06Q10001355|200601|137000.00|0|000|180|||||5.875|0.00||||||||||||||||||||137000.00
F06Q10001355|200602|136000.00|0|001|179|||||5.875|0.00||||||||||||||||||||136000.00
F06Q10001355|200603|136000.00|0|002|178|||||5.875|0.00||||||||||||||||||||136000.00
F06Q10001355|200604|136000.00|0|003|177|||||5.875|0.00||||||||||||||||||||136000.00
F06Q10001355|200605|135000.00|0|004|176|||||5.875|0.00||||||||||||||||||||135000.00
F06Q10001355|200606|134000.00|0|005|175|||||5.875|0.00||||||||||||||||||||134000.00
F06Q10001355|200607|134000.00|0|006|174|||||5.875|0.00||||||||||||||||||||134000.00
F06Q10001355|200608|133912.27|0|007|173|||||5.875|0.00||||||||||||||||||||133912.27
F06Q10001355|200609|132930.74|0|008|172|||||5.875|0.00||||||||||||||||||||132930.74
F06Q10001355|200610|132436.37|0|009|171|||||5.875|0.00||||||||||||||||||||132436.37
F06Q10001355|200611|132436.37|0|010|170|||||5.875|0.00||||||||||||||||||||132436.37
F06Q10001355|200612|131939.58|0|011|169|||||5.875|0.00||||||||||||||||||||131939.58
F06Q10001355|200701|131440.35|0|012|168|||||5.875|0.00||||||||||||||||||||131440.35
F06Q10001355|200702|130434.55|0|013|167|||||5.875|0.00||||||||||||||||||||130434.55
F06Q10001355|200703|129927.96|0|014|166|||||5.875|0.00||||||||||||||||||||129927.96
F06Q10001355|200704|129927.96|0|015|165|||||5.875|0.00||||||||||||||||||||129927.96
F06Q10001355|200705|128907.32|0|016|164|||||5.875|0.00||||||||||||||||||||128907.32
F06Q10001355|200706|128393.25|0|017|163|||||5.875|0.00||||||||||||||||||||128393.25
F06Q10001355|200707|128393.25|0|018|162|||||5.875|0.00||||||||||||||||||||128393.25
F06Q10001355|200708|127357.54|0|019|161|||||5.875|0.00||||||||||||||||||||127357.54
F06Q10001355|200709|126835.88|0|020|160|||||5.875|0.00||||||||||||||||||||126835.88
F06Q10001355|200710|126311.67|0|021|159|||||5.875|0.00||||||||||||||||||||126311.67
F06Q10001355|200711|125784.89|0|022|158|||||5.875|0.00||||||||||||||||||||125784.89
F06Q10001355|200712|125784.89|0|023|157|||||5.875|0.00||||||||||||||||||||125784.89
F06Q10001355|200801|125255.53|0|024|156|||||5.875|0.00||||||||||||||||||||125255.53
F06Q10001355|200802|124723.58|0|025|155|||||5.875|0.00||||||||||||||||||||124723.58
F06Q10001355|200803|123651.86|0|026|154|||||5.875|0.00||||||||||||||||||||123651.86
F06Q10001355|200804|123112.06|0|027|153|||||5.875|0.00||||||||||||||||||||123112.06
F06Q10001355|200805|122569.62|0|028|152|||||5.875|0.00||||||||||||||||||||122569.62
F06Q10001355|200806|122569.62|0|029|151|||||5.875|0.00||||||||||||||||||||122569.62
F06Q10001355|200807|122024.52|0|030|150|||||5.875|0.00||||||||||||||||||||122024.52
F06Q10001355|200808|121476.75|0|031|149|||||5.875|0.00||||||||||||||||||||121476.75
F06Q10001355|200809|120926.30|0|032|148|||||5.875|0.00||||||||||||||||||||120926.30
F06Q10001355|200810|120373.16|0|033|147|||||5.875|0.00||||||||||||||||||||120373.16
F06Q10001355|200811|119258.74|0|034|146|||||5.875|0.00||||||||||||||||||||119258.74
F06Q10001355|200812|119258.74|0|035|145|||||5.875|0.00||||||||||||||||||||119258.74
F06Q10001355|200901|118697.43|1|036|144|||||5.875|0.00||||||||||||||||||||118697.43
F06Q10001355|200902|118697.43|2|037|143|||||5.875|0.00||||||||||||||||||||118697.43
F06Q10001355|200903|118697.43|3|038|142|||||5.875|0.00||||||||||||||||||||118697.43
F06Q10001355|200904|118697.43|4|039|141|||||5.875|0.00||||||||||||||||||||118697.43
F06Q10001355|200905|118697.43|5|040|140|||||5.875|0.00||||||||||||||||||||118697.43
F06Q10001355|200906|118697.43|6|041|139|||||5.875|0.00||||||||||||||||||||118697.43
F06Q10001355|200907|118697.43|7|042|138|||||5.875|0.00||||||||||||||||||||118697.43
F06Q10001355|200908|118697.43|8|043|137|||||5.875|0.00||||||||||||||||||||118697.43
F06Q10001355|200909|118697.43|9|044|136|||||5.875|0.00||||||||||||||||||||118697.43
F06Q10001355|200910|118697.43|10|045|135|||||5.875|0.00||||||||||||||||||||118697.43
F06Q10001355|200911|118697.43|11|046|134|||||5.875|0.00||||||||||||||||||||118697.43
F06Q10001355|200912|118697.43|12|047|133|||||5.875|0.00||||||||||||||||||||118697.43
F06Q10001355|201001|118697.43|13|048|132|||||5.875|0.00||||||||||||||||||||118697.43
F06Q10001355|201002|118697.43|14|049|131|||||5.875|0.00||||||||||||||||||||118697.43
F06Q10001355|201003|118697.43|15|050|130|||||5.875|0.00||||||||||||||||||||118697.43
F06Q10001355|201004|118697.43|16|051|129|||||5.875|0.00||||||||||||||||||||118697.43
F06Q10001355|201005|118697.43|17|052|128|||||5.875|0.00||||||||||||||||||||118697.43
F06Q10001355|201006|118697.43|18|053|127|||||5.875|0.00||||||||||||||||||||118697.43
F06Q10001355|201007|118697.43|19|054|126|||||5.875|0.00||||||||||||||||||||118697.43
F06Q10001355|201008|118697.43|20|055|125|||||5.875|0.00||||||||||||||||||||118697.43
F06Q10001355|201009|118697.43|21|056|124|||||5.875|0.00||||||||||||||||||||118697.43
F06Q10001355|201010|118697.43|22|057|123|||||5.875|0.00||||||||||||||||||||118697.43
F06Q10001355|201011|118697.43|23|058|122|||||5.875|0.00||||||||||||||||||||118697.43
F06Q10001355|201012|118697.43|24|059|121|||||5.875|0.00||||||||||||||||||||118697.43
F06Q10001355|201101|118697.43|25|060|120|||||5.875|0.00||||||||||||||||||||118697.43
F06Q10001355|201102|118697.43|26|061|119|||||5.875|0.00||||||||||||||||||||118697.43
F06Q10001355|201103|118697.43|27|062|118|||||5.875|0.00||||||||||||||||||||118697.43
F06Q10001355|201104|118697.43|28|063|117|||||5.875|0.00||||||||||||||||||||118697.43
F06Q10001355|201105|118697.43|29|064|116|||||5.875|0.00||||||||||||||||||||118697.43
F06Q10001355|201106|118697.43|30|065|115|||||5.875|0.00||||||||||||||||||||118697.43
F06Q10001355|201107|118697.43|31|066|114|||||5.875|0.00||||||||||||||||||||118697.43
F06Q10001355|201108|118697.43|32|067|113|||||5.875|0.00||||||||||||||||||||118697.43
F06Q10001355|201109|118697.43|33|068|112|||||5.875|0.00||||||||||||||||||||118697.43
F06Q10001355|201110|118697.43|34|069|111|||||5.875|0.00||||||||||||||||||||118697.43
F06Q10001355|201111|118697.43|35|070|110|||||5.875|0.00||||||||||||||||||||118697.43
F06Q10001355|201112|118697.43|36|071|109|||||5.875|0.00||||||||||||||||||||118697.43
F06Q10001355|201201|118697.43|37|072|108|||||5.875|0.00||||||||||||||||||||118697.43
F06Q10001355|201202|118697.43|38|073|107|||||5.875|0.00||||||||||||||||||||118697.43
F06Q10001355|201203|118697.43|39|074|106|||||5.875|0.00||||||||||||||||||||118697.43
F06Q10001355|201204|118697.43|40|075|105|||||5.875|0.00||||||||||||||||||||118697.43
F06Q10001355|201205|118697.43|41|076|104|||||5.875|0.00||||||||||||||||||||118697.43
F06Q10001355|201206|118697.43|42|077|103|||||5.875|0.00||||||||||||||||||||118697.43
F06Q10001355|201207|118697.43|43|078|102|||||5.875|0.00||||||||||||||||||||118697.43
F06Q10001355|201208|118697.43|44|079|101|||||5.875|0.00||||||||||||||||||||118697.43
F06Q10001355|201209|118697.43|45|080|100|||||5.875|0.00||||||||||||||||||||118697.43
F06Q10001355|201210|118697.43|46|081|099|||||5.875|0.00||||||||||||||||||||118697.43
F06Q10001355|201211|118697.43|47|082|098|||||5.875|0.00||||||||||||||||||||118697.43
F06Q10001355|201212|118697.43|48|083|097|||||5.875|0.00||||||||||||||||||||118697.43
F06Q10001355|201301|118697.43|49|084|096|||||5.875|0.00||||||||||||||||||||118697.43
F06Q10001355|201302|118697.43|50|085|095|||||5.875|0.00||||||||||||||||||||118697.43
F06Q10001355|201303|118697.43|RA|086|094|||||5.875|0.00||||||||||||||||||||118697.43
F06Q10001355|201304|118697.43|RA|087|093|||||5.875|0.00||||||||||||||||||||118697.43
F06Q10001355|201305|118697.43|RA|088|092|||||5.875|0.00||||||||||||||||||||118697.43
F06Q10001355|201306|118697.43|RA|089|091|||||5.875|0.00||||||||||||||||||||118697.43
F06Q10001355|201307|118697.43|RA|090|090|||||5.875|0.00||||||||||||||||||||118697.43
F06Q10001355|201308|118697.43|RA|091|089|||||5.875|0.00||||||||||||||||||||118697.43
F06Q10001355|201309|118697.43|RA|092|088|||||5.875|0.00||||||||||||||||||||118697.43
F06Q10001355|201310|118697.43|RA|093|087|||||5.875|0.00||||||||||||||||||||118697.43
F06Q10001355|201311|0.00|RA|094|086|||09|201311|5.875|0.00|200812|0.00|111231.03|4275.28|-60423.22|-9386.65|-28707.98|-21000.64|-1327.95|-95858.00|||||118697.43|32243.66||||0.00
F06Q10001376|200602|151000.00|0|000|360|||||6.375|0.00||||||||||||||||||||151000.00
F06Q10001376|200603|151000.00|0|001|359|||||6.375|0.00||||||||||||||||||||151000.00
F06Q10001376|200604|151000.00|0|002|358|||||6.375|0.00||||||||||||||||||||151000.00
F06Q10001376|200605|151000.00|0|003|357|||||6.375|0.00||||||||||||||||||||151000.00
F06Q10001376|200606|150000.00|0|004|356|||||6.375|0.00||||||||||||||||||||150000.00
F06Q10001376|200607|150000.00|0|005|355|||||6.375|0.00||||||||||||||||||||150000.00
F06Q10001376|200608|150000.00|0|006|354|||||6.375|0.00||||||||||||||||||||150000.00
F06Q10001376|200609|150005.22|0|007|353|||||6.375|0.00||||||||||||||||||||150005.22
F06Q10001376|200610|149860.07|0|008|352|||||6.375|0.00||||||||||||||||||||149860.07
F06Q10001376|200611|149714.15|0|009|351|||||6.375|0.00||||||||||||||||||||149714.15
F06Q10001376|200612|149567.46|0|010|350|||||6.375|0.00||||||||||||||||||||149567.46
F06Q10001376|200701|149419.99|0|011|349|||||6.375|0.00||||||||||||||||||||149419.99
F06Q10001376|200702|149271.73|0|012|348|||||6.375|0.00||||||||||||||||||||149271.73
F06Q10001376|200703|149122.69|0|013|347|||||6.375|0.00||||||||||||||||||||149122.69
F06Q10001376|200704|148972.85|0|014|346|||||6.375|0.00||||||||||||||||||||148972.85
F06Q10001376|200705|0.00|0|015|345|||01|200705|6.375|0.00|||||||||||||||148972.85|||||0.00
F06Q10001553|200602|182000.00|0|000|360|||||6.250|0.00||||||||||||||||||||182000.00
F06Q10001553|200603|182000.00|0|001|359|||||6.250|0.00||||||||||||||||||||182000.00
F06Q10001553|200604|182000.00|0|002|358|||||6.250|0.00||||||||||||||||||||182000.00
F06Q10001553|200605|182000.00|0|003|357|||||6.250|0.00||||||||||||||||||||182000.00
F06Q10001553|200606|182000.00|0|004|356|||||6.250|0.00||||||||||||||||||||182000.00
F06Q10001553|200607|181000.00|0|005|355|||||6.250|0.00||||||||||||||||||||181000.00
F06Q10001553|200608|181000.00|0|006|354|||||6.250|0.00||||||||||||||||||||181000.00
F06Q10001553|200609|180980.69|0|007|353|||||6.250|0.00||||||||||||||||||||180980.69
F06Q10001553|200610|180980.69|0|008|352|||||6.250|0.00||||||||||||||||||||180980.69
F06Q10001553|200611|180801.40|0|009|351|||||6.250|0.00||||||||||||||||||||180801.40
F06Q10001553|200612|180621.17|0|010|350|||||6.250|0.00||||||||||||||||||||180621.17
F06Q10001553|200701|180440.01|0|011|349|||||6.250|0.00||||||||||||||||||||180440.01
F06Q10001553|200702|180257.90|0|012|348|||||6.250|0.00||||||||||||||||||||180257.90
F06Q10001553|200703|180074.84|0|013|347|||||6.250|0.00||||||||||||||||||||180074.84
F06Q10001553|200704|179890.83|0|014|346|||||6.250|0.00||||||||||||||||||||179890.83
F06Q10001553|200705|179519.93|0|015|345|||||6.250|0.00||||||||||||||||||||179519.93
F06Q10001553|200706|179333.03|0|016|344|||||6.250|0.00||||||||||||||||||||179333.03
F06Q10001553|200707|179333.03|0|017|343|||||6.250|0.00||||||||||||||||||||179333.03
F06Q10001553|200708|179145.16|0|018|342|||||6.250|0.00||||||||||||||||||||179145.16
F06Q10001553|200709|178956.31|0|019|341|||||6.250|0.00||||||||||||||||||||178956.31
F06Q10001553|200710|178766.47|0|020|340|||||6.250|0.00||||||||||||||||||||178766.47
F06Q10001553|200711|178575.65|0|021|339|||||6.250|0.00||||||||||||||||||||178575.65
F06Q10001553|200712|178383.83|0|022|338|||||6.250|0.00||||||||||||||||||||178383.83
F06Q10001553|200801|178191.01|0|023|337|||||6.250|0.00||||||||||||||||||||178191.01
F06Q10001553|200802|177997.19|0|024|336|||||6.250|0.00||||||||||||||||||||177997.19
F06Q10001553|200803|177802.36|0|025|335|||||6.250|0.00||||||||||||||||||||177802.36
F06Q10001553|200804|177606.51|0|026|334|||||6.250|0.00||||||||||||||||||||177606.51
F06Q10001553|200805|177211.75|0|027|333|||||6.250|0.00||||||||||||||||||||177211.75
F06Q10001553|200806|177012.83|0|028|332|||||6.250|0.00||||||||||||||||||||177012.83
F06Q10001553|200807|177012.83|0|029|331|||||6.250|0.00||||||||||||||||||||177012.83
F06Q10001553|200808|176611.87|0|030|330|||||6.250|0.00||||||||||||||||||||176611.87
F06Q10001553|200809|176611.87|0|031|329|||||6.250|0.00||||||||||||||||||||176611.87
F06Q10001553|200810|176409.82|0|032|328|||||6.250|0.00||||||||||||||||||||176409.82
F06Q10001553|200811|176206.72|0|033|327|||||6.250|0.00||||||||||||||||||||176206.72
F06Q10001553|200812|176002.56|0|034|326|||||6.250|0.00||||||||||||||||||||176002.56
F06Q10001553|200901|175797.34|0|035|325|||||6.250|0.00||||||||||||||||||||175797.34
F06Q10001553|200902|175591.05|0|036|324|||||6.250|0.00||||||||||||||||||||175591.05
F06Q10001553|200903|175383.69|0|037|323|||||6.250|0.00||||||||||||||||||||175383.69
F06Q10001553|200904|175175.25|0|038|322|||||6.250|0.00||||||||||||||||||||175175.25
F06Q10001553|200905|174755.10|0|039|321|||||6.250|0.00||||||||||||||||||||174755.10
F06Q10001553|200906|174543.38|0|040|320|||||6.250|0.00||||||||||||||||||||174543.38
F06Q10001553|200907|174543.38|0|041|319|||||6.250|0.00||||||||||||||||||||174543.38
F06Q10001553|200908|174116.63|0|042|318|||||6.250|0.00||||||||||||||||||||174116.63
F06Q10001553|200909|174116.63|0|043|317|||||6.250|0.00||||||||||||||||||||174116.63
F06Q10001553|200910|173901.59|0|044|316|||||6.250|0.00||||||||||||||||||||173901.59
F06Q10001553|200911|173685.43|0|045|315|||||6.250|0.00||||||||||||||||||||173685.43
F06Q10001553|200912|173468.14|0|046|314|||||6.250|0.00||||||||||||||||||||173468.14
F06Q10001553|201001|173249.72|0|047|313|||||6.250|0.00||||||||||||||||||||173249.72
F06Q10001553|201002|173030.16|0|048|312|||||6.250|0.00||||||||||||||||||||173030.16
F06Q10001553|201003|172809.46|0|049|311|||||6.250|0.00||||||||||||||||||||172809.46
F06Q10001553|201004|172809.46|2|050|310|||||6.250|0.00||||||||||||||||||||172809.46
F06Q10001553|201005|172587.61|2|051|309|||||6.250|0.00||||||||||||||||||||172587.61
F06Q10001553|201006|172364.60|0|052|308|||||6.250|0.00||||||||||||||||||||172364.60
F06Q10001553|201007|171915.09|0|053|307|||||6.250|0.00||||||||||||||||||||171915.09
F06Q10001553|201008|171688.58|0|054|306|||||6.250|0.00||||||||||||||||||||171688.58
F06Q10001553|201009|171460.89|1|055|305|||||6.250|0.00||||||||||||||||||||171460.89
F06Q10001553|201010|171460.89|2|056|304|||||6.250|0.00||||||||||||||||||||171460.89
F06Q10001553|201011|171460.89|2|057|303|||||6.250|0.00||||||||||||||||||||171460.89
F06Q10001553|201012|171232.02|2|058|302|||||6.250|0.00||||||||||||||||||||171232.02
F06Q10001553|201101|171001.95|3|059|301|||||6.250|0.00||||||||||||||||||||171001.95
F06Q10001553|201102|171001.95|4|060|300|||||6.250|0.00||||||||||||||||||||171001.95
F06Q10001553|201103|171001.95|5|061|299|||||6.250|0.00||||||||||||||||||||171001.95
F06Q10001553|201104|171001.95|6|062|298|||||6.250|0.00||||||||||||||||||||171001.95
F06Q10001553|201105|171001.95|7|063|297|||||6.250|0.00||||||||||||||||||||171001.95
F06Q10001553|201106|171001.95|8|064|296|||||6.250|0.00||||||||||||||||||||171001.95
F06Q10001553|201107|171001.95|9|065|295|||||6.250|0.00||||||||||||||||||||171001.95
F06Q10001553|201108|171001.95|10|066|294|||||6.250|0.00||||||||||||||||||||171001.95
F06Q10001553|201109|171001.95|11|067|293|||||6.250|0.00||||||||||||||||||||171001.95
F06Q10001553|201110|171001.95|12|068|292|||||6.250|0.00||||||||||||||||||||171001.95
F06Q10001553|201111|171001.95|13|069|291|||||6.250|0.00||||||||||||||||||||171001.95
F06Q10001553|201112|171001.95|14|070|290|||||6.250|0.00||||||||||||||||||||171001.95
F06Q10001553|201201|171001.95|15|071|289|||||6.250|0.00||||||||||||||||||||171001.95
F06Q10001553|201202|171001.95|16|072|288|||||6.250|0.00||||||||||||||||||||171001.95
F06Q10001553|201203|171001.95|RA|073|287|||||6.250|0.00||||||||||||||||||||171001.95
F06Q10001553|201204|171001.95|RA|074|286|||||6.250|0.00||||||||||||||||||||171001.95
F06Q10001553|201205|171001.95|RA|075|285|||||6.250|0.00||||||||||||||||||||171001.95
F06Q10001553|201206|171001.95|RA|076|284|||||6.250|0.00||||||||||||||||||||171001.95
F06Q10001553|201207|0.00|RA|077|283|||09|201207|6.250|0.00|201010|0.00|80821.41|560.69|-17057.91|-4878.80|-393.56|-11245.05|-540.50|-124333.71|||||171001.95|17655.95||||0.00
F06Q10001565|200602|80000.00|0|000|360|||||6.250|0.00||||||||||||||||||||80000.00
F06Q10001565|200603|80000.00|0|001|359|||||6.250|0.00||||||||||||||||||||80000.00
F06Q10001565|200604|80000.00|0|002|358|||||6.250|0.00||||||||||||||||||||80000.00
F06Q10001565|200605|80000.00|0|003|357|||||6.250|0.00||||||||||||||||||||80000.00
F06Q10001565|200606|80000.00|0|004|356|||||6.250|0.00||||||||||||||||||||80000.00
F06Q10001565|200607|80000.00|0|005|355|||||6.250|0.00||||||||||||||||||||80000.00
F06Q10001565|200608|80000.00|0|006|354|||||6.250|0.00||||||||||||||||||||80000.00
F06Q10001565|200609|79460.29|0|007|353|||||6.250|0.00||||||||||||||||||||79460.29
F06Q10001565|200610|79381.58|0|008|352|||||6.250|0.00||||||||||||||||||||79381.58
F06Q10001565|200611|79302.46|0|009|351|||||6.250|0.00||||||||||||||||||||79302.46
F06Q10001565|200612|79222.92|0|010|350|||||6.250|0.00||||||||||||||||||||79222.92
F06Q10001565|200701|79142.97|0|011|349|||||6.250|0.00||||||||||||||||||||79142.97
F06Q10001565|200702|79062.60|0|012|348|||||6.250|0.00||||||||||||||||||||79062.60
F06Q10001565|200703|78981.81|0|013|347|||||6.250|0.00||||||||||||||||||||78981.81
F06Q10001565|200704|78900.60|0|014|346|||||6.250|0.00||||||||||||||||||||78900.60
F06Q10001565|200705|78818.97|0|015|345|||||6.250|0.00||||||||||||||||||||78818.97
F06Q10001565|200706|78736.92|0|016|344|||||6.250|0.00||||||||||||||||||||78736.92
F06Q10001565|200707|78654.44|0|017|343|||||6.250|0.00||||||||||||||||||||78654.44
F06Q10001565|200708|78571.53|0|018|342|||||6.250|0.00||||||||||||||||||||78571.53
F06Q10001565|200709|78488.19|0|019|341|||||6.250|0.00||||||||||||||||||||78488.19
F06Q10001565|200710|78404.41|0|020|340|||||6.250|0.00||||||||||||||||||||78404.41
F06Q10001565|200711|78320.20|0|021|339|||||6.250|0.00||||||||||||||||||||78320.20
F06Q10001565|200712|78235.55|0|022|338|||||6.250|0.00||||||||||||||||||||78235.55
F06Q10001565|200801|78150.46|0|023|337|||||6.250|0.00||||||||||||||||||||78150.46
F06Q10001565|200802|78064.92|0|024|336|||||6.250|0.00||||||||||||||||||||78064.92
F06Q10001565|200803|77978.94|0|025|335|||||6.250|0.00||||||||||||||||||||77978.94
F06Q10001565|200804|77892.51|0|026|334|||||6.250|0.00||||||||||||||||||||77892.51
F06Q10001565|200805|77805.63|0|027|333|||||6.250|0.00||||||||||||||||||||77805.63
F06Q10001565|200806|77718.30|0|028|332|||||6.250|0.00||||||||||||||||||||77718.30
F06Q10001565|200807|77630.51|0|029|331|||||6.250|0.00||||||||||||||||||||77630.51
F06Q10001565|200808|77542.27|0|030|330|||||6.250|0.00||||||||||||||||||||77542.27
F06Q10001565|200809|77453.57|0|031|329|||||6.250|0.00||||||||||||||||||||77453.57
F06Q10001565|200810|77364.40|0|032|328|||||6.250|0.00||||||||||||||||||||77364.40
F06Q10001565|200811|77274.77|0|033|327|||||6.250|0.00||||||||||||||||||||77274.77
F06Q10001565|200812|77184.67|0|034|326|||||6.250|0.00||||||||||||||||||||77184.67
F06Q10001565|200901|77094.10|0|035|325|||||6.250|0.00||||||||||||||||||||77094.10
F06Q10001565|200902|77003.06|0|036|324|||||6.250|0.00||||||||||||||||||||77003.06
F06Q10001565|200903|76911.55|0|037|323|||||6.250|0.00||||||||||||||||||||76911.55
F06Q10001565|200904|76819.56|0|038|322|||||6.250|0.00||||||||||||||||||||76819.56
F06Q10001565|200905|76727.09|0|039|321|||||6.250|0.00||||||||||||||||||||76727.09
F06Q10001565|200906|76634.14|0|040|320|||||6.250|0.00||||||||||||||||||||76634.14
F06Q10001565|200907|76540.71|0|041|319|||||6.250|0.00||||||||||||||||||||76540.71
F06Q10001565|200908|76446.79|0|042|318|||||6.250|0.00||||||||||||||||||||76446.79
F06Q10001565|200909|76352.38|0|043|317|||||6.250|0.00||||||||||||||||||||76352.38
F06Q10001565|200910|76257.48|0|044|316|||||6.250|0.00||||||||||||||||||||76257.48
F06Q10001565|200911|76162.08|0|045|315|||||6.250|0.00||||||||||||||||||||76162.08
F06Q10001565|200912|76066.19|0|046|314|||||6.250|0.00||||||||||||||||||||76066.19
F06Q10001565|201001|75969.80|0|047|313|||||6.250|0.00||||||||||||||||||||75969.80
F06Q10001565|201002|75872.91|0|048|312|||||6.250|0.00||||||||||||||||||||75872.91
F06Q10001565|201003|75775.51|0|049|311|||||6.250|0.00||||||||||||||||||||75775.51
F06Q10001565|201004|75677.60|0|050|310|||||6.250|0.00||||||||||||||||||||75677.60
F06Q10001565|201005|75579.18|0|051|309|||||6.250|0.00||||||||||||||||||||75579.18
F06Q10001565|201006|75480.25|0|052|308|||||6.250|0.00||||||||||||||||||||75480.25
F06Q10001565|201007|75380.81|0|053|307|||||6.250|0.00||||||||||||||||||||75380.81
F06Q10001565|201008|75280.85|0|054|306|||||6.250|0.00||||||||||||||||||||75280.85
F06Q10001565|201009|75180.37|0|055|305|||||6.250|0.00||||||||||||||||||||75180.37
F06Q10001565|201010|75079.36|0|056|304|||||6.250|0.00||||||||||||||||||||75079.36
F06Q10001565|201011|74977.83|0|057|303|||||6.250|0.00||||||||||||||||||||74977.83
F06Q10001565|201012|74875.77|0|058|302|||||6.250|0.00||||||||||||||||||||74875.77
F06Q10001565|201101|74773.18|0|059|301|||||6.250|0.00||||||||||||||||||||74773.18
F06Q10001565|201102|74670.05|0|060|300|||||6.250|0.00||||||||||||||||||||74670.05
F06Q10001565|201103|74566.39|0|061|299|||||6.250|0.00||||||||||||||||||||74566.39
F06Q10001565|201104|74462.19|0|062|298|||||6.250|0.00||||||||||||||||||||74462.19
F06Q10001565|201105|74357.44|0|063|297|||||6.250|0.00||||||||||||||||||||74357.44
F06Q10001565|201106|74252.15|0|064|296|||||6.250|0.00||||||||||||||||||||74252.15
F06Q10001565|201107|0.00|0|065|295|||01|201107|6.250|0.00|||||||||||||||74252.15|||||0.00
F06Q10001598|200602|97000.00|0|000|180|||||6.125|0.00||||||||||||||||||||97000.00
F06Q10001598|200603|96000.00|0|001|179|||||6.125|0.00||||||||||||||||||||96000.00
F06Q10001598|200604|96000.00|0|002|178|||||6.125|0.00||||||||||||||||||||96000.00
F06Q10001598|200605|95000.00|0|003|177|||||6.125|0.00||||||||||||||||||||95000.00
F06Q10001598|200606|95000.00|0|004|176|||||6.125|0.00||||||||||||||||||||95000.00
F06Q10001598|200607|95000.00|0|005|175|||||6.125|0.00||||||||||||||||||||95000.00
F06Q10001598|200608|94000.00|0|006|174|||||6.125|0.00||||||||||||||||||||94000.00
F06Q10001598|200609|93632.40|0|007|173|||||6.125|0.00||||||||||||||||||||93632.40
F06Q10001598|200610|93284.40|0|008|172|||||6.125|0.00||||||||||||||||||||93284.40
F06Q10001598|200611|92935.43|0|009|171|||||6.125|0.00||||||||||||||||||||92935.43
F06Q10001598|200612|92935.43|0|010|170|||||6.125|0.00||||||||||||||||||||92935.43
F06Q10001598|200701|92226.12|0|011|169|||||6.125|0.00||||||||||||||||||||92226.12
F06Q10001598|200702|91868.75|0|012|168|||||6.125|0.00||||||||||||||||||||91868.75
F06Q10001598|200703|91509.55|0|013|167|||||6.125|0.00||||||||||||||||||||91509.55
F06Q10001598|200704|91148.52|0|014|166|||||6.125|0.00||||||||||||||||||||91148.52
F06Q10001598|200705|90785.65|0|015|165|||||6.125|0.00||||||||||||||||||||90785.65
F06Q10001598|200706|90420.93|0|016|164|||||6.125|0.00||||||||||||||||||||90420.93
F06Q10001598|200707|90054.34|0|017|163|||||6.125|0.00||||||||||||||||||||90054.34
F06Q10001598|200708|89685.88|0|018|162|||||6.125|0.00||||||||||||||||||||89685.88
F06Q10001598|200709|89315.54|0|019|161|||||6.125|0.00||||||||||||||||||||89315.54
F06Q10001598|200710|88924.31|0|020|160|||||6.125|0.00||||||||||||||||||||88924.31
F06Q10001598|200711|88531.08|0|021|159|||||6.125|0.00||||||||||||||||||||88531.08
F06Q10001598|200712|88531.08|0|022|158|||||6.125|0.00||||||||||||||||||||88531.08
F06Q10001598|200801|87742.61|0|023|157|||||6.125|0.00||||||||||||||||||||87742.61
F06Q10001598|200802|87345.35|0|024|156|||||6.125|0.00||||||||||||||||||||87345.35
F06Q10001598|200803|86946.07|0|025|155|||||6.125|0.00||||||||||||||||||||86946.07
F06Q10001598|200804|86544.75|0|026|154|||||6.125|0.00||||||||||||||||||||86544.75
F06Q10001598|200805|86141.38|0|027|153|||||6.125|0.00||||||||||||||||||||86141.38
F06Q10001598|200806|85735.95|0|028|152|||||6.125|0.00||||||||||||||||||||85735.95
F06Q10001598|200807|85328.45|0|029|151|||||6.125|0.00||||||||||||||||||||85328.45
F06Q10001598|200808|84918.87|0|030|150|||||6.125|0.00||||||||||||||||||||84918.87
F06Q10001598|200809|84507.20|0|031|149|||||6.125|0.00||||||||||||||||||||84507.20
F06Q10001598|200810|84093.43|0|032|148|||||6.125|0.00||||||||||||||||||||84093.43
F06Q10001598|200811|83677.55|0|033|147|||||6.125|0.00||||||||||||||||||||83677.55
F06Q10001598|200812|83677.55|0|034|146|||||6.125|0.00||||||||||||||||||||83677.55
F06Q10001598|200901|83267.54|0|035|145|||||6.125|0.00||||||||||||||||||||83267.54
F06Q10001598|200902|82855.44|0|036|144|||||6.125|0.00||||||||||||||||||||82855.44
F06Q10001598|200903|82441.24|0|037|143|||||6.125|0.00||||||||||||||||||||82441.24
F06Q10001598|200904|82024.92|0|038|142|||||6.125|0.00||||||||||||||||||||82024.92
F06Q10001598|200905|81618.48|0|039|141|||||6.125|0.00||||||||||||||||||||81618.48
F06Q10001598|200906|0.00|0|040|140|||01|200906|6.125|0.00|||||||||||||||81618.48|||||0.00
F06Q10001606|200602|98000.00|0|000|180|||||5.750|0.00||||||||||||||||||||98000.00
F06Q10001606|200603|98000.00|0|001|179|||||5.750|0.00||||||||||||||||||||98000.00
F06Q10001606|200604|97000.00|0|002|178|||||5.750|0.00||||||||||||||||||||97000.00
F06Q10001606|200605|97000.00|0|003|177|||||5.750|0.00||||||||||||||||||||97000.00
F06Q10001606|200606|97000.00|0|004|176|||||5.750|0.00||||||||||||||||||||97000.00
F06Q10001606|200607|96000.00|0|005|175|||||5.750|0.00||||||||||||||||||||96000.00
F06Q10001606|200608|96000.00|0|006|174|||||5.750|0.00||||||||||||||||||||96000.00
F06Q10001606|200609|95495.44|0|007|173|||||5.750|0.00||||||||||||||||||||95495.44
F06Q10001606|200610|95133.02|0|008|172|||||5.750|0.00||||||||||||||||||||95133.02
F06Q10001606|200611|94768.86|0|009|171|||||5.750|0.00||||||||||||||||||||94768.86
F06Q10001606|200612|94402.96|0|010|170|||||5.750|0.00||||||||||||||||||||94402.96
F06Q10001606|200701|94035.31|0|011|169|||||5.750|0.00||||||||||||||||||||94035.31
F06Q10001606|200702|70665.90|0|012|168|||||5.750|0.00||||||||||||||||||||70665.90
F06Q10001606|200703|65200.16|0|013|167|||||5.750|0.00||||||||||||||||||||65200.16
F06Q10001606|200704|56697.37|0|014|166|||||5.750|0.00||||||||||||||||||||56697.37
F06Q10001606|200705|51138.82|0|015|165|||||5.750|0.00||||||||||||||||||||51138.82
F06Q10001606|200706|50560.67|0|016|164|||||5.750|0.00||||||||||||||||||||50560.67
F06Q10001606|200707|49982.93|0|017|163|||||5.750|0.00||||||||||||||||||||49982.93
F06Q10001606|200708|42402.44|0|018|162|||||5.750|0.00||||||||||||||||||||42402.44
F06Q10001606|200709|41792.32|0|019|161|||||5.750|0.00||||||||||||||||||||41792.32
F06Q10001606|200710|41172.58|0|020|160|||||5.750|0.00||||||||||||||||||||41172.58
F06Q10001606|200711|40549.86|0|021|159|||||5.750|0.00||||||||||||||||||||40549.86
F06Q10001606|200712|39924.16|0|022|158|||||5.750|0.00||||||||||||||||||||39924.16
F06Q10001606|200801|39295.47|0|023|157|||||5.750|0.00||||||||||||||||||||39295.47
F06Q10001606|200802|38663.76|0|024|156|||||5.750|0.00||||||||||||||||||||38663.76
F06Q10001606|200803|23029.02|0|025|155|||||5.750|0.00||||||||||||||||||||23029.02
F06Q10001606|200804|22326.56|0|026|154|||||5.750|0.00||||||||||||||||||||22326.56
F06Q10001606|200805|21613.54|0|027|153|||||5.750|0.00||||||||||||||||||||21613.54
F06Q10001606|200806|12897.10|0|028|152|||||5.750|0.00||||||||||||||||||||12897.10
F06Q10001606|200807|12141.46|0|029|151|||||5.750|0.00||||||||||||||||||||12141.46
F06Q10001606|200808|11379.64|0|030|150|||||5.750|0.00||||||||||||||||||||11379.64
F06Q10001606|200809|10614.16|0|031|149|||||5.750|0.00||||||||||||||||||||10614.16
F06Q10001606|200810|9845.02|0|032|148|||||5.750|0.00||||||||||||||||||||9845.02
F06Q10001606|200811|9072.20|0|033|147|||||5.750|0.00||||||||||||||||||||9072.20
F06Q10001606|200812|0.00|0|034|146|||01|200812|5.750|0.00|||||||||||||||9072.20|||||0.00
F06Q10001625|200602|132000.00|0|000|360|||||6.375|0.00||||||||||||||||||||132000.00
F06Q10001625|200603|132000.00|0|001|359|||||6.375|0.00||||||||||||||||||||132000.00
F06Q10001625|200604|132000.00|0|002|358|||||6.375|0.00||||||||||||||||||||132000.00
F06Q10001625|200605|132000.00|0|003|357|||||6.375|0.00||||||||||||||||||||132000.00
F06Q10001625|200606|132000.00|0|004|356|||||6.375|0.00||||||||||||||||||||132000.00
F06Q10001625|200607|132000.00|0|005|355|||||6.375|0.00||||||||||||||||||||132000.00
F06Q10001625|200608|132000.00|0|006|354|||||6.375|0.00||||||||||||||||||||132000.00
F06Q10001625|200609|131371.69|0|007|353|||||6.375|0.00||||||||||||||||||||131371.69
F06Q10001625|200610|131219.60|0|008|352|||||6.375|0.00||||||||||||||||||||131219.60
F06Q10001625|200611|131066.70|0|009|351|||||6.375|0.00||||||||||||||||||||131066.70
F06Q10001625|200612|130912.99|0|010|350|||||6.375|0.00||||||||||||||||||||130912.99
F06Q10001625|200701|130758.47|0|011|349|||||6.375|0.00||||||||||||||||||||130758.47
F06Q10001625|200702|130603.12|0|012|348|||||6.375|0.00||||||||||||||||||||130603.12
F06Q10001625|200703|130446.95|0|013|347|||||6.375|0.00||||||||||||||||||||130446.95
F06Q10001625|200704|0.00|0|014|346|||01|200704|6.375|0.00|||||||||||||||130446.95|||||0.00
F06Q10001644|200602|57000.00|0|000|360|||||6.625|0.00||||||||||||||||||||57000.00
F06Q10001644|200603|57000.00|0|001|359|||||6.625|0.00||||||||||||||||||||57000.00
F06Q10001644|200604|57000.00|0|002|358|||||6.625|0.00||||||||||||||||||||57000.00
F06Q10001644|200605|56000.00|0|003|357|||||6.625|0.00||||||||||||||||||||56000.00
F06Q10001644|200606|56000.00|0|004|356|||||6.625|0.00||||||||||||||||||||56000.00
F06Q10001644|200607|56000.00|0|005|355|||||6.625|0.00||||||||||||||||||||56000.00
F06Q10001644|200608|56000.00|0|006|354|||||6.625|0.00||||||||||||||||||||56000.00
F06Q10001644|200609|56250.14|0|007|353|||||6.625|0.00||||||||||||||||||||56250.14
F06Q10001644|200610|56179.28|0|008|352|||||6.625|0.00||||||||||||||||||||56179.28
F06Q10001644|200611|56108.03|0|009|351|||||6.625|0.00||||||||||||||||||||56108.03
F06Q10001644|200612|55964.34|0|010|350|||||6.625|0.00||||||||||||||||||||55964.34
F06Q10001644|200701|55964.34|0|011|349|||||6.625|0.00||||||||||||||||||||55964.34
F06Q10001644|200702|55891.90|0|012|348|||||6.625|0.00||||||||||||||||||||55891.90
F06Q10001644|200703|55819.06|0|013|347|||||6.625|0.00||||||||||||||||||||55819.06
F06Q10001644|200704|55725.02|0|014|346|||||6.625|0.00||||||||||||||||||||55725.02
F06Q10001644|200705|55630.46|0|015|345|||||6.625|0.00||||||||||||||||||||55630.46
F06Q10001644|200706|55535.38|0|016|344|||||6.625|0.00||||||||||||||||||||55535.38
F06Q10001644|200707|55478.92|0|017|343|||||6.625|0.00||||||||||||||||||||55478.92
F06Q10001644|200708|55383.00|0|018|342|||||6.625|0.00||||||||||||||||||||55383.00
F06Q10001644|200709|55325.70|0|019|341|||||6.625|0.00||||||||||||||||||||55325.70
F06Q10001644|200710|55268.08|0|020|340|||||6.625|0.00||||||||||||||||||||55268.08
F06Q10001644|200711|55151.90|0|021|339|||||6.625|0.00||||||||||||||||||||55151.90
F06Q10001644|200712|55151.90|0|022|338|||||6.625|0.00||||||||||||||||||||55151.90
F06Q10001644|200801|55093.32|0|023|337|||||6.625|0.00||||||||||||||||||||55093.32
F06Q10001644|200802|55034.42|0|024|336|||||6.625|0.00||||||||||||||||||||55034.42
F06Q10001644|200803|54975.20|0|025|335|||||6.625|0.00||||||||||||||||||||54975.20
F06Q10001644|200804|54915.65|0|026|334|||||6.625|0.00||||||||||||||||||||54915.65
F06Q10001644|200805|54855.77|0|027|333|||||6.625|0.00||||||||||||||||||||54855.77
F06Q10001644|200806|54795.56|0|028|332|||||6.625|0.00||||||||||||||||||||54795.56
F06Q10001644|200807|54735.02|0|029|331|||||6.625|0.00||||||||||||||||||||54735.02
F06Q10001644|200808|54668.78|0|030|330|||||6.625|0.00||||||||||||||||||||54668.78
F06Q10001644|200809|54607.54|0|031|329|||||6.625|0.00||||||||||||||||||||54607.54
F06Q10001644|200810|54545.96|0|032|328|||||6.625|0.00||||||||||||||||||||54545.96
F06Q10001644|200811|54484.04|0|033|327|||||6.625|0.00||||||||||||||||||||54484.04
F06Q10001644|200812|54421.78|0|034|326|||||6.625|0.00||||||||||||||||||||54421.78
F06Q10001644|200901|54359.17|0|035|325|||||6.625|0.00||||||||||||||||||||54359.17
F06Q10001644|200902|54296.22|0|036|324|||||6.625|0.00||||||||||||||||||||54296.22
F06Q10001644|200903|54232.92|0|037|323|||||6.625|0.00||||||||||||||||||||54232.92
F06Q10001644|200904|54169.27|0|038|322|||||6.625|0.00||||||||||||||||||||54169.27
F06Q10001644|200905|54105.27|0|039|321|||||6.625|0.00||||||||||||||||||||54105.27
F06Q10001644|200906|54040.92|0|040|320|||||6.625|0.00||||||||||||||||||||54040.92
F06Q10001644|200907|53976.21|0|041|319|||||6.625|0.00||||||||||||||||||||53976.21
F06Q10001644|200908|53911.14|0|042|318|||||6.625|0.00||||||||||||||||||||53911.14
F06Q10001644|200909|53845.71|0|043|317|||||6.625|0.00||||||||||||||||||||53845.71
F06Q10001644|200910|53779.92|0|044|316|||||6.625|0.00||||||||||||||||||||53779.92
F06Q10001644|200911|53713.77|0|045|315|||||6.625|0.00||||||||||||||||||||53713.77
F06Q10001644|200912|53647.25|0|046|314|||||6.625|0.00||||||||||||||||||||53647.25
F06Q10001644|201001|53580.37|0|047|313|||||6.625|0.00||||||||||||||||||||53580.37
F06Q10001644|201002|53513.12|0|048|312|||||6.625|0.00||||||||||||||||||||53513.12
F06Q10001644|201003|53445.50|0|049|311|||||6.625|0.00||||||||||||||||||||53445.50
F06Q10001644|201004|53377.13|0|050|310|||||6.625|0.00||||||||||||||||||||53377.13
F06Q10001644|201005|53308.76|0|051|309|||||6.625|0.00||||||||||||||||||||53308.76
F06Q10001644|201006|53240.01|0|052|308|||||6.625|0.00||||||||||||||||||||53240.01
F06Q10001644|201007|53170.88|0|053|307|||||6.625|0.00||||||||||||||||||||53170.88
F06Q10001644|201008|53101.37|0|054|306|||||6.625|0.00||||||||||||||||||||53101.37
F06Q10001644|201009|53031.47|0|055|305|||||6.625|0.00||||||||||||||||||||53031.47
F06Q10001644|201010|52961.19|0|056|304|||||6.625|0.00||||||||||||||||||||52961.19
F06Q10001644|201011|52890.52|0|057|303|||||6.625|0.00||||||||||||||||||||52890.52
F06Q10001644|201012|52819.46|0|058|302|||||6.625|0.00||||||||||||||||||||52819.46
F06Q10001644|201101|52748.01|0|059|301|||||6.625|0.00||||||||||||||||||||52748.01
F06Q10001644|201102|52676.16|0|060|300|||||6.625|0.00||||||||||||||||||||52676.16
F06Q10001644|201103|52603.92|0|061|299|||||6.625|0.00||||||||||||||||||||52603.92
F06Q10001644|201104|52531.28|0|062|298|||||6.625|0.00||||||||||||||||||||52531.28
F06Q10001644|201105|52458.24|0|063|297|||||6.625|0.00||||||||||||||||||||52458.24
F06Q10001644|201106|52384.79|0|064|296|||||6.625|0.00||||||||||||||||||||52384.79
F06Q10001644|201107|52310.94|0|065|295|||||6.625|0.00||||||||||||||||||||52310.94
F06Q10001644|201108|52236.68|0|066|294|||||6.625|0.00||||||||||||||||||||52236.68
F06Q10001644|201109|52162.01|0|067|293|||||6.625|0.00||||||||||||||||||||52162.01
F06Q10001644|201110|52086.93|0|068|292|||||6.625|0.00||||||||||||||||||||52086.93
F06Q10001644|201111|52011.43|0|069|291|||||6.625|0.00||||||||||||||||||||52011.43
F06Q10001644|201112|51935.52|0|070|290|||||6.625|0.00||||||||||||||||||||51935.52
F06Q10001644|201201|51859.19|0|071|289|||||6.625|0.00||||||||||||||||||||51859.19
F06Q10001644|201202|51782.44|0|072|288|||||6.625|0.00||||||||||||||||||||51782.44
F06Q10001644|201203|51705.26|0|073|287|||||6.625|0.00||||||||||||||||||||51705.26
F06Q10001644|201204|51627.66|0|074|286|||||6.625|0.00||||||||||||||||||||51627.66
F06Q10001644|201205|51549.63|0|075|285|||||6.625|0.00||||||||||||||||||||51549.63
F06Q10001644|201206|51471.17|0|076|284|||||6.625|0.00||||||||||||||||||||51471.17
F06Q10001644|201207|51379.90|0|077|283|||||6.625|0.00||||||||||||||||||||51379.90
F06Q10001644|201208|51288.13|0|078|282|||||6.625|0.00||||||||||||||||||||51288.13
F06Q10001644|201209|51195.85|0|079|281|||||6.625|0.00||||||||||||||||||||51195.85
F06Q10001644|201210|51103.06|0|080|280|||||6.625|0.00||||||||||||||||||||51103.06
F06Q10001644|201211|51009.76|0|081|279|||||6.625|0.00||||||||||||||||||||51009.76
F06Q10001644|201212|0.00|0|082|278|||01|201212|6.625|0.00|||||||||||||||51009.76|||||0.00
F06Q10001689|200603|67000.00|0|000|360|||||6.375|0.00||||||||||||||||||||67000.00
F06Q10001689|200604|67000.00|0|001|359|||||6.375|0.00||||||||||||||||||||67000.00
F06Q10001689|200605|67000.00|0|002|358|||||6.375|0.00||||||||||||||||||||67000.00
F06Q10001689|200606|67000.00|0|003|357|||||6.375|0.00||||||||||||||||||||67000.00
F06Q10001689|200607|67000.00|0|004|356|||||6.375|0.00||||||||||||||||||||67000.00
F06Q10001689|200608|66000.00|0|005|355|||||6.375|0.00||||||||||||||||||||66000.00
F06Q10001689|200609|66000.00|0|006|354|||||6.375|0.00||||||||||||||||||||66000.00
F06Q10001689|200610|66266.98|0|007|353|||||6.375|0.00||||||||||||||||||||66266.98
F06Q10001689|200611|66171.44|0|008|352|||||6.375|0.00||||||||||||||||||||66171.44
F06Q10001689|200612|66075.40|0|009|351|||||6.375|0.00||||||||||||||||||||66075.40
F06Q10001689|200701|65978.85|0|010|350|||||6.375|0.00||||||||||||||||||||65978.85
F06Q10001689|200702|65881.78|0|011|349|||||6.375|0.00||||||||||||||||||||65881.78
F06Q10001689|200703|65779.12|0|012|348|||||6.375|0.00||||||||||||||||||||65779.12
F06Q10001689|200704|65675.91|0|013|347|||||6.375|0.00||||||||||||||||||||65675.91
F06Q10001689|200705|65572.15|0|014|346|||||6.375|0.00||||||||||||||||||||65572.15
F06Q10001689|200706|65467.84|0|015|345|||||6.375|0.00||||||||||||||||||||65467.84
F06Q10001689|200707|65362.98|0|016|344|||||6.375|0.00||||||||||||||||||||65362.98
F06Q10001689|200708|65257.56|0|017|343|||||6.375|0.00||||||||||||||||||||65257.56
F06Q10001689|200709|65151.58|0|018|342|||||6.375|0.00||||||||||||||||||||65151.58
F06Q10001689|200710|65045.04|0|019|341|||||6.375|0.00||||||||||||||||||||65045.04
F06Q10001689|200711|64937.93|0|020|340|||||6.375|0.00||||||||||||||||||||64937.93
F06Q10001689|200712|64830.25|0|021|339|||||6.375|0.00||||||||||||||||||||64830.25
F06Q10001689|200801|64722.00|0|022|338|||||6.375|0.00||||||||||||||||||||64722.00
F06Q10001689|200802|64613.18|0|023|337|||||6.375|0.00||||||||||||||||||||64613.18
F06Q10001689|200803|64519.67|0|024|336|||||6.375|0.00||||||||||||||||||||64519.67
F06Q10001689|200804|64425.66|0|025|335|||||6.375|0.00||||||||||||||||||||64425.66
F06Q10001689|200805|64281.15|0|026|334|||||6.375|0.00||||||||||||||||||||64281.15
F06Q10001689|200806|64135.87|0|027|333|||||6.375|0.00||||||||||||||||||||64135.87
F06Q10001689|200807|63989.82|0|028|332|||||6.375|0.00||||||||||||||||||||63989.82
F06Q10001689|200808|63913.03|0|029|331|||||6.375|0.00||||||||||||||||||||63913.03
F06Q10001689|200809|63835.80|0|030|330|||||6.375|0.00||||||||||||||||||||63835.80
F06Q10001689|200810|63688.16|0|031|329|||||6.375|0.00||||||||||||||||||||63688.16
F06Q10001689|200811|63539.73|0|032|328|||||6.375|0.00||||||||||||||||||||63539.73
F06Q10001689|200812|63390.51|0|033|327|||||6.375|0.00||||||||||||||||||||63390.51
F06Q10001689|200901|63240.50|0|034|326|||||6.375|0.00||||||||||||||||||||63240.50
F06Q10001689|200902|63089.70|0|035|325|||||6.375|0.00||||||||||||||||||||63089.70
F06Q10001689|200903|62941.96|0|036|324|||||6.375|0.00||||||||||||||||||||62941.96
F06Q10001689|200904|62793.44|0|037|323|||||6.375|0.00||||||||||||||||||||62793.44
F06Q10001689|200905|62644.13|0|038|322|||||6.375|0.00||||||||||||||||||||62644.13
F06Q10001689|200906|62554.03|0|039|321|||||6.375|0.00||||||||||||||||||||62554.03
F06Q10001689|200907|62403.45|0|040|320|||||6.375|0.00||||||||||||||||||||62403.45
F06Q10001689|200908|62252.07|0|041|319|||||6.375|0.00||||||||||||||||||||62252.07
F06Q10001689|200909|62099.88|0|042|318|||||6.375|0.00||||||||||||||||||||62099.88
F06Q10001689|200910|61946.89|0|043|317|||||6.375|0.00||||||||||||||||||||61946.89
F06Q10001689|200911|61793.08|0|044|316|||||6.375|0.00||||||||||||||||||||61793.08
F06Q10001689|200912|61638.46|0|045|315|||||6.375|0.00||||||||||||||||||||61638.46
F06Q10001689|201001|61483.01|0|046|314|||||6.375|0.00||||||||||||||||||||61483.01
F06Q10001689|201002|61326.74|0|047|313|||||6.375|0.00||||||||||||||||||||61326.74
F06Q10001689|201003|61122.35|0|048|312|||||6.375|0.00||||||||||||||||||||61122.35
F06Q10001689|201004|61016.87|0|049|311|||||6.375|0.00||||||||||||||||||||61016.87
F06Q10001689|201005|60910.83|0|050|310|||||6.375|0.00||||||||||||||||||||60910.83
F06Q10001689|201006|60754.23|0|051|309|||||6.375|0.00||||||||||||||||||||60754.23
F06Q10001689|201007|60596.80|0|052|308|||||6.375|0.00||||||||||||||||||||60596.80
F06Q10001689|201008|60421.26|0|053|307|||||6.375|0.00||||||||||||||||||||60421.26
F06Q10001689|201009|60294.79|0|054|306|||||6.375|0.00||||||||||||||||||||60294.79
F06Q10001689|201010|0.00|0|055|305|||01|201010|6.375|0.00|||||||||||||||60294.79|||||0.00
F06Q10001698|200602|223000.00|0|000|360|||||6.500|0.00||||||||||||||||||||223000.00
F06Q10001698|200603|223000.00|0|001|359|||||6.500|0.00||||||||||||||||||||223000.00
F06Q10001698|200604|223000.00|0|002|358|||||6.500|0.00||||||||||||||||||||223000.00
F06Q10001698|200605|222000.00|0|003|357|||||6.500|0.00||||||||||||||||||||222000.00
F06Q10001698|200606|222000.00|0|004|356|||||6.500|0.00||||||||||||||||||||222000.00
F06Q10001698|200607|222000.00|0|005|355|||||6.500|0.00||||||||||||||||||||222000.00
F06Q10001698|200608|221000.00|0|006|354|||||6.500|0.00||||||||||||||||||||221000.00
F06Q10001698|200609|221152.71|0|007|353|||||6.500|0.00||||||||||||||||||||221152.71
F06Q10001698|200610|220900.11|0|008|352|||||6.500|0.00||||||||||||||||||||220900.11
F06Q10001698|200611|220646.14|0|009|351|||||6.500|0.00||||||||||||||||||||220646.14
F06Q10001698|200612|220390.80|0|010|350|||||6.500|0.00||||||||||||||||||||220390.80
F06Q10001698|200701|220134.07|0|011|349|||||6.500|0.00||||||||||||||||||||220134.07
F06Q10001698|200702|219875.95|0|012|348|||||6.500|0.00||||||||||||||||||||219875.95
F06Q10001698|200703|219608.67|0|013|347|||||6.500|0.00||||||||||||||||||||219608.67
F06Q10001698|200704|219339.95|0|014|346|||||6.500|0.00||||||||||||||||||||219339.95
F06Q10001698|200705|219069.77|0|015|345|||||6.500|0.00||||||||||||||||||||219069.77
F06Q10001698|200706|218798.13|0|016|344|||||6.500|0.00||||||||||||||||||||218798.13
F06Q10001698|200707|218525.02|0|017|343|||||6.500|0.00||||||||||||||||||||218525.02
F06Q10001698|200708|218250.43|0|018|342|||||6.500|0.00||||||||||||||||||||218250.43
F06Q10001698|200709|217974.35|0|019|341|||||6.500|0.00||||||||||||||||||||217974.35
F06Q10001698|200710|217696.77|0|020|340|||||6.500|0.00||||||||||||||||||||217696.77
F06Q10001698|200711|217417.69|0|021|339|||||6.500|0.00||||||||||||||||||||217417.69
F06Q10001698|200712|217137.10|0|022|338|||||6.500|0.00||||||||||||||||||||217137.10
F06Q10001698|200801|216854.99|0|023|337|||||6.500|0.00||||||||||||||||||||216854.99
F06Q10001698|200802|216571.35|0|024|336|||||6.500|0.00||||||||||||||||||||216571.35
F06Q10001698|200803|216272.17|0|025|335|||||6.500|0.00||||||||||||||||||||216272.17
F06Q10001698|200804|215971.37|0|026|334|||||6.500|0.00||||||||||||||||||||215971.37
F06Q10001698|200805|215668.94|0|027|333|||||6.500|0.00||||||||||||||||||||215668.94
F06Q10001698|200806|215364.88|0|028|332|||||6.500|0.00||||||||||||||||||||215364.88
F06Q10001698|200807|215059.17|0|029|331|||||6.500|0.00||||||||||||||||||||215059.17
F06Q10001698|200808|214751.80|0|030|330|||||6.500|0.00||||||||||||||||||||214751.80
F06Q10001698|200809|214442.77|0|031|329|||||6.500|0.00||||||||||||||||||||214442.77
F06Q10001698|200810|214132.07|0|032|328|||||6.500|0.00||||||||||||||||||||214132.07
F06Q10001698|200811|213781.68|0|033|327|||||6.500|0.00||||||||||||||||||||213781.68
F06Q10001698|200812|213467.39|0|034|326|||||6.500|0.00||||||||||||||||||||213467.39
F06Q10001698|200901|213151.40|0|035|325|||||6.500|0.00||||||||||||||||||||213151.40
F06Q10001698|200902|212795.70|0|036|324|||||6.500|0.00||||||||||||||||||||212795.70
F06Q10001698|200903|212438.07|0|037|323|||||6.500|0.00||||||||||||||||||||212438.07
F06Q10001698|200904|212178.51|0|038|322|||||6.500|0.00||||||||||||||||||||212178.51
F06Q10001698|200905|211817.54|0|039|321|||||6.500|0.00||||||||||||||||||||211817.54
F06Q10001698|200906|211454.62|0|040|320|||||6.500|0.00||||||||||||||||||||211454.62
F06Q10001698|200907|211089.73|0|041|319|||||6.500|0.00||||||||||||||||||||211089.73
F06Q10001698|200908|210722.86|0|042|318|||||6.500|0.00||||||||||||||||||||210722.86
F06Q10001698|200909|210354.01|0|043|317|||||6.500|0.00||||||||||||||||||||210354.01
F06Q10001698|200910|0.00|0|044|316|||01|200910|6.500|0.00|||||||||||||||210354.01|||||0.00
F06Q10001752|200602|316000.00|0|000|360|||||6.250|0.00||||||||||||||||||||316000.00
F06Q10001752|200603|316000.00|0|001|359|||||6.250|0.00||||||||||||||||||||316000.00
F06Q10001752|200604|315000.00|0|002|358|||||6.250|0.00||||||||||||||||||||315000.00
F06Q10001752|200605|315000.00|0|003|357|||||6.250|0.00||||||||||||||||||||315000.00
F06Q10001752|200606|315000.00|0|004|356|||||6.250|0.00||||||||||||||||||||315000.00
F06Q10001752|200607|314000.00|0|005|355|||||6.250|0.00||||||||||||||||||||314000.00
F06Q10001752|200608|314000.00|0|006|354|||||6.250|0.00||||||||||||||||||||314000.00
F06Q10001752|200609|313868.05|0|007|353|||||6.250|0.00||||||||||||||||||||313868.05
F06Q10001752|200610|313557.11|0|008|352|||||6.250|0.00||||||||||||||||||||313557.11
F06Q10001752|200611|313244.55|0|009|351|||||6.250|0.00||||||||||||||||||||313244.55
F06Q10001752|200612|312930.36|0|010|350|||||6.250|0.00||||||||||||||||||||312930.36
F06Q10001752|200701|312614.54|0|011|349|||||6.250|0.00||||||||||||||||||||312614.54
F06Q10001752|200702|312297.07|0|012|348|||||6.250|0.00||||||||||||||||||||312297.07
F06Q10001752|200703|311977.95|0|013|347|||||6.250|0.00||||||||||||||||||||311977.95
F06Q10001752|200704|311657.17|0|014|346|||||6.250|0.00||||||||||||||||||||311657.17
F06Q10001752|200705|311334.71|0|015|345|||||6.250|0.00||||||||||||||||||||311334.71
F06Q10001752|200706|311010.57|0|016|344|||||6.250|0.00||||||||||||||||||||311010.57
F06Q10001752|200707|310684.75|0|017|343|||||6.250|0.00||||||||||||||||||||310684.75
F06Q10001752|200708|310357.23|0|018|342|||||6.250|0.00||||||||||||||||||||310357.23
F06Q10001752|200709|310028.00|0|019|341|||||6.250|0.00||||||||||||||||||||310028.00
F06Q10001752|200710|309697.06|0|020|340|||||6.250|0.00||||||||||||||||||||309697.06
F06Q10001752|200711|309364.40|0|021|339|||||6.250|0.00||||||||||||||||||||309364.40
F06Q10001752|200712|309030.00|0|022|338|||||6.250|0.00||||||||||||||||||||309030.00
F06Q10001752|200801|308693.86|0|023|337|||||6.250|0.00||||||||||||||||||||308693.86
F06Q10001752|200802|308355.97|0|024|336|||||6.250|0.00||||||||||||||||||||308355.97
F06Q10001752|200803|308016.32|0|025|335|||||6.250|0.00||||||||||||||||||||308016.32
F06Q10001752|200804|307674.90|0|026|334|||||6.250|0.00||||||||||||||||||||307674.90
F06Q10001752|200805|307331.70|0|027|333|||||6.250|0.00||||||||||||||||||||307331.70
F06Q10001752|200806|306986.72|0|028|332|||||6.250|0.00||||||||||||||||||||306986.72
F06Q10001752|200807|306639.94|0|029|331|||||6.250|0.00||||||||||||||||||||306639.94
F06Q10001752|200808|306291.35|0|030|330|||||6.250|0.00||||||||||||||||||||306291.35
F06Q10001752|200809|305940.95|0|031|329|||||6.250|0.00||||||||||||||||||||305940.95
F06Q10001752|200810|305588.72|0|032|328|||||6.250|0.00||||||||||||||||||||305588.72
F06Q10001752|200811|305234.66|0|033|327|||||6.250|0.00||||||||||||||||||||305234.66
F06Q10001752|200812|304878.75|0|034|326|||||6.250|0.00||||||||||||||||||||304878.75
F06Q10001752|200901|304520.99|0|035|325|||||6.250|0.00||||||||||||||||||||304520.99
F06Q10001752|200902|304161.37|0|036|324|||||6.250|0.00||||||||||||||||||||304161.37
F06Q10001752|200903|303799.87|0|037|323|||||6.250|0.00||||||||||||||||||||303799.87
F06Q10001752|200904|0.00|0|038|322|||01|200904|6.250|0.00|||||||||||||||303799.87|||||0.00
F06Q10001818|200601|133000.00|0|000|360|||||6.500|0.00||||||||||||||||||||133000.00
F06Q10001818|200602|133000.00|0|001|359|||||6.500|0.00||||||||||||||||||||133000.00
F06Q10001818|200603|133000.00|0|002|358|||||6.500|0.00||||||||||||||||||||133000.00
F06Q10001818|200604|133000.00|0|003|357|||||6.500|0.00||||||||||||||||||||133000.00
F06Q10001818|200605|133000.00|0|004|356|||||6.500|0.00||||||||||||||||||||133000.00
F06Q10001818|200606|132000.00|0|005|355|||||6.500|0.00||||||||||||||||||||132000.00
F06Q10001818|200607|132000.00|0|006|354|||||6.500|0.00||||||||||||||||||||132000.00
F06Q10001818|200608|132144.57|0|007|353|||||6.500|0.00||||||||||||||||||||132144.57
F06Q10001818|200609|132019.70|0|008|352|||||6.500|0.00||||||||||||||||||||132019.70
F06Q10001818|200610|132019.70|0|009|351|||||6.500|0.00||||||||||||||||||||132019.70
F06Q10001818|200611|131767.94|0|010|350|||||6.500|0.00||||||||||||||||||||131767.94
F06Q10001818|200612|131641.03|0|011|349|||||6.500|0.00||||||||||||||||||||131641.03
F06Q10001818|200701|131513.44|0|012|348|||||6.500|0.00||||||||||||||||||||131513.44
F06Q10001818|200702|131385.15|0|013|347|||||6.500|0.00||||||||||||||||||||131385.15
F06Q10001818|200703|131256.17|0|014|346|||||6.500|0.00||||||||||||||||||||131256.17
F06Q10001818|200704|131126.49|0|015|345|||||6.500|0.00||||||||||||||||||||131126.49
F06Q10001818|200705|131126.49|0|016|344|||||6.500|0.00||||||||||||||||||||131126.49
F06Q10001818|200706|130865.02|0|017|343|||||6.500|0.00||||||||||||||||||||130865.02
F06Q10001818|200707|130865.02|0|018|342|||||6.500|0.00||||||||||||||||||||130865.02
F06Q10001818|200708|130600.71|0|019|341|||||6.500|0.00||||||||||||||||||||130600.71
F06Q10001818|200709|130600.71|0|020|340|||||6.500|0.00||||||||||||||||||||130600.71
F06Q10001818|200710|130333.53|0|021|339|||||6.500|0.00||||||||||||||||||||130333.53
F06Q10001818|200711|130333.53|0|022|338|||||6.500|0.00||||||||||||||||||||130333.53
F06Q10001818|200712|130186.82|0|023|337|||||6.500|0.00||||||||||||||||||||130186.82
F06Q10001818|200801|130051.35|0|024|336|||||6.500|0.00||||||||||||||||||||130051.35
F06Q10001818|200802|129915.14|1|025|335|||||6.500|0.00||||||||||||||||||||129915.14
F06Q10001818|200803|129778.20|1|026|334|||||6.500|0.00||||||||||||||||||||129778.20
F06Q10001818|200804|129778.20|1|027|333|||||6.500|0.00||||||||||||||||||||129778.20
F06Q10001818|200805|129640.52|1|028|332|||||6.500|0.00||||||||||||||||||||129640.52
F06Q10001818|200806|129502.09|2|029|331|||||6.500|0.00||||||||||||||||||||129502.09
F06Q10001818|200807|129502.09|0|030|330|||||6.500|0.00||||||||||||||||||||129502.09
F06Q10001818|200808|129082.29|1|031|329|||||6.500|0.00||||||||||||||||||||129082.29
F06Q10001818|200809|129082.29|2|032|328|||||6.500|0.00||||||||||||||||||||129082.29
F06Q10001818|200810|129082.29|3|033|327|||||6.500|0.00||||||||||||||||||||129082.29
F06Q10001818|200811|129082.29|4|034|326|||||6.500|0.00||||||||||||||||||||129082.29
F06Q10001818|200812|129082.29|5|035|325|||||6.500|0.00||||||||||||||||||||129082.29
F06Q10001818|200901|135309.14|0|036|324|||||6.500|0.00||||||||||||||||||||135309.14
F06Q10001818|200902|135186.81|0|001|359||Y|||6.500|0.00||||||||||||N|||||||-58.97|135186.81
F06Q10001818|200903|135186.81|0|002|358||P|||6.500|0.00||||||||||||N|||||||-58.92|135186.81
F06Q10001818|200904|135063.82|1|003|357||P|||6.500|0.00||||||||||||N|||||||-58.92|135063.82
F06Q10001818|200905|135063.82|1|004|356||P|||6.500|0.00||||||||||||N|||||||-58.87|135063.82
F06Q10001818|200906|134940.17|2|005|355||P|||6.500|0.00||||||||||||N|||||||-58.87|134940.17
F06Q10001818|200907|134815.85|2|006|354||P|||6.500|0.00||||||||||||N|||||||-58.81|134815.85
F06Q10001818|200908|134815.85|2|007|353||P|||6.500|0.00||||||||||||N|||||||-58.76|134815.85
F06Q10001818|200909|134690.85|2|008|352||P|||6.500|0.00||||||||||||N|||||||-58.76|134690.85
F06Q10001818|200910|134565.18|2|009|351||P|||6.500|0.00||||||||||||N|||||||-58.70|134565.18
F06Q10001818|200911|134438.82|3|010|350||P|||6.500|0.00||||||||||||N|||||||-58.65|134438.82
F06Q10001818|200912|134438.82|4|011|349||P|||6.500|0.00||||||||||||N|||||||-58.59|134438.82
F06Q10001818|201001|134438.82|5|012|348||P|||6.500|0.00||||||||||||N|||||||-58.59|134438.82
F06Q10001818|201002|134438.82|6|013|347||P|||6.500|0.00||||||||||||N|||||||-58.59|134438.82
F06Q10001818|201003|134438.82|7|014|346||P|||6.500|0.00||||||||||||N|||||||-58.59|134438.82
F06Q10001818|201004|134311.78|7|015|345||P|||6.500|0.00||||||||||||N|||||||-58.59|134311.78
F06Q10001818|201005|134311.78|7|016|344||P|||6.500|0.00||||||||||||N|||||||-58.54|134311.78
F06Q10001818|201006|134184.05|8|017|343||P|||6.500|0.00||||||||||||N|||||||-58.54|134184.05
F06Q10001818|201007|134184.05|9|018|342||P|||6.500|0.00||||||||||||N|||||||-58.48|134184.05
F06Q10001818|201008|134184.05|9|019|341||P|||6.500|0.00||||||||||||N|||||||-58.48|134184.05
F06Q10001818|201009|134055.63|10|020|340||P|||6.500|0.00||||||||||||N|||||||-58.48|134055.63
F06Q10001818|201010|134055.63|11|021|339||P|||6.500|0.00||||||||||||N|||||||-58.43|134055.63
F06Q10001818|201011|134055.63|12|022|338||P|||6.500|0.00||||||||||||N|||||||-58.43|134055.63
F06Q10001818|201012|134055.63|7|023|337||P|||6.500|0.00||||||||||||N|||||||-58.43|134055.63
F06Q10001818|201101|139375.04|0|024|336||P|||6.500|0.00||||||||||||N|||||||-58.43|139375.04
F06Q10001818|201102|137673.76|1|009|335||Y|||3.250|0.00||||||||||||Y|||||||316.73|137673.76
F06Q10001818|201103|137673.76|1|010|334||P|||3.250|0.00||||||||||||Y|||||||312.86|137673.76
F06Q10001818|201104|137169.63|1|011|333||P|||3.250|0.00||||||||||||Y|||||||312.86|137169.63
F06Q10001818|201105|137169.63|1|012|332||P|||3.250|0.00||||||||||||Y|||||||311.72|137169.63
F06Q10001818|201106|136916.54|1|013|331||P|||3.250|0.00||||||||||||Y|||||||311.72|136916.54
F06Q10001818|201107|136662.77|2|014|330||P|||3.250|0.00||||||||||||Y|||||||311.14|136662.77
F06Q10001818|201108|135622.61|3|015|329||P|||3.250|0.00||||||||||||Y|||||||310.57|135622.61
F06Q10001818|201109|135365.33|2|016|328||P|||3.250|0.00||||||||||||Y|||||||308.20|135365.33
F06Q10001818|201110|135107.35|3|017|327||P|||3.250|0.00||||||||||||Y|||||||307.62|135107.35
F06Q10001818|201111|135107.35|4|018|326||P|||3.250|0.00||||||||||||Y|||||||307.03|135107.35
F06Q10001818|201112|132618.75|0|019|325||P|||3.250|0.00||||||||||||Y|||||||307.03|132618.75
F06Q10001818|201201|131906.38|0|020|324||P|||3.250|0.00||||||||||||Y|||||||301.38|131906.38
F06Q10001818|201202|131639.04|0|021|323||P|||3.250|0.00||||||||||||Y|||||||299.76|131639.04
F06Q10001818|201203|131370.97|0|022|322||P|||3.250|0.00||||||||||||Y|||||||299.15|131370.97
F06Q10001818|201204|131102.18|0|023|321||P|||3.250|0.00||||||||||||Y|||||||298.54|131102.18
F06Q10001818|201205|130832.66|0|024|320||P|||3.250|0.00||||||||||||Y|||||||297.93|130832.66
F06Q10001818|201206|130832.66|0|025|319||P|||3.250|0.00||||||||||||Y|||||||297.32|130832.66
F06Q10001818|201207|130291.43|0|026|318||P|||3.250|0.00||||||||||||Y|||||||297.32|130291.43
F06Q10001818|201208|130291.43|0|027|317||P|||3.250|0.00||||||||||||Y|||||||296.09|130291.43
F06Q10001818|201209|130019.71|0|028|316||P|||3.250|0.00||||||||||||Y|||||||296.09|130019.71
F06Q10001818|201210|129474.07|0|029|315||P|||3.250|0.00||||||||||||Y|||||||295.47|129474.07
F06Q10001818|201211|129474.07|0|030|314||P|||3.250|0.00||||||||||||Y|||||||294.23|129474.07
F06Q10001818|201212|129200.14|1|031|313||P|||3.250|0.00||||||||||||Y|||||||294.23|129200.14
F06Q10001818|201301|128925.47|0|032|312||P|||3.250|0.00||||||||||||Y|||||||293.61|128925.47
F06Q10001818|201302|128373.89|0|033|311||P|||3.250|0.00||||||||||||Y|||||||292.98|128373.89
F06Q10001818|201303|128096.98|0|034|310||P|||3.250|0.00||||||||||||Y|||||||291.73|128096.98
F06Q10001818|201304|127819.32|0|035|309||P|||3.250|0.00||||||||||||Y|||||||291.10|127819.32
F06Q10001818|201305|127819.32|0|036|308||P|||3.250|0.00||||||||||||Y|||||||290.47|127819.32
F06Q10001818|201306|127540.91|1|037|307||P|||3.250|0.00||||||||||||Y|||||||290.47|127540.91
F06Q10001818|201307|127540.91|1|038|306||P|||3.250|0.00||||||||||||Y|||||||289.84|127540.91
F06Q10001818|201308|127261.74|1|039|305||P|||3.250|0.00||||||||||||Y|||||||289.84|127261.74
F06Q10001818|201309|126981.82|1|040|304||P|||3.250|0.00||||||||||||Y|||||||289.20|126981.82
F06Q10001818|201310|126701.14|2|041|303||P|||3.250|0.00||||||||||||Y|||||||288.57|126701.14
F06Q10001818|201311|126419.70|2|042|302||P|||3.250|0.00||||||||||||Y|||||||287.93|126419.70
F06Q10001818|201312|126419.70|2|043|301||P|||3.250|0.00||||||||||||Y|||||||287.29|126419.70
F06Q10001818|201401|126137.50|3|044|300||P|||3.250|0.00||||||||||||Y|||||||287.29|126137.50
F06Q10001818|201402|126137.50|2|045|299||P|||3.250|0.00||||||||||||Y|||||||286.65|126137.50
F06Q10001818|201403|125570.80|2|046|298||P|||3.250|0.00||||||||||||Y|||||||286.65|125570.80
F06Q10001818|201404|125286.30|3|047|297||P|||3.250|0.00||||||||||||Y|||||||285.36|125286.30
F06Q10001818|201405|125286.30|3|048|296||P|||3.250|0.00||||||||||||Y|||||||284.71|125286.30
F06Q10001818|201406|125001.03|3|049|295||P|||3.250|0.00||||||||||||Y|||||||284.71|125001.03
F06Q10001818|201407|124714.98|3|050|294||P|||3.250|0.00||||||||||||Y|||||||284.06|124714.98
F06Q10001818|201408|124140.56|3|051|293||P|||3.250|0.00||||||||||||Y|||||||283.41|124140.56
F06Q10001818|201409|124140.56|3|052|292||P|||3.250|0.00||||||||||||Y|||||||282.11|124140.56
F06Q10001818|201410|123852.18|4|053|291||P|||3.250|0.00||||||||||||Y|||||||282.11|123852.18
F06Q10001818|201411|123563.02|3|054|290||P|||3.250|0.00||||||||||||Y||||||T|281.45|123563.02
F06Q10001818|201412|123273.08|3|055|289||P|||3.250|0.00||||||||||||Y||||||T|280.80|123273.08
F06Q10001818|201501|132592.16|0|056|288||P|||3.250|0.00||||||||||||Y|||||||280.14|132592.16
F06Q10001818|201502|132493.29|0|001|479||Y|||4.500|0.00||||||||||||N|||||||163.20|132493.29
F06Q10001818|201503|132394.05|0|002|478||P|||4.500|0.00||||||||||||N|||||||163.08|132394.05
F06Q10001818|201504|126604.03|0|003|477||P|||4.500|0.00||||||||||||N|||||||162.96|126604.03
F06Q10001818|201505|126482.71|0|004|476||P|||4.500|0.00||||||||||||N|||||||155.83|126482.71
F06Q10001818|201506|126360.93|0|005|475||P|||4.500|0.00||||||||||||N|||||||155.68|126360.93
F06Q10001818|201507|126238.69|0|006|474||P|||4.500|0.00||||||||||||N|||||||155.53|126238.69
F06Q10001818|201508|126116.00|0|007|473||P|||4.500|0.00||||||||||||N|||||||155.38|126116.00
F06Q10001818|201509|126116.00|0|008|472||P|||4.500|0.00||||||||||||N|||||||155.23|126116.00
F06Q10001818|201510|125992.85|0|009|471||P|||4.500|0.00||||||||||||N|||||||155.23|125992.85
F06Q10001818|201511|125745.15|0|010|470||P|||4.500|0.00||||||||||||N|||||||155.08|125745.15
F06Q10001818|201512|125620.60|0|011|469||P|||4.500|0.00||||||||||||N|||||||154.77|125620.60
F06Q10001818|201601|125495.59|0|012|468||P|||4.500|0.00||||||||||||N|||||||154.62|125495.59
F06Q10001818|201602|125495.59|0|013|467||P|||4.500|0.00||||||||||||N|||||||154.46|125495.59
F06Q10001818|201603|125370.11|0|014|466||P|||4.500|0.00||||||||||||N|||||||154.46|125370.11
F06Q10001818|201604|125117.74|0|015|465||P|||4.500|0.00||||||||||||N|||||||154.31|125117.74
F06Q10001818|201605|125117.74|0|016|464||P|||4.500|0.00||||||||||||N|||||||154.00|125117.74
F06Q10001818|201606|124990.84|0|017|463||P|||4.500|0.00||||||||||||N|||||||154.00|124990.84
F06Q10001818|201607|124735.32|0|018|462||P|||4.500|0.00||||||||||||N|||||||153.84|124735.32
F06Q10001818|201608|124606.99|0|019|461||P|||4.500|0.00||||||||||||N|||||||153.53|124606.99
F06Q10001818|201609|124478.18|0|020|460||P|||4.500|0.00||||||||||||N|||||||153.37|124478.18
F06Q10001818|201610|124478.18|0|021|459||P|||4.500|0.00||||||||||||N|||||||153.21|124478.18
F06Q10001818|201611|124348.88|0|022|458||P|||4.500|0.00||||||||||||N|||||||153.21|124348.88
F06Q10001818|201612|124219.10|0|023|457||P|||4.500|0.00||||||||||||N|||||||153.05|124219.10
F06Q10001818|201701|124088.83|0|024|456||P|||4.500|0.00||||||||||||N|||||||152.89|124088.83
F06Q10001818|201702|123826.82|0|025|455||P|||4.500|0.00||||||||||||N|||||||152.73|123826.82
F06Q10001818|201703|123695.08|0|026|454||P|||4.500|0.00||||||||||||N|||||||152.41|123695.08
F06Q10001818|201704|123695.08|0|027|453||P|||4.500|0.00||||||||||||N||87|||||152.25|123695.08
F06Q10001818|201705|123562.85|0|028|452||P|||4.500|0.00||||||||||||N||91|||||152.25|123562.85
F06Q10001818|201706|123430.12|0|029|451||P|||4.500|0.00||||||||||||N||78|||||152.09|123430.12
F06Q10001818|201707|123296.89|0|030|450||P|||4.500|0.00||||||||||||N||84|||||151.92|123296.89
F06Q10001818|201708|123163.16|0|031|449||P|||4.500|0.00||||||||||||N||85|||||151.76|123163.16
F06Q10001818|201709|123028.93|0|032|448||P|||4.500|0.00||||||||||||N||86|||||151.59|123028.93
F06Q10001818|201710|122894.20|0|033|447||P|||4.500|0.00||||||||||||N||86|||||151.43|122894.20
F06Q10001818|201711|122758.96|0|034|446||P|||4.500|0.00||||||||||||N||75|||||151.26|122758.96
F06Q10001818|201712|122486.97|0|035|445||P|||4.500|0.00||||||||||||N||85|||||151.10|122486.97
F06Q10001818|201801|122486.97|0|036|444||P|||4.500|0.00||||||||||||N||83|||||150.76|122486.97
F06Q10001818|201802|122350.21|0|037|443||P|||4.500|0.00||||||||||||N||79|||||150.76|122350.21
F06Q10001818|201803|122212.93|0|038|442||P|||4.500|0.00||||||||||||N||85|||||150.59|122212.93
F06Q10001818|201804|122075.14|0|039|441||P|||4.500|0.00||||||||||||N||83|||||150.42|122075.14
F06Q10001818|201805|121936.83|0|040|440||P|||4.500|0.00||||||||||||N||82|||||150.25|121936.83
F06Q10001818|201806|121798.00|1|041|439||P|||4.500|0.00||||||||||||N||83|||||150.08|121798.00
F06Q10001818|201807|121658.65|0|042|438||P|||4.500|0.00||||||||||||N||81|||||149.91|121658.65
F06Q10001818|201808|121518.78|0|043|437||P|||4.500|0.00||||||||||||N||79|||||149.74|121518.78
F06Q10001818|201809|121378.39|1|044|436||P|||4.500|0.00||||||||||||N||80|||||149.57|121378.39
F06Q10001818|201810|121237.47|1|045|435||P|||4.500|0.00||||||||||||N||999|||||149.40|121237.47
F06Q10001818|201811|121096.02|0|046|434||P|||4.500|0.00||||||||||||N||999|||||149.22|121096.02
F06Q10001818|201812|120954.04|0|047|433||P|||4.500|0.00||||||||||||N||999|||||149.05|120954.04
F06Q10001818|201901|120811.53|1|048|432||P|||4.500|0.00||||||||||||N||999|||||148.87|120811.53
F06Q10001818|201902|120811.53|0|049|431||P|||4.500|0.00||||||||||||N||999|||||148.70|120811.53
F06Q10001818|201903|120524.90|0|050|430||P|||4.500|0.00||||||||||||N||999|||||148.70|120524.90
F06Q10001818|201904|120380.78|0|051|429||P|||4.500|0.00||||||||||||N||999|||||148.35|120380.78
F06Q10001818|201905|120090.92|0|052|428||P|||4.500|0.00||||||||||||N||999|||||148.17|120090.92
F06Q10001818|201906|119945.17|0|053|427||P|||4.500|0.00||||||||||||N||999|||||147.81|119945.17
F06Q10001818|201907|119798.87|0|054|426||P|||4.500|0.00||||||||||||N||999|||||147.63|119798.87
F06Q10001818|201908|119652.03|0|055|425||P|||4.500|0.00||||||||||||N||72|||||147.45|119652.03
F06Q10001818|201909|119504.64|0|056|424||P|||4.500|0.00||||||||||||N||999|||||147.27|119504.64
F06Q10001818|201910|119356.69|0|057|423||P|||4.500|0.00||||||||||||N||77|||||147.09|119356.69
F06Q10001818|201911|119208.19|0|058|422||P|||4.500|0.00||||||||||||N||75|||||146.91|119208.19
F06Q10001818|201912|119059.13|0|059|421||P|||4.500|0.00||||||||||||N||71|||||146.73|119059.13
F06Q10001818|202001|118909.51|0|060|420||P|||4.500|0.00||||||||||||N||69|||||146.54|118909.51
F06Q10001818|202002|118759.33|0|061|419||P|||4.500|0.00||||||||||||N||68|||||146.36|118759.33
F06Q10001818|202003|118759.33|1|062|418||P|||4.500|0.00||||||||||||N||67|||Y|F|146.17|118759.33
F06Q10001818|202004|118759.33|2|063|417||P|||4.500|0.00||||||||||||N||67|||Y|F|146.17|118759.33
F06Q10001818|202005|118759.33|3|064|416||P|||4.500|0.00||||||||||||N||66|||Y|F|146.17|118759.33
F06Q10001818|202006|118608.59|3|065|415||P|||4.500|0.00||||||||||||N||66|||Y|F|146.17|118608.59
F06Q10001818|202007|118305.40|2|066|414||P|||4.500|0.00||||||||||||N||66|||Y|F|145.99|118305.40
F06Q10001818|202008|118152.96|2|067|413||P|||4.500|0.00||||||||||||N||62|||Y|F|145.61|118152.96
F06Q10001818|202009|117999.94|2|068|412||P|||4.500|0.00||||||||||||N||62|||Y|F|145.43|117999.94
F06Q10001818|202010|117999.94|3|069|411||P|||4.500|0.00||||||||||||N||59|||Y|F|145.24|117999.94
F06Q10001818|202011|117692.18|2|070|410||P|||4.500|0.00||||||||||||N||58|||||145.24|117692.18
F06Q10001818|202012|117537.44|2|071|409||P|||4.500|0.00||||||||||||N||57|||||144.86|117537.44
F06Q10001818|202101|117382.12|2|072|408||P|||4.500|0.00||||||||||||N||54|||||144.67|117382.12
F06Q10001818|202102|117382.12|3|073|407||P|||4.500|0.00||||||||||||N||53|||||144.48|117382.12
F06Q10001818|202103|118827.98|0|074|406||P|||4.500|2151.15||||||||||||N|Y|54|||||153.99|116676.83
F06Q10001818|202104|118646.75|0|075|405||P|||4.500|2151.15||||||||||||N|P|52|||||153.70|116495.60
F06Q10001818|202105|118465.64|0|076|404||P|||4.500|2151.15||||||||||||N|P|48|||||153.47|116314.49
F06Q10001818|202106|118305.73|0|077|403||P|||4.500|2151.15||||||||||||N|P|48|||||153.25|116154.58
F06Q10001818|202107|118145.22|0|078|402||P|||4.500|2151.15||||||||||||N|P|44|||||153.05|115994.07
F06Q10001818|202108|117984.11|0|079|401||P|||4.500|2151.15||||||||||||N|P|47|||||152.86|115832.96
F06Q10001818|202109|117822.39|0|080|400||P|||4.500|2151.15||||||||||||N|P|48|||||152.66|115671.24
F06Q10001818|202110|117660.07|0|081|399||P|||4.500|2151.15||||||||||||N|P|47|||||152.46|115508.92
F06Q10001818|202111|117497.14|0|082|398||P|||4.500|2151.15||||||||||||N|P|45|||||152.26|115345.99
F06Q10001818|202112|117333.60|0|083|397||P|||4.500|2151.15||||||||||||N|P|45|||||152.06|115182.45
F06Q10001818|202201|117169.44|0|084|396||P|||4.500|2151.15||||||||||||N|P|46|||||151.86|115018.29
F06Q10001818|202202|117169.44|1|085|395||P|||4.500|2151.15||||||||||||N|P|47|||||151.66|115018.29
F06Q10001818|202203|116839.28|0|086|394||P|||4.500|2151.15||||||||||||N|P|43|||||151.66|114688.13
F06Q10001818|202204|116839.28|1|087|393||P|||4.500|2151.15||||||||||||N|P|41|||||151.25|114688.13
F06Q10001818|202205|116506.64|0|088|392||P|||4.500|2151.15||||||||||||N|P|45|||||151.25|114355.49
F06Q10001818|202206|116339.38|0|089|391||P|||4.500|2151.15||||||||||||N|P|46|||||150.84|114188.23
F06Q10001818|202207|116171.50|0|090|390||P|||4.500|2151.15||||||||||||N|P|42|||||150.63|114020.35
F06Q10001818|202208|116002.99|0|091|389||P|||4.500|2151.15||||||||||||N|P|42|||||150.43|113851.84
F06Q10001818|202209|115833.84|0|092|388||P|||4.500|2151.15||||||||||||N|P|47|||||150.22|113682.69
F06Q10001818|202210|115664.06|0|093|387||P|||4.500|2151.15||||||||||||N|P|50|||||150.01|113512.91
F06Q10001818|202211|115493.64|0|094|386||P|||4.500|2151.15||||||||||||N|P|51|||||149.80|113342.49
F06Q10001818|202212|115322.58|0|095|385||P|||4.500|2151.15||||||||||||N|P|48|||||149.59|113171.43
F06Q10001818|202301|115150.88|0|096|384||P|||4.500|2151.15||||||||||||N|P|48|||||149.38|112999.73
F06Q10001818|202302|114978.54|0|097|383||P|||4.500|2151.15||||||||||||N|P|48|||||149.17|112827.39
F06Q10001818|202303|114805.55|0|098|382||P|||4.500|2151.15||||||||||||N|P|43|||||148.96|112654.40
F06Q10001818|202304|114631.91|0|099|381||P|||4.500|2151.15||||||||||||N|P|40|||||148.75|112480.76
F06Q10001818|202305|114457.62|0|100|380||P|||4.500|2151.15||||||||||||N|P|41|||||148.53|112306.47
F06Q10001818|202306|114282.68|0|101|379||P|||4.500|2151.15||||||||||||N|P|41|||||148.32|112131.53
F06Q10001818|202307|114107.08|0|102|378||P|||4.500|2151.15||||||||||||N|P|40|||||148.10|111955.93
F06Q10001818|202308|113930.82|0|103|377||P|||4.500|2151.15||||||||||||N|P|41|||||147.89|111779.67
F06Q10001818|202309|113753.90|0|104|376||P|||4.500|2151.15||||||||||||N|P|42|||||147.67|111602.75
F06Q10001818|202310|113576.32|0|105|375||P|||4.500|2151.15||||||||||||N|P|42|||||147.45|111425.17
F06Q10001818|202311|113398.07|0|106|374||P|||4.500|2151.15||||||||||||N|P|44|||||147.23|111246.92
F06Q10001818|202312|113219.16|0|107|373||P|||4.500|2151.15||||||||||||N|P|44|||||147.01|111068.01
F06Q10001818|202401|113039.58|0|108|372||P|||4.500|2151.15||||||||||||N|P|44|||||146.79|110888.43
F06Q10001818|202402|112859.32|0|109|371||P|||4.500|2151.15||||||||||||N|P|41|||||146.57|110708.17
F06Q10001818|202403|112678.39|0|110|370||P|||4.500|2151.15||||||||||||N|P|39|||||146.35|110527.24
F06Q10001818|202404|112496.78|0|111|369||P|||4.500|2151.15||||||||||||N|P|39|||||146.13|110345.63
F06Q10001818|202405|112314.49|0|112|368||P|||4.500|2151.15||||||||||||N|P|37|||||145.90|110163.34
F06Q10001818|202406|112131.51|0|113|367||P|||4.500|2151.15||||||||||||N|P|38|||||145.68|109980.36
F06Q10001818|202407|111947.85|0|114|366||P|||4.500|2151.15||||||||||||N|P|40|||||145.45|109796.70
F06Q10001818|202408|111763.50|0|115|365||P|||4.500|2151.15||||||||||||N|P|36|||||145.23|109612.35
F06Q10001818|202409|111578.46|0|116|364||P|||4.500|2151.15||||||||||||N|P|37|||||145.00|109427.31
F06Q10001818|202410|111392.72|0|117|363||P|||4.500|2151.15||||||||||||N|P|38|||||144.77|109241.57
F06Q10001818|202411|111206.29|0|118|362||P|||4.500|2151.15||||||||||||N|P|39|||||144.55|109055.14
F06Q10001818|202412|111019.16|0|119|361||P|||4.500|2151.15||||||||||||N|P|38|||||144.32|108868.01
F06Q10001818|202501|110831.33|0|120|360||P|||4.500|2151.15||||||||||||N|P|39|||||144.09|108680.18
F06Q10001818|202502|110642.79|0|121|359||P|||4.500|2151.15||||||||||||N|P|40|||||143.85|108491.64
F06Q10001818|202503|110453.54|0|122|358||P|||4.500|2151.15||||||||||||N|P|42|||||143.62|108302.39
F06Q10001818|202504|110263.58|0|123|357||P|||4.500|2151.15||||||||||||N|P|41|||||143.39|108112.43
F06Q10001818|202505|110072.91|0|124|356||P|||4.500|2151.15||||||||||||N|P|37|||||143.16|107921.76
F06Q10001818|202506|109881.53|0|125|355||P|||4.500|2151.15||||||||||||N|P|35|||||142.92|107730.38
F06Q10001818|202507|109689.43|0|126|354||P|||4.500|2151.15||||||||||||N|P|42|||||142.69|107538.28
F06Q10001818|202508|109496.61|0|127|353||P|||4.500|2151.15||||||||||||N|P|37|||||142.45|107345.46
F06Q10001818|202509|109303.07|0|128|352||P|||4.500|2151.15|||||||||||31916.83|N|P|34|||||142.21|107151.92
F06Q10001826|200602|378000.00|0|000|360|||||6.250|0.00||||||||||||||||||||378000.00
F06Q10001826|200603|378000.00|0|001|359|||||6.250|0.00||||||||||||||||||||378000.00
F06Q10001826|200604|377000.00|0|002|358|||||6.250|0.00||||||||||||||||||||377000.00
F06Q10001826|200605|377000.00|0|003|357|||||6.250|0.00||||||||||||||||||||377000.00
F06Q10001826|200606|376000.00|0|004|356|||||6.250|0.00||||||||||||||||||||376000.00
F06Q10001826|200607|376000.00|0|005|355|||||6.250|0.00||||||||||||||||||||376000.00
F06Q10001826|200608|376000.00|0|006|354|||||6.250|0.00||||||||||||||||||||376000.00
F06Q10001826|200609|375243.48|0|007|353|||||6.250|0.00||||||||||||||||||||375243.48
F06Q10001826|200610|374870.46|0|008|352|||||6.250|0.00||||||||||||||||||||374870.46
F06Q10001826|200611|374495.50|0|009|351|||||6.250|0.00||||||||||||||||||||374495.50
F06Q10001826|200612|374118.59|0|010|350|||||6.250|0.00||||||||||||||||||||374118.59
F06Q10001826|200701|373739.71|0|011|349|||||6.250|0.00||||||||||||||||||||373739.71
F06Q10001826|200702|373358.86|0|012|348|||||6.250|0.00||||||||||||||||||||373358.86
F06Q10001826|200703|372976.03|0|013|347|||||6.250|0.00||||||||||||||||||||372976.03
F06Q10001826|200704|372591.20|0|014|346|||||6.250|0.00||||||||||||||||||||372591.20
F06Q10001826|200705|372204.37|0|015|345|||||6.250|0.00||||||||||||||||||||372204.37
F06Q10001826|200706|371815.52|0|016|344|||||6.250|0.00||||||||||||||||||||371815.52
F06Q10001826|200707|371424.65|0|017|343|||||6.250|0.00||||||||||||||||||||371424.65
F06Q10001826|200708|371031.74|0|018|342|||||6.250|0.00||||||||||||||||||||371031.74
F06Q10001826|200709|370636.79|0|019|341|||||6.250|0.00||||||||||||||||||||370636.79
F06Q10001826|200710|370239.78|0|020|340|||||6.250|0.00||||||||||||||||||||370239.78
F06Q10001826|200711|369840.70|0|021|339|||||6.250|0.00||||||||||||||||||||369840.70
F06Q10001826|200712|369439.54|0|022|338|||||6.250|0.00||||||||||||||||||||369439.54
F06Q10001826|200801|0.00|0|023|337|||01|200801|6.250|0.00|||||||||||||||369439.54|||||0.00
F06Q10001944|200602|62000.00|0|000|180|||||6.125|0.00||||||||||||||||||||62000.00
F06Q10001944|200603|62000.00|0|001|179|||||6.125|0.00||||||||||||||||||||62000.00
F06Q10001944|200604|62000.00|0|002|178|||||6.125|0.00||||||||||||||||||||62000.00
F06Q10001944|200605|62000.00|0|003|177|||||6.125|0.00||||||||||||||||||||62000.00
F06Q10001944|200606|61000.00|0|004|176|||||6.125|0.00||||||||||||||||||||61000.00
F06Q10001944|200607|61000.00|0|005|175|||||6.125|0.00||||||||||||||||||||61000.00
F06Q10001944|200608|61000.00|0|006|174|||||6.125|0.00||||||||||||||||||||61000.00
F06Q10001944|200609|60696.86|0|007|173|||||6.125|0.00||||||||||||||||||||60696.86
F06Q10001944|200610|60475.03|0|008|172|||||6.125|0.00||||||||||||||||||||60475.03
F06Q10001944|200611|60252.06|0|009|171|||||6.125|0.00||||||||||||||||||||60252.06
F06Q10001944|200612|60027.96|0|010|170|||||6.125|0.00||||||||||||||||||||60027.96
F06Q10001944|200701|59802.71|0|011|169|||||6.125|0.00||||||||||||||||||||59802.71
F06Q10001944|200702|59576.31|0|012|168|||||6.125|0.00||||||||||||||||||||59576.31
F06Q10001944|200703|59348.76|0|013|167|||||6.125|0.00||||||||||||||||||||59348.76
F06Q10001944|200704|59120.05|0|014|166|||||6.125|0.00||||||||||||||||||||59120.05
F06Q10001944|200705|58890.17|0|015|165|||||6.125|0.00||||||||||||||||||||58890.17
F06Q10001944|200706|58659.12|0|016|164|||||6.125|0.00||||||||||||||||||||58659.12
F06Q10001944|200707|58426.89|0|017|163|||||6.125|0.00||||||||||||||||||||58426.89
F06Q10001944|200708|58193.47|0|018|162|||||6.125|0.00||||||||||||||||||||58193.47
F06Q10001944|200709|57958.86|0|019|161|||||6.125|0.00||||||||||||||||||||57958.86
F06Q10001944|200710|57723.05|0|020|160|||||6.125|0.00||||||||||||||||||||57723.05
F06Q10001944|200711|57486.04|0|021|159|||||6.125|0.00||||||||||||||||||||57486.04
F06Q10001944|200712|57247.82|0|022|158|||||6.125|0.00||||||||||||||||||||57247.82
F06Q10001944|200801|57008.38|0|023|157|||||6.125|0.00||||||||||||||||||||57008.38
F06Q10001944|200802|56767.72|0|024|156|||||6.125|0.00||||||||||||||||||||56767.72
F06Q10001944|200803|56525.83|0|025|155|||||6.125|0.00||||||||||||||||||||56525.83
F06Q10001944|200804|56282.71|0|026|154|||||6.125|0.00||||||||||||||||||||56282.71
F06Q10001944|200805|56038.35|0|027|153|||||6.125|0.00||||||||||||||||||||56038.35
F06Q10001944|200806|55792.74|0|028|152|||||6.125|0.00||||||||||||||||||||55792.74
F06Q10001944|200807|55545.88|0|029|151|||||6.125|0.00||||||||||||||||||||55545.88
F06Q10001944|200808|55297.76|0|030|150|||||6.125|0.00||||||||||||||||||||55297.76
F06Q10001944|200809|55048.37|0|031|149|||||6.125|0.00||||||||||||||||||||55048.37
F06Q10001944|200810|54797.71|0|032|148|||||6.125|0.00||||||||||||||||||||54797.71
F06Q10001944|200811|54545.77|0|033|147|||||6.125|0.00||||||||||||||||||||54545.77
F06Q10001944|200812|54292.54|0|034|146|||||6.125|0.00||||||||||||||||||||54292.54
F06Q10001944|200901|54038.02|0|035|145|||||6.125|0.00||||||||||||||||||||54038.02
F06Q10001944|200902|53782.20|0|036|144|||||6.125|0.00||||||||||||||||||||53782.20
F06Q10001944|200903|0.00|0|037|143|||01|200903|6.125|0.00|||||||||||||||53782.20|||||0.00
F06Q10001997|200602|275000.00|0|000|360|||||6.375|0.00||||||||||||||||||||275000.00
F06Q10001997|200603|275000.00|0|001|359|||||6.375|0.00||||||||||||||||||||275000.00
F06Q10001997|200604|274000.00|0|002|358|||||6.375|0.00||||||||||||||||||||274000.00
F06Q10001997|200605|274000.00|0|003|357|||||6.375|0.00||||||||||||||||||||274000.00
F06Q10001997|200606|274000.00|0|004|356|||||6.375|0.00||||||||||||||||||||274000.00
F06Q10001997|200607|274000.00|0|005|355|||||6.375|0.00||||||||||||||||||||274000.00
F06Q10001997|200608|273000.00|0|006|354|||||6.375|0.00||||||||||||||||||||273000.00
F06Q10001997|200609|273091.30|0|007|353|||||6.375|0.00||||||||||||||||||||273091.30
F06Q10001997|200610|272826.64|0|008|352|||||6.375|0.00||||||||||||||||||||272826.64
F06Q10001997|200611|272560.38|0|009|351|||||6.375|0.00||||||||||||||||||||272560.38
F06Q10001997|200612|272292.71|0|010|350|||||6.375|0.00||||||||||||||||||||272292.71
F06Q10001997|200701|272023.62|0|011|349|||||6.375|0.00||||||||||||||||||||272023.62
F06Q10001997|200702|271753.10|0|012|348|||||6.375|0.00||||||||||||||||||||271753.10
F06Q10001997|200703|271481.14|0|013|347|||||6.375|0.00||||||||||||||||||||271481.14
F06Q10001997|200704|271207.73|0|014|346|||||6.375|0.00||||||||||||||||||||271207.73
F06Q10001997|200705|270932.87|0|015|345|||||6.375|0.00||||||||||||||||||||270932.87
F06Q10001997|200706|270656.55|0|016|344|||||6.375|0.00||||||||||||||||||||270656.55
F06Q10001997|200707|270378.76|0|017|343|||||6.375|0.00||||||||||||||||||||270378.76
F06Q10001997|200708|270099.50|0|018|342|||||6.375|0.00||||||||||||||||||||270099.50
F06Q10001997|200709|269818.75|0|019|341|||||6.375|0.00||||||||||||||||||||269818.75
F06Q10001997|200710|269536.51|0|020|340|||||6.375|0.00||||||||||||||||||||269536.51
F06Q10001997|200711|269252.77|0|021|339|||||6.375|0.00||||||||||||||||||||269252.77
F06Q10001997|200712|268967.53|0|022|338|||||6.375|0.00||||||||||||||||||||268967.53
F06Q10001997|200801|268680.77|0|023|337|||||6.375|0.00||||||||||||||||||||268680.77
F06Q10001997|200802|268392.49|0|024|336|||||6.375|0.00||||||||||||||||||||268392.49
F06Q10001997|200803|268102.68|0|025|335|||||6.375|0.00||||||||||||||||||||268102.68
F06Q10001997|200804|267811.33|0|026|334|||||6.375|0.00||||||||||||||||||||267811.33
F06Q10001997|200805|267518.43|0|027|333|||||6.375|0.00||||||||||||||||||||267518.43
F06Q10001997|200806|267223.97|0|028|332|||||6.375|0.00||||||||||||||||||||267223.97
F06Q10001997|200807|266927.95|0|029|331|||||6.375|0.00||||||||||||||||||||266927.95
F06Q10001997|200808|266630.35|0|030|330|||||6.375|0.00||||||||||||||||||||266630.35
F06Q10001997|200809|266331.17|0|031|329|||||6.375|0.00||||||||||||||||||||266331.17
F06Q10001997|200810|266030.40|0|032|328|||||6.375|0.00||||||||||||||||||||266030.40
F06Q10001997|200811|265728.04|0|033|327|||||6.375|0.00||||||||||||||||||||265728.04
F06Q10001997|200812|265424.07|0|034|326|||||6.375|0.00||||||||||||||||||||265424.07
F06Q10001997|200901|265118.49|0|035|325|||||6.375|0.00||||||||||||||||||||265118.49
F06Q10001997|200902|264811.28|0|036|324|||||6.375|0.00||||||||||||||||||||264811.28
F06Q10001997|200903|264502.44|0|037|323|||||6.375|0.00||||||||||||||||||||264502.44
F06Q10001997|200904|264191.96|0|038|322|||||6.375|0.00||||||||||||||||||||264191.96
F06Q10001997|200905|263879.83|0|039|321|||||6.375|0.00||||||||||||||||||||263879.83
F06Q10001997|200906|263566.04|0|040|320|||||6.375|0.00||||||||||||||||||||263566.04
F06Q10001997|200907|263250.58|0|041|319|||||6.375|0.00||||||||||||||||||||263250.58
F06Q10001997|200908|262933.45|0|042|318|||||6.375|0.00||||||||||||||||||||262933.45
F06Q10001997|200909|262614.63|0|043|317|||||6.375|0.00||||||||||||||||||||262614.63
F06Q10001997|200910|262294.12|0|044|316|||||6.375|0.00||||||||||||||||||||262294.12
F06Q10001997|200911|261971.91|0|045|315|||||6.375|0.00||||||||||||||||||||261971.91
F06Q10001997|200912|261647.99|0|046|314|||||6.375|0.00||||||||||||||||||||261647.99
F06Q10001997|201001|261322.34|0|047|313|||||6.375|0.00||||||||||||||||||||261322.34
F06Q10001997|201002|260994.96|0|048|312|||||6.375|0.00||||||||||||||||||||260994.96
F06Q10001997|201003|260665.85|0|049|311|||||6.375|0.00||||||||||||||||||||260665.85
F06Q10001997|201004|260334.99|0|050|310|||||6.375|0.00||||||||||||||||||||260334.99
F06Q10001997|201005|260002.37|0|051|309|||||6.375|0.00||||||||||||||||||||260002.37
F06Q10001997|201006|259667.98|0|052|308|||||6.375|0.00||||||||||||||||||||259667.98
F06Q10001997|201007|259331.82|0|053|307|||||6.375|0.00||||||||||||||||||||259331.82
F06Q10001997|201008|258993.87|0|054|306|||||6.375|0.00||||||||||||||||||||258993.87
F06Q10001997|201009|258654.12|0|055|305|||||6.375|0.00||||||||||||||||||||258654.12
F06Q10001997|201010|258312.57|0|056|304|||||6.375|0.00||||||||||||||||||||258312.57
F06Q10001997|201011|257969.21|0|057|303|||||6.375|0.00||||||||||||||||||||257969.21
F06Q10001997|201012|257624.02|0|058|302|||||6.375|0.00||||||||||||||||||||257624.02
F06Q10001997|201101|257277.00|0|059|301|||||6.375|0.00||||||||||||||||||||257277.00
F06Q10001997|201102|256928.13|0|060|300|||||6.375|0.00||||||||||||||||||||256928.13
F06Q10001997|201103|256577.41|0|061|299|||||6.375|0.00||||||||||||||||||||256577.41
F06Q10001997|201104|256224.83|0|062|298|||||6.375|0.00||||||||||||||||||||256224.83
F06Q10001997|201105|256224.83|0|063|297|||||6.375|0.00||||||||||||||||||||256224.83
F06Q10001997|201106|255514.04|0|064|296|||||6.375|0.00||||||||||||||||||||255514.04
F06Q10001997|201107|255155.81|0|065|295|||||6.375|0.00||||||||||||||||||||255155.81
F06Q10001997|201108|254795.67|0|066|294|||||6.375|0.00||||||||||||||||||||254795.67
F06Q10001997|201109|254433.62|0|067|293|||||6.375|0.00||||||||||||||||||||254433.62
F06Q10001997|201110|254433.62|1|068|292|||||6.375|0.00||||||||||||||||||||254433.62
F06Q10001997|201111|253703.75|0|069|291|||||6.375|0.00||||||||||||||||||||253703.75
F06Q10001997|201112|253335.90|0|070|290|||||6.375|0.00||||||||||||||||||||253335.90
F06Q10001997|201201|0.00|0|071|289|||01|201201|6.375|0.00|||||||||||||||253335.90|||||0.00
F06Q10002009|200603|125000.00|0|000|360|||||6.000|0.00||||||||||||||||||||125000.00
F06Q10002009|200604|125000.00|0|001|359|||||6.000|0.00||||||||||||||||||||125000.00
F06Q10002009|200605|125000.00|0|002|358|||||6.000|0.00||||||||||||||||||||125000.00
F06Q10002009|200606|125000.00|0|003|357|||||6.000|0.00||||||||||||||||||||125000.00
F06Q10002009|200607|124000.00|0|004|356|||||6.000|0.00||||||||||||||||||||124000.00
F06Q10002009|200608|124000.00|0|005|355|||||6.000|0.00||||||||||||||||||||124000.00
F06Q10002009|200609|124000.00|0|006|354|||||6.000|0.00||||||||||||||||||||124000.00
F06Q10002009|200610|123855.74|0|007|353|||||6.000|0.00||||||||||||||||||||123855.74
F06Q10002009|200611|123688.99|0|008|352|||||6.000|0.00||||||||||||||||||||123688.99
F06Q10002009|200612|123521.40|0|009|351|||||6.000|0.00||||||||||||||||||||123521.40
F06Q10002009|200701|123352.98|0|010|350|||||6.000|0.00||||||||||||||||||||123352.98
F06Q10002009|200702|123183.71|0|011|349|||||6.000|0.00||||||||||||||||||||123183.71
F06Q10002009|200703|123013.60|0|012|348|||||6.000|0.00||||||||||||||||||||123013.60
F06Q10002009|200704|122819.89|0|013|347|||||6.000|0.00||||||||||||||||||||122819.89
F06Q10002009|200705|122647.96|0|014|346|||||6.000|0.00||||||||||||||||||||122647.96
F06Q10002009|200706|122463.45|0|015|345|||||6.000|0.00||||||||||||||||||||122463.45
F06Q10002009|200707|122278.02|0|016|344|||||6.000|0.00||||||||||||||||||||122278.02
F06Q10002009|200708|122091.66|0|017|343|||||6.000|0.00||||||||||||||||||||122091.66
F06Q10002009|200709|121904.37|0|018|342|||||6.000|0.00||||||||||||||||||||121904.37
F06Q10002009|200710|121716.14|0|019|341|||||6.000|0.00||||||||||||||||||||121716.14
F06Q10002009|200711|121526.97|0|020|340|||||6.000|0.00||||||||||||||||||||121526.97
F06Q10002009|200712|121336.85|0|021|339|||||6.000|0.00||||||||||||||||||||121336.85
F06Q10002009|200801|121145.78|0|022|338|||||6.000|0.00||||||||||||||||||||121145.78
F06Q10002009|200802|120953.76|0|023|337|||||6.000|0.00||||||||||||||||||||120953.76
F06Q10002009|200803|120760.78|0|024|336|||||6.000|0.00||||||||||||||||||||120760.78
F06Q10002009|200804|120566.83|0|025|335|||||6.000|0.00||||||||||||||||||||120566.83
F06Q10002009|200805|120371.91|0|026|334|||||6.000|0.00||||||||||||||||||||120371.91
F06Q10002009|200806|120176.02|0|027|333|||||6.000|0.00||||||||||||||||||||120176.02
F06Q10002009|200807|119979.15|0|028|332|||||6.000|0.00||||||||||||||||||||119979.15
F06Q10002009|200808|119781.30|0|029|331|||||6.000|0.00||||||||||||||||||||119781.30
F06Q10002009|200809|119582.46|0|030|330|||||6.000|0.00||||||||||||||||||||119582.46
F06Q10002009|200810|119382.62|0|031|329|||||6.000|0.00||||||||||||||||||||119382.62
F06Q10002009|200811|119181.78|0|032|328|||||6.000|0.00||||||||||||||||||||119181.78
F06Q10002009|200812|118979.94|0|033|327|||||6.000|0.00||||||||||||||||||||118979.94
F06Q10002009|200901|118777.09|0|034|326|||||6.000|0.00||||||||||||||||||||118777.09
F06Q10002009|200902|0.00|0|035|325|||01|200902|6.000|0.00|||||||||||||||118777.09|||||0.00
F06Q10002047|200601|70000.00|0|000|360|||||6.875|0.00||||||||||||||||||||70000.00
F06Q10002047|200602|70000.00|0|001|359|||||6.875|0.00||||||||||||||||||||70000.00
F06Q10002047|200603|70000.00|0|002|358|||||6.875|0.00||||||||||||||||||||70000.00
F06Q10002047|200604|70000.00|0|003|357|||||6.875|0.00||||||||||||||||||||70000.00
F06Q10002047|200605|70000.00|0|004|356|||||6.875|0.00||||||||||||||||||||70000.00
F06Q10002047|200606|70000.00|0|005|355|||||6.875|0.00||||||||||||||||||||70000.00
F06Q10002047|200607|70000.00|0|006|354|||||6.875|0.00||||||||||||||||||||70000.00
F06Q10002047|200608|69581.20|0|007|353|||||6.875|0.00||||||||||||||||||||69581.20
F06Q10002047|200609|69519.99|0|008|352|||||6.875|0.00||||||||||||||||||||69519.99
F06Q10002047|200610|69458.43|0|009|351|||||6.875|0.00||||||||||||||||||||69458.43
F06Q10002047|200611|69396.52|0|010|350|||||6.875|0.00||||||||||||||||||||69396.52
F06Q10002047|200612|69334.25|0|011|349|||||6.875|0.00||||||||||||||||||||69334.25
F06Q10002047|200701|69271.63|0|012|348|||||6.875|0.00||||||||||||||||||||69271.63
F06Q10002047|200702|69208.65|0|013|347|||||6.875|0.00||||||||||||||||||||69208.65
F06Q10002047|200703|69145.31|0|014|346|||||6.875|0.00||||||||||||||||||||69145.31
F06Q10002047|200704|69081.61|0|015|345|||||6.875|0.00||||||||||||||||||||69081.61
F06Q10002047|200705|69017.54|0|016|344|||||6.875|0.00||||||||||||||||||||69017.54
F06Q10002047|200706|68953.10|0|017|343|||||6.875|0.00||||||||||||||||||||68953.10
F06Q10002047|200707|68888.29|0|018|342|||||6.875|0.00||||||||||||||||||||68888.29
F06Q10002047|200708|68823.11|0|019|341|||||6.875|0.00||||||||||||||||||||68823.11
F06Q10002047|200709|68757.56|0|020|340|||||6.875|0.00||||||||||||||||||||68757.56
F06Q10002047|200710|68691.63|0|021|339|||||6.875|0.00||||||||||||||||||||68691.63
F06Q10002047|200711|68625.33|0|022|338|||||6.875|0.00||||||||||||||||||||68625.33
F06Q10002047|200712|68558.65|0|023|337|||||6.875|0.00||||||||||||||||||||68558.65
F06Q10002047|200801|68491.58|0|024|336|||||6.875|0.00||||||||||||||||||||68491.58
F06Q10002047|200802|68424.13|0|025|335|||||6.875|0.00||||||||||||||||||||68424.13
F06Q10002047|200803|68356.29|0|026|334|||||6.875|0.00||||||||||||||||||||68356.29
F06Q10002047|200804|68288.06|0|027|333|||||6.875|0.00||||||||||||||||||||68288.06
F06Q10002047|200805|68219.44|0|028|332|||||6.875|0.00||||||||||||||||||||68219.44
F06Q10002047|200806|68150.43|0|029|331|||||6.875|0.00||||||||||||||||||||68150.43
F06Q10002047|200807|68081.03|0|030|330|||||6.875|0.00||||||||||||||||||||68081.03
F06Q10002047|200808|68011.23|0|031|329|||||6.875|0.00||||||||||||||||||||68011.23
F06Q10002047|200809|67941.03|0|032|328|||||6.875|0.00||||||||||||||||||||67941.03
F06Q10002047|200810|67870.43|0|033|327|||||6.875|0.00||||||||||||||||||||67870.43
F06Q10002047|200811|67799.42|0|034|326|||||6.875|0.00||||||||||||||||||||67799.42
F06Q10002047|200812|67728.00|0|035|325|||||6.875|0.00||||||||||||||||||||67728.00
F06Q10002047|200901|67656.18|0|036|324|||||6.875|0.00||||||||||||||||||||67656.18
F06Q10002047|200902|67583.94|0|037|323|||||6.875|0.00||||||||||||||||||||67583.94
F06Q10002047|200903|67511.29|0|038|322|||||6.875|0.00||||||||||||||||||||67511.29
F06Q10002047|200904|67438.22|0|039|321|||||6.875|0.00||||||||||||||||||||67438.22
F06Q10002047|200905|67364.73|0|040|320|||||6.875|0.00||||||||||||||||||||67364.73
F06Q10002047|200906|67290.82|0|041|319|||||6.875|0.00||||||||||||||||||||67290.82
F06Q10002047|200907|67216.49|0|042|318|||||6.875|0.00||||||||||||||||||||67216.49
F06Q10002047|200908|67141.73|0|043|317|||||6.875|0.00||||||||||||||||||||67141.73
F06Q10002047|200909|0.00|0|044|316|||01|200909|6.875|0.00|||||||||||||||67141.73|||||0.00
F06Q10002066|200602|149000.00|0|000|360|||||6.375|0.00||||||||||||||||||||149000.00
F06Q10002066|200603|149000.00|0|001|359|||||6.375|0.00||||||||||||||||||||149000.00
F06Q10002066|200604|149000.00|0|002|358|||||6.375|0.00||||||||||||||||||||149000.00
F06Q10002066|200605|149000.00|0|003|357|||||6.375|0.00||||||||||||||||||||149000.00
F06Q10002066|200606|149000.00|0|004|356|||||6.375|0.00||||||||||||||||||||149000.00
F06Q10002066|200607|149000.00|0|005|355|||||6.375|0.00||||||||||||||||||||149000.00
F06Q10002066|200608|149000.00|0|006|354|||||6.375|0.00||||||||||||||||||||149000.00
F06Q10002066|200609|148403.02|0|007|353|||||6.375|0.00||||||||||||||||||||148403.02
F06Q10002066|200610|148259.43|0|008|352|||||6.375|0.00||||||||||||||||||||148259.43
F06Q10002066|200611|148115.08|0|009|351|||||6.375|0.00||||||||||||||||||||148115.08
F06Q10002066|200612|147969.96|0|010|350|||||6.375|0.00||||||||||||||||||||147969.96
F06Q10002066|200701|147824.07|0|011|349|||||6.375|0.00||||||||||||||||||||147824.07
F06Q10002066|200702|147677.41|0|012|348|||||6.375|0.00||||||||||||||||||||147677.41
F06Q10002066|200703|147529.96|0|013|347|||||6.375|0.00||||||||||||||||||||147529.96
F06Q10002066|200704|147381.73|0|014|346|||||6.375|0.00||||||||||||||||||||147381.73
F06Q10002066|200705|147232.71|0|015|345|||||6.375|0.00||||||||||||||||||||147232.71
F06Q10002066|200706|147082.91|0|016|344|||||6.375|0.00||||||||||||||||||||147082.91
F06Q10002066|200707|147082.91|0|017|343|||||6.375|0.00||||||||||||||||||||147082.91
F06Q10002066|200708|146734.31|0|018|342|||||6.375|0.00||||||||||||||||||||146734.31
F06Q10002066|200709|146734.31|0|019|341|||||6.375|0.00||||||||||||||||||||146734.31
F06Q10002066|200710|146428.60|0|020|340|||||6.375|0.00||||||||||||||||||||146428.60
F06Q10002066|200711|146274.52|0|021|339|||||6.375|0.00||||||||||||||||||||146274.52
F06Q10002066|200712|146119.62|0|022|338|||||6.375|0.00||||||||||||||||||||146119.62
F06Q10002066|200801|145963.90|0|023|337|||||6.375|0.00||||||||||||||||||||145963.90
F06Q10002066|200802|145807.35|0|024|336|||||6.375|0.00||||||||||||||||||||145807.35
F06Q10002066|200803|145649.97|0|025|335|||||6.375|0.00||||||||||||||||||||145649.97
F06Q10002066|200804|145491.76|0|026|334|||||6.375|0.00||||||||||||||||||||145491.76
F06Q10002066|200805|145332.71|0|027|333|||||6.375|0.00||||||||||||||||||||145332.71
F06Q10002066|200806|145332.71|0|028|332|||||6.375|0.00||||||||||||||||||||145332.71
F06Q10002066|200807|145012.06|0|029|331|||||6.375|0.00||||||||||||||||||||145012.06
F06Q10002066|200808|144850.45|0|030|330|||||6.375|0.00||||||||||||||||||||144850.45
F06Q10002066|200809|144687.99|0|031|329|||||6.375|0.00||||||||||||||||||||144687.99
F06Q10002066|200810|144524.66|0|032|328|||||6.375|0.00||||||||||||||||||||144524.66
F06Q10002066|200811|144360.47|0|033|327|||||6.375|0.00||||||||||||||||||||144360.47
F06Q10002066|200812|0.00|0|034|326|||01|200812|6.375|0.00|||||||||||||||144360.47|||||0.00
F06Q10002091|200602|341000.00|0|000|360|||||6.125|0.00||||||||||||||||||||341000.00
F06Q10002091|200603|340000.00|0|001|359|||||6.125|0.00||||||||||||||||||||340000.00
F06Q10002091|200604|340000.00|0|002|358|||||6.125|0.00||||||||||||||||||||340000.00
F06Q10002091|200605|340000.00|0|003|357|||||6.125|0.00||||||||||||||||||||340000.00
F06Q10002091|200606|339000.00|0|004|356|||||6.125|0.00||||||||||||||||||||339000.00
F06Q10002091|200607|339000.00|0|005|355|||||6.125|0.00||||||||||||||||||||339000.00
F06Q10002091|200608|339000.00|0|006|354|||||6.125|0.00||||||||||||||||||||339000.00
F06Q10002091|200609|338390.99|0|007|353|||||6.125|0.00||||||||||||||||||||338390.99
F06Q10002091|200610|338047.57|0|008|352|||||6.125|0.00||||||||||||||||||||338047.57
F06Q10002091|200611|337701.40|0|009|351|||||6.125|0.00||||||||||||||||||||337701.40
F06Q10002091|200612|337354.47|0|010|350|||||6.125|0.00||||||||||||||||||||337354.47
F06Q10002091|200701|337005.76|0|011|349|||||6.125|0.00||||||||||||||||||||337005.76
F06Q10002091|200702|336655.11|0|012|348|||||6.125|0.00||||||||||||||||||||336655.11
F06Q10002091|200703|336298.68|0|013|347|||||6.125|0.00||||||||||||||||||||336298.68
F06Q10002091|200704|335924.77|0|014|346|||||6.125|0.00||||||||||||||||||||335924.77
F06Q10002091|200705|335568.96|0|015|345|||||6.125|0.00||||||||||||||||||||335568.96
F06Q10002091|200706|335210.98|0|016|344|||||6.125|0.00||||||||||||||||||||335210.98
F06Q10002091|200707|334851.17|0|017|343|||||6.125|0.00||||||||||||||||||||334851.17
F06Q10002091|200708|334489.53|0|018|342|||||6.125|0.00||||||||||||||||||||334489.53
F06Q10002091|200709|334126.04|0|019|341|||||6.125|0.00||||||||||||||||||||334126.04
F06Q10002091|200710|333760.69|0|020|340|||||6.125|0.00||||||||||||||||||||333760.69
F06Q10002091|200711|333393.48|0|021|339|||||6.125|0.00||||||||||||||||||||333393.48
F06Q10002091|200712|333024.40|0|022|338|||||6.125|0.00||||||||||||||||||||333024.40
F06Q10002091|200801|332653.43|0|023|337|||||6.125|0.00||||||||||||||||||||332653.43
F06Q10002091|200802|332280.92|0|024|336|||||6.125|0.00||||||||||||||||||||332280.92
F06Q10002091|200803|331806.51|0|025|335|||||6.125|0.00||||||||||||||||||||331806.51
F06Q10002091|200804|331429.67|0|026|334|||||6.125|0.00||||||||||||||||||||331429.67
F06Q10002091|200805|331050.91|0|027|333|||||6.125|0.00||||||||||||||||||||331050.91
F06Q10002091|200806|330670.22|0|028|332|||||6.125|0.00||||||||||||||||||||330670.22
F06Q10002091|200807|330287.59|0|029|331|||||6.125|0.00||||||||||||||||||||330287.59
F06Q10002091|200808|329903.00|0|030|330|||||6.125|0.00||||||||||||||||||||329903.00
F06Q10002091|200809|329516.45|0|031|329|||||6.125|0.00||||||||||||||||||||329516.45
F06Q10002091|200810|329127.93|0|032|328|||||6.125|0.00||||||||||||||||||||329127.93
F06Q10002091|200811|328637.42|0|033|327|||||6.125|0.00||||||||||||||||||||328637.42
F06Q10002091|200812|328244.41|0|034|326|||||6.125|0.00||||||||||||||||||||328244.41
F06Q10002091|200901|327849.40|0|035|325|||||6.125|0.00||||||||||||||||||||327849.40
F06Q10002091|200902|327452.36|0|036|324|||||6.125|0.00||||||||||||||||||||327452.36
F06Q10002091|200903|327053.31|0|037|323|||||6.125|0.00||||||||||||||||||||327053.31
F06Q10002091|200904|326652.21|0|038|322|||||6.125|0.00||||||||||||||||||||326652.21
F06Q10002091|200905|326249.07|0|039|321|||||6.125|0.00||||||||||||||||||||326249.07
F06Q10002091|200906|325843.87|0|040|320|||||6.125|0.00||||||||||||||||||||325843.87
F06Q10002091|200907|325336.60|0|041|319|||||6.125|0.00||||||||||||||||||||325336.60
F06Q10002091|200908|324826.74|0|042|318|||||6.125|0.00||||||||||||||||||||324826.74
F06Q10002091|200909|324414.28|0|043|317|||||6.125|0.00||||||||||||||||||||324414.28
F06Q10002091|200910|323999.71|0|044|316|||||6.125|0.00||||||||||||||||||||323999.71
F06Q10002091|200911|323583.03|0|045|315|||||6.125|0.00||||||||||||||||||||323583.03
F06Q10002091|200912|323164.22|0|046|314|||||6.125|0.00||||||||||||||||||||323164.22
F06Q10002091|201001|322743.28|0|047|313|||||6.125|0.00||||||||||||||||||||322743.28
F06Q10002091|201002|322320.18|0|048|312|||||6.125|0.00||||||||||||||||||||322320.18
F06Q10002091|201003|321894.93|0|049|311|||||6.125|0.00||||||||||||||||||||321894.93
F06Q10002091|201004|321467.51|0|050|310|||||6.125|0.00||||||||||||||||||||321467.51
F06Q10002091|201005|320987.90|0|051|309|||||6.125|0.00||||||||||||||||||||320987.90
F06Q10002091|201006|320555.85|0|052|308|||||6.125|0.00||||||||||||||||||||320555.85
F06Q10002091|201007|320121.59|0|053|307|||||6.125|0.00||||||||||||||||||||320121.59
F06Q10002091|201008|0.00|0|054|306|||01|201008|6.125|0.00|||||||||||||||320121.59|||||0.00
F06Q10002159|200601|192000.00|0|000|360|||||5.875|0.00||||||||||||||||||||192000.00
F06Q10002159|200602|192000.00|0|001|359|||||5.875|0.00||||||||||||||||||||192000.00
F06Q10002159|200603|192000.00|0|002|358|||||5.875|0.00||||||||||||||||||||192000.00
F06Q10002159|200604|191000.00|0|003|357|||||5.875|0.00||||||||||||||||||||191000.00
F06Q10002159|200605|191000.00|0|004|356|||||5.875|0.00||||||||||||||||||||191000.00
F06Q10002159|200606|191000.00|0|005|355|||||5.875|0.00||||||||||||||||||||191000.00
F06Q10002159|200607|191000.00|0|006|354|||||5.875|0.00||||||||||||||||||||191000.00
F06Q10002159|200608|190609.46|0|007|353|||||5.875|0.00||||||||||||||||||||190609.46
F06Q10002159|200609|190406.90|0|008|352|||||5.875|0.00||||||||||||||||||||190406.90
F06Q10002159|200610|190203.35|0|009|351|||||5.875|0.00||||||||||||||||||||190203.35
F06Q10002159|200611|189998.80|0|010|350|||||5.875|0.00||||||||||||||||||||189998.80
F06Q10002159|200612|189793.25|0|011|349|||||5.875|0.00||||||||||||||||||||189793.25
F06Q10002159|200701|189586.70|0|012|348|||||5.875|0.00||||||||||||||||||||189586.70
F06Q10002159|200702|189379.13|0|013|347|||||5.875|0.00||||||||||||||||||||189379.13
F06Q10002159|200703|189170.55|0|014|346|||||5.875|0.00||||||||||||||||||||189170.55
F06Q10002159|200704|188960.95|0|015|345|||||5.875|0.00||||||||||||||||||||188960.95
F06Q10002159|200705|188750.32|0|016|344|||||5.875|0.00||||||||||||||||||||188750.32
F06Q10002159|200706|188538.66|0|017|343|||||5.875|0.00||||||||||||||||||||188538.66
F06Q10002159|200707|188325.96|0|018|342|||||5.875|0.00||||||||||||||||||||188325.96
F06Q10002159|200708|188112.22|0|019|341|||||5.875|0.00||||||||||||||||||||188112.22
F06Q10002159|200709|187897.44|0|020|340|||||5.875|0.00||||||||||||||||||||187897.44
F06Q10002159|200710|187681.60|0|021|339|||||5.875|0.00||||||||||||||||||||187681.60
F06Q10002159|200711|187464.71|0|022|338|||||5.875|0.00||||||||||||||||||||187464.71
F06Q10002159|200712|187246.76|0|023|337|||||5.875|0.00||||||||||||||||||||187246.76
F06Q10002159|200801|187027.74|0|024|336|||||5.875|0.00||||||||||||||||||||187027.74
F06Q10002159|200802|186807.65|0|025|335|||||5.875|0.00||||||||||||||||||||186807.65
F06Q10002159|200803|186807.65|0|026|334|||||5.875|0.00||||||||||||||||||||186807.65
F06Q10002159|200804|186364.23|0|027|333|||||5.875|0.00||||||||||||||||||||186364.23
F06Q10002159|200805|186140.89|0|028|332|||||5.875|0.00||||||||||||||||||||186140.89
F06Q10002159|200806|185916.45|0|029|331|||||5.875|0.00||||||||||||||||||||185916.45
F06Q10002159|200807|185690.92|0|030|330|||||5.875|0.00||||||||||||||||||||185690.92
F06Q10002159|200808|185464.28|0|031|329|||||5.875|0.00||||||||||||||||||||185464.28
F06Q10002159|200809|185236.53|0|032|328|||||5.875|0.00||||||||||||||||||||185236.53
F06Q10002159|200810|185007.67|0|033|327|||||5.875|0.00||||||||||||||||||||185007.67
F06Q10002159|200811|184777.69|0|034|326|||||5.875|0.00||||||||||||||||||||184777.69
F06Q10002159|200812|184546.58|0|035|325|||||5.875|0.00||||||||||||||||||||184546.58
F06Q10002159|200901|184314.34|0|036|324|||||5.875|0.00||||||||||||||||||||184314.34
F06Q10002159|200902|184314.34|0|037|323|||||5.875|0.00||||||||||||||||||||184314.34
F06Q10002159|200903|184080.96|0|038|322|||||5.875|0.00||||||||||||||||||||184080.96
F06Q10002159|200904|183846.44|0|039|321|||||5.875|0.00||||||||||||||||||||183846.44
F06Q10002159|200905|183373.95|0|040|320|||||5.875|0.00||||||||||||||||||||183373.95
F06Q10002159|200906|183373.95|0|041|319|||||5.875|0.00||||||||||||||||||||183373.95
F06Q10002159|200907|183135.97|0|042|318|||||5.875|0.00||||||||||||||||||||183135.97
F06Q10002159|200908|182656.50|0|043|317|||||5.875|0.00||||||||||||||||||||182656.50
F06Q10002159|200909|182415.01|0|044|316|||||5.875|0.00||||||||||||||||||||182415.01
F06Q10002159|200910|182172.33|0|045|315|||||5.875|0.00||||||||||||||||||||182172.33
F06Q10002159|200911|182172.33|0|046|314|||||5.875|0.00||||||||||||||||||||182172.33
F06Q10002159|200912|181928.47|0|047|313|||||5.875|0.00||||||||||||||||||||181928.47
F06Q10002159|201001|181437.15|0|048|312|||||5.875|0.00||||||||||||||||||||181437.15
F06Q10002159|201002|181437.15|0|049|311|||||5.875|0.00||||||||||||||||||||181437.15
F06Q10002159|201003|181189.69|0|050|310|||||5.875|0.00||||||||||||||||||||181189.69
F06Q10002159|201004|180941.01|0|051|309|||||5.875|0.00||||||||||||||||||||180941.01
F06Q10002159|201005|180440.00|0|052|308|||||5.875|0.00||||||||||||||||||||180440.00
F06Q10002159|201006|180440.00|0|053|307|||||5.875|0.00||||||||||||||||||||180440.00
F06Q10002159|201007|180187.65|0|054|306|||||5.875|0.00||||||||||||||||||||180187.65
F06Q10002159|201008|179934.07|0|055|305|||||5.875|0.00||||||||||||||||||||179934.07
F06Q10002159|201009|179679.25|0|056|304|||||5.875|0.00||||||||||||||||||||179679.25
F06Q10002159|201010|179165.86|0|057|303|||||5.875|0.00||||||||||||||||||||179165.86
F06Q10002159|201011|179165.86|0|058|302|||||5.875|0.00||||||||||||||||||||179165.86
F06Q10002159|201012|178647.43|0|059|301|||||5.875|0.00||||||||||||||||||||178647.43
F06Q10002159|201101|178386.31|0|060|300|||||5.875|0.00||||||||||||||||||||178386.31
F06Q10002159|201102|178123.91|0|061|299|||||5.875|0.00||||||||||||||||||||178123.91
F06Q10002159|201103|178123.91|0|062|298|||||5.875|0.00||||||||||||||||||||178123.91
F06Q10002159|201104|177595.24|0|063|297|||||5.875|0.00||||||||||||||||||||177595.24
F06Q10002159|201105|177595.24|0|064|296|||||5.875|0.00||||||||||||||||||||177595.24
F06Q10002159|201106|177328.97|0|065|295|||||5.875|0.00||||||||||||||||||||177328.97
F06Q10002159|201107|176792.50|0|066|294|||||5.875|0.00||||||||||||||||||||176792.50
F06Q10002159|201108|176792.50|0|067|293|||||5.875|0.00||||||||||||||||||||176792.50
F06Q10002159|201109|176522.30|0|068|292|||||5.875|0.00||||||||||||||||||||176522.30
F06Q10002159|201110|175977.91|0|069|291|||||5.875|0.00||||||||||||||||||||175977.91
F06Q10002159|201111|175977.91|0|070|290|||||5.875|0.00||||||||||||||||||||175977.91
F06Q10002159|201112|175428.19|0|071|289|||||5.875|0.00||||||||||||||||||||175428.19
F06Q10002159|201201|175151.31|0|072|288|||||5.875|0.00||||||||||||||||||||175151.31
F06Q10002159|201202|174873.07|0|073|287|||||5.875|0.00||||||||||||||||||||174873.07
F06Q10002159|201203|174873.07|0|074|286|||||5.875|0.00||||||||||||||||||||174873.07
F06Q10002159|201204|174593.47|0|075|285|||||5.875|0.00||||||||||||||||||||174593.47
F06Q10002159|201205|174312.50|0|076|284|||||5.875|0.00||||||||||||||||||||174312.50
F06Q10002159|201206|173746.42|0|077|283|||||5.875|0.00||||||||||||||||||||173746.42
F06Q10002159|201207|173746.42|0|078|282|||||5.875|0.00||||||||||||||||||||173746.42
F06Q10002159|201208|173461.30|0|079|281|||||5.875|0.00||||||||||||||||||||173461.30
F06Q10002159|201209|172886.87|0|080|280|||||5.875|0.00||||||||||||||||||||172886.87
F06Q10002159|201210|172597.55|0|081|279|||||5.875|0.00||||||||||||||||||||172597.55
F06Q10002159|201211|172306.81|0|082|278|||||5.875|0.00||||||||||||||||||||172306.81
F06Q10002159|201212|172014.65|0|083|277|||||5.875|0.00||||||||||||||||||||172014.65
F06Q10002159|201301|171721.06|0|084|276|||||5.875|0.00||||||||||||||||||||171721.06
F06Q10002159|201302|171426.03|0|085|275|||||5.875|0.00||||||||||||||||||||171426.03
F06Q10002159|201303|171129.55|0|086|274|||||5.875|0.00||||||||||||||||||||171129.55
F06Q10002159|201304|170831.62|0|087|273|||||5.875|0.00||||||||||||||||||||170831.62
F06Q10002159|201305|170532.23|0|088|272|||||5.875|0.00||||||||||||||||||||170532.23
F06Q10002159|201306|170231.38|0|089|271|||||5.875|0.00||||||||||||||||||||170231.38
F06Q10002159|201307|169929.05|0|090|270|||||5.875|0.00||||||||||||||||||||169929.05
F06Q10002159|201308|169625.24|0|091|269|||||5.875|0.00||||||||||||||||||||169625.24
F06Q10002159|201309|169319.95|0|092|268|||||5.875|0.00||||||||||||||||||||169319.95
F06Q10002159|201310|169319.95|0|093|267|||||5.875|0.00||||||||||||||||||||169319.95
F06Q10002159|201311|169013.16|0|094|266|||||5.875|0.00||||||||||||||||||||169013.16
F06Q10002159|201312|168704.87|0|095|265|||||5.875|0.00||||||||||||||||||||168704.87
F06Q10002159|201401|168083.75|0|096|264|||||5.875|0.00||||||||||||||||||||168083.75
F06Q10002159|201402|167770.91|0|097|263|||||5.875|0.00||||||||||||||||||||167770.91
F06Q10002159|201403|167456.54|0|098|262|||||5.875|0.00||||||||||||||||||||167456.54
F06Q10002159|201404|167140.63|0|099|261|||||5.875|0.00||||||||||||||||||||167140.63
F06Q10002159|201405|166823.17|0|100|260|||||5.875|0.00||||||||||||||||||||166823.17
F06Q10002159|201406|166823.17|0|101|259|||||5.875|0.00||||||||||||||||||||166823.17
F06Q10002159|201407|166504.16|0|102|258|||||5.875|0.00||||||||||||||||||||166504.16
F06Q10002159|201408|165861.45|0|103|257|||||5.875|0.00||||||||||||||||||||165861.45
F06Q10002159|201409|165537.73|0|104|256|||||5.875|0.00||||||||||||||||||||165537.73
F06Q10002159|201410|165212.43|0|105|255|||||5.875|0.00||||||||||||||||||||165212.43
F06Q10002159|201411|0.00|0|106|254|||01|201411|5.875|0.00|||||||||||||||165212.43|||||0.00
F06Q10002167|200602|132000.00|0|000|360|||||6.250|0.00||||||||||||||||||||132000.00
F06Q10002167|200603|132000.00|0|001|359|||||6.250|0.00||||||||||||||||||||132000.00
F06Q10002167|200604|132000.00|0|002|358|||||6.250|0.00||||||||||||||||||||132000.00
F06Q10002167|200605|132000.00|0|003|357|||||6.250|0.00||||||||||||||||||||132000.00
F06Q10002167|200606|131000.00|0|004|356|||||6.250|0.00||||||||||||||||||||131000.00
F06Q10002167|200607|131000.00|0|005|355|||||6.250|0.00||||||||||||||||||||131000.00
F06Q10002167|200608|131000.00|0|006|354|||||6.250|0.00||||||||||||||||||||131000.00
F06Q10002167|200609|131107.66|0|007|353|||||6.250|0.00||||||||||||||||||||131107.66
F06Q10002167|200610|130977.51|0|008|352|||||6.250|0.00||||||||||||||||||||130977.51
F06Q10002167|200611|130846.68|0|009|351|||||6.250|0.00||||||||||||||||||||130846.68
F06Q10002167|200612|130715.17|0|010|350|||||6.250|0.00||||||||||||||||||||130715.17
F06Q10002167|200701|130582.98|0|011|349|||||6.250|0.00||||||||||||||||||||130582.98
F06Q10002167|200702|130450.10|0|012|348|||||6.250|0.00||||||||||||||||||||130450.10
F06Q10002167|200703|130316.53|0|013|347|||||6.250|0.00||||||||||||||||||||130316.53
F06Q10002167|200704|130182.26|0|014|346|||||6.250|0.00||||||||||||||||||||130182.26
F06Q10002167|200705|130047.29|0|015|345|||||6.250|0.00||||||||||||||||||||130047.29
F06Q10002167|200706|129911.62|0|016|344|||||6.250|0.00||||||||||||||||||||129911.62
F06Q10002167|200707|129775.24|0|017|343|||||6.250|0.00||||||||||||||||||||129775.24
F06Q10002167|200708|129638.15|0|018|342|||||6.250|0.00||||||||||||||||||||129638.15
F06Q10002167|200709|129500.35|0|019|341|||||6.250|0.00||||||||||||||||||||129500.35
F06Q10002167|200710|129361.83|0|020|340|||||6.250|0.00||||||||||||||||||||129361.83
F06Q10002167|200711|129222.59|0|021|339|||||6.250|0.00||||||||||||||||||||129222.59
F06Q10002167|200712|129082.62|0|022|338|||||6.250|0.00||||||||||||||||||||129082.62
F06Q10002167|200801|128941.93|0|023|337|||||6.250|0.00||||||||||||||||||||128941.93
F06Q10002167|200802|128800.50|0|024|336|||||6.250|0.00||||||||||||||||||||128800.50
F06Q10002167|200803|128658.34|0|025|335|||||6.250|0.00||||||||||||||||||||128658.34
F06Q10002167|200804|128515.44|0|026|334|||||6.250|0.00||||||||||||||||||||128515.44
F06Q10002167|200805|128371.79|0|027|333|||||6.250|0.00||||||||||||||||||||128371.79
F06Q10002167|200806|128227.39|0|028|332|||||6.250|0.00||||||||||||||||||||128227.39
F06Q10002167|200807|128082.24|0|029|331|||||6.250|0.00||||||||||||||||||||128082.24
F06Q10002167|200808|127936.34|0|030|330|||||6.250|0.00||||||||||||||||||||127936.34
F06Q10002167|200809|127789.68|0|031|329|||||6.250|0.00||||||||||||||||||||127789.68
F06Q10002167|200810|127642.25|0|032|328|||||6.250|0.00||||||||||||||||||||127642.25
F06Q10002167|200811|127494.05|0|033|327|||||6.250|0.00||||||||||||||||||||127494.05
F06Q10002167|200812|127345.08|0|034|326|||||6.250|0.00||||||||||||||||||||127345.08
F06Q10002167|200901|127195.34|0|035|325|||||6.250|0.00||||||||||||||||||||127195.34
F06Q10002167|200902|127044.82|0|036|324|||||6.250|0.00||||||||||||||||||||127044.82
F06Q10002167|200903|126893.51|0|037|323|||||6.250|0.00||||||||||||||||||||126893.51
F06Q10002167|200904|126741.41|0|038|322|||||6.250|0.00||||||||||||||||||||126741.41
F06Q10002167|200905|126588.52|0|039|321|||||6.250|0.00||||||||||||||||||||126588.52
F06Q10002167|200906|126434.84|0|040|320|||||6.250|0.00||||||||||||||||||||126434.84
F06Q10002167|200907|126280.35|0|041|319|||||6.250|0.00||||||||||||||||||||126280.35
F06Q10002167|200908|126125.06|0|042|318|||||6.250|0.00||||||||||||||||||||126125.06
F06Q10002167|200909|125968.96|0|043|317|||||6.250|0.00||||||||||||||||||||125968.96
F06Q10002167|200910|125812.05|0|044|316|||||6.250|0.00||||||||||||||||||||125812.05
F06Q10002167|200911|125812.05|0|045|315|||||6.250|0.00||||||||||||||||||||125812.05
F06Q10002167|200912|125495.77|0|046|314|||||6.250|0.00||||||||||||||||||||125495.77
F06Q10002167|201001|125336.40|0|047|313|||||6.250|0.00||||||||||||||||||||125336.40
F06Q10002167|201002|125176.20|0|048|312|||||6.250|0.00||||||||||||||||||||125176.20
F06Q10002167|201003|125015.16|0|049|311|||||6.250|0.00||||||||||||||||||||125015.16
F06Q10002167|201004|124853.28|0|050|310|||||6.250|0.00||||||||||||||||||||124853.28
F06Q10002167|201005|124690.56|0|051|309|||||6.250|0.00||||||||||||||||||||124690.56
F06Q10002167|201006|124526.99|0|052|308|||||6.250|0.00||||||||||||||||||||124526.99
F06Q10002167|201007|124362.57|0|053|307|||||6.250|0.00||||||||||||||||||||124362.57
F06Q10002167|201008|124197.30|0|054|306|||||6.250|0.00||||||||||||||||||||124197.30
F06Q10002167|201009|124031.16|0|055|305|||||6.250|0.00||||||||||||||||||||124031.16
F06Q10002167|201010|123864.16|0|056|304|||||6.250|0.00||||||||||||||||||||123864.16
F06Q10002167|201011|123696.29|0|057|303|||||6.250|0.00||||||||||||||||||||123696.29
F06Q10002167|201012|0.00|0|058|302|||01|201012|6.250|0.00|||||||||||||||123696.29|||||0.00
F06Q10002184|200602|108000.00|0|000|360|||||5.375|0.00||||||||||||||||||||108000.00
F06Q10002184|200603|108000.00|0|001|359|||||5.375|0.00||||||||||||||||||||108000.00
F06Q10002184|200604|108000.00|0|002|358|||||5.375|0.00||||||||||||||||||||108000.00
F06Q10002184|200605|108000.00|0|003|357|||||5.375|0.00||||||||||||||||||||108000.00
F06Q10002184|200606|108000.00|0|004|356|||||5.375|0.00||||||||||||||||||||108000.00
F06Q10002184|200607|107000.00|0|005|355|||||5.375|0.00||||||||||||||||||||107000.00
F06Q10002184|200608|107000.00|0|006|354|||||5.375|0.00||||||||||||||||||||107000.00
F06Q10002184|200609|107141.40|0|007|353|||||5.375|0.00||||||||||||||||||||107141.40
F06Q10002184|200610|107141.40|0|008|352|||||5.375|0.00||||||||||||||||||||107141.40
F06Q10002184|200611|107016.53|0|009|351|||||5.375|0.00||||||||||||||||||||107016.53
F06Q10002184|200612|106891.10|0|010|350|||||5.375|0.00||||||||||||||||||||106891.10
F06Q10002184|200701|106765.11|0|011|349|||||5.375|0.00||||||||||||||||||||106765.11
F06Q10002184|200702|106511.44|0|012|348|||||5.375|0.00||||||||||||||||||||106511.44
F06Q10002184|200703|106511.44|0|013|347|||||5.375|0.00||||||||||||||||||||106511.44
F06Q10002184|200704|106383.75|0|014|346|||||5.375|0.00||||||||||||||||||||106383.75
F06Q10002184|200705|106255.49|0|015|345|||||5.375|0.00||||||||||||||||||||106255.49
F06Q10002184|200706|106126.66|0|016|344|||||5.375|0.00||||||||||||||||||||106126.66
F06Q10002184|200707|105997.25|0|017|343|||||5.375|0.00||||||||||||||||||||105997.25
F06Q10002184|200708|105867.26|0|018|342|||||5.375|0.00||||||||||||||||||||105867.26
F06Q10002184|200709|105605.53|0|019|341|||||5.375|0.00||||||||||||||||||||105605.53
F06Q10002184|200710|105605.53|0|020|340|||||5.375|0.00||||||||||||||||||||105605.53
F06Q10002184|200711|105473.78|0|021|339|||||5.375|0.00||||||||||||||||||||105473.78
F06Q10002184|200712|105341.44|0|022|338|||||5.375|0.00||||||||||||||||||||105341.44
F06Q10002184|200801|105208.51|0|023|337|||||5.375|0.00||||||||||||||||||||105208.51
F06Q10002184|200802|105074.99|0|024|336|||||5.375|0.00||||||||||||||||||||105074.99
F06Q10002184|200803|104940.87|0|025|335|||||5.375|0.00||||||||||||||||||||104940.87
F06Q10002184|200804|104806.15|0|026|334|||||5.375|0.00||||||||||||||||||||104806.15
F06Q10002184|200805|104670.82|0|027|333|||||5.375|0.00||||||||||||||||||||104670.82
F06Q10002184|200806|104534.89|0|028|332|||||5.375|0.00||||||||||||||||||||104534.89
F06Q10002184|200807|104398.35|0|029|331|||||5.375|0.00||||||||||||||||||||104398.35
F06Q10002184|200808|104123.43|0|030|330|||||5.375|0.00||||||||||||||||||||104123.43
F06Q10002184|200809|104123.43|0|031|329|||||5.375|0.00||||||||||||||||||||104123.43
F06Q10002184|200810|103985.05|0|032|328|||||5.375|0.00||||||||||||||||||||103985.05
F06Q10002184|200811|103846.05|0|033|327|||||5.375|0.00||||||||||||||||||||103846.05
F06Q10002184|200812|103706.42|0|034|326|||||5.375|0.00||||||||||||||||||||103706.42
F06Q10002184|200901|103566.17|0|035|325|||||5.375|0.00||||||||||||||||||||103566.17
F06Q10002184|200902|103425.29|0|036|324|||||5.375|0.00||||||||||||||||||||103425.29
F06Q10002184|200903|103283.78|0|037|323|||||5.375|0.00||||||||||||||||||||103283.78
F06Q10002184|200904|103141.64|0|038|322|||||5.375|0.00||||||||||||||||||||103141.64
F06Q10002184|200905|102855.44|0|039|321|||||5.375|0.00||||||||||||||||||||102855.44
F06Q10002184|200906|102855.44|0|040|320|||||5.375|0.00||||||||||||||||||||102855.44
F06Q10002184|200907|102711.38|0|041|319|||||5.375|0.00||||||||||||||||||||102711.38
F06Q10002184|200908|102566.67|0|042|318|||||5.375|0.00||||||||||||||||||||102566.67
F06Q10002184|200909|102421.31|0|043|317|||||5.375|0.00||||||||||||||||||||102421.31
F06Q10002184|200910|102275.30|0|044|316|||||5.375|0.00||||||||||||||||||||102275.30
F06Q10002184|200911|102128.64|0|045|315|||||5.375|0.00||||||||||||||||||||102128.64
F06Q10002184|200912|101981.32|0|046|314|||||5.375|0.00||||||||||||||||||||101981.32
F06Q10002184|201001|101833.34|0|047|313|||||5.375|0.00||||||||||||||||||||101833.34
F06Q10002184|201002|101684.70|0|048|312|||||5.375|0.00||||||||||||||||||||101684.70
F06Q10002184|201003|101535.39|0|049|311|||||5.375|0.00||||||||||||||||||||101535.39
F06Q10002184|201004|101385.41|0|050|310|||||5.375|0.00||||||||||||||||||||101385.41
F06Q10002184|201005|101234.76|0|051|309|||||5.375|0.00||||||||||||||||||||101234.76
F06Q10002184|201006|101083.44|0|052|308|||||5.375|0.00||||||||||||||||||||101083.44
F06Q10002184|201007|100931.44|0|053|307|||||5.375|0.00||||||||||||||||||||100931.44
F06Q10002184|201008|100625.39|0|054|306|||||5.375|0.00||||||||||||||||||||100625.39
F06Q10002184|201009|100625.39|0|055|305|||||5.375|0.00||||||||||||||||||||100625.39
F06Q10002184|201010|100471.34|1|056|304|||||5.375|0.00||||||||||||||||||||100471.34
F06Q10002184|201011|100316.60|0|057|303|||||5.375|0.00||||||||||||||||||||100316.60
F06Q10002184|201012|100005.03|0|058|302|||||5.375|0.00||||||||||||||||||||100005.03
F06Q10002184|201101|100005.03|0|059|301|||||5.375|0.00||||||||||||||||||||100005.03
F06Q10002184|201102|99848.20|0|060|300|||||5.375|0.00||||||||||||||||||||99848.20
F06Q10002184|201103|99690.67|0|061|299|||||5.375|0.00||||||||||||||||||||99690.67
F06Q10002184|201104|99373.48|0|062|298|||||5.375|0.00||||||||||||||||||||99373.48
F06Q10002184|201105|99373.48|0|063|297|||||5.375|0.00||||||||||||||||||||99373.48
F06Q10002184|201106|99213.82|0|064|296|||||5.375|0.00||||||||||||||||||||99213.82
F06Q10002184|201107|99053.45|0|065|295|||||5.375|0.00||||||||||||||||||||99053.45
F06Q10002184|201108|98892.36|0|066|294|||||5.375|0.00||||||||||||||||||||98892.36
F06Q10002184|201109|98730.55|0|067|293|||||5.375|0.00||||||||||||||||||||98730.55
F06Q10002184|201110|98568.01|0|068|292|||||5.375|0.00||||||||||||||||||||98568.01
F06Q10002184|201111|98404.74|0|069|291|||||5.375|0.00||||||||||||||||||||98404.74
F06Q10002184|201112|98240.74|0|070|290|||||5.375|0.00||||||||||||||||||||98240.74
F06Q10002184|201201|98076.01|0|071|289|||||5.375|0.00||||||||||||||||||||98076.01
F06Q10002184|201202|97910.54|1|072|288|||||5.375|0.00||||||||||||||||||||97910.54
F06Q10002184|201203|97744.33|0|073|287|||||5.375|0.00||||||||||||||||||||97744.33
F06Q10002184|201204|97577.37|0|074|286|||||5.375|0.00||||||||||||||||||||97577.37
F06Q10002184|201205|97409.67|0|075|285|||||5.375|0.00||||||||||||||||||||97409.67
F06Q10002184|201206|97241.21|0|076|284|||||5.375|0.00||||||||||||||||||||97241.21
F06Q10002184|201207|97072.00|0|077|283|||||5.375|0.00||||||||||||||||||||97072.00
F06Q10002184|201208|96902.03|0|078|282|||||5.375|0.00||||||||||||||||||||96902.03
F06Q10002184|201209|96731.30|0|079|281|||||5.375|0.00||||||||||||||||||||96731.30
F06Q10002184|201210|96387.55|0|080|280|||||5.375|0.00||||||||||||||||||||96387.55
F06Q10002184|201211|96387.55|0|081|279|||||5.375|0.00||||||||||||||||||||96387.55
F06Q10002184|201212|96214.52|0|082|278|||||5.375|0.00||||||||||||||||||||96214.52
F06Q10002184|201301|96040.71|0|083|277|||||5.375|0.00||||||||||||||||||||96040.71
F06Q10002184|201302|95866.12|0|084|276|||||5.375|0.00||||||||||||||||||||95866.12
F06Q10002184|201303|95514.59|0|085|275|||||5.375|0.00||||||||||||||||||||95514.59
F06Q10002184|201304|95514.59|0|086|274|||||5.375|0.00||||||||||||||||||||95514.59
F06Q10002184|201305|95337.65|0|087|273|||||5.375|0.00||||||||||||||||||||95337.65
F06Q10002184|201306|95159.91|0|088|272|||||5.375|0.00||||||||||||||||||||95159.91
F06Q10002184|201307|94981.38|0|089|271|||||5.375|0.00||||||||||||||||||||94981.38
F06Q10002184|201308|94802.05|0|090|270|||||5.375|0.00||||||||||||||||||||94802.05
F06Q10002184|201309|94621.91|0|091|269|||||5.375|0.00||||||||||||||||||||94621.91
F06Q10002184|201310|94440.97|0|092|268|||||5.375|0.00||||||||||||||||||||94440.97
F06Q10002184|201311|94259.22|1|093|267|||||5.375|0.00||||||||||||||||||||94259.22
F06Q10002184|201312|94076.65|0|094|266|||||5.375|0.00||||||||||||||||||||94076.65
F06Q10002184|201401|93893.26|0|095|265|||||5.375|0.00||||||||||||||||||||93893.26
F06Q10002184|201402|93709.05|0|096|264|||||5.375|0.00||||||||||||||||||||93709.05
F06Q10002184|201403|93524.02|0|097|263|||||5.375|0.00||||||||||||||||||||93524.02
F06Q10002184|201404|93338.16|0|098|262|||||5.375|0.00||||||||||||||||||||93338.16
F06Q10002184|201405|92963.94|0|099|261|||||5.375|0.00||||||||||||||||||||92963.94
F06Q10002184|201406|92775.57|0|100|260|||||5.375|0.00||||||||||||||||||||92775.57
F06Q10002184|201407|92586.36|0|101|259|||||5.375|0.00||||||||||||||||||||92586.36
F06Q10002184|201408|92396.30|0|102|258|||||5.375|0.00||||||||||||||||||||92396.30
F06Q10002184|201409|92205.39|0|103|257|||||5.375|0.00||||||||||||||||||||92205.39
F06Q10002184|201410|92013.62|0|104|256|||||5.375|0.00||||||||||||||||||||92013.62
F06Q10002184|201411|92013.62|0|105|255|||||5.375|0.00||||||||||||||||||||92013.62
F06Q10002184|201412|91627.50|0|106|254|||||5.375|0.00||||||||||||||||||||91627.50
F06Q10002184|201501|91627.50|0|107|253|||||5.375|0.00||||||||||||||||||||91627.50
F06Q10002184|201502|91433.14|0|108|252|||||5.375|0.00||||||||||||||||||||91433.14
F06Q10002184|201503|91237.91|0|109|251|||||5.375|0.00||||||||||||||||||||91237.91
F06Q10002184|201504|91041.81|0|110|250|||||5.375|0.00||||||||||||||||||||91041.81
F06Q10002184|201505|90646.97|0|111|249|||||5.375|0.00||||||||||||||||||||90646.97
F06Q10002184|201506|90646.97|0|112|248|||||5.375|0.00||||||||||||||||||||90646.97
F06Q10002184|201507|90448.22|0|113|247|||||5.375|0.00||||||||||||||||||||90448.22
F06Q10002184|201508|90248.58|0|114|246|||||5.375|0.00||||||||||||||||||||90248.58
F06Q10002184|201509|90048.05|0|115|245|||||5.375|0.00||||||||||||||||||||90048.05
F06Q10002184|201510|89846.62|0|116|244|||||5.375|0.00||||||||||||||||||||89846.62
F06Q10002184|201511|89441.05|0|117|243|||||5.375|0.00||||||||||||||||||||89441.05
F06Q10002184|201512|89441.05|0|118|242|||||5.375|0.00||||||||||||||||||||89441.05
F06Q10002184|201601|89236.90|1|119|241|||||5.375|0.00|||||||||||||||||Y|||89236.90
F06Q10002184|201602|89236.90|0|120|240|||||5.375|0.00||||||||||||||||||||89236.90
F06Q10002184|201603|88825.86|0|121|239|||||5.375|0.00||||||||||||||||||||88825.86
F06Q10002184|201604|88618.96|0|122|238|||||5.375|0.00||||||||||||||||||||88618.96
F06Q10002184|201605|88411.13|0|123|237|||||5.375|0.00||||||||||||||||||||88411.13
F06Q10002184|201606|88202.37|0|124|236|||||5.375|0.00||||||||||||||||||||88202.37
F06Q10002184|201607|87992.67|0|125|235|||||5.375|0.00||||||||||||||||||||87992.67
F06Q10002184|201608|87782.03|0|126|234|||||5.375|0.00||||||||||||||||||||87782.03
F06Q10002184|201609|87570.45|0|127|233|||||5.375|0.00||||||||||||||||||||87570.45
F06Q10002184|201610|87357.92|0|128|232|||||5.375|0.00||||||||||||||||||||87357.92
F06Q10002184|201611|87144.44|0|129|231|||||5.375|0.00||||||||||||||||||||87144.44
F06Q10002184|201612|86930.00|0|130|230|||||5.375|0.00||||||||||||||||||||86930.00
F06Q10002184|201701|86714.60|0|131|229|||||5.375|0.00||||||||||||||||||||86714.60
F06Q10002184|201702|86498.24|0|132|228|||||5.375|0.00||||||||||||||||||||86498.24
F06Q10002184|201703|86280.91|0|133|227|||||5.375|0.00||||||||||||||||||||86280.91
F06Q10002184|201704|86062.61|0|134|226|||||5.375|0.00||||||||||||||44||||||86062.61
F06Q10002184|201705|85843.33|0|135|225|||||5.375|0.00||||||||||||||44||||||85843.33
F06Q10002184|201706|85623.07|0|136|224|||||5.375|0.00||||||||||||||43||||||85623.07
F06Q10002184|201707|85401.82|0|137|223|||||5.375|0.00||||||||||||||43||||||85401.82
F06Q10002184|201708|85179.58|0|138|222|||||5.375|0.00||||||||||||||43||||||85179.58
F06Q10002184|201709|84956.34|0|139|221|||||5.375|0.00||||||||||||||43||||||84956.34
F06Q10002184|201710|84732.10|0|140|220|||||5.375|0.00||||||||||||||43||||||84732.10
F06Q10002184|201711|84506.86|0|141|219|||||5.375|0.00||||||||||||||43||||||84506.86
F06Q10002184|201712|84280.61|0|142|218|||||5.375|0.00||||||||||||||41||||||84280.61
F06Q10002184|201801|84053.35|0|143|217|||||5.375|0.00||||||||||||||41||||||84053.35
F06Q10002184|201802|83825.07|0|144|216|||||5.375|0.00||||||||||||||41||||||83825.07
F06Q10002184|201803|83595.77|0|145|215|||||5.375|0.00||||||||||||||40||||||83595.77
F06Q10002184|201804|83365.44|0|146|214|||||5.375|0.00||||||||||||||40||||||83365.44
F06Q10002184|201805|83134.08|0|147|213|||||5.375|0.00||||||||||||||39||||||83134.08
F06Q10002184|201806|82668.24|0|148|212|||||5.375|0.00||||||||||||||39||||||82668.24
F06Q10002184|201807|82668.24|0|149|211|||||5.375|0.00||||||||||||||39||||||82668.24
F06Q10002184|201808|82433.75|0|150|210|||||5.375|0.00||||||||||||||39||||||82433.75
F06Q10002184|201809|82198.21|0|151|209|||||5.375|0.00||||||||||||||39||||||82198.21
F06Q10002184|201810|81723.97|0|152|208|||||5.375|0.00||||||||||||||37||||||81723.97
F06Q10002184|201811|81723.97|0|153|207|||||5.375|0.00||||||||||||||38||||||81723.97
F06Q10002184|201812|81485.26|0|154|206|||||5.375|0.00||||||||||||||38||||||81485.26
F06Q10002184|201901|81245.48|0|155|205|||||5.375|0.00||||||||||||||38||||||81245.48
F06Q10002184|201902|81004.62|0|156|204|||||5.375|0.00||||||||||||||38||||||81004.62
F06Q10002184|201903|80762.68|0|157|203|||||5.375|0.00||||||||||||||37||||||80762.68
F06Q10002184|201904|80275.55|0|158|202|||||5.375|0.00||||||||||||||36||||||80275.55
F06Q10002184|201905|80030.35|0|159|201|||||5.375|0.00||||||||||||||36||||||80030.35
F06Q10002184|201906|79784.05|0|160|200|||||5.375|0.00||||||||||||||35||||||79784.05
F06Q10002184|201907|79536.65|0|161|199|||||5.375|0.00||||||||||||||35||||||79536.65
F06Q10002184|201908|79288.14|0|162|198|||||5.375|0.00||||||||||||||35||||||79288.14
F06Q10002184|201909|79038.51|0|163|197|||||5.375|0.00||||||||||||||35||||||79038.51
F06Q10002184|201910|78787.77|0|164|196|||||5.375|0.00||||||||||||||35||||||78787.77
F06Q10002184|201911|78535.90|0|165|195|||||5.375|0.00||||||||||||||35||||||78535.90
F06Q10002184|201912|78282.91|0|166|194|||||5.375|0.00||||||||||||||34||||||78282.91
F06Q10002184|202001|78028.78|0|167|193|||||5.375|0.00||||||||||||||34||||||78028.78
F06Q10002184|202002|77773.51|0|168|192|||||5.375|0.00||||||||||||||34||||||77773.51
F06Q10002184|202003|77517.10|0|169|191|||||5.375|0.00||||||||||||||33||||||77517.10
F06Q10002184|202004|77259.54|0|170|190|||||5.375|0.00||||||||||||||33||||||77259.54
F06Q10002184|202005|77000.83|0|171|189|||||5.375|0.00||||||||||||||32||||||77000.83
F06Q10002184|202006|76740.96|0|172|188|||||5.375|0.00||||||||||||||32||||||76740.96
F06Q10002184|202007|76479.93|0|173|187|||||5.375|0.00||||||||||||||33||||||76479.93
F06Q10002184|202008|76217.73|0|174|186|||||5.375|0.00||||||||||||||32||||||76217.73
F06Q10002184|202009|75954.35|0|175|185|||||5.375|0.00||||||||||||||31||||||75954.35
F06Q10002184|202010|75689.79|0|176|184|||||5.375|0.00||||||||||||||30||||||75689.79
F06Q10002184|202011|75424.05|0|177|183|||||5.375|0.00||||||||||||||30||||||75424.05
F06Q10002184|202012|75157.12|0|178|182|||||5.375|0.00||||||||||||||30||||||75157.12
F06Q10002184|202101|74888.99|0|179|181|||||5.375|0.00||||||||||||||30||||||74888.99
F06Q10002184|202102|74619.66|0|180|180|||||5.375|0.00||||||||||||||30||||||74619.66
F06Q10002184|202103|74349.12|0|181|179|||||5.375|0.00||||||||||||||29||||||74349.12
F06Q10002184|202104|74077.37|0|182|178|||||5.375|0.00||||||||||||||29||||||74077.37
F06Q10002184|202105|73804.40|0|183|177|||||5.375|0.00||||||||||||||27||||||73804.40
F06Q10002184|202106|73530.21|0|184|176|||||5.375|0.00||||||||||||||26||||||73530.21
F06Q10002184|202107|73254.79|0|185|175|||||5.375|0.00||||||||||||||26||||||73254.79
F06Q10002184|202108|72978.14|0|186|174|||||5.375|0.00||||||||||||||26||||||72978.14
F06Q10002184|202109|72700.25|0|187|173|||||5.375|0.00||||||||||||||26||||||72700.25
F06Q10002184|202110|72421.12|0|188|172|||||5.375|0.00||||||||||||||27||||||72421.12
F06Q10002184|202111|72140.74|0|189|171|||||5.375|0.00||||||||||||||28||||||72140.74
F06Q10002184|202112|71859.10|0|190|170|||||5.375|0.00||||||||||||||28||||||71859.10
F06Q10002184|202201|71576.20|0|191|169|||||5.375|0.00||||||||||||||27||||||71576.20
F06Q10002184|202202|71292.03|0|192|168|||||5.375|0.00||||||||||||||26||||||71292.03
F06Q10002184|202203|71006.59|0|193|167|||||5.375|0.00||||||||||||||25||||||71006.59
F06Q10002184|202204|70719.87|0|194|166|||||5.375|0.00||||||||||||||24||||||70719.87
F06Q10002184|202205|70431.87|0|195|165|||||5.375|0.00||||||||||||||23||||||70431.87
F06Q10002184|202206|70142.58|0|196|164|||||5.375|0.00||||||||||||||22||||||70142.58
F06Q10002184|202207|69851.99|0|197|163|||||5.375|0.00||||||||||||||23||||||69851.99
F06Q10002184|202208|69560.10|0|198|162|||||5.375|0.00||||||||||||||24||||||69560.10
F06Q10002184|202209|69266.90|0|199|161|||||5.375|0.00||||||||||||||24||||||69266.90
F06Q10002184|202210|68972.39|0|200|160|||||5.375|0.00||||||||||||||26||||||68972.39
F06Q10002184|202211|68676.56|0|201|159|||||5.375|0.00||||||||||||||25||||||68676.56
F06Q10002184|202212|68379.40|0|202|158|||||5.375|0.00||||||||||||||25||||||68379.40
F06Q10002184|202301|68080.91|0|203|157|||||5.375|0.00||||||||||||||24||||||68080.91
F06Q10002184|202302|67781.09|0|204|156|||||5.375|0.00||||||||||||||24||||||67781.09
F06Q10002184|202303|67479.92|0|205|155|||||5.375|0.00||||||||||||||23||||||67479.92
F06Q10002184|202304|67177.40|0|206|154|||||5.375|0.00||||||||||||||22||||||67177.40
F06Q10002184|202305|66873.53|0|207|153|||||5.375|0.00||||||||||||||21||||||66873.53
F06Q10002184|202306|66568.30|0|208|152|||||5.375|0.00||||||||||||||21||||||66568.30
F06Q10002184|202307|66261.70|0|209|151|||||5.375|0.00||||||||||||||21||||||66261.70
F06Q10002184|202308|65953.73|0|210|150|||||5.375|0.00||||||||||||||21||||||65953.73
F06Q10002184|202309|65644.38|0|211|149|||||5.375|0.00||||||||||||||21||||||65644.38
F06Q10002184|202310|65333.64|0|212|148|||||5.375|0.00||||||||||||||21||||||65333.64
F06Q10002184|202311|65021.51|0|213|147|||||5.375|0.00||||||||||||||20||||||65021.51
F06Q10002184|202312|64707.98|0|214|146|||||5.375|0.00||||||||||||||20||||||64707.98
F06Q10002184|202401|64393.05|0|215|145|||||5.375|0.00||||||||||||||20||||||64393.05
F06Q10002184|202402|64076.71|0|216|144|||||5.375|0.00||||||||||||||20||||||64076.71
F06Q10002184|202403|63758.95|0|217|143|||||5.375|0.00||||||||||||||20||||||63758.95
F06Q10002184|202404|63439.77|0|218|142|||||5.375|0.00||||||||||||||19||||||63439.77
F06Q10002184|202405|63119.16|0|219|141|||||5.375|0.00||||||||||||||18||||||63119.16
F06Q10002184|202406|62797.11|0|220|140|||||5.375|0.00||||||||||||||19||||||62797.11
F06Q10002184|202407|62473.62|0|221|139|||||5.375|0.00||||||||||||||18||||||62473.62
F06Q10002184|202408|62148.68|0|222|138|||||5.375|0.00||||||||||||||18||||||62148.68
F06Q10002184|202409|61822.28|0|223|137|||||5.375|0.00||||||||||||||18||||||61822.28
F06Q10002184|202410|61494.42|0|224|136|||||5.375|0.00||||||||||||||19||||||61494.42
F06Q10002184|202411|61165.09|0|225|135|||||5.375|0.00||||||||||||||18||||||61165.09
F06Q10002184|202412|61165.09|1|226|134|||||5.375|0.00||||||||||||||18||||||61165.09
F06Q10002184|202501|60502.01|0|227|133|||||5.375|0.00||||||||||||||19||||||60502.01
F06Q10002184|202502|60168.24|0|228|132|||||5.375|0.00||||||||||||||18||||||60168.24
F06Q10002184|202503|59832.97|0|229|131|||||5.375|0.00||||||||||||||18||||||59832.97
F06Q10002184|202504|59496.20|0|230|130|||||5.375|0.00||||||||||||||17||||||59496.20
F06Q10002184|202505|59157.92|0|231|129|||||5.375|0.00||||||||||||||16||||||59157.92
F06Q10002184|202506|58818.13|0|232|128|||||5.375|0.00||||||||||||||16||||||58818.13
F06Q10002184|202507|58476.82|0|233|127|||||5.375|0.00||||||||||||||16||||||58476.82
F06Q10002184|202508|58133.98|0|234|126|||||5.375|0.00||||||||||||||17||||||58133.98
F06Q10002184|202509|57789.60|0|235|125|||||5.375|0.00||||||||||||||17||||||57789.60
F06Q10002234|200602|248000.00|0|000|360|||||6.125|0.00||||||||||||||||||||248000.00
F06Q10002234|200603|248000.00|0|001|359|||||6.125|0.00||||||||||||||||||||248000.00
F06Q10002234|200604|248000.00|1|002|358|||||6.125|0.00||||||||||||||||||||248000.00
F06Q10002234|200605|247000.00|0|003|357|||||6.125|0.00||||||||||||||||||||247000.00
F06Q10002234|200606|247000.00|0|004|356|||||6.125|0.00||||||||||||||||||||247000.00
F06Q10002234|200607|247000.00|0|005|355|||||6.125|0.00||||||||||||||||||||247000.00
F06Q10002234|200608|247000.00|0|006|354|||||6.125|0.00||||||||||||||||||||247000.00
F06Q10002234|200609|246286.68|0|007|353|||||6.125|0.00||||||||||||||||||||246286.68
F06Q10002234|200610|246036.90|0|008|352|||||6.125|0.00||||||||||||||||||||246036.90
F06Q10002234|200611|246036.90|0|009|351|||||6.125|0.00||||||||||||||||||||246036.90
F06Q10002234|200612|245533.50|0|010|350|||||6.125|0.00||||||||||||||||||||245533.50
F06Q10002234|200701|245279.87|0|011|349|||||6.125|0.00||||||||||||||||||||245279.87
F06Q10002234|200702|245024.95|0|012|348|||||6.125|0.00||||||||||||||||||||245024.95
F06Q10002234|200703|244768.73|0|013|347|||||6.125|0.00||||||||||||||||||||244768.73
F06Q10002234|200704|244511.20|0|014|346|||||6.125|0.00||||||||||||||||||||244511.20
F06Q10002234|200705|244252.36|0|015|345|||||6.125|0.00||||||||||||||||||||244252.36
F06Q10002234|200706|243992.19|0|016|344|||||6.125|0.00||||||||||||||||||||243992.19
F06Q10002234|200707|243730.70|0|017|343|||||6.125|0.00||||||||||||||||||||243730.70
F06Q10002234|200708|243467.87|0|018|342|||||6.125|0.00||||||||||||||||||||243467.87
F06Q10002234|200709|243203.70|0|019|341|||||6.125|0.00||||||||||||||||||||243203.70
F06Q10002234|200710|242938.18|0|020|340|||||6.125|0.00||||||||||||||||||||242938.18
F06Q10002234|200711|242671.31|0|021|339|||||6.125|0.00||||||||||||||||||||242671.31
F06Q10002234|200712|242403.07|0|022|338|||||6.125|0.00||||||||||||||||||||242403.07
F06Q10002234|200801|242133.47|0|023|337|||||6.125|0.00||||||||||||||||||||242133.47
F06Q10002234|200802|241862.49|0|024|336|||||6.125|0.00||||||||||||||||||||241862.49
F06Q10002234|200803|241590.13|0|025|335|||||6.125|0.00||||||||||||||||||||241590.13
F06Q10002234|200804|241316.38|0|026|334|||||6.125|0.00||||||||||||||||||||241316.38
F06Q10002234|200805|241041.23|0|027|333|||||6.125|0.00||||||||||||||||||||241041.23
F06Q10002234|200806|240764.67|0|028|332|||||6.125|0.00||||||||||||||||||||240764.67
F06Q10002234|200807|240486.70|0|029|331|||||6.125|0.00||||||||||||||||||||240486.70
F06Q10002234|200808|240207.31|0|030|330|||||6.125|0.00||||||||||||||||||||240207.31
F06Q10002234|200809|239926.50|0|031|329|||||6.125|0.00||||||||||||||||||||239926.50
F06Q10002234|200810|239644.25|0|032|328|||||6.125|0.00||||||||||||||||||||239644.25
F06Q10002234|200811|239644.25|0|033|327|||||6.125|0.00||||||||||||||||||||239644.25
F06Q10002234|200812|239075.43|0|034|326|||||6.125|0.00||||||||||||||||||||239075.43
F06Q10002234|200901|238788.84|0|035|325|||||6.125|0.00||||||||||||||||||||238788.84
F06Q10002234|200902|238500.79|0|036|324|||||6.125|0.00||||||||||||||||||||238500.79
F06Q10002234|200903|238500.79|0|037|323|||||6.125|0.00||||||||||||||||||||238500.79
F06Q10002234|200904|237920.27|0|038|322|||||6.125|0.00||||||||||||||||||||237920.27
F06Q10002234|200905|237920.27|0|039|321|||||6.125|0.00||||||||||||||||||||237920.27
F06Q10002234|200906|237333.80|0|040|320|||||6.125|0.00||||||||||||||||||||237333.80
F06Q10002234|200907|237038.32|0|041|319|||||6.125|0.00||||||||||||||||||||237038.32
F06Q10002234|200908|236741.33|0|042|318|||||6.125|0.00||||||||||||||||||||236741.33
F06Q10002234|200909|236442.83|0|043|317|||||6.125|0.00||||||||||||||||||||236442.83
F06Q10002234|200910|236142.80|0|044|316|||||6.125|0.00||||||||||||||||||||236142.80
F06Q10002234|200911|235841.24|0|045|315|||||6.125|0.00||||||||||||||||||||235841.24
F06Q10002234|200912|235538.14|0|046|314|||||6.125|0.00||||||||||||||||||||235538.14
F06Q10002234|201001|235233.50|0|047|313|||||6.125|0.00||||||||||||||||||||235233.50
F06Q10002234|201002|234927.30|0|048|312|||||6.125|0.00||||||||||||||||||||234927.30
F06Q10002234|201003|234619.54|0|049|311|||||6.125|0.00||||||||||||||||||||234619.54
F06Q10002234|201004|234310.21|0|050|310|||||6.125|0.00||||||||||||||||||||234310.21
F06Q10002234|201005|233999.30|0|051|309|||||6.125|0.00||||||||||||||||||||233999.30
F06Q10002234|201006|233686.80|0|052|308|||||6.125|0.00||||||||||||||||||||233686.80
F06Q10002234|201007|233372.71|0|053|307|||||6.125|0.00||||||||||||||||||||233372.71
F06Q10002234|201008|233057.01|0|054|306|||||6.125|0.00||||||||||||||||||||233057.01
F06Q10002234|201009|232739.70|0|055|305|||||6.125|0.00||||||||||||||||||||232739.70
F06Q10002234|201010|232420.77|0|056|304|||||6.125|0.00||||||||||||||||||||232420.77
F06Q10002234|201011|232100.21|0|057|303|||||6.125|0.00||||||||||||||||||||232100.21
F06Q10002234|201012|231778.02|0|058|302|||||6.125|0.00||||||||||||||||||||231778.02
F06Q10002234|201101|231454.18|0|059|301|||||6.125|0.00||||||||||||||||||||231454.18
F06Q10002234|201102|231128.69|0|060|300|||||6.125|0.00||||||||||||||||||||231128.69
F06Q10002234|201103|230801.54|0|061|299|||||6.125|0.00||||||||||||||||||||230801.54
F06Q10002234|201104|230472.72|0|062|298|||||6.125|0.00||||||||||||||||||||230472.72
F06Q10002234|201105|230142.22|0|063|297|||||6.125|0.00||||||||||||||||||||230142.22
F06Q10002234|201106|229810.03|0|064|296|||||6.125|0.00||||||||||||||||||||229810.03
F06Q10002234|201107|229476.15|0|065|295|||||6.125|0.00||||||||||||||||||||229476.15
F06Q10002234|201108|229140.56|0|066|294|||||6.125|0.00||||||||||||||||||||229140.56
F06Q10002234|201109|228803.26|0|067|293|||||6.125|0.00||||||||||||||||||||228803.26
F06Q10002234|201110|228464.24|0|068|292|||||6.125|0.00||||||||||||||||||||228464.24
F06Q10002234|201111|228123.49|0|069|291|||||6.125|0.00||||||||||||||||||||228123.49
F06Q10002234|201112|227781.00|0|070|290|||||6.125|0.00||||||||||||||||||||227781.00
F06Q10002234|201201|227436.76|0|071|289|||||6.125|0.00||||||||||||||||||||227436.76
F06Q10002234|201202|227090.77|0|072|288|||||6.125|0.00||||||||||||||||||||227090.77
F06Q10002234|201203|226743.01|0|073|287|||||6.125|0.00||||||||||||||||||||226743.01
F06Q10002234|201204|226393.47|0|074|286|||||6.125|0.00||||||||||||||||||||226393.47
F06Q10002234|201205|226042.15|0|075|285|||||6.125|0.00||||||||||||||||||||226042.15
F06Q10002234|201206|225689.04|0|076|284|||||6.125|0.00||||||||||||||||||||225689.04
F06Q10002234|201207|225334.12|0|077|283|||||6.125|0.00||||||||||||||||||||225334.12
F06Q10002234|201208|224977.39|0|078|282|||||6.125|0.00||||||||||||||||||||224977.39
F06Q10002234|201209|224618.84|0|079|281|||||6.125|0.00||||||||||||||||||||224618.84
F06Q10002234|201210|224258.46|0|080|280|||||6.125|0.00||||||||||||||||||||224258.46
F06Q10002234|201211|223896.24|0|081|279|||||6.125|0.00||||||||||||||||||||223896.24
F06Q10002234|201212|223532.17|0|082|278|||||6.125|0.00||||||||||||||||||||223532.17
F06Q10002234|201301|223166.25|0|083|277|||||6.125|0.00||||||||||||||||||||223166.25
F06Q10002234|201302|222798.46|0|084|276|||||6.125|0.00||||||||||||||||||||222798.46
F06Q10002234|201303|222428.79|0|085|275|||||6.125|0.00||||||||||||||||||||222428.79
F06Q10002234|201304|222057.23|0|086|274|||||6.125|0.00||||||||||||||||||||222057.23
F06Q10002234|201305|221683.78|0|087|273|||||6.125|0.00||||||||||||||||||||221683.78
F06Q10002234|201306|221308.42|0|088|272|||||6.125|0.00||||||||||||||||||||221308.42
F06Q10002234|201307|0.00|0|089|271|||01|201307|6.125|0.00|||||||||||||||221308.42|||||0.00
F06Q10002391|200602|362000.00|0|000|360|||||6.250|0.00||||||||||||||||||||362000.00
F06Q10002391|200603|362000.00|0|001|359|||||6.250|0.00||||||||||||||||||||362000.00
F06Q10002391|200604|362000.00|0|002|358|||||6.250|0.00||||||||||||||||||||362000.00
F06Q10002391|200605|361000.00|0|003|357|||||6.250|0.00||||||||||||||||||||361000.00
F06Q10002391|200606|361000.00|0|004|356|||||6.250|0.00||||||||||||||||||||361000.00
F06Q10002391|200607|361000.00|0|005|355|||||6.250|0.00||||||||||||||||||||361000.00
F06Q10002391|200608|360000.00|0|006|354|||||6.250|0.00||||||||||||||||||||360000.00
F06Q10002391|200609|359603.08|0|007|353|||||6.250|0.00||||||||||||||||||||359603.08
F06Q10002391|200610|359245.57|0|008|352|||||6.250|0.00||||||||||||||||||||359245.57
F06Q10002391|200611|358886.20|0|009|351|||||6.250|0.00||||||||||||||||||||358886.20
F06Q10002391|200612|358515.97|0|010|350|||||6.250|0.00||||||||||||||||||||358515.97
F06Q10002391|200701|358515.97|0|011|349|||||6.250|0.00||||||||||||||||||||358515.97
F06Q10002391|200702|358152.80|0|012|348|||||6.250|0.00||||||||||||||||||||358152.80
F06Q10002391|200703|357404.28|0|013|347|||||6.250|0.00||||||||||||||||||||357404.28
F06Q10002391|200704|357404.28|0|014|346|||||6.250|0.00||||||||||||||||||||357404.28
F06Q10002391|200705|356646.41|0|015|345|||||6.250|0.00||||||||||||||||||||356646.41
F06Q10002391|200706|356646.41|1|016|344|||||6.250|0.00||||||||||||||||||||356646.41
F06Q10002391|200707|356273.50|0|017|343|||||6.250|0.00||||||||||||||||||||356273.50
F06Q10002391|200708|355898.65|0|018|342|||||6.250|0.00||||||||||||||||||||355898.65
F06Q10002391|200709|355521.85|0|019|341|||||6.250|0.00||||||||||||||||||||355521.85
F06Q10002391|200710|355143.09|0|020|340|||||6.250|0.00||||||||||||||||||||355143.09
F06Q10002391|200711|354762.35|0|021|339|||||6.250|0.00||||||||||||||||||||354762.35
F06Q10002391|200712|354379.63|0|022|338|||||6.250|0.00||||||||||||||||||||354379.63
F06Q10002391|200801|353608.20|0|023|337|||||6.250|0.00||||||||||||||||||||353608.20
F06Q10002391|200802|353608.20|0|024|336|||||6.250|0.00||||||||||||||||||||353608.20
F06Q10002391|200803|353219.47|0|025|335|||||6.250|0.00||||||||||||||||||||353219.47
F06Q10002391|200804|352828.71|0|026|334|||||6.250|0.00||||||||||||||||||||352828.71
F06Q10002391|200805|352041.08|0|027|333|||||6.250|0.00||||||||||||||||||||352041.08
F06Q10002391|200806|352041.08|0|028|332|||||6.250|0.00||||||||||||||||||||352041.08
F06Q10002391|200807|351644.19|0|029|331|||||6.250|0.00||||||||||||||||||||351644.19
F06Q10002391|200808|351245.23|0|030|330|||||6.250|0.00||||||||||||||||||||351245.23
F06Q10002391|200809|350844.19|0|031|329|||||6.250|0.00||||||||||||||||||||350844.19
F06Q10002391|200810|350328.96|0|032|328|||||6.250|0.00||||||||||||||||||||350328.96
F06Q10002391|200811|349923.15|0|033|327|||||6.250|0.00||||||||||||||||||||349923.15
F06Q10002391|200812|349515.23|0|034|326|||||6.250|0.00||||||||||||||||||||349515.23
F06Q10002391|200901|349105.18|0|035|325|||||6.250|0.00||||||||||||||||||||349105.18
F06Q10002391|200902|348693.00|0|036|324|||||6.250|0.00||||||||||||||||||||348693.00
F06Q10002391|200903|348278.67|0|037|323|||||6.250|0.00||||||||||||||||||||348278.67
F06Q10002391|200904|347862.18|0|038|322|||||6.250|0.00||||||||||||||||||||347862.18
F06Q10002391|200905|347443.52|1|039|321|||||6.250|0.00||||||||||||||||||||347443.52
F06Q10002391|200906|347022.68|1|040|320|||||6.250|0.00||||||||||||||||||||347022.68
F06Q10002391|200907|0.00|2|041|319|||01|200907|6.250|0.00|200905||||||||||||||347022.68|||||0.00
F06Q10002396|200602|29000.00|0|000|180|||||6.000|0.00||||||||||||||||||||29000.00
F06Q10002396|200603|29000.00|0|001|179|||||6.000|0.00||||||||||||||||||||29000.00
F06Q10002396|200604|29000.00|0|002|178|||||6.000|0.00||||||||||||||||||||29000.00
F06Q10002396|200605|29000.00|0|003|177|||||6.000|0.00||||||||||||||||||||29000.00
F06Q10002396|200606|29000.00|0|004|176|||||6.000|0.00||||||||||||||||||||29000.00
F06Q10002396|200607|29000.00|0|005|175|||||6.000|0.00||||||||||||||||||||29000.00
F06Q10002396|200608|29000.00|0|006|174|||||6.000|0.00||||||||||||||||||||29000.00
F06Q10002396|200609|28461.42|0|007|173|||||6.000|0.00||||||||||||||||||||28461.42
F06Q10002396|200610|28357.32|0|008|172|||||6.000|0.00||||||||||||||||||||28357.32
F06Q10002396|200611|28252.70|0|009|171|||||6.000|0.00||||||||||||||||||||28252.70
F06Q10002396|200612|28147.55|0|010|170|||||6.000|0.00||||||||||||||||||||28147.55
F06Q10002396|200701|28041.88|0|011|169|||||6.000|0.00||||||||||||||||||||28041.88
F06Q10002396|200702|27828.95|0|012|168|||||6.000|0.00||||||||||||||||||||27828.95
F06Q10002396|200703|27828.95|0|013|167|||||6.000|0.00||||||||||||||||||||27828.95
F06Q10002396|200704|27721.68|0|014|166|||||6.000|0.00||||||||||||||||||||27721.68
F06Q10002396|200705|0.00|0|015|165|||01|200705|6.000|0.00|||||||||||||||27721.68|||||0.00
F06Q10002403|200602|157000.00|0|000|360|||||6.400|0.00||||||||||||||||||||157000.00
F06Q10002403|200603|157000.00|0|001|359|||||6.400|0.00||||||||||||||||||||157000.00
F06Q10002403|200604|157000.00|0|002|358|||||6.400|0.00||||||||||||||||||||157000.00
F06Q10002403|200605|157000.00|0|003|357|||||6.400|0.00||||||||||||||||||||157000.00
F06Q10002403|200606|156000.00|0|004|356|||||6.400|0.00||||||||||||||||||||156000.00
F06Q10002403|200607|156000.00|0|005|355|||||6.400|0.00||||||||||||||||||||156000.00
F06Q10002403|200608|156000.00|0|006|354|||||6.400|0.00||||||||||||||||||||156000.00
F06Q10002403|200609|155952.22|0|007|353|||||6.400|0.00||||||||||||||||||||155952.22
F06Q10002403|200610|0.00|0|008|352|||01|200610|6.400|0.00|||||||||||||||155952.22|||||0.00
F06Q10002518|200601|246000.00|0|000|360|||||5.875|0.00||||||||||||||||||||246000.00
F06Q10002518|200602|246000.00|0|001|359|||||5.875|0.00||||||||||||||||||||246000.00
F06Q10002518|200603|245000.00|0|002|358|||||5.875|0.00||||||||||||||||||||245000.00
F06Q10002518|200604|245000.00|0|003|357|||||5.875|0.00||||||||||||||||||||245000.00
F06Q10002518|200605|245000.00|0|004|356|||||5.875|0.00||||||||||||||||||||245000.00
F06Q10002518|200606|245000.00|0|005|355|||||5.875|0.00||||||||||||||||||||245000.00
F06Q10002518|200607|244000.00|0|006|354|||||5.875|0.00||||||||||||||||||||244000.00
F06Q10002518|200608|244105.77|0|007|353|||||5.875|0.00||||||||||||||||||||244105.77
F06Q10002518|200609|243829.84|0|008|352|||||5.875|0.00||||||||||||||||||||243829.84
F06Q10002518|200610|243552.56|0|009|351|||||5.875|0.00||||||||||||||||||||243552.56
F06Q10002518|200611|243273.92|0|010|350|||||5.875|0.00||||||||||||||||||||243273.92
F06Q10002518|200612|242993.92|0|011|349|||||5.875|0.00||||||||||||||||||||242993.92
F06Q10002518|200701|242701.63|0|012|348|||||5.875|0.00||||||||||||||||||||242701.63
F06Q10002518|200702|242407.91|0|013|347|||||5.875|0.00||||||||||||||||||||242407.91
F06Q10002518|200703|242112.75|0|014|346|||||5.875|0.00||||||||||||||||||||242112.75
F06Q10002518|200704|241816.14|0|015|345|||||5.875|0.00||||||||||||||||||||241816.14
F06Q10002518|200705|241518.08|0|016|344|||||5.875|0.00||||||||||||||||||||241518.08
F06Q10002518|200706|241218.56|0|017|343|||||5.875|0.00||||||||||||||||||||241218.56
F06Q10002518|200707|240917.58|0|018|342|||||5.875|0.00||||||||||||||||||||240917.58
F06Q10002518|200708|240615.12|0|019|341|||||5.875|0.00||||||||||||||||||||240615.12
F06Q10002518|200709|240311.18|0|020|340|||||5.875|0.00||||||||||||||||||||240311.18
F06Q10002518|200710|240005.75|0|021|339|||||5.875|0.00||||||||||||||||||||240005.75
F06Q10002518|200711|239698.83|0|022|338|||||5.875|0.00||||||||||||||||||||239698.83
F06Q10002518|200712|239417.18|0|023|337|||||5.875|0.00||||||||||||||||||||239417.18
F06Q10002518|200801|239069.36|0|024|336|||||5.875|0.00||||||||||||||||||||239069.36
F06Q10002518|200802|238719.83|0|025|335|||||5.875|0.00||||||||||||||||||||238719.83
F06Q10002518|200803|238368.59|0|026|334|||||5.875|0.00||||||||||||||||||||238368.59
F06Q10002518|200804|238015.63|0|027|333|||||5.875|0.00||||||||||||||||||||238015.63
F06Q10002518|200805|237725.73|0|028|332|||||5.875|0.00||||||||||||||||||||237725.73
F06Q10002518|200806|237434.42|0|029|331|||||5.875|0.00||||||||||||||||||||237434.42
F06Q10002518|200807|237131.44|0|030|330|||||5.875|0.00||||||||||||||||||||237131.44
F06Q10002518|200808|236837.22|0|031|329|||||5.875|0.00||||||||||||||||||||236837.22
F06Q10002518|200809|236530.19|0|032|328|||||5.875|0.00||||||||||||||||||||236530.19
F06Q10002518|200810|236221.65|0|033|327|||||5.875|0.00||||||||||||||||||||236221.65
F06Q10002518|200811|235911.60|0|034|326|||||5.875|0.00||||||||||||||||||||235911.60
F06Q10002518|200812|235600.03|0|035|325|||||5.875|0.00||||||||||||||||||||235600.03
F06Q10002518|200901|235297.81|0|036|324|||||5.875|0.00||||||||||||||||||||235297.81
F06Q10002518|200902|234994.61|0|037|323|||||5.875|0.00||||||||||||||||||||234994.61
F06Q10002518|200903|234689.92|0|038|322|||||5.875|0.00||||||||||||||||||||234689.92
F06Q10002518|200904|234383.74|0|039|321|||||5.875|0.00||||||||||||||||||||234383.74
F06Q10002518|200905|234076.06|0|040|320|||||5.875|0.00||||||||||||||||||||234076.06
F06Q10002518|200906|233741.94|0|041|319|||||5.875|0.00||||||||||||||||||||233741.94
F06Q10002518|200907|233406.18|0|042|318|||||5.875|0.00||||||||||||||||||||233406.18
F06Q10002518|200908|233068.78|0|043|317|||||5.875|0.00||||||||||||||||||||233068.78
F06Q10002518|200909|232729.73|0|044|316|||||5.875|0.00||||||||||||||||||||232729.73
F06Q10002518|200910|232389.02|0|045|315|||||5.875|0.00||||||||||||||||||||232389.02
F06Q10002518|200911|232046.64|0|046|314|||||5.875|0.00||||||||||||||||||||232046.64
F06Q10002518|200912|231702.58|0|047|313|||||5.875|0.00||||||||||||||||||||231702.58
F06Q10002518|201001|231353.09|0|048|312|||||5.875|0.00||||||||||||||||||||231353.09
F06Q10002518|201002|231001.89|0|049|311|||||5.875|0.00||||||||||||||||||||231001.89
F06Q10002518|201003|230648.97|0|050|310|||||5.875|0.00||||||||||||||||||||230648.97
F06Q10002518|201004|230294.32|0|051|309|||||5.875|0.00||||||||||||||||||||230294.32
F06Q10002518|201005|229937.93|0|052|308|||||5.875|0.00||||||||||||||||||||229937.93
F06Q10002518|201006|229579.80|0|053|307|||||5.875|0.00||||||||||||||||||||229579.80
F06Q10002518|201007|229219.91|0|054|306|||||5.875|0.00||||||||||||||||||||229219.91
F06Q10002518|201008|228858.26|0|055|305|||||5.875|0.00||||||||||||||||||||228858.26
F06Q10002518|201009|228494.84|0|056|304|||||5.875|0.00||||||||||||||||||||228494.84
F06Q10002518|201010|228129.64|0|057|303|||||5.875|0.00||||||||||||||||||||228129.64
F06Q10002518|201011|227762.65|0|058|302|||||5.875|0.00||||||||||||||||||||227762.65
F06Q10002518|201012|227343.87|0|059|301|||||5.875|0.00||||||||||||||||||||227343.87
F06Q10002518|201101|226998.41|0|060|300|||||5.875|0.00||||||||||||||||||||226998.41
F06Q10002518|201102|226601.26|0|061|299|||||5.875|0.00||||||||||||||||||||226601.26
F06Q10002518|201103|226202.16|0|062|298|||||5.875|0.00||||||||||||||||||||226202.16
F06Q10002518|201104|225851.11|0|063|297|||||5.875|0.00||||||||||||||||||||225851.11
F06Q10002518|201105|225492.09|0|064|296|||||5.875|0.00||||||||||||||||||||225492.09
F06Q10002518|201106|225124.17|0|065|295|||||5.875|0.00||||||||||||||||||||225124.17
F06Q10002518|201107|224696.11|0|066|294|||||5.875|0.00||||||||||||||||||||224696.11
F06Q10002518|201108|224315.95|0|067|293|||||5.875|0.00||||||||||||||||||||224315.95
F06Q10002518|201109|223958.98|0|068|292|||||5.875|0.00||||||||||||||||||||223958.98
F06Q10002518|201110|223595.84|0|069|291|||||5.875|0.00||||||||||||||||||||223595.84
F06Q10002518|201111|223230.92|0|070|290|||||5.875|0.00||||||||||||||||||||223230.92
F06Q10002518|201112|223230.92|0|071|289|||||5.875|0.00||||||||||||||||||||223230.92
F06Q10002518|201201|0.00|0|072|288|||01|201201|5.875|0.00|||||||||||||||223230.92|||||0.00
F06Q10002537|200602|270000.00|0|000|360|||||6.000|0.00||||||||||||||||||||270000.00
F06Q10002537|200603|270000.00|0|001|359|||||6.000|0.00||||||||||||||||||||270000.00
F06Q10002537|200604|269000.00|0|002|358|||||6.000|0.00||||||||||||||||||||269000.00
F06Q10002537|200605|269000.00|0|003|357|||||6.000|0.00||||||||||||||||||||269000.00
F06Q10002537|200606|269000.00|0|004|356|||||6.000|0.00||||||||||||||||||||269000.00
F06Q10002537|200607|269000.00|0|005|355|||||6.000|0.00||||||||||||||||||||269000.00
F06Q10002537|200608|268000.00|0|006|354|||||6.000|0.00||||||||||||||||||||268000.00
F06Q10002537|200609|267594.97|0|007|353|||||6.000|0.00||||||||||||||||||||267594.97
F06Q10002537|200610|267314.15|0|008|352|||||6.000|0.00||||||||||||||||||||267314.15
F06Q10002537|200611|267031.93|0|009|351|||||6.000|0.00||||||||||||||||||||267031.93
F06Q10002537|200612|266748.30|0|010|350|||||6.000|0.00||||||||||||||||||||266748.30
F06Q10002537|200701|266382.04|0|011|349|||||6.000|0.00||||||||||||||||||||266382.04
F06Q10002537|200702|266026.95|0|012|348|||||6.000|0.00||||||||||||||||||||266026.95
F06Q10002537|200703|265670.08|0|013|347|||||6.000|0.00||||||||||||||||||||265670.08
F06Q10002537|200704|265298.43|0|014|346|||||6.000|0.00||||||||||||||||||||265298.43
F06Q10002537|200705|265298.43|0|015|345|||||6.000|0.00||||||||||||||||||||265298.43
F06Q10002537|200706|265006.13|0|016|344|||||6.000|0.00||||||||||||||||||||265006.13
F06Q10002537|200707|264541.16|0|017|343|||||6.000|0.00||||||||||||||||||||264541.16
F06Q10002537|200708|263859.80|0|018|342|||||6.000|0.00||||||||||||||||||||263859.80
F06Q10002537|200709|263859.80|0|019|341|||||6.000|0.00||||||||||||||||||||263859.80
F06Q10002537|200710|263178.11|0|020|340|||||6.000|0.00||||||||||||||||||||263178.11
F06Q10002537|200711|262875.21|0|021|339|||||6.000|0.00||||||||||||||||||||262875.21
F06Q10002537|200712|262875.21|0|022|338|||||6.000|0.00||||||||||||||||||||262875.21
F06Q10002537|200801|262264.86|0|023|337|||||6.000|0.00||||||||||||||||||||262264.86
F06Q10002537|200802|261957.39|0|024|336|||||6.000|0.00||||||||||||||||||||261957.39
F06Q10002537|200803|261648.39|0|025|335|||||6.000|0.00||||||||||||||||||||261648.39
F06Q10002537|200804|261337.84|0|026|334|||||6.000|0.00||||||||||||||||||||261337.84
F06Q10002537|200805|261025.74|0|027|333|||||6.000|0.00||||||||||||||||||||261025.74
F06Q10002537|200806|260712.08|0|028|332|||||6.000|0.00||||||||||||||||||||260712.08
F06Q10002537|200807|260396.85|0|029|331|||||6.000|0.00||||||||||||||||||||260396.85
F06Q10002537|200808|260080.04|0|030|330|||||6.000|0.00||||||||||||||||||||260080.04
F06Q10002537|200809|259761.65|0|031|329|||||6.000|0.00||||||||||||||||||||259761.65
F06Q10002537|200810|259441.67|0|032|328|||||6.000|0.00||||||||||||||||||||259441.67
F06Q10002537|200811|259120.09|0|033|327|||||6.000|0.00||||||||||||||||||||259120.09
F06Q10002537|200812|258796.90|0|034|326|||||6.000|0.00||||||||||||||||||||258796.90
F06Q10002537|200901|258457.09|0|035|325|||||6.000|0.00||||||||||||||||||||258457.09
F06Q10002537|200902|258457.09|1|036|324|||||6.000|0.00||||||||||||||||||||258457.09
F06Q10002537|200903|0.00|2|037|323|||01|200903|6.000|0.00|200901||||||||||||||258457.09|||||0.00
F06Q10002576|200602|143000.00|0|000|360|||||6.500|0.00||||||||||||||||||||143000.00
F06Q10002576|200603|143000.00|0|001|359|||||6.500|0.00||||||||||||||||||||143000.00
F06Q10002576|200604|143000.00|0|002|358|||||6.500|0.00||||||||||||||||||||143000.00
F06Q10002576|200605|143000.00|0|003|357|||||6.500|0.00||||||||||||||||||||143000.00
F06Q10002576|200606|142000.00|0|004|356|||||6.500|0.00||||||||||||||||||||142000.00
F06Q10002576|200607|142000.00|0|005|355|||||6.500|0.00||||||||||||||||||||142000.00
F06Q10002576|200608|142000.00|0|006|354|||||6.500|0.00||||||||||||||||||||142000.00
F06Q10002576|200609|142072.11|0|007|353|||||6.500|0.00||||||||||||||||||||142072.11
F06Q10002576|200610|141936.67|0|008|352|||||6.500|0.00||||||||||||||||||||141936.67
F06Q10002576|200611|141800.49|0|009|351|||||6.500|0.00||||||||||||||||||||141800.49
F06Q10002576|200612|141663.58|0|010|350|||||6.500|0.00||||||||||||||||||||141663.58
F06Q10002576|200701|141525.92|0|011|349|||||6.500|0.00||||||||||||||||||||141525.92
F06Q10002576|200702|141387.52|0|012|348|||||6.500|0.00||||||||||||||||||||141387.52
F06Q10002576|200703|141248.37|0|013|347|||||6.500|0.00||||||||||||||||||||141248.37
F06Q10002576|200704|139097.63|0|014|346|||||6.500|0.00||||||||||||||||||||139097.63
F06Q10002576|200705|138946.08|0|015|345|||||6.500|0.00||||||||||||||||||||138946.08
F06Q10002576|200706|138793.70|0|016|344|||||6.500|0.00||||||||||||||||||||138793.70
F06Q10002576|200707|138640.50|0|017|343|||||6.500|0.00||||||||||||||||||||138640.50
F06Q10002576|200708|138486.47|0|018|342|||||6.500|0.00||||||||||||||||||||138486.47
F06Q10002576|200709|138331.61|0|019|341|||||6.500|0.00||||||||||||||||||||138331.61
F06Q10002576|200710|138175.91|0|020|340|||||6.500|0.00||||||||||||||||||||138175.91
F06Q10002576|200711|138019.36|0|021|339|||||6.500|0.00||||||||||||||||||||138019.36
F06Q10002576|200712|137861.96|0|022|338|||||6.500|0.00||||||||||||||||||||137861.96
F06Q10002576|200801|137703.71|0|023|337|||||6.500|0.00||||||||||||||||||||137703.71
F06Q10002576|200802|137544.61|0|024|336|||||6.500|0.00||||||||||||||||||||137544.61
F06Q10002576|200803|137384.64|0|025|335|||||6.500|0.00||||||||||||||||||||137384.64
F06Q10002576|200804|137223.81|0|026|334|||||6.500|0.00||||||||||||||||||||137223.81
F06Q10002576|200805|136862.11|0|027|333|||||6.500|0.00||||||||||||||||||||136862.11
F06Q10002576|200806|136498.45|0|028|332|||||6.500|0.00||||||||||||||||||||136498.45
F06Q10002576|200807|136132.82|0|029|331|||||6.500|0.00||||||||||||||||||||136132.82
F06Q10002576|200808|135765.21|0|030|330|||||6.500|0.00||||||||||||||||||||135765.21
F06Q10002576|200809|135395.60|0|031|329|||||6.500|0.00||||||||||||||||||||135395.60
F06Q10002576|200810|135023.99|0|032|328|||||6.500|0.00||||||||||||||||||||135023.99
F06Q10002576|200811|134650.37|0|033|327|||||6.500|0.00||||||||||||||||||||134650.37
F06Q10002576|200812|0.00|0|034|326|||01|200812|6.500|0.00|||||||||||||||134650.37|||||0.00
F06Q10002602|200602|298000.00|0|000|360|||||6.250|0.00||||||||||||||||||||298000.00
F06Q10002602|200603|297000.00|0|001|359|||||6.250|0.00||||||||||||||||||||297000.00
F06Q10002602|200604|297000.00|0|002|358|||||6.250|0.00||||||||||||||||||||297000.00
F06Q10002602|200605|297000.00|0|003|357|||||6.250|0.00||||||||||||||||||||297000.00
F06Q10002602|200606|296000.00|0|004|356|||||6.250|0.00||||||||||||||||||||296000.00
F06Q10002602|200607|296000.00|0|005|355|||||6.250|0.00||||||||||||||||||||296000.00
F06Q10002602|200608|296000.00|0|006|354|||||6.250|0.00||||||||||||||||||||296000.00
F06Q10002602|200609|295592.25|0|007|353|||||6.250|0.00||||||||||||||||||||295592.25
F06Q10002602|200610|295299.42|0|008|352|||||6.250|0.00||||||||||||||||||||295299.42
F06Q10002602|200611|295005.07|0|009|351|||||6.250|0.00||||||||||||||||||||295005.07
F06Q10002602|200612|294709.18|0|010|350|||||6.250|0.00||||||||||||||||||||294709.18
F06Q10002602|200701|294411.75|0|011|349|||||6.250|0.00||||||||||||||||||||294411.75
F06Q10002602|200702|294112.77|0|012|348|||||6.250|0.00||||||||||||||||||||294112.77
F06Q10002602|200703|293812.24|0|013|347|||||6.250|0.00||||||||||||||||||||293812.24
F06Q10002602|200704|293510.14|0|014|346|||||6.250|0.00||||||||||||||||||||293510.14
F06Q10002602|200705|293206.47|0|015|345|||||6.250|0.00||||||||||||||||||||293206.47
F06Q10002602|200706|292901.22|0|016|344|||||6.250|0.00||||||||||||||||||||292901.22
F06Q10002602|200707|292594.38|0|017|343|||||6.250|0.00||||||||||||||||||||292594.38
F06Q10002602|200708|292285.94|0|018|342|||||6.250|0.00||||||||||||||||||||292285.94
F06Q10002602|200709|291975.89|0|019|341|||||6.250|0.00||||||||||||||||||||291975.89
F06Q10002602|200710|291664.23|0|020|340|||||6.250|0.00||||||||||||||||||||291664.23
F06Q10002602|200711|291350.94|0|021|339|||||6.250|0.00||||||||||||||||||||291350.94
F06Q10002602|200712|291036.02|0|022|338|||||6.250|0.00||||||||||||||||||||291036.02
F06Q10002602|200801|290719.46|0|023|337|||||6.250|0.00||||||||||||||||||||290719.46
F06Q10002602|200802|290401.25|0|024|336|||||6.250|0.00||||||||||||||||||||290401.25
F06Q10002602|200803|290081.39|0|025|335|||||6.250|0.00||||||||||||||||||||290081.39
F06Q10002602|200804|289759.86|0|026|334|||||6.250|0.00||||||||||||||||||||289759.86
F06Q10002602|200805|289436.66|0|027|333|||||6.250|0.00||||||||||||||||||||289436.66
F06Q10002602|200806|289111.77|0|028|332|||||6.250|0.00||||||||||||||||||||289111.77
F06Q10002602|200807|288785.19|0|029|331|||||6.250|0.00||||||||||||||||||||288785.19
F06Q10002602|200808|288456.91|0|030|330|||||6.250|0.00||||||||||||||||||||288456.91
F06Q10002602|200809|288126.92|0|031|329|||||6.250|0.00||||||||||||||||||||288126.92
F06Q10002602|200810|0.00|0|032|328|||01|200810|6.250|0.00|||||||||||||||288126.92|||||0.00
F06Q10002625|200601|244000.00|0|000|360|||||6.250|0.00||||||||||||||||||||244000.00
F06Q10002625|200602|244000.00|0|001|359|||||6.250|0.00||||||||||||||||||||244000.00
F06Q10002625|200603|244000.00|0|002|358|||||6.250|0.00||||||||||||||||||||244000.00
F06Q10002625|200604|243000.00|0|003|357|||||6.250|0.00||||||||||||||||||||243000.00
F06Q10002625|200605|243000.00|0|004|356|||||6.250|0.00||||||||||||||||||||243000.00
F06Q10002625|200606|243000.00|0|005|355|||||6.250|0.00||||||||||||||||||||243000.00
F06Q10002625|200607|243000.00|0|006|354|||||6.250|0.00||||||||||||||||||||243000.00
F06Q10002625|200608|242353.84|0|007|353|||||6.250|0.00||||||||||||||||||||242353.84
F06Q10002625|200609|242113.75|0|008|352|||||6.250|0.00||||||||||||||||||||242113.75
F06Q10002625|200610|241872.41|0|009|351|||||6.250|0.00||||||||||||||||||||241872.41
F06Q10002625|200611|241629.81|0|010|350|||||6.250|0.00||||||||||||||||||||241629.81
F06Q10002625|200612|241385.95|0|011|349|||||6.250|0.00||||||||||||||||||||241385.95
F06Q10002625|200701|241140.82|0|012|348|||||6.250|0.00||||||||||||||||||||241140.82
F06Q10002625|200702|240894.41|0|013|347|||||6.250|0.00||||||||||||||||||||240894.41
F06Q10002625|200703|240646.72|0|014|346|||||6.250|0.00||||||||||||||||||||240646.72
F06Q10002625|200704|240397.74|0|015|345|||||6.250|0.00||||||||||||||||||||240397.74
F06Q10002625|200705|240147.46|0|016|344|||||6.250|0.00||||||||||||||||||||240147.46
F06Q10002625|200706|239895.88|0|017|343|||||6.250|0.00||||||||||||||||||||239895.88
F06Q10002625|200707|239642.99|0|018|342|||||6.250|0.00||||||||||||||||||||239642.99
F06Q10002625|200708|239388.78|0|019|341|||||6.250|0.00||||||||||||||||||||239388.78
F06Q10002625|200709|239133.25|0|020|340|||||6.250|0.00||||||||||||||||||||239133.25
F06Q10002625|200710|238876.39|0|021|339|||||6.250|0.00||||||||||||||||||||238876.39
F06Q10002625|200711|238618.19|0|022|338|||||6.250|0.00||||||||||||||||||||238618.19
F06Q10002625|200712|238358.64|0|023|337|||||6.250|0.00||||||||||||||||||||238358.64
F06Q10002625|200801|238097.74|0|024|336|||||6.250|0.00||||||||||||||||||||238097.74
F06Q10002625|200802|237835.48|0|025|335|||||6.250|0.00||||||||||||||||||||237835.48
F06Q10002625|200803|237571.86|0|026|334|||||6.250|0.00||||||||||||||||||||237571.86
F06Q10002625|200804|237306.86|0|027|333|||||6.250|0.00||||||||||||||||||||237306.86
F06Q10002625|200805|237040.48|0|028|332|||||6.250|0.00||||||||||||||||||||237040.48
F06Q10002625|200806|236772.72|0|029|331|||||6.250|0.00||||||||||||||||||||236772.72
F06Q10002625|200807|236501.57|0|030|330|||||6.250|0.00||||||||||||||||||||236501.57
F06Q10002625|200808|236231.00|0|031|329|||||6.250|0.00||||||||||||||||||||236231.00
F06Q10002625|200809|235959.02|0|032|328|||||6.250|0.00||||||||||||||||||||235959.02
F06Q10002625|200810|235685.62|0|033|327|||||6.250|0.00||||||||||||||||||||235685.62
F06Q10002625|200811|235410.80|0|034|326|||||6.250|0.00||||||||||||||||||||235410.80
F06Q10002625|200812|235134.55|0|035|325|||||6.250|0.00||||||||||||||||||||235134.55
F06Q10002625|200901|234856.86|0|036|324|||||6.250|0.00||||||||||||||||||||234856.86
F06Q10002625|200902|234577.72|0|037|323|||||6.250|0.00||||||||||||||||||||234577.72
F06Q10002625|200903|234297.13|0|038|322|||||6.250|0.00||||||||||||||||||||234297.13
F06Q10002625|200904|234015.08|0|039|321|||||6.250|0.00||||||||||||||||||||234015.08
F06Q10002625|200905|234015.08|1|040|320|||||6.250|0.00||||||||||||||||||||234015.08
F06Q10002625|200906|233731.56|1|041|319|||||6.250|0.00||||||||||||||||||||233731.56
F06Q10002625|200907|233446.56|0|042|318|||||6.250|0.00||||||||||||||||||||233446.56
F06Q10002625|200908|232872.11|0|043|317|||||6.250|0.00||||||||||||||||||||232872.11
F06Q10002625|200909|232872.11|1|044|316|||||6.250|0.00||||||||||||||||||||232872.11
F06Q10002625|200910|232872.11|2|045|315|||||6.250|0.00||||||||||||||||||||232872.11
F06Q10002625|200911|232872.11|0|046|314|||||6.250|0.00||||||||||||||||||||232872.11
F06Q10002625|200912|231999.16|1|047|313|||||6.250|0.00||||||||||||||||||||231999.16
F06Q10002625|201001|231999.16|2|048|312|||||6.250|0.00||||||||||||||||||||231999.16
F06Q10002625|201002|231999.16|2|049|311|||||6.250|0.00||||||||||||||||||||231999.16
F06Q10002625|201003|231705.14|2|050|310|||||6.250|0.00||||||||||||||||||||231705.14
F06Q10002625|201004|231409.59|2|051|309|||||6.250|0.00||||||||||||||||||||231409.59
F06Q10002625|201005|231112.50|3|052|308|||||6.250|0.00||||||||||||||||||||231112.50
F06Q10002625|201006|230813.86|2|053|307|||||6.250|0.00||||||||||||||||||||230813.86
F06Q10002625|201007|230513.67|3|054|306|||||6.250|0.00||||||||||||||||||||230513.67
F06Q10002625|201008|230513.67|3|055|305|||||6.250|0.00||||||||||||||||||||230513.67
F06Q10002625|201009|230211.91|3|056|304|||||6.250|0.00||||||||||||||||||||230211.91
F06Q10002625|201010|229908.58|4|057|303|||||6.250|0.00||||||||||||||||||||229908.58
F06Q10002625|201011|229908.58|5|058|302|||||6.250|0.00||||||||||||||||||||229908.58
F06Q10002625|201012|229908.58|6|059|301|||||6.250|0.00||||||||||||||||||||229908.58
F06Q10002625|201101|229297.17|5|060|300|||||6.250|0.00||||||||||||||||||||229297.17
F06Q10002625|201102|229297.17|6|061|299|||||6.250|0.00||||||||||||||||||||229297.17
F06Q10002625|201103|229297.17|7|062|298|||||6.250|0.00||||||||||||||||||||229297.17
F06Q10002625|201104|229297.17|8|063|297|||||6.250|0.00||||||||||||||||||||229297.17
F06Q10002625|201105|229297.17|9|064|296|||||6.250|0.00||||||||||||||||||||229297.17
F06Q10002625|201106|229297.17|10|065|295|||||6.250|0.00||||||||||||||||||||229297.17
F06Q10002625|201107|229297.17|11|066|294|||||6.250|0.00||||||||||||||||||||229297.17
F06Q10002625|201108|229297.17|12|067|293|||||6.250|0.00||||||||||||||||||||229297.17
F06Q10002625|201109|229297.17|13|068|292|||||6.250|0.00||||||||||||||||||||229297.17
F06Q10002625|201110|229297.17|14|069|291|||||6.250|0.00||||||||||||||||||||229297.17
F06Q10002625|201111|229297.17|15|070|290|||||6.250|0.00||||||||||||||||||||229297.17
F06Q10002625|201112|229297.17|16|071|289|||||6.250|0.00||||||||||||||||||||229297.17
F06Q10002625|201201|229297.17|17|072|288|||||6.250|0.00||||||||||||||||||||229297.17
F06Q10002625|201202|229297.17|18|073|287|||||6.250|0.00||||||||||||||||||||229297.17
F06Q10002625|201203|229297.17|19|074|286|||||6.250|0.00||||||||||||||||||||229297.17
F06Q10002625|201204|229297.17|20|075|285|||||6.250|0.00||||||||||||||||||||229297.17
F06Q10002625|201205|229297.17|21|076|284|||||6.250|0.00||||||||||||||||||||229297.17
F06Q10002625|201206|229297.17|22|077|283|||||6.250|0.00||||||||||||||||||||229297.17
F06Q10002625|201207|229297.17|23|078|282|||||6.250|0.00||||||||||||||||||||229297.17
F06Q10002625|201208|229297.17|24|079|281|||||6.250|0.00||||||||||||||||||||229297.17
F06Q10002625|201209|229297.17|25|080|280|||||6.250|0.00||||||||||||||||||||229297.17
F06Q10002625|201210|229297.17|26|081|279|||||6.250|0.00||||||||||||||||||||229297.17
F06Q10002625|201211|229297.17|27|082|278|||||6.250|0.00||||||||||||||||||||229297.17
F06Q10002625|201212|229297.17|28|083|277|||||6.250|0.00||||||||||||||||||||229297.17
F06Q10002625|201301|229297.17|29|084|276|||||6.250|0.00||||||||||||||||||||229297.17
F06Q10002625|201302|229297.17|30|085|275|||||6.250|0.00||||||||||||||||||||229297.17
F06Q10002625|201303|229297.17|RA|086|274|||||6.250|0.00||||||||||||||||||||229297.17
F06Q10002625|201304|229297.17|RA|087|273|||||6.250|0.00||||||||||||||||||||229297.17
F06Q10002625|201305|229297.17|RA|088|272|||||6.250|0.00||||||||||||||||||||229297.17
F06Q10002625|201306|229297.17|RA|089|271|||||6.250|0.00||||||||||||||||||||229297.17
F06Q10002625|201307|0.00|RA|090|270|||09|201307|6.250|0.00|201008|0.00|110497.86|7541.09|-35268.56|-4135.12|-3372.62|-26399.37|-1361.45|-185021.95|||||229297.17|38495.17||||0.00
F06Q10002638|200602|260000.00|0|000|360|||||6.250|0.00||||||||||||||||||||260000.00
F06Q10002638|200603|260000.00|0|001|359|||||6.250|0.00||||||||||||||||||||260000.00
F06Q10002638|200604|260000.00|0|002|358|||||6.250|0.00||||||||||||||||||||260000.00
F06Q10002638|200605|259000.00|0|003|357|||||6.250|0.00||||||||||||||||||||259000.00
F06Q10002638|200606|259000.00|0|004|356|||||6.250|0.00||||||||||||||||||||259000.00
F06Q10002638|200607|259000.00|0|005|355|||||6.250|0.00||||||||||||||||||||259000.00
F06Q10002638|200608|259000.00|0|006|354|||||6.250|0.00||||||||||||||||||||259000.00
F06Q10002638|200609|258245.94|0|007|353|||||6.250|0.00||||||||||||||||||||258245.94
F06Q10002638|200610|257990.11|0|008|352|||||6.250|0.00||||||||||||||||||||257990.11
F06Q10002638|200611|257732.95|0|009|351|||||6.250|0.00||||||||||||||||||||257732.95
F06Q10002638|200612|257474.45|0|010|350|||||6.250|0.00||||||||||||||||||||257474.45
F06Q10002638|200701|257214.60|0|011|349|||||6.250|0.00||||||||||||||||||||257214.60
F06Q10002638|200702|256953.40|0|012|348|||||6.250|0.00||||||||||||||||||||256953.40
F06Q10002638|200703|256690.84|0|013|347|||||6.250|0.00||||||||||||||||||||256690.84
F06Q10002638|200704|256426.91|0|014|346|||||6.250|0.00||||||||||||||||||||256426.91
F06Q10002638|200705|256161.61|0|015|345|||||6.250|0.00||||||||||||||||||||256161.61
F06Q10002638|200706|255894.92|0|016|344|||||6.250|0.00||||||||||||||||||||255894.92
F06Q10002638|200707|255626.85|0|017|343|||||6.250|0.00||||||||||||||||||||255626.85
F06Q10002638|200708|255357.38|0|018|342|||||6.250|0.00||||||||||||||||||||255357.38
F06Q10002638|200709|255086.51|0|019|341|||||6.250|0.00||||||||||||||||||||255086.51
F06Q10002638|200710|254814.23|0|020|340|||||6.250|0.00||||||||||||||||||||254814.23
F06Q10002638|200711|254540.53|0|021|339|||||6.250|0.00||||||||||||||||||||254540.53
F06Q10002638|200712|254265.40|0|022|338|||||6.250|0.00||||||||||||||||||||254265.40
F06Q10002638|200801|253988.84|0|023|337|||||6.250|0.00||||||||||||||||||||253988.84
F06Q10002638|200802|253710.84|0|024|336|||||6.250|0.00||||||||||||||||||||253710.84
F06Q10002638|200803|253431.39|0|025|335|||||6.250|0.00||||||||||||||||||||253431.39
F06Q10002638|200804|253431.39|0|026|334|||||6.250|0.00||||||||||||||||||||253431.39
F06Q10002638|200805|252868.12|0|027|333|||||6.250|0.00||||||||||||||||||||252868.12
F06Q10002638|200806|252584.28|0|028|332|||||6.250|0.00||||||||||||||||||||252584.28
F06Q10002638|200807|252298.96|0|029|331|||||6.250|0.00||||||||||||||||||||252298.96
F06Q10002638|200808|252012.16|0|030|330|||||6.250|0.00||||||||||||||||||||252012.16
F06Q10002638|200809|252012.16|1|031|329|||||6.250|0.00||||||||||||||||||||252012.16
F06Q10002638|200810|251434.06|0|032|328|||||6.250|0.00||||||||||||||||||||251434.06
F06Q10002638|200811|251142.75|0|033|327|||||6.250|0.00||||||||||||||||||||251142.75
F06Q10002638|200812|250849.93|0|034|326|||||6.250|0.00||||||||||||||||||||250849.93
F06Q10002638|200901|250555.58|0|035|325|||||6.250|0.00||||||||||||||||||||250555.58
F06Q10002638|200902|250259.70|0|036|324|||||6.250|0.00||||||||||||||||||||250259.70
F06Q10002638|200903|249962.28|0|037|323|||||6.250|0.00||||||||||||||||||||249962.28
F06Q10002638|200904|249663.31|0|038|322|||||6.250|0.00||||||||||||||||||||249663.31
F06Q10002638|200905|249362.78|0|039|321|||||6.250|0.00||||||||||||||||||||249362.78
F06Q10002638|200906|249060.68|0|040|320|||||6.250|0.00||||||||||||||||||||249060.68
F06Q10002638|200907|248757.01|0|041|319|||||6.250|0.00||||||||||||||||||||248757.01
F06Q10002638|200908|248451.76|0|042|318|||||6.250|0.00||||||||||||||||||||248451.76
F06Q10002638|200909|248144.92|0|043|317|||||6.250|0.00||||||||||||||||||||248144.92
F06Q10002638|200910|247836.48|0|044|316|||||6.250|0.00||||||||||||||||||||247836.48
F06Q10002638|200911|247526.44|0|045|315|||||6.250|0.00||||||||||||||||||||247526.44
F06Q10002638|200912|247214.78|0|046|314|||||6.250|0.00||||||||||||||||||||247214.78
F06Q10002638|201001|246901.50|0|047|313|||||6.250|0.00||||||||||||||||||||246901.50
F06Q10002638|201002|246586.59|0|048|312|||||6.250|0.00||||||||||||||||||||246586.59
F06Q10002638|201003|246270.04|0|049|311|||||6.250|0.00||||||||||||||||||||246270.04
F06Q10002638|201004|245951.84|0|050|310|||||6.250|0.00||||||||||||||||||||245951.84
F06Q10002638|201005|245631.98|0|051|309|||||6.250|0.00||||||||||||||||||||245631.98
F06Q10002638|201006|245310.45|0|052|308|||||6.250|0.00||||||||||||||||||||245310.45
F06Q10002638|201007|244987.25|0|053|307|||||6.250|0.00||||||||||||||||||||244987.25
F06Q10002638|201008|244662.37|0|054|306|||||6.250|0.00||||||||||||||||||||244662.37
F06Q10002638|201009|244335.79|0|055|305|||||6.250|0.00||||||||||||||||||||244335.79
F06Q10002638|201010|244007.51|0|056|304|||||6.250|0.00||||||||||||||||||||244007.51
F06Q10002638|201011|243677.52|0|057|303|||||6.250|0.00||||||||||||||||||||243677.52
F06Q10002638|201012|243345.81|0|058|302|||||6.250|0.00||||||||||||||||||||243345.81
F06Q10002638|201101|243012.38|0|059|301|||||6.250|0.00||||||||||||||||||||243012.38
F06Q10002638|201102|242677.21|0|060|300|||||6.250|0.00||||||||||||||||||||242677.21
F06Q10002638|201103|242340.29|0|061|299|||||6.250|0.00||||||||||||||||||||242340.29
F06Q10002638|201104|242001.62|0|062|298|||||6.250|0.00||||||||||||||||||||242001.62
F06Q10002638|201105|241661.19|0|063|297|||||6.250|0.00||||||||||||||||||||241661.19
F06Q10002638|201106|241318.98|0|064|296|||||6.250|0.00||||||||||||||||||||241318.98
F06Q10002638|201107|240974.99|0|065|295|||||6.250|0.00||||||||||||||||||||240974.99
F06Q10002638|201108|240629.21|0|066|294|||||6.250|0.00||||||||||||||||||||240629.21
F06Q10002638|201109|240281.63|0|067|293|||||6.250|0.00||||||||||||||||||||240281.63
F06Q10002638|201110|239932.24|0|068|292|||||6.250|0.00||||||||||||||||||||239932.24
F06Q10002638|201111|239581.03|0|069|291|||||6.250|0.00||||||||||||||||||||239581.03
F06Q10002638|201112|239227.99|0|070|290|||||6.250|0.00||||||||||||||||||||239227.99
F06Q10002638|201201|238873.11|0|071|289|||||6.250|0.00||||||||||||||||||||238873.11
F06Q10002638|201202|238516.38|0|072|288|||||6.250|0.00||||||||||||||||||||238516.38
F06Q10002638|201203|238157.79|0|073|287|||||6.250|0.00||||||||||||||||||||238157.79
F06Q10002638|201204|237797.34|0|074|286|||||6.250|0.00||||||||||||||||||||237797.34
F06Q10002638|201205|237435.01|0|075|285|||||6.250|0.00||||||||||||||||||||237435.01
F06Q10002638|201206|237070.79|0|076|284|||||6.250|0.00||||||||||||||||||||237070.79
F06Q10002638|201207|236704.67|0|077|283|||||6.250|0.00||||||||||||||||||||236704.67
F06Q10002638|201208|236336.65|0|078|282|||||6.250|0.00||||||||||||||||||||236336.65
F06Q10002638|201209|235966.71|0|079|281|||||6.250|0.00||||||||||||||||||||235966.71
F06Q10002638|201210|235594.84|0|080|280|||||6.250|0.00||||||||||||||||||||235594.84
F06Q10002638|201211|235221.04|0|081|279|||||6.250|0.00||||||||||||||||||||235221.04
F06Q10002638|201212|235221.04|0|082|278|||||6.250|0.00||||||||||||||||||||235221.04
F06Q10002638|201301|234467.58|0|083|277|||||6.250|0.00||||||||||||||||||||234467.58
F06Q10002638|201302|234087.91|0|084|276|||||6.250|0.00||||||||||||||||||||234087.91
F06Q10002638|201303|0.00|0|085|275|||01|201303|6.250|0.00|||||||||||||||234087.91|||||0.00
F06Q10002666|200602|211000.00|0|000|360|||||6.250|0.00||||||||||||||||||||211000.00
F06Q10002666|200603|210000.00|0|001|359|||||6.250|0.00||||||||||||||||||||210000.00
F06Q10002666|200604|210000.00|0|002|358|||||6.250|0.00||||||||||||||||||||210000.00
F06Q10002666|200605|210000.00|0|003|357|||||6.250|0.00||||||||||||||||||||210000.00
F06Q10002666|200606|210000.00|0|004|356|||||6.250|0.00||||||||||||||||||||210000.00
F06Q10002666|200607|209000.00|0|005|355|||||6.250|0.00||||||||||||||||||||209000.00
F06Q10002666|200608|209000.00|0|006|354|||||6.250|0.00||||||||||||||||||||209000.00
F06Q10002666|200609|209079.88|0|007|353|||||6.250|0.00||||||||||||||||||||209079.88
F06Q10002666|200610|208872.76|0|008|352|||||6.250|0.00||||||||||||||||||||208872.76
F06Q10002666|200611|208664.56|0|009|351|||||6.250|0.00||||||||||||||||||||208664.56
F06Q10002666|200612|208455.27|0|010|350|||||6.250|0.00||||||||||||||||||||208455.27
F06Q10002666|200701|208244.89|0|011|349|||||6.250|0.00||||||||||||||||||||208244.89
F06Q10002666|200702|208033.42|0|012|348|||||6.250|0.00||||||||||||||||||||208033.42
F06Q10002666|200703|207820.85|0|013|347|||||6.250|0.00||||||||||||||||||||207820.85
F06Q10002666|200704|207607.17|0|014|346|||||6.250|0.00||||||||||||||||||||207607.17
F06Q10002666|200705|207392.38|0|015|345|||||6.250|0.00||||||||||||||||||||207392.38
F06Q10002666|200706|207176.47|0|016|344|||||6.250|0.00||||||||||||||||||||207176.47
F06Q10002666|200707|206959.43|0|017|343|||||6.250|0.00||||||||||||||||||||206959.43
F06Q10002666|200708|206741.26|0|018|342|||||6.250|0.00||||||||||||||||||||206741.26
F06Q10002666|200709|206521.96|0|019|341|||||6.250|0.00||||||||||||||||||||206521.96
F06Q10002666|200710|206301.52|0|020|340|||||6.250|0.00||||||||||||||||||||206301.52
F06Q10002666|200711|206079.93|0|021|339|||||6.250|0.00||||||||||||||||||||206079.93
F06Q10002666|200712|205857.18|0|022|338|||||6.250|0.00||||||||||||||||||||205857.18
F06Q10002666|200801|205633.27|0|023|337|||||6.250|0.00||||||||||||||||||||205633.27
F06Q10002666|200802|205408.20|0|024|336|||||6.250|0.00||||||||||||||||||||205408.20
F06Q10002666|200803|205181.95|0|025|335|||||6.250|0.00||||||||||||||||||||205181.95
F06Q10002666|200804|204954.53|0|026|334|||||6.250|0.00||||||||||||||||||||204954.53
F06Q10002666|200805|204725.92|0|027|333|||||6.250|0.00||||||||||||||||||||204725.92
F06Q10002666|200806|204496.12|0|028|332|||||6.250|0.00||||||||||||||||||||204496.12
F06Q10002666|200807|204265.12|0|029|331|||||6.250|0.00||||||||||||||||||||204265.12
F06Q10002666|200808|204032.92|0|030|330|||||6.250|0.00||||||||||||||||||||204032.92
F06Q10002666|200809|203799.51|0|031|329|||||6.250|0.00||||||||||||||||||||203799.51
F06Q10002666|200810|203564.89|0|032|328|||||6.250|0.00||||||||||||||||||||203564.89
F06Q10002666|200811|203329.04|0|033|327|||||6.250|0.00||||||||||||||||||||203329.04
F06Q10002666|200812|203091.97|0|034|326|||||6.250|0.00||||||||||||||||||||203091.97
F06Q10002666|200901|202853.66|0|035|325|||||6.250|0.00||||||||||||||||||||202853.66
F06Q10002666|200902|202614.11|0|036|324|||||6.250|0.00||||||||||||||||||||202614.11
F06Q10002666|200903|202373.31|0|037|323|||||6.250|0.00||||||||||||||||||||202373.31
F06Q10002666|200904|202131.26|0|038|322|||||6.250|0.00||||||||||||||||||||202131.26
F06Q10002666|200905|201887.95|0|039|321|||||6.250|0.00||||||||||||||||||||201887.95
F06Q10002666|200906|201643.37|0|040|320|||||6.250|0.00||||||||||||||||||||201643.37
F06Q10002666|200907|201397.52|0|041|319|||||6.250|0.00||||||||||||||||||||201397.52
F06Q10002666|200908|201150.39|0|042|318|||||6.250|0.00||||||||||||||||||||201150.39
F06Q10002666|200909|200901.97|0|043|317|||||6.250|0.00||||||||||||||||||||200901.97
F06Q10002666|200910|200652.25|0|044|316|||||6.250|0.00||||||||||||||||||||200652.25
F06Q10002666|200911|200401.23|0|045|315|||||6.250|0.00||||||||||||||||||||200401.23
F06Q10002666|200912|200148.91|0|046|314|||||6.250|0.00||||||||||||||||||||200148.91
F06Q10002666|201001|199895.27|0|047|313|||||6.250|0.00||||||||||||||||||||199895.27
F06Q10002666|201002|199640.31|0|048|312|||||6.250|0.00||||||||||||||||||||199640.31
F06Q10002666|201003|199384.02|0|049|311|||||6.250|0.00||||||||||||||||||||199384.02
F06Q10002666|201004|199126.40|0|050|310|||||6.250|0.00||||||||||||||||||||199126.40
F06Q10002666|201005|198867.44|0|051|309|||||6.250|0.00||||||||||||||||||||198867.44
F06Q10002666|201006|198607.13|0|052|308|||||6.250|0.00||||||||||||||||||||198607.13
F06Q10002666|201007|198345.46|0|053|307|||||6.250|0.00||||||||||||||||||||198345.46
F06Q10002666|201008|198082.43|0|054|306|||||6.250|0.00||||||||||||||||||||198082.43
F06Q10002666|201009|197818.03|0|055|305|||||6.250|0.00||||||||||||||||||||197818.03
F06Q10002666|201010|197552.25|0|056|304|||||6.250|0.00||||||||||||||||||||197552.25
F06Q10002666|201011|197285.09|0|057|303|||||6.250|0.00||||||||||||||||||||197285.09
F06Q10002666|201012|197016.54|0|058|302|||||6.250|0.00||||||||||||||||||||197016.54
F06Q10002666|201101|196746.59|0|059|301|||||6.250|0.00||||||||||||||||||||196746.59
F06Q10002666|201102|196475.23|0|060|300|||||6.250|0.00||||||||||||||||||||196475.23
F06Q10002666|201103|196202.46|0|061|299|||||6.250|0.00||||||||||||||||||||196202.46
F06Q10002666|201104|195928.27|0|062|298|||||6.250|0.00||||||||||||||||||||195928.27
F06Q10002666|201105|195652.65|0|063|297|||||6.250|0.00||||||||||||||||||||195652.65
F06Q10002666|201106|195375.59|0|064|296|||||6.250|0.00||||||||||||||||||||195375.59
F06Q10002666|201107|195097.09|0|065|295|||||6.250|0.00||||||||||||||||||||195097.09
F06Q10002666|201108|194817.14|0|066|294|||||6.250|0.00||||||||||||||||||||194817.14
F06Q10002666|201109|194535.73|0|067|293|||||6.250|0.00||||||||||||||||||||194535.73
F06Q10002666|201110|0.00|0|068|292|||01|201110|6.250|0.00|||||||||||||||194535.73|||||0.00
F06Q10002680|200602|81000.00|0|000|360|||||6.450|0.00||||||||||||||||||||81000.00
F06Q10002680|200603|80000.00|0|001|359|||||6.450|0.00||||||||||||||||||||80000.00
F06Q10002680|200604|80000.00|0|002|358|||||6.450|0.00||||||||||||||||||||80000.00
F06Q10002680|200605|80000.00|0|003|357|||||6.450|0.00||||||||||||||||||||80000.00
F06Q10002680|200606|80000.00|0|004|356|||||6.450|0.00||||||||||||||||||||80000.00
F06Q10002680|200607|80000.00|0|005|355|||||6.450|0.00||||||||||||||||||||80000.00
F06Q10002680|200608|80000.00|0|006|354|||||6.450|0.00||||||||||||||||||||80000.00
F06Q10002680|200609|79977.26|0|007|353|||||6.450|0.00||||||||||||||||||||79977.26
F06Q10002680|200610|79900.97|0|008|352|||||6.450|0.00||||||||||||||||||||79900.97
F06Q10002680|200611|79824.27|0|009|351|||||6.450|0.00||||||||||||||||||||79824.27
F06Q10002680|200612|79747.16|0|010|350|||||6.450|0.00||||||||||||||||||||79747.16
F06Q10002680|200701|79669.63|0|011|349|||||6.450|0.00||||||||||||||||||||79669.63
F06Q10002680|200702|79591.68|0|012|348|||||6.450|0.00||||||||||||||||||||79591.68
F06Q10002680|200703|79513.32|0|013|347|||||6.450|0.00||||||||||||||||||||79513.32
F06Q10002680|200704|79434.53|0|014|346|||||6.450|0.00||||||||||||||||||||79434.53
F06Q10002680|200705|79355.32|0|015|345|||||6.450|0.00||||||||||||||||||||79355.32
F06Q10002680|200706|79275.68|0|016|344|||||6.450|0.00||||||||||||||||||||79275.68
F06Q10002680|200707|79195.62|0|017|343|||||6.450|0.00||||||||||||||||||||79195.62
F06Q10002680|200708|79115.13|0|018|342|||||6.450|0.00||||||||||||||||||||79115.13
F06Q10002680|200709|79034.20|0|019|341|||||6.450|0.00||||||||||||||||||||79034.20
F06Q10002680|200710|78952.84|0|020|340|||||6.450|0.00||||||||||||||||||||78952.84
F06Q10002680|200711|78871.04|0|021|339|||||6.450|0.00||||||||||||||||||||78871.04
F06Q10002680|200712|78788.80|0|022|338|||||6.450|0.00||||||||||||||||||||78788.80
F06Q10002680|200801|78706.12|0|023|337|||||6.450|0.00||||||||||||||||||||78706.12
F06Q10002680|200802|78623.00|0|024|336|||||6.450|0.00||||||||||||||||||||78623.00
F06Q10002680|200803|78539.43|0|025|335|||||6.450|0.00||||||||||||||||||||78539.43
F06Q10002680|200804|78455.41|0|026|334|||||6.450|0.00||||||||||||||||||||78455.41
F06Q10002680|200805|78370.94|0|027|333|||||6.450|0.00||||||||||||||||||||78370.94
F06Q10002680|200806|78286.01|0|028|332|||||6.450|0.00||||||||||||||||||||78286.01
F06Q10002680|200807|78200.63|0|029|331|||||6.450|0.00||||||||||||||||||||78200.63
F06Q10002680|200808|78114.79|0|030|330|||||6.450|0.00||||||||||||||||||||78114.79
F06Q10002680|200809|78028.49|0|031|329|||||6.450|0.00||||||||||||||||||||78028.49
F06Q10002680|200810|77941.72|0|032|328|||||6.450|0.00||||||||||||||||||||77941.72
F06Q10002680|200811|77854.49|0|033|327|||||6.450|0.00||||||||||||||||||||77854.49
F06Q10002680|200812|77766.79|0|034|326|||||6.450|0.00||||||||||||||||||||77766.79
F06Q10002680|200901|77678.62|0|035|325|||||6.450|0.00||||||||||||||||||||77678.62
F06Q10002680|200902|77589.97|0|036|324|||||6.450|0.00||||||||||||||||||||77589.97
F06Q10002680|200903|77500.85|0|037|323|||||6.450|0.00||||||||||||||||||||77500.85
F06Q10002680|200904|0.00|0|038|322|||01|200904|6.450|0.00|||||||||||||||77500.85|||||0.00
F06Q10002758|200602|66000.00|0|000|360|||||6.250|0.00||||||||||||||||||||66000.00
F06Q10002758|200603|66000.00|0|001|359|||||6.250|0.00||||||||||||||||||||66000.00
F06Q10002758|200604|66000.00|0|002|358|||||6.250|0.00||||||||||||||||||||66000.00
F06Q10002758|200605|66000.00|0|003|357|||||6.250|0.00||||||||||||||||||||66000.00
F06Q10002758|200606|66000.00|0|004|356|||||6.250|0.00||||||||||||||||||||66000.00
F06Q10002758|200607|66000.00|0|005|355|||||6.250|0.00||||||||||||||||||||66000.00
F06Q10002758|200608|66000.00|0|006|354|||||6.250|0.00||||||||||||||||||||66000.00
F06Q10002758|200609|65488.90|0|007|353|||||6.250|0.00||||||||||||||||||||65488.90
F06Q10002758|200610|65355.29|0|008|352|||||6.250|0.00||||||||||||||||||||65355.29
F06Q10002758|200611|65220.98|0|009|351|||||6.250|0.00||||||||||||||||||||65220.98
F06Q10002758|200612|65085.97|0|010|350|||||6.250|0.00||||||||||||||||||||65085.97
F06Q10002758|200701|64950.26|0|011|349|||||6.250|0.00||||||||||||||||||||64950.26
F06Q10002758|200702|64813.84|0|012|348|||||6.250|0.00||||||||||||||||||||64813.84
F06Q10002758|200703|64701.54|0|013|347|||||6.250|0.00||||||||||||||||||||64701.54
F06Q10002758|200704|64588.66|0|014|346|||||6.250|0.00||||||||||||||||||||64588.66
F06Q10002758|200705|64475.19|0|015|345|||||6.250|0.00||||||||||||||||||||64475.19
F06Q10002758|200706|64361.13|0|016|344|||||6.250|0.00||||||||||||||||||||64361.13
F06Q10002758|200707|64246.47|0|017|343|||||6.250|0.00||||||||||||||||||||64246.47
F06Q10002758|200708|64131.22|0|018|342|||||6.250|0.00||||||||||||||||||||64131.22
F06Q10002758|200709|64015.37|0|019|341|||||6.250|0.00||||||||||||||||||||64015.37
F06Q10002758|200710|63898.91|0|020|340|||||6.250|0.00||||||||||||||||||||63898.91
F06Q10002758|200711|63781.85|0|021|339|||||6.250|0.00||||||||||||||||||||63781.85
F06Q10002758|200712|63664.18|0|022|338|||||6.250|0.00||||||||||||||||||||63664.18
F06Q10002758|200801|63545.89|0|023|337|||||6.250|0.00||||||||||||||||||||63545.89
F06Q10002758|200802|63426.99|0|024|336|||||6.250|0.00||||||||||||||||||||63426.99
F06Q10002758|200803|63252.73|0|025|335|||||6.250|0.00||||||||||||||||||||63252.73
F06Q10002758|200804|63172.56|0|026|334|||||6.250|0.00||||||||||||||||||||63172.56
F06Q10002758|200805|63091.97|0|027|333|||||6.250|0.00||||||||||||||||||||63091.97
F06Q10002758|200806|63010.96|0|028|332|||||6.250|0.00||||||||||||||||||||63010.96
F06Q10002758|200807|62929.53|0|029|331|||||6.250|0.00||||||||||||||||||||62929.53
F06Q10002758|200808|62847.68|0|030|330|||||6.250|0.00||||||||||||||||||||62847.68
F06Q10002758|200809|62765.40|0|031|329|||||6.250|0.00||||||||||||||||||||62765.40
F06Q10002758|200810|62682.69|0|032|328|||||6.250|0.00||||||||||||||||||||62682.69
F06Q10002758|200811|62599.55|0|033|327|||||6.250|0.00||||||||||||||||||||62599.55
F06Q10002758|200812|62515.98|0|034|326|||||6.250|0.00||||||||||||||||||||62515.98
F06Q10002758|200901|62431.97|0|035|325|||||6.250|0.00||||||||||||||||||||62431.97
F06Q10002758|200902|62347.53|0|036|324|||||6.250|0.00||||||||||||||||||||62347.53
F06Q10002758|200903|62240.73|0|037|323|||||6.250|0.00||||||||||||||||||||62240.73
F06Q10002758|200904|62133.37|0|038|322|||||6.250|0.00||||||||||||||||||||62133.37
F06Q10002758|200905|62025.45|0|039|321|||||6.250|0.00||||||||||||||||||||62025.45
F06Q10002758|200906|61916.97|0|040|320|||||6.250|0.00||||||||||||||||||||61916.97
F06Q10002758|200907|61807.92|0|041|319|||||6.250|0.00||||||||||||||||||||61807.92
F06Q10002758|200908|61698.31|0|042|318|||||6.250|0.00||||||||||||||||||||61698.31
F06Q10002758|200909|61588.13|0|043|317|||||6.250|0.00||||||||||||||||||||61588.13
F06Q10002758|200910|61477.37|0|044|316|||||6.250|0.00||||||||||||||||||||61477.37
F06Q10002758|200911|61366.03|0|045|315|||||6.250|0.00||||||||||||||||||||61366.03
F06Q10002758|200912|61254.11|0|046|314|||||6.250|0.00||||||||||||||||||||61254.11
F06Q10002758|201001|61141.61|0|047|313|||||6.250|0.00||||||||||||||||||||61141.61
F06Q10002758|201002|61028.53|0|048|312|||||6.250|0.00||||||||||||||||||||61028.53
F06Q10002758|201003|60937.52|0|049|311|||||6.250|0.00||||||||||||||||||||60937.52
F06Q10002758|201004|60846.03|0|050|310|||||6.250|0.00||||||||||||||||||||60846.03
F06Q10002758|201005|60754.07|0|051|309|||||6.250|0.00||||||||||||||||||||60754.07
F06Q10002758|201006|60661.63|0|052|308|||||6.250|0.00||||||||||||||||||||60661.63
F06Q10002758|201007|60568.71|0|053|307|||||6.250|0.00||||||||||||||||||||60568.71
F06Q10002758|201008|60475.30|0|054|306|||||6.250|0.00||||||||||||||||||||60475.30
F06Q10002758|201009|60381.41|0|055|305|||||6.250|0.00||||||||||||||||||||60381.41
F06Q10002758|201010|60287.03|0|056|304|||||6.250|0.00||||||||||||||||||||60287.03
F06Q10002758|201011|60192.15|0|057|303|||||6.250|0.00||||||||||||||||||||60192.15
F06Q10002758|201012|60096.78|0|058|302|||||6.250|0.00||||||||||||||||||||60096.78
F06Q10002758|201101|60000.91|0|059|301|||||6.250|0.00||||||||||||||||||||60000.91
F06Q10002758|201102|59904.54|0|060|300|||||6.250|0.00||||||||||||||||||||59904.54
F06Q10002758|201103|59807.67|0|061|299|||||6.250|0.00||||||||||||||||||||59807.67
F06Q10002758|201104|59710.30|0|062|298|||||6.250|0.00||||||||||||||||||||59710.30
F06Q10002758|201105|59612.42|0|063|297|||||6.250|0.00||||||||||||||||||||59612.42
F06Q10002758|201106|59514.03|0|064|296|||||6.250|0.00||||||||||||||||||||59514.03
F06Q10002758|201107|59415.13|0|065|295|||||6.250|0.00||||||||||||||||||||59415.13
F06Q10002758|201108|59315.71|0|066|294|||||6.250|0.00||||||||||||||||||||59315.71
F06Q10002758|201109|59215.78|0|067|293|||||6.250|0.00||||||||||||||||||||59215.78
F06Q10002758|201110|59115.33|0|068|292|||||6.250|0.00||||||||||||||||||||59115.33
F06Q10002758|201111|59014.35|0|069|291|||||6.250|0.00||||||||||||||||||||59014.35
F06Q10002758|201112|58912.85|0|070|290|||||6.250|0.00||||||||||||||||||||58912.85
F06Q10002758|201201|58810.82|0|071|289|||||6.250|0.00||||||||||||||||||||58810.82
F06Q10002758|201202|58708.26|0|072|288|||||6.250|0.00||||||||||||||||||||58708.26
F06Q10002758|201203|58605.16|0|073|287|||||6.250|0.00||||||||||||||||||||58605.16
F06Q10002758|201204|58501.53|0|074|286|||||6.250|0.00||||||||||||||||||||58501.53
F06Q10002758|201205|58397.36|0|075|285|||||6.250|0.00||||||||||||||||||||58397.36
F06Q10002758|201206|58292.64|0|076|284|||||6.250|0.00||||||||||||||||||||58292.64
F06Q10002758|201207|58187.38|0|077|283|||||6.250|0.00||||||||||||||||||||58187.38
F06Q10002758|201208|58081.57|0|078|282|||||6.250|0.00||||||||||||||||||||58081.57
F06Q10002758|201209|57975.21|0|079|281|||||6.250|0.00||||||||||||||||||||57975.21
F06Q10002758|201210|57868.29|0|080|280|||||6.250|0.00||||||||||||||||||||57868.29
F06Q10002758|201211|57760.82|0|081|279|||||6.250|0.00||||||||||||||||||||57760.82
F06Q10002758|201212|57652.79|0|082|278|||||6.250|0.00||||||||||||||||||||57652.79
F06Q10002758|201301|57544.19|0|083|277|||||6.250|0.00||||||||||||||||||||57544.19
F06Q10002758|201302|57435.03|0|084|276|||||6.250|0.00||||||||||||||||||||57435.03
F06Q10002758|201303|57325.30|0|085|275|||||6.250|0.00||||||||||||||||||||57325.30
F06Q10002758|201304|57215.00|0|086|274|||||6.250|0.00||||||||||||||||||||57215.00
F06Q10002758|201305|57104.12|0|087|273|||||6.250|0.00||||||||||||||||||||57104.12
F06Q10002758|201306|56992.67|0|088|272|||||6.250|0.00||||||||||||||||||||56992.67
F06Q10002758|201307|56880.64|0|089|271|||||6.250|0.00||||||||||||||||||||56880.64
F06Q10002758|201308|56758.45|0|090|270|||||6.250|0.00||||||||||||||||||||56758.45
F06Q10002758|201309|56635.63|0|091|269|||||6.250|0.00||||||||||||||||||||56635.63
F06Q10002758|201310|56512.17|0|092|268|||||6.250|0.00||||||||||||||||||||56512.17
F06Q10002758|201311|56388.06|0|093|267|||||6.250|0.00||||||||||||||||||||56388.06
F06Q10002758|201312|56263.31|0|094|266|||||6.250|0.00||||||||||||||||||||56263.31
F06Q10002758|201401|56137.91|0|095|265|||||6.250|0.00||||||||||||||||||||56137.91
F06Q10002758|201402|56011.85|0|096|264|||||6.250|0.00||||||||||||||||||||56011.85
F06Q10002758|201403|55894.71|0|097|263|||||6.250|0.00||||||||||||||||||||55894.71
F06Q10002758|201404|55776.96|0|098|262|||||6.250|0.00||||||||||||||||||||55776.96
F06Q10002758|201405|55658.60|0|099|261|||||6.250|0.00||||||||||||||||||||55658.60
F06Q10002758|201406|55539.62|0|100|260|||||6.250|0.00||||||||||||||||||||55539.62
F06Q10002758|201407|55420.02|0|101|259|||||6.250|0.00||||||||||||||||||||55420.02
F06Q10002758|201408|55264.94|0|102|258|||||6.250|0.00||||||||||||||||||||55264.94
F06Q10002758|201409|55109.05|0|103|257|||||6.250|0.00||||||||||||||||||||55109.05
F06Q10002758|201410|54952.35|0|104|256|||||6.250|0.00||||||||||||||||||||54952.35
F06Q10002758|201411|54794.83|0|105|255|||||6.250|0.00||||||||||||||||||||54794.83
F06Q10002758|201412|54636.49|0|106|254|||||6.250|0.00||||||||||||||||||||54636.49
F06Q10002758|201501|54477.33|0|107|253|||||6.250|0.00||||||||||||||||||||54477.33
F06Q10002758|201502|54317.34|0|108|252|||||6.250|0.00||||||||||||||||||||54317.34
F06Q10002758|201503|54191.37|0|109|251|||||6.250|0.00||||||||||||||||||||54191.37
F06Q10002758|201504|34064.75|0|110|250|||||6.250|0.00||||||||||||||||||||34064.75
F06Q10002758|201505|33833.30|0|111|249|||||6.250|0.00||||||||||||||||||||33833.30
F06Q10002758|201506|0.00|0|112|248|||01|201506|6.250|0.00|||||||||||||||33833.30|||||0.00
F06Q10002794|200602|100000.00|0|000|180|||||5.750|0.00||||||||||||||||||||100000.00
F06Q10002794|200603|96000.00|0|001|179|||||5.750|0.00||||||||||||||||||||96000.00
F06Q10002794|200604|91000.00|0|002|178|||||5.750|0.00||||||||||||||||||||91000.00
F06Q10002794|200605|86000.00|0|003|177|||||5.750|0.00||||||||||||||||||||86000.00
F06Q10002794|200606|80000.00|0|004|176|||||5.750|0.00||||||||||||||||||||80000.00
F06Q10002794|200607|75000.00|0|005|175|||||5.750|0.00||||||||||||||||||||75000.00
F06Q10002794|200608|70000.00|0|006|174|||||5.750|0.00||||||||||||||||||||70000.00
F06Q10002794|200609|64051.81|0|007|173|||||5.750|0.00||||||||||||||||||||64051.81
F06Q10002794|200610|58528.31|0|008|172|||||5.750|0.00||||||||||||||||||||58528.31
F06Q10002794|200611|58528.31|0|009|171|||||5.750|0.00||||||||||||||||||||58528.31
F06Q10002794|200612|57425.75|0|010|170|||||5.750|0.00||||||||||||||||||||57425.75
F06Q10002794|200701|56870.51|0|011|169|||||5.750|0.00||||||||||||||||||||56870.51
F06Q10002794|200702|51312.60|0|012|168|||||5.750|0.00||||||||||||||||||||51312.60
F06Q10002794|200703|45728.06|0|013|167|||||5.750|0.00||||||||||||||||||||45728.06
F06Q10002794|200704|40116.76|0|014|166|||||5.750|0.00||||||||||||||||||||40116.76
F06Q10002794|200705|39478.58|0|015|165|||||5.750|0.00||||||||||||||||||||39478.58
F06Q10002794|200706|39478.58|0|016|164|||||5.750|0.00||||||||||||||||||||39478.58
F06Q10002794|200707|33151.51|0|017|163|||||5.750|0.00||||||||||||||||||||33151.51
F06Q10002794|200708|27479.95|0|018|162|||||5.750|0.00||||||||||||||||||||27479.95
F06Q10002794|200709|20781.21|0|019|161|||||5.750|0.00||||||||||||||||||||20781.21
F06Q10002794|200710|14050.38|0|020|160|||||5.750|0.00||||||||||||||||||||14050.38
F06Q10002794|200711|7287.29|0|021|159|||||5.750|0.00||||||||||||||||||||7287.29
F06Q10002794|200712|0.00|0|022|158|||01|200712|5.750|0.00|||||||||||||||7287.29|||||0.00
F06Q10002884|200602|80000.00|0|000|360|||||6.375|0.00||||||||||||||||||||80000.00
F06Q10002884|200603|80000.00|0|001|359|||||6.375|0.00||||||||||||||||||||80000.00
F06Q10002884|200604|80000.00|0|002|358|||||6.375|0.00||||||||||||||||||||80000.00
F06Q10002884|200605|80000.00|0|003|357|||||6.375|0.00||||||||||||||||||||80000.00
F06Q10002884|200606|80000.00|0|004|356|||||6.375|0.00||||||||||||||||||||80000.00
F06Q10002884|200607|80000.00|0|005|355|||||6.375|0.00||||||||||||||||||||80000.00
F06Q10002884|200608|79000.00|0|006|354|||||6.375|0.00||||||||||||||||||||79000.00
F06Q10002884|200609|79409.31|0|007|353|||||6.375|0.00||||||||||||||||||||79409.31
F06Q10002884|200610|79323.12|0|008|352|||||6.375|0.00||||||||||||||||||||79323.12
F06Q10002884|200611|79236.47|0|009|351|||||6.375|0.00||||||||||||||||||||79236.47
F06Q10002884|200612|79149.36|0|010|350|||||6.375|0.00||||||||||||||||||||79149.36
F06Q10002884|200701|79069.84|0|011|349|||||6.375|0.00||||||||||||||||||||79069.84
F06Q10002884|200702|78989.90|0|012|348|||||6.375|0.00||||||||||||||||||||78989.90
F06Q10002884|200703|78909.53|0|013|347|||||6.375|0.00||||||||||||||||||||78909.53
F06Q10002884|200704|78828.74|0|014|346|||||6.375|0.00||||||||||||||||||||78828.74
F06Q10002884|200705|78747.52|0|015|345|||||6.375|0.00||||||||||||||||||||78747.52
F06Q10002884|200706|78665.87|0|016|344|||||6.375|0.00||||||||||||||||||||78665.87
F06Q10002884|200707|78583.78|0|017|343|||||6.375|0.00||||||||||||||||||||78583.78
F06Q10002884|200708|78501.26|0|018|342|||||6.375|0.00||||||||||||||||||||78501.26
F06Q10002884|200709|78418.30|0|019|341|||||6.375|0.00||||||||||||||||||||78418.30
F06Q10002884|200710|78334.90|0|020|340|||||6.375|0.00||||||||||||||||||||78334.90
F06Q10002884|200711|78251.05|0|021|339|||||6.375|0.00||||||||||||||||||||78251.05
F06Q10002884|200712|78166.76|0|022|338|||||6.375|0.00||||||||||||||||||||78166.76
F06Q10002884|200801|78080.02|0|023|337|||||6.375|0.00||||||||||||||||||||78080.02
F06Q10002884|200802|77992.82|0|024|336|||||6.375|0.00||||||||||||||||||||77992.82
F06Q10002884|200803|77905.16|0|025|335|||||6.375|0.00||||||||||||||||||||77905.16
F06Q10002884|200804|77817.03|0|026|334|||||6.375|0.00||||||||||||||||||||77817.03
F06Q10002884|200805|77728.43|0|027|333|||||6.375|0.00||||||||||||||||||||77728.43
F06Q10002884|200806|77639.36|0|028|332|||||6.375|0.00||||||||||||||||||||77639.36
F06Q10002884|200807|77549.82|0|029|331|||||6.375|0.00||||||||||||||||||||77549.82
F06Q10002884|200808|77459.80|0|030|330|||||6.375|0.00||||||||||||||||||||77459.80
F06Q10002884|200809|77369.31|0|031|329|||||6.375|0.00||||||||||||||||||||77369.31
F06Q10002884|200810|77277.33|0|032|328|||||6.375|0.00||||||||||||||||||||77277.33
F06Q10002884|200811|77184.87|0|033|327|||||6.375|0.00||||||||||||||||||||77184.87
F06Q10002884|200812|77091.91|0|034|326|||||6.375|0.00||||||||||||||||||||77091.91
F06Q10002884|200901|76998.46|0|035|325|||||6.375|0.00||||||||||||||||||||76998.46
F06Q10002884|200902|76904.51|0|036|324|||||6.375|0.00||||||||||||||||||||76904.51
F06Q10002884|200903|76810.07|0|037|323|||||6.375|0.00||||||||||||||||||||76810.07
F06Q10002884|200904|76715.12|0|038|322|||||6.375|0.00||||||||||||||||||||76715.12
F06Q10002884|200905|76619.67|0|039|321|||||6.375|0.00||||||||||||||||||||76619.67
F06Q10002884|200906|76523.71|0|040|320|||||6.375|0.00||||||||||||||||||||76523.71
F06Q10002884|200907|76427.24|0|041|319|||||6.375|0.00||||||||||||||||||||76427.24
F06Q10002884|200908|76330.26|0|042|318|||||6.375|0.00||||||||||||||||||||76330.26
F06Q10002884|200909|76232.76|0|043|317|||||6.375|0.00||||||||||||||||||||76232.76
F06Q10002884|200910|76137.75|0|044|316|||||6.375|0.00||||||||||||||||||||76137.75
F06Q10002884|200911|76042.23|0|045|315|||||6.375|0.00||||||||||||||||||||76042.23
F06Q10002884|200912|75946.20|0|046|314|||||6.375|0.00||||||||||||||||||||75946.20
F06Q10002884|201001|75849.66|0|047|313|||||6.375|0.00||||||||||||||||||||75849.66
F06Q10002884|201002|75752.61|0|048|312|||||6.375|0.00||||||||||||||||||||75752.61
F06Q10002884|201003|75655.05|0|049|311|||||6.375|0.00||||||||||||||||||||75655.05
F06Q10002884|201004|75556.97|0|050|310|||||6.375|0.00||||||||||||||||||||75556.97
F06Q10002884|201005|75458.37|0|051|309|||||6.375|0.00||||||||||||||||||||75458.37
F06Q10002884|201006|75359.24|0|052|308|||||6.375|0.00||||||||||||||||||||75359.24
F06Q10002884|201007|75259.59|0|053|307|||||6.375|0.00||||||||||||||||||||75259.59
F06Q10002884|201008|75159.41|0|054|306|||||6.375|0.00||||||||||||||||||||75159.41
F06Q10002884|201009|75058.69|0|055|305|||||6.375|0.00||||||||||||||||||||75058.69
F06Q10002884|201010|0.00|0|056|304|||01|201010|6.375|0.00|||||||||||||||75058.69|||||0.00
F06Q10002912|200602|89000.00|0|000|360|||||6.500|0.00||||||||||||||||||||89000.00
F06Q10002912|200603|89000.00|0|001|359|||||6.500|0.00||||||||||||||||||||89000.00
F06Q10002912|200604|89000.00|0|002|358|||||6.500|0.00||||||||||||||||||||89000.00
F06Q10002912|200605|89000.00|0|003|357|||||6.500|0.00||||||||||||||||||||89000.00
F06Q10002912|200606|89000.00|0|004|356|||||6.500|0.00||||||||||||||||||||89000.00
F06Q10002912|200607|89000.00|0|005|355|||||6.500|0.00||||||||||||||||||||89000.00
F06Q10002912|200608|89000.00|0|006|354|||||6.500|0.00||||||||||||||||||||89000.00
F06Q10002912|200609|88427.57|0|007|353|||||6.500|0.00||||||||||||||||||||88427.57
F06Q10002912|200610|88344.01|0|008|352|||||6.500|0.00||||||||||||||||||||88344.01
F06Q10002912|200611|88260.00|0|009|351|||||6.500|0.00||||||||||||||||||||88260.00
F06Q10002912|200612|88175.54|0|010|350|||||6.500|0.00||||||||||||||||||||88175.54
F06Q10002912|200701|88090.62|0|011|349|||||6.500|0.00||||||||||||||||||||88090.62
F06Q10002912|200702|88005.24|0|012|348|||||6.500|0.00||||||||||||||||||||88005.24
F06Q10002912|200703|87919.40|0|013|347|||||6.500|0.00||||||||||||||||||||87919.40
F06Q10002912|200704|87833.09|0|014|346|||||6.500|0.00||||||||||||||||||||87833.09
F06Q10002912|200705|87746.31|0|015|345|||||6.500|0.00||||||||||||||||||||87746.31
F06Q10002912|200706|87659.06|0|016|344|||||6.500|0.00||||||||||||||||||||87659.06
F06Q10002912|200707|87571.34|0|017|343|||||6.500|0.00||||||||||||||||||||87571.34
F06Q10002912|200708|87483.14|0|018|342|||||6.500|0.00||||||||||||||||||||87483.14
F06Q10002912|200709|87394.47|0|019|341|||||6.500|0.00||||||||||||||||||||87394.47
F06Q10002912|200710|87305.32|0|020|340|||||6.500|0.00||||||||||||||||||||87305.32
F06Q10002912|200711|87215.68|0|021|339|||||6.500|0.00||||||||||||||||||||87215.68
F06Q10002912|200712|87125.56|0|022|338|||||6.500|0.00||||||||||||||||||||87125.56
F06Q10002912|200801|87034.95|0|023|337|||||6.500|0.00||||||||||||||||||||87034.95
F06Q10002912|200802|86943.85|0|024|336|||||6.500|0.00||||||||||||||||||||86943.85
F06Q10002912|200803|86852.26|0|025|335|||||6.500|0.00||||||||||||||||||||86852.26
F06Q10002912|200804|86760.17|0|026|334|||||6.500|0.00||||||||||||||||||||86760.17
F06Q10002912|200805|86667.58|0|027|333|||||6.500|0.00||||||||||||||||||||86667.58
F06Q10002912|200806|86574.49|0|028|332|||||6.500|0.00||||||||||||||||||||86574.49
F06Q10002912|200807|86480.90|0|029|331|||||6.500|0.00||||||||||||||||||||86480.90
F06Q10002912|200808|86386.80|0|030|330|||||6.500|0.00||||||||||||||||||||86386.80
F06Q10002912|200809|86292.19|0|031|329|||||6.500|0.00||||||||||||||||||||86292.19
F06Q10002912|200810|86197.07|0|032|328|||||6.500|0.00||||||||||||||||||||86197.07
F06Q10002912|200811|86101.43|0|033|327|||||6.500|0.00||||||||||||||||||||86101.43
F06Q10002912|200812|86005.27|0|034|326|||||6.500|0.00||||||||||||||||||||86005.27
F06Q10002912|200901|85908.59|0|035|325|||||6.500|0.00||||||||||||||||||||85908.59
F06Q10002912|200902|85811.39|0|036|324|||||6.500|0.00||||||||||||||||||||85811.39
F06Q10002912|200903|85713.66|0|037|323|||||6.500|0.00||||||||||||||||||||85713.66
F06Q10002912|200904|85432.39|0|038|322|||||6.500|0.00||||||||||||||||||||85432.39
F06Q10002912|200905|85232.29|0|039|321|||||6.500|0.00||||||||||||||||||||85232.29
F06Q10002912|200906|85131.42|0|040|320|||||6.500|0.00||||||||||||||||||||85131.42
F06Q10002912|200907|85030.01|0|041|319|||||6.500|0.00||||||||||||||||||||85030.01
F06Q10002912|200908|85030.01|0|042|318|||||6.500|0.00||||||||||||||||||||85030.01
F06Q10002912|200909|84928.05|0|043|317|||||6.500|0.00||||||||||||||||||||84928.05
F06Q10002912|200910|84825.54|0|044|316|||||6.500|0.00||||||||||||||||||||84825.54
F06Q10002912|200911|84722.47|0|045|315|||||6.500|0.00||||||||||||||||||||84722.47
F06Q10002912|200912|84618.84|0|046|314|||||6.500|0.00||||||||||||||||||||84618.84
F06Q10002912|201001|84514.65|0|047|313|||||6.500|0.00||||||||||||||||||||84514.65
F06Q10002912|201002|84409.90|0|048|312|||||6.500|0.00||||||||||||||||||||84409.90
F06Q10002912|201003|84304.58|0|049|311|||||6.500|0.00||||||||||||||||||||84304.58
F06Q10002912|201004|84198.69|0|050|310|||||6.500|0.00||||||||||||||||||||84198.69
F06Q10002912|201005|84092.23|0|051|309|||||6.500|0.00||||||||||||||||||||84092.23
F06Q10002912|201006|83985.19|0|052|308|||||6.500|0.00||||||||||||||||||||83985.19
F06Q10002912|201007|83769.37|0|053|307|||||6.500|0.00||||||||||||||||||||83769.37
F06Q10002912|201008|83660.58|0|054|306|||||6.500|0.00||||||||||||||||||||83660.58
F06Q10002912|201009|83551.20|0|055|305|||||6.500|0.00||||||||||||||||||||83551.20
F06Q10002912|201010|83551.20|0|056|304|||||6.500|0.00||||||||||||||||||||83551.20
F06Q10002912|201011|83441.23|0|057|303|||||6.500|0.00||||||||||||||||||||83441.23
F06Q10002912|201012|83330.66|1|058|302|||||6.500|0.00||||||||||||||||||||83330.66
F06Q10002912|201101|83330.66|1|059|301|||||6.500|0.00||||||||||||||||||||83330.66
F06Q10002912|201102|83219.49|1|060|300|||||6.500|0.00||||||||||||||||||||83219.49
F06Q10002912|201103|83107.72|0|061|299|||||6.500|0.00||||||||||||||||||||83107.72
F06Q10002912|201104|82712.42|0|062|298|||||6.500|0.00||||||||||||||||||||82712.42
F06Q10002912|201105|82597.91|0|063|297|||||6.500|0.00||||||||||||||||||||82597.91
F06Q10002912|201106|82482.78|0|064|296|||||6.500|0.00||||||||||||||||||||82482.78
F06Q10002912|201107|82367.02|0|065|295|||||6.500|0.00||||||||||||||||||||82367.02
F06Q10002912|201108|82250.63|0|066|294|||||6.500|0.00||||||||||||||||||||82250.63
F06Q10002912|201109|82133.61|0|067|293|||||6.500|0.00||||||||||||||||||||82133.61
F06Q10002912|201110|82015.96|0|068|292|||||6.500|0.00||||||||||||||||||||82015.96
F06Q10002912|201111|81897.67|0|069|291|||||6.500|0.00||||||||||||||||||||81897.67
F06Q10002912|201112|81778.74|0|070|290|||||6.500|0.00||||||||||||||||||||81778.74
F06Q10002912|201201|81659.17|0|071|289|||||6.500|0.00||||||||||||||||||||81659.17
F06Q10002912|201202|81659.17|0|072|288|||||6.500|0.00||||||||||||||||||||81659.17
F06Q10002912|201203|81538.95|0|073|287|||||6.500|0.00||||||||||||||||||||81538.95
F06Q10002912|201204|81418.08|0|074|286|||||6.500|0.00||||||||||||||||||||81418.08
F06Q10002912|201205|81296.55|0|075|285|||||6.500|0.00||||||||||||||||||||81296.55
F06Q10002912|201206|81174.37|0|076|284|||||6.500|0.00||||||||||||||||||||81174.37
F06Q10002912|201207|81051.52|0|077|283|||||6.500|0.00||||||||||||||||||||81051.52
F06Q10002912|201208|80928.01|0|078|282|||||6.500|0.00||||||||||||||||||||80928.01
F06Q10002912|201209|80678.98|0|079|281|||||6.500|0.00||||||||||||||||||||80678.98
F06Q10002912|201210|80678.98|0|080|280|||||6.500|0.00||||||||||||||||||||80678.98
F06Q10002912|201211|80427.24|0|081|279|||||6.500|0.00||||||||||||||||||||80427.24
F06Q10002912|201212|80300.35|0|082|278|||||6.500|0.00||||||||||||||||||||80300.35
F06Q10002912|201301|80172.77|0|083|277|||||6.500|0.00||||||||||||||||||||80172.77
F06Q10002912|201302|80044.50|0|084|276|||||6.500|0.00||||||||||||||||||||80044.50
F06Q10002912|201303|79915.53|0|085|275|||||6.500|0.00||||||||||||||||||||79915.53
F06Q10002912|201304|79785.87|0|086|274|||||6.500|0.00||||||||||||||||||||79785.87
F06Q10002912|201305|79655.50|0|087|273|||||6.500|0.00||||||||||||||||||||79655.50
F06Q10002912|201306|79524.43|0|088|272|||||6.500|0.00||||||||||||||||||||79524.43
F06Q10002912|201307|79392.65|0|089|271|||||6.500|0.00||||||||||||||||||||79392.65
F06Q10002912|201308|79260.15|0|090|270|||||6.500|0.00||||||||||||||||||||79260.15
F06Q10002912|201309|79126.94|0|091|269|||||6.500|0.00||||||||||||||||||||79126.94
F06Q10002912|201310|78993.00|0|092|268|||||6.500|0.00||||||||||||||||||||78993.00
F06Q10002912|201311|78858.34|0|093|267|||||6.500|0.00||||||||||||||||||||78858.34
F06Q10002912|201312|78858.34|0|094|266|||||6.500|0.00||||||||||||||||||||78858.34
F06Q10002912|201401|78722.95|0|095|265|||||6.500|0.00||||||||||||||||||||78722.95
F06Q10002912|201402|78449.97|0|096|264|||||6.500|0.00||||||||||||||||||||78449.97
F06Q10002912|201403|78312.37|0|097|263|||||6.500|0.00||||||||||||||||||||78312.37
F06Q10002912|201404|78174.02|0|098|262|||||6.500|0.00||||||||||||||||||||78174.02
F06Q10002912|201405|78034.92|0|099|261|||||6.500|0.00||||||||||||||||||||78034.92
F06Q10002912|201406|77895.07|0|100|260|||||6.500|0.00||||||||||||||||||||77895.07
F06Q10002912|201407|77754.46|0|101|259|||||6.500|0.00||||||||||||||||||||77754.46
F06Q10002912|201408|77613.09|0|102|258|||||6.500|0.00||||||||||||||||||||77613.09
F06Q10002912|201409|77470.95|0|103|257|||||6.500|0.00||||||||||||||||||||77470.95
F06Q10002912|201410|77328.04|0|104|256|||||6.500|0.00||||||||||||||||||||77328.04
F06Q10002912|201411|77184.36|0|105|255|||||6.500|0.00||||||||||||||||||||77184.36
F06Q10002912|201412|77039.90|0|106|254|||||6.500|0.00||||||||||||||||||||77039.90
F06Q10002912|201501|76894.66|0|107|253|||||6.500|0.00||||||||||||||||||||76894.66
F06Q10002912|201502|76748.63|0|108|252|||||6.500|0.00||||||||||||||||||||76748.63
F06Q10002912|201503|76601.81|0|109|251|||||6.500|0.00||||||||||||||||||||76601.81
F06Q10002912|201504|76454.20|0|110|250|||||6.500|0.00||||||||||||||||||||76454.20
F06Q10002912|201505|76305.79|0|111|249|||||6.500|0.00||||||||||||||||||||76305.79
F06Q10002912|201506|76156.57|0|112|248|||||6.500|0.00||||||||||||||||||||76156.57
F06Q10002912|201507|76006.54|0|113|247|||||6.500|0.00||||||||||||||||||||76006.54
F06Q10002912|201508|75855.70|0|114|246|||||6.500|0.00||||||||||||||||||||75855.70
F06Q10002912|201509|75704.05|0|115|245|||||6.500|0.00||||||||||||||||||||75704.05
F06Q10002912|201510|75704.05|0|116|244|||||6.500|0.00||||||||||||||||||||75704.05
F06Q10002912|201511|75398.27|0|117|243|||||6.500|0.00||||||||||||||||||||75398.27
F06Q10002912|201512|75244.14|0|118|242|||||6.500|0.00||||||||||||||||||||75244.14
F06Q10002912|201601|75089.17|0|119|241|||||6.500|0.00||||||||||||||||||||75089.17
F06Q10002912|201602|74933.36|0|120|240|||||6.500|0.00||||||||||||||||||||74933.36
F06Q10002912|201603|74776.71|0|121|239|||||6.500|0.00||||||||||||||||||||74776.71
F06Q10002912|201604|74619.21|0|122|238|||||6.500|0.00||||||||||||||||||||74619.21
F06Q10002912|201605|74460.86|0|123|237|||||6.500|0.00||||||||||||||||||||74460.86
F06Q10002912|201606|74301.65|0|124|236|||||6.500|0.00||||||||||||||||||||74301.65
F06Q10002912|201607|74141.58|0|125|235|||||6.500|0.00||||||||||||||||||||74141.58
F06Q10002912|201608|73980.64|0|126|234|||||6.500|0.00||||||||||||||||||||73980.64
F06Q10002912|201609|73980.64|0|127|233|||||6.500|0.00||||||||||||||||||||73980.64
F06Q10002912|201610|73656.14|0|128|232|||||6.500|0.00||||||||||||||||||||73656.14
F06Q10002912|201611|73492.57|0|129|231|||||6.500|0.00||||||||||||||||||||73492.57
F06Q10002912|201612|73492.57|0|130|230|||||6.500|0.00||||||||||||||||||||73492.57
F06Q10002912|201701|73162.76|0|131|229|||||6.500|0.00||||||||||||||||||||73162.76
F06Q10002912|201702|72996.52|0|132|228|||||6.500|0.00||||||||||||||||||||72996.52
F06Q10002912|201703|72829.38|0|133|227|||||6.500|0.00||||||||||||||||||||72829.38
F06Q10002912|201704|72661.33|0|134|226|||||6.500|0.00||||||||||||||55||||||72661.33
F06Q10002912|201705|72492.37|0|135|225|||||6.500|0.00||||||||||||||54||||||72492.37
F06Q10002912|201706|72322.50|0|136|224|||||6.500|0.00||||||||||||||54||||||72322.50
F06Q10002912|201707|72151.71|0|137|223|||||6.500|0.00||||||||||||||53||||||72151.71
F06Q10002912|201708|71979.99|0|138|222|||||6.500|0.00||||||||||||||51||||||71979.99
F06Q10002912|201709|71807.34|0|139|221|||||6.500|0.00||||||||||||||50||||||71807.34
F06Q10002912|201710|71633.76|0|140|220|||||6.500|0.00||||||||||||||50||||||71633.76
F06Q10002912|201711|71459.24|0|141|219|||||6.500|0.00||||||||||||||52||||||71459.24
F06Q10002912|201712|71283.77|0|142|218|||||6.500|0.00||||||||||||||56||||||71283.77
F06Q10002912|201801|71107.35|0|143|217|||||6.500|0.00||||||||||||||55||||||71107.35
F06Q10002912|201802|70929.97|0|144|216|||||6.500|0.00||||||||||||||53||||||70929.97
F06Q10002912|201803|70751.63|0|145|215|||||6.500|0.00||||||||||||||51||||||70751.63
F06Q10002912|201804|70572.33|0|146|214|||||6.500|0.00||||||||||||||50||||||70572.33
F06Q10002912|201805|70392.06|0|147|213|||||6.500|0.00||||||||||||||51||||||70392.06
F06Q10002912|201806|70210.81|0|148|212|||||6.500|0.00||||||||||||||52||||||70210.81
F06Q10002912|201807|70028.58|0|149|211|||||6.500|0.00||||||||||||||52||||||70028.58
F06Q10002912|201808|69845.36|0|150|210|||||6.500|0.00||||||||||||||51||||||69845.36
F06Q10002912|201809|69661.15|0|151|209|||||6.500|0.00||||||||||||||51||||||69661.15
F06Q10002912|201810|69475.94|0|152|208|||||6.500|0.00||||||||||||||50||||||69475.94
F06Q10002912|201811|69289.73|0|153|207|||||6.500|0.00||||||||||||||51||||||69289.73
F06Q10002912|201812|69102.51|0|154|206|||||6.500|0.00||||||||||||||51||||||69102.51
F06Q10002912|201901|68914.28|0|155|205|||||6.500|0.00||||||||||||||51||||||68914.28
F06Q10002912|201902|68725.03|0|156|204|||||6.500|0.00||||||||||||||50||||||68725.03
F06Q10002912|201903|68534.75|0|157|203|||||6.500|0.00||||||||||||||49||||||68534.75
F06Q10002912|201904|68343.44|0|158|202|||||6.500|0.00||||||||||||||48||||||68343.44
F06Q10002912|201905|68151.09|0|159|201|||||6.500|0.00||||||||||||||47||||||68151.09
F06Q10002912|201906|67957.70|0|160|200|||||6.500|0.00||||||||||||||45||||||67957.70
F06Q10002912|201907|67763.26|0|161|199|||||6.500|0.00||||||||||||||45||||||67763.26
F06Q10002912|201908|67567.77|0|162|198|||||6.500|0.00||||||||||||||44||||||67567.77
F06Q10002912|201909|67371.22|0|163|197|||||6.500|0.00||||||||||||||44||||||67371.22
F06Q10002912|201910|67166.15|0|164|196|||||6.500|0.00||||||||||||||45||||||67166.15
F06Q10002912|201911|66959.98|0|165|195|||||6.500|0.00||||||||||||||44||||||66959.98
F06Q10002912|201912|66760.16|0|166|194|||||6.500|0.00||||||||||||||44||||||66760.16
F06Q10002912|202001|66559.24|0|167|193|||||6.500|0.00||||||||||||||42||||||66559.24
F06Q10002912|202002|66349.77|0|168|192|||||6.500|0.00||||||||||||||41||||||66349.77
F06Q10002912|202003|66146.64|0|169|191|||||6.500|0.00||||||||||||||39||||||66146.64
F06Q10002912|202004|65942.39|0|170|190|||||6.500|0.00||||||||||||||38|||Y|F||65942.39
F06Q10002912|202005|65737.04|0|171|189|||||6.500|0.00||||||||||||||38|||Y|F||65737.04
F06Q10002912|202006|65260.87|0|172|188|||||6.500|0.00||||||||||||||38|||Y|F||65260.87
F06Q10002912|202007|65260.87|0|173|187|||||6.500|0.00||||||||||||||39|||Y|F||65260.87
F06Q10002912|202008|65051.83|0|174|186|||||6.500|0.00||||||||||||||39||||||65051.83
F06Q10002912|202009|64804.19|0|175|185|||||6.500|0.00||||||||||||||38||||||64804.19
F06Q10002912|202010|64592.67|0|176|184|||||6.500|0.00||||||||||||||38||||||64592.67
F06Q10002912|202011|64380.01|0|177|183|||||6.500|0.00||||||||||||||36||||||64380.01
F06Q10002912|202012|64166.20|0|178|182|||||6.500|0.00||||||||||||||35||||||64166.20
F06Q10002912|202101|63951.23|0|179|181|||||6.500|0.00||||||||||||||33||||||63951.23
F06Q10002912|202102|63735.09|0|180|180|||||6.500|0.00||||||||||||||36||||||63735.09
F06Q10002912|202103|63517.78|0|181|179|||||6.500|0.00||||||||||||||36||||||63517.78
F06Q10002912|202104|63299.29|0|182|178|||||6.500|0.00||||||||||||||34||||||63299.29
F06Q10002912|202105|0.00|0|183|177|||01|202105|6.500|0.00|202104|||||||||||||999|63299.29|||||0.00
F06Q10002974|200601|102000.00|0|000|360|||||6.375|0.00||||||||||||||||||||102000.00
F06Q10002974|200602|102000.00|0|001|359|||||6.375|0.00||||||||||||||||||||102000.00
F06Q10002974|200603|101000.00|0|002|358|||||6.375|0.00||||||||||||||||||||101000.00
F06Q10002974|200604|101000.00|0|003|357|||||6.375|0.00||||||||||||||||||||101000.00
F06Q10002974|200605|101000.00|0|004|356|||||6.375|0.00||||||||||||||||||||101000.00
F06Q10002974|200606|101000.00|0|005|355|||||6.375|0.00||||||||||||||||||||101000.00
F06Q10002974|200607|101000.00|0|006|354|||||6.375|0.00||||||||||||||||||||101000.00
F06Q10002974|200608|100980.40|0|007|353|||||6.375|0.00||||||||||||||||||||100980.40
F06Q10002974|200609|100882.70|0|008|352|||||6.375|0.00||||||||||||||||||||100882.70
F06Q10002974|200610|100784.48|0|009|351|||||6.375|0.00||||||||||||||||||||100784.48
F06Q10002974|200611|100685.74|0|010|350|||||6.375|0.00||||||||||||||||||||100685.74
F06Q10002974|200612|100586.47|0|011|349|||||6.375|0.00||||||||||||||||||||100586.47
F06Q10002974|200701|100486.68|0|012|348|||||6.375|0.00||||||||||||||||||||100486.68
F06Q10002974|200702|100386.36|0|013|347|||||6.375|0.00||||||||||||||||||||100386.36
F06Q10002974|200703|100285.50|0|014|346|||||6.375|0.00||||||||||||||||||||100285.50
F06Q10002974|200704|100184.11|0|015|345|||||6.375|0.00||||||||||||||||||||100184.11
F06Q10002974|200705|100082.18|0|016|344|||||6.375|0.00||||||||||||||||||||100082.18
F06Q10002974|200706|99979.71|0|017|343|||||6.375|0.00||||||||||||||||||||99979.71
F06Q10002974|200707|99876.69|0|018|342|||||6.375|0.00||||||||||||||||||||99876.69
F06Q10002974|200708|99773.12|0|019|341|||||6.375|0.00||||||||||||||||||||99773.12
F06Q10002974|200709|99669.00|0|020|340|||||6.375|0.00||||||||||||||||||||99669.00
F06Q10002974|200710|99564.33|0|021|339|||||6.375|0.00||||||||||||||||||||99564.33
F06Q10002974|200711|99459.11|0|022|338|||||6.375|0.00||||||||||||||||||||99459.11
F06Q10002974|200712|99353.33|0|023|337|||||6.375|0.00||||||||||||||||||||99353.33
F06Q10002974|200801|99246.98|0|024|336|||||6.375|0.00||||||||||||||||||||99246.98
F06Q10002974|200802|99140.07|0|025|335|||||6.375|0.00||||||||||||||||||||99140.07
F06Q10002974|200803|99032.59|0|026|334|||||6.375|0.00||||||||||||||||||||99032.59
F06Q10002974|200804|98924.54|0|027|333|||||6.375|0.00||||||||||||||||||||98924.54
F06Q10002974|200805|98815.92|0|028|332|||||6.375|0.00||||||||||||||||||||98815.92
F06Q10002974|200806|98706.72|0|029|331|||||6.375|0.00||||||||||||||||||||98706.72
F06Q10002974|200807|98596.94|0|030|330|||||6.375|0.00||||||||||||||||||||98596.94
F06Q10002974|200808|98486.58|0|031|329|||||6.375|0.00||||||||||||||||||||98486.58
F06Q10002974|200809|98375.63|0|032|328|||||6.375|0.00||||||||||||||||||||98375.63
F06Q10002974|200810|98264.09|0|033|327|||||6.375|0.00||||||||||||||||||||98264.09
F06Q10002974|200811|98151.96|0|034|326|||||6.375|0.00||||||||||||||||||||98151.96
F06Q10002974|200812|98039.23|0|035|325|||||6.375|0.00||||||||||||||||||||98039.23
F06Q10002974|200901|97925.90|0|036|324|||||6.375|0.00||||||||||||||||||||97925.90
F06Q10002974|200902|97811.97|0|037|323|||||6.375|0.00||||||||||||||||||||97811.97
F06Q10002974|200903|97697.44|0|038|322|||||6.375|0.00||||||||||||||||||||97697.44
F06Q10002974|200904|97582.30|0|039|321|||||6.375|0.00||||||||||||||||||||97582.30
F06Q10002974|200905|97466.55|0|040|320|||||6.375|0.00||||||||||||||||||||97466.55
F06Q10002974|200906|97350.18|0|041|319|||||6.375|0.00||||||||||||||||||||97350.18
F06Q10002974|200907|97233.19|0|042|318|||||6.375|0.00||||||||||||||||||||97233.19
F06Q10002974|200908|97115.58|0|043|317|||||6.375|0.00||||||||||||||||||||97115.58
F06Q10002974|200909|96997.35|0|044|316|||||6.375|0.00||||||||||||||||||||96997.35
F06Q10002974|200910|96878.49|0|045|315|||||6.375|0.00||||||||||||||||||||96878.49
F06Q10002974|200911|96759.00|0|046|314|||||6.375|0.00||||||||||||||||||||96759.00
F06Q10002974|200912|96638.87|0|047|313|||||6.375|0.00||||||||||||||||||||96638.87
F06Q10002974|201001|96518.10|0|048|312|||||6.375|0.00||||||||||||||||||||96518.10
F06Q10002974|201002|96396.69|0|049|311|||||6.375|0.00||||||||||||||||||||96396.69
F06Q10002974|201003|96274.64|0|050|310|||||6.375|0.00||||||||||||||||||||96274.64
F06Q10002974|201004|96151.94|0|051|309|||||6.375|0.00||||||||||||||||||||96151.94
F06Q10002974|201005|96028.59|0|052|308|||||6.375|0.00||||||||||||||||||||96028.59
F06Q10002974|201006|95904.58|0|053|307|||||6.375|0.00||||||||||||||||||||95904.58
F06Q10002974|201007|95779.91|0|054|306|||||6.375|0.00||||||||||||||||||||95779.91
F06Q10002974|201008|95654.58|0|055|305|||||6.375|0.00||||||||||||||||||||95654.58
F06Q10002974|201009|95528.58|0|056|304|||||6.375|0.00||||||||||||||||||||95528.58
F06Q10002974|201010|95401.92|0|057|303|||||6.375|0.00||||||||||||||||||||95401.92
F06Q10002974|201011|95274.58|0|058|302|||||6.375|0.00||||||||||||||||||||95274.58
F06Q10002974|201012|95146.57|0|059|301|||||6.375|0.00||||||||||||||||||||95146.57
F06Q10002974|201101|95017.88|0|060|300|||||6.375|0.00||||||||||||||||||||95017.88
F06Q10002974|201102|94888.50|0|061|299|||||6.375|0.00||||||||||||||||||||94888.50
F06Q10002974|201103|94758.44|0|062|298|||||6.375|0.00||||||||||||||||||||94758.44
F06Q10002974|201104|94627.68|0|063|297|||||6.375|0.00||||||||||||||||||||94627.68
F06Q10002974|201105|94496.23|0|064|296|||||6.375|0.00||||||||||||||||||||94496.23
F06Q10002974|201106|94364.08|0|065|295|||||6.375|0.00||||||||||||||||||||94364.08
F06Q10002974|201107|94231.23|0|066|294|||||6.375|0.00||||||||||||||||||||94231.23
F06Q10002974|201108|94097.67|0|067|293|||||6.375|0.00||||||||||||||||||||94097.67
F06Q10002974|201109|93963.40|0|068|292|||||6.375|0.00||||||||||||||||||||93963.40
F06Q10002974|201110|93828.42|0|069|291|||||6.375|0.00||||||||||||||||||||93828.42
F06Q10002974|201111|93692.72|0|070|290|||||6.375|0.00||||||||||||||||||||93692.72
F06Q10002974|201112|93556.30|0|071|289|||||6.375|0.00||||||||||||||||||||93556.30
F06Q10002974|201201|93419.16|0|072|288|||||6.375|0.00||||||||||||||||||||93419.16
F06Q10002974|201202|93281.29|0|073|287|||||6.375|0.00||||||||||||||||||||93281.29
F06Q10002974|201203|93142.69|0|074|286|||||6.375|0.00||||||||||||||||||||93142.69
F06Q10002974|201204|93003.35|0|075|285|||||6.375|0.00||||||||||||||||||||93003.35
F06Q10002974|201205|92863.27|0|076|284|||||6.375|0.00||||||||||||||||||||92863.27
F06Q10002974|201206|92722.45|0|077|283|||||6.375|0.00||||||||||||||||||||92722.45
F06Q10002974|201207|92580.88|0|078|282|||||6.375|0.00||||||||||||||||||||92580.88
F06Q10002974|201208|92438.56|0|079|281|||||6.375|0.00||||||||||||||||||||92438.56
F06Q10002974|201209|92295.48|0|080|280|||||6.375|0.00||||||||||||||||||||92295.48
F06Q10002974|201210|92151.64|0|081|279|||||6.375|0.00||||||||||||||||||||92151.64
F06Q10002974|201211|92007.04|0|082|278|||||6.375|0.00||||||||||||||||||||92007.04
F06Q10002974|201212|91861.67|0|083|277|||||6.375|0.00||||||||||||||||||||91861.67
F06Q10002974|201301|91715.53|0|084|276|||||6.375|0.00||||||||||||||||||||91715.53
F06Q10002974|201302|91568.61|0|085|275|||||6.375|0.00||||||||||||||||||||91568.61
F06Q10002974|201303|91420.91|0|086|274|||||6.375|0.00||||||||||||||||||||91420.91
F06Q10002974|201304|91272.42|0|087|273|||||6.375|0.00||||||||||||||||||||91272.42
F06Q10002974|201305|91123.14|0|088|272|||||6.375|0.00||||||||||||||||||||91123.14
F06Q10002974|201306|90973.07|0|089|271|||||6.375|0.00||||||||||||||||||||90973.07
F06Q10002974|201307|90822.20|0|090|270|||||6.375|0.00||||||||||||||||||||90822.20
F06Q10002974|201308|90670.53|0|091|269|||||6.375|0.00||||||||||||||||||||90670.53
F06Q10002974|201309|90518.06|0|092|268|||||6.375|0.00||||||||||||||||||||90518.06
F06Q10002974|201310|90364.78|0|093|267|||||6.375|0.00||||||||||||||||||||90364.78
F06Q10002974|201311|90210.68|0|094|266|||||6.375|0.00||||||||||||||||||||90210.68
F06Q10002974|201312|90055.76|0|095|265|||||6.375|0.00||||||||||||||||||||90055.76
F06Q10002974|201401|89900.02|0|096|264|||||6.375|0.00||||||||||||||||||||89900.02
F06Q10002974|201402|89743.45|0|097|263|||||6.375|0.00||||||||||||||||||||89743.45
F06Q10002974|201403|89586.05|0|098|262|||||6.375|0.00||||||||||||||||||||89586.05
F06Q10002974|201404|89427.82|0|099|261|||||6.375|0.00||||||||||||||||||||89427.82
F06Q10002974|201405|89268.75|0|100|260|||||6.375|0.00||||||||||||||||||||89268.75
F06Q10002974|201406|89108.83|0|101|259|||||6.375|0.00||||||||||||||||||||89108.83
F06Q10002974|201407|88948.06|0|102|258|||||6.375|0.00||||||||||||||||||||88948.06
F06Q10002974|201408|88786.44|0|103|257|||||6.375|0.00||||||||||||||||||||88786.44
F06Q10002974|201409|88623.96|0|104|256|||||6.375|0.00||||||||||||||||||||88623.96
F06Q10002974|201410|88460.61|0|105|255|||||6.375|0.00||||||||||||||||||||88460.61
F06Q10002974|201411|88296.40|0|106|254|||||6.375|0.00||||||||||||||||||||88296.40
F06Q10002974|201412|88131.31|0|107|253|||||6.375|0.00||||||||||||||||||||88131.31
F06Q10002974|201501|87965.35|0|108|252|||||6.375|0.00||||||||||||||||||||87965.35
F06Q10002974|201502|87798.51|0|109|251|||||6.375|0.00||||||||||||||||||||87798.51
F06Q10002974|201503|87630.78|0|110|250|||||6.375|0.00||||||||||||||||||||87630.78
F06Q10002974|201504|87462.16|0|111|249|||||6.375|0.00||||||||||||||||||||87462.16
F06Q10002974|201505|87292.64|0|112|248|||||6.375|0.00||||||||||||||||||||87292.64
F06Q10002974|201506|87122.22|0|113|247|||||6.375|0.00||||||||||||||||||||87122.22
F06Q10002974|201507|86950.90|0|114|246|||||6.375|0.00||||||||||||||||||||86950.90
F06Q10002974|201508|86778.67|0|115|245|||||6.375|0.00||||||||||||||||||||86778.67
F06Q10002974|201509|86605.52|0|116|244|||||6.375|0.00||||||||||||||||||||86605.52
F06Q10002974|201510|86431.45|0|117|243|||||6.375|0.00||||||||||||||||||||86431.45
F06Q10002974|201511|86256.46|0|118|242|||||6.375|0.00||||||||||||||||||||86256.46
F06Q10002974|201512|86080.54|0|119|241|||||6.375|0.00||||||||||||||||||||86080.54
F06Q10002974|201601|85903.68|0|120|240|||||6.375|0.00||||||||||||||||||||85903.68
F06Q10002974|201602|85725.88|0|121|239|||||6.375|0.00||||||||||||||||||||85725.88
F06Q10002974|201603|85547.14|0|122|238|||||6.375|0.00||||||||||||||||||||85547.14
F06Q10002974|201604|85367.45|0|123|237|||||6.375|0.00||||||||||||||||||||85367.45
F06Q10002974|201605|85186.80|0|124|236|||||6.375|0.00||||||||||||||||||||85186.80
F06Q10002974|201606|85005.19|0|125|235|||||6.375|0.00||||||||||||||||||||85005.19
F06Q10002974|201607|84822.62|0|126|234|||||6.375|0.00||||||||||||||||||||84822.62
F06Q10002974|201608|84639.08|0|127|233|||||6.375|0.00||||||||||||||||||||84639.08
F06Q10002974|201609|84454.57|0|128|232|||||6.375|0.00||||||||||||||||||||84454.57
F06Q10002974|201610|84269.07|0|129|231|||||6.375|0.00||||||||||||||||||||84269.07
F06Q10002974|201611|84082.59|0|130|230|||||6.375|0.00||||||||||||||||||||84082.59
F06Q10002974|201612|83895.12|0|131|229|||||6.375|0.00||||||||||||||||||||83895.12
F06Q10002974|201701|83706.65|0|132|228|||||6.375|0.00||||||||||||||||||||83706.65
F06Q10002974|201702|83517.18|0|133|227|||||6.375|0.00||||||||||||||||||||83517.18
F06Q10002974|201703|83326.71|0|134|226|||||6.375|0.00||||||||||||||||||||83326.71
F06Q10002974|201704|83135.22|0|135|225|||||6.375|0.00||||||||||||||71||||||83135.22
F06Q10002974|201705|82942.72|0|136|224|||||6.375|0.00||||||||||||||71||||||82942.72
F06Q10002974|201706|82749.19|0|137|223|||||6.375|0.00||||||||||||||70||||||82749.19
F06Q10002974|201707|82554.64|0|138|222|||||6.375|0.00||||||||||||||69||||||82554.64
F06Q10002974|201708|82359.05|0|139|221|||||6.375|0.00||||||||||||||69||||||82359.05
F06Q10002974|201709|82162.42|0|140|220|||||6.375|0.00||||||||||||||72||||||82162.42
F06Q10002974|201710|81964.75|0|141|219|||||6.375|0.00||||||||||||||72||||||81964.75
F06Q10002974|201711|81766.03|0|142|218|||||6.375|0.00||||||||||||||72||||||81766.03
F06Q10002974|201712|81566.25|0|143|217|||||6.375|0.00||||||||||||||74||||||81566.25
F06Q10002974|201801|81365.41|0|144|216|||||6.375|0.00||||||||||||||75||||||81365.41
F06Q10002974|201802|81163.50|0|145|215|||||6.375|0.00||||||||||||||73||||||81163.50
F06Q10002974|201803|80960.52|0|146|214|||||6.375|0.00||||||||||||||72||||||80960.52
F06Q10002974|201804|80756.46|0|147|213|||||6.375|0.00||||||||||||||69||||||80756.46
F06Q10002974|201805|80551.32|0|148|212|||||6.375|0.00||||||||||||||69||||||80551.32
F06Q10002974|201806|80345.09|0|149|211|||||6.375|0.00||||||||||||||68||||||80345.09
F06Q10002974|201807|80137.76|0|150|210|||||6.375|0.00||||||||||||||68||||||80137.76
F06Q10002974|201808|79929.33|0|151|209|||||6.375|0.00||||||||||||||69||||||79929.33
F06Q10002974|201809|79719.79|0|152|208|||||6.375|0.00||||||||||||||66||||||79719.79
F06Q10002974|201810|79509.14|0|153|207|||||6.375|0.00||||||||||||||66||||||79509.14
F06Q10002974|201811|79297.37|0|154|206|||||6.375|0.00||||||||||||||67||||||79297.37
F06Q10002974|201812|79084.48|0|155|205|||||6.375|0.00||||||||||||||67||||||79084.48
F06Q10002974|201901|78870.46|0|156|204|||||6.375|0.00||||||||||||||67||||||78870.46
F06Q10002974|201902|78655.30|0|157|203|||||6.375|0.00||||||||||||||67||||||78655.30
F06Q10002974|201903|78439.00|0|158|202|||||6.375|0.00||||||||||||||67||||||78439.00
F06Q10002974|201904|78221.55|0|159|201|||||6.375|0.00||||||||||||||64||||||78221.55
F06Q10002974|201905|78002.94|0|160|200|||||6.375|0.00||||||||||||||62||||||78002.94
F06Q10002974|201906|77783.17|0|161|199|||||6.375|0.00||||||||||||||62||||||77783.17
F06Q10002974|201907|77562.23|0|162|198|||||6.375|0.00||||||||||||||62||||||77562.23
F06Q10002974|201908|77340.12|0|163|197|||||6.375|0.00||||||||||||||63||||||77340.12
F06Q10002974|201909|77116.83|0|164|196|||||6.375|0.00||||||||||||||64||||||77116.83
F06Q10002974|201910|76892.35|0|165|195|||||6.375|0.00||||||||||||||65||||||76892.35
F06Q10002974|201911|76666.68|0|166|194|||||6.375|0.00||||||||||||||64||||||76666.68
F06Q10002974|201912|76439.81|0|167|193|||||6.375|0.00||||||||||||||62||||||76439.81
F06Q10002974|202001|76211.74|0|168|192|||||6.375|0.00||||||||||||||62||||||76211.74
F06Q10002974|202002|75982.45|0|169|191|||||6.375|0.00||||||||||||||61||||||75982.45
F06Q10002974|202003|75751.95|0|170|190|||||6.375|0.00||||||||||||||61||||||75751.95
F06Q10002974|202004|75520.22|0|171|189|||||6.375|0.00||||||||||||||59||||||75520.22
F06Q10002974|202005|75287.26|0|172|188|||||6.375|0.00||||||||||||||57||||||75287.26
F06Q10002974|202006|75053.06|0|173|187|||||6.375|0.00||||||||||||||56||||||75053.06
F06Q10002974|202007|74817.62|0|174|186|||||6.375|0.00||||||||||||||56||||||74817.62
F06Q10002974|202008|74580.93|0|175|185|||||6.375|0.00||||||||||||||56||||||74580.93
F06Q10002974|202009|74342.98|0|176|184|||||6.375|0.00||||||||||||||55||||||74342.98
F06Q10002974|202010|74103.77|0|177|183|||||6.375|0.00||||||||||||||55||||||74103.77
F06Q10002974|202011|73863.29|0|178|182|||||6.375|0.00||||||||||||||55||||||73863.29
F06Q10002974|202012|73621.53|0|179|181|||||6.375|0.00||||||||||||||53||||||73621.53
F06Q10002974|202101|73378.48|0|180|180|||||6.375|0.00||||||||||||||52||||||73378.48
F06Q10002974|202102|73134.14|0|181|179|||||6.375|0.00||||||||||||||51||||||73134.14
F06Q10002974|202103|72888.51|0|182|178|||||6.375|0.00||||||||||||||50||||||72888.51
F06Q10002974|202104|72641.57|0|183|177|||||6.375|0.00||||||||||||||51||||||72641.57
F06Q10002974|202105|72393.32|0|184|176|||||6.375|0.00||||||||||||||49||||||72393.32
F06Q10002974|202106|72143.75|0|185|175|||||6.375|0.00||||||||||||||43||||||72143.75
F06Q10002974|202107|71892.85|0|186|174|||||6.375|0.00||||||||||||||47||||||71892.85
F06Q10002974|202108|71640.62|0|187|173|||||6.375|0.00||||||||||||||45||||||71640.62
F06Q10002974|202109|71387.05|0|188|172|||||6.375|0.00||||||||||||||46||||||71387.05
F06Q10002974|202110|71132.13|0|189|171|||||6.375|0.00||||||||||||||45||||||71132.13
F06Q10002974|202111|70875.86|0|190|170|||||6.375|0.00||||||||||||||51||||||70875.86
F06Q10002974|202112|70618.23|0|191|169|||||6.375|0.00||||||||||||||45||||||70618.23
F06Q10002974|202201|70359.23|0|192|168|||||6.375|0.00||||||||||||||44||||||70359.23
F06Q10002974|202202|70098.85|0|193|167|||||6.375|0.00||||||||||||||45||||||70098.85
F06Q10002974|202203|69837.09|0|194|166|||||6.375|0.00||||||||||||||44||||||69837.09
F06Q10002974|202204|69573.94|0|195|165|||||6.375|0.00||||||||||||||39||||||69573.94
F06Q10002974|202205|69309.39|0|196|164|||||6.375|0.00||||||||||||||38||||||69309.39
F06Q10002974|202206|69043.44|0|197|163|||||6.375|0.00||||||||||||||37||||||69043.44
F06Q10002974|202207|68776.07|0|198|162|||||6.375|0.00||||||||||||||34||||||68776.07
F06Q10002974|202208|68507.28|0|199|161|||||6.375|0.00||||||||||||||34||||||68507.28
F06Q10002974|202209|68237.06|0|200|160|||||6.375|0.00||||||||||||||37||||||68237.06
F06Q10002974|202210|67965.41|0|201|159|||||6.375|0.00||||||||||||||37||||||67965.41
F06Q10002974|202211|67692.32|0|202|158|||||6.375|0.00||||||||||||||38||||||67692.32
F06Q10002974|202212|67417.78|0|203|157|||||6.375|0.00||||||||||||||41||||||67417.78
F06Q10002974|202301|67141.78|0|204|156|||||6.375|0.00||||||||||||||39||||||67141.78
F06Q10002974|202302|66864.31|0|205|155|||||6.375|0.00||||||||||||||39||||||66864.31
F06Q10002974|202303|66585.37|0|206|154|||||6.375|0.00||||||||||||||36||||||66585.37
F06Q10002974|202304|66304.94|0|207|153|||||6.375|0.00||||||||||||||35||||||66304.94
F06Q10002974|202305|66023.02|0|208|152|||||6.375|0.00||||||||||||||33||||||66023.02
F06Q10002974|202306|65739.61|0|209|151|||||6.375|0.00||||||||||||||35||||||65739.61
F06Q10002974|202307|65454.69|0|210|150|||||6.375|0.00||||||||||||||33||||||65454.69
F06Q10002974|202308|65168.26|0|211|149|||||6.375|0.00||||||||||||||35||||||65168.26
F06Q10002974|202309|64880.31|0|212|148|||||6.375|0.00||||||||||||||35||||||64880.31
F06Q10002974|202310|64590.83|0|213|147|||||6.375|0.00||||||||||||||32||||||64590.83
F06Q10002974|202311|64299.81|0|214|146|||||6.375|0.00||||||||||||||32||||||64299.81
F06Q10002974|202312|64007.24|0|215|145|||||6.375|0.00||||||||||||||34||||||64007.24
F06Q10002974|202401|63713.12|0|216|144|||||6.375|0.00||||||||||||||34||||||63713.12
F06Q10002974|202402|63417.44|0|217|143|||||6.375|0.00||||||||||||||33||||||63417.44
F06Q10002974|202403|63120.19|0|218|142|||||6.375|0.00||||||||||||||33||||||63120.19
F06Q10002974|202404|62821.36|0|219|141|||||6.375|0.00||||||||||||||30||||||62821.36
F06Q10002974|202405|62520.94|0|220|140|||||6.375|0.00||||||||||||||27||||||62520.94
F06Q10002974|202406|62218.92|0|221|139|||||6.375|0.00||||||||||||||28||||||62218.92
F06Q10002974|202407|61915.30|0|222|138|||||6.375|0.00||||||||||||||28||||||61915.30
F06Q10002974|202408|61610.07|0|223|137|||||6.375|0.00||||||||||||||29||||||61610.07
F06Q10002974|202409|61303.21|0|224|136|||||6.375|0.00||||||||||||||29||||||61303.21
F06Q10002974|202410|60994.72|0|225|135|||||6.375|0.00||||||||||||||29||||||60994.72
F06Q10002974|202411|60684.59|0|226|134|||||6.375|0.00||||||||||||||28||||||60684.59
F06Q10002974|202412|60372.82|0|227|133|||||6.375|0.00||||||||||||||28||||||60372.82
F06Q10002974|202501|60059.39|0|228|132|||||6.375|0.00||||||||||||||30||||||60059.39
F06Q10002974|202502|59744.30|0|229|131|||||6.375|0.00||||||||||||||29||||||59744.30
F06Q10002974|202503|59427.53|0|230|130|||||6.375|0.00||||||||||||||29||||||59427.53
F06Q10002974|202504|59109.08|0|231|129|||||6.375|0.00||||||||||||||28||||||59109.08
F06Q10002974|202505|58788.94|0|232|128|||||6.375|0.00||||||||||||||29||||||58788.94
F06Q10002974|202506|58467.10|0|233|127|||||6.375|0.00||||||||||||||28||||||58467.10
F06Q10002974|202507|58143.55|0|234|126|||||6.375|0.00||||||||||||||29||||||58143.55
F06Q10002974|202508|57818.28|0|235|125|||||6.375|0.00||||||||||||||28||||||57818.28
F06Q10002974|202509|57491.28|0|236|124|||||6.375|0.00||||||||||||||27||||||57491.28
F06Q10003054|200602|118000.00|0|000|360|||||6.875|0.00||||||||||||||||||||118000.00
F06Q10003054|200603|117000.00|0|001|359|||||6.875|0.00||||||||||||||||||||117000.00
F06Q10003054|200604|117000.00|0|002|358|||||6.875|0.00||||||||||||||||||||117000.00
F06Q10003054|200605|117000.00|0|003|357|||||6.875|0.00||||||||||||||||||||117000.00
F06Q10003054|200606|117000.00|0|004|356|||||6.875|0.00||||||||||||||||||||117000.00
F06Q10003054|200607|117000.00|0|005|355|||||6.875|0.00||||||||||||||||||||117000.00
F06Q10003054|200608|116000.00|0|006|354|||||6.875|0.00||||||||||||||||||||116000.00
F06Q10003054|200609|116382.87|0|007|353|||||6.875|0.00||||||||||||||||||||116382.87
F06Q10003054|200610|116382.87|0|008|352|||||6.875|0.00||||||||||||||||||||116382.87
F06Q10003054|200611|116170.72|0|009|351|||||6.875|0.00||||||||||||||||||||116170.72
F06Q10003054|200612|116063.73|0|010|350|||||6.875|0.00||||||||||||||||||||116063.73
F06Q10003054|200701|115956.13|0|011|349|||||6.875|0.00||||||||||||||||||||115956.13
F06Q10003054|200702|115847.91|0|012|348|||||6.875|0.00||||||||||||||||||||115847.91
F06Q10003054|200703|115739.07|0|013|347|||||6.875|0.00||||||||||||||||||||115739.07
F06Q10003054|200704|115629.61|0|014|346|||||6.875|0.00||||||||||||||||||||115629.61
F06Q10003054|200705|115519.52|0|015|345|||||6.875|0.00||||||||||||||||||||115519.52
F06Q10003054|200706|115408.80|0|016|344|||||6.875|0.00||||||||||||||||||||115408.80
F06Q10003054|200707|115297.45|0|017|343|||||6.875|0.00||||||||||||||||||||115297.45
F06Q10003054|200708|115185.46|0|018|342|||||6.875|0.00||||||||||||||||||||115185.46
F06Q10003054|200709|115072.83|0|019|341|||||6.875|0.00||||||||||||||||||||115072.83
F06Q10003054|200710|114959.55|0|020|340|||||6.875|0.00||||||||||||||||||||114959.55
F06Q10003054|200711|114818.17|0|021|339|||||6.875|0.00||||||||||||||||||||114818.17
F06Q10003054|200712|114675.98|0|022|338|||||6.875|0.00||||||||||||||||||||114675.98
F06Q10003054|200801|114532.98|0|023|337|||||6.875|0.00||||||||||||||||||||114532.98
F06Q10003054|200802|114389.16|0|024|336|||||6.875|0.00||||||||||||||||||||114389.16
F06Q10003054|200803|114244.51|0|025|335|||||6.875|0.00||||||||||||||||||||114244.51
F06Q10003054|200804|114099.04|0|026|334|||||6.875|0.00||||||||||||||||||||114099.04
F06Q10003054|200805|113952.73|0|027|333|||||6.875|0.00||||||||||||||||||||113952.73
F06Q10003054|200806|113805.58|0|028|332|||||6.875|0.00||||||||||||||||||||113805.58
F06Q10003054|200807|113657.59|0|029|331|||||6.875|0.00||||||||||||||||||||113657.59
F06Q10003054|200808|113536.20|0|030|330|||||6.875|0.00||||||||||||||||||||113536.20
F06Q10003054|200809|113414.12|0|031|329|||||6.875|0.00||||||||||||||||||||113414.12
F06Q10003054|200810|113291.34|0|032|328|||||6.875|0.00||||||||||||||||||||113291.34
F06Q10003054|200811|113167.85|0|033|327|||||6.875|0.00||||||||||||||||||||113167.85
F06Q10003054|200812|113043.66|0|034|326|||||6.875|0.00||||||||||||||||||||113043.66
F06Q10003054|200901|112918.76|0|035|325|||||6.875|0.00||||||||||||||||||||112918.76
F06Q10003054|200902|112793.14|0|036|324|||||6.875|0.00||||||||||||||||||||112793.14
F06Q10003054|200903|112666.80|0|037|323|||||6.875|0.00||||||||||||||||||||112666.80
F06Q10003054|200904|112539.74|0|038|322|||||6.875|0.00||||||||||||||||||||112539.74
F06Q10003054|200905|112411.95|0|039|321|||||6.875|0.00||||||||||||||||||||112411.95
F06Q10003054|200906|112283.43|0|040|320|||||6.875|0.00||||||||||||||||||||112283.43
F06Q10003054|200907|112154.17|0|041|319|||||6.875|0.00||||||||||||||||||||112154.17
F06Q10003054|200908|112024.17|0|042|318|||||6.875|0.00||||||||||||||||||||112024.17
F06Q10003054|200909|111893.43|0|043|317|||||6.875|0.00||||||||||||||||||||111893.43
F06Q10003054|200910|111761.94|0|044|316|||||6.875|0.00||||||||||||||||||||111761.94
F06Q10003054|200911|111629.69|0|045|315|||||6.875|0.00||||||||||||||||||||111629.69
F06Q10003054|200912|111496.69|0|046|314|||||6.875|0.00||||||||||||||||||||111496.69
F06Q10003054|201001|111362.92|0|047|313|||||6.875|0.00||||||||||||||||||||111362.92
F06Q10003054|201002|111228.39|0|048|312|||||6.875|0.00||||||||||||||||||||111228.39
F06Q10003054|201003|111093.09|0|049|311|||||6.875|0.00||||||||||||||||||||111093.09
F06Q10003054|201004|110957.01|0|050|310|||||6.875|0.00||||||||||||||||||||110957.01
F06Q10003054|201005|110820.15|0|051|309|||||6.875|0.00||||||||||||||||||||110820.15
F06Q10003054|201006|110682.51|0|052|308|||||6.875|0.00||||||||||||||||||||110682.51
F06Q10003054|201007|110544.08|0|053|307|||||6.875|0.00||||||||||||||||||||110544.08
F06Q10003054|201008|110404.86|0|054|306|||||6.875|0.00||||||||||||||||||||110404.86
F06Q10003054|201009|110264.84|0|055|305|||||6.875|0.00||||||||||||||||||||110264.84
F06Q10003054|201010|110124.02|0|056|304|||||6.875|0.00||||||||||||||||||||110124.02
F06Q10003054|201011|109982.39|0|057|303|||||6.875|0.00||||||||||||||||||||109982.39
F06Q10003054|201012|109839.95|0|058|302|||||6.875|0.00||||||||||||||||||||109839.95
F06Q10003054|201101|109696.69|0|059|301|||||6.875|0.00||||||||||||||||||||109696.69
F06Q10003054|201102|0.00|0|060|300|||01|201102|6.875|0.00|||||||||||||||109696.69|||||0.00
F06Q10003118|200602|80000.00|0|000|360|||||6.250|0.00||||||||||||||||||||80000.00
F06Q10003118|200603|80000.00|0|001|359|||||6.250|0.00||||||||||||||||||||80000.00
F06Q10003118|200604|80000.00|0|002|358|||||6.250|0.00||||||||||||||||||||80000.00
F06Q10003118|200605|80000.00|0|003|357|||||6.250|0.00||||||||||||||||||||80000.00
F06Q10003118|200606|80000.00|0|004|356|||||6.250|0.00||||||||||||||||||||80000.00
F06Q10003118|200607|80000.00|0|005|355|||||6.250|0.00||||||||||||||||||||80000.00
F06Q10003118|200608|80000.00|0|006|354|||||6.250|0.00||||||||||||||||||||80000.00
F06Q10003118|200609|79460.22|0|007|353|||||6.250|0.00||||||||||||||||||||79460.22
F06Q10003118|200610|79381.50|0|008|352|||||6.250|0.00||||||||||||||||||||79381.50
F06Q10003118|200611|79302.36|0|009|351|||||6.250|0.00||||||||||||||||||||79302.36
F06Q10003118|200612|79222.81|0|010|350|||||6.250|0.00||||||||||||||||||||79222.81
F06Q10003118|200701|79142.85|0|011|349|||||6.250|0.00||||||||||||||||||||79142.85
F06Q10003118|200702|79062.48|0|012|348|||||6.250|0.00||||||||||||||||||||79062.48
F06Q10003118|200703|78981.68|0|013|347|||||6.250|0.00||||||||||||||||||||78981.68
F06Q10003118|200704|78900.46|0|014|346|||||6.250|0.00||||||||||||||||||||78900.46
F06Q10003118|200705|78818.82|0|015|345|||||6.250|0.00||||||||||||||||||||78818.82
F06Q10003118|200706|78736.76|0|016|344|||||6.250|0.00||||||||||||||||||||78736.76
F06Q10003118|200707|78654.26|0|017|343|||||6.250|0.00||||||||||||||||||||78654.26
F06Q10003118|200708|78571.34|0|018|342|||||6.250|0.00||||||||||||||||||||78571.34
F06Q10003118|200709|78487.99|0|019|341|||||6.250|0.00||||||||||||||||||||78487.99
F06Q10003118|200710|78404.20|0|020|340|||||6.250|0.00||||||||||||||||||||78404.20
F06Q10003118|200711|78319.98|0|021|339|||||6.250|0.00||||||||||||||||||||78319.98
F06Q10003118|200712|78235.32|0|022|338|||||6.250|0.00||||||||||||||||||||78235.32
F06Q10003118|200801|78150.22|0|023|337|||||6.250|0.00||||||||||||||||||||78150.22
F06Q10003118|200802|78064.67|0|024|336|||||6.250|0.00||||||||||||||||||||78064.67
F06Q10003118|200803|77978.68|0|025|335|||||6.250|0.00||||||||||||||||||||77978.68
F06Q10003118|200804|77892.24|0|026|334|||||6.250|0.00||||||||||||||||||||77892.24
F06Q10003118|200805|77805.35|0|027|333|||||6.250|0.00||||||||||||||||||||77805.35
F06Q10003118|200806|77718.01|0|028|332|||||6.250|0.00||||||||||||||||||||77718.01
F06Q10003118|200807|77630.21|0|029|331|||||6.250|0.00||||||||||||||||||||77630.21
F06Q10003118|200808|77541.95|0|030|330|||||6.250|0.00||||||||||||||||||||77541.95
F06Q10003118|200809|77453.23|0|031|329|||||6.250|0.00||||||||||||||||||||77453.23
F06Q10003118|200810|77364.05|0|032|328|||||6.250|0.00||||||||||||||||||||77364.05
F06Q10003118|200811|77274.41|0|033|327|||||6.250|0.00||||||||||||||||||||77274.41
F06Q10003118|200812|77184.30|0|034|326|||||6.250|0.00||||||||||||||||||||77184.30
F06Q10003118|200901|77093.72|0|035|325|||||6.250|0.00||||||||||||||||||||77093.72
F06Q10003118|200902|77002.67|0|036|324|||||6.250|0.00||||||||||||||||||||77002.67
F06Q10003118|200903|76911.15|0|037|323|||||6.250|0.00||||||||||||||||||||76911.15
F06Q10003118|200904|76819.15|0|038|322|||||6.250|0.00||||||||||||||||||||76819.15
F06Q10003118|200905|76726.67|0|039|321|||||6.250|0.00||||||||||||||||||||76726.67
F06Q10003118|200906|76633.71|0|040|320|||||6.250|0.00||||||||||||||||||||76633.71
F06Q10003118|200907|76540.26|0|041|319|||||6.250|0.00||||||||||||||||||||76540.26
F06Q10003118|200908|76446.33|0|042|318|||||6.250|0.00||||||||||||||||||||76446.33
F06Q10003118|200909|76351.91|0|043|317|||||6.250|0.00||||||||||||||||||||76351.91
F06Q10003118|200910|76257.00|0|044|316|||||6.250|0.00||||||||||||||||||||76257.00
F06Q10003118|200911|76161.59|0|045|315|||||6.250|0.00||||||||||||||||||||76161.59
F06Q10003118|200912|76065.68|0|046|314|||||6.250|0.00||||||||||||||||||||76065.68
F06Q10003118|201001|75969.28|0|047|313|||||6.250|0.00||||||||||||||||||||75969.28
F06Q10003118|201002|75872.37|0|048|312|||||6.250|0.00||||||||||||||||||||75872.37
F06Q10003118|201003|75774.96|0|049|311|||||6.250|0.00||||||||||||||||||||75774.96
F06Q10003118|201004|75677.04|0|050|310|||||6.250|0.00||||||||||||||||||||75677.04
F06Q10003118|201005|75578.61|0|051|309|||||6.250|0.00||||||||||||||||||||75578.61
F06Q10003118|201006|75479.67|0|052|308|||||6.250|0.00||||||||||||||||||||75479.67
F06Q10003118|201007|75380.21|0|053|307|||||6.250|0.00||||||||||||||||||||75380.21
F06Q10003118|201008|75280.24|0|054|306|||||6.250|0.00||||||||||||||||||||75280.24
F06Q10003118|201009|75179.74|0|055|305|||||6.250|0.00||||||||||||||||||||75179.74
F06Q10003118|201010|75078.72|0|056|304|||||6.250|0.00||||||||||||||||||||75078.72
F06Q10003118|201011|74977.17|0|057|303|||||6.250|0.00||||||||||||||||||||74977.17
F06Q10003118|201012|74875.10|0|058|302|||||6.250|0.00||||||||||||||||||||74875.10
F06Q10003118|201101|74772.49|0|059|301|||||6.250|0.00||||||||||||||||||||74772.49
F06Q10003118|201102|74669.35|0|060|300|||||6.250|0.00||||||||||||||||||||74669.35
F06Q10003118|201103|74565.67|0|061|299|||||6.250|0.00||||||||||||||||||||74565.67
F06Q10003118|201104|74461.45|0|062|298|||||6.250|0.00||||||||||||||||||||74461.45
F06Q10003118|201105|74356.69|0|063|297|||||6.250|0.00||||||||||||||||||||74356.69
F06Q10003118|201106|74251.38|0|064|296|||||6.250|0.00||||||||||||||||||||74251.38
F06Q10003118|201107|74145.53|0|065|295|||||6.250|0.00||||||||||||||||||||74145.53
F06Q10003118|201108|74038.12|0|066|294|||||6.250|0.00||||||||||||||||||||74038.12
F06Q10003118|201109|73931.16|0|067|293|||||6.250|0.00||||||||||||||||||||73931.16
F06Q10003118|201110|73823.64|0|068|292|||||6.250|0.00||||||||||||||||||||73823.64
F06Q10003118|201111|73715.56|0|069|291|||||6.250|0.00||||||||||||||||||||73715.56
F06Q10003118|201112|73606.92|0|070|290|||||6.250|0.00||||||||||||||||||||73606.92
F06Q10003118|201201|73497.71|0|071|289|||||6.250|0.00||||||||||||||||||||73497.71
F06Q10003118|201202|73387.93|0|072|288|||||6.250|0.00||||||||||||||||||||73387.93
F06Q10003118|201203|73277.58|0|073|287|||||6.250|0.00||||||||||||||||||||73277.58
F06Q10003118|201204|73166.65|0|074|286|||||6.250|0.00||||||||||||||||||||73166.65
F06Q10003118|201205|72864.41|0|075|285|||||6.250|0.00||||||||||||||||||||72864.41
F06Q10003118|201206|72672.33|0|076|284|||||6.250|0.00||||||||||||||||||||72672.33
F06Q10003118|201207|72479.59|0|077|283|||||6.250|0.00||||||||||||||||||||72479.59
F06Q10003118|201208|72264.51|0|078|282|||||6.250|0.00||||||||||||||||||||72264.51
F06Q10003118|201209|72069.65|0|079|281|||||6.250|0.00||||||||||||||||||||72069.65
F06Q10003118|201210|71871.77|0|080|280|||||6.250|0.00||||||||||||||||||||71871.77
F06Q10003118|201211|71071.77|0|081|279|||||6.250|0.00||||||||||||||||||||71071.77
F06Q10003118|201212|70870.70|0|082|278|||||6.250|0.00||||||||||||||||||||70870.70
F06Q10003118|201301|70668.58|0|083|277|||||6.250|0.00||||||||||||||||||||70668.58
F06Q10003118|201302|0.00|0|084|276|||01|201302|6.250|0.00|||||||||||||||70668.58|||||0.00
F06Q10003134|200601|272000.00|0|000|360|||||6.375|0.00||||||||||||||||||||272000.00
F06Q10003134|200602|272000.00|0|001|359|||||6.375|0.00||||||||||||||||||||272000.00
F06Q10003134|200603|271000.00|0|002|358|||||6.375|0.00||||||||||||||||||||271000.00
F06Q10003134|200604|271000.00|0|003|357|||||6.375|0.00||||||||||||||||||||271000.00
F06Q10003134|200605|271000.00|0|004|356|||||6.375|0.00||||||||||||||||||||271000.00
F06Q10003134|200606|271000.00|0|005|355|||||6.375|0.00||||||||||||||||||||271000.00
F06Q10003134|200607|270000.00|0|006|354|||||6.375|0.00||||||||||||||||||||270000.00
F06Q10003134|200608|270208.13|0|007|353|||||6.375|0.00||||||||||||||||||||270208.13
F06Q10003134|200609|269946.68|0|008|352|||||6.375|0.00||||||||||||||||||||269946.68
F06Q10003134|200610|269683.84|0|009|351|||||6.375|0.00||||||||||||||||||||269683.84
F06Q10003134|200611|269419.61|0|010|350|||||6.375|0.00||||||||||||||||||||269419.61
F06Q10003134|200612|269153.97|0|011|349|||||6.375|0.00||||||||||||||||||||269153.97
F06Q10003134|200701|268886.92|0|012|348|||||6.375|0.00||||||||||||||||||||268886.92
F06Q10003134|200702|268618.45|0|013|347|||||6.375|0.00||||||||||||||||||||268618.45
F06Q10003134|200703|268348.56|0|014|346|||||6.375|0.00||||||||||||||||||||268348.56
F06Q10003134|200704|268077.23|0|015|345|||||6.375|0.00||||||||||||||||||||268077.23
F06Q10003134|200705|267804.46|0|016|344|||||6.375|0.00||||||||||||||||||||267804.46
F06Q10003134|200706|267530.24|0|017|343|||||6.375|0.00||||||||||||||||||||267530.24
F06Q10003134|200707|267254.56|0|018|342|||||6.375|0.00||||||||||||||||||||267254.56
F06Q10003134|200708|266977.42|0|019|341|||||6.375|0.00||||||||||||||||||||266977.42
F06Q10003134|200709|266698.81|0|020|340|||||6.375|0.00||||||||||||||||||||266698.81
F06Q10003134|200710|266418.72|0|021|339|||||6.375|0.00||||||||||||||||||||266418.72
F06Q10003134|200711|266137.14|0|022|338|||||6.375|0.00||||||||||||||||||||266137.14
F06Q10003134|200712|265854.06|0|023|337|||||6.375|0.00||||||||||||||||||||265854.06
F06Q10003134|200801|265569.48|0|024|336|||||6.375|0.00||||||||||||||||||||265569.48
F06Q10003134|200802|265283.39|0|025|335|||||6.375|0.00||||||||||||||||||||265283.39
F06Q10003134|200803|264995.78|0|026|334|||||6.375|0.00||||||||||||||||||||264995.78
F06Q10003134|200804|264706.64|0|027|333|||||6.375|0.00||||||||||||||||||||264706.64
F06Q10003134|200805|264415.96|0|028|332|||||6.375|0.00||||||||||||||||||||264415.96
F06Q10003134|200806|264123.74|0|029|331|||||6.375|0.00||||||||||||||||||||264123.74
F06Q10003134|200807|263829.97|0|030|330|||||6.375|0.00||||||||||||||||||||263829.97
F06Q10003134|200808|263534.64|0|031|329|||||6.375|0.00||||||||||||||||||||263534.64
F06Q10003134|200809|263237.74|0|032|328|||||6.375|0.00||||||||||||||||||||263237.74
F06Q10003134|200810|262939.26|0|033|327|||||6.375|0.00||||||||||||||||||||262939.26
F06Q10003134|200811|262639.19|0|034|326|||||6.375|0.00||||||||||||||||||||262639.19
F06Q10003134|200812|262337.53|0|035|325|||||6.375|0.00||||||||||||||||||||262337.53
F06Q10003134|200901|262034.27|0|036|324|||||6.375|0.00||||||||||||||||||||262034.27
F06Q10003134|200902|261729.40|0|037|323|||||6.375|0.00||||||||||||||||||||261729.40
F06Q10003134|200903|261729.40|1|038|322|||||6.375|0.00||||||||||||||||||||261729.40
F06Q10003134|200904|261729.40|2|039|321|||||6.375|0.00||||||||||||||||||||261729.40
F06Q10003134|200905|261729.40|3|040|320|||||6.375|0.00||||||||||||||||||||261729.40
F06Q10003134|200906|261729.40|4|041|319|||||6.375|0.00||||||||||||||||||||261729.40
F06Q10003134|200907|261729.40|5|042|318|||||6.375|0.00||||||||||||||||||||261729.40
F06Q10003134|200908|261729.40|6|043|317|||||6.375|0.00||||||||||||||||||||261729.40
F06Q10003134|200909|261729.40|7|044|316|||||6.375|0.00||||||||||||||||||||261729.40
F06Q10003134|200910|261729.40|8|045|315|||||6.375|0.00||||||||||||||||||||261729.40
F06Q10003134|200911|261729.40|9|046|314|||||6.375|0.00||||||||||||||||||||261729.40
F06Q10003134|200912|261729.40|10|047|313|||||6.375|0.00||||||||||||||||||||261729.40
F06Q10003134|201001|261729.40|11|048|312|||||6.375|0.00||||||||||||||||||||261729.40
F06Q10003134|201002|261729.40|12|049|311|||||6.375|0.00||||||||||||||||||||261729.40
F06Q10003134|201003|261729.40|13|050|310|||||6.375|0.00||||||||||||||||||||261729.40
F06Q10003134|201004|261729.40|14|051|309|||||6.375|0.00||||||||||||||||||||261729.40
F06Q10003134|201005|261729.40|15|052|308|||||6.375|0.00||||||||||||||||||||261729.40
F06Q10003134|201006|261729.40|16|053|307|||||6.375|0.00||||||||||||||||||||261729.40
F06Q10003134|201007|261729.40|17|054|306|||||6.375|0.00||||||||||||||||||||261729.40
F06Q10003134|201008|261729.40|18|055|305|||||6.375|0.00||||||||||||||||||||261729.40
F06Q10003134|201009|261729.40|19|056|304|||||6.375|0.00||||||||||||||||||||261729.40
F06Q10003134|201010|261729.40|20|057|303|||||6.375|0.00||||||||||||||||||||261729.40
F06Q10003134|201011|261729.40|21|058|302|||||6.375|0.00||||||||||||||||||||261729.40
F06Q10003134|201012|261729.40|22|059|301|||||6.375|0.00||||||||||||||||||||261729.40
F06Q10003134|201101|261729.40|23|060|300|||||6.375|0.00||||||||||||||||||||261729.40
F06Q10003134|201102|261729.40|24|061|299|||||6.375|0.00||||||||||||||||||||261729.40
F06Q10003134|201103|261729.40|25|062|298|||||6.375|0.00||||||||||||||||||||261729.40
F06Q10003134|201104|261729.40|26|063|297|||||6.375|0.00||||||||||||||||||||261729.40
F06Q10003134|201105|261729.40|27|064|296|||||6.375|0.00||||||||||||||||||||261729.40
F06Q10003134|201106|261729.40|28|065|295|||||6.375|0.00||||||||||||||||||||261729.40
F06Q10003134|201107|261729.40|29|066|294|||||6.375|0.00||||||||||||||||||||261729.40
F06Q10003134|201108|261729.40|30|067|293|||||6.375|0.00||||||||||||||||||||261729.40
F06Q10003134|201109|261729.40|31|068|292|||||6.375|0.00||||||||||||||||||||261729.40
F06Q10003134|201110|261729.40|32|069|291|||||6.375|0.00||||||||||||||||||||261729.40
F06Q10003134|201111|261729.40|33|070|290|||||6.375|0.00||||||||||||||||||||261729.40
F06Q10003134|201112|261729.40|34|071|289|||||6.375|0.00||||||||||||||||||||261729.40
F06Q10003134|201201|261729.40|35|072|288|||||6.375|0.00||||||||||||||||||||261729.40
F06Q10003134|201202|261729.40|36|073|287|||||6.375|0.00||||||||||||||||||||261729.40
F06Q10003134|201203|261729.40|37|074|286|||||6.375|0.00||||||||||||||||||||261729.40
F06Q10003134|201204|261729.40|38|075|285|||||6.375|0.00||||||||||||||||||||261729.40
F06Q10003134|201205|261729.40|39|076|284|||||6.375|0.00||||||||||||||||||||261729.40
F06Q10003134|201206|261729.40|40|077|283|||||6.375|0.00||||||||||||||||||||261729.40
F06Q10003134|201207|261729.40|41|078|282|||||6.375|0.00||||||||||||||||||||261729.40
F06Q10003134|201208|261729.40|42|079|281|||||6.375|0.00||||||||||||||||||||261729.40
F06Q10003134|201209|261729.40|43|080|280|||||6.375|0.00||||||||||||||||||||261729.40
F06Q10003134|201210|261729.40|44|081|279|||||6.375|0.00||||||||||||||||||||261729.40
F06Q10003134|201211|261729.40|45|082|278|||||6.375|0.00||||||||||||||||||||261729.40
F06Q10003134|201212|261729.40|46|083|277|||||6.375|0.00||||||||||||||||||||261729.40
F06Q10003134|201301|261729.40|47|084|276|||||6.375|0.00||||||||||||||||||||261729.40
F06Q10003134|201302|261729.40|48|085|275|||||6.375|0.00||||||||||||||||||||261729.40
F06Q10003134|201303|261729.40|49|086|274|||||6.375|0.00||||||||||||||||||||261729.40
F06Q10003134|201304|261729.40|50|087|273|||||6.375|0.00||||||||||||||||||||261729.40
F06Q10003134|201305|261729.40|51|088|272|||||6.375|0.00||||||||||||||||||||261729.40
F06Q10003134|201306|261729.40|52|089|271|||||6.375|0.00||||||||||||||||||||261729.40
F06Q10003134|201307|0.00|53|090|270|||03|201307|6.375|0.00|200902|0.00|164042.45|2189.82|-22760.05|-5374.30|-560.00|-16370.75|-455.00|-187904.46|||||261729.40|69647.28||||0.00
F06Q10003136|200602|210000.00|0|000|360|||||6.375|0.00||||||||||||||||||||210000.00
F06Q10003136|200603|210000.00|0|001|359|||||6.375|0.00||||||||||||||||||||210000.00
F06Q10003136|200604|210000.00|0|002|358|||||6.375|0.00||||||||||||||||||||210000.00
F06Q10003136|200605|209000.00|0|003|357|||||6.375|0.00||||||||||||||||||||209000.00
F06Q10003136|200606|209000.00|0|004|356|||||6.375|0.00||||||||||||||||||||209000.00
F06Q10003136|200607|209000.00|0|005|355|||||6.375|0.00||||||||||||||||||||209000.00
F06Q10003136|200608|209000.00|0|006|354|||||6.375|0.00||||||||||||||||||||209000.00
F06Q10003136|200609|208616.57|0|007|353|||||6.375|0.00||||||||||||||||||||208616.57
F06Q10003136|200610|208414.72|0|008|352|||||6.375|0.00||||||||||||||||||||208414.72
F06Q10003136|200611|208211.79|0|009|351|||||6.375|0.00||||||||||||||||||||208211.79
F06Q10003136|200612|208007.79|0|010|350|||||6.375|0.00||||||||||||||||||||208007.79
F06Q10003136|200701|207802.70|0|011|349|||||6.375|0.00||||||||||||||||||||207802.70
F06Q10003136|200702|207596.52|0|012|348|||||6.375|0.00||||||||||||||||||||207596.52
F06Q10003136|200703|207389.25|0|013|347|||||6.375|0.00||||||||||||||||||||207389.25
F06Q10003136|200704|207180.88|0|014|346|||||6.375|0.00||||||||||||||||||||207180.88
F06Q10003136|200705|206971.40|0|015|345|||||6.375|0.00||||||||||||||||||||206971.40
F06Q10003136|200706|206760.81|0|016|344|||||6.375|0.00||||||||||||||||||||206760.81
F06Q10003136|200707|206549.10|0|017|343|||||6.375|0.00||||||||||||||||||||206549.10
F06Q10003136|200708|206336.26|0|018|342|||||6.375|0.00||||||||||||||||||||206336.26
F06Q10003136|200709|206122.29|0|019|341|||||6.375|0.00||||||||||||||||||||206122.29
F06Q10003136|200710|205907.18|0|020|340|||||6.375|0.00||||||||||||||||||||205907.18
F06Q10003136|200711|205690.93|0|021|339|||||6.375|0.00||||||||||||||||||||205690.93
F06Q10003136|200712|205473.53|0|022|338|||||6.375|0.00||||||||||||||||||||205473.53
F06Q10003136|200801|0.00|0|023|337|||01|200801|6.375|0.00|||||||||||||||205473.53|||||0.00
F06Q10003143|200602|130000.00|0|000|180|||||5.750|0.00||||||||||||||||||||130000.00
F06Q10003143|200603|130000.00|0|001|179|||||5.750|0.00||||||||||||||||||||130000.00
F06Q10003143|200604|130000.00|0|002|178|||||5.750|0.00||||||||||||||||||||130000.00
F06Q10003143|200605|129000.00|0|003|177|||||5.750|0.00||||||||||||||||||||129000.00
F06Q10003143|200606|128000.00|0|004|176|||||5.750|0.00||||||||||||||||||||128000.00
F06Q10003143|200607|128000.00|0|005|175|||||5.750|0.00||||||||||||||||||||128000.00
F06Q10003143|200608|128000.00|0|006|174|||||5.750|0.00||||||||||||||||||||128000.00
F06Q10003143|200609|126661.46|0|007|173|||||5.750|0.00||||||||||||||||||||126661.46
F06Q10003143|200610|126661.46|0|008|172|||||5.750|0.00||||||||||||||||||||126661.46
F06Q10003143|200611|126188.85|0|009|171|||||5.750|0.00||||||||||||||||||||126188.85
F06Q10003143|200612|125701.83|0|010|170|||||5.750|0.00||||||||||||||||||||125701.83
F06Q10003143|200701|124720.79|0|011|169|||||5.750|0.00||||||||||||||||||||124720.79
F06Q10003143|200702|124720.79|0|012|168|||||5.750|0.00||||||||||||||||||||124720.79
F06Q10003143|200703|123741.11|0|013|167|||||5.750|0.00||||||||||||||||||||123741.11
F06Q10003143|200704|123741.11|0|014|166|||||5.750|0.00||||||||||||||||||||123741.11
F06Q10003143|200705|122754.64|0|015|165|||||5.750|0.00||||||||||||||||||||122754.64
F06Q10003143|200706|122260.36|0|016|164|||||5.750|0.00||||||||||||||||||||122260.36
F06Q10003143|200707|122260.36|0|017|163|||||5.750|0.00||||||||||||||||||||122260.36
F06Q10003143|200708|121758.71|0|018|162|||||5.750|0.00||||||||||||||||||||121758.71
F06Q10003143|200709|120723.07|0|019|161|||||5.750|0.00||||||||||||||||||||120723.07
F06Q10003143|200710|120219.05|0|020|160|||||5.750|0.00||||||||||||||||||||120219.05
F06Q10003143|200711|120219.05|0|021|159|||||5.750|0.00||||||||||||||||||||120219.05
F06Q10003143|200712|119682.62|0|022|158|||||5.750|0.00||||||||||||||||||||119682.62
F06Q10003143|200801|119143.62|0|023|157|||||5.750|0.00||||||||||||||||||||119143.62
F06Q10003143|200802|118107.98|0|024|156|||||5.750|0.00||||||||||||||||||||118107.98
F06Q10003143|200803|118107.98|0|025|155|||||5.750|0.00||||||||||||||||||||118107.98
F06Q10003143|200804|117068.03|0|026|154|||||5.750|0.00||||||||||||||||||||117068.03
F06Q10003143|200805|117068.03|0|027|153|||||5.750|0.00||||||||||||||||||||117068.03
F06Q10003143|200806|116549.45|0|028|152|||||5.750|0.00||||||||||||||||||||116549.45
F06Q10003143|200807|115489.51|0|029|151|||||5.750|0.00||||||||||||||||||||115489.51
F06Q10003143|200808|114955.73|0|030|150|||||5.750|0.00||||||||||||||||||||114955.73
F06Q10003143|200809|114419.39|0|031|149|||||5.750|0.00||||||||||||||||||||114419.39
F06Q10003143|200810|113880.48|0|032|148|||||5.750|0.00||||||||||||||||||||113880.48
F06Q10003143|200811|113338.99|0|033|147|||||5.750|0.00||||||||||||||||||||113338.99
F06Q10003143|200812|112794.90|0|034|146|||||5.750|0.00||||||||||||||||||||112794.90
F06Q10003143|200901|112794.90|0|035|145|||||5.750|0.00||||||||||||||||||||112794.90
F06Q10003143|200902|112248.21|0|036|144|||||5.750|0.00||||||||||||||||||||112248.21
F06Q10003143|200903|111145.80|0|037|143|||||5.750|0.00||||||||||||||||||||111145.80
F06Q10003143|200904|110585.05|0|038|142|||||5.750|0.00||||||||||||||||||||110585.05
F06Q10003143|200905|110026.62|0|039|141|||||5.750|0.00||||||||||||||||||||110026.62
F06Q10003143|200906|110026.62|0|040|140|||||5.750|0.00||||||||||||||||||||110026.62
F06Q10003143|200907|108918.34|0|041|139|||||5.750|0.00||||||||||||||||||||108918.34
F06Q10003143|200908|108341.92|0|042|138|||||5.750|0.00||||||||||||||||||||108341.92
F06Q10003143|200909|107772.74|0|043|137|||||5.750|0.00||||||||||||||||||||107772.74
F06Q10003143|200910|107195.83|0|044|136|||||5.750|0.00||||||||||||||||||||107195.83
F06Q10003143|200911|106616.16|0|045|135|||||5.750|0.00||||||||||||||||||||106616.16
F06Q10003143|200912|106038.71|0|046|134|||||5.750|0.00||||||||||||||||||||106038.71
F06Q10003143|201001|105458.49|0|047|133|||||5.750|0.00||||||||||||||||||||105458.49
F06Q10003143|201002|104870.49|0|048|132|||||5.750|0.00||||||||||||||||||||104870.49
F06Q10003143|201003|104291.01|0|049|131|||||5.750|0.00||||||||||||||||||||104291.01
F06Q10003143|201004|104291.01|0|050|130|||||5.750|0.00||||||||||||||||||||104291.01
F06Q10003143|201005|103098.72|0|051|129|||||5.750|0.00||||||||||||||||||||103098.72
F06Q10003143|201006|102513.20|0|052|128|||||5.750|0.00||||||||||||||||||||102513.20
F06Q10003143|201007|101917.43|0|053|127|||||5.750|0.00||||||||||||||||||||101917.43
F06Q10003143|201008|101917.43|0|054|126|||||5.750|0.00||||||||||||||||||||101917.43
F06Q10003143|201009|100717.31|0|055|125|||||5.750|0.00||||||||||||||||||||100717.31
F06Q10003143|201010|100112.93|0|056|124|||||5.750|0.00||||||||||||||||||||100112.93
F06Q10003143|201011|99505.66|0|057|123|||||5.750|0.00||||||||||||||||||||99505.66
F06Q10003143|201012|98895.48|0|058|122|||||5.750|0.00||||||||||||||||||||98895.48
F06Q10003143|201101|98895.48|0|059|121|||||5.750|0.00||||||||||||||||||||98895.48
F06Q10003143|201102|97647.92|0|060|120|||||5.750|0.00||||||||||||||||||||97647.92
F06Q10003143|201103|97027.19|0|061|119|||||5.750|0.00||||||||||||||||||||97027.19
F06Q10003143|201104|96403.48|0|062|118|||||5.750|0.00||||||||||||||||||||96403.48
F06Q10003143|201105|95776.78|0|063|117|||||5.750|0.00||||||||||||||||||||95776.78
F06Q10003143|201106|95147.08|0|064|116|||||5.750|0.00||||||||||||||||||||95147.08
F06Q10003143|201107|94514.36|0|065|115|||||5.750|0.00||||||||||||||||||||94514.36
F06Q10003143|201108|94514.36|0|066|114|||||5.750|0.00||||||||||||||||||||94514.36
F06Q10003143|201109|93239.82|0|067|113|||||5.750|0.00||||||||||||||||||||93239.82
F06Q10003143|201110|92597.96|0|068|112|||||5.750|0.00||||||||||||||||||||92597.96
F06Q10003143|201111|91953.03|0|069|111|||||5.750|0.00||||||||||||||||||||91953.03
F06Q10003143|201112|91305.01|0|070|110|||||5.750|0.00||||||||||||||||||||91305.01
F06Q10003143|201201|90653.88|0|071|109|||||5.750|0.00||||||||||||||||||||90653.88
F06Q10003143|201202|89999.63|0|072|108|||||5.750|0.00||||||||||||||||||||89999.63
F06Q10003143|201203|89328.35|0|073|107|||||5.750|0.00||||||||||||||||||||89328.35
F06Q10003143|201204|88653.85|0|074|106|||||5.750|0.00||||||||||||||||||||88653.85
F06Q10003143|201205|87976.12|0|075|105|||||5.750|0.00||||||||||||||||||||87976.12
F06Q10003143|201206|87295.14|0|076|104|||||5.750|0.00||||||||||||||||||||87295.14
F06Q10003143|201207|86630.90|0|077|103|||||5.750|0.00||||||||||||||||||||86630.90
F06Q10003143|201208|85963.48|0|078|102|||||5.750|0.00||||||||||||||||||||85963.48
F06Q10003143|201209|85292.86|0|079|101|||||5.750|0.00||||||||||||||||||||85292.86
F06Q10003143|201210|84619.02|0|080|100|||||5.750|0.00||||||||||||||||||||84619.02
F06Q10003143|201211|83941.96|0|081|099|||||5.750|0.00||||||||||||||||||||83941.96
F06Q10003143|201212|83261.65|0|082|098|||||5.750|0.00||||||||||||||||||||83261.65
F06Q10003143|201301|82578.08|0|083|097|||||5.750|0.00||||||||||||||||||||82578.08
F06Q10003143|201302|81891.24|0|084|096|||||5.750|0.00||||||||||||||||||||81891.24
F06Q10003143|201303|0.00|0|085|095|||01|201303|5.750|0.00|||||||||||||||81891.24|||||0.00
F06Q10003172|200602|98000.00|0|000|180|||||5.875|0.00||||||||||||||||||||98000.00
F06Q10003172|200603|97000.00|0|001|179|||||5.875|0.00||||||||||||||||||||97000.00
F06Q10003172|200604|97000.00|0|002|178|||||5.875|0.00||||||||||||||||||||97000.00
F06Q10003172|200605|97000.00|0|003|177|||||5.875|0.00||||||||||||||||||||97000.00
F06Q10003172|200606|96000.00|0|004|176|||||5.875|0.00||||||||||||||||||||96000.00
F06Q10003172|200607|96000.00|0|005|175|||||5.875|0.00||||||||||||||||||||96000.00
F06Q10003172|200608|95000.00|0|006|174|||||5.875|0.00||||||||||||||||||||95000.00
F06Q10003172|200609|95142.37|0|007|173|||||5.875|0.00||||||||||||||||||||95142.37
F06Q10003172|200610|94782.00|0|008|172|||||5.875|0.00||||||||||||||||||||94782.00
F06Q10003172|200611|94419.87|0|009|171|||||5.875|0.00||||||||||||||||||||94419.87
F06Q10003172|200612|94055.96|0|010|170|||||5.875|0.00||||||||||||||||||||94055.96
F06Q10003172|200701|93693.27|0|011|169|||||5.875|0.00||||||||||||||||||||93693.27
F06Q10003172|200702|93330.81|0|012|168|||||5.875|0.00||||||||||||||||||||93330.81
F06Q10003172|200703|92966.57|0|013|167|||||5.875|0.00||||||||||||||||||||92966.57
F06Q10003172|200704|92966.57|0|014|166|||||5.875|0.00||||||||||||||||||||92966.57
F06Q10003172|200705|92236.04|0|015|165|||||5.875|0.00||||||||||||||||||||92236.04
F06Q10003172|200706|91869.74|0|016|164|||||5.875|0.00||||||||||||||||||||91869.74
F06Q10003172|200707|91501.65|0|017|163|||||5.875|0.00||||||||||||||||||||91501.65
F06Q10003172|200708|91131.76|0|018|162|||||5.875|0.00||||||||||||||||||||91131.76
F06Q10003172|200709|90760.06|0|019|161|||||5.875|0.00||||||||||||||||||||90760.06
F06Q10003172|200710|90386.54|0|020|160|||||5.875|0.00||||||||||||||||||||90386.54
F06Q10003172|200711|90011.19|0|021|159|||||5.875|0.00||||||||||||||||||||90011.19
F06Q10003172|200712|89629.56|0|022|158|||||5.875|0.00||||||||||||||||||||89629.56
F06Q10003172|200801|89226.06|0|023|157|||||5.875|0.00||||||||||||||||||||89226.06
F06Q10003172|200802|88845.03|0|024|156|||||5.875|0.00||||||||||||||||||||88845.03
F06Q10003172|200803|88462.13|0|025|155|||||5.875|0.00||||||||||||||||||||88462.13
F06Q10003172|200804|88077.36|0|026|154|||||5.875|0.00||||||||||||||||||||88077.36
F06Q10003172|200805|87664.70|0|027|153|||||5.875|0.00||||||||||||||||||||87664.70
F06Q10003172|200806|87260.02|0|028|152|||||5.875|0.00||||||||||||||||||||87260.02
F06Q10003172|200807|86853.36|0|029|151|||||5.875|0.00||||||||||||||||||||86853.36
F06Q10003172|200808|86460.71|0|030|150|||||5.875|0.00||||||||||||||||||||86460.71
F06Q10003172|200809|86066.14|0|031|149|||||5.875|0.00||||||||||||||||||||86066.14
F06Q10003172|200810|85653.64|0|032|148|||||5.875|0.00||||||||||||||||||||85653.64
F06Q10003172|200811|85254.12|0|033|147|||||5.875|0.00||||||||||||||||||||85254.12
F06Q10003172|200812|84853.64|0|034|146|||||5.875|0.00||||||||||||||||||||84853.64
F06Q10003172|200901|84435.20|0|035|145|||||5.875|0.00||||||||||||||||||||84435.20
F06Q10003172|200902|84014.71|0|036|144|||||5.875|0.00||||||||||||||||||||84014.71
F06Q10003172|200903|83592.16|0|037|143|||||5.875|0.00||||||||||||||||||||83592.16
F06Q10003172|200904|83167.04|0|038|142|||||5.875|0.00||||||||||||||||||||83167.04
F06Q10003172|200905|82721.28|0|039|141|||||5.875|0.00||||||||||||||||||||82721.28
F06Q10003172|200906|82293.81|0|040|140|||||5.875|0.00||||||||||||||||||||82293.81
F06Q10003172|200907|81864.25|0|041|139|||||5.875|0.00||||||||||||||||||||81864.25
F06Q10003172|200908|81432.58|0|042|138|||||5.875|0.00||||||||||||||||||||81432.58
F06Q10003172|200909|80998.80|0|043|137|||||5.875|0.00||||||||||||||||||||80998.80
F06Q10003172|200910|80562.90|0|044|136|||||5.875|0.00||||||||||||||||||||80562.90
F06Q10003172|200911|80124.86|0|045|135|||||5.875|0.00||||||||||||||||||||80124.86
F06Q10003172|200912|79679.68|0|046|134|||||5.875|0.00||||||||||||||||||||79679.68
F06Q10003172|201001|79247.32|0|047|133|||||5.875|0.00||||||||||||||||||||79247.32
F06Q10003172|201002|78802.84|0|048|132|||||5.875|0.00||||||||||||||||||||78802.84
F06Q10003172|201003|78356.19|0|049|131|||||5.875|0.00||||||||||||||||||||78356.19
F06Q10003172|201004|78356.19|0|050|130|||||5.875|0.00||||||||||||||||||||78356.19
F06Q10003172|201005|77485.56|0|051|129|||||5.875|0.00||||||||||||||||||||77485.56
F06Q10003172|201006|77044.23|0|052|128|||||5.875|0.00||||||||||||||||||||77044.23
F06Q10003172|201007|76599.00|0|053|127|||||5.875|0.00||||||||||||||||||||76599.00
F06Q10003172|201008|76131.59|0|054|126|||||5.875|0.00||||||||||||||||||||76131.59
F06Q10003172|201009|75681.89|0|055|125|||||5.875|0.00||||||||||||||||||||75681.89
F06Q10003172|201010|75229.99|0|056|124|||||5.875|0.00||||||||||||||||||||75229.99
F06Q10003172|201011|74780.43|0|057|123|||||5.875|0.00||||||||||||||||||||74780.43
F06Q10003172|201012|74323.66|0|058|122|||||5.875|0.00||||||||||||||||||||74323.66
F06Q10003172|201101|73865.11|0|059|121|||||5.875|0.00||||||||||||||||||||73865.11
F06Q10003172|201102|73404.31|0|060|120|||||5.875|0.00||||||||||||||||||||73404.31
F06Q10003172|201103|72941.26|0|061|119|||||5.875|0.00||||||||||||||||||||72941.26
F06Q10003172|201104|72941.26|0|062|118|||||5.875|0.00||||||||||||||||||||72941.26
F06Q10003172|201105|71997.58|0|063|117|||||5.875|0.00||||||||||||||||||||71997.58
F06Q10003172|201106|71532.20|0|064|116|||||5.875|0.00||||||||||||||||||||71532.20
F06Q10003172|201107|71064.54|0|065|115|||||5.875|0.00||||||||||||||||||||71064.54
F06Q10003172|201108|70594.59|0|066|114|||||5.875|0.00||||||||||||||||||||70594.59
F06Q10003172|201109|70109.56|0|067|113|||||5.875|0.00||||||||||||||||||||70109.56
F06Q10003172|201110|69634.93|0|068|112|||||5.875|0.00||||||||||||||||||||69634.93
F06Q10003172|201111|69157.98|0|069|111|||||5.875|0.00||||||||||||||||||||69157.98
F06Q10003172|201112|69157.98|0|070|110|||||5.875|0.00||||||||||||||||||||69157.98
F06Q10003172|201201|68196.79|0|071|109|||||5.875|0.00||||||||||||||||||||68196.79
F06Q10003172|201202|67712.80|0|072|108|||||5.875|0.00||||||||||||||||||||67712.80
F06Q10003172|201203|67712.80|0|073|107|||||5.875|0.00||||||||||||||||||||67712.80
F06Q10003172|201204|66599.92|0|074|106|||||5.875|0.00||||||||||||||||||||66599.92
F06Q10003172|201205|65613.89|0|075|105|||||5.875|0.00||||||||||||||||||||65613.89
F06Q10003172|201206|65113.94|0|076|104|||||5.875|0.00||||||||||||||||||||65113.94
F06Q10003172|201207|64614.86|0|077|103|||||5.875|0.00||||||||||||||||||||64614.86
F06Q10003172|201208|64113.02|0|078|102|||||5.875|0.00||||||||||||||||||||64113.02
F06Q10003172|201209|64113.02|0|079|101|||||5.875|0.00||||||||||||||||||||64113.02
F06Q10003172|201210|63608.73|0|080|100|||||5.875|0.00||||||||||||||||||||63608.73
F06Q10003172|201211|63101.97|0|081|099|||||5.875|0.00||||||||||||||||||||63101.97
F06Q10003172|201212|62592.73|0|082|098|||||5.875|0.00||||||||||||||||||||62592.73
F06Q10003172|201301|62080.99|0|083|097|||||5.875|0.00||||||||||||||||||||62080.99
F06Q10003172|201302|61567.06|0|084|096|||||5.875|0.00||||||||||||||||||||61567.06
F06Q10003172|201303|60531.63|0|085|095|||||5.875|0.00||||||||||||||||||||60531.63
F06Q10003172|201304|60531.63|0|086|094|||||5.875|0.00||||||||||||||||||||60531.63
F06Q10003172|201305|59482.39|0|087|093|||||5.875|0.00||||||||||||||||||||59482.39
F06Q10003172|201306|59482.39|0|088|092|||||5.875|0.00||||||||||||||||||||59482.39
F06Q10003172|201307|59482.39|1|089|091|||||5.875|0.00||||||||||||||||||||59482.39
F06Q10003172|201308|59482.39|0|090|090|||||5.875|0.00||||||||||||||||||||59482.39
F06Q10003172|201309|58423.88|0|091|089|||||5.875|0.00||||||||||||||||||||58423.88
F06Q10003172|201310|57352.34|0|092|088|||||5.875|0.00||||||||||||||||||||57352.34
F06Q10003172|201311|56812.63|0|093|087|||||5.875|0.00||||||||||||||||||||56812.63
F06Q10003172|201312|56270.28|0|094|086|||||5.875|0.00||||||||||||||||||||56270.28
F06Q10003172|201401|55177.59|0|095|085|||||5.875|0.00||||||||||||||||||||55177.59
F06Q10003172|201402|54625.23|0|096|084|||||5.875|0.00||||||||||||||||||||54625.23
F06Q10003172|201403|54625.23|0|097|083|||||5.875|0.00||||||||||||||||||||54625.23
