F00Q10000035|200210|101000.00|0|000|329|||||6.125|0.00||||||||||||||||||||101000.00
F00Q10000035|200211|101000.00|0|001|328|||||6.125|0.00||||||||||||||||||||101000.00
F00Q10000035|200212|101000.00|0|002|327|||||6.125|0.00||||||||||||||||||||101000.00
F00Q10000035|200301|101000.00|0|003|326|||||6.125|0.00||||||||||||||||||||101000.00
F00Q10000035|200302|100000.00|0|004|325|||||6.125|0.00||||||||||||||||||||100000.00
F00Q10000035|200303|100000.00|0|005|324|||||6.125|0.00||||||||||||||||||||100000.00
F00Q10000035|200304|100000.00|0|006|323|||||6.125|0.00||||||||||||||||||||100000.00
F00Q10000035|200305|100000.80|0|007|322|||||6.125|0.00||||||||||||||||||||100000.80
F00Q10000035|200306|99877.37|0|008|321|||||6.125|0.00||||||||||||||||||||99877.37
F00Q10000035|200307|0.00|0|009|320|||01|200307|6.125|0.00|||||||||||||||99877.37|||||0.00
F00Q10000049|200101|49000.00|0|003|177|||||8.125|0.00||||||||||||||||||||49000.00
F00Q10000049|200102|49000.00|0|004|176|||||8.125|0.00||||||||||||||||||||49000.00
F00Q10000049|200103|49000.00|0|005|175|||||8.125|0.00||||||||||||||||||||49000.00
F00Q10000049|200104|49000.00|0|006|174|||||8.125|0.00||||||||||||||||||||49000.00
F00Q10000049|200105|48404.60|0|007|173|||||8.125|0.00||||||||||||||||||||48404.60
F00Q10000049|200106|48250.89|0|008|172|||||8.125|0.00||||||||||||||||||||48250.89
F00Q10000049|200107|48096.14|0|009|171|||||8.125|0.00||||||||||||||||||||48096.14
F00Q10000049|200108|47940.34|0|010|170|||||8.125|0.00||||||||||||||||||||47940.34
F00Q10000049|200109|47783.49|0|011|169|||||8.125|0.00||||||||||||||||||||47783.49
F00Q10000049|200110|47625.57|0|012|168|||||8.125|0.00||||||||||||||||||||47625.57
F00Q10000049|200111|47466.58|0|013|167|||||8.125|0.00||||||||||||||||||||47466.58
F00Q10000049|200112|0.00|0|014|166|||01|200112|8.125|0.00|||||||||||||||47466.58|||||0.00
F00Q10000054|200109|90000.00|0|000|342|||||7.125|0.00||||||||||||||||||||90000.00
F00Q10000054|200110|89000.00|0|001|341|||||7.125|0.00||||||||||||||||||||89000.00
F00Q10000054|200111|89000.00|0|002|340|||||7.125|0.00||||||||||||||||||||89000.00
F00Q10000054|200112|0.00|0|003|339|||01|200112|7.125|0.00|||||||||||||||89365.10|||||0.00
F00Q10000090|200104|169000.00|0|001|348|||||7.500|0.00||||||||||||||||||||169000.00
F00Q10000090|200105|169000.00|0|002|347|||||7.500|0.00||||||||||||||||||||169000.00
F00Q10000090|200106|169000.00|0|003|346|||||7.500|0.00||||||||||||||||||||169000.00
F00Q10000090|200107|169000.00|0|004|345|||||7.500|0.00||||||||||||||||||||169000.00
F00Q10000090|200108|169000.00|0|005|344|||||7.500|0.00||||||||||||||||||||169000.00
F00Q10000090|200109|169000.00|0|006|343|||||7.500|0.00||||||||||||||||||||169000.00
F00Q10000090|200110|168833.39|0|007|342|||||7.500|0.00||||||||||||||||||||168833.39
F00Q10000090|200111|168550.17|0|008|341|||||7.500|0.00||||||||||||||||||||168550.17
F00Q10000090|200112|0.00|0|009|340|||01|200112|7.500|0.00|||||||||||||||168550.17|||||0.00
F00Q10000095|200002|49000.00|0|000|360|||||9.500|0.00||||||||||||||||||||49000.00
F00Q10000095|200003|49000.00|0|001|359|||||9.500|0.00||||||||||||||||||||49000.00
F00Q10000095|200004|49000.00|0|002|358|||||9.500|0.00||||||||||||||||||||49000.00
F00Q10000095|200005|49000.00|0|003|357|||||9.500|0.00||||||||||||||||||||49000.00
F00Q10000095|200006|49000.00|0|004|356|||||9.500|0.00||||||||||||||||||||49000.00
F00Q10000095|200007|49000.00|0|005|355|||||9.500|0.00||||||||||||||||||||49000.00
F00Q10000095|200008|49000.00|0|006|354|||||9.500|0.00||||||||||||||||||||49000.00
F00Q10000095|200009|48627.90|0|007|353|||||9.500|0.00||||||||||||||||||||48627.90
F00Q10000095|200010|48602.53|0|008|352|||||9.500|0.00||||||||||||||||||||48602.53
F00Q10000095|200011|48576.96|0|009|351|||||9.500|0.00||||||||||||||||||||48576.96
F00Q10000095|200012|48551.19|0|010|350|||||9.500|0.00||||||||||||||||||||48551.19
F00Q10000095|200101|48551.19|0|011|349|||||9.500|0.00||||||||||||||||||||48551.19
F00Q10000095|200102|48499.03|0|012|348|||||9.500|0.00||||||||||||||||||||48499.03
F00Q10000095|200103|48365.34|0|013|347|||||9.500|0.00||||||||||||||||||||48365.34
F00Q10000095|200104|48446.04|0|014|346|||||9.500|0.00||||||||||||||||||||48446.04
F00Q10000095|200105|48419.23|0|015|345|||||9.500|0.00||||||||||||||||||||48419.23
F00Q10000095|200106|48392.21|0|016|344|||||9.500|0.00||||||||||||||||||||48392.21
F00Q10000095|200107|48392.21|0|017|343|||||9.500|0.00||||||||||||||||||||48392.21
F00Q10000095|200108|48337.53|0|018|342|||||9.500|0.00||||||||||||||||||||48337.53
F00Q10000095|200109|48309.86|0|019|341|||||9.500|0.00||||||||||||||||||||48309.86
F00Q10000095|200110|48309.86|0|020|340|||||9.500|0.00||||||||||||||||||||48309.86
F00Q10000095|200111|48253.86|0|021|339|||||9.500|0.00||||||||||||||||||||48253.86
F00Q10000095|200112|0.00|0|022|338|||01|200112|9.500|0.00|||||||||||||||48253.86|||||0.00
F00Q10000106|200003|173000.00|0|000|360|||||8.500|0.00||||||||||||||||||||173000.00
F00Q10000106|200004|173000.00|0|001|359|||||8.500|0.00||||||||||||||||||||173000.00
F00Q10000106|200005|173000.00|0|002|358|||||8.500|0.00||||||||||||||||||||173000.00
F00Q10000106|200006|173000.00|0|003|357|||||8.500|0.00||||||||||||||||||||173000.00
F00Q10000106|200007|173000.00|0|004|356|||||8.500|0.00||||||||||||||||||||173000.00
F00Q10000106|200008|173000.00|0|005|355|||||8.500|0.00||||||||||||||||||||173000.00
F00Q10000106|200009|173000.00|0|006|354|||||8.500|0.00||||||||||||||||||||173000.00
F00Q10000106|200010|172623.92|0|007|353|||||8.500|0.00||||||||||||||||||||172623.92
F00Q10000106|200011|172513.56|0|008|352|||||8.500|0.00||||||||||||||||||||172513.56
F00Q10000106|200012|172402.42|0|009|351|||||8.500|0.00||||||||||||||||||||172402.42
F00Q10000106|200101|172290.49|0|010|350|||||8.500|0.00||||||||||||||||||||172290.49
F00Q10000106|200102|172177.77|0|011|349|||||8.500|0.00||||||||||||||||||||172177.77
F00Q10000106|200103|172064.25|0|012|348|||||8.500|0.00||||||||||||||||||||172064.25
F00Q10000106|200104|171949.93|0|013|347|||||8.500|0.00||||||||||||||||||||171949.93
F00Q10000106|200105|171834.80|0|014|346|||||8.500|0.00||||||||||||||||||||171834.80
F00Q10000106|200106|171718.85|0|015|345|||||8.500|0.00||||||||||||||||||||171718.85
F00Q10000106|200107|171602.08|0|016|344|||||8.500|0.00||||||||||||||||||||171602.08
F00Q10000106|200108|171484.48|0|017|343|||||8.500|0.00||||||||||||||||||||171484.48
F00Q10000106|200109|171366.05|0|018|342|||||8.500|0.00||||||||||||||||||||171366.05
F00Q10000106|200110|171246.78|0|019|341|||||8.500|0.00||||||||||||||||||||171246.78
F00Q10000106|200111|171126.67|0|020|340|||||8.500|0.00||||||||||||||||||||171126.67
F00Q10000106|200112|0.00|0|021|339|||01|200112|8.500|0.00|||||||||||||||171126.67|||||0.00
F00Q10000108|200003|147000.00|0|000|360|||||8.125|0.00||||||||||||||||||||147000.00
F00Q10000108|200004|147000.00|0|001|359|||||8.125|0.00||||||||||||||||||||147000.00
F00Q10000108|200005|147000.00|0|002|358|||||8.125|0.00||||||||||||||||||||147000.00
F00Q10000108|200006|147000.00|0|003|357|||||8.125|0.00||||||||||||||||||||147000.00
F00Q10000108|200007|147000.00|0|004|356|||||8.125|0.00||||||||||||||||||||147000.00
F00Q10000108|200008|146000.00|0|005|355|||||8.125|0.00||||||||||||||||||||146000.00
F00Q10000108|200009|146000.00|0|006|354|||||8.125|0.00||||||||||||||||||||146000.00
F00Q10000108|200010|146110.68|0|007|353|||||8.125|0.00||||||||||||||||||||146110.68
F00Q10000108|200011|146110.68|0|008|352|||||8.125|0.00||||||||||||||||||||146110.68
F00Q10000108|200012|146008.49|0|009|351|||||8.125|0.00||||||||||||||||||||146008.49
F00Q10000108|200101|145905.61|0|010|350|||||8.125|0.00||||||||||||||||||||145905.61
F00Q10000108|200102|145802.03|0|011|349|||||8.125|0.00||||||||||||||||||||145802.03
F00Q10000108|200103|145697.75|0|012|348|||||8.125|0.00||||||||||||||||||||145697.75
F00Q10000108|200104|145697.75|0|013|347|||||8.125|0.00||||||||||||||||||||145697.75
F00Q10000108|200105|145592.77|0|014|346|||||8.125|0.00||||||||||||||||||||145592.77
F00Q10000108|200106|145487.07|0|015|345|||||8.125|0.00||||||||||||||||||||145487.07
F00Q10000108|200107|145380.66|0|016|344|||||8.125|0.00||||||||||||||||||||145380.66
F00Q10000108|200108|145273.53|0|017|343|||||8.125|0.00||||||||||||||||||||145273.53
F00Q10000108|200109|145165.67|0|018|342|||||8.125|0.00||||||||||||||||||||145165.67
F00Q10000108|200110|145057.08|0|019|341|||||8.125|0.00||||||||||||||||||||145057.08
F00Q10000108|200111|144947.76|0|020|340|||||8.125|0.00||||||||||||||||||||144947.76
F00Q10000108|200112|0.00|0|021|339|||01|200112|8.125|0.00|||||||||||||||144947.76|||||0.00
F00Q10000120|200108|236518.00|0|018|342|||||7.375|0.00||||||||||||||||||||236518.00
F00Q10000120|200109|236293.48|0|019|341|||||7.375|0.00||||||||||||||||||||236293.48
F00Q10000120|200110|236067.58|0|020|340|||||7.375|0.00||||||||||||||||||||236067.58
F00Q10000120|200111|235840.29|0|021|339|||||7.375|0.00||||||||||||||||||||235840.29
F00Q10000120|200112|0.00|0|022|338|||01|200112|7.375|0.00|||||||||||||||235840.29|||||0.00
F00Q10000184|200005|253000.00|0|000|180|||||7.375|0.00||||||||||||||||||||253000.00
F00Q10000184|200006|252000.00|0|001|179|||||7.375|0.00||||||||||||||||||||252000.00
F00Q10000184|200007|251000.00|0|002|178|||||7.375|0.00||||||||||||||||||||251000.00
F00Q10000184|200008|250000.00|0|003|177|||||7.375|0.00||||||||||||||||||||250000.00
F00Q10000184|200009|250000.00|0|004|176|||||7.375|0.00||||||||||||||||||||250000.00
F00Q10000184|200010|250000.00|0|005|175|||||7.375|0.00||||||||||||||||||||250000.00
F00Q10000184|200011|248000.00|0|006|174|||||7.375|0.00||||||||||||||||||||248000.00
F00Q10000184|200012|247198.21|0|007|173|||||7.375|0.00||||||||||||||||||||247198.21
F00Q10000184|200101|246392.80|0|008|172|||||7.375|0.00||||||||||||||||||||246392.80
F00Q10000184|200102|245582.44|0|009|171|||||7.375|0.00||||||||||||||||||||245582.44
F00Q10000184|200103|244767.10|0|010|170|||||7.375|0.00||||||||||||||||||||244767.10
F00Q10000184|200104|243946.75|0|011|169|||||7.375|0.00||||||||||||||||||||243946.75
F00Q10000184|200105|243121.36|0|012|168|||||7.375|0.00||||||||||||||||||||243121.36
F00Q10000184|200106|242290.89|0|013|167|||||7.375|0.00||||||||||||||||||||242290.89
F00Q10000184|200107|242290.89|0|014|166|||||7.375|0.00||||||||||||||||||||242290.89
F00Q10000184|200108|240614.61|0|015|165|||||7.375|0.00||||||||||||||||||||240614.61
F00Q10000184|200109|239768.74|0|016|164|||||7.375|0.00||||||||||||||||||||239768.74
F00Q10000184|200110|238917.67|0|017|163|||||7.375|0.00||||||||||||||||||||238917.67
F00Q10000184|200111|238061.37|0|018|162|||||7.375|0.00||||||||||||||||||||238061.37
F00Q10000184|200112|0.00|0|019|161|||01|200112|7.375|0.00|||||||||||||||238061.37|||||0.00
F00Q10000193|200004|195000.00|0|000|360|||||7.625|0.00||||||||||||||||||||195000.00
F00Q10000193|200005|195000.00|0|001|359|||||7.625|0.00||||||||||||||||||||195000.00
F00Q10000193|200006|195000.00|0|002|358|||||7.625|0.00||||||||||||||||||||195000.00
F00Q10000193|200007|195000.00|0|003|357|||||7.625|0.00||||||||||||||||||||195000.00
F00Q10000193|200008|194000.00|0|004|356|||||7.625|0.00||||||||||||||||||||194000.00
F00Q10000193|200009|194000.00|0|005|355|||||7.625|0.00||||||||||||||||||||194000.00
F00Q10000193|200010|194000.00|0|006|354|||||7.625|0.00||||||||||||||||||||194000.00
F00Q10000193|200011|193993.00|0|007|353|||||7.625|0.00||||||||||||||||||||193993.00
F00Q10000193|200012|193993.00|0|008|352|||||7.625|0.00||||||||||||||||||||193993.00
F00Q10000193|200101|193845.46|0|009|351|||||7.625|0.00||||||||||||||||||||193845.46
F00Q10000193|200102|193696.99|0|010|350|||||7.625|0.00||||||||||||||||||||193696.99
F00Q10000193|200103|193397.20|0|011|349|||||7.625|0.00||||||||||||||||||||193397.20
F00Q10000193|200104|193245.88|0|012|348|||||7.625|0.00||||||||||||||||||||193245.88
F00Q10000193|200105|193093.60|0|013|347|||||7.625|0.00||||||||||||||||||||193093.60
F00Q10000193|200106|192940.35|0|014|346|||||7.625|0.00||||||||||||||||||||192940.35
F00Q10000193|200107|192940.35|0|015|345|||||7.625|0.00||||||||||||||||||||192940.35
F00Q10000193|200108|192630.93|0|016|344|||||7.625|0.00||||||||||||||||||||192630.93
F00Q10000193|200109|192474.74|0|017|343|||||7.625|0.00||||||||||||||||||||192474.74
F00Q10000193|200110|192317.56|0|018|342|||||7.625|0.00||||||||||||||||||||192317.56
F00Q10000193|200111|192159.38|0|019|341|||||7.625|0.00||||||||||||||||||||192159.38
F00Q10000193|200112|0.00|0|020|340|||01|200112|7.625|0.00|||||||||||||||192159.38|||||0.00
F00Q10000201|200004|152000.00|0|000|360|||||8.500|0.00||||||||||||||||||||152000.00
F00Q10000201|200005|152000.00|0|001|359|||||8.500|0.00||||||||||||||||||||152000.00
F00Q10000201|200006|152000.00|0|002|358|||||8.500|0.00||||||||||||||||||||152000.00
F00Q10000201|200007|152000.00|0|003|357|||||8.500|0.00||||||||||||||||||||152000.00
F00Q10000201|200008|151000.00|0|004|356|||||8.500|0.00||||||||||||||||||||151000.00
F00Q10000201|200009|151000.00|0|005|355|||||8.500|0.00||||||||||||||||||||151000.00
F00Q10000201|200010|151000.00|0|006|354|||||8.500|0.00||||||||||||||||||||151000.00
F00Q10000201|200011|150914.77|0|007|353|||||8.500|0.00||||||||||||||||||||150914.77
F00Q10000201|200012|150914.77|0|008|352|||||8.500|0.00||||||||||||||||||||150914.77
F00Q10000201|200101|150632.47|0|009|351|||||8.500|0.00||||||||||||||||||||150632.47
F00Q10000201|200102|150489.82|0|010|350|||||8.500|0.00||||||||||||||||||||150489.82
F00Q10000201|200103|150346.16|0|011|349|||||8.500|0.00||||||||||||||||||||150346.16
F00Q10000201|200104|150201.48|0|012|348|||||8.500|0.00||||||||||||||||||||150201.48
F00Q10000201|200105|150055.78|0|013|347|||||8.500|0.00||||||||||||||||||||150055.78
F00Q10000201|200106|149909.05|0|014|346|||||8.500|0.00||||||||||||||||||||149909.05
F00Q10000201|200107|149761.28|0|015|345|||||8.500|0.00||||||||||||||||||||149761.28
F00Q10000201|200108|149612.46|0|016|344|||||8.500|0.00||||||||||||||||||||149612.46
F00Q10000201|200109|149462.58|0|017|343|||||8.500|0.00||||||||||||||||||||149462.58
F00Q10000201|200110|149311.64|0|018|342|||||8.500|0.00||||||||||||||||||||149311.64
F00Q10000201|200111|149200.51|0|019|341|||||8.500|0.00||||||||||||||||||||149200.51
F00Q10000201|200112|0.00|0|020|340|||01|200112|8.500|0.00|||||||||||||||149200.51|||||0.00
F00Q10000226|200004|27000.00|0|000|360|||||8.375|0.00||||||||||||||||||||27000.00
F00Q10000226|200005|27000.00|0|001|359|||||8.375|0.00||||||||||||||||||||27000.00
F00Q10000226|200006|27000.00|0|002|358|||||8.375|0.00||||||||||||||||||||27000.00
F00Q10000226|200007|27000.00|0|003|357|||||8.375|0.00||||||||||||||||||||27000.00
F00Q10000226|200008|27000.00|0|004|356|||||8.375|0.00||||||||||||||||||||27000.00
F00Q10000226|200009|27000.00|0|005|355|||||8.375|0.00||||||||||||||||||||27000.00
F00Q10000226|200010|27000.00|0|006|354|||||8.375|0.00||||||||||||||||||||27000.00
F00Q10000226|200011|26880.02|0|007|353|||||8.375|0.00||||||||||||||||||||26880.02
F00Q10000226|200012|26862.40|0|008|352|||||8.375|0.00||||||||||||||||||||26862.40
F00Q10000226|200101|26844.66|0|009|351|||||8.375|0.00||||||||||||||||||||26844.66
F00Q10000226|200102|26826.79|0|010|350|||||8.375|0.00||||||||||||||||||||26826.79
F00Q10000226|200103|26808.80|0|011|349|||||8.375|0.00||||||||||||||||||||26808.80
F00Q10000226|200104|26790.68|0|012|348|||||8.375|0.00||||||||||||||||||||26790.68
F00Q10000226|200105|26772.44|0|013|347|||||8.375|0.00||||||||||||||||||||26772.44
F00Q10000226|200106|26754.07|0|014|346|||||8.375|0.00||||||||||||||||||||26754.07
F00Q10000226|200107|26735.57|0|015|345|||||8.375|0.00||||||||||||||||||||26735.57
F00Q10000226|200108|26698.18|0|016|344|||||8.375|0.00||||||||||||||||||||26698.18
F00Q10000226|200109|26679.29|0|017|343|||||8.375|0.00||||||||||||||||||||26679.29
F00Q10000226|200110|26679.29|0|018|342|||||8.375|0.00||||||||||||||||||||26679.29
F00Q10000226|200111|26660.27|0|019|341|||||8.375|0.00||||||||||||||||||||26660.27
F00Q10000226|200112|0.00|0|020|340|||01|200112|8.375|0.00|||||||||||||||26660.27|||||0.00
F00Q10000231|200004|38000.00|0|000|360|||||9.000|0.00||||||||||||||||||||38000.00
F00Q10000231|200005|38000.00|0|001|359|||||9.000|0.00||||||||||||||||||||38000.00
F00Q10000231|200006|38000.00|1|002|358|||||9.000|0.00||||||||||||||||||||38000.00
F00Q10000231|200007|38000.00|1|003|357|||||9.000|0.00||||||||||||||||||||38000.00
F00Q10000231|200008|38000.00|0|004|356|||||9.000|0.00||||||||||||||||||||38000.00
F00Q10000231|200009|38000.00|1|005|355|||||9.000|0.00||||||||||||||||||||38000.00
F00Q10000231|200010|38000.00|0|006|354|||||9.000|0.00||||||||||||||||||||38000.00
F00Q10000231|200011|37873.08|0|007|353|||||9.000|0.00||||||||||||||||||||37873.08
F00Q10000231|200012|37851.37|1|008|352|||||9.000|0.00||||||||||||||||||||37851.37
F00Q10000231|200101|37851.37|2|009|351|||||9.000|0.00||||||||||||||||||||37851.37
F00Q10000231|200102|37851.37|3|010|350|||||9.000|0.00||||||||||||||||||||37851.37
F00Q10000231|200103|37851.37|4|011|349|||||9.000|0.00||||||||||||||||||||37851.37
F00Q10000231|200104|37851.37|5|012|348|||||9.000|0.00||||||||||||||||||||37851.37
F00Q10000231|200105|37851.37|6|013|347|||||9.000|0.00||||||||||||||||||||37851.37
F00Q10000231|200106|37851.37|7|014|346|||||9.000|0.00||||||||||||||||||||37851.37
F00Q10000231|200107|37851.37|0|015|345|||||9.000|0.00||||||||||||||||||||37851.37
F00Q10000231|200108|37671.71|1|016|344|||||9.000|0.00||||||||||||||||||||37671.71
F00Q10000231|200109|37671.71|2|017|343|||||9.000|0.00||||||||||||||||||||37671.71
F00Q10000231|200110|37671.71|3|018|342|||||9.000|0.00||||||||||||||||||||37671.71
F00Q10000231|200111|37671.71|4|019|341|||||9.000|0.00||||||||||||||||||||37671.71
F00Q10000231|200112|37671.71|5|020|340|||||9.000|0.00||||||||||||||||||||37671.71
F00Q10000231|200201|37671.71|6|021|339|||||9.000|0.00||||||||||||||||||||37671.71
F00Q10000231|200202|37671.71|7|022|338|||||9.000|0.00||||||||||||||||||||37671.71
F00Q10000231|200203|37671.71|8|023|337|||||9.000|0.00||||||||||||||||||||37671.71
F00Q10000231|200204|0.00|9|024|336|||01|200204|9.000|0.00|200107||||||||||||||37671.71|||||0.00
F00Q10000240|200002|101000.00|0|000|180|||||7.750|0.00||||||||||||||||||||101000.00
F00Q10000240|200003|100000.00|0|001|179|||||7.750|0.00||||||||||||||||||||100000.00
F00Q10000240|200004|100000.00|0|002|178|||||7.750|0.00||||||||||||||||||||100000.00
F00Q10000240|200005|99000.00|0|003|177|||||7.750|0.00||||||||||||||||||||99000.00
F00Q10000240|200006|99000.00|0|004|176|||||7.750|0.00||||||||||||||||||||99000.00
F00Q10000240|200007|99000.00|0|005|175|||||7.750|0.00||||||||||||||||||||99000.00
F00Q10000240|200008|98000.00|0|006|174|||||7.750|0.00||||||||||||||||||||98000.00
F00Q10000240|200009|96864.47|0|007|173|||||7.750|0.00||||||||||||||||||||96864.47
F00Q10000240|200010|96864.47|0|008|172|||||7.750|0.00||||||||||||||||||||96864.47
F00Q10000240|200011|95205.15|0|009|171|||||7.750|0.00||||||||||||||||||||95205.15
F00Q10000240|200012|94364.22|0|010|170|||||7.750|0.00||||||||||||||||||||94364.22
F00Q10000240|200101|94021.09|0|011|169|||||7.750|0.00||||||||||||||||||||94021.09
F00Q10000240|200102|93172.51|0|012|168|||||7.750|0.00||||||||||||||||||||93172.51
F00Q10000240|200103|92318.45|0|013|167|||||7.750|0.00||||||||||||||||||||92318.45
F00Q10000240|200104|91458.87|0|014|166|||||7.750|0.00||||||||||||||||||||91458.87
F00Q10000240|200105|90545.82|0|015|165|||||7.750|0.00||||||||||||||||||||90545.82
F00Q10000240|200106|89674.80|0|016|164|||||7.750|0.00||||||||||||||||||||89674.80
F00Q10000240|200107|89674.80|0|017|163|||||7.750|0.00||||||||||||||||||||89674.80
F00Q10000240|200108|88801.38|1|018|162|||||7.750|0.00||||||||||||||||||||88801.38
F00Q10000240|200109|88040.81|0|019|161|||||7.750|0.00||||||||||||||||||||88040.81
F00Q10000240|200110|88040.81|0|020|160|||||7.750|0.00||||||||||||||||||||88040.81
F00Q10000240|200111|87213.63|0|021|159|||||7.750|0.00||||||||||||||||||||87213.63
F00Q10000240|200112|0.00|0|022|158|||01|200112|7.750|0.00|||||||||||||||87213.63|||||0.00
F00Q10000247|200003|133000.00|0|000|360|||||8.000|0.00||||||||||||||||||||133000.00
F00Q10000247|200004|133000.00|0|001|359|||||8.000|0.00||||||||||||||||||||133000.00
F00Q10000247|200005|133000.00|0|002|358|||||8.000|0.00||||||||||||||||||||133000.00
F00Q10000247|200006|133000.00|0|003|357|||||8.000|0.00||||||||||||||||||||133000.00
F00Q10000247|200007|133000.00|0|004|356|||||8.000|0.00||||||||||||||||||||133000.00
F00Q10000247|200008|132000.00|0|005|355|||||8.000|0.00||||||||||||||||||||132000.00
F00Q10000247|200009|132000.00|0|006|354|||||8.000|0.00||||||||||||||||||||132000.00
F00Q10000247|200010|132263.19|0|007|353|||||8.000|0.00||||||||||||||||||||132263.19
F00Q10000247|200011|132169.77|0|008|352|||||8.000|0.00||||||||||||||||||||132169.77
F00Q10000247|200012|132075.73|0|009|351|||||8.000|0.00||||||||||||||||||||132075.73
F00Q10000247|200101|130981.06|0|010|350|||||8.000|0.00||||||||||||||||||||130981.06
F00Q10000247|200102|130879.10|0|011|349|||||8.000|0.00||||||||||||||||||||130879.10
F00Q10000247|200103|130776.46|0|012|348|||||8.000|0.00||||||||||||||||||||130776.46
F00Q10000247|200104|130673.13|0|013|347|||||8.000|0.00||||||||||||||||||||130673.13
F00Q10000247|200105|130369.11|0|014|346|||||8.000|0.00||||||||||||||||||||130369.11
F00Q10000247|200106|130163.07|0|015|345|||||8.000|0.00||||||||||||||||||||130163.07
F00Q10000247|200107|130055.65|0|016|344|||||8.000|0.00||||||||||||||||||||130055.65
F00Q10000247|200108|129847.52|0|017|343|||||8.000|0.00||||||||||||||||||||129847.52
F00Q10000247|200109|129738.00|0|018|342|||||8.000|0.00||||||||||||||||||||129738.00
F00Q10000247|200110|129627.75|0|019|341|||||8.000|0.00||||||||||||||||||||129627.75
F00Q10000247|200111|129516.77|0|020|340|||||8.000|0.00||||||||||||||||||||129516.77
F00Q10000247|200112|0.00|0|021|339|||01|200112|8.000|0.00|||||||||||||||129516.77|||||0.00
F00Q10000260|200002|60000.00|0|000|360|||||7.950|0.00||||||||||||||||||||60000.00
F00Q10000260|200003|60000.00|0|001|359|||||7.950|0.00||||||||||||||||||||60000.00
F00Q10000260|200004|60000.00|0|002|358|||||7.950|0.00||||||||||||||||||||60000.00
F00Q10000260|200005|60000.00|0|003|357|||||7.950|0.00||||||||||||||||||||60000.00
F00Q10000260|200006|60000.00|0|004|356|||||7.950|0.00||||||||||||||||||||60000.00
F00Q10000260|200007|60000.00|0|005|355|||||7.950|0.00||||||||||||||||||||60000.00
F00Q10000260|200008|60000.00|0|006|354|||||7.950|0.00||||||||||||||||||||60000.00
F00Q10000260|200009|59709.59|0|007|353|||||7.950|0.00||||||||||||||||||||59709.59
F00Q10000260|200010|59667.00|0|008|352|||||7.950|0.00||||||||||||||||||||59667.00
F00Q10000260|200011|59624.12|0|009|351|||||7.950|0.00||||||||||||||||||||59624.12
F00Q10000260|200012|59580.96|0|010|350|||||7.950|0.00||||||||||||||||||||59580.96
F00Q10000260|200101|59537.51|0|011|349|||||7.950|0.00||||||||||||||||||||59537.51
F00Q10000260|200102|59493.78|0|012|348|||||7.950|0.00||||||||||||||||||||59493.78
F00Q10000260|200103|59449.76|0|013|347|||||7.950|0.00||||||||||||||||||||59449.76
F00Q10000260|200104|59405.44|0|014|346|||||7.950|0.00||||||||||||||||||||59405.44
F00Q10000260|200105|59360.83|0|015|345|||||7.950|0.00||||||||||||||||||||59360.83
F00Q10000260|200106|59315.93|0|016|344|||||7.950|0.00||||||||||||||||||||59315.93
F00Q10000260|200107|59270.73|0|017|343|||||7.950|0.00||||||||||||||||||||59270.73
F00Q10000260|200108|59225.23|0|018|342|||||7.950|0.00||||||||||||||||||||59225.23
F00Q10000260|200109|59179.43|0|019|341|||||7.950|0.00||||||||||||||||||||59179.43
F00Q10000260|200110|59133.32|0|020|340|||||7.950|0.00||||||||||||||||||||59133.32
F00Q10000260|200111|59086.91|0|021|339|||||7.950|0.00||||||||||||||||||||59086.91
F00Q10000260|200112|0.00|0|022|338|||01|200112|7.950|0.00|||||||||||||||59086.91|||||0.00
F00Q10000300|200003|90000.00|0|000|360|||||8.500|0.00||||||||||||||||||||90000.00
F00Q10000300|200004|90000.00|0|001|359|||||8.500|0.00||||||||||||||||||||90000.00
F00Q10000300|200005|90000.00|0|002|358|||||8.500|0.00||||||||||||||||||||90000.00
F00Q10000300|200006|90000.00|0|003|357|||||8.500|0.00||||||||||||||||||||90000.00
F00Q10000300|200007|90000.00|0|004|356|||||8.500|0.00||||||||||||||||||||90000.00
F00Q10000300|200008|90000.00|0|005|355|||||8.500|0.00||||||||||||||||||||90000.00
F00Q10000300|200009|90000.00|0|006|354|||||8.500|0.00||||||||||||||||||||90000.00
F00Q10000300|200010|89859.01|0|007|353|||||8.500|0.00||||||||||||||||||||89859.01
F00Q10000300|200011|89801.56|0|008|352|||||8.500|0.00||||||||||||||||||||89801.56
F00Q10000300|200012|89743.70|0|009|351|||||8.500|0.00||||||||||||||||||||89743.70
F00Q10000300|200101|89685.43|0|010|350|||||8.500|0.00||||||||||||||||||||89685.43
F00Q10000300|200102|89626.75|0|011|349|||||8.500|0.00||||||||||||||||||||89626.75
F00Q10000300|200103|89567.66|0|012|348|||||8.500|0.00||||||||||||||||||||89567.66
F00Q10000300|200104|89508.15|0|013|347|||||8.500|0.00||||||||||||||||||||89508.15
F00Q10000300|200105|89448.22|0|014|346|||||8.500|0.00||||||||||||||||||||89448.22
F00Q10000300|200106|89387.86|0|015|345|||||8.500|0.00||||||||||||||||||||89387.86
F00Q10000300|200107|89327.07|0|016|344|||||8.500|0.00||||||||||||||||||||89327.07
F00Q10000300|200108|89265.85|0|017|343|||||8.500|0.00||||||||||||||||||||89265.85
F00Q10000300|200109|89204.20|0|018|342|||||8.500|0.00||||||||||||||||||||89204.20
F00Q10000300|200110|89142.11|0|019|341|||||8.500|0.00||||||||||||||||||||89142.11
F00Q10000300|200111|89079.58|0|020|340|||||8.500|0.00||||||||||||||||||||89079.58
F00Q10000300|200112|0.00|0|021|339|||01|200112|8.500|0.00|||||||||||||||89079.58|||||0.00
F00Q10000301|200003|70000.00|0|000|180|||||8.125|0.00||||||||||||||||||||70000.00
F00Q10000301|200004|70000.00|0|001|179|||||8.125|0.00||||||||||||||||||||70000.00
F00Q10000301|200005|68000.00|0|002|178|||||8.125|0.00||||||||||||||||||||68000.00
F00Q10000301|200006|67000.00|0|003|177|||||8.125|0.00||||||||||||||||||||67000.00
F00Q10000301|200007|64000.00|0|004|176|||||8.125|0.00||||||||||||||||||||64000.00
F00Q10000301|200008|63000.00|0|005|175|||||8.125|0.00||||||||||||||||||||63000.00
F00Q10000301|200009|58000.00|0|006|174|||||8.125|0.00||||||||||||||||||||58000.00
F00Q10000301|200010|37492.63|0|007|173|||||8.125|0.00||||||||||||||||||||37492.63
F00Q10000301|200011|37072.47|0|008|172|||||8.125|0.00||||||||||||||||||||37072.47
F00Q10000301|200012|36649.46|0|009|171|||||8.125|0.00||||||||||||||||||||36649.46
F00Q10000301|200101|36223.59|0|010|170|||||8.125|0.00||||||||||||||||||||36223.59
F00Q10000301|200102|35794.83|0|011|169|||||8.125|0.00||||||||||||||||||||35794.83
F00Q10000301|200103|35794.83|0|012|168|||||8.125|0.00||||||||||||||||||||35794.83
F00Q10000301|200104|34928.59|0|013|167|||||8.125|0.00||||||||||||||||||||34928.59
F00Q10000301|200105|34491.07|0|014|166|||||8.125|0.00||||||||||||||||||||34491.07
F00Q10000301|200106|34050.58|0|015|165|||||8.125|0.00||||||||||||||||||||34050.58
F00Q10000301|200107|34050.58|0|016|164|||||8.125|0.00||||||||||||||||||||34050.58
F00Q10000301|200108|33160.64|0|017|163|||||8.125|0.00||||||||||||||||||||33160.64
F00Q10000301|200109|32711.15|0|018|162|||||8.125|0.00||||||||||||||||||||32711.15
F00Q10000301|200110|32258.61|0|019|161|||||8.125|0.00||||||||||||||||||||32258.61
F00Q10000301|200111|31803.01|0|020|160|||||8.125|0.00||||||||||||||||||||31803.01
F00Q10000301|200112|0.00|0|021|159|||01|200112|8.125|0.00|||||||||||||||31803.01|||||0.00
F00Q10000317|200003|61000.00|0|000|360|||||8.875|0.00||||||||||||||||||||61000.00
F00Q10000317|200004|61000.00|0|001|359|||||8.875|0.00||||||||||||||||||||61000.00
F00Q10000317|200005|61000.00|0|002|358|||||8.875|0.00||||||||||||||||||||61000.00
F00Q10000317|200006|0.00|0|003|357|200006||96|200006|8.875|0.00|||||||||||||||60731.59|||||0.00
F00Q10000330|200003|253000.00|0|000|180|||||8.125|0.00||||||||||||||||||||253000.00
F00Q10000330|200004|252000.00|0|001|179|||||8.125|0.00||||||||||||||||||||252000.00
F00Q10000330|200005|251000.00|0|002|178|||||8.125|0.00||||||||||||||||||||251000.00
F00Q10000330|200006|251000.00|0|003|177|||||8.125|0.00||||||||||||||||||||251000.00
F00Q10000330|200007|250000.00|0|004|176|||||8.125|0.00||||||||||||||||||||250000.00
F00Q10000330|200008|249000.00|0|005|175|||||8.125|0.00||||||||||||||||||||249000.00
F00Q10000330|200009|248000.00|0|006|174|||||8.125|0.00||||||||||||||||||||248000.00
F00Q10000330|200010|247540.68|0|007|173|||||8.125|0.00||||||||||||||||||||247540.68
F00Q10000330|200011|246783.54|0|008|172|||||8.125|0.00||||||||||||||||||||246783.54
F00Q10000330|200012|246021.27|0|009|171|||||8.125|0.00||||||||||||||||||||246021.27
F00Q10000330|200101|245253.84|0|010|170|||||8.125|0.00||||||||||||||||||||245253.84
F00Q10000330|200102|244481.21|0|011|169|||||8.125|0.00||||||||||||||||||||244481.21
F00Q10000330|200103|243703.35|0|012|168|||||8.125|0.00||||||||||||||||||||243703.35
F00Q10000330|200104|242920.22|0|013|167|||||8.125|0.00||||||||||||||||||||242920.22
F00Q10000330|200105|242131.79|0|014|166|||||8.125|0.00||||||||||||||||||||242131.79
F00Q10000330|200106|241338.02|0|015|165|||||8.125|0.00||||||||||||||||||||241338.02
F00Q10000330|200107|240538.88|0|016|164|||||8.125|0.00||||||||||||||||||||240538.88
F00Q10000330|200108|239734.33|0|017|163|||||8.125|0.00||||||||||||||||||||239734.33
F00Q10000330|200109|238924.33|0|018|162|||||8.125|0.00||||||||||||||||||||238924.33
F00Q10000330|200110|238108.85|0|019|161|||||8.125|0.00||||||||||||||||||||238108.85
F00Q10000330|200111|237287.85|0|020|160|||||8.125|0.00||||||||||||||||||||237287.85
F00Q10000330|200112|0.00|0|021|159|||01|200112|8.125|0.00|||||||||||||||237287.85|||||0.00
F00Q10000332|200003|118000.00|0|000|360|||||8.375|0.00||||||||||||||||||||118000.00
F00Q10000332|200004|118000.00|0|001|359|||||8.375|0.00||||||||||||||||||||118000.00
F00Q10000332|200005|118000.00|0|002|358|||||8.375|0.00||||||||||||||||||||118000.00
F00Q10000332|200006|118000.00|0|003|357|||||8.375|0.00||||||||||||||||||||118000.00
F00Q10000332|200007|118000.00|0|004|356|||||8.375|0.00||||||||||||||||||||118000.00
F00Q10000332|200008|118000.00|0|005|355|||||8.375|0.00||||||||||||||||||||118000.00
F00Q10000332|200009|118000.00|0|006|354|||||8.375|0.00||||||||||||||||||||118000.00
F00Q10000332|200010|117475.68|0|007|353|||||8.375|0.00||||||||||||||||||||117475.68
F00Q10000332|200011|117398.67|0|008|352|||||8.375|0.00||||||||||||||||||||117398.67
F00Q10000332|200012|117321.12|0|009|351|||||8.375|0.00||||||||||||||||||||117321.12
F00Q10000332|200101|117243.03|0|010|350|||||8.375|0.00||||||||||||||||||||117243.03
F00Q10000332|200102|117164.40|0|011|349|||||8.375|0.00||||||||||||||||||||117164.40
F00Q10000332|200103|117085.22|0|012|348|||||8.375|0.00||||||||||||||||||||117085.22
F00Q10000332|200104|117005.49|0|013|347|||||8.375|0.00||||||||||||||||||||117005.49
F00Q10000332|200105|116925.20|0|014|346|||||8.375|0.00||||||||||||||||||||116925.20
F00Q10000332|200106|116844.35|0|015|345|||||8.375|0.00||||||||||||||||||||116844.35
F00Q10000332|200107|116762.94|0|016|344|||||8.375|0.00||||||||||||||||||||116762.94
F00Q10000332|200108|116680.96|0|017|343|||||8.375|0.00||||||||||||||||||||116680.96
F00Q10000332|200109|116598.41|0|018|342|||||8.375|0.00||||||||||||||||||||116598.41
F00Q10000332|200110|116515.28|0|019|341|||||8.375|0.00||||||||||||||||||||116515.28
F00Q10000332|200111|116431.57|0|020|340|||||8.375|0.00||||||||||||||||||||116431.57
F00Q10000332|200112|0.00|0|021|339|||01|200112|8.375|0.00|||||||||||||||116431.57|||||0.00
F00Q10000358|200003|52000.00|0|000|360|||||11.125|0.00||||||||||||||||||||52000.00
F00Q10000358|200004|52000.00|0|001|359|||||11.125|0.00||||||||||||||||||||52000.00
F00Q10000358|200005|52000.00|0|002|358|||||11.125|0.00||||||||||||||||||||52000.00
F00Q10000358|200006|52000.00|1|003|357|||||11.125|0.00||||||||||||||||||||52000.00
F00Q10000358|200007|52000.00|2|004|356|||||11.125|0.00||||||||||||||||||||52000.00
F00Q10000358|200008|52000.00|1|005|355|||||11.125|0.00||||||||||||||||||||52000.00
F00Q10000358|200009|52000.00|1|006|354|||||11.125|0.00||||||||||||||||||||52000.00
F00Q10000358|200010|52067.75|1|007|353|||||11.125|0.00||||||||||||||||||||52067.75
F00Q10000358|200011|52048.41|1|008|352|||||11.125|0.00||||||||||||||||||||52048.41
F00Q10000358|200012|52028.89|1|009|351|||||11.125|0.00||||||||||||||||||||52028.89
F00Q10000358|200101|52009.19|2|010|350|||||11.125|0.00||||||||||||||||||||52009.19
F00Q10000358|200102|51989.31|3|011|349|||||11.125|0.00||||||||||||||||||||51989.31
F00Q10000358|200103|51969.24|1|012|348|||||11.125|0.00||||||||||||||||||||51969.24
F00Q10000358|200104|51948.99|2|013|347|||||11.125|0.00||||||||||||||||||||51948.99
F00Q10000358|200105|51928.55|3|014|346|||||11.125|0.00||||||||||||||||||||51928.55
F00Q10000358|200106|51907.92|4|015|345|||||11.125|0.00||||||||||||||||||||51907.92
F00Q10000358|200107|51887.10|5|016|344|||||11.125|0.00||||||||||||||||||||51887.10
F00Q10000358|200108|51887.10|RA|017|343|||||11.125|0.00||||||||||||||||||||51887.10
F00Q10000358|200109|51887.10|RA|018|342|||||11.125|0.00||||||||||||||||||||51887.10
F00Q10000358|200110|0.00|RA|019|341|||09|200110|11.125|0.00|200102|0.00|65519.47|83.32|-4273.81|-788.90|-3030.73|-87.00|-367.18|5879.66|||||51887.10|3562.22||||0.00
F00Q10000376|200004|66000.00|0|000|180|||||8.000|0.00||||||||||||||||||||66000.00
F00Q10000376|200005|66000.00|0|001|179|||||8.000|0.00||||||||||||||||||||66000.00
F00Q10000376|200006|66000.00|0|002|178|||||8.000|0.00||||||||||||||||||||66000.00
F00Q10000376|200007|66000.00|0|003|177|||||8.000|0.00||||||||||||||||||||66000.00
F00Q10000376|200008|66000.00|0|004|176|||||8.000|0.00||||||||||||||||||||66000.00
F00Q10000376|200009|65000.00|0|005|175|||||8.000|0.00||||||||||||||||||||65000.00
F00Q10000376|200010|65000.00|0|006|174|||||8.000|0.00||||||||||||||||||||65000.00
F00Q10000376|200011|65029.58|0|007|173|||||8.000|0.00||||||||||||||||||||65029.58
F00Q10000376|200012|64828.55|0|008|172|||||8.000|0.00||||||||||||||||||||64828.55
F00Q10000376|200101|64626.18|0|009|171|||||8.000|0.00||||||||||||||||||||64626.18
F00Q10000376|200102|64422.46|0|010|170|||||8.000|0.00||||||||||||||||||||64422.46
F00Q10000376|200103|64217.38|0|011|169|||||8.000|0.00||||||||||||||||||||64217.38
F00Q10000376|200104|64010.94|0|012|168|||||8.000|0.00||||||||||||||||||||64010.94
F00Q10000376|200105|63803.12|0|013|167|||||8.000|0.00||||||||||||||||||||63803.12
F00Q10000376|200106|63593.91|0|014|166|||||8.000|0.00||||||||||||||||||||63593.91
F00Q10000376|200107|63383.31|0|015|165|||||8.000|0.00||||||||||||||||||||63383.31
F00Q10000376|200108|63171.31|0|016|164|||||8.000|0.00||||||||||||||||||||63171.31
F00Q10000376|200109|62957.89|0|017|163|||||8.000|0.00||||||||||||||||||||62957.89
F00Q10000376|200110|62743.05|0|018|162|||||8.000|0.00||||||||||||||||||||62743.05
F00Q10000376|200111|62526.78|0|019|161|||||8.000|0.00||||||||||||||||||||62526.78
F00Q10000376|200112|0.00|0|020|160|||01|200112|8.000|0.00|||||||||||||||62526.78|||||0.00
F00Q10000397|200002|70000.00|0|000|360|||||8.500|0.00||||||||||||||||||||70000.00
F00Q10000397|200003|70000.00|0|001|359|||||8.500|0.00||||||||||||||||||||70000.00
F00Q10000397|200004|70000.00|0|002|358|||||8.500|0.00||||||||||||||||||||70000.00
F00Q10000397|200005|70000.00|0|003|357|||||8.500|0.00||||||||||||||||||||70000.00
F00Q10000397|200006|70000.00|0|004|356|||||8.500|0.00||||||||||||||||||||70000.00
F00Q10000397|200007|70000.00|0|005|355|||||8.500|0.00||||||||||||||||||||70000.00
F00Q10000397|200008|70000.00|0|006|354|||||8.500|0.00||||||||||||||||||||70000.00
F00Q10000397|200009|69641.37|0|007|353|||||8.500|0.00||||||||||||||||||||69641.37
F00Q10000397|200010|69552.70|0|008|352|||||8.500|0.00||||||||||||||||||||69552.70
F00Q10000397|200011|69507.89|0|009|351|||||8.500|0.00||||||||||||||||||||69507.89
F00Q10000397|200012|69507.89|0|010|350|||||8.500|0.00||||||||||||||||||||69507.89
F00Q10000397|200101|69462.77|0|011|349|||||8.500|0.00||||||||||||||||||||69462.77
F00Q10000397|200102|69417.33|0|012|348|||||8.500|0.00||||||||||||||||||||69417.33
F00Q10000397|200103|69325.48|0|013|347|||||8.500|0.00||||||||||||||||||||69325.48
F00Q10000397|200104|69325.48|0|014|346|||||8.500|0.00||||||||||||||||||||69325.48
F00Q10000397|200105|69279.07|0|015|345|||||8.500|0.00||||||||||||||||||||69279.07
F00Q10000397|200106|69185.26|0|016|344|||||8.500|0.00||||||||||||||||||||69185.26
F00Q10000397|200107|69137.85|0|017|343|||||8.500|0.00||||||||||||||||||||69137.85
F00Q10000397|200108|69137.85|0|018|342|||||8.500|0.00||||||||||||||||||||69137.85
F00Q10000397|200109|69042.03|0|019|341|||||8.500|0.00||||||||||||||||||||69042.03
F00Q10000397|200110|68993.61|0|020|340|||||8.500|0.00||||||||||||||||||||68993.61
F00Q10000397|200111|68944.84|0|021|339|||||8.500|0.00||||||||||||||||||||68944.84
F00Q10000397|200112|0.00|0|022|338|||01|200112|8.500|0.00|||||||||||||||68944.84|||||0.00
F00Q10000413|200104|213000.00|0|001|348|||||7.500|0.00||||||||||||||||||||213000.00
F00Q10000413|200105|213000.00|0|002|347|||||7.500|0.00||||||||||||||||||||213000.00
F00Q10000413|200106|213000.00|0|003|346|||||7.500|0.00||||||||||||||||||||213000.00
F00Q10000413|200107|213000.00|0|004|345|||||7.500|0.00||||||||||||||||||||213000.00
F00Q10000413|200108|212000.00|0|005|344|||||7.500|0.00||||||||||||||||||||212000.00
F00Q10000413|200109|212000.00|0|006|343|||||7.500|0.00||||||||||||||||||||212000.00
F00Q10000413|200110|212013.75|0|007|342|||||7.500|0.00||||||||||||||||||||212013.75
F00Q10000413|200111|211835.22|0|008|341|||||7.500|0.00||||||||||||||||||||211835.22
F00Q10000413|200112|0.00|0|009|340|||01|200112|7.500|0.00|||||||||||||||211835.22|||||0.00
F00Q10000414|200004|79000.00|0|000|360|||||8.625|0.00||||||||||||||||||||79000.00
F00Q10000414|200005|79000.00|0|001|359|||||8.625|0.00||||||||||||||||||||79000.00
F00Q10000414|200006|79000.00|0|002|358|||||8.625|0.00||||||||||||||||||||79000.00
F00Q10000414|200007|79000.00|0|003|357|||||8.625|0.00||||||||||||||||||||79000.00
F00Q10000414|200008|79000.00|0|004|356|||||8.625|0.00||||||||||||||||||||79000.00
F00Q10000414|200009|79000.00|0|005|355|||||8.625|0.00||||||||||||||||||||79000.00
F00Q10000414|200010|79000.00|0|006|354|||||8.625|0.00||||||||||||||||||||79000.00
F00Q10000414|200011|78467.21|0|007|353|||||8.625|0.00||||||||||||||||||||78467.21
F00Q10000414|200012|78418.29|0|008|352|||||8.625|0.00||||||||||||||||||||78418.29
F00Q10000414|200101|78369.02|0|009|351|||||8.625|0.00||||||||||||||||||||78369.02
F00Q10000414|200102|78319.40|0|010|350|||||8.625|0.00||||||||||||||||||||78319.40
F00Q10000414|200103|78269.42|0|011|349|||||8.625|0.00||||||||||||||||||||78269.42
F00Q10000414|200104|78219.08|0|012|348|||||8.625|0.00||||||||||||||||||||78219.08
F00Q10000414|200105|78168.38|0|013|347|||||8.625|0.00||||||||||||||||||||78168.38
F00Q10000414|200106|78117.32|0|014|346|||||8.625|0.00||||||||||||||||||||78117.32
F00Q10000414|200107|78065.89|0|015|345|||||8.625|0.00||||||||||||||||||||78065.89
F00Q10000414|200108|78014.09|0|016|344|||||8.625|0.00||||||||||||||||||||78014.09
F00Q10000414|200109|77961.92|0|017|343|||||8.625|0.00||||||||||||||||||||77961.92
F00Q10000414|200110|77909.37|0|018|342|||||8.625|0.00||||||||||||||||||||77909.37
F00Q10000414|200111|77856.44|0|019|341|||||8.625|0.00||||||||||||||||||||77856.44
F00Q10000414|200112|0.00|0|020|340|||01|200112|8.625|0.00|||||||||||||||77856.44|||||0.00
F00Q10000424|200002|99000.00|0|000|180|||||7.750|0.00||||||||||||||||||||99000.00
F00Q10000424|200003|99000.00|0|001|179|||||7.750|0.00||||||||||||||||||||99000.00
F00Q10000424|200004|98000.00|0|002|178|||||7.750|0.00||||||||||||||||||||98000.00
F00Q10000424|200005|98000.00|0|003|177|||||7.750|0.00||||||||||||||||||||98000.00
F00Q10000424|200006|98000.00|0|004|176|||||7.750|0.00||||||||||||||||||||98000.00
F00Q10000424|200007|98000.00|0|005|175|||||7.750|0.00||||||||||||||||||||98000.00
F00Q10000424|200008|97000.00|0|006|174|||||7.750|0.00||||||||||||||||||||97000.00
F00Q10000424|200009|96896.79|0|007|173|||||7.750|0.00||||||||||||||||||||96896.79
F00Q10000424|200010|96585.53|0|008|172|||||7.750|0.00||||||||||||||||||||96585.53
F00Q10000424|200011|96029.76|0|009|171|||||7.750|0.00||||||||||||||||||||96029.76
F00Q10000424|200012|95712.90|0|010|170|||||7.750|0.00||||||||||||||||||||95712.90
F00Q10000424|200101|95394.00|0|011|169|||||7.750|0.00||||||||||||||||||||95394.00
F00Q10000424|200102|95070.04|0|012|168|||||7.750|0.00||||||||||||||||||||95070.04
F00Q10000424|200103|94740.98|0|013|167|||||7.750|0.00||||||||||||||||||||94740.98
F00Q10000424|200104|94412.80|0|014|166|||||7.750|0.00||||||||||||||||||||94412.80
F00Q10000424|200105|93532.77|0|015|165|||||7.750|0.00||||||||||||||||||||93532.77
F00Q10000424|200106|93193.79|0|016|164|||||7.750|0.00||||||||||||||||||||93193.79
F00Q10000424|200107|92852.62|0|017|163|||||7.750|0.00||||||||||||||||||||92852.62
F00Q10000424|200108|92509.24|0|018|162|||||7.750|0.00||||||||||||||||||||92509.24
F00Q10000424|200109|92166.65|0|019|161|||||7.750|0.00||||||||||||||||||||92166.65
F00Q10000424|200110|91268.17|0|020|160|||||7.750|0.00||||||||||||||||||||91268.17
F00Q10000424|200111|90914.55|0|021|159|||||7.750|0.00||||||||||||||||||||90914.55
F00Q10000424|200112|0.00|0|022|158|||01|200112|7.750|0.00|||||||||||||||90914.55|||||0.00
F00Q10000452|200003|127000.00|0|000|353|||||8.750|0.00||||||||||||||||||||127000.00
F00Q10000452|200004|127000.00|0|001|352|||||8.750|0.00||||||||||||||||||||127000.00
F00Q10000452|200005|127000.00|0|002|351|||||8.750|0.00||||||||||||||||||||127000.00
F00Q10000452|200006|127000.00|0|003|350|||||8.750|0.00||||||||||||||||||||127000.00
F00Q10000452|200007|127000.00|0|004|349|||||8.750|0.00||||||||||||||||||||127000.00
F00Q10000452|200008|127000.00|0|005|348|||||8.750|0.00||||||||||||||||||||127000.00
F00Q10000452|200009|127000.00|0|006|347|||||8.750|0.00||||||||||||||||||||127000.00
F00Q10000452|200010|126540.29|0|007|346|||||8.750|0.00||||||||||||||||||||126540.29
F00Q10000452|200011|126458.18|0|008|345|||||8.750|0.00||||||||||||||||||||126458.18
F00Q10000452|200012|126375.47|0|009|344|||||8.750|0.00||||||||||||||||||||126375.47
F00Q10000452|200101|126292.15|0|010|343|||||8.750|0.00||||||||||||||||||||126292.15
F00Q10000452|200102|126208.23|0|011|342|||||8.750|0.00||||||||||||||||||||126208.23
F00Q10000452|200103|126123.70|0|012|341|||||8.750|0.00||||||||||||||||||||126123.70
F00Q10000452|200104|126038.55|0|013|340|||||8.750|0.00||||||||||||||||||||126038.55
F00Q10000452|200105|125952.78|0|014|339|||||8.750|0.00||||||||||||||||||||125952.78
F00Q10000452|200106|125866.38|0|015|338|||||8.750|0.00||||||||||||||||||||125866.38
F00Q10000452|200107|125779.35|0|016|337|||||8.750|0.00||||||||||||||||||||125779.35
F00Q10000452|200108|125691.69|0|017|336|||||8.750|0.00||||||||||||||||||||125691.69
F00Q10000452|200109|125603.39|0|018|335|||||8.750|0.00||||||||||||||||||||125603.39
F00Q10000452|200110|125514.44|0|019|334|||||8.750|0.00||||||||||||||||||||125514.44
F00Q10000452|200111|125424.85|0|020|333|||||8.750|0.00||||||||||||||||||||125424.85
F00Q10000452|200112|0.00|0|021|332|||01|200112|8.750|0.00|||||||||||||||125424.85|||||0.00
F00Q10000482|200112|13310.02|0|021|099|||||8.125|0.00||||||||||||||||||||13310.02
F00Q10000482|200201|13189.64|0|022|098|||||8.125|0.00||||||||||||||||||||13189.64
F00Q10000482|200202|13068.44|0|023|097|||||8.125|0.00||||||||||||||||||||13068.44
F00Q10000482|200203|12946.42|0|024|096|||||8.125|0.00||||||||||||||||||||12946.42
F00Q10000482|200204|12817.57|0|025|095|||||8.125|0.00||||||||||||||||||||12817.57
F00Q10000482|200205|12687.86|0|026|094|||||8.125|0.00||||||||||||||||||||12687.86
F00Q10000482|200206|12557.26|0|027|093|||||8.125|0.00||||||||||||||||||||12557.26
F00Q10000482|200207|12425.77|0|028|092|||||8.125|0.00||||||||||||||||||||12425.77
F00Q10000482|200208|12293.39|0|029|091|||||8.125|0.00||||||||||||||||||||12293.39
F00Q10000482|200209|12160.12|0|030|090|||||8.125|0.00||||||||||||||||||||12160.12
F00Q10000482|200210|12025.94|0|031|089|||||8.125|0.00||||||||||||||||||||12025.94
F00Q10000482|200211|11890.86|0|032|088|||||8.125|0.00||||||||||||||||||||11890.86
F00Q10000482|200212|11754.86|0|033|087|||||8.125|0.00||||||||||||||||||||11754.86
F00Q10000482|200301|11617.94|0|034|086|||||8.125|0.00||||||||||||||||||||11617.94
F00Q10000482|200302|11480.09|0|035|085|||||8.125|0.00||||||||||||||||||||11480.09
F00Q10000482|200303|11341.31|0|036|084|||||8.125|0.00||||||||||||||||||||11341.31
F00Q10000482|200304|11224.53|0|037|083|||||8.125|0.00||||||||||||||||||||11224.53
F00Q10000482|200305|11106.96|0|038|082|||||8.125|0.00||||||||||||||||||||11106.96
F00Q10000482|200306|10938.59|0|039|081|||||8.125|0.00||||||||||||||||||||10938.59
F00Q10000482|200307|10819.08|0|040|080|||||8.125|0.00||||||||||||||||||||10819.08
F00Q10000482|200308|10698.76|0|041|079|||||8.125|0.00||||||||||||||||||||10698.76
F00Q10000482|200309|10577.63|0|042|078|||||8.125|0.00||||||||||||||||||||10577.63
F00Q10000482|200310|10455.68|0|043|077|||||8.125|0.00||||||||||||||||||||10455.68
F00Q10000482|200311|10332.90|0|044|076|||||8.125|0.00||||||||||||||||||||10332.90
F00Q10000482|200312|10209.29|0|045|075|||||8.125|0.00||||||||||||||||||||10209.29
F00Q10000482|200401|10084.85|0|046|074|||||8.125|0.00||||||||||||||||||||10084.85
F00Q10000482|200402|9959.56|0|047|073|||||8.125|0.00||||||||||||||||||||9959.56
F00Q10000482|200403|9833.42|0|048|072|||||8.125|0.00||||||||||||||||||||9833.42
F00Q10000482|200404|9655.60|0|049|071|||||8.125|0.00||||||||||||||||||||9655.60
F00Q10000482|200405|9476.58|0|050|070|||||8.125|0.00||||||||||||||||||||9476.58
F00Q10000482|200406|9296.34|0|051|069|||||8.125|0.00||||||||||||||||||||9296.34
F00Q10000482|200407|9114.88|0|052|068|||||8.125|0.00||||||||||||||||||||9114.88
F00Q10000482|200408|8932.20|0|053|067|||||8.125|0.00||||||||||||||||||||8932.20
F00Q10000482|200409|8748.28|0|054|066|||||8.125|0.00||||||||||||||||||||8748.28
F00Q10000482|200410|8563.11|0|055|065|||||8.125|0.00||||||||||||||||||||8563.11
F00Q10000482|200411|8376.69|0|056|064|||||8.125|0.00||||||||||||||||||||8376.69
F00Q10000482|200412|8189.01|0|057|063|||||8.125|0.00||||||||||||||||||||8189.01
F00Q10000482|200501|8000.06|0|058|062|||||8.125|0.00||||||||||||||||||||8000.06
F00Q10000482|200502|7809.83|0|059|061|||||8.125|0.00||||||||||||||||||||7809.83
F00Q10000482|200503|7618.31|0|060|060|||||8.125|0.00||||||||||||||||||||7618.31
F00Q10000482|200504|7434.31|0|061|059|||||8.125|0.00||||||||||||||||||||7434.31
F00Q10000482|200505|7249.07|0|062|058|||||8.125|0.00||||||||||||||||||||7249.07
F00Q10000482|200506|7062.57|0|063|057|||||8.125|0.00||||||||||||||||||||7062.57
F00Q10000482|200507|6874.81|0|064|056|||||8.125|0.00||||||||||||||||||||6874.81
F00Q10000482|200508|6685.78|0|065|055|||||8.125|0.00||||||||||||||||||||6685.78
F00Q10000482|200509|6495.47|0|066|054|||||8.125|0.00||||||||||||||||||||6495.47
F00Q10000482|200510|6303.87|0|067|053|||||8.125|0.00||||||||||||||||||||6303.87
F00Q10000482|200511|6110.97|0|068|052|||||8.125|0.00||||||||||||||||||||6110.97
F00Q10000482|200512|5916.77|0|069|051|||||8.125|0.00||||||||||||||||||||5916.77
F00Q10000482|200601|5721.25|0|070|050|||||8.125|0.00||||||||||||||||||||5721.25
F00Q10000482|200602|5524.41|0|071|049|||||8.125|0.00||||||||||||||||||||5524.41
F00Q10000482|200603|5326.23|0|072|048|||||8.125|0.00||||||||||||||||||||5326.23
F00Q10000482|200604|5160.01|0|073|047|||||8.125|0.00||||||||||||||||||||5160.01
F00Q10000482|200605|4992.67|0|074|046|||||8.125|0.00||||||||||||||||||||4992.67
F00Q10000482|200606|4824.19|0|075|045|||||8.125|0.00||||||||||||||||||||4824.19
F00Q10000482|200607|4654.57|0|076|044|||||8.125|0.00||||||||||||||||||||4654.57
F00Q10000482|200608|4483.81|0|077|043|||||8.125|0.00||||||||||||||||||||4483.81
F00Q10000482|200609|4311.89|0|078|042|||||8.125|0.00||||||||||||||||||||4311.89
F00Q10000482|200610|4138.81|0|079|041|||||8.125|0.00||||||||||||||||||||4138.81
F00Q10000482|200611|3964.55|0|080|040|||||8.125|0.00||||||||||||||||||||3964.55
F00Q10000482|200612|3789.11|0|081|039|||||8.125|0.00||||||||||||||||||||3789.11
F00Q10000482|200701|0.00|0|082|038|||01|200701|8.125|0.00|||||||||||||||3789.11|||||0.00
F00Q10000483|200112|31449.09|0|021|099|||||8.250|0.00||||||||||||||||||||31449.09
F00Q10000483|200201|31209.79|0|022|098|||||8.250|0.00||||||||||||||||||||31209.79
F00Q10000483|200202|30974.37|0|023|097|||||8.250|0.00||||||||||||||||||||30974.37
F00Q10000483|200203|30737.32|0|024|096|||||8.250|0.00||||||||||||||||||||30737.32
F00Q10000483|200204|30501.00|0|025|095|||||8.250|0.00||||||||||||||||||||30501.00
F00Q10000483|200205|30260.70|0|026|094|||||8.250|0.00||||||||||||||||||||30260.70
F00Q10000483|200206|30001.75|0|027|093|||||8.250|0.00||||||||||||||||||||30001.75
F00Q10000483|200207|29766.48|0|028|092|||||8.250|0.00||||||||||||||||||||29766.48
F00Q10000483|200208|29521.12|0|029|091|||||8.250|0.00||||||||||||||||||||29521.12
F00Q10000483|200209|29282.54|0|030|090|||||8.250|0.00||||||||||||||||||||29282.54
F00Q10000483|200210|29042.31|0|031|089|||||8.250|0.00||||||||||||||||||||29042.31
F00Q10000483|200211|28800.43|0|032|088|||||8.250|0.00||||||||||||||||||||28800.43
F00Q10000483|200212|28556.43|0|033|087|||||8.250|0.00||||||||||||||||||||28556.43
F00Q10000483|200301|28311.21|0|034|086|||||8.250|0.00||||||||||||||||||||28311.21
F00Q10000483|200302|28063.85|0|035|085|||||8.250|0.00||||||||||||||||||||28063.85
F00Q10000483|200303|27814.79|0|036|084|||||8.250|0.00||||||||||||||||||||27814.79
F00Q10000483|200304|27560.78|0|037|083|||||8.250|0.00||||||||||||||||||||27560.78
F00Q10000483|200305|27308.26|0|038|082|||||8.250|0.00||||||||||||||||||||27308.26
F00Q10000483|200306|27042.32|0|039|081|||||8.250|0.00||||||||||||||||||||27042.32
F00Q10000483|200307|16775.32|0|040|080|||||8.250|0.00||||||||||||||||||||16775.32
F00Q10000483|200308|16455.99|0|041|079|||||8.250|0.00||||||||||||||||||||16455.99
F00Q10000483|200309|16127.57|0|042|078|||||8.250|0.00||||||||||||||||||||16127.57
F00Q10000483|200310|15796.90|0|043|077|||||8.250|0.00||||||||||||||||||||15796.90
F00Q10000483|200311|15462.84|0|044|076|||||8.250|0.00||||||||||||||||||||15462.84
F00Q10000483|200312|15127.60|0|045|075|||||8.250|0.00||||||||||||||||||||15127.60
F00Q10000483|200401|14790.05|0|046|074|||||8.250|0.00||||||||||||||||||||14790.05
F00Q10000483|200402|14449.73|0|047|073|||||8.250|0.00||||||||||||||||||||14449.73
F00Q10000483|200403|14107.52|0|048|072|||||8.250|0.00||||||||||||||||||||14107.52
F00Q10000483|200404|13754.51|0|049|071|||||8.250|0.00||||||||||||||||||||13754.51
F00Q10000483|200405|13389.08|0|050|070|||||8.250|0.00||||||||||||||||||||13389.08
F00Q10000483|200406|8958.36|0|051|069|||||8.250|0.00||||||||||||||||||||8958.36
F00Q10000483|200407|8581.69|0|052|068|||||8.250|0.00||||||||||||||||||||8581.69
F00Q10000483|200408|8190.69|0|053|067|||||8.250|0.00||||||||||||||||||||8190.69
F00Q10000483|200409|7805.46|0|054|066|||||8.250|0.00||||||||||||||||||||7805.46
F00Q10000483|200410|7415.34|0|055|065|||||8.250|0.00||||||||||||||||||||7415.34
F00Q10000483|200411|7021.32|0|056|064|||||8.250|0.00||||||||||||||||||||7021.32
F00Q10000483|200412|6619.59|0|057|063|||||8.250|0.00||||||||||||||||||||6619.59
F00Q10000483|200501|6223.56|0|058|062|||||8.250|0.00||||||||||||||||||||6223.56
F00Q10000483|200502|5824.80|0|059|061|||||8.250|0.00||||||||||||||||||||5824.80
F00Q10000483|200503|5423.30|0|060|060|||||8.250|0.00||||||||||||||||||||5423.30
F00Q10000483|200504|5010.59|0|061|059|||||8.250|0.00||||||||||||||||||||5010.59
F00Q10000483|200505|4603.49|0|062|058|||||8.250|0.00||||||||||||||||||||4603.49
F00Q10000483|200506|4185.14|0|063|057|||||8.250|0.00||||||||||||||||||||4185.14
F00Q10000483|200507|3772.37|0|064|056|||||8.250|0.00||||||||||||||||||||3772.37
F00Q10000483|200508|3356.76|0|065|055|||||8.250|0.00||||||||||||||||||||3356.76
F00Q10000483|200509|2929.84|0|066|054|||||8.250|0.00||||||||||||||||||||2929.84
F00Q10000483|200510|2499.98|0|067|053|||||8.250|0.00||||||||||||||||||||2499.98
F00Q10000483|200511|2075.62|0|068|052|||||8.250|0.00||||||||||||||||||||2075.62
F00Q10000483|200512|1648.34|0|069|051|||||8.250|0.00||||||||||||||||||||1648.34
F00Q10000483|200601|0.00|0|070|050|||01|200601|8.250|0.00|||||||||||||||1648.34|||||0.00
F00Q10000510|200003|170000.00|0|000|360|||||8.000|0.00||||||||||||||||||||170000.00
F00Q10000510|200004|170000.00|0|001|359|||||8.000|0.00||||||||||||||||||||170000.00
F00Q10000510|200005|168000.00|0|002|358|||||8.000|0.00||||||||||||||||||||168000.00
F00Q10000510|200006|168000.00|0|003|357|||||8.000|0.00||||||||||||||||||||168000.00
F00Q10000510|200007|168000.00|0|004|356|||||8.000|0.00||||||||||||||||||||168000.00
F00Q10000510|200008|168000.00|0|005|355|||||8.000|0.00||||||||||||||||||||168000.00
F00Q10000510|200009|168000.00|0|006|354|||||8.000|0.00||||||||||||||||||||168000.00
F00Q10000510|200010|167634.71|0|007|353|||||8.000|0.00||||||||||||||||||||167634.71
F00Q10000510|200011|167504.87|0|008|352|||||8.000|0.00||||||||||||||||||||167504.87
F00Q10000510|200012|167374.17|0|009|351|||||8.000|0.00||||||||||||||||||||167374.17
F00Q10000510|200101|167242.60|0|010|350|||||8.000|0.00||||||||||||||||||||167242.60
F00Q10000510|200102|167110.15|0|011|349|||||8.000|0.00||||||||||||||||||||167110.15
F00Q10000510|200103|166976.82|0|012|348|||||8.000|0.00||||||||||||||||||||166976.82
F00Q10000510|200104|166842.60|0|013|347|||||8.000|0.00||||||||||||||||||||166842.60
F00Q10000510|200105|166707.48|0|014|346|||||8.000|0.00||||||||||||||||||||166707.48
F00Q10000510|200106|166534.90|0|015|345|||||8.000|0.00||||||||||||||||||||166534.90
F00Q10000510|200107|166397.73|0|016|344|||||8.000|0.00||||||||||||||||||||166397.73
F00Q10000510|200108|166259.65|0|017|343|||||8.000|0.00||||||||||||||||||||166259.65
F00Q10000510|200109|166120.28|0|018|342|||||8.000|0.00||||||||||||||||||||166120.28
F00Q10000510|200110|165980.35|0|019|341|||||8.000|0.00||||||||||||||||||||165980.35
F00Q10000510|200111|165839.49|0|020|340|||||8.000|0.00||||||||||||||||||||165839.49
F00Q10000510|200112|0.00|0|021|339|||01|200112|8.000|0.00|||||||||||||||165839.49|||||0.00
F00Q10000546|200002|46000.00|0|000|360|||||8.750|0.00||||||||||||||||||||46000.00
F00Q10000546|200003|46000.00|0|001|359|||||8.750|0.00||||||||||||||||||||46000.00
F00Q10000546|200004|46000.00|0|002|358|||||8.750|0.00||||||||||||||||||||46000.00
F00Q10000546|200005|46000.00|0|003|357|||||8.750|0.00||||||||||||||||||||46000.00
F00Q10000546|200006|46000.00|0|004|356|||||8.750|0.00||||||||||||||||||||46000.00
F00Q10000546|200007|46000.00|0|005|355|||||8.750|0.00||||||||||||||||||||46000.00
F00Q10000546|200008|46000.00|0|006|354|||||8.750|0.00||||||||||||||||||||46000.00
F00Q10000546|200009|45838.65|0|007|353|||||8.750|0.00||||||||||||||||||||45838.65
F00Q10000546|200010|45805.29|0|008|352|||||8.750|0.00||||||||||||||||||||45805.29
F00Q10000546|200011|45805.29|0|009|351|||||8.750|0.00||||||||||||||||||||45805.29
F00Q10000546|200012|45771.42|0|010|350|||||8.750|0.00||||||||||||||||||||45771.42
F00Q10000546|200101|45726.94|0|011|349|||||8.750|0.00||||||||||||||||||||45726.94
F00Q10000546|200102|45726.94|0|012|348|||||8.750|0.00||||||||||||||||||||45726.94
F00Q10000546|200103|45726.94|0|013|347|||||8.750|0.00||||||||||||||||||||45726.94
F00Q10000546|200104|45704.60|0|014|346|||||8.750|0.00||||||||||||||||||||45704.60
F00Q10000546|200105|45704.60|0|015|345|||||8.750|0.00||||||||||||||||||||45704.60
F00Q10000546|200106|45583.46|0|016|344|||||8.750|0.00||||||||||||||||||||45583.46
F00Q10000546|200107|45560.33|0|017|343|||||8.750|0.00||||||||||||||||||||45560.33
F00Q10000546|200108|45547.96|0|018|342|||||8.750|0.00||||||||||||||||||||45547.96
F00Q10000546|200109|45547.96|0|019|341|||||8.750|0.00||||||||||||||||||||45547.96
F00Q10000546|200110|45544.85|0|020|340|||||8.750|0.00||||||||||||||||||||45544.85
F00Q10000546|200111|45477.76|0|021|339|||||8.750|0.00||||||||||||||||||||45477.76
F00Q10000546|200112|0.00|0|022|338|||01|200112|8.750|0.00|||||||||||||||45477.76|||||0.00
F00Q10000560|200002|137000.00|0|000|360|||||8.000|0.00||||||||||||||||||||137000.00
F00Q10000560|200003|137000.00|0|001|359|||||8.000|0.00||||||||||||||||||||137000.00
F00Q10000560|200004|137000.00|0|002|358|||||8.000|0.00||||||||||||||||||||137000.00
F00Q10000560|200005|137000.00|0|003|357|||||8.000|0.00||||||||||||||||||||137000.00
F00Q10000560|200006|136000.00|0|004|356|||||8.000|0.00||||||||||||||||||||136000.00
F00Q10000560|200007|136000.00|0|005|355|||||8.000|0.00||||||||||||||||||||136000.00
F00Q10000560|200008|136000.00|0|006|354|||||8.000|0.00||||||||||||||||||||136000.00
F00Q10000560|200009|136144.48|0|007|353|||||8.000|0.00||||||||||||||||||||136144.48
F00Q10000560|200010|136048.32|0|008|352|||||8.000|0.00||||||||||||||||||||136048.32
F00Q10000560|200011|135951.52|0|009|351|||||8.000|0.00||||||||||||||||||||135951.52
F00Q10000560|200012|135854.07|0|010|350|||||8.000|0.00||||||||||||||||||||135854.07
F00Q10000560|200101|135755.97|0|011|349|||||8.000|0.00||||||||||||||||||||135755.97
F00Q10000560|200102|135657.22|0|012|348|||||8.000|0.00||||||||||||||||||||135657.22
F00Q10000560|200103|135557.81|0|013|347|||||8.000|0.00||||||||||||||||||||135557.81
F00Q10000560|200104|135457.74|0|014|346|||||8.000|0.00||||||||||||||||||||135457.74
F00Q10000560|200105|135357.00|0|015|345|||||8.000|0.00||||||||||||||||||||135357.00
F00Q10000560|200106|135255.59|0|016|344|||||8.000|0.00||||||||||||||||||||135255.59
F00Q10000560|200107|135153.50|0|017|343|||||8.000|0.00||||||||||||||||||||135153.50
F00Q10000560|200108|135050.73|0|018|342|||||8.000|0.00||||||||||||||||||||135050.73
F00Q10000560|200109|134947.28|0|019|341|||||8.000|0.00||||||||||||||||||||134947.28
F00Q10000560|200110|134843.14|0|020|340|||||8.000|0.00||||||||||||||||||||134843.14
F00Q10000560|200111|134738.30|0|021|339|||||8.000|0.00||||||||||||||||||||134738.30
F00Q10000560|200112|0.00|0|022|338|||01|200112|8.000|0.00|||||||||||||||134738.30|||||0.00
F00Q10000685|200012|125000.00|0|001|179|||||7.625|0.00||||||||||||||||||||125000.00
F00Q10000685|200101|124000.00|0|002|178|||||7.625|0.00||||||||||||||||||||124000.00
F00Q10000685|200102|123000.00|0|003|177|||||7.625|0.00||||||||||||||||||||123000.00
F00Q10000685|200103|122000.00|0|004|176|||||7.625|0.00||||||||||||||||||||122000.00
F00Q10000685|200104|121000.00|0|005|175|||||7.625|0.00||||||||||||||||||||121000.00
F00Q10000685|200105|121000.00|0|006|174|||||7.625|0.00||||||||||||||||||||121000.00
F00Q10000685|200106|119964.71|0|007|173|||||7.625|0.00||||||||||||||||||||119964.71
F00Q10000685|200107|119226.99|0|008|172|||||7.625|0.00||||||||||||||||||||119226.99
F00Q10000685|200108|118484.58|0|009|171|||||7.625|0.00||||||||||||||||||||118484.58
F00Q10000685|200109|117737.45|0|010|170|||||7.625|0.00||||||||||||||||||||117737.45
F00Q10000685|200110|116985.57|0|011|169|||||7.625|0.00||||||||||||||||||||116985.57
F00Q10000685|200111|116228.92|0|012|168|||||7.625|0.00||||||||||||||||||||116228.92
F00Q10000685|200112|115467.46|0|013|167|||||7.625|0.00||||||||||||||||||||115467.46
F00Q10000685|200201|114701.16|0|014|166|||||7.625|0.00||||||||||||||||||||114701.16
F00Q10000685|200202|113929.99|0|015|165|||||7.625|0.00||||||||||||||||||||113929.99
F00Q10000685|200203|113153.92|0|016|164|||||7.625|0.00||||||||||||||||||||113153.92
F00Q10000685|200204|112372.92|0|017|163|||||7.625|0.00||||||||||||||||||||112372.92
F00Q10000685|200205|111586.96|0|018|162|||||7.625|0.00||||||||||||||||||||111586.96
F00Q10000685|200206|110796.00|0|019|161|||||7.625|0.00||||||||||||||||||||110796.00
F00Q10000685|200207|110000.02|0|020|160|||||7.625|0.00||||||||||||||||||||110000.02
F00Q10000685|200208|0.00|0|021|159|||01|200208|7.625|0.00|||||||||||||||110000.02|||||0.00
F00Q10000708|200101|110000.00|0|001|179|||||7.625|0.00||||||||||||||||||||110000.00
F00Q10000708|200102|109000.00|0|002|178|||||7.625|0.00||||||||||||||||||||109000.00
F00Q10000708|200103|109000.00|0|003|177|||||7.625|0.00||||||||||||||||||||109000.00
F00Q10000708|200104|109000.00|0|004|176|||||7.625|0.00||||||||||||||||||||109000.00
F00Q10000708|200105|108000.00|0|005|175|||||7.625|0.00||||||||||||||||||||108000.00
F00Q10000708|200106|108000.00|0|006|174|||||7.625|0.00||||||||||||||||||||108000.00
F00Q10000708|200107|107655.62|0|007|173|||||7.625|0.00||||||||||||||||||||107655.62
F00Q10000708|200108|107312.14|0|008|172|||||7.625|0.00||||||||||||||||||||107312.14
F00Q10000708|200109|106966.48|0|009|171|||||7.625|0.00||||||||||||||||||||106966.48
F00Q10000708|200110|106618.62|0|010|170|||||7.625|0.00||||||||||||||||||||106618.62
F00Q10000708|200111|106268.55|0|011|169|||||7.625|0.00||||||||||||||||||||106268.55
F00Q10000708|200112|105916.26|0|012|168|||||7.625|0.00||||||||||||||||||||105916.26
F00Q10000708|200201|105561.73|0|013|167|||||7.625|0.00||||||||||||||||||||105561.73
F00Q10000708|200202|105204.95|0|014|166|||||7.625|0.00||||||||||||||||||||105204.95
F00Q10000708|200203|104845.90|0|015|165|||||7.625|0.00||||||||||||||||||||104845.90
F00Q10000708|200204|104484.57|0|016|164|||||7.625|0.00||||||||||||||||||||104484.57
F00Q10000708|200205|104120.94|0|017|163|||||7.625|0.00||||||||||||||||||||104120.94
F00Q10000708|200206|103755.00|0|018|162|||||7.625|0.00||||||||||||||||||||103755.00
F00Q10000708|200207|103386.74|0|019|161|||||7.625|0.00||||||||||||||||||||103386.74
F00Q10000708|200208|103016.14|0|020|160|||||7.625|0.00||||||||||||||||||||103016.14
F00Q10000708|200209|102643.18|0|021|159|||||7.625|0.00||||||||||||||||||||102643.18
F00Q10000708|200210|0.00|0|022|158|||01|200210|7.625|0.00|||||||||||||||102643.18|||||0.00
F00Q10000736|200102|190000.00|0|000|360|||||7.625|0.00||||||||||||||||||||190000.00
F00Q10000736|200103|190000.00|0|001|359|||||7.625|0.00||||||||||||||||||||190000.00
F00Q10000736|200104|190000.00|0|002|358|||||7.625|0.00||||||||||||||||||||190000.00
F00Q10000736|200105|190000.00|0|003|357|||||7.625|0.00||||||||||||||||||||190000.00
F00Q10000736|200106|190000.00|0|004|356|||||7.625|0.00||||||||||||||||||||190000.00
F00Q10000736|200107|190000.00|0|005|355|||||7.625|0.00||||||||||||||||||||190000.00
F00Q10000736|200108|190000.00|0|006|354|||||7.625|0.00||||||||||||||||||||190000.00
F00Q10000736|200109|189395.93|0|007|353|||||7.625|0.00||||||||||||||||||||189395.93
F00Q10000736|200110|189191.15|0|008|352|||||7.625|0.00||||||||||||||||||||189191.15
F00Q10000736|200111|188952.19|1|009|351|||||7.625|0.00||||||||||||||||||||188952.19
F00Q10000736|200112|188744.73|1|010|350|||||7.625|0.00||||||||||||||||||||188744.73
F00Q10000736|200201|0.00|2|011|349|||01|200201|7.625|0.00|200111||||||||||||||188744.73|||||0.00
F00Q10000757|200104|210000.00|0|000|358|||||7.000|0.00||||||||||||||||||||210000.00
F00Q10000757|200105|210000.00|0|001|357|||||7.000|0.00||||||||||||||||||||210000.00
F00Q10000757|200106|210000.00|0|002|356|||||7.000|0.00||||||||||||||||||||210000.00
F00Q10000757|200107|209000.00|0|003|355|||||7.000|0.00||||||||||||||||||||209000.00
F00Q10000757|200108|209000.00|0|004|354|||||7.000|0.00||||||||||||||||||||209000.00
F00Q10000757|200109|209000.00|0|005|353|||||7.000|0.00||||||||||||||||||||209000.00
F00Q10000757|200110|209000.00|0|006|352|||||7.000|0.00||||||||||||||||||||209000.00
F00Q10000757|200111|208757.33|0|007|351|||||7.000|0.00||||||||||||||||||||208757.33
F00Q10000757|200112|208575.64|0|008|350|||||7.000|0.00||||||||||||||||||||208575.64
F00Q10000757|200201|208392.89|0|009|349|||||7.000|0.00||||||||||||||||||||208392.89
F00Q10000757|200202|208209.08|0|010|348|||||7.000|0.00||||||||||||||||||||208209.08
F00Q10000757|200203|0.00|0|011|347|||01|200203|7.000|0.00|||||||||||||||208209.08|||||0.00
F00Q10000764|200101|126000.00|0|001|359|||||8.125|0.00||||||||||||||||||||126000.00
F00Q10000764|200102|125000.00|0|002|358|||||8.125|0.00||||||||||||||||||||125000.00
F00Q10000764|200103|125000.00|0|003|357|||||8.125|0.00||||||||||||||||||||125000.00
F00Q10000764|200104|125000.00|0|004|356|||||8.125|0.00||||||||||||||||||||125000.00
F00Q10000764|200105|125000.00|0|005|355|||||8.125|0.00||||||||||||||||||||125000.00
F00Q10000764|200106|125000.00|0|006|354|||||8.125|0.00||||||||||||||||||||125000.00
F00Q10000764|200107|124899.38|0|007|353|||||8.125|0.00||||||||||||||||||||124899.38
F00Q10000764|200108|124804.67|0|008|352|||||8.125|0.00||||||||||||||||||||124804.67
F00Q10000764|200109|124709.32|0|009|351|||||8.125|0.00||||||||||||||||||||124709.32
F00Q10000764|200110|124613.33|0|010|350|||||8.125|0.00||||||||||||||||||||124613.33
F00Q10000764|200111|124501.69|0|011|349|||||8.125|0.00||||||||||||||||||||124501.69
F00Q10000764|200112|0.00|0|012|348|||01|200112|8.125|0.00|||||||||||||||124501.69|||||0.00
F00Q10000773|200101|171000.00|0|001|359|||||8.500|0.00||||||||||||||||||||171000.00
F00Q10000773|200102|171000.00|0|002|358|||||8.500|0.00||||||||||||||||||||171000.00
F00Q10000773|200103|171000.00|0|003|357|||||8.500|0.00||||||||||||||||||||171000.00
F00Q10000773|200104|170000.00|0|004|356|||||8.500|0.00||||||||||||||||||||170000.00
F00Q10000773|200105|170000.00|0|005|355|||||8.500|0.00||||||||||||||||||||170000.00
F00Q10000773|200106|170000.00|0|006|354|||||8.500|0.00||||||||||||||||||||170000.00
F00Q10000773|200107|170118.27|0|007|353|||||8.500|0.00||||||||||||||||||||170118.27
F00Q10000773|200108|169901.67|0|008|352|||||8.500|0.00||||||||||||||||||||169901.67
F00Q10000773|200109|169792.22|0|009|351|||||8.500|0.00||||||||||||||||||||169792.22
F00Q10000773|200110|169681.99|0|010|350|||||8.500|0.00||||||||||||||||||||169681.99
F00Q10000773|200111|169505.33|0|011|349|||||8.500|0.00||||||||||||||||||||169505.33
F00Q10000773|200112|169393.07|0|012|348|||||8.500|0.00||||||||||||||||||||169393.07
F00Q10000773|200201|0.00|0|013|347|||01|200201|8.500|0.00|||||||||||||||169393.07|||||0.00
F00Q10000795|200012|150000.00|0|000|360|||||8.250|0.00||||||||||||||||||||150000.00
F00Q10000795|200101|150000.00|0|001|359|||||8.250|0.00||||||||||||||||||||150000.00
F00Q10000795|200102|150000.00|0|002|358|||||8.250|0.00||||||||||||||||||||150000.00
F00Q10000795|200103|150000.00|0|003|357|||||8.250|0.00||||||||||||||||||||150000.00
F00Q10000795|200104|150000.00|0|004|356|||||8.250|0.00||||||||||||||||||||150000.00
F00Q10000795|200105|150000.00|0|005|355|||||8.250|0.00||||||||||||||||||||150000.00
F00Q10000795|200106|149000.00|0|006|354|||||8.250|0.00||||||||||||||||||||149000.00
F00Q10000795|200107|149316.48|0|007|353|||||8.250|0.00||||||||||||||||||||149316.48
F00Q10000795|200108|149216.13|0|008|352|||||8.250|0.00||||||||||||||||||||149216.13
F00Q10000795|200109|149115.09|0|009|351|||||8.250|0.00||||||||||||||||||||149115.09
F00Q10000795|200110|149013.36|0|010|350|||||8.250|0.00||||||||||||||||||||149013.36
F00Q10000795|200111|148910.93|0|011|349|||||8.250|0.00||||||||||||||||||||148910.93
F00Q10000795|200112|148807.79|0|012|348|||||8.250|0.00||||||||||||||||||||148807.79
F00Q10000795|200201|148696.56|0|013|347|||||8.250|0.00||||||||||||||||||||148696.56
F00Q10000795|200202|148584.62|0|014|346|||||8.250|0.00||||||||||||||||||||148584.62
F00Q10000795|200203|148471.91|0|015|345|||||8.250|0.00||||||||||||||||||||148471.91
F00Q10000795|200204|148358.43|0|016|344|||||8.250|0.00||||||||||||||||||||148358.43
F00Q10000795|200205|148244.16|0|017|343|||||8.250|0.00||||||||||||||||||||148244.16
F00Q10000795|200206|148129.11|0|018|342|||||8.250|0.00||||||||||||||||||||148129.11
F00Q10000795|200207|148013.22|0|019|341|||||8.250|0.00||||||||||||||||||||148013.22
F00Q10000795|200208|147896.58|0|020|340|||||8.250|0.00||||||||||||||||||||147896.58
F00Q10000795|200209|147779.14|0|021|339|||||8.250|0.00||||||||||||||||||||147779.14
F00Q10000795|200210|147660.89|0|022|338|||||8.250|0.00||||||||||||||||||||147660.89
F00Q10000795|200211|147549.21|0|023|337|||||8.250|0.00||||||||||||||||||||147549.21
F00Q10000795|200212|147421.95|0|024|336|||||8.250|0.00||||||||||||||||||||147421.95
F00Q10000795|200301|147308.68|0|025|335|||||8.250|0.00||||||||||||||||||||147308.68
F00Q10000795|200302|147194.53|0|026|334|||||8.250|0.00||||||||||||||||||||147194.53
F00Q10000795|200303|147079.59|0|027|333|||||8.250|0.00||||||||||||||||||||147079.59
F00Q10000795|200304|146963.86|0|028|332|||||8.250|0.00||||||||||||||||||||146963.86
F00Q10000795|200305|146847.34|0|029|331|||||8.250|0.00||||||||||||||||||||146847.34
F00Q10000795|200306|146730.02|0|030|330|||||8.250|0.00||||||||||||||||||||146730.02
F00Q10000795|200307|146611.89|0|031|329|||||8.250|0.00||||||||||||||||||||146611.89
F00Q10000795|200308|146492.95|0|032|328|||||8.250|0.00||||||||||||||||||||146492.95
F00Q10000795|200309|146373.19|0|033|327|||||8.250|0.00||||||||||||||||||||146373.19
F00Q10000795|200310|0.00|0|034|326|||01|200310|8.250|0.00|||||||||||||||146373.19|||||0.00
F00Q10000803|200101|38000.00|0|000|231|||||7.750|0.00||||||||||||||||||||38000.00
F00Q10000803|200102|38000.00|0|001|230|||||7.750|0.00||||||||||||||||||||38000.00
F00Q10000803|200103|38000.00|0|002|229|||||7.750|0.00||||||||||||||||||||38000.00
F00Q10000803|200104|38000.00|0|003|228|||||7.750|0.00||||||||||||||||||||38000.00
F00Q10000803|200105|38000.00|0|004|227|||||7.750|0.00||||||||||||||||||||38000.00
F00Q10000803|200106|23000.00|0|005|226|||||7.750|0.00||||||||||||||||||||23000.00
F00Q10000803|200107|23000.00|0|006|225|||||7.750|0.00||||||||||||||||||||23000.00
F00Q10000803|200108|22879.71|0|007|224|||||7.750|0.00||||||||||||||||||||22879.71
F00Q10000803|200109|22709.40|0|008|223|||||7.750|0.00||||||||||||||||||||22709.40
F00Q10000803|200110|22537.99|0|009|222|||||7.750|0.00||||||||||||||||||||22537.99
F00Q10000803|200111|22365.48|0|010|221|||||7.750|0.00||||||||||||||||||||22365.48
F00Q10000803|200112|22017.10|0|011|220|||||7.750|0.00||||||||||||||||||||22017.10
F00Q10000803|200201|22017.10|0|012|219|||||7.750|0.00||||||||||||||||||||22017.10
F00Q10000803|200202|21841.22|0|013|218|||||7.750|0.00||||||||||||||||||||21841.22
F00Q10000803|200203|21664.21|0|014|217|||||7.750|0.00||||||||||||||||||||21664.21
F00Q10000803|200204|21486.05|0|015|216|||||7.750|0.00||||||||||||||||||||21486.05
F00Q10000803|200205|21306.74|0|016|215|||||7.750|0.00||||||||||||||||||||21306.74
F00Q10000803|200206|21126.28|0|017|214|||||7.750|0.00||||||||||||||||||||21126.28
F00Q10000803|200207|20944.65|0|018|213|||||7.750|0.00||||||||||||||||||||20944.65
F00Q10000803|200208|20761.85|0|019|212|||||7.750|0.00||||||||||||||||||||20761.85
F00Q10000803|200209|20577.87|0|020|211|||||7.750|0.00||||||||||||||||||||20577.87
F00Q10000803|200210|20392.70|0|021|210|||||7.750|0.00||||||||||||||||||||20392.70
F00Q10000803|200211|20206.33|0|022|209|||||7.750|0.00||||||||||||||||||||20206.33
F00Q10000803|200212|20018.76|0|023|208|||||7.750|0.00||||||||||||||||||||20018.76
F00Q10000803|200301|19829.98|0|024|207|||||7.750|0.00||||||||||||||||||||19829.98
F00Q10000803|200302|19639.98|0|025|206|||||7.750|0.00||||||||||||||||||||19639.98
F00Q10000803|200303|19448.75|0|026|205|||||7.750|0.00||||||||||||||||||||19448.75
F00Q10000803|200304|19256.29|0|027|204|||||7.750|0.00||||||||||||||||||||19256.29
F00Q10000803|200305|18867.62|0|028|203|||||7.750|0.00||||||||||||||||||||18867.62
F00Q10000803|200306|18867.62|0|029|202|||||7.750|0.00||||||||||||||||||||18867.62
F00Q10000803|200307|18671.40|0|030|201|||||7.750|0.00||||||||||||||||||||18671.40
F00Q10000803|200308|18473.92|0|031|200|||||7.750|0.00||||||||||||||||||||18473.92
F00Q10000803|200309|18275.16|0|032|199|||||7.750|0.00||||||||||||||||||||18275.16
F00Q10000803|200310|18075.12|0|033|198|||||7.750|0.00||||||||||||||||||||18075.12
F00Q10000803|200311|17873.79|0|034|197|||||7.750|0.00||||||||||||||||||||17873.79
F00Q10000803|200312|17671.15|0|035|196|||||7.750|0.00||||||||||||||||||||17671.15
F00Q10000803|200401|17467.21|0|036|195|||||7.750|0.00||||||||||||||||||||17467.21
F00Q10000803|200402|17261.95|0|037|194|||||7.750|0.00||||||||||||||||||||17261.95
F00Q10000803|200403|17055.36|0|038|193|||||7.750|0.00||||||||||||||||||||17055.36
F00Q10000803|200404|16847.44|0|039|192|||||7.750|0.00||||||||||||||||||||16847.44
F00Q10000803|200405|16638.18|0|040|191|||||7.750|0.00||||||||||||||||||||16638.18
F00Q10000803|200406|16427.56|0|041|190|||||7.750|0.00||||||||||||||||||||16427.56
F00Q10000803|200407|16002.24|0|042|189|||||7.750|0.00||||||||||||||||||||16002.24
F00Q10000803|200408|16002.24|0|043|188|||||7.750|0.00||||||||||||||||||||16002.24
F00Q10000803|200409|15787.52|0|044|187|||||7.750|0.00||||||||||||||||||||15787.52
F00Q10000803|200410|15571.41|0|045|186|||||7.750|0.00||||||||||||||||||||15571.41
F00Q10000803|200411|15353.91|0|046|185|||||7.750|0.00||||||||||||||||||||15353.91
F00Q10000803|200412|15135.00|0|047|184|||||7.750|0.00||||||||||||||||||||15135.00
F00Q10000803|200501|9779.68|0|048|183|||||7.750|0.00||||||||||||||||||||9779.68
F00Q10000803|200502|9446.53|0|049|182|||||7.750|0.00||||||||||||||||||||9446.53
F00Q10000803|200503|9164.31|0|050|181|||||7.750|0.00||||||||||||||||||||9164.31
F00Q10000803|200504|8880.27|0|051|180|||||7.750|0.00||||||||||||||||||||8880.27
F00Q10000803|200505|8594.39|0|052|179|||||7.750|0.00||||||||||||||||||||8594.39
F00Q10000803|200506|8017.09|0|053|178|||||7.750|0.00||||||||||||||||||||8017.09
F00Q10000803|200507|8017.09|0|054|177|||||7.750|0.00||||||||||||||||||||8017.09
F00Q10000803|200508|7725.64|0|055|176|||||7.750|0.00||||||||||||||||||||7725.64
F00Q10000803|200509|7432.30|0|056|175|||||7.750|0.00||||||||||||||||||||7432.30
F00Q10000803|200510|7137.07|0|057|174|||||7.750|0.00||||||||||||||||||||7137.07
F00Q10000803|200511|6839.93|0|058|173|||||7.750|0.00||||||||||||||||||||6839.93
F00Q10000803|200512|6239.88|0|059|172|||||7.750|0.00||||||||||||||||||||6239.88
F00Q10000803|200601|6239.88|0|060|171|||||7.750|0.00||||||||||||||||||||6239.88
F00Q10000803|200602|5936.95|0|061|170|||||7.750|0.00||||||||||||||||||||5936.95
F00Q10000803|200603|5625.02|0|062|169|||||7.750|0.00||||||||||||||||||||5625.02
F00Q10000803|200604|0.00|0|063|168|||01|200604|7.750|0.00|||||||||||||||5625.02|||||0.00
F00Q10000815|200106|168451.59|0|014|346|||||8.375|0.00||||||||||||||||||||168451.59
F00Q10000815|200107|168335.11|0|015|345|||||8.375|0.00||||||||||||||||||||168335.11
F00Q10000815|200108|168217.82|0|016|344|||||8.375|0.00||||||||||||||||||||168217.82
F00Q10000815|200109|168099.71|0|017|343|||||8.375|0.00||||||||||||||||||||168099.71
F00Q10000815|200110|167980.78|0|018|342|||||8.375|0.00||||||||||||||||||||167980.78
F00Q10000815|200111|0.00|0|019|341|||01|200111|8.375|0.00|||||||||||||||167980.78|||||0.00
F00Q10000817|200106|150580.46|0|014|346|||||8.375|0.00||||||||||||||||||||150580.46
F00Q10000817|200107|150372.50|0|015|345|||||8.375|0.00||||||||||||||||||||150372.50
F00Q10000817|200108|150267.42|0|016|344|||||8.375|0.00||||||||||||||||||||150267.42
F00Q10000817|200109|150123.61|0|017|343|||||8.375|0.00||||||||||||||||||||150123.61
F00Q10000817|200110|150016.70|0|018|342|||||8.375|0.00||||||||||||||||||||150016.70
F00Q10000817|200111|149909.14|0|019|341|||||8.375|0.00||||||||||||||||||||149909.14
F00Q10000817|200112|149800.83|0|020|340|||||8.375|0.00||||||||||||||||||||149800.83
F00Q10000817|200201|149676.76|0|021|339|||||8.375|0.00||||||||||||||||||||149676.76
F00Q10000817|200202|0.00|0|022|338|||01|200202|8.375|0.00|||||||||||||||149676.76|||||0.00
F00Q10000821|200106|148616.12|0|014|346|||||8.375|0.00||||||||||||||||||||148616.12
F00Q10000821|200107|148352.61|0|015|345|||||8.375|0.00||||||||||||||||||||148352.61
F00Q10000821|200108|148190.87|0|016|344|||||8.375|0.00||||||||||||||||||||148190.87
F00Q10000821|200109|148028.00|0|017|343|||||8.375|0.00||||||||||||||||||||148028.00
F00Q10000821|200110|147921.00|0|018|342|||||8.375|0.00||||||||||||||||||||147921.00
F00Q10000821|200111|147921.00|0|019|341|||||8.375|0.00||||||||||||||||||||147921.00
F00Q10000821|200112|147813.26|0|020|340|||||8.375|0.00||||||||||||||||||||147813.26
F00Q10000821|200201|147538.10|0|021|339|||||8.375|0.00||||||||||||||||||||147538.10
F00Q10000821|200202|147538.10|1|022|338|||||8.375|0.00||||||||||||||||||||147538.10
F00Q10000821|200203|147259.48|0|023|337|||||8.375|0.00||||||||||||||||||||147259.48
F00Q10000821|200204|147147.12|0|024|336|||||8.375|0.00||||||||||||||||||||147147.12
F00Q10000821|200205|147033.97|0|025|335|||||8.375|0.00||||||||||||||||||||147033.97
F00Q10000821|200206|147033.97|0|026|334|||||8.375|0.00||||||||||||||||||||147033.97
F00Q10000821|200207|146920.03|0|027|333|||||8.375|0.00||||||||||||||||||||146920.03
F00Q10000821|200208|146689.77|0|028|332|||||8.375|0.00||||||||||||||||||||146689.77
F00Q10000821|200209|146536.42|0|029|331|||||8.375|0.00||||||||||||||||||||146536.42
F00Q10000821|200210|146419.01|0|030|330|||||8.375|0.00||||||||||||||||||||146419.01
F00Q10000821|200211|146243.77|0|031|329|||||8.375|0.00||||||||||||||||||||146243.77
F00Q10000821|200212|146067.31|0|032|328|||||8.375|0.00||||||||||||||||||||146067.31
F00Q10000821|200301|145946.63|0|033|327|||||8.375|0.00||||||||||||||||||||145946.63
F00Q10000821|200302|145946.63|0|034|326|||||8.375|0.00||||||||||||||||||||145946.63
F00Q10000821|200303|145702.74|0|035|325|||||8.375|0.00||||||||||||||||||||145702.74
F00Q10000821|200304|145579.51|0|036|324|||||8.375|0.00||||||||||||||||||||145579.51
F00Q10000821|200305|145579.51|0|037|323|||||8.375|0.00||||||||||||||||||||145579.51
F00Q10000821|200306|145455.42|0|038|322|||||8.375|0.00||||||||||||||||||||145455.42
F00Q10000821|200307|145330.47|0|039|321|||||8.375|0.00||||||||||||||||||||145330.47
F00Q10000821|200308|0.00|0|040|320|||01|200308|8.375|0.00|||||||||||||||145330.47|||||0.00
F00Q10000825|200106|215023.58|0|014|346|||||8.375|0.00||||||||||||||||||||215023.58
F00Q10000825|200107|214874.91|0|015|345|||||8.375|0.00||||||||||||||||||||214874.91
F00Q10000825|200108|214725.20|0|016|344|||||8.375|0.00||||||||||||||||||||214725.20
F00Q10000825|200109|214574.44|0|017|343|||||8.375|0.00||||||||||||||||||||214574.44
F00Q10000825|200110|214422.63|0|018|342|||||8.375|0.00||||||||||||||||||||214422.63
F00Q10000825|200111|214269.76|0|019|341|||||8.375|0.00||||||||||||||||||||214269.76
F00Q10000825|200112|214115.82|0|020|340|||||8.375|0.00||||||||||||||||||||214115.82
F00Q10000825|200201|0.00|0|021|339|||01|200201|8.375|0.00|||||||||||||||214115.82|||||0.00
F00Q10000830|200106|72000.00|0|000|360|||||7.875|0.00||||||||||||||||||||72000.00
F00Q10000830|200107|72000.00|0|001|359|||||7.875|0.00||||||||||||||||||||72000.00
F00Q10000830|200108|72000.00|0|002|358|||||7.875|0.00||||||||||||||||||||72000.00
F00Q10000830|200109|72000.00|0|003|357|||||7.875|0.00||||||||||||||||||||72000.00
F00Q10000830|200110|72000.00|0|004|356|||||7.875|0.00||||||||||||||||||||72000.00
F00Q10000830|200111|71000.00|0|005|355|||||7.875|0.00||||||||||||||||||||71000.00
F00Q10000830|200112|71000.00|0|006|354|||||7.875|0.00||||||||||||||||||||71000.00
F00Q10000830|200201|71268.99|0|007|353|||||7.875|0.00||||||||||||||||||||71268.99
F00Q10000830|200202|71025.75|0|008|352|||||7.875|0.00||||||||||||||||||||71025.75
F00Q10000830|200203|70892.46|0|009|351|||||7.875|0.00||||||||||||||||||||70892.46
F00Q10000830|200204|70758.29|0|010|350|||||7.875|0.00||||||||||||||||||||70758.29
F00Q10000830|200205|70623.24|0|011|349|||||7.875|0.00||||||||||||||||||||70623.24
F00Q10000830|200206|70487.31|0|012|348|||||7.875|0.00||||||||||||||||||||70487.31
F00Q10000830|200207|0.00|0|013|347|||01|200207|7.875|0.00|||||||||||||||70487.31|||||0.00
F00Q10000836|200102|125000.00|0|001|350|||||8.000|0.00||||||||||||||||||||125000.00
F00Q10000836|200103|125000.00|0|002|349|||||8.000|0.00||||||||||||||||||||125000.00
F00Q10000836|200104|125000.00|0|003|348|||||8.000|0.00||||||||||||||||||||125000.00
F00Q10000836|200105|125000.00|0|004|347|||||8.000|0.00||||||||||||||||||||125000.00
F00Q10000836|200106|125000.00|0|005|346|||||8.000|0.00||||||||||||||||||||125000.00
F00Q10000836|200107|125000.00|0|006|345|||||8.000|0.00||||||||||||||||||||125000.00
F00Q10000836|200108|124615.43|0|007|344|||||8.000|0.00||||||||||||||||||||124615.43
F00Q10000836|200109|124521.37|0|008|343|||||8.000|0.00||||||||||||||||||||124521.37
F00Q10000836|200110|124426.68|0|009|342|||||8.000|0.00||||||||||||||||||||124426.68
F00Q10000836|200111|124331.36|0|010|341|||||8.000|0.00||||||||||||||||||||124331.36
F00Q10000836|200112|124235.41|0|011|340|||||8.000|0.00||||||||||||||||||||124235.41
F00Q10000836|200201|124138.82|0|012|339|||||8.000|0.00||||||||||||||||||||124138.82
F00Q10000836|200202|124138.82|0|013|338|||||8.000|0.00||||||||||||||||||||124138.82
F00Q10000836|200203|124041.58|0|014|337|||||8.000|0.00||||||||||||||||||||124041.58
F00Q10000836|200204|0.00|0|015|336|||01|200204|8.000|0.00|||||||||||||||124041.58|||||0.00
F00Q10000837|200102|242000.00|0|001|350|||||8.000|0.00||||||||||||||||||||242000.00
F00Q10000837|200103|242000.00|0|002|349|||||8.000|0.00||||||||||||||||||||242000.00
F00Q10000837|200104|0.00|0|003|348|||01|200104|8.000|0.00|||||||||||||||242148.99|||||0.00
F00Q10000839|200102|149000.00|0|001|350|||||8.000|0.00||||||||||||||||||||149000.00
F00Q10000839|200103|149000.00|0|002|349|||||8.000|0.00||||||||||||||||||||149000.00
F00Q10000839|200104|148000.00|0|003|348|||||8.000|0.00||||||||||||||||||||148000.00
F00Q10000839|200105|148000.00|0|004|347|||||8.000|0.00||||||||||||||||||||148000.00
F00Q10000839|200106|148000.00|0|005|346|||||8.000|0.00||||||||||||||||||||148000.00
F00Q10000839|200107|148000.00|0|006|345|||||8.000|0.00||||||||||||||||||||148000.00
F00Q10000839|200108|147956.20|0|007|344|||||8.000|0.00||||||||||||||||||||147956.20
F00Q10000839|200109|147668.45|0|008|343|||||8.000|0.00||||||||||||||||||||147668.45
F00Q10000839|200110|147378.79|0|009|342|||||8.000|0.00||||||||||||||||||||147378.79
F00Q10000839|200111|147087.20|0|010|341|||||8.000|0.00||||||||||||||||||||147087.20
F00Q10000839|200112|146793.66|0|011|340|||||8.000|0.00||||||||||||||||||||146793.66
F00Q10000839|200201|0.00|0|012|339|||01|200201|8.000|0.00|||||||||||||||146793.66|||||0.00
F00Q10000862|200104|178000.00|0|002|348|||||7.250|0.00||||||||||||||||||||178000.00
F00Q10000862|200105|178000.00|0|003|347|||||7.250|0.00||||||||||||||||||||178000.00
F00Q10000862|200106|178000.00|0|004|346|||||7.250|0.00||||||||||||||||||||178000.00
F00Q10000862|200107|0.00|0|005|345|||01|200107|7.250|0.00|||||||||||||||178152.69|||||0.00
F00Q10000878|200104|268000.00|0|002|348|||||7.250|0.00||||||||||||||||||||268000.00
F00Q10000878|200105|267000.00|0|003|347|||||7.250|0.00||||||||||||||||||||267000.00
F00Q10000878|200106|267000.00|0|004|346|||||7.250|0.00||||||||||||||||||||267000.00
F00Q10000878|200107|267000.00|0|005|345|||||7.250|0.00||||||||||||||||||||267000.00
F00Q10000878|200108|267000.00|0|006|344|||||7.250|0.00||||||||||||||||||||267000.00
F00Q10000878|200109|266489.93|0|007|343|||||7.250|0.00||||||||||||||||||||266489.93
F00Q10000878|200110|266256.37|0|008|342|||||7.250|0.00||||||||||||||||||||266256.37
F00Q10000878|200111|266021.40|0|009|341|||||7.250|0.00||||||||||||||||||||266021.40
F00Q10000878|200112|265785.01|0|010|340|||||7.250|0.00||||||||||||||||||||265785.01
F00Q10000878|200201|265547.19|0|011|339|||||7.250|0.00||||||||||||||||||||265547.19
F00Q10000878|200202|265307.94|0|012|338|||||7.250|0.00||||||||||||||||||||265307.94
F00Q10000878|200203|265067.24|0|013|337|||||7.250|0.00||||||||||||||||||||265067.24
F00Q10000878|200204|264825.09|0|014|336|||||7.250|0.00||||||||||||||||||||264825.09
F00Q10000878|200205|264581.48|0|015|335|||||7.250|0.00||||||||||||||||||||264581.48
F00Q10000878|200206|264336.39|0|016|334|||||7.250|0.00||||||||||||||||||||264336.39
F00Q10000878|200207|264089.82|0|017|333|||||7.250|0.00||||||||||||||||||||264089.82
F00Q10000878|200208|0.00|0|018|332|||01|200208|7.250|0.00|||||||||||||||264089.82|||||0.00
F00Q10000881|200104|171000.00|0|001|347|||||7.500|0.00||||||||||||||||||||171000.00
F00Q10000881|200105|171000.00|0|002|346|||||7.500|0.00||||||||||||||||||||171000.00
F00Q10000881|200106|171000.00|0|003|345|||||7.500|0.00||||||||||||||||||||171000.00
F00Q10000881|200107|171000.00|0|004|344|||||7.500|0.00||||||||||||||||||||171000.00
F00Q10000881|200108|171000.00|0|005|343|||||7.500|0.00||||||||||||||||||||171000.00
F00Q10000881|200109|171000.00|0|006|342|||||7.500|0.00||||||||||||||||||||171000.00
F00Q10000881|200110|170319.77|0|007|341|||||7.500|0.00||||||||||||||||||||170319.77
F00Q10000881|200111|170319.77|0|008|340|||||7.500|0.00||||||||||||||||||||170319.77
F00Q10000881|200112|170029.99|0|009|339|||||7.500|0.00||||||||||||||||||||170029.99
F00Q10000881|200201|170029.99|0|010|338|||||7.500|0.00||||||||||||||||||||170029.99
F00Q10000881|200202|169883.74|0|011|337|||||7.500|0.00||||||||||||||||||||169883.74
F00Q10000881|200203|169736.57|0|012|336|||||7.500|0.00||||||||||||||||||||169736.57
F00Q10000881|200204|169439.47|0|013|335|||||7.500|0.00||||||||||||||||||||169439.47
F00Q10000881|200205|169439.47|0|014|334|||||7.500|0.00||||||||||||||||||||169439.47
F00Q10000881|200206|169138.65|0|015|333|||||7.500|0.00||||||||||||||||||||169138.65
F00Q10000881|200207|169138.65|0|016|332|||||7.500|0.00||||||||||||||||||||169138.65
F00Q10000881|200208|168986.83|0|017|331|||||7.500|0.00||||||||||||||||||||168986.83
F00Q10000881|200209|168691.09|0|018|330|||||7.500|0.00||||||||||||||||||||168691.09
F00Q10000881|200210|168380.88|0|019|329|||||7.500|0.00||||||||||||||||||||168380.88
F00Q10000881|200211|168224.32|0|020|328|||||7.500|0.00||||||||||||||||||||168224.32
F00Q10000881|200212|168224.32|1|021|327|||||7.500|0.00||||||||||||||||||||168224.32
F00Q10000881|200301|168224.32|0|022|326|||||7.500|0.00||||||||||||||||||||168224.32
F00Q10000881|200302|167908.26|0|023|325|||||7.500|0.00||||||||||||||||||||167908.26
F00Q10000881|200303|167748.75|0|024|324|||||7.500|0.00||||||||||||||||||||167748.75
F00Q10000881|200304|167426.73|0|025|323|||||7.500|0.00||||||||||||||||||||167426.73
F00Q10000881|200305|167426.73|0|026|322|||||7.500|0.00||||||||||||||||||||167426.73
F00Q10000881|200306|167100.67|0|027|321|||||7.500|0.00||||||||||||||||||||167100.67
F00Q10000881|200307|166770.52|0|028|320|||||7.500|0.00||||||||||||||||||||166770.52
F00Q10000881|200308|166770.52|0|029|319|||||7.500|0.00||||||||||||||||||||166770.52
F00Q10000881|200309|166603.90|0|030|318|||||7.500|0.00||||||||||||||||||||166603.90
F00Q10000881|200310|166436.23|0|031|317|||||7.500|0.00||||||||||||||||||||166436.23
F00Q10000881|200311|166436.23|0|032|316|||||7.500|0.00||||||||||||||||||||166436.23
F00Q10000881|200312|166097.75|0|033|315|||||7.500|0.00||||||||||||||||||||166097.75
F00Q10000881|200401|166097.75|0|034|314|||||7.500|0.00||||||||||||||||||||166097.75
F00Q10000881|200402|165926.92|1|035|313|||||7.500|0.00||||||||||||||||||||165926.92
F00Q10000881|200403|165582.05|0|036|312|||||7.500|0.00||||||||||||||||||||165582.05
F00Q10000881|200404|165408.00|0|037|311|||||7.500|0.00||||||||||||||||||||165408.00
F00Q10000881|200405|165408.00|0|038|310|||||7.500|0.00||||||||||||||||||||165408.00
F00Q10000881|200406|165232.86|0|039|309|||||7.500|0.00||||||||||||||||||||165232.86
F00Q10000881|200407|165056.63|1|040|308|||||7.500|0.00||||||||||||||||||||165056.63
F00Q10000881|200408|164676.67|0|041|307|||||7.500|0.00||||||||||||||||||||164676.67
F00Q10000881|200409|164676.67|0|042|306|||||7.500|0.00||||||||||||||||||||164676.67
F00Q10000881|200410|164496.96|0|043|305|||||7.500|0.00||||||||||||||||||||164496.96
F00Q10000881|200411|164316.13|0|044|304|||||7.500|0.00||||||||||||||||||||164316.13
F00Q10000881|200412|164134.17|1|045|303|||||7.500|0.00||||||||||||||||||||164134.17
F00Q10000881|200501|164134.17|0|046|302|||||7.500|0.00||||||||||||||||||||164134.17
F00Q10000881|200502|163581.42|0|047|301|||||7.500|0.00||||||||||||||||||||163581.42
F00Q10000881|200503|163581.42|0|048|300|||||7.500|0.00||||||||||||||||||||163581.42
F00Q10000881|200504|163207.14|0|049|299|||||7.500|0.00||||||||||||||||||||163207.14
F00Q10000881|200505|163018.24|0|050|298|||||7.500|0.00||||||||||||||||||||163018.24
F00Q10000881|200506|162828.16|0|051|297|||||7.500|0.00||||||||||||||||||||162828.16
F00Q10000881|200507|162636.90|0|052|296|||||7.500|0.00||||||||||||||||||||162636.90
F00Q10000881|200508|162444.44|0|053|295|||||7.500|0.00||||||||||||||||||||162444.44
F00Q10000881|200509|162250.78|0|054|294|||||7.500|0.00||||||||||||||||||||162250.78
F00Q10000881|200510|162055.91|0|055|293|||||7.500|0.00||||||||||||||||||||162055.91
F00Q10000881|200511|0.00|0|056|292|||01|200511|7.500|0.00|||||||||||||||162055.91|||||0.00
F00Q10000890|200104|210000.00|0|001|348|||||7.500|0.00||||||||||||||||||||210000.00
F00Q10000890|200105|209000.00|0|002|347|||||7.500|0.00||||||||||||||||||||209000.00
F00Q10000890|200106|209000.00|0|003|346|||||7.500|0.00||||||||||||||||||||209000.00
F00Q10000890|200107|209000.00|0|004|345|||||7.500|0.00||||||||||||||||||||209000.00
F00Q10000890|200108|209000.00|0|005|344|||||7.500|0.00||||||||||||||||||||209000.00
F00Q10000890|200109|209000.00|0|006|343|||||7.500|0.00||||||||||||||||||||209000.00
F00Q10000890|200110|208604.46|0|007|342|||||7.500|0.00||||||||||||||||||||208604.46
F00Q10000890|200111|208428.80|0|008|341|||||7.500|0.00||||||||||||||||||||208428.80
F00Q10000890|200112|208252.04|0|009|340|||||7.500|0.00||||||||||||||||||||208252.04
F00Q10000890|200201|0.00|0|010|339|||01|200201|7.500|0.00|||||||||||||||208252.04|||||0.00
F00Q10000917|200101|80000.00|0|002|358|||||7.875|0.00||||||||||||||||||||80000.00
F00Q10000917|200102|80000.00|0|003|357|||||7.875|0.00||||||||||||||||||||80000.00
F00Q10000917|200103|80000.00|0|004|356|||||7.875|0.00||||||||||||||||||||80000.00
F00Q10000917|200104|80000.00|0|005|355|||||7.875|0.00||||||||||||||||||||80000.00
F00Q10000917|200105|80000.00|0|006|354|||||7.875|0.00||||||||||||||||||||80000.00
F00Q10000917|200106|79586.51|0|007|353|||||7.875|0.00||||||||||||||||||||79586.51
F00Q10000917|200107|79528.74|0|008|352|||||7.875|0.00||||||||||||||||||||79528.74
F00Q10000917|200108|79470.59|0|009|351|||||7.875|0.00||||||||||||||||||||79470.59
F00Q10000917|200109|79412.06|0|010|350|||||7.875|0.00||||||||||||||||||||79412.06
F00Q10000917|200110|79353.14|0|011|349|||||7.875|0.00||||||||||||||||||||79353.14
F00Q10000917|200111|79293.83|0|012|348|||||7.875|0.00||||||||||||||||||||79293.83
F00Q10000917|200112|79234.14|0|013|347|||||7.875|0.00||||||||||||||||||||79234.14
F00Q10000917|200201|79174.05|0|014|346|||||7.875|0.00||||||||||||||||||||79174.05
F00Q10000917|200202|79113.57|0|015|345|||||7.875|0.00||||||||||||||||||||79113.57
F00Q10000917|200203|79052.69|0|016|344|||||7.875|0.00||||||||||||||||||||79052.69
F00Q10000917|200204|78991.41|0|017|343|||||7.875|0.00||||||||||||||||||||78991.41
F00Q10000917|200205|78929.73|0|018|342|||||7.875|0.00||||||||||||||||||||78929.73
F00Q10000917|200206|78867.65|0|019|341|||||7.875|0.00||||||||||||||||||||78867.65
F00Q10000917|200207|78805.16|0|020|340|||||7.875|0.00||||||||||||||||||||78805.16
F00Q10000917|200208|78742.26|0|021|339|||||7.875|0.00||||||||||||||||||||78742.26
F00Q10000917|200209|78678.95|0|022|338|||||7.875|0.00||||||||||||||||||||78678.95
F00Q10000917|200210|78615.22|0|023|337|||||7.875|0.00||||||||||||||||||||78615.22
F00Q10000917|200211|78551.07|0|024|336|||||7.875|0.00||||||||||||||||||||78551.07
F00Q10000917|200212|0.00|0|025|335|||01|200212|7.875|0.00|||||||||||||||78551.07|||||0.00
F00Q10000918|200101|73000.00|0|001|359|||||7.875|0.00||||||||||||||||||||73000.00
F00Q10000918|200102|73000.00|0|002|358|||||7.875|0.00||||||||||||||||||||73000.00
F00Q10000918|200103|73000.00|0|003|357|||||7.875|0.00||||||||||||||||||||73000.00
F00Q10000918|200104|73000.00|0|004|356|||||7.875|0.00||||||||||||||||||||73000.00
F00Q10000918|200105|73000.00|0|005|355|||||7.875|0.00||||||||||||||||||||73000.00
F00Q10000918|200106|0.00|0|006|354|||01|200106|7.875|0.00|||||||||||||||72745.49|||||0.00
F00Q10000921|200101|148000.00|0|001|359|||||7.875|0.00||||||||||||||||||||148000.00
F00Q10000921|200102|148000.00|0|002|358|||||7.875|0.00||||||||||||||||||||148000.00
F00Q10000921|200103|148000.00|0|003|357|||||7.875|0.00||||||||||||||||||||148000.00
F00Q10000921|200104|148000.00|0|004|356|||||7.875|0.00||||||||||||||||||||148000.00
F00Q10000921|200105|147000.00|0|005|355|||||7.875|0.00||||||||||||||||||||147000.00
F00Q10000921|200106|147000.00|0|006|354|||||7.875|0.00||||||||||||||||||||147000.00
F00Q10000921|200107|147378.78|0|007|353|||||7.875|0.00||||||||||||||||||||147378.78
F00Q10000921|200108|147166.23|0|008|352|||||7.875|0.00||||||||||||||||||||147166.23
F00Q10000921|200109|147166.23|0|009|351|||||7.875|0.00||||||||||||||||||||147166.23
F00Q10000921|200110|146950.88|0|010|350|||||7.875|0.00||||||||||||||||||||146950.88
F00Q10000921|200111|146842.15|0|011|349|||||7.875|0.00||||||||||||||||||||146842.15
F00Q10000921|200112|146732.70|0|012|348|||||7.875|0.00||||||||||||||||||||146732.70
F00Q10000921|200201|146622.53|0|013|347|||||7.875|0.00||||||||||||||||||||146622.53
F00Q10000921|200202|146511.64|0|014|346|||||7.875|0.00||||||||||||||||||||146511.64
F00Q10000921|200203|146400.02|0|015|345|||||7.875|0.00||||||||||||||||||||146400.02
F00Q10000921|200204|146287.67|0|016|344|||||7.875|0.00||||||||||||||||||||146287.67
F00Q10000921|200205|146174.58|0|017|343|||||7.875|0.00||||||||||||||||||||146174.58
F00Q10000921|200206|146174.58|0|018|342|||||7.875|0.00||||||||||||||||||||146174.58
F00Q10000921|200207|145946.17|0|019|341|||||7.875|0.00||||||||||||||||||||145946.17
F00Q10000921|200208|145830.84|0|020|340|||||7.875|0.00||||||||||||||||||||145830.84
F00Q10000921|200209|145830.84|0|021|339|||||7.875|0.00||||||||||||||||||||145830.84
F00Q10000921|200210|145597.90|0|022|338|||||7.875|0.00||||||||||||||||||||145597.90
F00Q10000921|200211|145480.29|0|023|337|||||7.875|0.00||||||||||||||||||||145480.29
F00Q10000921|200212|145480.29|0|024|336|||||7.875|0.00||||||||||||||||||||145480.29
F00Q10000921|200301|0.00|0|025|335|||01|200301|7.875|0.00|||||||||||||||145480.29|||||0.00
F00Q10000926|200101|116093.43|0|009|351|||||8.125|0.00||||||||||||||||||||116093.43
F00Q10000926|200102|116012.24|0|010|350|||||8.125|0.00||||||||||||||||||||116012.24
F00Q10000926|200103|115683.19|0|011|349|||||8.125|0.00||||||||||||||||||||115683.19
F00Q10000926|200104|115599.22|0|012|348|||||8.125|0.00||||||||||||||||||||115599.22
F00Q10000926|200105|115514.68|0|013|347|||||8.125|0.00||||||||||||||||||||115514.68
F00Q10000926|200106|115429.57|0|014|346|||||8.125|0.00||||||||||||||||||||115429.57
F00Q10000926|200107|115343.88|0|015|345|||||8.125|0.00||||||||||||||||||||115343.88
F00Q10000926|200108|115257.61|0|016|344|||||8.125|0.00||||||||||||||||||||115257.61
F00Q10000926|200109|115170.76|0|017|343|||||8.125|0.00||||||||||||||||||||115170.76
F00Q10000926|200110|115083.32|0|018|342|||||8.125|0.00||||||||||||||||||||115083.32
F00Q10000926|200111|114995.29|0|019|341|||||8.125|0.00||||||||||||||||||||114995.29
F00Q10000926|200112|114695.54|0|020|340|||||8.125|0.00||||||||||||||||||||114695.54
F00Q10000926|200201|114604.88|0|021|339|||||8.125|0.00||||||||||||||||||||114604.88
F00Q10000926|200202|114513.61|0|022|338|||||8.125|0.00||||||||||||||||||||114513.61
F00Q10000926|200203|114421.72|0|023|337|||||8.125|0.00||||||||||||||||||||114421.72
F00Q10000926|200204|114329.21|0|024|336|||||8.125|0.00||||||||||||||||||||114329.21
F00Q10000926|200205|114236.07|0|025|335|||||8.125|0.00||||||||||||||||||||114236.07
F00Q10000926|200206|113636.18|0|026|334|||||8.125|0.00||||||||||||||||||||113636.18
F00Q10000926|200207|113538.34|0|027|333|||||8.125|0.00||||||||||||||||||||113538.34
F00Q10000926|200208|113439.84|0|028|332|||||8.125|0.00||||||||||||||||||||113439.84
F00Q10000926|200209|113340.67|0|029|331|||||8.125|0.00||||||||||||||||||||113340.67
F00Q10000926|200210|113240.83|0|030|330|||||8.125|0.00||||||||||||||||||||113240.83
F00Q10000926|200211|113140.31|0|031|329|||||8.125|0.00||||||||||||||||||||113140.31
F00Q10000926|200212|113039.11|0|032|328|||||8.125|0.00||||||||||||||||||||113039.11
F00Q10000926|200301|112403.20|0|033|327|||||8.125|0.00||||||||||||||||||||112403.20
F00Q10000926|200302|112297.01|0|034|326|||||8.125|0.00||||||||||||||||||||112297.01
F00Q10000926|200303|0.00|0|035|325|||01|200303|8.125|0.00|||||||||||||||112297.01|||||0.00
F00Q10000930|200101|130000.00|0|003|351|||||8.500|0.00||||||||||||||||||||130000.00
F00Q10000930|200102|130000.00|0|004|350|||||8.500|0.00||||||||||||||||||||130000.00
F00Q10000930|200103|130000.00|0|005|349|||||8.500|0.00||||||||||||||||||||130000.00
F00Q10000930|200104|130000.00|0|006|348|||||8.500|0.00||||||||||||||||||||130000.00
F00Q10000930|200105|129908.03|0|007|347|||||8.500|0.00||||||||||||||||||||129908.03
F00Q10000930|200106|129821.05|0|008|346|||||8.500|0.00||||||||||||||||||||129821.05
F00Q10000930|200107|0.00|0|009|345|||01|200107|8.500|0.00|||||||||||||||129821.05|||||0.00
F00Q10000931|200101|120000.00|0|005|355|||||8.500|0.00||||||||||||||||||||120000.00
F00Q10000931|200102|120000.00|0|006|354|||||8.500|0.00||||||||||||||||||||120000.00
F00Q10000931|200103|120276.71|0|007|353|||||8.500|0.00||||||||||||||||||||120276.71
F00Q10000931|200104|120199.82|0|008|352|||||8.500|0.00||||||||||||||||||||120199.82
F00Q10000931|200105|120122.39|0|009|351|||||8.500|0.00||||||||||||||||||||120122.39
F00Q10000931|200106|120044.41|0|010|350|||||8.500|0.00||||||||||||||||||||120044.41
F00Q10000931|200107|119965.87|0|011|349|||||8.500|0.00||||||||||||||||||||119965.87
F00Q10000931|200108|0.00|0|012|348|||01|200108|8.500|0.00|||||||||||||||119965.87|||||0.00
F00Q10000960|200101|98000.00|0|002|178|||||7.750|0.00||||||||||||||||||||98000.00
F00Q10000960|200102|98000.00|1|003|177|||||7.750|0.00||||||||||||||||||||98000.00
F00Q10000960|200103|98000.00|0|004|176|||||7.750|0.00||||||||||||||||||||98000.00
F00Q10000960|200104|97000.00|0|005|175|||||7.750|0.00||||||||||||||||||||97000.00
F00Q10000960|200105|96000.00|0|006|174|||||7.750|0.00||||||||||||||||||||96000.00
F00Q10000960|200106|96129.30|0|007|173|||||7.750|0.00||||||||||||||||||||96129.30
F00Q10000960|200107|95825.80|0|008|172|||||7.750|0.00||||||||||||||||||||95825.80
F00Q10000960|200108|95520.33|0|009|171|||||7.750|0.00||||||||||||||||||||95520.33
F00Q10000960|200109|95212.89|0|010|170|||||7.750|0.00||||||||||||||||||||95212.89
F00Q10000960|200110|94903.47|0|011|169|||||7.750|0.00||||||||||||||||||||94903.47
F00Q10000960|200111|0.00|0|012|168|||01|200111|7.750|0.00|||||||||||||||94903.47|||||0.00
F00Q10000974|200101|127245.46|0|010|350|||||7.625|0.00||||||||||||||||||||127245.46
F00Q10000974|200102|127245.46|0|011|349|||||7.625|0.00||||||||||||||||||||127245.46
F00Q10000974|200103|116145.90|0|012|348|||||7.625|0.00||||||||||||||||||||116145.90
F00Q10000974|200104|114975.81|0|013|347|||||7.625|0.00||||||||||||||||||||114975.81
F00Q10000974|200105|113798.29|0|014|346|||||7.625|0.00||||||||||||||||||||113798.29
F00Q10000974|200106|112613.28|0|015|345|||||7.625|0.00||||||||||||||||||||112613.28
F00Q10000974|200107|111420.74|0|016|344|||||7.625|0.00||||||||||||||||||||111420.74
F00Q10000974|200108|110220.63|0|017|343|||||7.625|0.00||||||||||||||||||||110220.63
F00Q10000974|200109|109012.89|0|018|342|||||7.625|0.00||||||||||||||||||||109012.89
F00Q10000974|200110|108797.48|0|019|341|||||7.625|0.00||||||||||||||||||||108797.48
F00Q10000974|200111|107580.70|0|020|340|||||7.625|0.00||||||||||||||||||||107580.70
F00Q10000974|200112|106356.19|0|021|339|||||7.625|0.00||||||||||||||||||||106356.19
F00Q10000974|200201|105123.89|0|022|338|||||7.625|0.00||||||||||||||||||||105123.89
F00Q10000974|200202|104883.76|0|023|337|||||7.625|0.00||||||||||||||||||||104883.76
F00Q10000974|200203|104642.11|0|024|336|||||7.625|0.00||||||||||||||||||||104642.11
F00Q10000974|200204|103398.92|0|025|335|||||7.625|0.00||||||||||||||||||||103398.92
F00Q10000974|200205|102147.83|0|026|334|||||7.625|0.00||||||||||||||||||||102147.83
F00Q10000974|200206|100888.79|0|027|333|||||7.625|0.00||||||||||||||||||||100888.79
F00Q10000974|200207|99621.75|0|028|332|||||7.625|0.00||||||||||||||||||||99621.75
F00Q10000974|200208|98346.66|0|029|331|||||7.625|0.00||||||||||||||||||||98346.66
F00Q10000974|200209|97063.47|0|030|330|||||7.625|0.00||||||||||||||||||||97063.47
F00Q10000974|200210|95772.13|0|031|329|||||7.625|0.00||||||||||||||||||||95772.13
F00Q10000974|200211|94472.58|0|032|328|||||7.625|0.00||||||||||||||||||||94472.58
F00Q10000974|200212|0.00|0|033|327|||01|200212|7.625|0.00|||||||||||||||94472.58|||||0.00
F00Q10000978|200101|122939.91|0|011|349|||||8.125|0.00||||||||||||||||||||122939.91
F00Q10000978|200102|122939.91|0|012|348|||||8.125|0.00||||||||||||||||||||122939.91
F00Q10000978|200103|122589.31|0|013|347|||||8.125|0.00||||||||||||||||||||122589.31
F00Q10000978|200104|0.00|0|014|346|||01|200104|8.125|0.00|||||||||||||||122589.31|||||0.00
F00Q10000984|200101|219000.00|0|004|356|||||8.250|0.00||||||||||||||||||||219000.00
F00Q10000984|200102|219000.00|0|005|355|||||8.250|0.00||||||||||||||||||||219000.00
F00Q10000984|200103|219000.00|0|006|354|||||8.250|0.00||||||||||||||||||||219000.00
F00Q10000984|200104|218997.48|0|007|353|||||8.250|0.00||||||||||||||||||||218997.48
F00Q10000984|200105|218850.30|0|008|352|||||8.250|0.00||||||||||||||||||||218850.30
F00Q10000984|200106|218702.11|0|009|351|||||8.250|0.00||||||||||||||||||||218702.11
F00Q10000984|200107|218552.90|0|010|350|||||8.250|0.00||||||||||||||||||||218552.90
F00Q10000984|200108|218402.66|0|011|349|||||8.250|0.00||||||||||||||||||||218402.66
F00Q10000984|200109|218251.39|0|012|348|||||8.250|0.00||||||||||||||||||||218251.39
F00Q10000984|200110|218099.08|0|013|347|||||8.250|0.00||||||||||||||||||||218099.08
F00Q10000984|200111|217945.72|0|014|346|||||8.250|0.00||||||||||||||||||||217945.72
F00Q10000984|200112|217791.31|0|015|345|||||8.250|0.00||||||||||||||||||||217791.31
F00Q10000984|200201|217635.84|0|016|344|||||8.250|0.00||||||||||||||||||||217635.84
F00Q10000984|200202|217479.30|0|017|343|||||8.250|0.00||||||||||||||||||||217479.30
F00Q10000984|200203|0.00|0|018|342|||01|200203|8.250|0.00|||||||||||||||217479.30|||||0.00
F00Q10001017|200106|251352.30|0|009|351|||||8.125|0.00||||||||||||||||||||251352.30
F00Q10001017|200107|251183.06|0|010|350|||||8.125|0.00||||||||||||||||||||251183.06
F00Q10001017|200108|251012.68|0|011|349|||||8.125|0.00||||||||||||||||||||251012.68
F00Q10001017|200109|250841.15|0|012|348|||||8.125|0.00||||||||||||||||||||250841.15
F00Q10001017|200110|250668.46|0|013|347|||||8.125|0.00||||||||||||||||||||250668.46
F00Q10001017|200111|250494.59|0|014|346|||||8.125|0.00||||||||||||||||||||250494.59
F00Q10001017|200112|250319.55|0|015|345|||||8.125|0.00||||||||||||||||||||250319.55
F00Q10001017|200201|250143.32|0|016|344|||||8.125|0.00||||||||||||||||||||250143.32
F00Q10001017|200202|249965.90|0|017|343|||||8.125|0.00||||||||||||||||||||249965.90
F00Q10001017|200203|0.00|0|018|342|||01|200203|8.125|0.00|||||||||||||||249965.90|||||0.00
F00Q10001044|200101|36963.04|0|009|171|||||7.750|0.00||||||||||||||||||||36963.04
F00Q10001044|200102|36844.07|0|010|170|||||7.750|0.00||||||||||||||||||||36844.07
F00Q10001044|200103|36844.07|0|011|169|||||7.750|0.00||||||||||||||||||||36844.07
F00Q10001044|200104|36603.82|0|012|168|||||7.750|0.00||||||||||||||||||||36603.82
F00Q10001044|200105|36482.53|0|013|167|||||7.750|0.00||||||||||||||||||||36482.53
F00Q10001044|200106|36360.46|0|014|166|||||7.750|0.00||||||||||||||||||||36360.46
F00Q10001044|200107|36237.60|0|015|165|||||7.750|0.00||||||||||||||||||||36237.60
F00Q10001044|200108|36113.94|0|016|164|||||7.750|0.00||||||||||||||||||||36113.94
F00Q10001044|200109|35989.49|0|017|163|||||7.750|0.00||||||||||||||||||||35989.49
F00Q10001044|200110|35864.23|0|018|162|||||7.750|0.00||||||||||||||||||||35864.23
F00Q10001044|200111|35738.16|0|019|161|||||7.750|0.00||||||||||||||||||||35738.16
F00Q10001044|200112|35611.28|0|020|160|||||7.750|0.00||||||||||||||||||||35611.28
F00Q10001044|200201|35483.58|0|021|159|||||7.750|0.00||||||||||||||||||||35483.58
F00Q10001044|200202|35355.05|0|022|158|||||7.750|0.00||||||||||||||||||||35355.05
F00Q10001044|200203|35197.63|0|023|157|||||7.750|0.00||||||||||||||||||||35197.63
F00Q10001044|200204|35039.20|0|024|156|||||7.750|0.00||||||||||||||||||||35039.20
F00Q10001044|200205|34907.80|0|025|155|||||7.750|0.00||||||||||||||||||||34907.80
F00Q10001044|200206|34775.56|0|026|154|||||7.750|0.00||||||||||||||||||||34775.56
F00Q10001044|200207|34642.46|0|027|153|||||7.750|0.00||||||||||||||||||||34642.46
F00Q10001044|200208|34480.44|0|028|152|||||7.750|0.00||||||||||||||||||||34480.44
F00Q10001044|200209|34345.44|0|029|151|||||7.750|0.00||||||||||||||||||||34345.44
F00Q10001044|200210|34209.56|0|030|150|||||7.750|0.00||||||||||||||||||||34209.56
F00Q10001044|200211|34048.00|0|031|149|||||7.750|0.00||||||||||||||||||||34048.00
F00Q10001044|200212|0.00|0|032|148|||01|200212|7.750|0.00|||||||||||||||34048.00|||||0.00
F00Q10001046|200101|126452.64|0|009|171|||||7.750|0.00||||||||||||||||||||126452.64
F00Q10001046|200102|126045.65|0|010|170|||||7.750|0.00||||||||||||||||||||126045.65
F00Q10001046|200103|125636.03|0|011|169|||||7.750|0.00||||||||||||||||||||125636.03
F00Q10001046|200104|125223.77|0|012|168|||||7.750|0.00||||||||||||||||||||125223.77
F00Q10001046|200105|124808.85|0|013|167|||||7.750|0.00||||||||||||||||||||124808.85
F00Q10001046|200106|124391.25|0|014|166|||||7.750|0.00||||||||||||||||||||124391.25
F00Q10001046|200107|123970.95|0|015|165|||||7.750|0.00||||||||||||||||||||123970.95
F00Q10001046|200108|123547.94|0|016|164|||||7.750|0.00||||||||||||||||||||123547.94
F00Q10001046|200109|123122.19|0|017|163|||||7.750|0.00||||||||||||||||||||123122.19
F00Q10001046|200110|122693.69|0|018|162|||||7.750|0.00||||||||||||||||||||122693.69
F00Q10001046|200111|122262.43|0|019|161|||||7.750|0.00||||||||||||||||||||122262.43
F00Q10001046|200112|0.00|0|020|160|||01|200112|7.750|0.00|||||||||||||||122262.43|||||0.00
F00Q10001069|200101|127244.38|0|009|351|||||8.250|0.00||||||||||||||||||||127244.38
F00Q10001069|200102|127157.48|0|010|350|||||8.250|0.00||||||||||||||||||||127157.48
F00Q10001069|200103|0.00|0|011|349|||01|200103|8.250|0.00|||||||||||||||127157.48|||||0.00
F00Q10001094|200012|248138.00|0|010|350|||||7.625|0.00||||||||||||||||||||248138.00
F00Q10001094|200101|247945.23|0|011|349|||||7.625|0.00||||||||||||||||||||247945.23
F00Q10001094|200102|247751.24|0|012|348|||||7.625|0.00||||||||||||||||||||247751.24
F00Q10001094|200103|247556.01|0|013|347|||||7.625|0.00||||||||||||||||||||247556.01
F00Q10001094|200104|247359.54|0|014|346|||||7.625|0.00||||||||||||||||||||247359.54
F00Q10001094|200105|247161.82|0|015|345|||||7.625|0.00||||||||||||||||||||247161.82
F00Q10001094|200106|246962.85|0|016|344|||||7.625|0.00||||||||||||||||||||246962.85
F00Q10001094|200107|246762.61|0|017|343|||||7.625|0.00||||||||||||||||||||246762.61
F00Q10001094|200108|246561.10|0|018|342|||||7.625|0.00||||||||||||||||||||246561.10
F00Q10001094|200109|246358.31|0|019|341|||||7.625|0.00||||||||||||||||||||246358.31
F00Q10001094|200110|0.00|0|020|340|||01|200110|7.625|0.00|||||||||||||||246358.31|||||0.00
F00Q10001115|200101|253000.00|0|000|180|||||6.950|0.00||||||||||||||||||||253000.00
F00Q10001115|200102|252000.00|0|001|179|||||6.950|0.00||||||||||||||||||||252000.00
F00Q10001115|200103|251000.00|0|002|178|||||6.950|0.00||||||||||||||||||||251000.00
F00Q10001115|200104|250000.00|0|003|177|||||6.950|0.00||||||||||||||||||||250000.00
F00Q10001115|200105|249000.00|0|004|176|||||6.950|0.00||||||||||||||||||||249000.00
F00Q10001115|200106|249000.00|0|005|175|||||6.950|0.00||||||||||||||||||||249000.00
F00Q10001115|200107|248000.00|0|006|174|||||6.950|0.00||||||||||||||||||||248000.00
F00Q10001115|200108|246983.22|0|007|173|||||6.950|0.00||||||||||||||||||||246983.22
F00Q10001115|200109|246149.38|0|008|172|||||6.950|0.00||||||||||||||||||||246149.38
F00Q10001115|200110|245310.72|0|009|171|||||6.950|0.00||||||||||||||||||||245310.72
F00Q10001115|200111|244467.20|0|010|170|||||6.950|0.00||||||||||||||||||||244467.20
F00Q10001115|200112|243618.79|0|011|169|||||6.950|0.00||||||||||||||||||||243618.79
F00Q10001115|200201|242765.47|0|012|168|||||6.950|0.00||||||||||||||||||||242765.47
F00Q10001115|200202|241907.21|0|013|167|||||6.950|0.00||||||||||||||||||||241907.21
F00Q10001115|200203|241043.98|0|014|166|||||6.950|0.00||||||||||||||||||||241043.98
F00Q10001115|200204|240175.75|0|015|165|||||6.950|0.00||||||||||||||||||||240175.75
F00Q10001115|200205|239302.49|0|016|164|||||6.950|0.00||||||||||||||||||||239302.49
F00Q10001115|200206|238424.17|0|017|163|||||6.950|0.00||||||||||||||||||||238424.17
F00Q10001115|200207|237540.76|0|018|162|||||6.950|0.00||||||||||||||||||||237540.76
F00Q10001115|200208|236652.24|0|019|161|||||6.950|0.00||||||||||||||||||||236652.24
F00Q10001115|200209|235758.57|0|020|160|||||6.950|0.00||||||||||||||||||||235758.57
F00Q10001115|200210|234859.73|0|021|159|||||6.950|0.00||||||||||||||||||||234859.73
F00Q10001115|200211|0.00|0|022|158|||01|200211|6.950|0.00|||||||||||||||234859.73|||||0.00
F00Q10001128|200102|45000.00|0|001|169|||||7.000|0.00||||||||||||||||||||45000.00
F00Q10001128|200103|45000.00|0|002|168|||||7.000|0.00||||||||||||||||||||45000.00
F00Q10001128|200104|45000.00|0|003|167|||||7.000|0.00||||||||||||||||||||45000.00
F00Q10001128|200105|44000.00|0|004|166|||||7.000|0.00||||||||||||||||||||44000.00
F00Q10001128|200106|44000.00|0|005|165|||||7.000|0.00||||||||||||||||||||44000.00
F00Q10001128|200107|44000.00|0|006|164|||||7.000|0.00||||||||||||||||||||44000.00
F00Q10001128|200108|43949.21|0|007|163|||||7.000|0.00||||||||||||||||||||43949.21
F00Q10001128|200109|43787.56|0|008|162|||||7.000|0.00||||||||||||||||||||43787.56
F00Q10001128|200110|43624.97|0|009|161|||||7.000|0.00||||||||||||||||||||43624.97
F00Q10001128|200111|43461.43|0|010|160|||||7.000|0.00||||||||||||||||||||43461.43
F00Q10001128|200112|43296.94|0|011|159|||||7.000|0.00||||||||||||||||||||43296.94
F00Q10001128|200201|43131.49|0|012|158|||||7.000|0.00||||||||||||||||||||43131.49
F00Q10001128|200202|42965.07|0|013|157|||||7.000|0.00||||||||||||||||||||42965.07
F00Q10001128|200203|42497.68|0|014|156|||||7.000|0.00||||||||||||||||||||42497.68
F00Q10001128|200204|42279.31|0|015|155|||||7.000|0.00||||||||||||||||||||42279.31
F00Q10001128|200205|42057.92|0|016|154|||||7.000|0.00||||||||||||||||||||42057.92
F00Q10001128|200206|41835.24|0|017|153|||||7.000|0.00||||||||||||||||||||41835.24
F00Q10001128|200207|41611.26|0|018|152|||||7.000|0.00||||||||||||||||||||41611.26
F00Q10001128|200208|41385.97|0|019|151|||||7.000|0.00||||||||||||||||||||41385.97
F00Q10001128|200209|41159.37|0|020|150|||||7.000|0.00||||||||||||||||||||41159.37
F00Q10001128|200210|40931.45|0|021|149|||||7.000|0.00||||||||||||||||||||40931.45
F00Q10001128|200211|40702.20|0|022|148|||||7.000|0.00||||||||||||||||||||40702.20
F00Q10001128|200212|40471.61|0|023|147|||||7.000|0.00||||||||||||||||||||40471.61
F00Q10001128|200301|40239.67|0|024|146|||||7.000|0.00||||||||||||||||||||40239.67
F00Q10001128|200302|40006.38|0|025|145|||||7.000|0.00||||||||||||||||||||40006.38
F00Q10001128|200303|39771.73|0|026|144|||||7.000|0.00||||||||||||||||||||39771.73
F00Q10001128|200304|39535.71|0|027|143|||||7.000|0.00||||||||||||||||||||39535.71
F00Q10001128|200305|39298.31|0|028|142|||||7.000|0.00||||||||||||||||||||39298.31
F00Q10001128|200306|39059.53|0|029|141|||||7.000|0.00||||||||||||||||||||39059.53
F00Q10001128|200307|0.00|0|030|140|||01|200307|7.000|0.00|||||||||||||||39059.53|||||0.00
F00Q10001199|200008|79000.00|0|004|176|||||8.625|0.00||||||||||||||||||||79000.00
F00Q10001199|200009|79000.00|0|005|175|||||8.625|0.00||||||||||||||||||||79000.00
F00Q10001199|200010|79000.00|0|006|174|||||8.625|0.00||||||||||||||||||||79000.00
F00Q10001199|200011|78435.99|0|007|173|||||8.625|0.00||||||||||||||||||||78435.99
F00Q10001199|200012|78206.09|0|008|172|||||8.625|0.00||||||||||||||||||||78206.09
F00Q10001199|200101|77974.54|0|009|171|||||8.625|0.00||||||||||||||||||||77974.54
F00Q10001199|200102|77741.32|0|010|170|||||8.625|0.00||||||||||||||||||||77741.32
F00Q10001199|200103|77506.43|0|011|169|||||8.625|0.00||||||||||||||||||||77506.43
F00Q10001199|200104|77269.85|0|012|168|||||8.625|0.00||||||||||||||||||||77269.85
F00Q10001199|200105|77031.57|0|013|167|||||8.625|0.00||||||||||||||||||||77031.57
F00Q10001199|200106|76791.57|0|014|166|||||8.625|0.00||||||||||||||||||||76791.57
F00Q10001199|200107|76549.85|0|015|165|||||8.625|0.00||||||||||||||||||||76549.85
F00Q10001199|200108|76549.85|0|016|164|||||8.625|0.00||||||||||||||||||||76549.85
F00Q10001199|200109|76061.18|0|017|163|||||8.625|0.00||||||||||||||||||||76061.18
F00Q10001199|200110|75814.21|0|018|162|||||8.625|0.00||||||||||||||||||||75814.21
F00Q10001199|200111|75565.46|0|019|161|||||8.625|0.00||||||||||||||||||||75565.46
F00Q10001199|200112|75314.93|0|020|160|||||8.625|0.00||||||||||||||||||||75314.93
F00Q10001199|200201|75062.60|0|021|159|||||8.625|0.00||||||||||||||||||||75062.60
F00Q10001199|200202|74808.45|0|022|158|||||8.625|0.00||||||||||||||||||||74808.45
F00Q10001199|200203|74552.48|0|023|157|||||8.625|0.00||||||||||||||||||||74552.48
F00Q10001199|200204|74294.67|0|024|156|||||8.625|0.00||||||||||||||||||||74294.67
F00Q10001199|200205|74035.00|0|025|155|||||8.625|0.00||||||||||||||||||||74035.00
F00Q10001199|200206|73773.47|0|026|154|||||8.625|0.00||||||||||||||||||||73773.47
F00Q10001199|200207|73510.06|0|027|153|||||8.625|0.00||||||||||||||||||||73510.06
F00Q10001199|200208|73244.75|0|028|152|||||8.625|0.00||||||||||||||||||||73244.75
F00Q10001199|200209|72977.54|0|029|151|||||8.625|0.00||||||||||||||||||||72977.54
F00Q10001199|200210|72708.41|0|030|150|||||8.625|0.00||||||||||||||||||||72708.41
F00Q10001199|200211|72437.34|0|031|149|||||8.625|0.00||||||||||||||||||||72437.34
F00Q10001199|200212|72164.32|0|032|148|||||8.625|0.00||||||||||||||||||||72164.32
F00Q10001199|200301|71889.34|0|033|147|||||8.625|0.00||||||||||||||||||||71889.34
F00Q10001199|200302|71612.38|0|034|146|||||8.625|0.00||||||||||||||||||||71612.38
F00Q10001199|200303|71333.43|0|035|145|||||8.625|0.00||||||||||||||||||||71333.43
F00Q10001199|200304|71052.48|0|036|144|||||8.625|0.00||||||||||||||||||||71052.48
F00Q10001199|200305|70769.51|0|037|143|||||8.625|0.00||||||||||||||||||||70769.51
F00Q10001199|200306|70484.51|0|038|142|||||8.625|0.00||||||||||||||||||||70484.51
F00Q10001199|200307|70197.46|0|039|141|||||8.625|0.00||||||||||||||||||||70197.46
F00Q10001199|200308|69908.34|0|040|140|||||8.625|0.00||||||||||||||||||||69908.34
F00Q10001199|200309|69617.15|0|041|139|||||8.625|0.00||||||||||||||||||||69617.15
F00Q10001199|200310|69323.86|0|042|138|||||8.625|0.00||||||||||||||||||||69323.86
F00Q10001199|200311|69028.47|0|043|137|||||8.625|0.00||||||||||||||||||||69028.47
F00Q10001199|200312|68730.95|0|044|136|||||8.625|0.00||||||||||||||||||||68730.95
F00Q10001199|200401|68431.29|0|045|135|||||8.625|0.00||||||||||||||||||||68431.29
F00Q10001199|200402|68129.48|0|046|134|||||8.625|0.00||||||||||||||||||||68129.48
F00Q10001199|200403|67825.50|0|047|133|||||8.625|0.00||||||||||||||||||||67825.50
F00Q10001199|200404|67519.34|0|048|132|||||8.625|0.00||||||||||||||||||||67519.34
F00Q10001199|200405|67210.98|0|049|131|||||8.625|0.00||||||||||||||||||||67210.98
F00Q10001199|200406|66900.40|0|050|130|||||8.625|0.00||||||||||||||||||||66900.40
F00Q10001199|200407|66587.59|0|051|129|||||8.625|0.00||||||||||||||||||||66587.59
F00Q10001199|200408|66272.53|0|052|128|||||8.625|0.00||||||||||||||||||||66272.53
F00Q10001199|200409|65955.20|0|053|127|||||8.625|0.00||||||||||||||||||||65955.20
F00Q10001199|200410|65635.59|0|054|126|||||8.625|0.00||||||||||||||||||||65635.59
F00Q10001199|200411|65313.69|0|055|125|||||8.625|0.00||||||||||||||||||||65313.69
F00Q10001199|200412|64989.47|0|056|124|||||8.625|0.00||||||||||||||||||||64989.47
F00Q10001199|200501|64662.92|0|057|123|||||8.625|0.00||||||||||||||||||||64662.92
F00Q10001199|200502|64334.02|0|058|122|||||8.625|0.00||||||||||||||||||||64334.02
F00Q10001199|200503|64002.76|0|059|121|||||8.625|0.00||||||||||||||||||||64002.76
F00Q10001199|200504|63669.12|0|060|120|||||8.625|0.00||||||||||||||||||||63669.12
F00Q10001199|200505|63333.08|0|061|119|||||8.625|0.00||||||||||||||||||||63333.08
F00Q10001199|200506|62994.63|0|062|118|||||8.625|0.00||||||||||||||||||||62994.63
F00Q10001199|200507|62653.74|0|063|117|||||8.625|0.00||||||||||||||||||||62653.74
F00Q10001199|200508|62310.40|0|064|116|||||8.625|0.00||||||||||||||||||||62310.40
F00Q10001199|200509|61964.60|0|065|115|||||8.625|0.00||||||||||||||||||||61964.60
F00Q10001199|200510|61616.31|0|066|114|||||8.625|0.00||||||||||||||||||||61616.31
F00Q10001199|200511|21265.52|0|067|113|||||8.625|0.00||||||||||||||||||||21265.52
F00Q10001199|200512|20624.71|0|068|112|||||8.625|0.00||||||||||||||||||||20624.71
F00Q10001199|200601|0.00|0|069|111|||01|200601|8.625|0.00|||||||||||||||20624.71|||||0.00
F00Q10001208|200008|94000.00|0|000|240|||||8.450|0.00||||||||||||||||||||94000.00
F00Q10001208|200009|94000.00|0|001|239|||||8.450|0.00||||||||||||||||||||94000.00
F00Q10001208|200010|94000.00|0|002|238|||||8.450|0.00||||||||||||||||||||94000.00
F00Q10001208|200011|93000.00|0|003|237|||||8.450|0.00||||||||||||||||||||93000.00
F00Q10001208|200012|93000.00|0|004|236|||||8.450|0.00||||||||||||||||||||93000.00
F00Q10001208|200101|93000.00|0|005|235|||||8.450|0.00||||||||||||||||||||93000.00
F00Q10001208|200102|93000.00|0|006|234|||||8.450|0.00||||||||||||||||||||93000.00
F00Q10001208|200103|92879.04|0|007|233|||||8.450|0.00||||||||||||||||||||92879.04
F00Q10001208|200104|92720.28|0|008|232|||||8.450|0.00||||||||||||||||||||92720.28
F00Q10001208|200105|0.00|0|009|231|||01|200105|8.450|0.00|||||||||||||||92720.28|||||0.00
F00Q10001242|200012|86555.55|0|010|350|||||7.625|0.00||||||||||||||||||||86555.55
F00Q10001242|200101|86480.91|0|011|349|||||7.625|0.00||||||||||||||||||||86480.91
F00Q10001242|200102|86266.79|0|012|348|||||7.625|0.00||||||||||||||||||||86266.79
F00Q10001242|200103|86118.56|0|013|347|||||7.625|0.00||||||||||||||||||||86118.56
F00Q10001242|200104|85969.39|0|014|346|||||7.625|0.00||||||||||||||||||||85969.39
F00Q10001242|200105|85819.27|0|015|345|||||7.625|0.00||||||||||||||||||||85819.27
F00Q10001242|200106|85639.95|0|016|344|||||7.625|0.00||||||||||||||||||||85639.95
F00Q10001242|200107|85487.74|0|017|343|||||7.625|0.00||||||||||||||||||||85487.74
F00Q10001242|200108|85334.56|0|018|342|||||7.625|0.00||||||||||||||||||||85334.56
F00Q10001242|200109|85180.41|0|019|341|||||7.625|0.00||||||||||||||||||||85180.41
F00Q10001242|200110|85025.28|0|020|340|||||7.625|0.00||||||||||||||||||||85025.28
F00Q10001242|200111|84869.08|0|021|339|||||7.625|0.00||||||||||||||||||||84869.08
F00Q10001242|200112|84711.89|0|022|338|||||7.625|0.00||||||||||||||||||||84711.89
F00Q10001242|200201|84553.70|0|023|337|||||7.625|0.00||||||||||||||||||||84553.70
F00Q10001242|200202|84394.51|0|024|336|||||7.625|0.00||||||||||||||||||||84394.51
F00Q10001242|200203|84236.14|0|025|335|||||7.625|0.00||||||||||||||||||||84236.14
F00Q10001242|200204|84076.68|0|026|334|||||7.625|0.00||||||||||||||||||||84076.68
F00Q10001242|200205|83916.21|0|027|333|||||7.625|0.00||||||||||||||||||||83916.21
F00Q10001242|200206|83754.72|0|028|332|||||7.625|0.00||||||||||||||||||||83754.72
F00Q10001242|200207|83592.20|0|029|331|||||7.625|0.00||||||||||||||||||||83592.20
F00Q10001242|200208|83428.65|0|030|330|||||7.625|0.00||||||||||||||||||||83428.65
F00Q10001242|200209|83264.06|0|031|329|||||7.625|0.00||||||||||||||||||||83264.06
F00Q10001242|200210|83098.42|0|032|328|||||7.625|0.00||||||||||||||||||||83098.42
F00Q10001242|200211|82931.73|0|033|327|||||7.625|0.00||||||||||||||||||||82931.73
F00Q10001242|200212|82763.98|0|034|326|||||7.625|0.00||||||||||||||||||||82763.98
F00Q10001242|200301|82595.17|0|035|325|||||7.625|0.00||||||||||||||||||||82595.17
F00Q10001242|200302|82425.28|0|036|324|||||7.625|0.00||||||||||||||||||||82425.28
F00Q10001242|200303|82255.06|0|037|323|||||7.625|0.00||||||||||||||||||||82255.06
F00Q10001242|200304|82083.76|0|038|322|||||7.625|0.00||||||||||||||||||||82083.76
F00Q10001242|200305|81911.37|0|039|321|||||7.625|0.00||||||||||||||||||||81911.37
F00Q10001242|200306|81737.89|0|040|320|||||7.625|0.00||||||||||||||||||||81737.89
F00Q10001242|200307|81563.31|0|041|319|||||7.625|0.00||||||||||||||||||||81563.31
F00Q10001242|200308|81387.62|0|042|318|||||7.625|0.00||||||||||||||||||||81387.62
F00Q10001242|200309|81210.81|0|043|317|||||7.625|0.00||||||||||||||||||||81210.81
F00Q10001242|200310|81032.88|0|044|316|||||7.625|0.00||||||||||||||||||||81032.88
F00Q10001242|200311|80853.82|0|045|315|||||7.625|0.00||||||||||||||||||||80853.82
F00Q10001242|200312|80673.62|0|046|314|||||7.625|0.00||||||||||||||||||||80673.62
F00Q10001242|200401|80492.27|0|047|313|||||7.625|0.00||||||||||||||||||||80492.27
F00Q10001242|200402|80309.77|0|048|312|||||7.625|0.00||||||||||||||||||||80309.77
F00Q10001242|200403|80121.94|0|049|311|||||7.625|0.00||||||||||||||||||||80121.94
F00Q10001242|200404|79932.92|0|050|310|||||7.625|0.00||||||||||||||||||||79932.92
F00Q10001242|200405|79742.70|0|051|309|||||7.625|0.00||||||||||||||||||||79742.70
F00Q10001242|200406|79551.27|0|052|308|||||7.625|0.00||||||||||||||||||||79551.27
F00Q10001242|200407|79358.62|0|053|307|||||7.625|0.00||||||||||||||||||||79358.62
F00Q10001242|200408|79164.75|0|054|306|||||7.625|0.00||||||||||||||||||||79164.75
F00Q10001242|200409|78969.65|0|055|305|||||7.625|0.00||||||||||||||||||||78969.65
F00Q10001242|200410|78773.31|0|056|304|||||7.625|0.00||||||||||||||||||||78773.31
F00Q10001242|200411|78575.72|0|057|303|||||7.625|0.00||||||||||||||||||||78575.72
F00Q10001242|200412|78376.87|0|058|302|||||7.625|0.00||||||||||||||||||||78376.87
F00Q10001242|200501|78176.76|0|059|301|||||7.625|0.00||||||||||||||||||||78176.76
F00Q10001242|200502|77975.88|0|060|300|||||7.625|0.00||||||||||||||||||||77975.88
F00Q10001242|200503|77774.47|0|061|299|||||7.625|0.00||||||||||||||||||||77774.47
F00Q10001242|200504|77571.78|0|062|298|||||7.625|0.00||||||||||||||||||||77571.78
F00Q10001242|200505|77367.80|0|063|297|||||7.625|0.00||||||||||||||||||||77367.80
F00Q10001242|200506|77162.53|0|064|296|||||7.625|0.00||||||||||||||||||||77162.53
F00Q10001242|200507|76955.95|0|065|295|||||7.625|0.00||||||||||||||||||||76955.95
F00Q10001242|200508|76748.06|0|066|294|||||7.625|0.00||||||||||||||||||||76748.06
F00Q10001242|200509|76538.85|0|067|293|||||7.625|0.00||||||||||||||||||||76538.85
F00Q10001242|200510|76328.31|0|068|292|||||7.625|0.00||||||||||||||||||||76328.31
F00Q10001242|200511|76116.43|0|069|291|||||7.625|0.00||||||||||||||||||||76116.43
F00Q10001242|200512|75903.21|0|070|290|||||7.625|0.00||||||||||||||||||||75903.21
F00Q10001242|200601|75688.63|0|071|289|||||7.625|0.00||||||||||||||||||||75688.63
F00Q10001242|200602|75472.69|0|072|288|||||7.625|0.00||||||||||||||||||||75472.69
F00Q10001242|200603|75256.13|0|073|287|||||7.625|0.00||||||||||||||||||||75256.13
F00Q10001242|200604|75038.19|0|074|286|||||7.625|0.00||||||||||||||||||||75038.19
F00Q10001242|200605|74818.87|0|075|285|||||7.625|0.00||||||||||||||||||||74818.87
F00Q10001242|200606|74598.15|0|076|284|||||7.625|0.00||||||||||||||||||||74598.15
F00Q10001242|200607|74376.03|0|077|283|||||7.625|0.00||||||||||||||||||||74376.03
F00Q10001242|200608|74152.50|0|078|282|||||7.625|0.00||||||||||||||||||||74152.50
F00Q10001242|200609|73927.55|0|079|281|||||7.625|0.00||||||||||||||||||||73927.55
F00Q10001242|200610|73701.17|0|080|280|||||7.625|0.00||||||||||||||||||||73701.17
F00Q10001242|200611|73473.35|0|081|279|||||7.625|0.00||||||||||||||||||||73473.35
F00Q10001242|200612|73244.08|0|082|278|||||7.625|0.00||||||||||||||||||||73244.08
F00Q10001242|200701|73014.88|0|083|277|||||7.625|0.00||||||||||||||||||||73014.88
F00Q10001242|200702|72784.22|0|084|276|||||7.625|0.00||||||||||||||||||||72784.22
F00Q10001242|200703|72552.09|0|085|275|||||7.625|0.00||||||||||||||||||||72552.09
F00Q10001242|200704|72318.49|0|086|274|||||7.625|0.00||||||||||||||||||||72318.49
F00Q10001242|200705|72083.40|0|087|273|||||7.625|0.00||||||||||||||||||||72083.40
F00Q10001242|200706|71846.82|0|088|272|||||7.625|0.00||||||||||||||||||||71846.82
F00Q10001242|200707|71608.74|0|089|271|||||7.625|0.00||||||||||||||||||||71608.74
F00Q10001242|200708|71369.14|0|090|270|||||7.625|0.00||||||||||||||||||||71369.14
F00Q10001242|200709|71128.02|0|091|269|||||7.625|0.00||||||||||||||||||||71128.02
F00Q10001242|200710|70885.37|0|092|268|||||7.625|0.00||||||||||||||||||||70885.37
F00Q10001242|200711|70641.18|0|093|267|||||7.625|0.00||||||||||||||||||||70641.18
F00Q10001242|200712|70395.44|0|094|266|||||7.625|0.00||||||||||||||||||||70395.44
F00Q10001242|200801|70144.69|0|095|265|||||7.625|0.00||||||||||||||||||||70144.69
F00Q10001242|200802|69965.77|0|096|264|||||7.625|0.00||||||||||||||||||||69965.77
F00Q10001242|200803|69712.29|0|097|263|||||7.625|0.00||||||||||||||||||||69712.29
F00Q10001242|200804|69457.20|0|098|262|||||7.625|0.00||||||||||||||||||||69457.20
F00Q10001242|200805|69200.49|0|099|261|||||7.625|0.00||||||||||||||||||||69200.49
F00Q10001242|200806|68942.15|0|100|260|||||7.625|0.00||||||||||||||||||||68942.15
F00Q10001242|200807|68682.17|0|101|259|||||7.625|0.00||||||||||||||||||||68682.17
F00Q10001242|200808|68420.54|0|102|258|||||7.625|0.00||||||||||||||||||||68420.54
F00Q10001242|200809|68157.25|0|103|257|||||7.625|0.00||||||||||||||||||||68157.25
F00Q10001242|200810|67892.28|0|104|256|||||7.625|0.00||||||||||||||||||||67892.28
F00Q10001242|200811|67625.63|0|105|255|||||7.625|0.00||||||||||||||||||||67625.63
F00Q10001242|200812|67357.28|0|106|254|||||7.625|0.00||||||||||||||||||||67357.28
F00Q10001242|200901|67087.48|0|107|253|||||7.625|0.00||||||||||||||||||||67087.48
F00Q10001242|200902|66815.97|0|108|252|||||7.625|0.00||||||||||||||||||||66815.97
F00Q10001242|200903|66542.73|0|109|251|||||7.625|0.00||||||||||||||||||||66542.73
F00Q10001242|200904|66267.75|0|110|250|||||7.625|0.00||||||||||||||||||||66267.75
F00Q10001242|200905|65991.03|0|111|249|||||7.625|0.00||||||||||||||||||||65991.03
F00Q10001242|200906|65712.55|0|112|248|||||7.625|0.00||||||||||||||||||||65712.55
F00Q10001242|200907|65432.30|0|113|247|||||7.625|0.00||||||||||||||||||||65432.30
F00Q10001242|200908|65150.27|0|114|246|||||7.625|0.00||||||||||||||||||||65150.27
F00Q10001242|200909|64866.45|0|115|245|||||7.625|0.00||||||||||||||||||||64866.45
F00Q10001242|200910|64580.82|0|116|244|||||7.625|0.00||||||||||||||||||||64580.82
F00Q10001242|200911|64293.38|0|117|243|||||7.625|0.00||||||||||||||||||||64293.38
F00Q10001242|200912|64004.11|0|118|242|||||7.625|0.00||||||||||||||||||||64004.11
F00Q10001242|201001|63714.27|0|119|241|||||7.625|0.00||||||||||||||||||||63714.27
F00Q10001242|201002|63422.59|0|120|240|||||7.625|0.00||||||||||||||||||||63422.59
F00Q10001242|201003|63129.06|0|121|239|||||7.625|0.00||||||||||||||||||||63129.06
F00Q10001242|201004|62833.66|0|122|238|||||7.625|0.00||||||||||||||||||||62833.66
F00Q10001242|201005|62536.39|0|123|237|||||7.625|0.00||||||||||||||||||||62536.39
F00Q10001242|201006|62237.23|0|124|236|||||7.625|0.00||||||||||||||||||||62237.23
F00Q10001242|201007|61936.17|0|125|235|||||7.625|0.00||||||||||||||||||||61936.17
F00Q10001242|201008|61633.19|0|126|234|||||7.625|0.00||||||||||||||||||||61633.19
F00Q10001242|201009|61328.29|0|127|233|||||7.625|0.00||||||||||||||||||||61328.29
F00Q10001242|201010|61021.45|0|128|232|||||7.625|0.00||||||||||||||||||||61021.45
F00Q10001242|201011|60712.66|0|129|231|||||7.625|0.00||||||||||||||||||||60712.66
F00Q10001242|201012|60401.91|0|130|230|||||7.625|0.00||||||||||||||||||||60401.91
F00Q10001242|201101|60083.96|0|131|229|||||7.625|0.00||||||||||||||||||||60083.96
F00Q10001242|201102|59763.99|0|132|228|||||7.625|0.00||||||||||||||||||||59763.99
F00Q10001242|201103|59441.99|0|133|227|||||7.625|0.00||||||||||||||||||||59441.99
F00Q10001242|201104|59117.94|0|134|226|||||7.625|0.00||||||||||||||||||||59117.94
F00Q10001242|201105|58791.84|0|135|225|||||7.625|0.00||||||||||||||||||||58791.84
F00Q10001242|201106|58463.66|0|136|224|||||7.625|0.00||||||||||||||||||||58463.66
F00Q10001242|201107|58133.40|0|137|223|||||7.625|0.00||||||||||||||||||||58133.40
F00Q10001242|201108|57801.04|0|138|222|||||7.625|0.00||||||||||||||||||||57801.04
F00Q10001242|201109|57466.57|0|139|221|||||7.625|0.00||||||||||||||||||||57466.57
F00Q10001242|201110|57129.97|0|140|220|||||7.625|0.00||||||||||||||||||||57129.97
F00Q10001242|201111|56791.23|0|141|219|||||7.625|0.00||||||||||||||||||||56791.23
F00Q10001242|201112|56450.34|0|142|218|||||7.625|0.00||||||||||||||||||||56450.34
F00Q10001242|201201|56113.08|0|143|217|||||7.625|0.00||||||||||||||||||||56113.08
F00Q10001242|201202|55773.68|0|144|216|||||7.625|0.00||||||||||||||||||||55773.68
F00Q10001242|201203|55432.13|0|145|215|||||7.625|0.00||||||||||||||||||||55432.13
F00Q10001242|201204|55088.40|0|146|214|||||7.625|0.00||||||||||||||||||||55088.40
F00Q10001242|201205|54742.49|0|147|213|||||7.625|0.00||||||||||||||||||||54742.49
F00Q10001242|201206|54394.38|0|148|212|||||7.625|0.00||||||||||||||||||||54394.38
F00Q10001242|201207|54044.06|0|149|211|||||7.625|0.00||||||||||||||||||||54044.06
F00Q10001242|201208|53691.51|0|150|210|||||7.625|0.00||||||||||||||||||||53691.51
F00Q10001242|201209|53336.72|0|151|209|||||7.625|0.00||||||||||||||||||||53336.72
F00Q10001242|201210|52979.68|0|152|208|||||7.625|0.00||||||||||||||||||||52979.68
F00Q10001242|201211|52620.37|0|153|207|||||7.625|0.00||||||||||||||||||||52620.37
F00Q10001242|201212|52258.78|0|154|206|||||7.625|0.00||||||||||||||||||||52258.78
F00Q10001242|201301|51895.68|0|155|205|||||7.625|0.00||||||||||||||||||||51895.68
F00Q10001242|201302|51530.27|0|156|204|||||7.625|0.00||||||||||||||||||||51530.27
F00Q10001242|201303|51162.54|0|157|203|||||7.625|0.00||||||||||||||||||||51162.54
F00Q10001242|201304|50792.48|0|158|202|||||7.625|0.00||||||||||||||||||||50792.48
F00Q10001242|201305|50420.06|0|159|201|||||7.625|0.00||||||||||||||||||||50420.06
F00Q10001242|201306|50045.28|0|160|200|||||7.625|0.00||||||||||||||||||||50045.28
F00Q10001242|201307|49668.12|0|161|199|||||7.625|0.00||||||||||||||||||||49668.12
F00Q10001242|201308|0.00|0|162|198|||01|201308|7.625|0.00|||||||||||||||49668.12|||||0.00
F00Q10001257|200101|109027.10|0|010|350|||||7.250|0.00||||||||||||||||||||109027.10
F00Q10001257|200102|109027.10|0|011|349|||||7.250|0.00||||||||||||||||||||109027.10
F00Q10001257|200103|108935.42|0|012|348|||||7.250|0.00||||||||||||||||||||108935.42
F00Q10001257|200104|108843.18|0|013|347|||||7.250|0.00||||||||||||||||||||108843.18
F00Q10001257|200105|108750.38|0|014|346|||||7.250|0.00||||||||||||||||||||108750.38
F00Q10001257|200106|108657.02|0|015|345|||||7.250|0.00||||||||||||||||||||108657.02
F00Q10001257|200107|108563.10|0|016|344|||||7.250|0.00||||||||||||||||||||108563.10
F00Q10001257|200108|108468.61|0|017|343|||||7.250|0.00||||||||||||||||||||108468.61
F00Q10001257|200109|108468.61|0|018|342|||||7.250|0.00||||||||||||||||||||108468.61
F00Q10001257|200110|108277.92|0|019|341|||||7.250|0.00||||||||||||||||||||108277.92
F00Q10001257|200111|108181.71|0|020|340|||||7.250|0.00||||||||||||||||||||108181.71
F00Q10001257|200112|108084.92|0|021|339|||||7.250|0.00||||||||||||||||||||108084.92
F00Q10001257|200201|107987.54|0|022|338|||||7.250|0.00||||||||||||||||||||107987.54
F00Q10001257|200202|107889.57|0|023|337|||||7.250|0.00||||||||||||||||||||107889.57
F00Q10001257|200203|107791.01|0|024|336|||||7.250|0.00||||||||||||||||||||107791.01
F00Q10001257|200204|107691.86|0|025|335|||||7.250|0.00||||||||||||||||||||107691.86
F00Q10001257|200205|107592.11|0|026|334|||||7.250|0.00||||||||||||||||||||107592.11
F00Q10001257|200206|107491.76|0|027|333|||||7.250|0.00||||||||||||||||||||107491.76
F00Q10001257|200207|107390.80|0|028|332|||||7.250|0.00||||||||||||||||||||107390.80
F00Q10001257|200208|0.00|0|029|331|||01|200208|7.250|0.00|||||||||||||||107390.80|||||0.00
F00Q10001274|200101|99426.56|0|009|351|||||8.375|0.00||||||||||||||||||||99426.56
F00Q10001274|200102|99426.56|0|010|350|||||8.375|0.00||||||||||||||||||||99426.56
F00Q10001274|200103|99305.27|0|011|349|||||8.375|0.00||||||||||||||||||||99305.27
F00Q10001274|200104|99251.55|0|012|348|||||8.375|0.00||||||||||||||||||||99251.55
F00Q10001274|200105|99174.70|0|013|347|||||8.375|0.00||||||||||||||||||||99174.70
F00Q10001274|200106|99120.06|0|014|346|||||8.375|0.00||||||||||||||||||||99120.06
F00Q10001274|200107|99042.28|0|015|345|||||8.375|0.00||||||||||||||||||||99042.28
F00Q10001274|200108|98986.72|0|016|344|||||8.375|0.00||||||||||||||||||||98986.72
F00Q10001274|200109|98930.74|0|017|343|||||8.375|0.00||||||||||||||||||||98930.74
F00Q10001274|200110|98851.70|0|018|342|||||8.375|0.00||||||||||||||||||||98851.70
F00Q10001274|200111|98794.76|0|019|341|||||8.375|0.00||||||||||||||||||||98794.76
F00Q10001274|200112|98714.74|0|020|340|||||8.375|0.00||||||||||||||||||||98714.74
F00Q10001274|200201|98656.86|0|021|339|||||8.375|0.00||||||||||||||||||||98656.86
F00Q10001274|200202|98598.52|0|022|338|||||8.375|0.00||||||||||||||||||||98598.52
F00Q10001274|200203|98471.91|0|023|337|||||8.375|0.00||||||||||||||||||||98471.91
F00Q10001274|200204|98412.27|0|024|336|||||8.375|0.00||||||||||||||||||||98412.27
F00Q10001274|200205|98329.62|0|025|335|||||8.375|0.00||||||||||||||||||||98329.62
F00Q10001274|200206|98268.96|0|026|334|||||8.375|0.00||||||||||||||||||||98268.96
F00Q10001274|200207|98185.36|0|027|333|||||8.375|0.00||||||||||||||||||||98185.36
F00Q10001274|200208|98123.68|0|028|332|||||8.375|0.00||||||||||||||||||||98123.68
F00Q10001274|200209|98061.56|0|029|331|||||8.375|0.00||||||||||||||||||||98061.56
F00Q10001274|200210|97976.53|0|030|330|||||8.375|0.00||||||||||||||||||||97976.53
F00Q10001274|200211|97913.36|0|031|329|||||8.375|0.00||||||||||||||||||||97913.36
F00Q10001274|200212|97827.28|0|032|328|||||8.375|0.00||||||||||||||||||||97827.28
F00Q10001274|200301|0.00|0|033|327|||01|200301|8.375|0.00|||||||||||||||97827.28|||||0.00
F00Q10001275|200101|97973.79|0|010|350|||||8.375|0.00||||||||||||||||||||97973.79
F00Q10001275|200102|97973.79|0|011|349|||||8.375|0.00||||||||||||||||||||97973.79
F00Q10001275|200103|97678.71|0|012|348|||||8.375|0.00||||||||||||||||||||97678.71
F00Q10001275|200104|97449.11|0|013|347|||||8.375|0.00||||||||||||||||||||97449.11
F00Q10001275|200105|97234.47|0|014|346|||||8.375|0.00||||||||||||||||||||97234.47
F00Q10001275|200106|97041.07|0|015|345|||||8.375|0.00||||||||||||||||||||97041.07
F00Q10001275|200107|96823.80|0|016|344|||||8.375|0.00||||||||||||||||||||96823.80
F00Q10001275|200108|96627.13|0|017|343|||||8.375|0.00||||||||||||||||||||96627.13
F00Q10001275|200109|96428.91|0|018|342|||||8.375|0.00||||||||||||||||||||96428.91
F00Q10001275|200110|96207.41|0|019|341|||||8.375|0.00||||||||||||||||||||96207.41
F00Q10001275|200111|0.00|0|020|340|||01|200111|8.375|0.00|||||||||||||||96207.41|||||0.00
F00Q10001284|200102|29300.90|0|012|108|||||7.500|0.00||||||||||||||||||||29300.90
F00Q10001284|200103|29110.11|0|013|107|||||7.500|0.00||||||||||||||||||||29110.11
F00Q10001284|200104|28918.12|0|014|106|||||7.500|0.00||||||||||||||||||||28918.12
F00Q10001284|200105|28724.94|0|015|105|||||7.500|0.00||||||||||||||||||||28724.94
F00Q10001284|200106|28530.55|0|016|104|||||7.500|0.00||||||||||||||||||||28530.55
F00Q10001284|200107|28334.95|0|017|103|||||7.500|0.00||||||||||||||||||||28334.95
F00Q10001284|200108|28138.12|0|018|102|||||7.500|0.00||||||||||||||||||||28138.12
F00Q10001284|200109|27940.07|0|019|101|||||7.500|0.00||||||||||||||||||||27940.07
F00Q10001284|200110|27740.77|0|020|100|||||7.500|0.00||||||||||||||||||||27740.77
F00Q10001284|200111|27540.23|0|021|099|||||7.500|0.00||||||||||||||||||||27540.23
F00Q10001284|200112|27338.44|0|022|098|||||7.500|0.00||||||||||||||||||||27338.44
F00Q10001284|200201|27135.38|0|023|097|||||7.500|0.00||||||||||||||||||||27135.38
F00Q10001284|200202|26931.06|0|024|096|||||7.500|0.00||||||||||||||||||||26931.06
F00Q10001284|200203|26725.46|0|025|095|||||7.500|0.00||||||||||||||||||||26725.46
F00Q10001284|200204|26516.38|0|026|094|||||7.500|0.00||||||||||||||||||||26516.38
F00Q10001284|200205|26306.00|0|027|093|||||7.500|0.00||||||||||||||||||||26306.00
F00Q10001284|200206|26094.30|0|028|092|||||7.500|0.00||||||||||||||||||||26094.30
F00Q10001284|200207|25881.28|0|029|091|||||7.500|0.00||||||||||||||||||||25881.28
F00Q10001284|200208|25669.12|0|030|090|||||7.500|0.00||||||||||||||||||||25669.12
F00Q10001284|200209|25433.44|0|031|089|||||7.500|0.00||||||||||||||||||||25433.44
F00Q10001284|200210|25188.48|0|032|088|||||7.500|0.00||||||||||||||||||||25188.48
F00Q10001284|200211|24693.96|0|033|087|||||7.500|0.00||||||||||||||||||||24693.96
F00Q10001284|200212|24693.96|0|034|086|||||7.500|0.00||||||||||||||||||||24693.96
F00Q10001284|200301|24444.38|0|035|085|||||7.500|0.00||||||||||||||||||||24444.38
F00Q10001284|200302|24193.24|0|036|084|||||7.500|0.00||||||||||||||||||||24193.24
F00Q10001284|200303|23966.53|0|037|083|||||7.500|0.00||||||||||||||||||||23966.53
F00Q10001284|200304|23738.40|0|038|082|||||7.500|0.00||||||||||||||||||||23738.40
F00Q10001284|200305|23508.85|0|039|081|||||7.500|0.00||||||||||||||||||||23508.85
F00Q10001284|200306|23281.86|0|040|080|||||7.500|0.00||||||||||||||||||||23281.86
F00Q10001284|200307|23053.45|0|041|079|||||7.500|0.00||||||||||||||||||||23053.45
F00Q10001284|200308|22823.61|0|042|078|||||7.500|0.00||||||||||||||||||||22823.61
F00Q10001284|200309|22588.34|0|043|077|||||7.500|0.00||||||||||||||||||||22588.34
F00Q10001284|200310|22351.60|0|044|076|||||7.500|0.00||||||||||||||||||||22351.60
F00Q10001284|200311|22113.38|0|045|075|||||7.500|0.00||||||||||||||||||||22113.38
F00Q10001284|200312|21873.67|0|046|074|||||7.500|0.00||||||||||||||||||||21873.67
F00Q10001284|200401|21632.46|0|047|073|||||7.500|0.00||||||||||||||||||||21632.46
F00Q10001284|200402|21369.74|0|048|072|||||7.500|0.00||||||||||||||||||||21369.74
F00Q10001284|200403|21123.38|0|049|071|||||7.500|0.00||||||||||||||||||||21123.38
F00Q10001284|200404|20881.48|0|050|070|||||7.500|0.00||||||||||||||||||||20881.48
F00Q10001284|200405|20617.07|0|051|069|||||7.500|0.00||||||||||||||||||||20617.07
F00Q10001284|200406|20351.01|0|052|068|||||7.500|0.00||||||||||||||||||||20351.01
F00Q10001284|200407|20083.28|0|053|067|||||7.500|0.00||||||||||||||||||||20083.28
F00Q10001284|200408|19813.88|0|054|066|||||7.500|0.00||||||||||||||||||||19813.88
F00Q10001284|200409|19542.80|0|055|065|||||7.500|0.00||||||||||||||||||||19542.80
F00Q10001284|200410|19270.02|0|056|064|||||7.500|0.00||||||||||||||||||||19270.02
F00Q10001284|200411|18995.54|0|057|063|||||7.500|0.00||||||||||||||||||||18995.54
F00Q10001284|200412|18719.34|0|058|062|||||7.500|0.00||||||||||||||||||||18719.34
F00Q10001284|200501|18441.42|0|059|061|||||7.500|0.00||||||||||||||||||||18441.42
F00Q10001284|200502|18161.73|0|060|060|||||7.500|0.00||||||||||||||||||||18161.73
F00Q10001284|200503|17851.32|0|061|059|||||7.500|0.00||||||||||||||||||||17851.32
F00Q10001284|200504|17538.97|0|062|058|||||7.500|0.00||||||||||||||||||||17538.97
F00Q10001284|200505|17224.67|0|063|057|||||7.500|0.00||||||||||||||||||||17224.67
F00Q10001284|200506|16908.40|0|064|056|||||7.500|0.00||||||||||||||||||||16908.40
F00Q10001284|200507|16590.16|0|065|055|||||7.500|0.00||||||||||||||||||||16590.16
F00Q10001284|200508|16319.93|0|066|054|||||7.500|0.00||||||||||||||||||||16319.93
F00Q10001284|200509|15998.01|0|067|053|||||7.500|0.00||||||||||||||||||||15998.01
F00Q10001284|200510|15674.08|0|068|052|||||7.500|0.00||||||||||||||||||||15674.08
F00Q10001284|200511|15348.12|0|069|051|||||7.500|0.00||||||||||||||||||||15348.12
F00Q10001284|200512|15020.13|0|070|050|||||7.500|0.00||||||||||||||||||||15020.13
F00Q10001284|200601|14690.09|0|071|049|||||7.500|0.00||||||||||||||||||||14690.09
F00Q10001284|200602|14357.98|0|072|048|||||7.500|0.00||||||||||||||||||||14357.98
F00Q10001284|200603|14023.80|0|073|047|||||7.500|0.00||||||||||||||||||||14023.80
F00Q10001284|200604|13697.53|0|074|046|||||7.500|0.00||||||||||||||||||||13697.53
F00Q10001284|200605|13372.22|0|075|045|||||7.500|0.00||||||||||||||||||||13372.22
F00Q10001284|200606|13044.88|0|076|044|||||7.500|0.00||||||||||||||||||||13044.88
F00Q10001284|200607|12718.49|0|077|043|||||7.500|0.00||||||||||||||||||||12718.49
F00Q10001284|200608|12379.06|0|078|042|||||7.500|0.00||||||||||||||||||||12379.06
F00Q10001284|200609|12082.51|0|079|041|||||7.500|0.00||||||||||||||||||||12082.51
F00Q10001284|200610|11784.11|0|080|040|||||7.500|0.00||||||||||||||||||||11784.11
F00Q10001284|200611|11483.84|0|081|039|||||7.500|0.00||||||||||||||||||||11483.84
F00Q10001284|200612|11181.69|0|082|038|||||7.500|0.00||||||||||||||||||||11181.69
F00Q10001284|200701|10877.66|0|083|037|||||7.500|0.00||||||||||||||||||||10877.66
F00Q10001284|200702|10471.73|0|084|036|||||7.500|0.00||||||||||||||||||||10471.73
F00Q10001284|200703|10063.26|0|085|035|||||7.500|0.00||||||||||||||||||||10063.26
F00Q10001284|200704|9552.24|0|086|034|||||7.500|0.00||||||||||||||||||||9552.24
F00Q10001284|200705|9038.02|0|087|033|||||7.500|0.00||||||||||||||||||||9038.02
F00Q10001284|200706|8520.59|0|088|032|||||7.500|0.00||||||||||||||||||||8520.59
F00Q10001284|200707|7999.92|0|089|031|||||7.500|0.00||||||||||||||||||||7999.92
F00Q10001284|200708|7526.00|0|090|030|||||7.500|0.00||||||||||||||||||||7526.00
F00Q10001284|200709|7049.12|0|091|029|||||7.500|0.00||||||||||||||||||||7049.12
F00Q10001284|200710|6569.26|0|092|028|||||7.500|0.00||||||||||||||||||||6569.26
F00Q10001284|200711|6086.40|0|093|027|||||7.500|0.00||||||||||||||||||||6086.40
F00Q10001284|200712|5650.52|0|094|026|||||7.500|0.00||||||||||||||||||||5650.52
F00Q10001284|200801|5211.92|0|095|025|||||7.500|0.00||||||||||||||||||||5211.92
F00Q10001284|200802|4720.57|0|096|024|||||7.500|0.00||||||||||||||||||||4720.57
F00Q10001284|200803|4226.15|0|097|023|||||7.500|0.00||||||||||||||||||||4226.15
F00Q10001284|200804|3728.64|0|098|022|||||7.500|0.00||||||||||||||||||||3728.64
F00Q10001284|200805|3228.02|0|099|021|||||7.500|0.00||||||||||||||||||||3228.02
F00Q10001284|200806|0.00|0|100|020|||01|200806|7.500|0.00|||||||||||||||3228.02|||||0.00
F00Q10001289|200103|85000.00|0|003|347|||||8.625|0.00||||||||||||||||||||85000.00
F00Q10001289|200104|85000.00|0|004|346|||||8.625|0.00||||||||||||||||||||85000.00
F00Q10001289|200105|85000.00|0|005|345|||||8.625|0.00||||||||||||||||||||85000.00
F00Q10001289|200106|85000.00|0|006|344|||||8.625|0.00||||||||||||||||||||85000.00
F00Q10001289|200107|84612.02|0|007|343|||||8.625|0.00||||||||||||||||||||84612.02
F00Q10001289|200108|84554.99|0|008|342|||||8.625|0.00||||||||||||||||||||84554.99
F00Q10001289|200109|84497.55|0|009|341|||||8.625|0.00||||||||||||||||||||84497.55
F00Q10001289|200110|84439.70|0|010|340|||||8.625|0.00||||||||||||||||||||84439.70
F00Q10001289|200111|84381.43|0|011|339|||||8.625|0.00||||||||||||||||||||84381.43
F00Q10001289|200112|84322.74|0|012|338|||||8.625|0.00||||||||||||||||||||84322.74
F00Q10001289|200201|84263.63|0|013|337|||||8.625|0.00||||||||||||||||||||84263.63
F00Q10001289|200202|84204.09|0|014|336|||||8.625|0.00||||||||||||||||||||84204.09
F00Q10001289|200203|84144.13|0|015|335|||||8.625|0.00||||||||||||||||||||84144.13
F00Q10001289|200204|84083.74|0|016|334|||||8.625|0.00||||||||||||||||||||84083.74
F00Q10001289|200205|84083.74|0|017|333|||||8.625|0.00||||||||||||||||||||84083.74
F00Q10001289|200206|83961.64|0|018|332|||||8.625|0.00||||||||||||||||||||83961.64
F00Q10001289|200207|83899.93|0|019|331|||||8.625|0.00||||||||||||||||||||83899.93
F00Q10001289|200208|83837.78|0|020|330|||||8.625|0.00||||||||||||||||||||83837.78
F00Q10001289|200209|83775.18|0|021|329|||||8.625|0.00||||||||||||||||||||83775.18
F00Q10001289|200210|83712.13|0|022|328|||||8.625|0.00||||||||||||||||||||83712.13
F00Q10001289|200211|83648.63|0|023|327|||||8.625|0.00||||||||||||||||||||83648.63
F00Q10001289|200212|83648.63|0|024|326|||||8.625|0.00||||||||||||||||||||83648.63
F00Q10001289|200301|83520.25|0|025|325|||||8.625|0.00||||||||||||||||||||83520.25
F00Q10001289|200302|0.00|0|026|324|||01|200302|8.625|0.00|||||||||||||||83520.25|||||0.00
F00Q10001291|200103|0.00|0|007|347|||01|200103|8.625|0.00|||||||||||||||59137.19|||||0.00
F00Q10001300|200103|60000.00|0|005|348|||||9.000|0.00||||||||||||||||||||60000.00
F00Q10001300|200104|60000.00|0|006|347|||||9.000|0.00||||||||||||||||||||60000.00
F00Q10001300|200105|59751.78|0|007|346|||||9.000|0.00||||||||||||||||||||59751.78
F00Q10001300|200106|59715.25|0|008|345|||||9.000|0.00||||||||||||||||||||59715.25
F00Q10001300|200107|59678.44|0|009|344|||||9.000|0.00||||||||||||||||||||59678.44
F00Q10001300|200108|59641.36|0|010|343|||||9.000|0.00||||||||||||||||||||59641.36
F00Q10001300|200109|59604.00|0|011|342|||||9.000|0.00||||||||||||||||||||59604.00
F00Q10001300|200110|59566.36|0|012|341|||||9.000|0.00||||||||||||||||||||59566.36
F00Q10001300|200111|59528.44|0|013|340|||||9.000|0.00||||||||||||||||||||59528.44
F00Q10001300|200112|59490.23|0|014|339|||||9.000|0.00||||||||||||||||||||59490.23
F00Q10001300|200201|59451.74|0|015|338|||||9.000|0.00||||||||||||||||||||59451.74
F00Q10001300|200202|59412.96|0|016|337|||||9.000|0.00||||||||||||||||||||59412.96
F00Q10001300|200203|59373.89|0|017|336|||||9.000|0.00||||||||||||||||||||59373.89
F00Q10001300|200204|0.00|0|018|335|||01|200204|9.000|0.00|||||||||||||||59373.89|||||0.00
F00Q10001329|200106|209000.00|0|004|356|||||7.250|0.00||||||||||||||||||||209000.00
F00Q10001329|200107|209000.00|0|005|355|||||7.250|0.00||||||||||||||||||||209000.00
F00Q10001329|200108|209000.00|0|006|354|||||7.250|0.00||||||||||||||||||||209000.00
F00Q10001329|200109|208351.61|0|007|353|||||7.250|0.00||||||||||||||||||||208351.61
F00Q10001329|200110|208110.40|0|008|352|||||7.250|0.00||||||||||||||||||||208110.40
F00Q10001329|200111|207867.73|0|009|351|||||7.250|0.00||||||||||||||||||||207867.73
F00Q10001329|200112|207623.60|0|010|350|||||7.250|0.00||||||||||||||||||||207623.60
F00Q10001329|200201|207377.99|0|011|349|||||7.250|0.00||||||||||||||||||||207377.99
F00Q10001329|200202|207130.90|0|012|348|||||7.250|0.00||||||||||||||||||||207130.90
F00Q10001329|200203|206882.32|0|013|347|||||7.250|0.00||||||||||||||||||||206882.32
F00Q10001329|200204|206632.23|0|014|346|||||7.250|0.00||||||||||||||||||||206632.23
F00Q10001329|200205|206380.63|0|015|345|||||7.250|0.00||||||||||||||||||||206380.63
F00Q10001329|200206|206127.51|0|016|344|||||7.250|0.00||||||||||||||||||||206127.51
F00Q10001329|200207|205872.86|0|017|343|||||7.250|0.00||||||||||||||||||||205872.86
F00Q10001329|200208|205616.68|0|018|342|||||7.250|0.00||||||||||||||||||||205616.68
F00Q10001329|200209|205426.37|0|019|341|||||7.250|0.00||||||||||||||||||||205426.37
F00Q10001329|200210|0.00|0|020|340|||01|200210|7.250|0.00|||||||||||||||205426.37|||||0.00
F00Q10001350|200106|175000.00|0|003|357|||||7.250|0.00||||||||||||||||||||175000.00
F00Q10001350|200107|175000.00|0|004|356|||||7.250|0.00||||||||||||||||||||175000.00
F00Q10001350|200108|175000.00|0|005|355|||||7.250|0.00||||||||||||||||||||175000.00
F00Q10001350|200109|174000.00|0|006|354|||||7.250|0.00||||||||||||||||||||174000.00
F00Q10001350|200110|174225.72|0|007|353|||||7.250|0.00||||||||||||||||||||174225.72
F00Q10001350|200111|174083.15|0|008|352|||||7.250|0.00||||||||||||||||||||174083.15
F00Q10001350|200112|173939.72|0|009|351|||||7.250|0.00||||||||||||||||||||173939.72
F00Q10001350|200201|173795.43|0|010|350|||||7.250|0.00||||||||||||||||||||173795.43
F00Q10001350|200202|173650.26|0|011|349|||||7.250|0.00||||||||||||||||||||173650.26
F00Q10001350|200203|173504.22|0|012|348|||||7.250|0.00||||||||||||||||||||173504.22
F00Q10001350|200204|173357.29|0|013|347|||||7.250|0.00||||||||||||||||||||173357.29
F00Q10001350|200205|173209.48|0|014|346|||||7.250|0.00||||||||||||||||||||173209.48
F00Q10001350|200206|173060.77|0|015|345|||||7.250|0.00||||||||||||||||||||173060.77
F00Q10001350|200207|172911.17|0|016|344|||||7.250|0.00||||||||||||||||||||172911.17
F00Q10001350|200208|0.00|0|017|343|||01|200208|7.250|0.00|||||||||||||||172911.17|||||0.00
F00Q10001354|200106|275000.00|0|001|359|||||7.250|0.00||||||||||||||||||||275000.00
F00Q10001354|200107|275000.00|0|002|358|||||7.250|0.00||||||||||||||||||||275000.00
F00Q10001354|200108|274000.00|0|003|357|||||7.250|0.00||||||||||||||||||||274000.00
F00Q10001354|200109|274000.00|0|004|356|||||7.250|0.00||||||||||||||||||||274000.00
F00Q10001354|200110|274000.00|0|005|355|||||7.250|0.00||||||||||||||||||||274000.00
F00Q10001354|200111|274000.00|0|006|354|||||7.250|0.00||||||||||||||||||||274000.00
F00Q10001354|200112|0.00|0|007|353|||01|200112|7.250|0.00|||||||||||||||273620.15|||||0.00
F00Q10001365|200107|75412.20|0|017|163|||||6.750|0.00||||||||||||||||||||75412.20
F00Q10001365|200108|75128.46|0|018|162|||||6.750|0.00||||||||||||||||||||75128.46
F00Q10001365|200109|74843.13|0|019|161|||||6.750|0.00||||||||||||||||||||74843.13
F00Q10001365|200110|74556.19|0|020|160|||||6.750|0.00||||||||||||||||||||74556.19
F00Q10001365|200111|74267.64|0|021|159|||||6.750|0.00||||||||||||||||||||74267.64
F00Q10001365|200112|73977.47|0|022|158|||||6.750|0.00||||||||||||||||||||73977.47
F00Q10001365|200201|73685.66|0|023|157|||||6.750|0.00||||||||||||||||||||73685.66
F00Q10001365|200202|73392.21|0|024|156|||||6.750|0.00||||||||||||||||||||73392.21
F00Q10001365|200203|73097.11|0|025|155|||||6.750|0.00||||||||||||||||||||73097.11
F00Q10001365|200204|72800.35|0|026|154|||||6.750|0.00||||||||||||||||||||72800.35
F00Q10001365|200205|72501.92|0|027|153|||||6.750|0.00||||||||||||||||||||72501.92
F00Q10001365|200206|72201.81|0|028|152|||||6.750|0.00||||||||||||||||||||72201.81
F00Q10001365|200207|71900.02|0|029|151|||||6.750|0.00||||||||||||||||||||71900.02
F00Q10001365|200208|71596.53|0|030|150|||||6.750|0.00||||||||||||||||||||71596.53
F00Q10001365|200209|71214.36|0|031|149|||||6.750|0.00||||||||||||||||||||71214.36
F00Q10001365|200210|70907.01|0|032|148|||||6.750|0.00||||||||||||||||||||70907.01
F00Q10001365|200211|0.00|0|033|147|||01|200211|6.750|0.00|||||||||||||||70907.01|||||0.00
F00Q10001366|200107|236851.18|0|015|345|||||6.875|0.00||||||||||||||||||||236851.18
F00Q10001366|200108|236631.51|0|016|344|||||6.875|0.00||||||||||||||||||||236631.51
F00Q10001366|200109|236631.51|0|017|343|||||6.875|0.00||||||||||||||||||||236631.51
F00Q10001366|200110|236188.39|0|018|342|||||6.875|0.00||||||||||||||||||||236188.39
F00Q10001366|200111|235964.92|0|019|341|||||6.875|0.00||||||||||||||||||||235964.92
F00Q10001366|200112|235740.17|0|020|340|||||6.875|0.00||||||||||||||||||||235740.17
F00Q10001366|200201|235514.13|0|021|339|||||6.875|0.00||||||||||||||||||||235514.13
F00Q10001366|200202|235286.80|0|022|338|||||6.875|0.00||||||||||||||||||||235286.80
F00Q10001366|200203|0.00|0|023|337|||01|200203|6.875|0.00|||||||||||||||235286.80|||||0.00
F00Q10001379|200102|228000.00|0|000|349|||||7.500|0.00||||||||||||||||||||228000.00
F00Q10001379|200103|0.00|0|001|348|||01|200103|7.500|0.00|||||||||||||||228200.61|||||0.00
F00Q10001381|200012|155676.10|0|008|352|||||8.250|0.00||||||||||||||||||||155676.10
F00Q10001381|200101|155676.10|0|009|351|||||8.250|0.00||||||||||||||||||||155676.10
F00Q10001381|200102|155569.88|0|010|350|||||8.250|0.00||||||||||||||||||||155569.88
F00Q10001381|200103|155462.93|0|011|349|||||8.250|0.00||||||||||||||||||||155462.93
F00Q10001381|200104|155355.25|0|012|348|||||8.250|0.00||||||||||||||||||||155355.25
F00Q10001381|200105|155246.83|0|013|347|||||8.250|0.00||||||||||||||||||||155246.83
F00Q10001381|200106|155137.66|0|014|346|||||8.250|0.00||||||||||||||||||||155137.66
F00Q10001381|200107|155027.74|0|015|345|||||8.250|0.00||||||||||||||||||||155027.74
F00Q10001381|200108|154917.07|0|016|344|||||8.250|0.00||||||||||||||||||||154917.07
F00Q10001381|200109|154805.63|0|017|343|||||8.250|0.00||||||||||||||||||||154805.63
F00Q10001381|200110|154693.43|0|018|342|||||8.250|0.00||||||||||||||||||||154693.43
F00Q10001381|200111|154580.46|0|019|341|||||8.250|0.00||||||||||||||||||||154580.46
F00Q10001381|200112|154466.71|0|020|340|||||8.250|0.00||||||||||||||||||||154466.71
F00Q10001381|200201|0.00|0|021|339|||01|200201|8.250|0.00|||||||||||||||154466.71|||||0.00
F00Q10001397|200102|56000.00|0|000|348|||||7.375|0.00||||||||||||||||||||56000.00
F00Q10001397|200103|56000.00|0|001|347|||||7.375|0.00||||||||||||||||||||56000.00
F00Q10001397|200104|56000.00|0|002|346|||||7.375|0.00||||||||||||||||||||56000.00
F00Q10001397|200105|56000.00|0|003|345|||||7.375|0.00||||||||||||||||||||56000.00
F00Q10001397|200106|56000.00|0|004|344|||||7.375|0.00||||||||||||||||||||56000.00
F00Q10001397|200107|56000.00|0|005|343|||||7.375|0.00||||||||||||||||||||56000.00
F00Q10001397|200108|56000.00|0|006|342|||||7.375|0.00||||||||||||||||||||56000.00
F00Q10001397|200109|55513.94|0|007|341|||||7.375|0.00||||||||||||||||||||55513.94
F00Q10001397|200110|55465.74|0|008|340|||||7.375|0.00||||||||||||||||||||55465.74
F00Q10001397|200111|55417.24|0|009|339|||||7.375|0.00||||||||||||||||||||55417.24
F00Q10001397|200112|55368.45|0|010|338|||||7.375|0.00||||||||||||||||||||55368.45
F00Q10001397|200201|55319.36|0|011|337|||||7.375|0.00||||||||||||||||||||55319.36
F00Q10001397|200202|55319.36|0|012|336|||||7.375|0.00||||||||||||||||||||55319.36
F00Q10001397|200203|55220.26|0|013|335|||||7.375|0.00||||||||||||||||||||55220.26
F00Q10001397|200204|55220.26|0|014|334|||||7.375|0.00||||||||||||||||||||55220.26
F00Q10001397|200205|55170.25|0|015|333|||||7.375|0.00||||||||||||||||||||55170.25
F00Q10001397|200206|55069.32|0|016|332|||||7.375|0.00||||||||||||||||||||55069.32
F00Q10001397|200207|55018.39|0|017|331|||||7.375|0.00||||||||||||||||||||55018.39
F00Q10001397|200208|54967.14|0|018|330|||||7.375|0.00||||||||||||||||||||54967.14
F00Q10001397|200209|54915.58|0|019|329|||||7.375|0.00||||||||||||||||||||54915.58
F00Q10001397|200210|54863.70|0|020|328|||||7.375|0.00||||||||||||||||||||54863.70
F00Q10001397|200211|54811.50|0|021|327|||||7.375|0.00||||||||||||||||||||54811.50
F00Q10001397|200212|54758.98|0|022|326|||||7.375|0.00||||||||||||||||||||54758.98
F00Q10001397|200301|54706.14|0|023|325|||||7.375|0.00||||||||||||||||||||54706.14
F00Q10001397|200302|54652.97|0|024|324|||||7.375|0.00||||||||||||||||||||54652.97
F00Q10001397|200303|54599.48|0|025|323|||||7.375|0.00||||||||||||||||||||54599.48
F00Q10001397|200304|54545.66|0|026|322|||||7.375|0.00||||||||||||||||||||54545.66
F00Q10001397|200305|54545.66|0|027|321|||||7.375|0.00||||||||||||||||||||54545.66
F00Q10001397|200306|0.00|0|028|320|||01|200306|7.375|0.00|||||||||||||||54545.66|||||0.00
F00Q10001398|200101|84000.00|0|000|348|||||7.500|0.00||||||||||||||||||||84000.00
F00Q10001398|200102|83000.00|0|001|347|||||7.500|0.00||||||||||||||||||||83000.00
F00Q10001398|200103|83000.00|0|002|346|||||7.500|0.00||||||||||||||||||||83000.00
F00Q10001398|200104|83000.00|0|003|345|||||7.500|0.00||||||||||||||||||||83000.00
F00Q10001398|200105|83000.00|0|004|344|||||7.500|0.00||||||||||||||||||||83000.00
F00Q10001398|200106|83000.00|0|005|343|||||7.500|0.00||||||||||||||||||||83000.00
F00Q10001398|200107|83000.00|0|006|342|||||7.500|0.00||||||||||||||||||||83000.00
F00Q10001398|200108|82943.04|0|007|341|||||7.500|0.00||||||||||||||||||||82943.04
F00Q10001398|200109|82863.91|0|008|340|||||7.500|0.00||||||||||||||||||||82863.91
F00Q10001398|200110|82784.29|0|009|339|||||7.500|0.00||||||||||||||||||||82784.29
F00Q10001398|200111|82704.17|0|010|338|||||7.500|0.00||||||||||||||||||||82704.17
F00Q10001398|200112|82626.38|0|011|337|||||7.500|0.00||||||||||||||||||||82626.38
F00Q10001398|200201|82548.10|0|012|336|||||7.500|0.00||||||||||||||||||||82548.10
F00Q10001398|200202|82469.34|0|013|335|||||7.500|0.00||||||||||||||||||||82469.34
F00Q10001398|200203|82469.34|0|014|334|||||7.500|0.00||||||||||||||||||||82469.34
F00Q10001398|200204|82390.08|0|015|333|||||7.500|0.00||||||||||||||||||||82390.08
F00Q10001398|200205|0.00|0|016|332|||01|200205|7.500|0.00|||||||||||||||82390.08|||||0.00
F00Q10001413|200102|103000.00|0|000|168|||||7.125|0.00||||||||||||||||||||103000.00
F00Q10001413|200103|103000.00|0|001|167|||||7.125|0.00||||||||||||||||||||103000.00
F00Q10001413|200104|102000.00|0|002|166|||||7.125|0.00||||||||||||||||||||102000.00
F00Q10001413|200105|102000.00|0|003|165|||||7.125|0.00||||||||||||||||||||102000.00
F00Q10001413|200106|101000.00|0|004|164|||||7.125|0.00||||||||||||||||||||101000.00
F00Q10001413|200107|101000.00|0|005|163|||||7.125|0.00||||||||||||||||||||101000.00
F00Q10001413|200108|101000.00|0|006|162|||||7.125|0.00||||||||||||||||||||101000.00
F00Q10001413|200109|100346.07|0|007|161|||||7.125|0.00||||||||||||||||||||100346.07
F00Q10001413|200110|99972.23|0|008|160|||||7.125|0.00||||||||||||||||||||99972.23
F00Q10001413|200111|99596.18|0|009|159|||||7.125|0.00||||||||||||||||||||99596.18
F00Q10001413|200112|99217.89|0|010|158|||||7.125|0.00||||||||||||||||||||99217.89
F00Q10001413|200201|98837.36|0|011|157|||||7.125|0.00||||||||||||||||||||98837.36
F00Q10001413|200202|98454.57|0|012|156|||||7.125|0.00||||||||||||||||||||98454.57
F00Q10001413|200203|98069.50|0|013|155|||||7.125|0.00||||||||||||||||||||98069.50
F00Q10001413|200204|97682.15|0|014|154|||||7.125|0.00||||||||||||||||||||97682.15
F00Q10001413|200205|97292.50|0|015|153|||||7.125|0.00||||||||||||||||||||97292.50
F00Q10001413|200206|96900.53|0|016|152|||||7.125|0.00||||||||||||||||||||96900.53
F00Q10001413|200207|96506.24|0|017|151|||||7.125|0.00||||||||||||||||||||96506.24
F00Q10001413|200208|96109.61|0|018|150|||||7.125|0.00||||||||||||||||||||96109.61
F00Q10001413|200209|95710.62|0|019|149|||||7.125|0.00||||||||||||||||||||95710.62
F00Q10001413|200210|95309.26|0|020|148|||||7.125|0.00||||||||||||||||||||95309.26
F00Q10001413|200211|94905.52|0|021|147|||||7.125|0.00||||||||||||||||||||94905.52
F00Q10001413|200212|94499.38|0|022|146|||||7.125|0.00||||||||||||||||||||94499.38
F00Q10001413|200301|94090.83|0|023|145|||||7.125|0.00||||||||||||||||||||94090.83
F00Q10001413|200302|0.00|0|024|144|||01|200302|7.125|0.00|||||||||||||||94090.83|||||0.00
F00Q10001419|200101|81719.34|0|009|351|||||8.625|0.00||||||||||||||||||||81719.34
F00Q10001419|200102|81667.50|0|010|350|||||8.625|0.00||||||||||||||||||||81667.50
F00Q10001419|200103|81615.39|0|011|349|||||8.625|0.00||||||||||||||||||||81615.39
F00Q10001419|200104|81562.85|0|012|348|||||8.625|0.00||||||||||||||||||||81562.85
F00Q10001419|200105|81509.93|0|013|347|||||8.625|0.00||||||||||||||||||||81509.93
F00Q10001419|200106|81456.63|0|014|346|||||8.625|0.00||||||||||||||||||||81456.63
F00Q10001419|200107|81402.95|0|015|345|||||8.625|0.00||||||||||||||||||||81402.95
F00Q10001419|200108|81348.88|0|016|344|||||8.625|0.00||||||||||||||||||||81348.88
F00Q10001419|200109|81294.43|0|017|343|||||8.625|0.00||||||||||||||||||||81294.43
F00Q10001419|200110|81239.58|0|018|342|||||8.625|0.00||||||||||||||||||||81239.58
F00Q10001419|200111|81184.34|0|019|341|||||8.625|0.00||||||||||||||||||||81184.34
F00Q10001419|200112|81128.70|0|020|340|||||8.625|0.00||||||||||||||||||||81128.70
F00Q10001419|200201|81072.66|0|021|339|||||8.625|0.00||||||||||||||||||||81072.66
F00Q10001419|200202|81016.22|0|022|338|||||8.625|0.00||||||||||||||||||||81016.22
F00Q10001419|200203|80959.37|0|023|337|||||8.625|0.00||||||||||||||||||||80959.37
F00Q10001419|200204|80902.12|0|024|336|||||8.625|0.00||||||||||||||||||||80902.12
F00Q10001419|200205|80844.45|0|025|335|||||8.625|0.00||||||||||||||||||||80844.45
F00Q10001419|200206|80786.37|0|026|334|||||8.625|0.00||||||||||||||||||||80786.37
F00Q10001419|200207|80727.87|0|027|333|||||8.625|0.00||||||||||||||||||||80727.87
F00Q10001419|200208|80668.95|0|028|332|||||8.625|0.00||||||||||||||||||||80668.95
F00Q10001419|200209|0.00|0|029|331|||01|200209|8.625|0.00|||||||||||||||80668.95|||||0.00
F00Q10001434|200102|87000.00|0|000|349|||||7.500|0.00||||||||||||||||||||87000.00
F00Q10001434|200103|87000.00|0|001|348|||||7.500|0.00||||||||||||||||||||87000.00
F00Q10001434|200104|87000.00|0|002|347|||||7.500|0.00||||||||||||||||||||87000.00
F00Q10001434|200105|87000.00|0|003|346|||||7.500|0.00||||||||||||||||||||87000.00
F00Q10001434|200106|87000.00|0|004|345|||||7.500|0.00||||||||||||||||||||87000.00
F00Q10001434|200107|87000.00|0|005|344|||||7.500|0.00||||||||||||||||||||87000.00
F00Q10001434|200108|87000.00|0|006|343|||||7.500|0.00||||||||||||||||||||87000.00
F00Q10001434|200109|86521.58|0|007|342|||||7.500|0.00||||||||||||||||||||86521.58
F00Q10001434|200110|86448.17|0|008|341|||||7.500|0.00||||||||||||||||||||86448.17
F00Q10001434|200111|86374.30|0|009|340|||||7.500|0.00||||||||||||||||||||86374.30
F00Q10001434|200112|0.00|0|010|339|||01|200112|7.500|0.00|||||||||||||||86374.30|||||0.00
F00Q10001436|200102|95000.00|0|000|228|||||7.375|0.00||||||||||||||||||||95000.00
F00Q10001436|200103|95000.00|0|001|227|||||7.375|0.00||||||||||||||||||||95000.00
F00Q10001436|200104|94000.00|0|002|226|||||7.375|0.00||||||||||||||||||||94000.00
F00Q10001436|200105|94000.00|0|003|225|||||7.375|0.00||||||||||||||||||||94000.00
F00Q10001436|200106|0.00|0|004|224|||01|200106|7.375|0.00|||||||||||||||94209.86|||||0.00
F00Q10001437|200102|121000.00|0|000|349|||||7.500|0.00||||||||||||||||||||121000.00
F00Q10001437|200103|121000.00|0|001|348|||||7.500|0.00||||||||||||||||||||121000.00
F00Q10001437|200104|121000.00|0|002|347|||||7.500|0.00||||||||||||||||||||121000.00
F00Q10001437|200105|120000.00|0|003|346|||||7.500|0.00||||||||||||||||||||120000.00
F00Q10001437|200106|120000.00|0|004|345|||||7.500|0.00||||||||||||||||||||120000.00
F00Q10001437|200107|120000.00|0|005|344|||||7.500|0.00||||||||||||||||||||120000.00
F00Q10001437|200108|120000.00|0|006|343|||||7.500|0.00||||||||||||||||||||120000.00
F00Q10001437|200109|119272.05|0|007|342|||||7.500|0.00||||||||||||||||||||119272.05
F00Q10001437|200110|118961.49|0|008|341|||||7.500|0.00||||||||||||||||||||118961.49
F00Q10001437|200111|0.00|0|009|340|||01|200111|7.500|0.00|||||||||||||||118961.49|||||0.00
F00Q10001439|200101|145017.30|0|011|169|||||7.875|0.00||||||||||||||||||||145017.30
F00Q10001439|200102|144546.30|0|012|168|||||7.875|0.00||||||||||||||||||||144546.30
F00Q10001439|200103|144072.21|0|013|167|||||7.875|0.00||||||||||||||||||||144072.21
F00Q10001439|200104|143595.00|0|014|166|||||7.875|0.00||||||||||||||||||||143595.00
F00Q10001439|200105|143114.66|0|015|165|||||7.875|0.00||||||||||||||||||||143114.66
F00Q10001439|200106|142631.17|0|016|164|||||7.875|0.00||||||||||||||||||||142631.17
F00Q10001439|200107|142144.51|0|017|163|||||7.875|0.00||||||||||||||||||||142144.51
F00Q10001439|200108|0.00|0|018|162|||01|200108|7.875|0.00|||||||||||||||142144.51|||||0.00
F00Q10001441|200101|134000.00|0|000|351|||||7.500|0.00||||||||||||||||||||134000.00
F00Q10001441|200102|134000.00|0|001|350|||||7.500|0.00||||||||||||||||||||134000.00
F00Q10001441|200103|134000.00|0|002|349|||||7.500|0.00||||||||||||||||||||134000.00
F00Q10001441|200104|134000.00|0|003|348|||||7.500|0.00||||||||||||||||||||134000.00
F00Q10001441|200105|134000.00|0|004|347|||||7.500|0.00||||||||||||||||||||134000.00
F00Q10001441|200106|134000.00|0|005|346|||||7.500|0.00||||||||||||||||||||134000.00
F00Q10001441|200107|133000.00|0|006|345|||||7.500|0.00||||||||||||||||||||133000.00
F00Q10001441|200108|133341.98|0|007|344|||||7.500|0.00||||||||||||||||||||133341.98
F00Q10001441|200109|133231.27|0|008|343|||||7.500|0.00||||||||||||||||||||133231.27
F00Q10001441|200110|0.00|0|009|342|||01|200110|7.500|0.00|||||||||||||||133231.27|||||0.00
F00Q10001444|200102|125000.00|0|000|356|||||7.375|0.00||||||||||||||||||||125000.00
F00Q10001444|200103|125000.00|0|001|355|||||7.375|0.00||||||||||||||||||||125000.00
F00Q10001444|200104|125000.00|0|002|354|||||7.375|0.00||||||||||||||||||||125000.00
F00Q10001444|200105|125000.00|0|003|353|||||7.375|0.00||||||||||||||||||||125000.00
F00Q10001444|200106|124000.00|0|004|352|||||7.375|0.00||||||||||||||||||||124000.00
F00Q10001444|200107|124000.00|0|005|351|||||7.375|0.00||||||||||||||||||||124000.00
F00Q10001444|200108|124000.00|0|006|350|||||7.375|0.00||||||||||||||||||||124000.00
F00Q10001444|200109|124100.77|0|007|349|||||7.375|0.00||||||||||||||||||||124100.77
F00Q10001444|200110|123998.84|0|008|348|||||7.375|0.00||||||||||||||||||||123998.84
F00Q10001444|200111|123896.29|0|009|347|||||7.375|0.00||||||||||||||||||||123896.29
F00Q10001444|200112|0.00|0|010|346|||01|200112|7.375|0.00|||||||||||||||123896.29|||||0.00
F00Q10001451|200101|143000.00|0|000|349|||||7.500|0.00||||||||||||||||||||143000.00
F00Q10001451|200102|143000.00|0|001|348|||||7.500|0.00||||||||||||||||||||143000.00
F00Q10001451|200103|143000.00|0|002|347|||||7.500|0.00||||||||||||||||||||143000.00
F00Q10001451|200104|143000.00|0|003|346|||||7.500|0.00||||||||||||||||||||143000.00
F00Q10001451|200105|143000.00|0|004|345|||||7.500|0.00||||||||||||||||||||143000.00
F00Q10001451|200106|143000.00|0|005|344|||||7.500|0.00||||||||||||||||||||143000.00
F00Q10001451|200107|143000.00|0|006|343|||||7.500|0.00||||||||||||||||||||143000.00
F00Q10001451|200108|142386.68|0|007|342|||||7.500|0.00||||||||||||||||||||142386.68
F00Q10001451|200109|142266.78|0|008|341|||||7.500|0.00||||||||||||||||||||142266.78
F00Q10001451|200110|142146.13|0|009|340|||||7.500|0.00||||||||||||||||||||142146.13
F00Q10001451|200111|142024.72|0|010|339|||||7.500|0.00||||||||||||||||||||142024.72
F00Q10001451|200112|141902.55|0|011|338|||||7.500|0.00||||||||||||||||||||141902.55
F00Q10001451|200201|141779.62|0|012|337|||||7.500|0.00||||||||||||||||||||141779.62
F00Q10001451|200202|141655.92|0|013|336|||||7.500|0.00||||||||||||||||||||141655.92
F00Q10001451|200203|141531.45|0|014|335|||||7.500|0.00||||||||||||||||||||141531.45
F00Q10001451|200204|141406.20|0|015|334|||||7.500|0.00||||||||||||||||||||141406.20
F00Q10001451|200205|141280.17|0|016|333|||||7.500|0.00||||||||||||||||||||141280.17
F00Q10001451|200206|141153.35|0|017|332|||||7.500|0.00||||||||||||||||||||141153.35
F00Q10001451|200207|141025.74|0|018|331|||||7.500|0.00||||||||||||||||||||141025.74
F00Q10001451|200208|140897.33|0|019|330|||||7.500|0.00||||||||||||||||||||140897.33
F00Q10001451|200209|140768.12|0|020|329|||||7.500|0.00||||||||||||||||||||140768.12
F00Q10001451|200210|140638.10|0|021|328|||||7.500|0.00||||||||||||||||||||140638.10
F00Q10001451|200211|140507.27|0|022|327|||||7.500|0.00||||||||||||||||||||140507.27
F00Q10001451|200212|140375.62|0|023|326|||||7.500|0.00||||||||||||||||||||140375.62
F00Q10001451|200301|140243.15|0|024|325|||||7.500|0.00||||||||||||||||||||140243.15
F00Q10001451|200302|140109.85|0|025|324|||||7.500|0.00||||||||||||||||||||140109.85
F00Q10001451|200303|139975.72|0|026|323|||||7.500|0.00||||||||||||||||||||139975.72
F00Q10001451|200304|0.00|0|027|322|||01|200304|7.500|0.00|||||||||||||||139975.72|||||0.00
F00Q10001457|200102|220000.00|0|000|348|||||7.375|0.00||||||||||||||||||||220000.00
F00Q10001457|200103|219000.00|0|001|347|||||7.375|0.00||||||||||||||||||||219000.00
F00Q10001457|200104|219000.00|0|002|346|||||7.375|0.00||||||||||||||||||||219000.00
F00Q10001457|200105|219000.00|0|003|345|||||7.375|0.00||||||||||||||||||||219000.00
F00Q10001457|200106|219000.00|0|004|344|||||7.375|0.00||||||||||||||||||||219000.00
F00Q10001457|200107|218000.00|0|005|343|||||7.375|0.00||||||||||||||||||||218000.00
F00Q10001457|200108|218000.00|0|006|342|||||7.375|0.00||||||||||||||||||||218000.00
F00Q10001457|200109|217552.34|0|007|341|||||7.375|0.00||||||||||||||||||||217552.34
F00Q10001457|200110|217226.97|0|008|340|||||7.375|0.00||||||||||||||||||||217226.97
F00Q10001457|200111|216899.60|0|009|339|||||7.375|0.00||||||||||||||||||||216899.60
F00Q10001457|200112|0.00|0|010|338|||01|200112|7.375|0.00|||||||||||||||216899.60|||||0.00
F00Q10001462|200101|72000.00|0|000|170|||||6.875|0.00||||||||||||||||||||72000.00
F00Q10001462|200102|72000.00|0|001|169|||||6.875|0.00||||||||||||||||||||72000.00
F00Q10001462|200103|71000.00|0|002|168|||||6.875|0.00||||||||||||||||||||71000.00
F00Q10001462|200104|71000.00|0|003|167|||||6.875|0.00||||||||||||||||||||71000.00
F00Q10001462|200105|71000.00|0|004|166|||||6.875|0.00||||||||||||||||||||71000.00
F00Q10001462|200106|71000.00|0|005|165|||||6.875|0.00||||||||||||||||||||71000.00
F00Q10001462|200107|70000.00|0|006|164|||||6.875|0.00||||||||||||||||||||70000.00
F00Q10001462|200108|69988.34|0|007|163|||||6.875|0.00||||||||||||||||||||69988.34
F00Q10001462|200109|69727.54|0|008|162|||||6.875|0.00||||||||||||||||||||69727.54
F00Q10001462|200110|69465.25|0|009|161|||||6.875|0.00||||||||||||||||||||69465.25
F00Q10001462|200111|69201.46|0|010|160|||||6.875|0.00||||||||||||||||||||69201.46
F00Q10001462|200112|68936.16|0|011|159|||||6.875|0.00||||||||||||||||||||68936.16
F00Q10001462|200201|68669.34|0|012|158|||||6.875|0.00||||||||||||||||||||68669.34
F00Q10001462|200202|68400.99|0|013|157|||||6.875|0.00||||||||||||||||||||68400.99
F00Q10001462|200203|68131.10|0|014|156|||||6.875|0.00||||||||||||||||||||68131.10
F00Q10001462|200204|67859.66|0|015|155|||||6.875|0.00||||||||||||||||||||67859.66
F00Q10001462|200205|67586.67|0|016|154|||||6.875|0.00||||||||||||||||||||67586.67
F00Q10001462|200206|67312.12|0|017|153|||||6.875|0.00||||||||||||||||||||67312.12
F00Q10001462|200207|67035.99|0|018|152|||||6.875|0.00||||||||||||||||||||67035.99
F00Q10001462|200208|66758.28|0|019|151|||||6.875|0.00||||||||||||||||||||66758.28
F00Q10001462|200209|66478.98|0|020|150|||||6.875|0.00||||||||||||||||||||66478.98
F00Q10001462|200210|66198.08|0|021|149|||||6.875|0.00||||||||||||||||||||66198.08
F00Q10001462|200211|65915.57|0|022|148|||||6.875|0.00||||||||||||||||||||65915.57
F00Q10001462|200212|65631.44|0|023|147|||||6.875|0.00||||||||||||||||||||65631.44
F00Q10001462|200301|65345.68|0|024|146|||||6.875|0.00||||||||||||||||||||65345.68
F00Q10001462|200302|65058.29|0|025|145|||||6.875|0.00||||||||||||||||||||65058.29
F00Q10001462|200303|64769.25|0|026|144|||||6.875|0.00||||||||||||||||||||64769.25
F00Q10001462|200304|64478.55|0|027|143|||||6.875|0.00||||||||||||||||||||64478.55
F00Q10001462|200305|64186.19|0|028|142|||||6.875|0.00||||||||||||||||||||64186.19
F00Q10001462|200306|64186.19|0|029|141|||||6.875|0.00||||||||||||||||||||64186.19
F00Q10001462|200307|63892.15|0|030|140|||||6.875|0.00||||||||||||||||||||63892.15
F00Q10001462|200308|63299.01|0|031|139|||||6.875|0.00||||||||||||||||||||63299.01
F00Q10001462|200309|62999.89|0|032|138|||||6.875|0.00||||||||||||||||||||62999.89
F00Q10001462|200310|62699.06|0|033|137|||||6.875|0.00||||||||||||||||||||62699.06
F00Q10001462|200311|62699.06|0|034|136|||||6.875|0.00||||||||||||||||||||62699.06
F00Q10001462|200312|62092.21|0|035|135|||||6.875|0.00||||||||||||||||||||62092.21
F00Q10001462|200401|61786.18|0|036|134|||||6.875|0.00||||||||||||||||||||61786.18
F00Q10001462|200402|61478.39|0|037|133|||||6.875|0.00||||||||||||||||||||61478.39
F00Q10001462|200403|61168.84|0|038|132|||||6.875|0.00||||||||||||||||||||61168.84
F00Q10001462|200404|61168.84|0|039|131|||||6.875|0.00||||||||||||||||||||61168.84
F00Q10001462|200405|60544.41|0|040|130|||||6.875|0.00||||||||||||||||||||60544.41
F00Q10001462|200406|60544.41|0|041|129|||||6.875|0.00||||||||||||||||||||60544.41
F00Q10001462|200407|59912.80|0|042|128|||||6.875|0.00||||||||||||||||||||59912.80
F00Q10001462|200408|59912.80|0|043|127|||||6.875|0.00||||||||||||||||||||59912.80
F00Q10001462|200409|59594.28|0|044|126|||||6.875|0.00||||||||||||||||||||59594.28
F00Q10001462|200410|58951.76|0|045|125|||||6.875|0.00||||||||||||||||||||58951.76
F00Q10001462|200411|58627.73|0|046|124|||||6.875|0.00||||||||||||||||||||58627.73
F00Q10001462|200412|58627.73|0|047|123|||||6.875|0.00||||||||||||||||||||58627.73
F00Q10001462|200501|57974.10|0|048|122|||||6.875|0.00||||||||||||||||||||57974.10
F00Q10001462|200502|57974.10|0|049|121|||||6.875|0.00||||||||||||||||||||57974.10
F00Q10001462|200503|57644.47|0|050|120|||||6.875|0.00||||||||||||||||||||57644.47
F00Q10001462|200504|56979.54|0|051|119|||||6.875|0.00||||||||||||||||||||56979.54
F00Q10001462|200505|56644.22|0|052|118|||||6.875|0.00||||||||||||||||||||56644.22
F00Q10001462|200506|56644.22|0|053|117|||||6.875|0.00||||||||||||||||||||56644.22
F00Q10001462|200507|55967.79|0|054|116|||||6.875|0.00||||||||||||||||||||55967.79
F00Q10001462|200508|55967.79|0|055|115|||||6.875|0.00||||||||||||||||||||55967.79
F00Q10001462|200509|55626.67|0|056|114|||||6.875|0.00||||||||||||||||||||55626.67
F00Q10001462|200510|54938.55|0|057|113|||||6.875|0.00||||||||||||||||||||54938.55
F00Q10001462|200511|54591.53|0|058|112|||||6.875|0.00||||||||||||||||||||54591.53
F00Q10001462|200512|54242.52|0|059|111|||||6.875|0.00||||||||||||||||||||54242.52
F00Q10001462|200601|54242.52|0|060|110|||||6.875|0.00||||||||||||||||||||54242.52
F00Q10001462|200602|53891.51|0|061|109|||||6.875|0.00||||||||||||||||||||53891.51
F00Q10001462|200603|53538.49|0|062|108|||||6.875|0.00||||||||||||||||||||53538.49
F00Q10001462|200604|52826.38|0|063|107|||||6.875|0.00||||||||||||||||||||52826.38
F00Q10001462|200605|52467.26|0|064|106|||||6.875|0.00||||||||||||||||||||52467.26
F00Q10001462|200606|52106.08|0|065|105|||||6.875|0.00||||||||||||||||||||52106.08
F00Q10001462|200607|51742.83|0|066|104|||||6.875|0.00||||||||||||||||||||51742.83
F00Q10001462|200608|51377.50|0|067|103|||||6.875|0.00||||||||||||||||||||51377.50
F00Q10001462|200609|51010.08|0|068|102|||||6.875|0.00||||||||||||||||||||51010.08
F00Q10001462|200610|50640.56|0|069|101|||||6.875|0.00||||||||||||||||||||50640.56
F00Q10001462|200611|50268.92|0|070|100|||||6.875|0.00||||||||||||||||||||50268.92
F00Q10001462|200612|49895.15|0|071|099|||||6.875|0.00||||||||||||||||||||49895.15
F00Q10001462|200701|49519.24|0|072|098|||||6.875|0.00||||||||||||||||||||49519.24
F00Q10001462|200702|49141.17|0|073|097|||||6.875|0.00||||||||||||||||||||49141.17
F00Q10001462|200703|48760.94|0|074|096|||||6.875|0.00||||||||||||||||||||48760.94
F00Q10001462|200704|48378.53|0|075|095|||||6.875|0.00||||||||||||||||||||48378.53
F00Q10001462|200705|47993.93|0|076|094|||||6.875|0.00||||||||||||||||||||47993.93
F00Q10001462|200706|47607.13|0|077|093|||||6.875|0.00||||||||||||||||||||47607.13
F00Q10001462|200707|47218.11|0|078|092|||||6.875|0.00||||||||||||||||||||47218.11
F00Q10001462|200708|46826.86|0|079|091|||||6.875|0.00||||||||||||||||||||46826.86
F00Q10001462|200709|46433.37|0|080|090|||||6.875|0.00||||||||||||||||||||46433.37
F00Q10001462|200710|46037.62|0|081|089|||||6.875|0.00||||||||||||||||||||46037.62
F00Q10001462|200711|45639.61|0|082|088|||||6.875|0.00||||||||||||||||||||45639.61
F00Q10001462|200712|45239.32|0|083|087|||||6.875|0.00||||||||||||||||||||45239.32
F00Q10001462|200801|44836.73|0|084|086|||||6.875|0.00||||||||||||||||||||44836.73
F00Q10001462|200802|44431.84|0|085|085|||||6.875|0.00||||||||||||||||||||44431.84
F00Q10001462|200803|44024.63|0|086|084|||||6.875|0.00||||||||||||||||||||44024.63
F00Q10001462|200804|43615.08|0|087|083|||||6.875|0.00||||||||||||||||||||43615.08
F00Q10001462|200805|43203.19|0|088|082|||||6.875|0.00||||||||||||||||||||43203.19
F00Q10001462|200806|42788.94|0|089|081|||||6.875|0.00||||||||||||||||||||42788.94
F00Q10001462|200807|42372.31|0|090|080|||||6.875|0.00||||||||||||||||||||42372.31
F00Q10001462|200808|41953.30|0|091|079|||||6.875|0.00||||||||||||||||||||41953.30
F00Q10001462|200809|41531.89|0|092|078|||||6.875|0.00||||||||||||||||||||41531.89
F00Q10001462|200810|41108.06|0|093|077|||||6.875|0.00||||||||||||||||||||41108.06
F00Q10001462|200811|40681.80|0|094|076|||||6.875|0.00||||||||||||||||||||40681.80
F00Q10001462|200812|40253.10|0|095|075|||||6.875|0.00||||||||||||||||||||40253.10
F00Q10001462|200901|39821.95|0|096|074|||||6.875|0.00||||||||||||||||||||39821.95
F00Q10001462|200902|39388.33|0|097|073|||||6.875|0.00||||||||||||||||||||39388.33
F00Q10001462|200903|38952.22|0|098|072|||||6.875|0.00||||||||||||||||||||38952.22
F00Q10001462|200904|38513.61|0|099|071|||||6.875|0.00||||||||||||||||||||38513.61
F00Q10001462|200905|38072.49|0|100|070|||||6.875|0.00||||||||||||||||||||38072.49
F00Q10001462|200906|37628.84|0|101|069|||||6.875|0.00||||||||||||||||||||37628.84
F00Q10001462|200907|37182.65|0|102|068|||||6.875|0.00||||||||||||||||||||37182.65
F00Q10001462|200908|36733.91|0|103|067|||||6.875|0.00||||||||||||||||||||36733.91
F00Q10001462|200909|36282.59|0|104|066|||||6.875|0.00||||||||||||||||||||36282.59
F00Q10001462|200910|35828.69|0|105|065|||||6.875|0.00||||||||||||||||||||35828.69
F00Q10001462|200911|35372.19|0|106|064|||||6.875|0.00||||||||||||||||||||35372.19
F00Q10001462|200912|34913.07|0|107|063|||||6.875|0.00||||||||||||||||||||34913.07
F00Q10001462|201001|34451.32|0|108|062|||||6.875|0.00||||||||||||||||||||34451.32
F00Q10001462|201002|33986.93|0|109|061|||||6.875|0.00||||||||||||||||||||33986.93
F00Q10001462|201003|33519.88|0|110|060|||||6.875|0.00||||||||||||||||||||33519.88
F00Q10001462|201004|33050.15|0|111|059|||||6.875|0.00||||||||||||||||||||33050.15
F00Q10001462|201005|32577.73|0|112|058|||||6.875|0.00||||||||||||||||||||32577.73
F00Q10001462|201006|32102.60|0|113|057|||||6.875|0.00||||||||||||||||||||32102.60
F00Q10001462|201007|31624.75|0|114|056|||||6.875|0.00||||||||||||||||||||31624.75
F00Q10001462|201008|31144.16|0|115|055|||||6.875|0.00||||||||||||||||||||31144.16
F00Q10001462|201009|30660.82|0|116|054|||||6.875|0.00||||||||||||||||||||30660.82
F00Q10001462|201010|30174.71|0|117|053|||||6.875|0.00||||||||||||||||||||30174.71
F00Q10001462|201011|29685.82|0|118|052|||||6.875|0.00||||||||||||||||||||29685.82
F00Q10001462|201012|28855.90|0|119|051|||||6.875|0.00||||||||||||||||||||28855.90
F00Q10001462|201101|28021.35|0|120|050|||||6.875|0.00||||||||||||||||||||28021.35
F00Q10001462|201102|27182.21|0|121|049|||||6.875|0.00||||||||||||||||||||27182.21
F00Q10001462|201103|26338.20|0|122|048|||||6.875|0.00||||||||||||||||||||26338.20
F00Q10001462|201104|25489.36|0|123|047|||||6.875|0.00||||||||||||||||||||25489.36
F00Q10001462|201105|24635.71|0|124|046|||||6.875|0.00||||||||||||||||||||24635.71
F00Q10001462|201106|23777.17|0|125|045|||||6.875|0.00||||||||||||||||||||23777.17
F00Q10001462|201107|22913.78|0|126|044|||||6.875|0.00||||||||||||||||||||22913.78
F00Q10001462|201108|22045.45|0|127|043|||||6.875|0.00||||||||||||||||||||22045.45
F00Q10001462|201109|21372.01|0|128|042|||||6.875|0.00||||||||||||||||||||21372.01
F00Q10001462|201110|20694.66|0|129|041|||||6.875|0.00||||||||||||||||||||20694.66
F00Q10001462|201111|20013.40|0|130|040|||||6.875|0.00||||||||||||||||||||20013.40
F00Q10001462|201112|19328.24|0|131|039|||||6.875|0.00||||||||||||||||||||19328.24
F00Q10001462|201201|18539.15|0|132|038|||||6.875|0.00||||||||||||||||||||18539.15
F00Q10001462|201202|17945.77|0|133|037|||||6.875|0.00||||||||||||||||||||17945.77
F00Q10001462|201203|16986.86|0|134|036|||||6.875|0.00||||||||||||||||||||16986.86
F00Q10001462|201204|15972.94|0|135|035|||||6.875|0.00||||||||||||||||||||15972.94
F00Q10001462|201205|14978.02|0|136|034|||||6.875|0.00||||||||||||||||||||14978.02
F00Q10001462|201206|13952.63|0|137|033|||||6.875|0.00||||||||||||||||||||13952.63
F00Q10001462|201207|12921.32|0|138|032|||||6.875|0.00||||||||||||||||||||12921.32
F00Q10001462|201208|11884.10|0|139|031|||||6.875|0.00||||||||||||||||||||11884.10
F00Q10001462|201209|10891.02|0|140|030|||||6.875|0.00||||||||||||||||||||10891.02
F00Q10001462|201210|9892.11|0|141|029|||||6.875|0.00||||||||||||||||||||9892.11
F00Q10001462|201211|8887.39|0|142|028|||||6.875|0.00||||||||||||||||||||8887.39
F00Q10001462|201212|7938.92|0|143|027|||||6.875|0.00||||||||||||||||||||7938.92
F00Q10001462|201301|6984.40|0|144|026|||||6.875|0.00||||||||||||||||||||6984.40
F00Q10001462|201302|5963.16|0|145|025|||||6.875|0.00||||||||||||||||||||5963.16
F00Q10001462|201303|4936.08|0|146|024|||||6.875|0.00||||||||||||||||||||4936.08
F00Q10001462|201304|3902.59|0|147|023|||||6.875|0.00||||||||||||||||||||3902.59
F00Q10001462|201305|0.00|0|148|022|||01|201305|6.875|0.00|||||||||||||||3902.59|||||0.00
F00Q10001465|200101|133000.00|0|000|230|||||7.500|0.00||||||||||||||||||||133000.00
F00Q10001465|200102|133000.00|0|001|229|||||7.500|0.00||||||||||||||||||||133000.00
F00Q10001465|200103|133000.00|0|002|228|||||7.500|0.00||||||||||||||||||||133000.00
F00Q10001465|200104|132000.00|0|003|227|||||7.500|0.00||||||||||||||||||||132000.00
F00Q10001465|200105|132000.00|0|004|226|||||7.500|0.00||||||||||||||||||||132000.00
F00Q10001465|200106|132000.00|0|005|225|||||7.500|0.00||||||||||||||||||||132000.00
F00Q10001465|200107|132000.00|0|006|224|||||7.500|0.00||||||||||||||||||||132000.00
F00Q10001465|200108|131258.53|0|007|223|||||7.500|0.00||||||||||||||||||||131258.53
F00Q10001465|200109|131258.53|0|008|222|||||7.500|0.00||||||||||||||||||||131258.53
F00Q10001465|200110|130712.18|0|009|221|||||7.500|0.00||||||||||||||||||||130712.18
F00Q10001465|200111|0.00|0|010|220|||01|200111|7.500|0.00|||||||||||||||130712.18|||||0.00
F00Q10001470|200101|20000.00|0|000|349|||||7.500|0.00||||||||||||||||||||20000.00
F00Q10001470|200102|19000.00|0|001|348|||||7.500|0.00||||||||||||||||||||19000.00
F00Q10001470|200103|19000.00|0|002|347|||||7.500|0.00||||||||||||||||||||19000.00
F00Q10001470|200104|19000.00|0|003|346|||||7.500|0.00||||||||||||||||||||19000.00
F00Q10001470|200105|19000.00|0|004|345|||||7.500|0.00||||||||||||||||||||19000.00
F00Q10001470|200106|19000.00|0|005|344|||||7.500|0.00||||||||||||||||||||19000.00
F00Q10001470|200107|18000.00|0|006|343|||||7.500|0.00||||||||||||||||||||18000.00
F00Q10001470|200108|17345.25|0|007|342|||||7.500|0.00||||||||||||||||||||17345.25
F00Q10001470|200109|17313.45|0|008|341|||||7.500|0.00||||||||||||||||||||17313.45
F00Q10001470|200110|17280.62|0|009|340|||||7.500|0.00||||||||||||||||||||17280.62
F00Q10001470|200111|17247.58|0|010|339|||||7.500|0.00||||||||||||||||||||17247.58
F00Q10001470|200112|17214.34|0|011|338|||||7.500|0.00||||||||||||||||||||17214.34
F00Q10001470|200201|17180.89|0|012|337|||||7.500|0.00||||||||||||||||||||17180.89
F00Q10001470|200202|17147.23|0|013|336|||||7.500|0.00||||||||||||||||||||17147.23
F00Q10001470|200203|17113.36|0|014|335|||||7.500|0.00||||||||||||||||||||17113.36
F00Q10001470|200204|17079.28|0|015|334|||||7.500|0.00||||||||||||||||||||17079.28
F00Q10001470|200205|17044.99|0|016|333|||||7.500|0.00||||||||||||||||||||17044.99
F00Q10001470|200206|17010.48|0|017|332|||||7.500|0.00||||||||||||||||||||17010.48
F00Q10001470|200207|16975.76|0|018|331|||||7.500|0.00||||||||||||||||||||16975.76
F00Q10001470|200208|16940.82|0|019|330|||||7.500|0.00||||||||||||||||||||16940.82
F00Q10001470|200209|16905.63|0|020|329|||||7.500|0.00||||||||||||||||||||16905.63
F00Q10001470|200210|16870.25|0|021|328|||||7.500|0.00||||||||||||||||||||16870.25
F00Q10001470|200211|16834.65|0|022|327|||||7.500|0.00||||||||||||||||||||16834.65
F00Q10001470|200212|16798.83|0|023|326|||||7.500|0.00||||||||||||||||||||16798.83
F00Q10001470|200301|16762.78|0|024|325|||||7.500|0.00||||||||||||||||||||16762.78
F00Q10001470|200302|16726.51|0|025|324|||||7.500|0.00||||||||||||||||||||16726.51
F00Q10001470|200303|16690.01|0|026|323|||||7.500|0.00||||||||||||||||||||16690.01
F00Q10001470|200304|16653.28|0|027|322|||||7.500|0.00||||||||||||||||||||16653.28
F00Q10001470|200305|16616.32|0|028|321|||||7.500|0.00||||||||||||||||||||16616.32
F00Q10001470|200306|16579.13|0|029|320|||||7.500|0.00||||||||||||||||||||16579.13
F00Q10001470|200307|16541.71|0|030|319|||||7.500|0.00||||||||||||||||||||16541.71
F00Q10001470|200308|16504.06|0|031|318|||||7.500|0.00||||||||||||||||||||16504.06
F00Q10001470|200309|16466.17|0|032|317|||||7.500|0.00||||||||||||||||||||16466.17
F00Q10001470|200310|16428.04|0|033|316|||||7.500|0.00||||||||||||||||||||16428.04
F00Q10001470|200311|16389.68|0|034|315|||||7.500|0.00||||||||||||||||||||16389.68
F00Q10001470|200312|16351.08|0|035|314|||||7.500|0.00||||||||||||||||||||16351.08
F00Q10001470|200401|16312.23|0|036|313|||||7.500|0.00||||||||||||||||||||16312.23
F00Q10001470|200402|16273.14|0|037|312|||||7.500|0.00||||||||||||||||||||16273.14
F00Q10001470|200403|16273.14|0|038|311|||||7.500|0.00||||||||||||||||||||16273.14
F00Q10001470|200404|16233.81|0|039|310|||||7.500|0.00||||||||||||||||||||16233.81
F00Q10001470|200405|0.00|0|040|309|||01|200405|7.500|0.00|||||||||||||||16233.81|||||0.00
F00Q10001471|200101|93000.00|0|000|351|||||7.375|0.00||||||||||||||||||||93000.00
F00Q10001471|200102|93000.00|0|001|350|||||7.375|0.00||||||||||||||||||||93000.00
F00Q10001471|200103|93000.00|0|002|349|||||7.375|0.00||||||||||||||||||||93000.00
F00Q10001471|200104|93000.00|0|003|348|||||7.375|0.00||||||||||||||||||||93000.00
F00Q10001471|200105|92000.00|0|004|347|||||7.375|0.00||||||||||||||||||||92000.00
F00Q10001471|200106|92000.00|0|005|346|||||7.375|0.00||||||||||||||||||||92000.00
F00Q10001471|200107|92000.00|0|006|345|||||7.375|0.00||||||||||||||||||||92000.00
F00Q10001471|200108|92026.71|0|007|344|||||7.375|0.00||||||||||||||||||||92026.71
F00Q10001471|200109|91643.42|0|008|343|||||7.375|0.00||||||||||||||||||||91643.42
F00Q10001471|200110|91643.42|0|009|342|||||7.375|0.00||||||||||||||||||||91643.42
F00Q10001471|200111|0.00|0|010|341|||01|200111|7.375|0.00|||||||||||||||91643.42|||||0.00
F00Q10001479|200101|211000.00|0|001|179|||||8.500|0.00||||||||||||||||||||211000.00
F00Q10001479|200102|205000.00|0|002|178|||||8.500|0.00||||||||||||||||||||205000.00
F00Q10001479|200103|204000.00|0|003|177|||||8.500|0.00||||||||||||||||||||204000.00
F00Q10001479|200104|0.00|0|004|176|||01|200104|8.500|0.00|||||||||||||||204412.68|||||0.00
F00Q10001485|200101|118381.00|0|009|351|||||8.250|0.00||||||||||||||||||||118381.00
F00Q10001485|200102|118194.87|0|010|350|||||8.250|0.00||||||||||||||||||||118194.87
F00Q10001485|200103|118007.46|0|011|349|||||8.250|0.00||||||||||||||||||||118007.46
F00Q10001485|200104|117917.24|0|012|348|||||8.250|0.00||||||||||||||||||||117917.24
F00Q10001485|200105|0.00|0|013|347|||01|200105|8.250|0.00|||||||||||||||117917.24|||||0.00
F00Q10001487|200102|200000.00|0|000|360|||||7.000|0.00||||||||||||||||||||200000.00
F00Q10001487|200103|200000.00|0|001|359|||||7.000|0.00||||||||||||||||||||200000.00
F00Q10001487|200104|200000.00|0|002|358|||||7.000|0.00||||||||||||||||||||200000.00
F00Q10001487|200105|200000.00|0|003|357|||||7.000|0.00||||||||||||||||||||200000.00
F00Q10001487|200106|199000.00|0|004|356|||||7.000|0.00||||||||||||||||||||199000.00
F00Q10001487|200107|199000.00|0|005|355|||||7.000|0.00||||||||||||||||||||199000.00
F00Q10001487|200108|199000.00|0|006|354|||||7.000|0.00||||||||||||||||||||199000.00
F00Q10001487|200109|198829.34|0|007|353|||||7.000|0.00||||||||||||||||||||198829.34
F00Q10001487|200110|198658.18|0|008|352|||||7.000|0.00||||||||||||||||||||198658.18
F00Q10001487|200111|198486.02|0|009|351|||||7.000|0.00||||||||||||||||||||198486.02
F00Q10001487|200112|198312.86|0|010|350|||||7.000|0.00||||||||||||||||||||198312.86
F00Q10001487|200201|198138.69|0|011|349|||||7.000|0.00||||||||||||||||||||198138.69
F00Q10001487|200202|197963.50|0|012|348|||||7.000|0.00||||||||||||||||||||197963.50
F00Q10001487|200203|197787.29|0|013|347|||||7.000|0.00||||||||||||||||||||197787.29
F00Q10001487|200204|197610.05|0|014|346|||||7.000|0.00||||||||||||||||||||197610.05
F00Q10001487|200205|197431.78|0|015|345|||||7.000|0.00||||||||||||||||||||197431.78
F00Q10001487|200206|197252.47|0|016|344|||||7.000|0.00||||||||||||||||||||197252.47
F00Q10001487|200207|197072.11|0|017|343|||||7.000|0.00||||||||||||||||||||197072.11
F00Q10001487|200208|196890.70|0|018|342|||||7.000|0.00||||||||||||||||||||196890.70
F00Q10001487|200209|196708.23|0|019|341|||||7.000|0.00||||||||||||||||||||196708.23
F00Q10001487|200210|196524.69|0|020|340|||||7.000|0.00||||||||||||||||||||196524.69
F00Q10001487|200211|196340.08|0|021|339|||||7.000|0.00||||||||||||||||||||196340.08
F00Q10001487|200212|196154.40|0|022|338|||||7.000|0.00||||||||||||||||||||196154.40
F00Q10001487|200301|195967.63|0|023|337|||||7.000|0.00||||||||||||||||||||195967.63
F00Q10001487|200302|0.00|0|024|336|||01|200302|7.000|0.00|||||||||||||||195967.63|||||0.00
F00Q10001488|200101|28894.91|0|011|169|||||7.750|0.00||||||||||||||||||||28894.91
F00Q10001488|200102|28894.91|0|012|168|||||7.750|0.00||||||||||||||||||||28894.91
F00Q10001488|200103|28796.32|0|013|167|||||7.750|0.00||||||||||||||||||||28796.32
F00Q10001488|200104|28697.10|0|014|166|||||7.750|0.00||||||||||||||||||||28697.10
F00Q10001488|200105|28597.24|0|015|165|||||7.750|0.00||||||||||||||||||||28597.24
F00Q10001488|200106|28496.73|0|016|164|||||7.750|0.00||||||||||||||||||||28496.73
F00Q10001488|200107|28395.57|0|017|163|||||7.750|0.00||||||||||||||||||||28395.57
F00Q10001488|200108|28293.76|0|018|162|||||7.750|0.00||||||||||||||||||||28293.76
F00Q10001488|200109|28191.29|0|019|161|||||7.750|0.00||||||||||||||||||||28191.29
F00Q10001488|200110|28088.16|0|020|160|||||7.750|0.00||||||||||||||||||||28088.16
F00Q10001488|200111|27984.36|0|021|159|||||7.750|0.00||||||||||||||||||||27984.36
F00Q10001488|200112|27879.89|0|022|158|||||7.750|0.00||||||||||||||||||||27879.89
F00Q10001488|200201|27774.75|0|023|157|||||7.750|0.00||||||||||||||||||||27774.75
F00Q10001488|200202|27671.74|0|024|156|||||7.750|0.00||||||||||||||||||||27671.74
F00Q10001488|200203|27568.06|0|025|155|||||7.750|0.00||||||||||||||||||||27568.06
F00Q10001488|200204|27463.71|0|026|154|||||7.750|0.00||||||||||||||||||||27463.71
F00Q10001488|200205|27358.69|0|027|153|||||7.750|0.00||||||||||||||||||||27358.69
F00Q10001488|200206|27252.99|0|028|152|||||7.750|0.00||||||||||||||||||||27252.99
F00Q10001488|200207|27146.61|0|029|151|||||7.750|0.00||||||||||||||||||||27146.61
F00Q10001488|200208|27039.54|0|030|150|||||7.750|0.00||||||||||||||||||||27039.54
F00Q10001488|200209|26931.78|0|031|149|||||7.750|0.00||||||||||||||||||||26931.78
F00Q10001488|200210|26823.32|0|032|148|||||7.750|0.00||||||||||||||||||||26823.32
F00Q10001488|200211|26714.16|0|033|147|||||7.750|0.00||||||||||||||||||||26714.16
F00Q10001488|200212|26604.30|0|034|146|||||7.750|0.00||||||||||||||||||||26604.30
F00Q10001488|200301|26493.73|0|035|145|||||7.750|0.00||||||||||||||||||||26493.73
F00Q10001488|200302|26382.45|0|036|144|||||7.750|0.00||||||||||||||||||||26382.45
F00Q10001488|200303|26270.45|0|037|143|||||7.750|0.00||||||||||||||||||||26270.45
F00Q10001488|200304|26157.72|0|038|142|||||7.750|0.00||||||||||||||||||||26157.72
F00Q10001488|200305|26044.27|0|039|141|||||7.750|0.00||||||||||||||||||||26044.27
F00Q10001488|200306|25930.08|0|040|140|||||7.750|0.00||||||||||||||||||||25930.08
F00Q10001488|200307|25815.16|0|041|139|||||7.750|0.00||||||||||||||||||||25815.16
F00Q10001488|200308|25699.49|0|042|138|||||7.750|0.00||||||||||||||||||||25699.49
F00Q10001488|200309|25583.08|0|043|137|||||7.750|0.00||||||||||||||||||||25583.08
F00Q10001488|200310|25162.36|0|044|136|||||7.750|0.00||||||||||||||||||||25162.36
F00Q10001488|200311|24738.93|0|045|135|||||7.750|0.00||||||||||||||||||||24738.93
F00Q10001488|200312|24312.76|0|046|134|||||7.750|0.00||||||||||||||||||||24312.76
F00Q10001488|200401|24187.39|0|047|133|||||7.750|0.00||||||||||||||||||||24187.39
F00Q10001488|200402|24061.21|0|048|132|||||7.750|0.00||||||||||||||||||||24061.21
F00Q10001488|200403|24061.21|0|049|131|||||7.750|0.00||||||||||||||||||||24061.21
F00Q10001488|200404|23806.41|0|050|130|||||7.750|0.00||||||||||||||||||||23806.41
F00Q10001488|200405|23677.77|0|051|129|||||7.750|0.00||||||||||||||||||||23677.77
F00Q10001488|200406|23548.30|0|052|128|||||7.750|0.00||||||||||||||||||||23548.30
F00Q10001488|200407|23417.99|0|053|127|||||7.750|0.00||||||||||||||||||||23417.99
F00Q10001488|200408|23286.84|0|054|126|||||7.750|0.00||||||||||||||||||||23286.84
F00Q10001488|200409|23154.84|0|055|125|||||7.750|0.00||||||||||||||||||||23154.84
F00Q10001488|200410|23021.99|0|056|124|||||7.750|0.00||||||||||||||||||||23021.99
F00Q10001488|200411|22888.28|0|057|123|||||7.750|0.00||||||||||||||||||||22888.28
F00Q10001488|200412|22888.28|0|058|122|||||7.750|0.00||||||||||||||||||||22888.28
F00Q10001488|200501|22618.27|0|059|121|||||7.750|0.00||||||||||||||||||||22618.27
F00Q10001488|200502|22481.96|0|060|120|||||7.750|0.00||||||||||||||||||||22481.96
F00Q10001488|200503|22344.77|0|061|119|||||7.750|0.00||||||||||||||||||||22344.77
F00Q10001488|200504|22206.69|0|062|118|||||7.750|0.00||||||||||||||||||||22206.69
F00Q10001488|200505|22067.72|0|063|117|||||7.750|0.00||||||||||||||||||||22067.72
F00Q10001488|200506|21927.85|0|064|116|||||7.750|0.00||||||||||||||||||||21927.85
F00Q10001488|200507|21787.08|0|065|115|||||7.750|0.00||||||||||||||||||||21787.08
F00Q10001488|200508|21645.40|0|066|114|||||7.750|0.00||||||||||||||||||||21645.40
F00Q10001488|200509|21502.80|0|067|113|||||7.750|0.00||||||||||||||||||||21502.80
F00Q10001488|200510|21359.28|0|068|112|||||7.750|0.00||||||||||||||||||||21359.28
F00Q10001488|200511|21214.84|0|069|111|||||7.750|0.00||||||||||||||||||||21214.84
F00Q10001488|200512|21069.46|0|070|110|||||7.750|0.00||||||||||||||||||||21069.46
F00Q10001488|200601|20923.14|0|071|109|||||7.750|0.00||||||||||||||||||||20923.14
F00Q10001488|200602|20775.88|0|072|108|||||7.750|0.00||||||||||||||||||||20775.88
F00Q10001488|200603|20627.67|0|073|107|||||7.750|0.00||||||||||||||||||||20627.67
F00Q10001488|200604|20478.50|0|074|106|||||7.750|0.00||||||||||||||||||||20478.50
F00Q10001488|200605|20328.37|0|075|105|||||7.750|0.00||||||||||||||||||||20328.37
F00Q10001488|200606|20177.27|0|076|104|||||7.750|0.00||||||||||||||||||||20177.27
F00Q10001488|200607|20025.19|0|077|103|||||7.750|0.00||||||||||||||||||||20025.19
F00Q10001488|200608|19872.13|0|078|102|||||7.750|0.00||||||||||||||||||||19872.13
F00Q10001488|200609|19718.08|0|079|101|||||7.750|0.00||||||||||||||||||||19718.08
F00Q10001488|200610|19563.04|0|080|100|||||7.750|0.00||||||||||||||||||||19563.04
F00Q10001488|200611|19406.99|0|081|099|||||7.750|0.00||||||||||||||||||||19406.99
F00Q10001488|200612|19249.94|0|082|098|||||7.750|0.00||||||||||||||||||||19249.94
F00Q10001488|200701|19091.87|0|083|097|||||7.750|0.00||||||||||||||||||||19091.87
F00Q10001488|200702|18930.90|0|084|096|||||7.750|0.00||||||||||||||||||||18930.90
F00Q10001488|200703|18768.89|0|085|095|||||7.750|0.00||||||||||||||||||||18768.89
F00Q10001488|200704|18605.84|0|086|094|||||7.750|0.00||||||||||||||||||||18605.84
F00Q10001488|200705|18441.73|0|087|093|||||7.750|0.00||||||||||||||||||||18441.73
F00Q10001488|200706|18276.56|0|088|092|||||7.750|0.00||||||||||||||||||||18276.56
F00Q10001488|200707|18110.33|0|089|091|||||7.750|0.00||||||||||||||||||||18110.33
F00Q10001488|200708|17943.02|0|090|090|||||7.750|0.00||||||||||||||||||||17943.02
F00Q10001488|200709|17774.63|0|091|089|||||7.750|0.00||||||||||||||||||||17774.63
F00Q10001488|200710|0.00|0|092|088|||01|200710|7.750|0.00|||||||||||||||17774.63|||||0.00
F00Q10001523|200102|86603.85|0|010|230|||||7.750|0.00||||||||||||||||||||86603.85
F00Q10001523|200103|86603.85|0|011|229|||||7.750|0.00||||||||||||||||||||86603.85
F00Q10001523|200104|86439.09|0|012|228|||||7.750|0.00||||||||||||||||||||86439.09
F00Q10001523|200105|86106.36|0|013|227|||||7.750|0.00||||||||||||||||||||86106.36
F00Q10001523|200106|85938.38|0|014|226|||||7.750|0.00||||||||||||||||||||85938.38
F00Q10001523|200107|85769.32|0|015|225|||||7.750|0.00||||||||||||||||||||85769.32
F00Q10001523|200108|85599.17|0|016|224|||||7.750|0.00||||||||||||||||||||85599.17
F00Q10001523|200109|85427.92|0|017|223|||||7.750|0.00||||||||||||||||||||85427.92
F00Q10001523|200110|85427.92|0|018|222|||||7.750|0.00||||||||||||||||||||85427.92
F00Q10001523|200111|85082.09|0|019|221|||||7.750|0.00||||||||||||||||||||85082.09
F00Q10001523|200112|84907.50|0|020|220|||||7.750|0.00||||||||||||||||||||84907.50
F00Q10001523|200201|84731.78|0|021|219|||||7.750|0.00||||||||||||||||||||84731.78
F00Q10001523|200202|84522.54|0|022|218|||||7.750|0.00||||||||||||||||||||84522.54
F00Q10001523|200203|84344.33|0|023|217|||||7.750|0.00||||||||||||||||||||84344.33
F00Q10001523|200204|84164.97|0|024|216|||||7.750|0.00||||||||||||||||||||84164.97
F00Q10001523|200205|83984.46|0|025|215|||||7.750|0.00||||||||||||||||||||83984.46
F00Q10001523|200206|83802.78|0|026|214|||||7.750|0.00||||||||||||||||||||83802.78
F00Q10001523|200207|83619.93|0|027|213|||||7.750|0.00||||||||||||||||||||83619.93
F00Q10001523|200208|83403.51|0|028|212|||||7.750|0.00||||||||||||||||||||83403.51
F00Q10001523|200209|83218.08|0|029|211|||||7.750|0.00||||||||||||||||||||83218.08
F00Q10001523|200210|83031.45|0|030|210|||||7.750|0.00||||||||||||||||||||83031.45
F00Q10001523|200211|82843.61|0|031|209|||||7.750|0.00||||||||||||||||||||82843.61
F00Q10001523|200212|82654.56|0|032|208|||||7.750|0.00||||||||||||||||||||82654.56
F00Q10001523|200301|82428.29|0|033|207|||||7.750|0.00||||||||||||||||||||82428.29
F00Q10001523|200302|82236.56|0|034|206|||||7.750|0.00||||||||||||||||||||82236.56
F00Q10001523|200303|82043.59|0|035|205|||||7.750|0.00||||||||||||||||||||82043.59
F00Q10001523|200304|81849.37|0|036|204|||||7.750|0.00||||||||||||||||||||81849.37
F00Q10001523|200305|0.00|0|037|203|||01|200305|7.750|0.00|||||||||||||||81849.37|||||0.00
F00Q10001526|200102|49907.95|0|011|169|||||7.500|0.00||||||||||||||||||||49907.95
F00Q10001526|200103|49737.82|0|012|168|||||7.500|0.00||||||||||||||||||||49737.82
F00Q10001526|200104|49737.82|0|013|167|||||7.500|0.00||||||||||||||||||||49737.82
F00Q10001526|200105|49542.53|0|014|166|||||7.500|0.00||||||||||||||||||||49542.53
F00Q10001526|200106|49370.12|0|015|165|||||7.500|0.00||||||||||||||||||||49370.12
F00Q10001526|200107|0.00|0|016|164|||01|200107|7.500|0.00|||||||||||||||49370.12|||||0.00
F00Q10001528|200102|110875.03|0|011|169|||||7.500|0.00||||||||||||||||||||110875.03
F00Q10001528|200103|110270.15|0|012|168|||||7.500|0.00||||||||||||||||||||110270.15
F00Q10001528|200104|109661.49|0|013|167|||||7.500|0.00||||||||||||||||||||109661.49
F00Q10001528|200105|109049.02|0|014|166|||||7.500|0.00||||||||||||||||||||109049.02
F00Q10001528|200106|108432.73|0|015|165|||||7.500|0.00||||||||||||||||||||108432.73
F00Q10001528|200107|107812.58|0|016|164|||||7.500|0.00||||||||||||||||||||107812.58
F00Q10001528|200108|107188.56|0|017|163|||||7.500|0.00||||||||||||||||||||107188.56
F00Q10001528|200109|106560.64|0|018|162|||||7.500|0.00||||||||||||||||||||106560.64
F00Q10001528|200110|105928.79|0|019|161|||||7.500|0.00||||||||||||||||||||105928.79
F00Q10001528|200111|105292.99|0|020|160|||||7.500|0.00||||||||||||||||||||105292.99
F00Q10001528|200112|104653.22|0|021|159|||||7.500|0.00||||||||||||||||||||104653.22
F00Q10001528|200201|104009.45|0|022|158|||||7.500|0.00||||||||||||||||||||104009.45
F00Q10001528|200202|103316.98|0|023|157|||||7.500|0.00||||||||||||||||||||103316.98
F00Q10001528|200203|102620.18|0|024|156|||||7.500|0.00||||||||||||||||||||102620.18
F00Q10001528|200204|101900.50|0|025|155|||||7.500|0.00||||||||||||||||||||101900.50
F00Q10001528|200205|101176.32|0|026|154|||||7.500|0.00||||||||||||||||||||101176.32
F00Q10001528|200206|100447.61|0|027|153|||||7.500|0.00||||||||||||||||||||100447.61
F00Q10001528|200207|99714.35|0|028|152|||||7.500|0.00||||||||||||||||||||99714.35
F00Q10001528|200208|98976.50|0|029|151|||||7.500|0.00||||||||||||||||||||98976.50
F00Q10001528|200209|98234.04|0|030|150|||||7.500|0.00||||||||||||||||||||98234.04
F00Q10001528|200210|97486.94|0|031|149|||||7.500|0.00||||||||||||||||||||97486.94
F00Q10001528|200211|96735.17|0|032|148|||||7.500|0.00||||||||||||||||||||96735.17
F00Q10001528|200212|95978.70|0|033|147|||||7.500|0.00||||||||||||||||||||95978.70
F00Q10001528|200301|95217.51|0|034|146|||||7.500|0.00||||||||||||||||||||95217.51
F00Q10001528|200302|94456.62|0|035|145|||||7.500|0.00||||||||||||||||||||94456.62
F00Q10001528|200303|93690.97|0|036|144|||||7.500|0.00||||||||||||||||||||93690.97
F00Q10001528|200304|92920.54|0|037|143|||||7.500|0.00||||||||||||||||||||92920.54
F00Q10001528|200305|92145.29|0|038|142|||||7.500|0.00||||||||||||||||||||92145.29
F00Q10001528|200306|91365.20|0|039|141|||||7.500|0.00||||||||||||||||||||91365.20
F00Q10001528|200307|90580.23|0|040|140|||||7.500|0.00||||||||||||||||||||90580.23
F00Q10001528|200308|89790.36|0|041|139|||||7.500|0.00||||||||||||||||||||89790.36
F00Q10001528|200309|88995.55|0|042|138|||||7.500|0.00||||||||||||||||||||88995.55
F00Q10001528|200310|88195.77|0|043|137|||||7.500|0.00||||||||||||||||||||88195.77
F00Q10001528|200311|87390.99|0|044|136|||||7.500|0.00||||||||||||||||||||87390.99
F00Q10001528|200312|86581.18|0|045|135|||||7.500|0.00||||||||||||||||||||86581.18
F00Q10001528|200401|85766.31|0|046|134|||||7.500|0.00||||||||||||||||||||85766.31
F00Q10001528|200402|85003.73|0|047|133|||||7.500|0.00||||||||||||||||||||85003.73
F00Q10001528|200403|84236.38|0|048|132|||||7.500|0.00||||||||||||||||||||84236.38
F00Q10001528|200404|83464.24|0|049|131|||||7.500|0.00||||||||||||||||||||83464.24
F00Q10001528|200405|82687.27|0|050|130|||||7.500|0.00||||||||||||||||||||82687.27
F00Q10001528|200406|81905.45|0|051|129|||||7.500|0.00||||||||||||||||||||81905.45
F00Q10001528|200407|81118.74|0|052|128|||||7.500|0.00||||||||||||||||||||81118.74
F00Q10001528|200408|80227.11|0|053|127|||||7.500|0.00||||||||||||||||||||80227.11
F00Q10001528|200409|78929.91|0|054|126|||||7.500|0.00||||||||||||||||||||78929.91
F00Q10001528|200410|77624.60|0|055|125|||||7.500|0.00||||||||||||||||||||77624.60
F00Q10001528|200411|76311.13|0|056|124|||||7.500|0.00||||||||||||||||||||76311.13
F00Q10001528|200412|75703.46|0|057|123|||||7.500|0.00||||||||||||||||||||75703.46
F00Q10001528|200501|74377.99|0|058|122|||||7.500|0.00||||||||||||||||||||74377.99
F00Q10001528|200502|72167.70|0|059|121|||||7.500|0.00||||||||||||||||||||72167.70
F00Q10001528|200503|71407.61|0|060|120|||||7.500|0.00||||||||||||||||||||71407.61
F00Q10001528|200504|69142.77|0|061|119|||||7.500|0.00||||||||||||||||||||69142.77
F00Q10001528|200505|69142.77|0|062|118|||||7.500|0.00||||||||||||||||||||69142.77
F00Q10001528|200506|66825.22|0|063|117|||||7.500|0.00||||||||||||||||||||66825.22
F00Q10001528|200507|66031.74|0|064|116|||||7.500|0.00||||||||||||||||||||66031.74
F00Q10001528|200508|62983.30|0|065|115|||||7.500|0.00||||||||||||||||||||62983.30
F00Q10001528|200509|61415.81|0|066|114|||||7.500|0.00||||||||||||||||||||61415.81
F00Q10001528|200510|59838.52|0|067|113|||||7.500|0.00||||||||||||||||||||59838.52
F00Q10001528|200511|58251.37|0|068|112|||||7.500|0.00||||||||||||||||||||58251.37
F00Q10001528|200512|56654.30|0|069|111|||||7.500|0.00||||||||||||||||||||56654.30
F00Q10001528|200601|55047.25|0|070|110|||||7.500|0.00||||||||||||||||||||55047.25
F00Q10001528|200602|53626.04|0|071|109|||||7.500|0.00||||||||||||||||||||53626.04
F00Q10001528|200603|52195.94|0|072|108|||||7.500|0.00||||||||||||||||||||52195.94
F00Q10001528|200604|50756.90|0|073|107|||||7.500|0.00||||||||||||||||||||50756.90
F00Q10001528|200605|46558.87|0|074|106|||||7.500|0.00||||||||||||||||||||46558.87
F00Q10001528|200606|32334.60|0|075|105|||||7.500|0.00||||||||||||||||||||32334.60
F00Q10001528|200607|30021.43|0|076|104|||||7.500|0.00||||||||||||||||||||30021.43
F00Q10001528|200608|27693.80|0|077|103|||||7.500|0.00||||||||||||||||||||27693.80
F00Q10001528|200609|25351.63|0|078|102|||||7.500|0.00||||||||||||||||||||25351.63
F00Q10001528|200610|22994.82|0|079|101|||||7.500|0.00||||||||||||||||||||22994.82
F00Q10001528|200611|20623.28|0|080|100|||||7.500|0.00||||||||||||||||||||20623.28
F00Q10001528|200612|18236.92|0|081|099|||||7.500|0.00||||||||||||||||||||18236.92
F00Q10001528|200701|15835.64|0|082|098|||||7.500|0.00||||||||||||||||||||15835.64
F00Q10001528|200702|13533.13|0|083|097|||||7.500|0.00||||||||||||||||||||13533.13
F00Q10001528|200703|0.00|0|084|096|||01|200703|7.500|0.00|||||||||||||||13533.13|||||0.00
F00Q10001538|200102|60587.05|0|012|168|||||7.250|0.00||||||||||||||||||||60587.05
F00Q10001538|200103|60377.99|0|013|167|||||7.250|0.00||||||||||||||||||||60377.99
F00Q10001538|200104|60167.66|0|014|166|||||7.250|0.00||||||||||||||||||||60167.66
F00Q10001538|200105|59956.06|0|015|165|||||7.250|0.00||||||||||||||||||||59956.06
F00Q10001538|200106|59743.18|0|016|164|||||7.250|0.00||||||||||||||||||||59743.18
F00Q10001538|200107|59529.02|0|017|163|||||7.250|0.00||||||||||||||||||||59529.02
F00Q10001538|200108|59313.56|0|018|162|||||7.250|0.00||||||||||||||||||||59313.56
F00Q10001538|200109|59096.80|0|019|161|||||7.250|0.00||||||||||||||||||||59096.80
F00Q10001538|200110|58878.73|0|020|160|||||7.250|0.00||||||||||||||||||||58878.73
F00Q10001538|200111|58659.35|0|021|159|||||7.250|0.00||||||||||||||||||||58659.35
F00Q10001538|200112|58438.64|0|022|158|||||7.250|0.00||||||||||||||||||||58438.64
F00Q10001538|200201|58216.60|0|023|157|||||7.250|0.00||||||||||||||||||||58216.60
F00Q10001538|200202|57993.22|0|024|156|||||7.250|0.00||||||||||||||||||||57993.22
F00Q10001538|200203|57768.49|0|025|155|||||7.250|0.00||||||||||||||||||||57768.49
F00Q10001538|200204|57542.40|0|026|154|||||7.250|0.00||||||||||||||||||||57542.40
F00Q10001538|200205|57314.94|0|027|153|||||7.250|0.00||||||||||||||||||||57314.94
F00Q10001538|200206|57086.11|0|028|152|||||7.250|0.00||||||||||||||||||||57086.11
F00Q10001538|200207|56855.90|0|029|151|||||7.250|0.00||||||||||||||||||||56855.90
F00Q10001538|200208|56624.29|0|030|150|||||7.250|0.00||||||||||||||||||||56624.29
F00Q10001538|200209|56391.29|0|031|149|||||7.250|0.00||||||||||||||||||||56391.29
F00Q10001538|200210|56156.88|0|032|148|||||7.250|0.00||||||||||||||||||||56156.88
F00Q10001538|200211|55921.05|0|033|147|||||7.250|0.00||||||||||||||||||||55921.05
F00Q10001538|200212|55683.80|0|034|146|||||7.250|0.00||||||||||||||||||||55683.80
F00Q10001538|200301|55445.11|0|035|145|||||7.250|0.00||||||||||||||||||||55445.11
F00Q10001538|200302|55204.98|0|036|144|||||7.250|0.00||||||||||||||||||||55204.98
F00Q10001538|200303|54963.40|0|037|143|||||7.250|0.00||||||||||||||||||||54963.40
F00Q10001538|200304|54720.36|0|038|142|||||7.250|0.00||||||||||||||||||||54720.36
F00Q10001538|200305|54475.85|0|039|141|||||7.250|0.00||||||||||||||||||||54475.85
F00Q10001538|200306|54229.86|0|040|140|||||7.250|0.00||||||||||||||||||||54229.86
F00Q10001538|200307|53982.39|0|041|139|||||7.250|0.00||||||||||||||||||||53982.39
F00Q10001538|200308|53733.42|0|042|138|||||7.250|0.00||||||||||||||||||||53733.42
F00Q10001538|200309|53482.95|0|043|137|||||7.250|0.00||||||||||||||||||||53482.95
F00Q10001538|200310|53230.97|0|044|136|||||7.250|0.00||||||||||||||||||||53230.97
F00Q10001538|200311|52977.46|0|045|135|||||7.250|0.00||||||||||||||||||||52977.46
F00Q10001538|200312|52722.42|0|046|134|||||7.250|0.00||||||||||||||||||||52722.42
F00Q10001538|200401|52465.84|0|047|133|||||7.250|0.00||||||||||||||||||||52465.84
F00Q10001538|200402|52207.71|0|048|132|||||7.250|0.00||||||||||||||||||||52207.71
F00Q10001538|200403|51948.02|0|049|131|||||7.250|0.00||||||||||||||||||||51948.02
F00Q10001538|200404|51686.76|0|050|130|||||7.250|0.00||||||||||||||||||||51686.76
F00Q10001538|200405|0.00|0|051|129|||01|200405|7.250|0.00|||||||||||||||51686.76|||||0.00
F00Q10001549|200102|69812.33|0|010|170|||||6.750|0.00||||||||||||||||||||69812.33
F00Q10001549|200103|69566.11|0|011|169|||||6.750|0.00||||||||||||||||||||69566.11
F00Q10001549|200104|69318.51|0|012|168|||||6.750|0.00||||||||||||||||||||69318.51
F00Q10001549|200105|69069.52|0|013|167|||||6.750|0.00||||||||||||||||||||69069.52
F00Q10001549|200106|68819.13|0|014|166|||||6.750|0.00||||||||||||||||||||68819.13
F00Q10001549|200107|68567.33|0|015|165|||||6.750|0.00||||||||||||||||||||68567.33
F00Q10001549|200108|68314.11|0|016|164|||||6.750|0.00||||||||||||||||||||68314.11
F00Q10001549|200109|68059.47|0|017|163|||||6.750|0.00||||||||||||||||||||68059.47
F00Q10001549|200110|67803.39|0|018|162|||||6.750|0.00||||||||||||||||||||67803.39
F00Q10001549|200111|67545.87|0|019|161|||||6.750|0.00||||||||||||||||||||67545.87
F00Q10001549|200112|67286.91|0|020|160|||||6.750|0.00||||||||||||||||||||67286.91
F00Q10001549|200201|67026.49|0|021|159|||||6.750|0.00||||||||||||||||||||67026.49
F00Q10001549|200202|66764.60|0|022|158|||||6.750|0.00||||||||||||||||||||66764.60
F00Q10001549|200203|66501.24|0|023|157|||||6.750|0.00||||||||||||||||||||66501.24
F00Q10001549|200204|66236.40|0|024|156|||||6.750|0.00||||||||||||||||||||66236.40
F00Q10001549|200205|65970.07|0|025|155|||||6.750|0.00||||||||||||||||||||65970.07
F00Q10001549|200206|65702.24|0|026|154|||||6.750|0.00||||||||||||||||||||65702.24
F00Q10001549|200207|65432.91|0|027|153|||||6.750|0.00||||||||||||||||||||65432.91
F00Q10001549|200208|65162.06|0|028|152|||||6.750|0.00||||||||||||||||||||65162.06
F00Q10001549|200209|64889.69|0|029|151|||||6.750|0.00||||||||||||||||||||64889.69
F00Q10001549|200210|64615.78|0|030|150|||||6.750|0.00||||||||||||||||||||64615.78
F00Q10001549|200211|64340.33|0|031|149|||||6.750|0.00||||||||||||||||||||64340.33
F00Q10001549|200212|64063.33|0|032|148|||||6.750|0.00||||||||||||||||||||64063.33
F00Q10001549|200301|63784.78|0|033|147|||||6.750|0.00||||||||||||||||||||63784.78
F00Q10001549|200302|63504.66|0|034|146|||||6.750|0.00||||||||||||||||||||63504.66
F00Q10001549|200303|63222.96|0|035|145|||||6.750|0.00||||||||||||||||||||63222.96
F00Q10001549|200304|62939.68|0|036|144|||||6.750|0.00||||||||||||||||||||62939.68
F00Q10001549|200305|62654.81|0|037|143|||||6.750|0.00||||||||||||||||||||62654.81
F00Q10001549|200306|62368.33|0|038|142|||||6.750|0.00||||||||||||||||||||62368.33
F00Q10001549|200307|62080.24|0|039|141|||||6.750|0.00||||||||||||||||||||62080.24
F00Q10001549|200308|61790.53|0|040|140|||||6.750|0.00||||||||||||||||||||61790.53
F00Q10001549|200309|61499.19|0|041|139|||||6.750|0.00||||||||||||||||||||61499.19
F00Q10001549|200310|61206.21|0|042|138|||||6.750|0.00||||||||||||||||||||61206.21
F00Q10001549|200311|60911.58|0|043|137|||||6.750|0.00||||||||||||||||||||60911.58
F00Q10001549|200312|60615.30|0|044|136|||||6.750|0.00||||||||||||||||||||60615.30
F00Q10001549|200401|60317.35|0|045|135|||||6.750|0.00||||||||||||||||||||60317.35
F00Q10001549|200402|60017.73|0|046|134|||||6.750|0.00||||||||||||||||||||60017.73
F00Q10001549|200403|59716.42|0|047|133|||||6.750|0.00||||||||||||||||||||59716.42
F00Q10001549|200404|59413.41|0|048|132|||||6.750|0.00||||||||||||||||||||59413.41
F00Q10001549|200405|59108.70|0|049|131|||||6.750|0.00||||||||||||||||||||59108.70
F00Q10001549|200406|58802.28|0|050|130|||||6.750|0.00||||||||||||||||||||58802.28
F00Q10001549|200407|58494.13|0|051|129|||||6.750|0.00||||||||||||||||||||58494.13
F00Q10001549|200408|58184.25|0|052|128|||||6.750|0.00||||||||||||||||||||58184.25
F00Q10001549|200409|57872.63|0|053|127|||||6.750|0.00||||||||||||||||||||57872.63
F00Q10001549|200410|57559.25|0|054|126|||||6.750|0.00||||||||||||||||||||57559.25
F00Q10001549|200411|57244.11|0|055|125|||||6.750|0.00||||||||||||||||||||57244.11
F00Q10001549|200412|56927.20|0|056|124|||||6.750|0.00||||||||||||||||||||56927.20
F00Q10001549|200501|56608.51|0|057|123|||||6.750|0.00||||||||||||||||||||56608.51
F00Q10001549|200502|56288.02|0|058|122|||||6.750|0.00||||||||||||||||||||56288.02
F00Q10001549|200503|55965.73|0|059|121|||||6.750|0.00||||||||||||||||||||55965.73
F00Q10001549|200504|55641.63|0|060|120|||||6.750|0.00||||||||||||||||||||55641.63
F00Q10001549|200505|55315.70|0|061|119|||||6.750|0.00||||||||||||||||||||55315.70
F00Q10001549|200506|54987.94|0|062|118|||||6.750|0.00||||||||||||||||||||54987.94
F00Q10001549|200507|54658.34|0|063|117|||||6.750|0.00||||||||||||||||||||54658.34
F00Q10001549|200508|54326.88|0|064|116|||||6.750|0.00||||||||||||||||||||54326.88
F00Q10001549|200509|53993.56|0|065|115|||||6.750|0.00||||||||||||||||||||53993.56
F00Q10001549|200510|53658.36|0|066|114|||||6.750|0.00||||||||||||||||||||53658.36
F00Q10001549|200511|53321.28|0|067|113|||||6.750|0.00||||||||||||||||||||53321.28
F00Q10001549|200512|52982.30|0|068|112|||||6.750|0.00||||||||||||||||||||52982.30
F00Q10001549|200601|52641.42|0|069|111|||||6.750|0.00||||||||||||||||||||52641.42
F00Q10001549|200602|52298.62|0|070|110|||||6.750|0.00||||||||||||||||||||52298.62
F00Q10001549|200603|51953.89|0|071|109|||||6.750|0.00||||||||||||||||||||51953.89
F00Q10001549|200604|51607.22|0|072|108|||||6.750|0.00||||||||||||||||||||51607.22
F00Q10001549|200605|51258.60|0|073|107|||||6.750|0.00||||||||||||||||||||51258.60
F00Q10001549|200606|50908.02|0|074|106|||||6.750|0.00||||||||||||||||||||50908.02
F00Q10001549|200607|50555.47|0|075|105|||||6.750|0.00||||||||||||||||||||50555.47
F00Q10001549|200608|50200.93|0|076|104|||||6.750|0.00||||||||||||||||||||50200.93
F00Q10001549|200609|49844.40|0|077|103|||||6.750|0.00||||||||||||||||||||49844.40
F00Q10001549|200610|49485.86|0|078|102|||||6.750|0.00||||||||||||||||||||49485.86
F00Q10001549|200611|49125.31|0|079|101|||||6.750|0.00||||||||||||||||||||49125.31
F00Q10001549|200612|48762.73|0|080|100|||||6.750|0.00||||||||||||||||||||48762.73
F00Q10001549|200701|48398.11|0|081|099|||||6.750|0.00||||||||||||||||||||48398.11
F00Q10001549|200702|48031.44|0|082|098|||||6.750|0.00||||||||||||||||||||48031.44
F00Q10001549|200703|47662.71|0|083|097|||||6.750|0.00||||||||||||||||||||47662.71
F00Q10001549|200704|47291.67|0|084|096|||||6.750|0.00||||||||||||||||||||47291.67
F00Q10001549|200705|46918.78|0|085|095|||||6.750|0.00||||||||||||||||||||46918.78
F00Q10001549|200706|46543.79|0|086|094|||||6.750|0.00||||||||||||||||||||46543.79
F00Q10001549|200707|46166.46|0|087|093|||||6.750|0.00||||||||||||||||||||46166.46
F00Q10001549|200708|45787.24|0|088|092|||||6.750|0.00||||||||||||||||||||45787.24
F00Q10001549|200709|45405.88|0|089|091|||||6.750|0.00||||||||||||||||||||45405.88
F00Q10001549|200710|45022.15|0|090|090|||||6.750|0.00||||||||||||||||||||45022.15
F00Q10001549|200711|44636.49|0|091|089|||||6.750|0.00||||||||||||||||||||44636.49
F00Q10001549|200712|44248.66|0|092|088|||||6.750|0.00||||||||||||||||||||44248.66
F00Q10001549|200801|43858.65|0|093|087|||||6.750|0.00||||||||||||||||||||43858.65
F00Q10001549|200802|43466.44|0|094|086|||||6.750|0.00||||||||||||||||||||43466.44
F00Q10001549|200803|43072.03|0|095|085|||||6.750|0.00||||||||||||||||||||43072.03
F00Q10001549|200804|0.00|0|096|084|||01|200804|6.750|0.00|||||||||||||||43072.03|||||0.00
F00Q10001557|200006|44000.00|0|002|358|||||8.500|0.00||||||||||||||||||||44000.00
F00Q10001557|200007|44000.00|0|003|357|||||8.500|0.00||||||||||||||||||||44000.00
F00Q10001557|200008|44000.00|0|004|356|||||8.500|0.00||||||||||||||||||||44000.00
F00Q10001557|200009|44000.00|0|005|355|||||8.500|0.00||||||||||||||||||||44000.00
F00Q10001557|200010|44000.00|0|006|354|||||8.500|0.00||||||||||||||||||||44000.00
F00Q10001557|200011|44050.00|0|007|353|||||8.500|0.00||||||||||||||||||||44050.00
F00Q10001557|200012|44050.00|0|008|352|||||8.500|0.00||||||||||||||||||||44050.00
F00Q10001557|200101|43550.00|0|009|351|||||8.500|0.00||||||||||||||||||||43550.00
F00Q10001557|200102|43550.00|0|010|350|||||8.500|0.00||||||||||||||||||||43550.00
F00Q10001557|200103|0.00|0|011|349|||01|200103|8.500|0.00|||||||||||||||43550.00|||||0.00
F00Q10001562|200006|89000.00|0|002|178|||||7.875|0.00||||||||||||||||||||89000.00
F00Q10001562|200007|89000.00|0|003|177|||||7.875|0.00||||||||||||||||||||89000.00
F00Q10001562|200008|88000.00|0|004|176|||||7.875|0.00||||||||||||||||||||88000.00
F00Q10001562|200009|88000.00|0|005|175|||||7.875|0.00||||||||||||||||||||88000.00
F00Q10001562|200010|87000.00|0|006|174|||||7.875|0.00||||||||||||||||||||87000.00
F00Q10001562|200011|86744.05|0|007|173|||||7.875|0.00||||||||||||||||||||86744.05
F00Q10001562|200012|86193.31|0|008|172|||||7.875|0.00||||||||||||||||||||86193.31
F00Q10001562|200101|85638.95|0|009|171|||||7.875|0.00||||||||||||||||||||85638.95
F00Q10001562|200102|85200.96|0|010|170|||||7.875|0.00||||||||||||||||||||85200.96
F00Q10001562|200103|84740.09|0|011|169|||||7.875|0.00||||||||||||||||||||84740.09
F00Q10001562|200104|84276.20|0|012|168|||||7.875|0.00||||||||||||||||||||84276.20
F00Q10001562|200105|0.00|0|013|167|||01|200105|7.875|0.00|||||||||||||||84276.20|||||0.00
F00Q10001566|200006|108000.00|0|003|357|||||8.500|0.00||||||||||||||||||||108000.00
F00Q10001566|200007|108000.00|0|004|356|||||8.500|0.00||||||||||||||||||||108000.00
F00Q10001566|200008|108000.00|0|005|355|||||8.500|0.00||||||||||||||||||||108000.00
F00Q10001566|200009|108000.00|0|006|354|||||8.500|0.00||||||||||||||||||||108000.00
F00Q10001566|200010|107902.53|0|007|353|||||8.500|0.00||||||||||||||||||||107902.53
F00Q10001566|200011|107833.55|0|008|352|||||8.500|0.00||||||||||||||||||||107833.55
F00Q10001566|200012|107764.08|0|009|351|||||8.500|0.00||||||||||||||||||||107764.08
F00Q10001566|200101|107694.12|0|010|350|||||8.500|0.00||||||||||||||||||||107694.12
F00Q10001566|200102|107623.66|0|011|349|||||8.500|0.00||||||||||||||||||||107623.66
F00Q10001566|200103|107552.70|0|012|348|||||8.500|0.00||||||||||||||||||||107552.70
F00Q10001566|200104|107481.24|0|013|347|||||8.500|0.00||||||||||||||||||||107481.24
F00Q10001566|200105|107409.28|0|014|346|||||8.500|0.00||||||||||||||||||||107409.28
F00Q10001566|200106|107336.81|0|015|345|||||8.500|0.00||||||||||||||||||||107336.81
F00Q10001566|200107|107263.82|0|016|344|||||8.500|0.00||||||||||||||||||||107263.82
F00Q10001566|200108|107190.32|0|017|343|||||8.500|0.00||||||||||||||||||||107190.32
F00Q10001566|200109|107116.29|0|018|342|||||8.500|0.00||||||||||||||||||||107116.29
F00Q10001566|200110|107041.74|0|019|341|||||8.500|0.00||||||||||||||||||||107041.74
F00Q10001566|200111|106966.66|0|020|340|||||8.500|0.00||||||||||||||||||||106966.66
F00Q10001566|200112|106891.05|0|021|339|||||8.500|0.00||||||||||||||||||||106891.05
F00Q10001566|200201|106814.90|0|022|338|||||8.500|0.00||||||||||||||||||||106814.90
F00Q10001566|200202|106738.22|0|023|337|||||8.500|0.00||||||||||||||||||||106738.22
F00Q10001566|200203|0.00|0|024|336|||01|200203|8.500|0.00|||||||||||||||106738.22|||||0.00
F00Q10001571|200008|57000.00|0|005|235|||||8.625|0.00||||||||||||||||||||57000.00
F00Q10001571|200009|57000.00|0|006|234|||||8.625|0.00||||||||||||||||||||57000.00
F00Q10001571|200010|57299.21|0|007|233|||||8.625|0.00||||||||||||||||||||57299.21
F00Q10001571|200011|57203.55|0|008|232|||||8.625|0.00||||||||||||||||||||57203.55
F00Q10001571|200012|57107.20|0|009|231|||||8.625|0.00||||||||||||||||||||57107.20
F00Q10001571|200101|57010.16|0|010|230|||||8.625|0.00||||||||||||||||||||57010.16
F00Q10001571|200102|56912.42|0|011|229|||||8.625|0.00||||||||||||||||||||56912.42
F00Q10001571|200103|56813.98|0|012|228|||||8.625|0.00||||||||||||||||||||56813.98
F00Q10001571|200104|56714.83|0|013|227|||||8.625|0.00||||||||||||||||||||56714.83
F00Q10001571|200105|56614.97|0|014|226|||||8.625|0.00||||||||||||||||||||56614.97
F00Q10001571|200106|56514.39|0|015|225|||||8.625|0.00||||||||||||||||||||56514.39
F00Q10001571|200107|56413.09|0|016|224|||||8.625|0.00||||||||||||||||||||56413.09
F00Q10001571|200108|56311.06|0|017|223|||||8.625|0.00||||||||||||||||||||56311.06
F00Q10001571|200109|56208.30|0|018|222|||||8.625|0.00||||||||||||||||||||56208.30
F00Q10001571|200110|56104.80|0|019|221|||||8.625|0.00||||||||||||||||||||56104.80
F00Q10001571|200111|56000.55|0|020|220|||||8.625|0.00||||||||||||||||||||56000.55
F00Q10001571|200112|55895.55|0|021|219|||||8.625|0.00||||||||||||||||||||55895.55
F00Q10001571|200201|55789.80|0|022|218|||||8.625|0.00||||||||||||||||||||55789.80
F00Q10001571|200202|55683.29|0|023|217|||||8.625|0.00||||||||||||||||||||55683.29
F00Q10001571|200203|55576.01|0|024|216|||||8.625|0.00||||||||||||||||||||55576.01
F00Q10001571|200204|55467.96|0|025|215|||||8.625|0.00||||||||||||||||||||55467.96
F00Q10001571|200205|55359.14|0|026|214|||||8.625|0.00||||||||||||||||||||55359.14
F00Q10001571|200206|55249.53|0|027|213|||||8.625|0.00||||||||||||||||||||55249.53
F00Q10001571|200207|55139.14|0|028|212|||||8.625|0.00||||||||||||||||||||55139.14
F00Q10001571|200208|55027.95|0|029|211|||||8.625|0.00||||||||||||||||||||55027.95
F00Q10001571|200209|54915.96|0|030|210|||||8.625|0.00||||||||||||||||||||54915.96
F00Q10001571|200210|54803.17|0|031|209|||||8.625|0.00||||||||||||||||||||54803.17
F00Q10001571|200211|54689.57|0|032|208|||||8.625|0.00||||||||||||||||||||54689.57
F00Q10001571|200212|54575.15|0|033|207|||||8.625|0.00||||||||||||||||||||54575.15
F00Q10001571|200301|0.00|0|034|206|||01|200301|8.625|0.00|||||||||||||||54575.15|||||0.00
F00Q10002873|200007|148000.00|0|000|356|||||8.250|0.00||||||||||||||||||||148000.00
F00Q10002873|200008|148000.00|0|001|355|||||8.250|0.00||||||||||||||||||||148000.00
F00Q10002873|200009|148000.00|1|002|354|||||8.250|0.00||||||||||||||||||||148000.00
F00Q10002873|200010|148000.00|0|003|353|||||8.250|0.00||||||||||||||||||||148000.00
F00Q10002873|200011|148000.00|0|004|352|||||8.250|0.00||||||||||||||||||||148000.00
F00Q10002873|200012|148000.00|0|005|351|||||8.250|0.00||||||||||||||||||||148000.00
F00Q10002873|200101|147000.00|0|006|350|||||8.250|0.00||||||||||||||||||||147000.00
F00Q10002873|200102|147346.69|0|007|349|||||8.250|0.00||||||||||||||||||||147346.69
F00Q10002873|200103|147188.44|0|008|348|||||8.250|0.00||||||||||||||||||||147188.44
F00Q10002873|200104|147084.87|0|009|347|||||8.250|0.00||||||||||||||||||||147084.87
F00Q10002873|200105|0.00|0|010|346|||01|200105|8.250|0.00|||||||||||||||147084.87|||||0.00
F00Q10002875|200006|59000.00|0|003|177|||||8.300|0.00||||||||||||||||||||59000.00
F00Q10002875|200007|59000.00|0|004|176|||||8.300|0.00||||||||||||||||||||59000.00
F00Q10002875|200008|59000.00|0|005|175|||||8.300|0.00||||||||||||||||||||59000.00
F00Q10002875|200009|59000.00|0|006|174|||||8.300|0.00||||||||||||||||||||59000.00
F00Q10002875|200010|58793.38|0|007|173|||||8.300|0.00||||||||||||||||||||58793.38
F00Q10002875|200011|58616.20|0|008|172|||||8.300|0.00||||||||||||||||||||58616.20
F00Q10002875|200012|58437.80|0|009|171|||||8.300|0.00||||||||||||||||||||58437.80
F00Q10002875|200101|58258.17|0|010|170|||||8.300|0.00||||||||||||||||||||58258.17
F00Q10002875|200102|58077.29|0|011|169|||||8.300|0.00||||||||||||||||||||58077.29
F00Q10002875|200103|57895.16|0|012|168|||||8.300|0.00||||||||||||||||||||57895.16
F00Q10002875|200104|57711.77|0|013|167|||||8.300|0.00||||||||||||||||||||57711.77
F00Q10002875|200105|57527.11|0|014|166|||||8.300|0.00||||||||||||||||||||57527.11
F00Q10002875|200106|57341.18|0|015|165|||||8.300|0.00||||||||||||||||||||57341.18
F00Q10002875|200107|57153.96|0|016|164|||||8.300|0.00||||||||||||||||||||57153.96
F00Q10002875|200108|56965.45|0|017|163|||||8.300|0.00||||||||||||||||||||56965.45
F00Q10002875|200109|56775.63|0|018|162|||||8.300|0.00||||||||||||||||||||56775.63
F00Q10002875|200110|56584.50|0|019|161|||||8.300|0.00||||||||||||||||||||56584.50
F00Q10002875|200111|56392.05|0|020|160|||||8.300|0.00||||||||||||||||||||56392.05
F00Q10002875|200112|56198.27|0|021|159|||||8.300|0.00||||||||||||||||||||56198.27
F00Q10002875|200201|56003.14|0|022|158|||||8.300|0.00||||||||||||||||||||56003.14
F00Q10002875|200202|55806.66|0|023|157|||||8.300|0.00||||||||||||||||||||55806.66
F00Q10002875|200203|55608.83|0|024|156|||||8.300|0.00||||||||||||||||||||55608.83
F00Q10002875|200204|55409.63|0|025|155|||||8.300|0.00||||||||||||||||||||55409.63
F00Q10002875|200205|55209.05|0|026|154|||||8.300|0.00||||||||||||||||||||55209.05
F00Q10002875|200206|55007.08|0|027|153|||||8.300|0.00||||||||||||||||||||55007.08
F00Q10002875|200207|54803.72|0|028|152|||||8.300|0.00||||||||||||||||||||54803.72
F00Q10002875|200208|54598.95|0|029|151|||||8.300|0.00||||||||||||||||||||54598.95
F00Q10002875|200209|54392.76|0|030|150|||||8.300|0.00||||||||||||||||||||54392.76
F00Q10002875|200210|54185.15|0|031|149|||||8.300|0.00||||||||||||||||||||54185.15
F00Q10002875|200211|53976.10|0|032|148|||||8.300|0.00||||||||||||||||||||53976.10
F00Q10002875|200212|53765.61|0|033|147|||||8.300|0.00||||||||||||||||||||53765.61
F00Q10002875|200301|53553.66|0|034|146|||||8.300|0.00||||||||||||||||||||53553.66
F00Q10002875|200302|53340.24|0|035|145|||||8.300|0.00||||||||||||||||||||53340.24
F00Q10002875|200303|53125.35|0|036|144|||||8.300|0.00||||||||||||||||||||53125.35
F00Q10002875|200304|52908.97|0|037|143|||||8.300|0.00||||||||||||||||||||52908.97
F00Q10002875|200305|52691.10|0|038|142|||||8.300|0.00||||||||||||||||||||52691.10
F00Q10002875|200306|52471.72|0|039|141|||||8.300|0.00||||||||||||||||||||52471.72
F00Q10002875|200307|52250.82|0|040|140|||||8.300|0.00||||||||||||||||||||52250.82
F00Q10002875|200308|0.00|0|041|139|||01|200308|8.300|0.00|||||||||||||||52250.82|||||0.00
F00Q10002876|200006|40000.00|0|003|177|||||8.050|0.00||||||||||||||||||||40000.00
F00Q10002876|200007|40000.00|0|004|176|||||8.050|0.00||||||||||||||||||||40000.00
F00Q10002876|200008|39000.00|0|005|175|||||8.050|0.00||||||||||||||||||||39000.00
F00Q10002876|200009|39000.00|0|006|174|||||8.050|0.00||||||||||||||||||||39000.00
F00Q10002876|200010|39177.99|0|007|173|||||8.050|0.00||||||||||||||||||||39177.99
F00Q10002876|200011|39057.39|0|008|172|||||8.050|0.00||||||||||||||||||||39057.39
F00Q10002876|200012|38935.98|0|009|171|||||8.050|0.00||||||||||||||||||||38935.98
F00Q10002876|200101|38813.76|0|010|170|||||8.050|0.00||||||||||||||||||||38813.76
F00Q10002876|200102|38690.72|0|011|169|||||8.050|0.00||||||||||||||||||||38690.72
F00Q10002876|200103|38566.85|0|012|168|||||8.050|0.00||||||||||||||||||||38566.85
F00Q10002876|200104|38442.15|0|013|167|||||8.050|0.00||||||||||||||||||||38442.15
F00Q10002876|200105|38316.61|0|014|166|||||8.050|0.00||||||||||||||||||||38316.61
F00Q10002876|200106|38190.23|0|015|165|||||8.050|0.00||||||||||||||||||||38190.23
F00Q10002876|200107|38063.00|0|016|164|||||8.050|0.00||||||||||||||||||||38063.00
F00Q10002876|200108|37934.92|0|017|163|||||8.050|0.00||||||||||||||||||||37934.92
F00Q10002876|200109|37805.98|0|018|162|||||8.050|0.00||||||||||||||||||||37805.98
F00Q10002876|200110|37676.17|0|019|161|||||8.050|0.00||||||||||||||||||||37676.17
F00Q10002876|200111|0.00|0|020|160|||01|200111|8.050|0.00|||||||||||||||37676.17|||||0.00
F00Q10002921|200006|78000.00|0|003|357|||||8.625|0.00||||||||||||||||||||78000.00
F00Q10002921|200007|78000.00|0|004|356|||||8.625|0.00||||||||||||||||||||78000.00
F00Q10002921|200008|78000.00|0|005|355|||||8.625|0.00||||||||||||||||||||78000.00
F00Q10002921|200009|78000.00|0|006|354|||||8.625|0.00||||||||||||||||||||78000.00
F00Q10002921|200010|78068.89|0|007|353|||||8.625|0.00||||||||||||||||||||78068.89
F00Q10002921|200011|77971.20|0|008|352|||||8.625|0.00||||||||||||||||||||77971.20
F00Q10002921|200012|77971.20|0|009|351|||||8.625|0.00||||||||||||||||||||77971.20
F00Q10002921|200101|77872.10|0|010|350|||||8.625|0.00||||||||||||||||||||77872.10
F00Q10002921|200102|77872.10|0|011|349|||||8.625|0.00||||||||||||||||||||77872.10
F00Q10002921|200103|77822.02|0|012|348|||||8.625|0.00||||||||||||||||||||77822.02
F00Q10002921|200104|77771.58|0|013|347|||||8.625|0.00||||||||||||||||||||77771.58
F00Q10002921|200105|77720.77|0|014|346|||||8.625|0.00||||||||||||||||||||77720.77
F00Q10002921|200106|77669.60|0|015|345|||||8.625|0.00||||||||||||||||||||77669.60
F00Q10002921|200107|77618.06|0|016|344|||||8.625|0.00||||||||||||||||||||77618.06
F00Q10002921|200108|77566.15|1|017|343|||||8.625|0.00||||||||||||||||||||77566.15
F00Q10002921|200109|77566.15|0|018|342|||||8.625|0.00||||||||||||||||||||77566.15
F00Q10002921|200110|77408.17|0|019|341|||||8.625|0.00||||||||||||||||||||77408.17
F00Q10002921|200111|77354.75|0|020|340|||||8.625|0.00||||||||||||||||||||77354.75
F00Q10002921|200112|77300.95|0|021|339|||||8.625|0.00||||||||||||||||||||77300.95
F00Q10002921|200201|77300.95|0|022|338|||||8.625|0.00||||||||||||||||||||77300.95
F00Q10002921|200202|77246.76|0|023|337|||||8.625|0.00||||||||||||||||||||77246.76
F00Q10002921|200203|77191.97|0|024|336|||||8.625|0.00||||||||||||||||||||77191.97
F00Q10002921|200204|77191.97|0|025|335|||||8.625|0.00||||||||||||||||||||77191.97
F00Q10002921|200205|77137.00|1|026|334|||||8.625|0.00||||||||||||||||||||77137.00
F00Q10002921|200206|77081.63|0|027|333|||||8.625|0.00||||||||||||||||||||77081.63
F00Q10002921|200207|77025.86|1|028|332|||||8.625|0.00||||||||||||||||||||77025.86
F00Q10002921|200208|77025.86|0|029|331|||||8.625|0.00||||||||||||||||||||77025.86
F00Q10002921|200209|76856.14|0|030|330|||||8.625|0.00||||||||||||||||||||76856.14
F00Q10002921|200210|76798.75|0|031|329|||||8.625|0.00||||||||||||||||||||76798.75
F00Q10002921|200211|76740.95|0|032|328|||||8.625|0.00||||||||||||||||||||76740.95
F00Q10002921|200212|76682.74|0|033|327|||||8.625|0.00||||||||||||||||||||76682.74
F00Q10002921|200301|76624.11|0|034|326|||||8.625|0.00||||||||||||||||||||76624.11
F00Q10002921|200302|76565.06|0|035|325|||||8.625|0.00||||||||||||||||||||76565.06
F00Q10002921|200303|76565.06|0|036|324|||||8.625|0.00||||||||||||||||||||76565.06
F00Q10002921|200304|76505.58|0|037|323|||||8.625|0.00||||||||||||||||||||76505.58
F00Q10002921|200305|76385.33|0|038|322|||||8.625|0.00||||||||||||||||||||76385.33
F00Q10002921|200306|76174.56|0|039|321|||||8.625|0.00||||||||||||||||||||76174.56
F00Q10002921|200307|76112.27|0|040|320|||||8.625|0.00||||||||||||||||||||76112.27
F00Q10002921|200308|76049.54|0|041|319|||||8.625|0.00||||||||||||||||||||76049.54
F00Q10002921|200309|75986.36|0|042|318|||||8.625|0.00||||||||||||||||||||75986.36
F00Q10002921|200310|75922.72|0|043|317|||||8.625|0.00||||||||||||||||||||75922.72
F00Q10002921|200311|75858.62|0|044|316|||||8.625|0.00||||||||||||||||||||75858.62
F00Q10002921|200312|75794.06|0|045|315|||||8.625|0.00||||||||||||||||||||75794.06
F00Q10002921|200401|75729.04|0|046|314|||||8.625|0.00||||||||||||||||||||75729.04
F00Q10002921|200402|75663.55|0|047|313|||||8.625|0.00||||||||||||||||||||75663.55
F00Q10002921|200403|75663.55|0|048|312|||||8.625|0.00||||||||||||||||||||75663.55
F00Q10002921|200404|75597.59|1|049|311|||||8.625|0.00||||||||||||||||||||75597.59
F00Q10002921|200405|75597.59|0|050|310|||||8.625|0.00||||||||||||||||||||75597.59
F00Q10002921|200406|75464.25|1|051|309|||||8.625|0.00||||||||||||||||||||75464.25
F00Q10002921|200407|75396.86|0|052|308|||||8.625|0.00||||||||||||||||||||75396.86
F00Q10002921|200408|75328.98|0|053|307|||||8.625|0.00||||||||||||||||||||75328.98
F00Q10002921|200409|75260.62|0|054|306|||||8.625|0.00||||||||||||||||||||75260.62
F00Q10002921|200410|75191.77|1|055|305|||||8.625|0.00||||||||||||||||||||75191.77
F00Q10002921|200411|75191.77|0|056|304|||||8.625|0.00||||||||||||||||||||75191.77
F00Q10002921|200412|74982.22|0|057|303|||||8.625|0.00||||||||||||||||||||74982.22
F00Q10002921|200501|74839.79|0|058|302|||||8.625|0.00||||||||||||||||||||74839.79
F00Q10002921|200502|74839.79|0|059|301|||||8.625|0.00||||||||||||||||||||74839.79
F00Q10002921|200503|74839.79|0|060|300|||||8.625|0.00||||||||||||||||||||74839.79
F00Q10002921|200504|74767.91|1|061|299|||||8.625|0.00||||||||||||||||||||74767.91
F00Q10002921|200505|74767.91|0|062|298|||||8.625|0.00||||||||||||||||||||74767.91
F00Q10002921|200506|74549.15|0|063|297|||||8.625|0.00||||||||||||||||||||74549.15
F00Q10002921|200507|74549.15|0|064|296|||||8.625|0.00||||||||||||||||||||74549.15
F00Q10002921|200508|74475.18|1|065|295|||||8.625|0.00||||||||||||||||||||74475.18
F00Q10002921|200509|74325.64|0|066|294|||||8.625|0.00||||||||||||||||||||74325.64
F00Q10002921|200510|74325.64|0|067|293|||||8.625|0.00||||||||||||||||||||74325.64
F00Q10002921|200511|74250.07|0|068|292|||||8.625|0.00||||||||||||||||||||74250.07
F00Q10002921|200512|74173.95|0|069|291|||||8.625|0.00||||||||||||||||||||74173.95
F00Q10002921|200601|74097.29|1|070|290|||||8.625|0.00||||||||||||||||||||74097.29
F00Q10002921|200602|74097.29|2|071|289|||||8.625|0.00||||||||||||||||||||74097.29
F00Q10002921|200603|74020.07|2|072|288|||||8.625|0.00||||||||||||||||||||74020.07
F00Q10002921|200604|73785.08|0|073|287|||||8.625|0.00||||||||||||||||||||73785.08
F00Q10002921|200605|73785.08|1|074|286|||||8.625|0.00||||||||||||||||||||73785.08
F00Q10002921|200606|73785.08|0|075|285|||||8.625|0.00||||||||||||||||||||73785.08
F00Q10002921|200607|73625.59|0|076|284|||||8.625|0.00||||||||||||||||||||73625.59
F00Q10002921|200608|73544.98|0|077|283|||||8.625|0.00||||||||||||||||||||73544.98
F00Q10002921|200609|73382.02|0|078|282|||||8.625|0.00||||||||||||||||||||73382.02
F00Q10002921|200610|73299.66|0|079|281|||||8.625|0.00||||||||||||||||||||73299.66
F00Q10002921|200611|73216.71|0|080|280|||||8.625|0.00||||||||||||||||||||73216.71
F00Q10002921|200612|73133.17|0|081|279|||||8.625|0.00||||||||||||||||||||73133.17
F00Q10002921|200701|73133.17|1|082|278|||||8.625|0.00||||||||||||||||||||73133.17
F00Q10002921|200702|73049.02|0|083|277|||||8.625|0.00||||||||||||||||||||73049.02
F00Q10002921|200703|72964.27|1|084|276|||||8.625|0.00||||||||||||||||||||72964.27
F00Q10002921|200704|72964.27|0|085|275|||||8.625|0.00||||||||||||||||||||72964.27
F00Q10002921|200705|72792.94|1|086|274|||||8.625|0.00||||||||||||||||||||72792.94
F00Q10002921|200706|72706.35|1|087|273|||||8.625|0.00||||||||||||||||||||72706.35
F00Q10002921|200707|72619.14|1|088|272|||||8.625|0.00||||||||||||||||||||72619.14
F00Q10002921|200708|72531.30|0|089|271|||||8.625|0.00||||||||||||||||||||72531.30
F00Q10002921|200709|72442.83|1|090|270|||||8.625|0.00||||||||||||||||||||72442.83
F00Q10002921|200710|72442.83|0|091|269|||||8.625|0.00||||||||||||||||||||72442.83
F00Q10002921|200711|72173.58|0|092|268|||||8.625|0.00||||||||||||||||||||72173.58
F00Q10002921|200712|72173.58|1|093|267|||||8.625|0.00||||||||||||||||||||72173.58
F00Q10002921|200801|72173.58|1|094|266|||||8.625|0.00||||||||||||||||||||72173.58
F00Q10002921|200802|72173.58|3|095|265|||||8.625|0.00||||||||||||||||||||72173.58
F00Q10002921|200803|72173.58|4|096|264|||||8.625|0.00||||||||||||||||||||72173.58
F00Q10002921|200804|72173.58|5|097|263|||||8.625|0.00||||||||||||||||||||72173.58
F00Q10002921|200805|72173.58|6|098|262|||||8.625|0.00||||||||||||||||||||72173.58
F00Q10002921|200806|72173.58|7|099|261|||||8.625|0.00||||||||||||||||||||72173.58
F00Q10002921|200807|72173.58|8|100|260|||||8.625|0.00||||||||||||||||||||72173.58
F00Q10002921|200808|72173.58|9|101|259|||||8.625|0.00||||||||||||||||||||72173.58
F00Q10002921|200809|72173.58|10|102|258|||||8.625|0.00||||||||||||||||||||72173.58
F00Q10002921|200810|72173.58|11|103|257|||||8.625|0.00||||||||||||||||||||72173.58
F00Q10002921|200811|72173.58|12|104|256|||||8.625|0.00||||||||||||||||||||72173.58
F00Q10002921|200812|72173.58|13|105|255|||||8.625|0.00||||||||||||||||||||72173.58
F00Q10002921|200901|72173.58|14|106|254|||||8.625|0.00||||||||||||||||||||72173.58
F00Q10002921|200902|71898.48|12|107|253|||||8.625|0.00||||||||||||||||||||71898.48
F00Q10002921|200903|71805.46|12|108|252|||||8.625|0.00||||||||||||||||||||71805.46
F00Q10002921|200904|71711.77|12|109|251|||||8.625|0.00||||||||||||||||||||71711.77
F00Q10002921|200905|71617.41|12|110|250|||||8.625|0.00||||||||||||||||||||71617.41
F00Q10002921|200906|71522.37|12|111|249|||||8.625|0.00||||||||||||||||||||71522.37
F00Q10002921|200907|71426.65|12|112|248|||||8.625|0.00||||||||||||||||||||71426.65
F00Q10002921|200908|71330.24|12|113|247|||||8.625|0.00||||||||||||||||||||71330.24
F00Q10002921|200909|71233.14|12|114|246|||||8.625|0.00||||||||||||||||||||71233.14
F00Q10002921|200910|71135.34|12|115|245|||||8.625|0.00||||||||||||||||||||71135.34
F00Q10002921|200911|71036.84|12|116|244|||||8.625|0.00||||||||||||||||||||71036.84
F00Q10002921|200912|70937.63|12|117|243|||||8.625|0.00||||||||||||||||||||70937.63
F00Q10002921|201001|70837.70|12|118|242|||||8.625|0.00||||||||||||||||||||70837.70
F00Q10002921|201002|70837.70|13|119|241|||||8.625|0.00||||||||||||||||||||70837.70
F00Q10002921|201003|70837.70|14|120|240|||||8.625|0.00||||||||||||||||||||70837.70
F00Q10002921|201004|70635.69|13|121|239|||||8.625|0.00||||||||||||||||||||70635.69
F00Q10002921|201005|70430.76|12|122|238|||||8.625|0.00||||||||||||||||||||70430.76
F00Q10002921|201006|70327.19|12|123|237|||||8.625|0.00||||||||||||||||||||70327.19
F00Q10002921|201007|70222.88|12|124|236|||||8.625|0.00||||||||||||||||||||70222.88
F00Q10002921|201008|70012.00|11|125|235|||||8.625|0.00||||||||||||||||||||70012.00
F00Q10002921|201009|69798.08|10|126|234|||||8.625|0.00||||||||||||||||||||69798.08
F00Q10002921|201010|69459.26|9|127|233|||||8.625|0.00||||||||||||||||||||69459.26
F00Q10002921|201011|69459.26|10|128|232|||||8.625|0.00||||||||||||||||||||69459.26
F00Q10002921|201012|69125.21|8|129|231|||||8.625|0.00||||||||||||||||||||69125.21
F00Q10002921|201101|69007.93|8|130|230|||||8.625|0.00||||||||||||||||||||69007.93
F00Q10002921|201102|68894.13|8|131|229|||||8.625|0.00||||||||||||||||||||68894.13
F00Q10002921|201103|68664.08|7|132|228|||||8.625|0.00||||||||||||||||||||68664.08
F00Q10002921|201104|68430.71|6|133|227|||||8.625|0.00||||||||||||||||||||68430.71
F00Q10002921|201105|68312.77|6|134|226|||||8.625|0.00||||||||||||||||||||68312.77
F00Q10002921|201106|68074.33|5|135|225|||||8.625|0.00||||||||||||||||||||68074.33
F00Q10002921|201107|67953.82|5|136|224|||||8.625|0.00||||||||||||||||||||67953.82
F00Q10002921|201108|67710.21|4|137|223|||||8.625|0.00||||||||||||||||||||67710.21
F00Q10002921|201109|67463.08|3|138|222|||||8.625|0.00||||||||||||||||||||67463.08
F00Q10002921|201110|67212.38|2|139|221|||||8.625|0.00||||||||||||||||||||67212.38
F00Q10002921|201111|67061.87|2|140|220|||||8.625|0.00||||||||||||||||||||67061.87
F00Q10002921|201112|66934.09|2|141|219|||||8.625|0.00||||||||||||||||||||66934.09
F00Q10002921|201201|66805.39|2|142|218|||||8.625|0.00||||||||||||||||||||66805.39
F00Q10002921|201202|66545.20|1|143|217|||||8.625|0.00||||||||||||||||||||66545.20
F00Q10002921|201203|66281.26|0|144|216|||||8.625|0.00||||||||||||||||||||66281.26
F00Q10002921|201204|66147.87|0|145|215|||||8.625|0.00||||||||||||||||||||66147.87
F00Q10002921|201205|66013.52|0|146|214|||||8.625|0.00||||||||||||||||||||66013.52
F00Q10002921|201206|65741.91|0|147|213|||||8.625|0.00||||||||||||||||||||65741.91
F00Q10002921|201207|65604.64|0|148|212|||||8.625|0.00||||||||||||||||||||65604.64
F00Q10002921|201208|65466.38|0|149|211|||||8.625|0.00||||||||||||||||||||65466.38
F00Q10002921|201209|65327.13|0|150|210|||||8.625|0.00||||||||||||||||||||65327.13
F00Q10002921|201210|65111.03|0|151|209|||||8.625|0.00||||||||||||||||||||65111.03
F00Q10002921|201211|64969.23|0|152|208|||||8.625|0.00||||||||||||||||||||64969.23
F00Q10002921|201212|64826.41|0|153|207|||||8.625|0.00||||||||||||||||||||64826.41
F00Q10002921|201301|64682.56|0|154|206|||||8.625|0.00||||||||||||||||||||64682.56
F00Q10002921|201302|64537.68|0|155|205|||||8.625|0.00||||||||||||||||||||64537.68
F00Q10002921|201303|64391.75|0|156|204|||||8.625|0.00||||||||||||||||||||64391.75
F00Q10002921|201304|64244.78|0|157|203|||||8.625|0.00||||||||||||||||||||64244.78
F00Q10002921|201305|64096.75|0|158|202|||||8.625|0.00||||||||||||||||||||64096.75
F00Q10002921|201306|63947.66|0|159|201|||||8.625|0.00||||||||||||||||||||63947.66
F00Q10002921|201307|63646.24|0|160|200|||||8.625|0.00||||||||||||||||||||63646.24
F00Q10002921|201308|63493.91|0|161|199|||||8.625|0.00||||||||||||||||||||63493.91
F00Q10002921|201309|63340.48|0|162|198|||||8.625|0.00||||||||||||||||||||63340.48
F00Q10002921|201310|63185.95|0|163|197|||||8.625|0.00||||||||||||||||||||63185.95
F00Q10002921|201311|63030.31|0|164|196|||||8.625|0.00||||||||||||||||||||63030.31
F00Q10002921|201312|63030.31|0|165|195|||||8.625|0.00||||||||||||||||||||63030.31
F00Q10002921|201401|62563.42|0|166|194|||||8.625|0.00||||||||||||||||||||62563.42
F00Q10002921|201402|62403.30|0|167|193|||||8.625|0.00||||||||||||||||||||62403.30
F00Q10002921|201403|62242.03|0|168|192|||||8.625|0.00||||||||||||||||||||62242.03
F00Q10002921|201404|62242.03|0|169|191|||||8.625|0.00||||||||||||||||||||62242.03
F00Q10002921|201405|62242.03|0|170|190|||||8.625|0.00||||||||||||||||||||62242.03
F00Q10002921|201406|61916.01|0|171|189|||||8.625|0.00||||||||||||||||||||61916.01
F00Q10002921|201407|61751.24|0|172|188|||||8.625|0.00||||||||||||||||||||61751.24
F00Q10002921|201408|61585.29|0|173|187|||||8.625|0.00||||||||||||||||||||61585.29
F00Q10002921|201409|61418.14|0|174|186|||||8.625|0.00||||||||||||||||||||61418.14
F00Q10002921|201410|61249.79|0|175|185|||||8.625|0.00||||||||||||||||||||61249.79
F00Q10002921|201411|61080.23|0|176|184|||||8.625|0.00||||||||||||||||||||61080.23
F00Q10002921|201412|61080.23|0|177|183|||||8.625|0.00||||||||||||||||||||61080.23
F00Q10002921|201501|60737.03|0|178|182|||||8.625|0.00||||||||||||||||||||60737.03
F00Q10002921|201502|60737.03|0|179|181|||||8.625|0.00||||||||||||||||||||60737.03
F00Q10002921|201503|60563.58|0|180|180|||||8.625|0.00||||||||||||||||||||60563.58
F00Q10002921|201504|60389.09|0|181|179|||||8.625|0.00||||||||||||||||||||60389.09
F00Q10002921|201505|60034.16|0|182|178|||||8.625|0.00||||||||||||||||||||60034.16
F00Q10002921|201506|59855.66|0|183|177|||||8.625|0.00||||||||||||||||||||59855.66
F00Q10002921|201507|59676.08|0|184|176|||||8.625|0.00||||||||||||||||||||59676.08
F00Q10002921|201508|59495.00|0|185|175|||||8.625|0.00||||||||||||||||||||59495.00
F00Q10002921|201509|59312.83|0|186|174|||||8.625|0.00||||||||||||||||||||59312.83
F00Q10002921|201510|59129.14|0|187|173|||||8.625|0.00||||||||||||||||||||59129.14
F00Q10002921|201511|58757.79|0|188|172|||||8.625|0.00||||||||||||||||||||58757.79
F00Q10002921|201512|58757.79|0|189|171|||||8.625|0.00||||||||||||||||||||58757.79
F00Q10002921|201601|58570.11|0|190|170|||||8.625|0.00||||||||||||||||||||58570.11
F00Q10002921|201602|58381.08|0|191|169|||||8.625|0.00||||||||||||||||||||58381.08
F00Q10002921|201603|58190.69|0|192|168|||||8.625|0.00||||||||||||||||||||58190.69
F00Q10002921|201604|57999.15|0|193|167|||||8.625|0.00||||||||||||||||||||57999.15
F00Q10002921|201605|57806.23|0|194|166|||||8.625|0.00||||||||||||||||||||57806.23
F00Q10002921|201606|57611.92|0|195|165|||||8.625|0.00||||||||||||||||||||57611.92
F00Q10002921|201607|57416.01|0|196|164|||||8.625|0.00||||||||||||||||||||57416.01
F00Q10002921|201608|57218.69|0|197|163|||||8.625|0.00||||||||||||||||||||57218.69
F00Q10002921|201609|57020.16|0|198|162|||||8.625|0.00||||||||||||||||||||57020.16
F00Q10002921|201610|56819.99|0|199|161|||||8.625|0.00||||||||||||||||||||56819.99
F00Q10002921|201611|56413.73|0|200|160|||||8.625|0.00||||||||||||||||||||56413.73
F00Q10002921|201612|56209.20|0|201|159|||||8.625|0.00||||||||||||||||||||56209.20
F00Q10002921|201701|56209.20|0|202|158|||||8.625|0.00||||||||||||||||||||56209.20
F00Q10002921|201702|56003.42|0|203|157|||||8.625|0.00||||||||||||||||||||56003.42
F00Q10002921|201703|55796.15|0|204|156|||||8.625|0.00||||||||||||||||||||55796.15
F00Q10002921|201704|55587.19|0|205|155|||||8.625|0.00||||||||||||||999||||||55587.19
F00Q10002921|201705|55376.72|0|206|154|||||8.625|0.00||||||||||||||999||||||55376.72
F00Q10002921|201706|55164.74|0|207|153|||||8.625|0.00||||||||||||||999||||||55164.74
F00Q10002921|201707|54951.24|0|208|152|||||8.625|0.00||||||||||||||999||||||54951.24
F00Q10002921|201708|54736.20|0|209|151|||||8.625|0.00||||||||||||||999||||||54736.20
F00Q10002921|201709|54519.62|0|210|150|||||8.625|0.00||||||||||||||999||||||54519.62
F00Q10002921|201710|54301.48|0|211|149|||||8.625|0.00||||||||||||||999||||||54301.48
F00Q10002921|201711|53860.48|0|212|148|||||8.625|0.00||||||||||||||999||||||53860.48
F00Q10002921|201712|53637.60|0|213|147|||||8.625|0.00||||||||||||||999||||||53637.60
F00Q10002921|201801|53413.12|0|214|146|||||8.625|0.00||||||||||||||999||||||53413.12
F00Q10002921|201802|52959.31|0|215|145|||||8.625|0.00||||||||||||||999||||||52959.31
F00Q10002921|201803|52959.31|0|216|144|||||8.625|0.00||||||||||||||999||||||52959.31
F00Q10002921|201804|52729.96|0|217|143|||||8.625|0.00||||||||||||||999||||||52729.96
F00Q10002921|201805|52729.96|0|218|142|||||8.625|0.00||||||||||||||999||||||52729.96
F00Q10002921|201806|52498.95|0|219|141|||||8.625|0.00||||||||||||||999||||||52498.95
F00Q10002921|201807|52266.29|0|220|140|||||8.625|0.00||||||||||||||999||||||52266.29
F00Q10002921|201808|52031.95|0|221|139|||||8.625|0.00||||||||||||||999||||||52031.95
F00Q10002921|201809|51795.93|0|222|138|||||8.625|0.00||||||||||||||999||||||51795.93
F00Q10002921|201810|51318.79|0|223|137|||||8.625|0.00||||||||||||||999||||||51318.79
F00Q10002921|201811|50590.14|0|224|136|||||8.625|0.00||||||||||||||999||||||50590.14
F00Q10002921|201812|50590.14|0|225|135|||||8.625|0.00||||||||||||||999||||||50590.14
F00Q10002921|201901|50590.14|0|226|134|||||8.625|0.00||||||||||||||999||||||50590.14
F00Q10002921|201902|50343.76|0|227|133|||||8.625|0.00||||||||||||||999||||||50343.76
F00Q10002921|201903|50045.60|0|228|132|||||8.625|0.00||||||||||||||999||||||50045.60
F00Q10002921|201904|50045.60|0|229|131|||||8.625|0.00||||||||||||||999||||||50045.60
F00Q10002921|201905|49542.97|0|230|130|||||8.625|0.00||||||||||||||999||||||49542.97
F00Q10002921|201906|49033.32|0|231|129|||||8.625|0.00||||||||||||||999||||||49033.32
F00Q10002921|201907|48775.75|0|232|128|||||8.625|0.00||||||||||||||999||||||48775.75
F00Q10002921|201908|48775.75|0|233|127|||||8.625|0.00||||||||||||||999||||||48775.75
F00Q10002921|201909|48255.03|0|234|126|||||8.625|0.00||||||||||||||999||||||48255.03
F00Q10002921|201910|47991.87|0|235|125|||||8.625|0.00||||||||||||||999||||||47991.87
F00Q10002921|201911|47726.81|0|236|124|||||8.625|0.00||||||||||||||999||||||47726.81
F00Q10002921|201912|47726.81|0|237|123|||||8.625|0.00||||||||||||||999||||||47726.81
F00Q10002921|202001|47459.85|0|238|122|||||8.625|0.00||||||||||||||999||||||47459.85
F00Q10002921|202002|47190.96|0|239|121|||||8.625|0.00||||||||||||||999||||||47190.96
F00Q10002921|202003|46920.15|0|240|120|||||8.625|0.00||||||||||||||999||||||46920.15
F00Q10002921|202004|46647.39|0|241|119|||||8.625|0.00||||||||||||||999||||||46647.39
F00Q10002921|202005|46372.67|0|242|118|||||8.625|0.00||||||||||||||999||||||46372.67
F00Q10002921|202006|46372.67|0|243|117|||||8.625|0.00||||||||||||||999||||||46372.67
F00Q10002921|202007|0.00|0|244|116|||01|202007|8.625|0.00|202006|||||||||||||999|46372.67|||||0.00
F00Q10002935|200011|95000.00|0|000|360|||||8.000|0.00||||||||||||||||||||95000.00
F00Q10002935|200012|95000.00|0|001|359|||||8.000|0.00||||||||||||||||||||95000.00
F00Q10002935|200101|95000.00|0|002|358|||||8.000|0.00||||||||||||||||||||95000.00
F00Q10002935|200102|95000.00|0|003|357|||||8.000|0.00||||||||||||||||||||95000.00
F00Q10002935|200103|95000.00|0|004|356|||||8.000|0.00||||||||||||||||||||95000.00
F00Q10002935|200104|95000.00|0|005|355|||||8.000|0.00||||||||||||||||||||95000.00
F00Q10002935|200105|95000.00|0|006|354|||||8.000|0.00||||||||||||||||||||95000.00
F00Q10002935|200106|94496.28|0|007|353|||||8.000|0.00||||||||||||||||||||94496.28
F00Q10002935|200107|94428.86|0|008|352|||||8.000|0.00||||||||||||||||||||94428.86
F00Q10002935|200108|94360.99|0|009|351|||||8.000|0.00||||||||||||||||||||94360.99
F00Q10002935|200109|94292.66|0|010|350|||||8.000|0.00||||||||||||||||||||94292.66
F00Q10002935|200110|94222.88|0|011|349|||||8.000|0.00||||||||||||||||||||94222.88
F00Q10002935|200111|94152.63|0|012|348|||||8.000|0.00||||||||||||||||||||94152.63
F00Q10002935|200112|94083.23|0|013|347|||||8.000|0.00||||||||||||||||||||94083.23
F00Q10002935|200201|94001.07|0|014|346|||||8.000|0.00||||||||||||||||||||94001.07
F00Q10002935|200202|93928.36|0|015|345|||||8.000|0.00||||||||||||||||||||93928.36
F00Q10002935|200203|93855.17|0|016|344|||||8.000|0.00||||||||||||||||||||93855.17
F00Q10002935|200204|93781.49|0|017|343|||||8.000|0.00||||||||||||||||||||93781.49
F00Q10002935|200205|93707.32|0|018|342|||||8.000|0.00||||||||||||||||||||93707.32
F00Q10002935|200206|93632.66|0|019|341|||||8.000|0.00||||||||||||||||||||93632.66
F00Q10002935|200207|93557.50|0|020|340|||||8.000|0.00||||||||||||||||||||93557.50
F00Q10002935|200208|93481.84|0|021|339|||||8.000|0.00||||||||||||||||||||93481.84
F00Q10002935|200209|93405.67|0|022|338|||||8.000|0.00||||||||||||||||||||93405.67
F00Q10002935|200210|93328.99|0|023|337|||||8.000|0.00||||||||||||||||||||93328.99
F00Q10002935|200211|93251.80|0|024|336|||||8.000|0.00||||||||||||||||||||93251.80
F00Q10002935|200212|0.00|0|025|335|||01|200212|8.000|0.00|||||||||||||||93251.80|||||0.00
F00Q10002939|200011|125000.00|0|000|360|||||8.625|0.00||||||||||||||||||||125000.00
F00Q10002939|200012|125000.00|0|001|359|||||8.625|0.00||||||||||||||||||||125000.00
F00Q10002939|200101|125000.00|0|002|358|||||8.625|0.00||||||||||||||||||||125000.00
F00Q10002939|200102|125000.00|0|003|357|||||8.625|0.00||||||||||||||||||||125000.00
F00Q10002939|200103|125000.00|0|004|356|||||8.625|0.00||||||||||||||||||||125000.00
F00Q10002939|200104|125000.00|0|005|355|||||8.625|0.00||||||||||||||||||||125000.00
F00Q10002939|200105|125000.00|0|006|354|||||8.625|0.00||||||||||||||||||||125000.00
F00Q10002939|200106|125019.78|0|007|353|||||8.625|0.00||||||||||||||||||||125019.78
F00Q10002939|200107|124941.84|0|008|352|||||8.625|0.00||||||||||||||||||||124941.84
F00Q10002939|200108|124863.34|0|009|351|||||8.625|0.00||||||||||||||||||||124863.34
F00Q10002939|200109|124863.34|0|010|350|||||8.625|0.00||||||||||||||||||||124863.34
F00Q10002939|200110|124704.65|0|011|349|||||8.625|0.00||||||||||||||||||||124704.65
F00Q10002939|200111|124624.44|0|012|348|||||8.625|0.00||||||||||||||||||||124624.44
F00Q10002939|200112|124543.66|0|013|347|||||8.625|0.00||||||||||||||||||||124543.66
F00Q10002939|200201|124462.30|0|014|346|||||8.625|0.00||||||||||||||||||||124462.30
F00Q10002939|200202|124380.35|0|015|345|||||8.625|0.00||||||||||||||||||||124380.35
F00Q10002939|200203|124297.81|0|016|344|||||8.625|0.00||||||||||||||||||||124297.81
F00Q10002939|200204|124214.68|0|017|343|||||8.625|0.00||||||||||||||||||||124214.68
F00Q10002939|200205|124214.68|0|018|342|||||8.625|0.00||||||||||||||||||||124214.68
F00Q10002939|200206|124046.62|0|019|341|||||8.625|0.00||||||||||||||||||||124046.62
F00Q10002939|200207|0.00|0|020|340|||01|200207|8.625|0.00|||||||||||||||124046.62|||||0.00
F00Q10002941|200011|69000.00|0|003|351|||||8.050|0.00||||||||||||||||||||69000.00
F00Q10002941|200012|69000.00|0|004|350|||||8.050|0.00||||||||||||||||||||69000.00
F00Q10002941|200101|69000.00|0|005|349|||||8.050|0.00||||||||||||||||||||69000.00
F00Q10002941|200102|69000.00|0|006|348|||||8.050|0.00||||||||||||||||||||69000.00
F00Q10002941|200103|68607.94|0|007|347|||||8.050|0.00||||||||||||||||||||68607.94
F00Q10002941|200104|68607.94|0|008|346|||||8.050|0.00||||||||||||||||||||68607.94
F00Q10002941|200105|68450.00|0|009|345|||||8.050|0.00||||||||||||||||||||68450.00
F00Q10002941|200106|68291.01|0|010|344|||||8.050|0.00||||||||||||||||||||68291.01
F00Q10002941|200107|68133.95|0|011|343|||||8.050|0.00||||||||||||||||||||68133.95
F00Q10002941|200108|67969.84|0|012|342|||||8.050|0.00||||||||||||||||||||67969.84
F00Q10002941|200109|67807.62|0|013|341|||||8.050|0.00||||||||||||||||||||67807.62
F00Q10002941|200110|67610.32|0|014|340|||||8.050|0.00||||||||||||||||||||67610.32
F00Q10002941|200111|67545.69|0|015|339|||||8.050|0.00||||||||||||||||||||67545.69
F00Q10002941|200112|0.00|0|016|338|||01|200112|8.050|0.00|||||||||||||||67545.69|||||0.00
F00Q10002943|200011|225000.00|0|000|360|||||8.125|0.00||||||||||||||||||||225000.00
F00Q10002943|200012|225000.00|0|001|359|||||8.125|0.00||||||||||||||||||||225000.00
F00Q10002943|200101|225000.00|0|002|358|||||8.125|0.00||||||||||||||||||||225000.00
F00Q10002943|200102|225000.00|0|003|357|||||8.125|0.00||||||||||||||||||||225000.00
F00Q10002943|200103|0.00|0|004|356|||01|200103|8.125|0.00|||||||||||||||224555.46|||||0.00
F00Q10002946|200012|135000.00|0|000|360|||||8.250|0.00||||||||||||||||||||135000.00
F00Q10002946|200101|135000.00|0|001|359|||||8.250|0.00||||||||||||||||||||135000.00
F00Q10002946|200102|135000.00|0|002|358|||||8.250|0.00||||||||||||||||||||135000.00
F00Q10002946|200103|134000.00|0|003|357|||||8.250|0.00||||||||||||||||||||134000.00
F00Q10002946|200104|134000.00|0|004|356|||||8.250|0.00||||||||||||||||||||134000.00
F00Q10002946|200105|134000.00|0|005|355|||||8.250|0.00||||||||||||||||||||134000.00
F00Q10002946|200106|134000.00|1|006|354|||||8.250|0.00||||||||||||||||||||134000.00
F00Q10002946|200107|134282.68|1|007|353|||||8.250|0.00||||||||||||||||||||134282.68
F00Q10002946|200108|134012.28|0|008|352|||||8.250|0.00||||||||||||||||||||134012.28
F00Q10002946|200109|133920.90|0|009|351|||||8.250|0.00||||||||||||||||||||133920.90
F00Q10002946|200110|133828.90|0|010|350|||||8.250|0.00||||||||||||||||||||133828.90
F00Q10002946|200111|133736.26|0|011|349|||||8.250|0.00||||||||||||||||||||133736.26
F00Q10002946|200112|133736.26|0|012|348|||||8.250|0.00||||||||||||||||||||133736.26
F00Q10002946|200201|133549.08|0|013|347|||||8.250|0.00||||||||||||||||||||133549.08
F00Q10002946|200202|133454.52|0|014|346|||||8.250|0.00||||||||||||||||||||133454.52
F00Q10002946|200203|133359.31|0|015|345|||||8.250|0.00||||||||||||||||||||133359.31
F00Q10002946|200204|133263.45|0|016|344|||||8.250|0.00||||||||||||||||||||133263.45
F00Q10002946|200205|133166.93|0|017|343|||||8.250|0.00||||||||||||||||||||133166.93
F00Q10002946|200206|133069.74|0|018|342|||||8.250|0.00||||||||||||||||||||133069.74
F00Q10002946|200207|132971.88|0|019|341|||||8.250|0.00||||||||||||||||||||132971.88
F00Q10002946|200208|132873.35|0|020|340|||||8.250|0.00||||||||||||||||||||132873.35
F00Q10002946|200209|132873.35|0|021|339|||||8.250|0.00||||||||||||||||||||132873.35
F00Q10002946|200210|132673.79|0|022|338|||||8.250|0.00||||||||||||||||||||132673.79
F00Q10002946|200211|132573.21|0|023|337|||||8.250|0.00||||||||||||||||||||132573.21
F00Q10002946|200212|132471.94|0|024|336|||||8.250|0.00||||||||||||||||||||132471.94
F00Q10002946|200301|132369.97|0|025|335|||||8.250|0.00||||||||||||||||||||132369.97
F00Q10002946|200302|132267.30|0|026|334|||||8.250|0.00||||||||||||||||||||132267.30
F00Q10002946|200303|132267.30|0|027|333|||||8.250|0.00||||||||||||||||||||132267.30
F00Q10002946|200304|132059.85|0|028|332|||||8.250|0.00||||||||||||||||||||132059.85
F00Q10002946|200305|131955.05|0|029|331|||||8.250|0.00||||||||||||||||||||131955.05
F00Q10002946|200306|131849.53|0|030|330|||||8.250|0.00||||||||||||||||||||131849.53
F00Q10002946|200307|131743.29|0|031|329|||||8.250|0.00||||||||||||||||||||131743.29
F00Q10002946|200308|131636.32|0|032|328|||||8.250|0.00||||||||||||||||||||131636.32
F00Q10002946|200309|131528.61|0|033|327|||||8.250|0.00||||||||||||||||||||131528.61
F00Q10002946|200310|131420.16|0|034|326|||||8.250|0.00||||||||||||||||||||131420.16
F00Q10002946|200311|131310.96|0|035|325|||||8.250|0.00||||||||||||||||||||131310.96
F00Q10002946|200312|0.00|0|036|324|||01|200312|8.250|0.00|||||||||||||||131310.96|||||0.00
F00Q10002948|200101|119000.00|0|001|359|||||8.375|0.00||||||||||||||||||||119000.00
F00Q10002948|200102|119000.00|0|002|358|||||8.375|0.00||||||||||||||||||||119000.00
F00Q10002948|200103|119000.00|0|003|357|||||8.375|0.00||||||||||||||||||||119000.00
F00Q10002948|200104|119000.00|0|004|356|||||8.375|0.00||||||||||||||||||||119000.00
F00Q10002948|200105|0.00|0|005|355|||01|200105|8.375|0.00|||||||||||||||118701.00|||||0.00
F00Q10002952|200101|168000.00|0|000|360|||||8.375|0.00||||||||||||||||||||168000.00
F00Q10002952|200102|167000.00|0|001|359|||||8.375|0.00||||||||||||||||||||167000.00
F00Q10002952|200103|167000.00|0|002|358|||||8.375|0.00||||||||||||||||||||167000.00
F00Q10002952|200104|167000.00|0|003|357|||||8.375|0.00||||||||||||||||||||167000.00
F00Q10002952|200105|167000.00|0|004|356|||||8.375|0.00||||||||||||||||||||167000.00
F00Q10002952|200106|167000.00|0|005|355|||||8.375|0.00||||||||||||||||||||167000.00
F00Q10002952|200107|167000.00|0|006|354|||||8.375|0.00||||||||||||||||||||167000.00
F00Q10002952|200108|166775.71|0|007|353|||||8.375|0.00||||||||||||||||||||166775.71
F00Q10002952|200109|166666.40|0|008|352|||||8.375|0.00||||||||||||||||||||166666.40
F00Q10002952|200110|166556.32|0|009|351|||||8.375|0.00||||||||||||||||||||166556.32
F00Q10002952|200111|166445.47|0|010|350|||||8.375|0.00||||||||||||||||||||166445.47
F00Q10002952|200112|166221.45|0|011|349|||||8.375|0.00||||||||||||||||||||166221.45
F00Q10002952|200201|166221.45|0|012|348|||||8.375|0.00||||||||||||||||||||166221.45
F00Q10002952|200202|166108.27|0|013|347|||||8.375|0.00||||||||||||||||||||166108.27
F00Q10002952|200203|165837.61|0|014|346|||||8.375|0.00||||||||||||||||||||165837.61
F00Q10002952|200204|165837.61|0|015|345|||||8.375|0.00||||||||||||||||||||165837.61
F00Q10002952|200205|0.00|0|016|344|||01|200205|8.375|0.00|||||||||||||||165837.61|||||0.00
F00Q10002953|200101|120000.00|0|001|359|||||8.375|0.00||||||||||||||||||||120000.00
F00Q10002953|200102|120000.00|0|002|358|||||8.375|0.00||||||||||||||||||||120000.00
F00Q10002953|200103|120000.00|0|003|357|||||8.375|0.00||||||||||||||||||||120000.00
F00Q10002953|200104|120000.00|0|004|356|||||8.375|0.00||||||||||||||||||||120000.00
F00Q10002953|200105|120000.00|0|005|355|||||8.375|0.00||||||||||||||||||||120000.00
F00Q10002953|200106|120000.00|0|006|354|||||8.375|0.00||||||||||||||||||||120000.00
F00Q10002953|200107|119466.82|0|007|353|||||8.375|0.00||||||||||||||||||||119466.82
F00Q10002953|200108|119388.51|0|008|352|||||8.375|0.00||||||||||||||||||||119388.51
F00Q10002953|200109|119309.65|0|009|351|||||8.375|0.00||||||||||||||||||||119309.65
F00Q10002953|200110|119230.24|0|010|350|||||8.375|0.00||||||||||||||||||||119230.24
F00Q10002953|200111|119150.28|0|011|349|||||8.375|0.00||||||||||||||||||||119150.28
F00Q10002953|200112|119069.76|0|012|348|||||8.375|0.00||||||||||||||||||||119069.76
F00Q10002953|200201|118988.68|0|013|347|||||8.375|0.00||||||||||||||||||||118988.68
F00Q10002953|200202|0.00|0|014|346|||01|200202|8.375|0.00|||||||||||||||118988.68|||||0.00
F00Q10002954|200101|155000.00|0|002|358|||||8.125|0.00||||||||||||||||||||155000.00
F00Q10002954|200102|155000.00|0|003|357|||||8.125|0.00||||||||||||||||||||155000.00
F00Q10002954|200103|155000.00|0|004|356|||||8.125|0.00||||||||||||||||||||155000.00
F00Q10002954|200104|154000.00|0|005|355|||||8.125|0.00||||||||||||||||||||154000.00
F00Q10002954|200105|154000.00|0|006|354|||||8.125|0.00||||||||||||||||||||154000.00
F00Q10002954|200106|154275.69|0|007|353|||||8.125|0.00||||||||||||||||||||154275.69
F00Q10002954|200107|154070.80|0|008|352|||||8.125|0.00||||||||||||||||||||154070.80
F00Q10002954|200108|153864.53|0|009|351|||||8.125|0.00||||||||||||||||||||153864.53
F00Q10002954|200109|153656.86|0|010|350|||||8.125|0.00||||||||||||||||||||153656.86
F00Q10002954|200110|153502.61|0|011|349|||||8.125|0.00||||||||||||||||||||153502.61
F00Q10002954|200111|153347.32|0|012|348|||||8.125|0.00||||||||||||||||||||153347.32
F00Q10002954|200112|153234.74|0|013|347|||||8.125|0.00||||||||||||||||||||153234.74
F00Q10002954|200201|153121.40|0|014|346|||||8.125|0.00||||||||||||||||||||153121.40
F00Q10002954|200202|153007.29|0|015|345|||||8.125|0.00||||||||||||||||||||153007.29
F00Q10002954|200203|152892.41|0|016|344|||||8.125|0.00||||||||||||||||||||152892.41
F00Q10002954|200204|152776.75|0|017|343|||||8.125|0.00||||||||||||||||||||152776.75
F00Q10002954|200205|152660.31|0|018|342|||||8.125|0.00||||||||||||||||||||152660.31
F00Q10002954|200206|152543.08|0|019|341|||||8.125|0.00||||||||||||||||||||152543.08
F00Q10002954|200207|152425.05|0|020|340|||||8.125|0.00||||||||||||||||||||152425.05
F00Q10002954|200208|152306.22|0|021|339|||||8.125|0.00||||||||||||||||||||152306.22
F00Q10002954|200209|152186.59|0|022|338|||||8.125|0.00||||||||||||||||||||152186.59
F00Q10002954|200210|152066.15|0|023|337|||||8.125|0.00||||||||||||||||||||152066.15
F00Q10002954|200211|151944.89|0|024|336|||||8.125|0.00||||||||||||||||||||151944.89
F00Q10002954|200212|151822.81|0|025|335|||||8.125|0.00||||||||||||||||||||151822.81
F00Q10002954|200301|151699.91|0|026|334|||||8.125|0.00||||||||||||||||||||151699.91
F00Q10002954|200302|151576.17|0|027|333|||||8.125|0.00||||||||||||||||||||151576.17
F00Q10002954|200303|0.00|0|028|332|||01|200303|8.125|0.00|||||||||||||||151576.17|||||0.00
F00Q10002984|200103|84506.72|0|012|168|||||7.500|0.00||||||||||||||||||||84506.72
F00Q10002984|200104|84214.36|0|013|167|||||7.500|0.00||||||||||||||||||||84214.36
F00Q10002984|200105|83920.70|0|014|166|||||7.500|0.00||||||||||||||||||||83920.70
F00Q10002984|200106|83625.20|0|015|165|||||7.500|0.00||||||||||||||||||||83625.20
F00Q10002984|200107|83327.86|0|016|164|||||7.500|0.00||||||||||||||||||||83327.86
F00Q10002984|200108|83028.66|0|017|163|||||7.500|0.00||||||||||||||||||||83028.66
F00Q10002984|200109|82727.59|0|018|162|||||7.500|0.00||||||||||||||||||||82727.59
F00Q10002984|200110|82424.64|0|019|161|||||7.500|0.00||||||||||||||||||||82424.64
F00Q10002984|200111|82119.79|0|020|160|||||7.500|0.00||||||||||||||||||||82119.79
F00Q10002984|200112|81813.04|0|021|159|||||7.500|0.00||||||||||||||||||||81813.04
F00Q10002984|200201|81504.37|0|022|158|||||7.500|0.00||||||||||||||||||||81504.37
F00Q10002984|200202|81193.77|0|023|157|||||7.500|0.00||||||||||||||||||||81193.77
F00Q10002984|200203|80881.23|0|024|156|||||7.500|0.00||||||||||||||||||||80881.23
F00Q10002984|200204|80566.74|0|025|155|||||7.500|0.00||||||||||||||||||||80566.74
F00Q10002984|200205|80250.28|0|026|154|||||7.500|0.00||||||||||||||||||||80250.28
F00Q10002984|200206|79931.84|0|027|153|||||7.500|0.00||||||||||||||||||||79931.84
F00Q10002984|200207|79611.41|0|028|152|||||7.500|0.00||||||||||||||||||||79611.41
F00Q10002984|200208|79288.98|0|029|151|||||7.500|0.00||||||||||||||||||||79288.98
F00Q10002984|200209|78964.54|0|030|150|||||7.500|0.00||||||||||||||||||||78964.54
F00Q10002984|200210|78638.07|0|031|149|||||7.500|0.00||||||||||||||||||||78638.07
F00Q10002984|200211|78309.56|0|032|148|||||7.500|0.00||||||||||||||||||||78309.56
F00Q10002984|200212|77978.99|0|033|147|||||7.500|0.00||||||||||||||||||||77978.99
F00Q10002984|200301|77646.36|0|034|146|||||7.500|0.00||||||||||||||||||||77646.36
F00Q10002984|200302|77311.65|0|035|145|||||7.500|0.00||||||||||||||||||||77311.65
F00Q10002984|200303|76974.85|0|036|144|||||7.500|0.00||||||||||||||||||||76974.85
F00Q10002984|200304|76635.94|0|037|143|||||7.500|0.00||||||||||||||||||||76635.94
F00Q10002984|200305|76294.91|0|038|142|||||7.500|0.00||||||||||||||||||||76294.91
F00Q10002984|200306|75951.75|0|039|141|||||7.500|0.00||||||||||||||||||||75951.75
F00Q10002984|200307|75606.45|0|040|140|||||7.500|0.00||||||||||||||||||||75606.45
F00Q10002984|200308|75258.99|0|041|139|||||7.500|0.00||||||||||||||||||||75258.99
F00Q10002984|200309|74909.36|0|042|138|||||7.500|0.00||||||||||||||||||||74909.36
F00Q10002984|200310|74557.54|0|043|137|||||7.500|0.00||||||||||||||||||||74557.54
F00Q10002984|200311|74203.52|0|044|136|||||7.500|0.00||||||||||||||||||||74203.52
F00Q10002984|200312|0.00|0|045|135|||01|200312|7.500|0.00|||||||||||||||74203.52|||||0.00
F00Q10002987|200103|78938.86|0|011|169|||||7.500|0.00||||||||||||||||||||78938.86
F00Q10002987|200104|78202.02|0|012|168|||||7.500|0.00||||||||||||||||||||78202.02
F00Q10002987|200105|77830.14|0|013|167|||||7.500|0.00||||||||||||||||||||77830.14
F00Q10002987|200106|77455.94|0|014|166|||||7.500|0.00||||||||||||||||||||77455.94
F00Q10002987|200107|77079.40|0|015|165|||||7.500|0.00||||||||||||||||||||77079.40
F00Q10002987|200108|76700.51|0|016|164|||||7.500|0.00||||||||||||||||||||76700.51
F00Q10002987|200109|76319.25|0|017|163|||||7.500|0.00||||||||||||||||||||76319.25
F00Q10002987|200110|75935.61|0|018|162|||||7.500|0.00||||||||||||||||||||75935.61
F00Q10002987|200111|75549.57|0|019|161|||||7.500|0.00||||||||||||||||||||75549.57
F00Q10002987|200112|75161.11|0|020|160|||||7.500|0.00||||||||||||||||||||75161.11
F00Q10002987|200201|74770.23|0|021|159|||||7.500|0.00||||||||||||||||||||74770.23
F00Q10002987|200202|74376.90|0|022|158|||||7.500|0.00||||||||||||||||||||74376.90
F00Q10002987|200203|73981.12|0|023|157|||||7.500|0.00||||||||||||||||||||73981.12
F00Q10002987|200204|73582.86|0|024|156|||||7.500|0.00||||||||||||||||||||73582.86
F00Q10002987|200205|73182.11|0|025|155|||||7.500|0.00||||||||||||||||||||73182.11
F00Q10002987|200206|72778.86|0|026|154|||||7.500|0.00||||||||||||||||||||72778.86
F00Q10002987|200207|72128.48|0|027|153|||||7.500|0.00||||||||||||||||||||72128.48
F00Q10002987|200208|71474.03|0|028|152|||||7.500|0.00||||||||||||||||||||71474.03
F00Q10002987|200209|70815.49|0|029|151|||||7.500|0.00||||||||||||||||||||70815.49
F00Q10002987|200210|70152.84|0|030|150|||||7.500|0.00||||||||||||||||||||70152.84
F00Q10002987|200211|69486.05|0|031|149|||||7.500|0.00||||||||||||||||||||69486.05
F00Q10002987|200212|68815.09|0|032|148|||||7.500|0.00||||||||||||||||||||68815.09
F00Q10002987|200301|67129.22|0|033|147|||||7.500|0.00||||||||||||||||||||67129.22
F00Q10002987|200302|66443.53|0|034|146|||||7.500|0.00||||||||||||||||||||66443.53
F00Q10002987|200303|65753.55|0|035|145|||||7.500|0.00||||||||||||||||||||65753.55
F00Q10002987|200304|65386.35|0|036|144|||||7.500|0.00||||||||||||||||||||65386.35
F00Q10002987|200305|65016.85|0|037|143|||||7.500|0.00||||||||||||||||||||65016.85
F00Q10002987|200306|64645.05|0|038|142|||||7.500|0.00||||||||||||||||||||64645.05
F00Q10002987|200307|64270.92|0|039|141|||||7.500|0.00||||||||||||||||||||64270.92
F00Q10002987|200308|0.00|0|040|140|||01|200308|7.500|0.00|||||||||||||||64270.92|||||0.00
F00Q10003007|200104|26231.67|0|012|168|||||8.125|0.00||||||||||||||||||||26231.67
F00Q10003007|200105|26231.67|0|013|167|||||8.125|0.00||||||||||||||||||||26231.67
F00Q10003007|200106|26062.52|0|014|166|||||8.125|0.00||||||||||||||||||||26062.52
F00Q10003007|200107|25977.08|0|015|165|||||8.125|0.00||||||||||||||||||||25977.08
F00Q10003007|200108|25891.07|0|016|164|||||8.125|0.00||||||||||||||||||||25891.07
F00Q10003007|200109|25804.47|0|017|163|||||8.125|0.00||||||||||||||||||||25804.47
F00Q10003007|200110|25717.29|0|018|162|||||8.125|0.00||||||||||||||||||||25717.29
F00Q10003007|200111|25629.52|0|019|161|||||8.125|0.00||||||||||||||||||||25629.52
F00Q10003007|200112|25541.15|0|020|160|||||8.125|0.00||||||||||||||||||||25541.15
F00Q10003007|200201|25452.18|0|021|159|||||8.125|0.00||||||||||||||||||||25452.18
F00Q10003007|200202|25362.61|0|022|158|||||8.125|0.00||||||||||||||||||||25362.61
F00Q10003007|200203|25272.44|0|023|157|||||8.125|0.00||||||||||||||||||||25272.44
F00Q10003007|200204|25181.66|0|024|156|||||8.125|0.00||||||||||||||||||||25181.66
F00Q10003007|200205|25090.26|0|025|155|||||8.125|0.00||||||||||||||||||||25090.26
F00Q10003007|200206|24998.24|0|026|154|||||8.125|0.00||||||||||||||||||||24998.24
F00Q10003007|200207|24905.60|0|027|153|||||8.125|0.00||||||||||||||||||||24905.60
F00Q10003007|200208|24812.33|0|028|152|||||8.125|0.00||||||||||||||||||||24812.33
F00Q10003007|200209|24718.43|0|029|151|||||8.125|0.00||||||||||||||||||||24718.43
F00Q10003007|200210|24623.89|0|030|150|||||8.125|0.00||||||||||||||||||||24623.89
F00Q10003007|200211|24528.71|0|031|149|||||8.125|0.00||||||||||||||||||||24528.71
F00Q10003007|200212|24432.89|0|032|148|||||8.125|0.00||||||||||||||||||||24432.89
F00Q10003007|200301|24336.42|0|033|147|||||8.125|0.00||||||||||||||||||||24336.42
F00Q10003007|200302|24239.30|0|034|146|||||8.125|0.00||||||||||||||||||||24239.30
F00Q10003007|200303|24141.52|0|035|145|||||8.125|0.00||||||||||||||||||||24141.52
F00Q10003007|200304|24043.08|0|036|144|||||8.125|0.00||||||||||||||||||||24043.08
F00Q10003007|200305|23943.97|0|037|143|||||8.125|0.00||||||||||||||||||||23943.97
F00Q10003007|200306|23844.19|0|038|142|||||8.125|0.00||||||||||||||||||||23844.19
F00Q10003007|200307|23743.74|0|039|141|||||8.125|0.00||||||||||||||||||||23743.74
F00Q10003007|200308|23642.60|0|040|140|||||8.125|0.00||||||||||||||||||||23642.60
F00Q10003007|200309|23540.78|0|041|139|||||8.125|0.00||||||||||||||||||||23540.78
F00Q10003007|200310|23438.27|0|042|138|||||8.125|0.00||||||||||||||||||||23438.27
F00Q10003007|200311|23335.07|0|043|137|||||8.125|0.00||||||||||||||||||||23335.07
F00Q10003007|200312|23231.17|0|044|136|||||8.125|0.00||||||||||||||||||||23231.17
F00Q10003007|200401|23126.56|0|045|135|||||8.125|0.00||||||||||||||||||||23126.56
F00Q10003007|200402|23021.25|0|046|134|||||8.125|0.00||||||||||||||||||||23021.25
F00Q10003007|200403|0.00|0|047|133|||01|200403|8.125|0.00|||||||||||||||23021.25|||||0.00
F00Q10003009|200104|141065.36|0|014|166|||||7.625|0.00||||||||||||||||||||141065.36
F00Q10003009|200105|141065.36|0|015|165|||||7.625|0.00||||||||||||||||||||141065.36
F00Q10003009|200106|140089.95|0|016|164|||||7.625|0.00||||||||||||||||||||140089.95
F00Q10003009|200107|139597.59|0|017|163|||||7.625|0.00||||||||||||||||||||139597.59
F00Q10003009|200108|139102.11|0|018|162|||||7.625|0.00||||||||||||||||||||139102.11
F00Q10003009|200109|138603.47|0|019|161|||||7.625|0.00||||||||||||||||||||138603.47
F00Q10003009|200110|137220.96|0|020|160|||||7.625|0.00||||||||||||||||||||137220.96
F00Q10003009|200111|137220.96|1|021|159|||||7.625|0.00||||||||||||||||||||137220.96
F00Q10003009|200112|137596.68|0|022|158|||||7.625|0.00||||||||||||||||||||137596.68
F00Q10003009|200201|137088.48|0|023|157|||||7.625|0.00||||||||||||||||||||137088.48
F00Q10003009|200202|136577.05|0|024|156|||||7.625|0.00||||||||||||||||||||136577.05
F00Q10003009|200203|136062.37|0|025|155|||||7.625|0.00||||||||||||||||||||136062.37
F00Q10003009|200204|135544.42|0|026|154|||||7.625|0.00||||||||||||||||||||135544.42
F00Q10003009|200205|135023.18|0|027|153|||||7.625|0.00||||||||||||||||||||135023.18
F00Q10003009|200206|134498.63|0|028|152|||||7.625|0.00||||||||||||||||||||134498.63
F00Q10003009|200207|133970.75|0|029|151|||||7.625|0.00||||||||||||||||||||133970.75
F00Q10003009|200208|0.00|0|030|150|||01|200208|7.625|0.00|||||||||||||||133970.75|||||0.00
F00Q10003030|200008|107000.00|0|000|360|||||8.625|0.00||||||||||||||||||||107000.00
F00Q10003030|200009|106000.00|0|001|359|||||8.625|0.00||||||||||||||||||||106000.00
F00Q10003030|200010|106000.00|0|002|358|||||8.625|0.00||||||||||||||||||||106000.00
F00Q10003030|200011|106000.00|0|003|357|||||8.625|0.00||||||||||||||||||||106000.00
F00Q10003030|200012|106000.00|0|004|356|||||8.625|0.00||||||||||||||||||||106000.00
F00Q10003030|200101|106000.00|0|005|355|||||8.625|0.00||||||||||||||||||||106000.00
F00Q10003030|200102|106000.00|0|006|354|||||8.625|0.00||||||||||||||||||||106000.00
F00Q10003030|200103|105643.03|0|007|353|||||8.625|0.00||||||||||||||||||||105643.03
F00Q10003030|200104|105502.39|0|008|352|||||8.625|0.00||||||||||||||||||||105502.39
F00Q10003030|200105|0.00|0|009|351|||01|200105|8.625|0.00|||||||||||||||105502.39|||||0.00
F00Q10003032|200007|63000.00|0|002|234|||||8.250|0.00||||||||||||||||||||63000.00
F00Q10003032|200008|63000.00|0|003|233|||||8.250|0.00||||||||||||||||||||63000.00
F00Q10003032|200009|63000.00|0|004|232|||||8.250|0.00||||||||||||||||||||63000.00
F00Q10003032|200010|62000.00|0|005|231|||||8.250|0.00||||||||||||||||||||62000.00
F00Q10003032|200011|62000.00|0|006|230|||||8.250|0.00||||||||||||||||||||62000.00
F00Q10003032|200012|62144.09|0|007|229|||||8.250|0.00||||||||||||||||||||62144.09
F00Q10003032|200101|62010.93|0|008|228|||||8.250|0.00||||||||||||||||||||62010.93
F00Q10003032|200102|61876.85|0|009|227|||||8.250|0.00||||||||||||||||||||61876.85
F00Q10003032|200103|61747.44|0|010|226|||||8.250|0.00||||||||||||||||||||61747.44
F00Q10003032|200104|0.00|0|011|225|||01|200104|8.250|0.00|||||||||||||||61747.44|||||0.00
F00Q10003033|200102|72289.66|0|011|349|||||9.375|0.00||||||||||||||||||||72289.66
F00Q10003033|200103|72289.66|0|012|348|||||9.375|0.00||||||||||||||||||||72289.66
F00Q10003033|200104|72249.32|0|013|347|||||9.375|0.00||||||||||||||||||||72249.32
F00Q10003033|200105|72208.67|0|014|346|||||9.375|0.00||||||||||||||||||||72208.67
F00Q10003033|200106|72167.70|0|015|345|||||9.375|0.00||||||||||||||||||||72167.70
F00Q10003033|200107|72126.41|0|016|344|||||9.375|0.00||||||||||||||||||||72126.41
F00Q10003033|200108|72084.80|0|017|343|||||9.375|0.00||||||||||||||||||||72084.80
F00Q10003033|200109|72042.86|0|018|342|||||9.375|0.00||||||||||||||||||||72042.86
F00Q10003033|200110|72000.59|0|019|341|||||9.375|0.00||||||||||||||||||||72000.59
F00Q10003033|200111|71957.99|0|020|340|||||9.375|0.00||||||||||||||||||||71957.99
F00Q10003033|200112|71915.06|0|021|339|||||9.375|0.00||||||||||||||||||||71915.06
F00Q10003033|200201|71871.80|0|022|338|||||9.375|0.00||||||||||||||||||||71871.80
F00Q10003033|200202|71828.20|0|023|337|||||9.375|0.00||||||||||||||||||||71828.20
F00Q10003033|200203|71784.26|0|024|336|||||9.375|0.00||||||||||||||||||||71784.26
F00Q10003033|200204|71739.97|0|025|335|||||9.375|0.00||||||||||||||||||||71739.97
F00Q10003033|200205|71695.34|0|026|334|||||9.375|0.00||||||||||||||||||||71695.34
F00Q10003033|200206|71650.36|0|027|333|||||9.375|0.00||||||||||||||||||||71650.36
F00Q10003033|200207|71605.03|0|028|332|||||9.375|0.00||||||||||||||||||||71605.03
F00Q10003033|200208|71559.34|0|029|331|||||9.375|0.00||||||||||||||||||||71559.34
F00Q10003033|200209|0.00|0|030|330|||01|200209|9.375|0.00|||||||||||||||71559.34|||||0.00
F00Q10003732|200107|212040.65|0|007|233|||||7.620|0.00||||||||||||||||||||212040.65
F00Q10003732|200108|211628.07|0|008|232|||||7.620|0.00||||||||||||||||||||211628.07
F00Q10003732|200109|211212.87|0|009|231|||||7.620|0.00||||||||||||||||||||211212.87
F00Q10003732|200110|210795.03|0|010|230|||||7.620|0.00||||||||||||||||||||210795.03
F00Q10003732|200111|210374.54|0|011|229|||||7.620|0.00||||||||||||||||||||210374.54
F00Q10003732|200112|209951.39|0|012|228|||||7.620|0.00||||||||||||||||||||209951.39
F00Q10003732|200201|0.00|0|013|227|||01|200201|7.620|0.00|||||||||||||||209951.39|||||0.00
F00Q10003740|200107|102755.47|0|016|344|||||8.125|0.00||||||||||||||||||||102755.47
F00Q10003740|200108|102679.75|0|017|343|||||8.125|0.00||||||||||||||||||||102679.75
F00Q10003740|200109|102603.52|0|018|342|||||8.125|0.00||||||||||||||||||||102603.52
F00Q10003740|200110|102526.77|0|019|341|||||8.125|0.00||||||||||||||||||||102526.77
F00Q10003740|200111|102449.50|0|020|340|||||8.125|0.00||||||||||||||||||||102449.50
F00Q10003740|200112|102371.71|0|021|339|||||8.125|0.00||||||||||||||||||||102371.71
F00Q10003740|200201|102293.39|0|022|338|||||8.125|0.00||||||||||||||||||||102293.39
F00Q10003740|200202|102214.54|0|023|337|||||8.125|0.00||||||||||||||||||||102214.54
F00Q10003740|200203|102135.16|0|024|336|||||8.125|0.00||||||||||||||||||||102135.16
F00Q10003740|200204|102055.24|0|025|335|||||8.125|0.00||||||||||||||||||||102055.24
F00Q10003740|200205|101974.78|0|026|334|||||8.125|0.00||||||||||||||||||||101974.78
F00Q10003740|200206|101893.77|0|027|333|||||8.125|0.00||||||||||||||||||||101893.77
F00Q10003740|200207|101812.22|0|028|332|||||8.125|0.00||||||||||||||||||||101812.22
F00Q10003740|200208|101730.11|0|029|331|||||8.125|0.00||||||||||||||||||||101730.11
F00Q10003740|200209|101647.45|0|030|330|||||8.125|0.00||||||||||||||||||||101647.45
F00Q10003740|200210|101564.23|0|031|329|||||8.125|0.00||||||||||||||||||||101564.23
F00Q10003740|200211|0.00|0|032|328|||01|200211|8.125|0.00|||||||||||||||101564.23|||||0.00
F00Q10003751|200102|99000.00|0|000|350|||||7.625|0.00||||||||||||||||||||99000.00
F00Q10003751|200103|99000.00|0|001|349|||||7.625|0.00||||||||||||||||||||99000.00
F00Q10003751|200104|99000.00|0|002|348|||||7.625|0.00||||||||||||||||||||99000.00
F00Q10003751|200105|99000.00|0|003|347|||||7.625|0.00||||||||||||||||||||99000.00
F00Q10003751|200106|99000.00|0|004|346|||||7.625|0.00||||||||||||||||||||99000.00
F00Q10003751|200107|99000.00|0|005|345|||||7.625|0.00||||||||||||||||||||99000.00
F00Q10003751|200108|99000.00|0|006|344|||||7.625|0.00||||||||||||||||||||99000.00
F00Q10003751|200109|98791.60|0|007|343|||||7.625|0.00||||||||||||||||||||98791.60
F00Q10003751|200110|98710.93|0|008|342|||||7.625|0.00||||||||||||||||||||98710.93
F00Q10003751|200111|98629.75|0|009|341|||||7.625|0.00||||||||||||||||||||98629.75
F00Q10003751|200112|98629.75|0|010|340|||||7.625|0.00||||||||||||||||||||98629.75
F00Q10003751|200201|98548.05|1|011|339|||||7.625|0.00||||||||||||||||||||98548.05
F00Q10003751|200202|0.00|2|012|338|||01|200202|7.625|0.00|200112||||||||||||||98548.05|||||0.00
F00Q10003778|200102|104000.00|0|000|349|||||7.375|0.00||||||||||||||||||||104000.00
F00Q10003778|200103|104000.00|0|001|348|||||7.375|0.00||||||||||||||||||||104000.00
F00Q10003778|200104|103000.00|0|002|347|||||7.375|0.00||||||||||||||||||||103000.00
F00Q10003778|200105|103000.00|0|003|346|||||7.375|0.00||||||||||||||||||||103000.00
F00Q10003778|200106|103000.00|0|004|345|||||7.375|0.00||||||||||||||||||||103000.00
F00Q10003778|200107|103000.00|0|005|344|||||7.375|0.00||||||||||||||||||||103000.00
F00Q10003778|200108|103000.00|0|006|343|||||7.375|0.00||||||||||||||||||||103000.00
F00Q10003778|200109|103013.07|0|007|342|||||7.375|0.00||||||||||||||||||||103013.07
F00Q10003778|200110|102924.26|0|008|341|||||7.375|0.00||||||||||||||||||||102924.26
F00Q10003778|200111|102834.91|0|009|340|||||7.375|0.00||||||||||||||||||||102834.91
F00Q10003778|200112|102745.01|0|010|339|||||7.375|0.00||||||||||||||||||||102745.01
F00Q10003778|200201|102654.55|0|011|338|||||7.375|0.00||||||||||||||||||||102654.55
F00Q10003778|200202|102563.54|0|012|337|||||7.375|0.00||||||||||||||||||||102563.54
F00Q10003778|200203|102471.97|0|013|336|||||7.375|0.00||||||||||||||||||||102471.97
F00Q10003778|200204|102379.84|0|014|335|||||7.375|0.00||||||||||||||||||||102379.84
F00Q10003778|200205|102287.14|0|015|334|||||7.375|0.00||||||||||||||||||||102287.14
F00Q10003778|200206|102193.87|0|016|333|||||7.375|0.00||||||||||||||||||||102193.87
F00Q10003778|200207|102100.03|0|017|332|||||7.375|0.00||||||||||||||||||||102100.03
F00Q10003778|200208|102005.61|0|018|331|||||7.375|0.00||||||||||||||||||||102005.61
F00Q10003778|200209|101910.61|0|019|330|||||7.375|0.00||||||||||||||||||||101910.61
F00Q10003778|200210|101815.03|0|020|329|||||7.375|0.00||||||||||||||||||||101815.03
F00Q10003778|200211|101718.86|0|021|328|||||7.375|0.00||||||||||||||||||||101718.86
F00Q10003778|200212|101622.10|0|022|327|||||7.375|0.00||||||||||||||||||||101622.10
F00Q10003778|200301|0.00|0|023|326|||01|200301|7.375|0.00|||||||||||||||101622.10|||||0.00
F00Q10003789|200102|151000.00|0|000|350|||||7.625|0.00||||||||||||||||||||151000.00
F00Q10003789|200103|151000.00|0|001|349|||||7.625|0.00||||||||||||||||||||151000.00
F00Q10003789|200104|150000.00|0|002|348|||||7.625|0.00||||||||||||||||||||150000.00
F00Q10003789|200105|150000.00|0|003|347|||||7.625|0.00||||||||||||||||||||150000.00
F00Q10003789|200106|150000.00|0|004|346|||||7.625|0.00||||||||||||||||||||150000.00
F00Q10003789|200107|149000.00|0|005|345|||||7.625|0.00||||||||||||||||||||149000.00
F00Q10003789|200108|149000.00|0|006|344|||||7.625|0.00||||||||||||||||||||149000.00
F00Q10003789|200109|148955.66|0|007|343|||||7.625|0.00||||||||||||||||||||148955.66
F00Q10003789|200110|148689.74|0|008|342|||||7.625|0.00||||||||||||||||||||148689.74
F00Q10003789|200111|148422.13|0|009|341|||||7.625|0.00||||||||||||||||||||148422.13
F00Q10003789|200112|148152.82|0|010|340|||||7.625|0.00||||||||||||||||||||148152.82
F00Q10003789|200201|147881.80|0|011|339|||||7.625|0.00||||||||||||||||||||147881.80
F00Q10003789|200202|147609.06|0|012|338|||||7.625|0.00||||||||||||||||||||147609.06
F00Q10003789|200203|147325.48|0|013|337|||||7.625|0.00||||||||||||||||||||147325.48
F00Q10003789|200204|147040.10|0|014|336|||||7.625|0.00||||||||||||||||||||147040.10
F00Q10003789|200205|146752.91|0|015|335|||||7.625|0.00||||||||||||||||||||146752.91
F00Q10003789|200206|146463.89|0|016|334|||||7.625|0.00||||||||||||||||||||146463.89
F00Q10003789|200207|146173.04|0|017|333|||||7.625|0.00||||||||||||||||||||146173.04
F00Q10003789|200208|145880.34|0|018|332|||||7.625|0.00||||||||||||||||||||145880.34
F00Q10003789|200209|0.00|0|019|331|||01|200209|7.625|0.00|||||||||||||||145880.34|||||0.00
F00Q10003796|200101|73703.69|0|010|350|||||8.625|0.00||||||||||||||||||||73703.69
F00Q10003796|200102|73703.69|0|011|349|||||8.625|0.00||||||||||||||||||||73703.69
F00Q10003796|200103|73655.93|0|012|348|||||8.625|0.00||||||||||||||||||||73655.93
F00Q10003796|200104|73559.37|0|013|347|||||8.625|0.00||||||||||||||||||||73559.37
F00Q10003796|200105|73510.57|0|014|346|||||8.625|0.00||||||||||||||||||||73510.57
F00Q10003796|200106|73461.42|0|015|345|||||8.625|0.00||||||||||||||||||||73461.42
F00Q10003796|200107|73411.91|0|016|344|||||8.625|0.00||||||||||||||||||||73411.91
F00Q10003796|200108|73362.05|0|017|343|||||8.625|0.00||||||||||||||||||||73362.05
F00Q10003796|200109|73362.05|0|018|342|||||8.625|0.00||||||||||||||||||||73362.05
F00Q10003796|200110|73261.25|0|019|341|||||8.625|0.00||||||||||||||||||||73261.25
F00Q10003796|200111|73210.31|0|020|340|||||8.625|0.00||||||||||||||||||||73210.31
F00Q10003796|200112|0.00|0|021|339|||01|200112|8.625|0.00|||||||||||||||73210.31|||||0.00
F00Q10003816|200103|106000.00|0|000|348|||||7.375|0.00||||||||||||||||||||106000.00
F00Q10003816|200104|105000.00|0|001|347|||||7.375|0.00||||||||||||||||||||105000.00
F00Q10003816|200105|105000.00|0|002|346|||||7.375|0.00||||||||||||||||||||105000.00
F00Q10003816|200106|105000.00|0|003|345|||||7.375|0.00||||||||||||||||||||105000.00
F00Q10003816|200107|105000.00|0|004|344|||||7.375|0.00||||||||||||||||||||105000.00
F00Q10003816|200108|105000.00|0|005|343|||||7.375|0.00||||||||||||||||||||105000.00
F00Q10003816|200109|105000.00|0|006|342|||||7.375|0.00||||||||||||||||||||105000.00
F00Q10003816|200110|104574.79|0|007|341|||||7.375|0.00||||||||||||||||||||104574.79
F00Q10003816|200111|0.00|0|008|340|||01|200111|7.375|0.00|||||||||||||||104574.79|||||0.00
F00Q10003824|200103|67000.00|0|000|349|||||7.375|0.00||||||||||||||||||||67000.00
F00Q10003824|200104|67000.00|0|001|348|||||7.375|0.00||||||||||||||||||||67000.00
F00Q10003824|200105|67000.00|0|002|347|||||7.375|0.00||||||||||||||||||||67000.00
F00Q10003824|200106|67000.00|0|003|346|||||7.375|0.00||||||||||||||||||||67000.00
F00Q10003824|200107|67000.00|0|004|345|||||7.375|0.00||||||||||||||||||||67000.00
F00Q10003824|200108|67000.00|0|005|344|||||7.375|0.00||||||||||||||||||||67000.00
F00Q10003824|200109|66000.00|0|006|343|||||7.375|0.00||||||||||||||||||||66000.00
F00Q10003824|200110|66401.12|0|007|342|||||7.375|0.00||||||||||||||||||||66401.12
F00Q10003824|200111|66343.88|0|008|341|||||7.375|0.00||||||||||||||||||||66343.88
F00Q10003824|200112|66286.29|0|009|340|||||7.375|0.00||||||||||||||||||||66286.29
F00Q10003824|200201|66228.34|0|010|339|||||7.375|0.00||||||||||||||||||||66228.34
F00Q10003824|200202|66170.04|0|011|338|||||7.375|0.00||||||||||||||||||||66170.04
F00Q10003824|200203|66111.38|0|012|337|||||7.375|0.00||||||||||||||||||||66111.38
F00Q10003824|200204|66052.36|0|013|336|||||7.375|0.00||||||||||||||||||||66052.36
F00Q10003824|200205|65992.98|0|014|335|||||7.375|0.00||||||||||||||||||||65992.98
F00Q10003824|200206|65933.23|0|015|334|||||7.375|0.00||||||||||||||||||||65933.23
F00Q10003824|200207|65873.11|0|016|333|||||7.375|0.00||||||||||||||||||||65873.11
F00Q10003824|200208|65812.63|0|017|332|||||7.375|0.00||||||||||||||||||||65812.63
F00Q10003824|200209|65751.77|0|018|331|||||7.375|0.00||||||||||||||||||||65751.77
F00Q10003824|200210|65690.54|0|019|330|||||7.375|0.00||||||||||||||||||||65690.54
F00Q10003824|200211|65628.93|0|020|329|||||7.375|0.00||||||||||||||||||||65628.93
F00Q10003824|200212|65566.94|0|021|328|||||7.375|0.00||||||||||||||||||||65566.94
F00Q10003824|200301|65504.57|0|022|327|||||7.375|0.00||||||||||||||||||||65504.57
F00Q10003824|200302|65441.82|0|023|326|||||7.375|0.00||||||||||||||||||||65441.82
F00Q10003824|200303|65378.68|0|024|325|||||7.375|0.00||||||||||||||||||||65378.68
F00Q10003824|200304|65315.16|0|025|324|||||7.375|0.00||||||||||||||||||||65315.16
F00Q10003824|200305|65251.25|0|026|323|||||7.375|0.00||||||||||||||||||||65251.25
F00Q10003824|200306|65186.94|0|027|322|||||7.375|0.00||||||||||||||||||||65186.94
F00Q10003824|200307|65122.24|0|028|321|||||7.375|0.00||||||||||||||||||||65122.24
F00Q10003824|200308|0.00|0|029|320|||01|200308|7.375|0.00|||||||||||||||65122.24|||||0.00
F00Q10003836|200108|132400.55|0|017|343|||||7.875|0.00||||||||||||||||||||132400.55
F00Q10003836|200109|132269.43|0|018|342|||||7.875|0.00||||||||||||||||||||132269.43
F00Q10003836|200110|132137.45|0|019|341|||||7.875|0.00||||||||||||||||||||132137.45
F00Q10003836|200111|132004.60|0|020|340|||||7.875|0.00||||||||||||||||||||132004.60
F00Q10003836|200112|131870.88|0|021|339|||||7.875|0.00||||||||||||||||||||131870.88
F00Q10003836|200201|131736.28|0|022|338|||||7.875|0.00||||||||||||||||||||131736.28
F00Q10003836|200202|131600.80|0|023|337|||||7.875|0.00||||||||||||||||||||131600.80
F00Q10003836|200203|131464.43|0|024|336|||||7.875|0.00||||||||||||||||||||131464.43
F00Q10003836|200204|131327.17|0|025|335|||||7.875|0.00||||||||||||||||||||131327.17
F00Q10003836|200205|131189.00|0|026|334|||||7.875|0.00||||||||||||||||||||131189.00
F00Q10003836|200206|131049.93|0|027|333|||||7.875|0.00||||||||||||||||||||131049.93
F00Q10003836|200207|130909.95|0|028|332|||||7.875|0.00||||||||||||||||||||130909.95
F00Q10003836|200208|130769.05|0|029|331|||||7.875|0.00||||||||||||||||||||130769.05
F00Q10003836|200209|130627.22|0|030|330|||||7.875|0.00||||||||||||||||||||130627.22
F00Q10003836|200210|130484.46|0|031|329|||||7.875|0.00||||||||||||||||||||130484.46
F00Q10003836|200211|130340.76|0|032|328|||||7.875|0.00||||||||||||||||||||130340.76
F00Q10003836|200212|130196.12|0|033|327|||||7.875|0.00||||||||||||||||||||130196.12
F00Q10003836|200301|130050.53|0|034|326|||||7.875|0.00||||||||||||||||||||130050.53
F00Q10003836|200302|129903.99|0|035|325|||||7.875|0.00||||||||||||||||||||129903.99
F00Q10003836|200303|129756.48|0|036|324|||||7.875|0.00||||||||||||||||||||129756.48
F00Q10003836|200304|129608.01|0|037|323|||||7.875|0.00||||||||||||||||||||129608.01
F00Q10003836|200305|129458.56|0|038|322|||||7.875|0.00||||||||||||||||||||129458.56
F00Q10003836|200306|129308.13|0|039|321|||||7.875|0.00||||||||||||||||||||129308.13
F00Q10003836|200307|129156.71|0|040|320|||||7.875|0.00||||||||||||||||||||129156.71
F00Q10003836|200308|0.00|0|041|319|||01|200308|7.875|0.00|||||||||||||||129156.71|||||0.00
F00Q10003842|200108|157000.00|0|000|180|||||6.875|0.00||||||||||||||||||||157000.00
F00Q10003842|200109|156000.00|0|001|179|||||6.875|0.00||||||||||||||||||||156000.00
F00Q10003842|200110|156000.00|0|002|178|||||6.875|0.00||||||||||||||||||||156000.00
F00Q10003842|200111|155000.00|0|003|177|||||6.875|0.00||||||||||||||||||||155000.00
F00Q10003842|200112|155000.00|0|004|176|||||6.875|0.00||||||||||||||||||||155000.00
F00Q10003842|200201|154000.00|0|005|175|||||6.875|0.00||||||||||||||||||||154000.00
F00Q10003842|200202|154000.00|0|006|174|||||6.875|0.00||||||||||||||||||||154000.00
F00Q10003842|200203|153043.17|0|007|173|||||6.875|0.00||||||||||||||||||||153043.17
F00Q10003842|200204|152523.34|0|008|172|||||6.875|0.00||||||||||||||||||||152523.34
F00Q10003842|200205|152000.53|0|009|171|||||6.875|0.00||||||||||||||||||||152000.53
F00Q10003842|200206|151474.73|0|010|170|||||6.875|0.00||||||||||||||||||||151474.73
F00Q10003842|200207|150945.91|0|011|169|||||6.875|0.00||||||||||||||||||||150945.91
F00Q10003842|200208|150414.06|0|012|168|||||6.875|0.00||||||||||||||||||||150414.06
F00Q10003842|200209|149879.17|0|013|167|||||6.875|0.00||||||||||||||||||||149879.17
F00Q10003842|200210|149341.21|0|014|166|||||6.875|0.00||||||||||||||||||||149341.21
F00Q10003842|200211|0.00|0|015|165|||01|200211|6.875|0.00|||||||||||||||149341.21|||||0.00
F00Q10003853|200109|26560.17|0|017|163|||||8.500|0.00||||||||||||||||||||26560.17
F00Q10003853|200110|26472.48|0|018|162|||||8.500|0.00||||||||||||||||||||26472.48
F00Q10003853|200111|26384.17|0|019|161|||||8.500|0.00||||||||||||||||||||26384.17
F00Q10003853|200112|26295.24|0|020|160|||||8.500|0.00||||||||||||||||||||26295.24
F00Q10003853|200201|26205.68|0|021|159|||||8.500|0.00||||||||||||||||||||26205.68
F00Q10003853|200202|26115.48|0|022|158|||||8.500|0.00||||||||||||||||||||26115.48
F00Q10003853|200203|26024.64|0|023|157|||||8.500|0.00||||||||||||||||||||26024.64
F00Q10003853|200204|25933.16|0|024|156|||||8.500|0.00||||||||||||||||||||25933.16
F00Q10003853|200205|25841.03|0|025|155|||||8.500|0.00||||||||||||||||||||25841.03
F00Q10003853|200206|25748.25|0|026|154|||||8.500|0.00||||||||||||||||||||25748.25
F00Q10003853|200207|25654.81|0|027|153|||||8.500|0.00||||||||||||||||||||25654.81
F00Q10003853|200208|25551.72|0|028|152|||||8.500|0.00||||||||||||||||||||25551.72
F00Q10003853|200209|25456.89|0|029|151|||||8.500|0.00||||||||||||||||||||25456.89
F00Q10003853|200210|25361.39|0|030|150|||||8.500|0.00||||||||||||||||||||25361.39
F00Q10003853|200211|25265.21|0|031|149|||||8.500|0.00||||||||||||||||||||25265.21
F00Q10003853|200212|25168.35|0|032|148|||||8.500|0.00||||||||||||||||||||25168.35
F00Q10003853|200301|25070.81|0|033|147|||||8.500|0.00||||||||||||||||||||25070.81
F00Q10003853|200302|24958.69|0|034|146|||||8.500|0.00||||||||||||||||||||24958.69
F00Q10003853|200303|24859.66|0|035|145|||||8.500|0.00||||||||||||||||||||24859.66
F00Q10003853|200304|24759.93|0|036|144|||||8.500|0.00||||||||||||||||||||24759.93
F00Q10003853|200305|24659.49|0|037|143|||||8.500|0.00||||||||||||||||||||24659.49
F00Q10003853|200306|24558.34|0|038|142|||||8.500|0.00||||||||||||||||||||24558.34
F00Q10003853|200307|24558.34|0|039|141|||||8.500|0.00||||||||||||||||||||24558.34
F00Q10003853|200308|24353.88|0|040|140|||||8.500|0.00||||||||||||||||||||24353.88
F00Q10003853|200309|24250.57|0|041|139|||||8.500|0.00||||||||||||||||||||24250.57
F00Q10003853|200310|24146.52|0|042|138|||||8.500|0.00||||||||||||||||||||24146.52
F00Q10003853|200311|24041.74|0|043|137|||||8.500|0.00||||||||||||||||||||24041.74
F00Q10003853|200312|23936.22|0|044|136|||||8.500|0.00||||||||||||||||||||23936.22
F00Q10003853|200401|23829.95|0|045|135|||||8.500|0.00||||||||||||||||||||23829.95
F00Q10003853|200402|23722.93|0|046|134|||||8.500|0.00||||||||||||||||||||23722.93
F00Q10003853|200403|23614.82|0|047|133|||||8.500|0.00||||||||||||||||||||23614.82
F00Q10003853|200404|23506.27|0|048|132|||||8.500|0.00||||||||||||||||||||23506.27
F00Q10003853|200405|23396.95|0|049|131|||||8.500|0.00||||||||||||||||||||23396.95
F00Q10003853|200406|23286.86|0|050|130|||||8.500|0.00||||||||||||||||||||23286.86
F00Q10003853|200407|23175.99|0|051|129|||||8.500|0.00||||||||||||||||||||23175.99
F00Q10003853|200408|23064.33|0|052|128|||||8.500|0.00||||||||||||||||||||23064.33
F00Q10003853|200409|22951.88|0|053|127|||||8.500|0.00||||||||||||||||||||22951.88
F00Q10003853|200410|22838.64|0|054|126|||||8.500|0.00||||||||||||||||||||22838.64
F00Q10003853|200411|22724.59|0|055|125|||||8.500|0.00||||||||||||||||||||22724.59
F00Q10003853|200412|22609.74|0|056|124|||||8.500|0.00||||||||||||||||||||22609.74
F00Q10003853|200501|22493.22|0|057|123|||||8.500|0.00||||||||||||||||||||22493.22
F00Q10003853|200502|22376.73|0|058|122|||||8.500|0.00||||||||||||||||||||22376.73
F00Q10003853|200503|22259.41|0|059|121|||||8.500|0.00||||||||||||||||||||22259.41
F00Q10003853|200504|22141.26|0|060|120|||||8.500|0.00||||||||||||||||||||22141.26
F00Q10003853|200505|22021.40|0|061|119|||||8.500|0.00||||||||||||||||||||22021.40
F00Q10003853|200506|21900.69|0|062|118|||||8.500|0.00||||||||||||||||||||21900.69
F00Q10003853|200507|21779.13|0|063|117|||||8.500|0.00||||||||||||||||||||21779.13
F00Q10003853|200508|21656.71|0|064|116|||||8.500|0.00||||||||||||||||||||21656.71
F00Q10003853|200509|21533.42|0|065|115|||||8.500|0.00||||||||||||||||||||21533.42
F00Q10003853|200510|21409.26|0|066|114|||||8.500|0.00||||||||||||||||||||21409.26
F00Q10003853|200511|21284.22|0|067|113|||||8.500|0.00||||||||||||||||||||21284.22
F00Q10003853|200512|21159.16|0|068|112|||||8.500|0.00||||||||||||||||||||21159.16
F00Q10003853|200601|21159.16|0|069|111|||||8.500|0.00||||||||||||||||||||21159.16
F00Q10003853|200602|20904.65|0|070|110|||||8.500|0.00||||||||||||||||||||20904.65
F00Q10003853|200603|20776.03|0|071|109|||||8.500|0.00||||||||||||||||||||20776.03
F00Q10003853|200604|20646.50|0|072|108|||||8.500|0.00||||||||||||||||||||20646.50
F00Q10003853|200605|20646.50|0|073|107|||||8.500|0.00||||||||||||||||||||20646.50
F00Q10003853|200606|20386.44|0|074|106|||||8.500|0.00||||||||||||||||||||20386.44
F00Q10003853|200607|20386.44|0|075|105|||||8.500|0.00||||||||||||||||||||20386.44
F00Q10003853|200608|20122.67|0|076|104|||||8.500|0.00||||||||||||||||||||20122.67
F00Q10003853|200609|20122.67|0|077|103|||||8.500|0.00||||||||||||||||||||20122.67
F00Q10003853|200610|19989.39|0|078|102|||||8.500|0.00||||||||||||||||||||19989.39
F00Q10003853|200611|19719.98|0|079|101|||||8.500|0.00||||||||||||||||||||19719.98
F00Q10003853|200612|19583.84|0|080|100|||||8.500|0.00||||||||||||||||||||19583.84
F00Q10003853|200701|19583.84|0|081|099|||||8.500|0.00||||||||||||||||||||19583.84
F00Q10003853|200702|19308.67|0|082|098|||||8.500|0.00||||||||||||||||||||19308.67
F00Q10003853|200703|19169.62|0|083|097|||||8.500|0.00||||||||||||||||||||19169.62
F00Q10003853|200704|19169.62|0|084|096|||||8.500|0.00||||||||||||||||||||19169.62
F00Q10003853|200705|18888.55|0|085|095|||||8.500|0.00||||||||||||||||||||18888.55
F00Q10003853|200706|18746.52|0|086|094|||||8.500|0.00||||||||||||||||||||18746.52
F00Q10003853|200707|18746.52|0|087|093|||||8.500|0.00||||||||||||||||||||18746.52
F00Q10003853|200708|18459.44|0|088|092|||||8.500|0.00||||||||||||||||||||18459.44
F00Q10003853|200709|18459.44|0|089|091|||||8.500|0.00||||||||||||||||||||18459.44
F00Q10003853|200710|18314.37|0|090|090|||||8.500|0.00||||||||||||||||||||18314.37
F00Q10003853|200711|18168.28|0|091|089|||||8.500|0.00||||||||||||||||||||18168.28
F00Q10003853|200712|17872.98|0|092|088|||||8.500|0.00||||||||||||||||||||17872.98
F00Q10003853|200801|17872.98|0|093|087|||||8.500|0.00||||||||||||||||||||17872.98
F00Q10003853|200802|17573.48|0|094|086|||||8.500|0.00||||||||||||||||||||17573.48
F00Q10003853|200803|17573.48|0|095|085|||||8.500|0.00||||||||||||||||||||17573.48
F00Q10003853|200804|17269.73|0|096|084|||||8.500|0.00||||||||||||||||||||17269.73
F00Q10003853|200805|17116.24|0|097|083|||||8.500|0.00||||||||||||||||||||17116.24
F00Q10003853|200806|16961.66|0|098|082|||||8.500|0.00||||||||||||||||||||16961.66
F00Q10003853|200807|16805.99|0|099|081|||||8.500|0.00||||||||||||||||||||16805.99
F00Q10003853|200808|16649.21|0|100|080|||||8.500|0.00||||||||||||||||||||16649.21
F00Q10003853|200809|16491.32|0|101|079|||||8.500|0.00||||||||||||||||||||16491.32
F00Q10003853|200810|16332.31|0|102|078|||||8.500|0.00||||||||||||||||||||16332.31
F00Q10003853|200811|16332.31|0|103|077|||||8.500|0.00||||||||||||||||||||16332.31
F00Q10003853|200812|16010.91|0|104|076|||||8.500|0.00||||||||||||||||||||16010.91
F00Q10003853|200901|16010.91|0|105|075|||||8.500|0.00||||||||||||||||||||16010.91
F00Q10003853|200902|15848.50|0|106|074|||||8.500|0.00||||||||||||||||||||15848.50
F00Q10003853|200903|15684.94|0|107|073|||||8.500|0.00||||||||||||||||||||15684.94
F00Q10003853|200904|15354.33|0|108|072|||||8.500|0.00||||||||||||||||||||15354.33
F00Q10003853|200905|15187.25|0|109|071|||||8.500|0.00||||||||||||||||||||15187.25
F00Q10003853|200906|15019.01|0|110|070|||||8.500|0.00||||||||||||||||||||15019.01
F00Q10003853|200907|14849.57|0|111|069|||||8.500|0.00||||||||||||||||||||14849.57
F00Q10003853|200908|14678.93|0|112|068|||||8.500|0.00||||||||||||||||||||14678.93
F00Q10003853|200909|14507.09|0|113|067|||||8.500|0.00||||||||||||||||||||14507.09
F00Q10003853|200910|14507.09|0|114|066|||||8.500|0.00||||||||||||||||||||14507.09
F00Q10003853|200911|14334.03|0|115|065|||||8.500|0.00||||||||||||||||||||14334.03
F00Q10003853|200912|13984.22|0|116|064|||||8.500|0.00||||||||||||||||||||13984.22
F00Q10003853|201001|13984.22|0|117|063|||||8.500|0.00||||||||||||||||||||13984.22
F00Q10003853|201002|13807.45|0|118|062|||||8.500|0.00||||||||||||||||||||13807.45
F00Q10003853|201003|13450.15|0|119|061|||||8.500|0.00||||||||||||||||||||13450.15
F00Q10003853|201004|13269.60|0|120|060|||||8.500|0.00||||||||||||||||||||13269.60
F00Q10003853|201005|13087.27|0|121|059|||||8.500|0.00||||||||||||||||||||13087.27
F00Q10003853|201006|12904.15|0|122|058|||||8.500|0.00||||||||||||||||||||12904.15
F00Q10003853|201007|12719.73|0|123|057|||||8.500|0.00||||||||||||||||||||12719.73
F00Q10003853|201008|12719.73|0|124|056|||||8.500|0.00||||||||||||||||||||12719.73
F00Q10003853|201009|12346.97|0|125|055|||||8.500|0.00||||||||||||||||||||12346.97
F00Q10003853|201010|12158.61|0|126|054|||||8.500|0.00||||||||||||||||||||12158.61
F00Q10003853|201011|11968.91|0|127|053|||||8.500|0.00||||||||||||||||||||11968.91
F00Q10003853|201012|11777.87|0|128|052|||||8.500|0.00||||||||||||||||||||11777.87
F00Q10003853|201101|11777.87|0|129|051|||||8.500|0.00||||||||||||||||||||11777.87
F00Q10003853|201102|11585.48|0|130|050|||||8.500|0.00||||||||||||||||||||11585.48
F00Q10003853|201103|11196.59|0|131|049|||||8.500|0.00||||||||||||||||||||11196.59
F00Q10003853|201104|11000.08|0|132|048|||||8.500|0.00||||||||||||||||||||11000.08
F00Q10003853|201105|11000.08|0|133|047|||||8.500|0.00||||||||||||||||||||11000.08
F00Q10003853|201106|10602.88|0|134|046|||||8.500|0.00||||||||||||||||||||10602.88
F00Q10003853|201107|10402.16|0|135|045|||||8.500|0.00||||||||||||||||||||10402.16
F00Q10003853|201108|0.00|0|136|044|||01|201108|8.500|0.00|||||||||||||||10402.16|||||0.00
F00Q10003868|200107|136000.00|0|005|355|||||8.375|0.00||||||||||||||||||||136000.00
F00Q10003868|200108|135000.00|0|006|354|||||8.375|0.00||||||||||||||||||||135000.00
F00Q10003868|200109|135395.73|0|007|353|||||8.375|0.00||||||||||||||||||||135395.73
F00Q10003868|200110|135306.98|0|008|352|||||8.375|0.00||||||||||||||||||||135306.98
F00Q10003868|200111|135217.61|0|009|351|||||8.375|0.00||||||||||||||||||||135217.61
F00Q10003868|200112|135127.62|0|010|350|||||8.375|0.00||||||||||||||||||||135127.62
F00Q10003868|200201|135037.00|0|011|349|||||8.375|0.00||||||||||||||||||||135037.00
F00Q10003868|200202|0.00|0|012|348|||01|200202|8.375|0.00|||||||||||||||135037.00|||||0.00
F00Q10003880|200110|128000.00|0|000|342|||||7.125|0.00||||||||||||||||||||128000.00
F00Q10003880|200111|128000.00|0|001|341|||||7.125|0.00||||||||||||||||||||128000.00
F00Q10003880|200112|128000.00|0|002|340|||||7.125|0.00||||||||||||||||||||128000.00
F00Q10003880|200201|128000.00|0|003|339|||||7.125|0.00||||||||||||||||||||128000.00
F00Q10003880|200202|128000.00|0|004|338|||||7.125|0.00||||||||||||||||||||128000.00
F00Q10003880|200203|128000.00|0|005|337|||||7.125|0.00||||||||||||||||||||128000.00
F00Q10003880|200204|128000.00|0|006|336|||||7.125|0.00||||||||||||||||||||128000.00
F00Q10003880|200205|127778.46|0|007|335|||||7.125|0.00||||||||||||||||||||127778.46
F00Q10003880|200206|127657.37|0|008|334|||||7.125|0.00||||||||||||||||||||127657.37
F00Q10003880|200207|127535.57|0|009|333|||||7.125|0.00||||||||||||||||||||127535.57
F00Q10003880|200208|127413.04|0|010|332|||||7.125|0.00||||||||||||||||||||127413.04
F00Q10003880|200209|127289.78|0|011|331|||||7.125|0.00||||||||||||||||||||127289.78
F00Q10003880|200210|127165.79|0|012|330|||||7.125|0.00||||||||||||||||||||127165.79
F00Q10003880|200211|127041.07|0|013|329|||||7.125|0.00||||||||||||||||||||127041.07
F00Q10003880|200212|126915.61|0|014|328|||||7.125|0.00||||||||||||||||||||126915.61
F00Q10003880|200301|126789.40|0|015|327|||||7.125|0.00||||||||||||||||||||126789.40
F00Q10003880|200302|126662.44|0|016|326|||||7.125|0.00||||||||||||||||||||126662.44
F00Q10003880|200303|126534.73|0|017|325|||||7.125|0.00||||||||||||||||||||126534.73
F00Q10003880|200304|126406.26|0|018|324|||||7.125|0.00||||||||||||||||||||126406.26
F00Q10003880|200305|126277.03|0|019|323|||||7.125|0.00||||||||||||||||||||126277.03
F00Q10003880|200306|126147.03|0|020|322|||||7.125|0.00||||||||||||||||||||126147.03
F00Q10003880|200307|126016.26|0|021|321|||||7.125|0.00||||||||||||||||||||126016.26
F00Q10003880|200308|125884.71|0|022|320|||||7.125|0.00||||||||||||||||||||125884.71
F00Q10003880|200309|125752.38|0|023|319|||||7.125|0.00||||||||||||||||||||125752.38
F00Q10003880|200310|125619.26|0|024|318|||||7.125|0.00||||||||||||||||||||125619.26
F00Q10003880|200311|125485.35|0|025|317|||||7.125|0.00||||||||||||||||||||125485.35
F00Q10003880|200312|125350.65|0|026|316|||||7.125|0.00||||||||||||||||||||125350.65
F00Q10003880|200401|125215.15|0|027|315|||||7.125|0.00||||||||||||||||||||125215.15
F00Q10003880|200402|125078.84|0|028|314|||||7.125|0.00||||||||||||||||||||125078.84
F00Q10003880|200403|124941.73|0|029|313|||||7.125|0.00||||||||||||||||||||124941.73
F00Q10003880|200404|124803.80|0|030|312|||||7.125|0.00||||||||||||||||||||124803.80
F00Q10003880|200405|124665.05|0|031|311|||||7.125|0.00||||||||||||||||||||124665.05
F00Q10003880|200406|124525.48|0|032|310|||||7.125|0.00||||||||||||||||||||124525.48
F00Q10003880|200407|124385.08|0|033|309|||||7.125|0.00||||||||||||||||||||124385.08
F00Q10003880|200408|124243.85|0|034|308|||||7.125|0.00||||||||||||||||||||124243.85
F00Q10003880|200409|124101.78|0|035|307|||||7.125|0.00||||||||||||||||||||124101.78
F00Q10003880|200410|123958.86|0|036|306|||||7.125|0.00||||||||||||||||||||123958.86
F00Q10003880|200411|123815.10|0|037|305|||||7.125|0.00||||||||||||||||||||123815.10
F00Q10003880|200412|123670.48|0|038|304|||||7.125|0.00||||||||||||||||||||123670.48
F00Q10003880|200501|123525.00|0|039|303|||||7.125|0.00||||||||||||||||||||123525.00
F00Q10003880|200502|123378.66|0|040|302|||||7.125|0.00||||||||||||||||||||123378.66
F00Q10003880|200503|123231.45|0|041|301|||||7.125|0.00||||||||||||||||||||123231.45
F00Q10003880|200504|123083.37|0|042|300|||||7.125|0.00||||||||||||||||||||123083.37
F00Q10003880|200505|122934.41|0|043|299|||||7.125|0.00||||||||||||||||||||122934.41
F00Q10003880|200506|122784.56|0|044|298|||||7.125|0.00||||||||||||||||||||122784.56
F00Q10003880|200507|122633.82|0|045|297|||||7.125|0.00||||||||||||||||||||122633.82
F00Q10003880|200508|122482.19|0|046|296|||||7.125|0.00||||||||||||||||||||122482.19
F00Q10003880|200509|122329.66|0|047|295|||||7.125|0.00||||||||||||||||||||122329.66
F00Q10003880|200510|122176.22|0|048|294|||||7.125|0.00||||||||||||||||||||122176.22
F00Q10003880|200511|122021.87|0|049|293|||||7.125|0.00||||||||||||||||||||122021.87
F00Q10003880|200512|121866.60|0|050|292|||||7.125|0.00||||||||||||||||||||121866.60
F00Q10003880|200601|121710.41|0|051|291|||||7.125|0.00||||||||||||||||||||121710.41
F00Q10003880|200602|121553.30|0|052|290|||||7.125|0.00||||||||||||||||||||121553.30
F00Q10003880|200603|121395.25|0|053|289|||||7.125|0.00||||||||||||||||||||121395.25
F00Q10003880|200604|121236.26|0|054|288|||||7.125|0.00||||||||||||||||||||121236.26
F00Q10003880|200605|121076.33|0|055|287|||||7.125|0.00||||||||||||||||||||121076.33
F00Q10003880|200606|120915.45|0|056|286|||||7.125|0.00||||||||||||||||||||120915.45
F00Q10003880|200607|120753.62|0|057|285|||||7.125|0.00||||||||||||||||||||120753.62
F00Q10003880|200608|120590.82|0|058|284|||||7.125|0.00||||||||||||||||||||120590.82
F00Q10003880|200609|120427.06|0|059|283|||||7.125|0.00||||||||||||||||||||120427.06
F00Q10003880|200610|120262.33|0|060|282|||||7.125|0.00||||||||||||||||||||120262.33
F00Q10003880|200611|120096.62|0|061|281|||||7.125|0.00||||||||||||||||||||120096.62
F00Q10003880|200612|119929.92|0|062|280|||||7.125|0.00||||||||||||||||||||119929.92
F00Q10003880|200701|119762.23|0|063|279|||||7.125|0.00||||||||||||||||||||119762.23
F00Q10003880|200702|119593.55|0|064|278|||||7.125|0.00||||||||||||||||||||119593.55
F00Q10003880|200703|119423.87|0|065|277|||||7.125|0.00||||||||||||||||||||119423.87
F00Q10003880|200704|119253.18|0|066|276|||||7.125|0.00||||||||||||||||||||119253.18
F00Q10003880|200705|119081.48|0|067|275|||||7.125|0.00||||||||||||||||||||119081.48
F00Q10003880|200706|118908.76|0|068|274|||||7.125|0.00||||||||||||||||||||118908.76
F00Q10003880|200707|118735.01|0|069|273|||||7.125|0.00||||||||||||||||||||118735.01
F00Q10003880|200708|118560.23|0|070|272|||||7.125|0.00||||||||||||||||||||118560.23
F00Q10003880|200709|118384.41|0|071|271|||||7.125|0.00||||||||||||||||||||118384.41
F00Q10003880|200710|118207.55|0|072|270|||||7.125|0.00||||||||||||||||||||118207.55
F00Q10003880|200711|118029.64|0|073|269|||||7.125|0.00||||||||||||||||||||118029.64
F00Q10003880|200712|117850.67|0|074|268|||||7.125|0.00||||||||||||||||||||117850.67
F00Q10003880|200801|117670.64|0|075|267|||||7.125|0.00||||||||||||||||||||117670.64
F00Q10003880|200802|117489.54|0|076|266|||||7.125|0.00||||||||||||||||||||117489.54
F00Q10003880|200803|117307.36|0|077|265|||||7.125|0.00||||||||||||||||||||117307.36
F00Q10003880|200804|117124.10|0|078|264|||||7.125|0.00||||||||||||||||||||117124.10
F00Q10003880|200805|116939.75|0|079|263|||||7.125|0.00||||||||||||||||||||116939.75
F00Q10003880|200806|116754.31|0|080|262|||||7.125|0.00||||||||||||||||||||116754.31
F00Q10003880|200807|116567.77|0|081|261|||||7.125|0.00||||||||||||||||||||116567.77
F00Q10003880|200808|116380.12|0|082|260|||||7.125|0.00||||||||||||||||||||116380.12
F00Q10003880|200809|116191.36|0|083|259|||||7.125|0.00||||||||||||||||||||116191.36
F00Q10003880|200810|116001.48|0|084|258|||||7.125|0.00||||||||||||||||||||116001.48
F00Q10003880|200811|115810.47|0|085|257|||||7.125|0.00||||||||||||||||||||115810.47
F00Q10003880|200812|115618.32|0|086|256|||||7.125|0.00||||||||||||||||||||115618.32
F00Q10003880|200901|115425.03|0|087|255|||||7.125|0.00||||||||||||||||||||115425.03
F00Q10003880|200902|115230.60|0|088|254|||||7.125|0.00||||||||||||||||||||115230.60
F00Q10003880|200903|115035.01|0|089|253|||||7.125|0.00||||||||||||||||||||115035.01
F00Q10003880|200904|114838.26|0|090|252|||||7.125|0.00||||||||||||||||||||114838.26
F00Q10003880|200905|114640.34|0|091|251|||||7.125|0.00||||||||||||||||||||114640.34
F00Q10003880|200906|114441.25|0|092|250|||||7.125|0.00||||||||||||||||||||114441.25
F00Q10003880|200907|114240.97|0|093|249|||||7.125|0.00||||||||||||||||||||114240.97
F00Q10003880|200908|114039.51|0|094|248|||||7.125|0.00||||||||||||||||||||114039.51
F00Q10003880|200909|113836.85|0|095|247|||||7.125|0.00||||||||||||||||||||113836.85
F00Q10003880|200910|113632.99|0|096|246|||||7.125|0.00||||||||||||||||||||113632.99
F00Q10003880|200911|113427.92|0|097|245|||||7.125|0.00||||||||||||||||||||113427.92
F00Q10003880|200912|113221.63|0|098|244|||||7.125|0.00||||||||||||||||||||113221.63
F00Q10003880|201001|113014.11|0|099|243|||||7.125|0.00||||||||||||||||||||113014.11
F00Q10003880|201002|112805.36|0|100|242|||||7.125|0.00||||||||||||||||||||112805.36
F00Q10003880|201003|112595.37|0|101|241|||||7.125|0.00||||||||||||||||||||112595.37
F00Q10003880|201004|112384.14|0|102|240|||||7.125|0.00||||||||||||||||||||112384.14
F00Q10003880|201005|112171.65|0|103|239|||||7.125|0.00||||||||||||||||||||112171.65
F00Q10003880|201006|111957.90|0|104|238|||||7.125|0.00||||||||||||||||||||111957.90
F00Q10003880|201007|111742.88|0|105|237|||||7.125|0.00||||||||||||||||||||111742.88
F00Q10003880|201008|111526.58|0|106|236|||||7.125|0.00||||||||||||||||||||111526.58
F00Q10003880|201009|111309.00|0|107|235|||||7.125|0.00||||||||||||||||||||111309.00
F00Q10003880|201010|111090.13|0|108|234|||||7.125|0.00||||||||||||||||||||111090.13
F00Q10003880|201011|110869.96|0|109|233|||||7.125|0.00||||||||||||||||||||110869.96
F00Q10003880|201012|110648.48|0|110|232|||||7.125|0.00||||||||||||||||||||110648.48
F00Q10003880|201101|110425.69|0|111|231|||||7.125|0.00||||||||||||||||||||110425.69
F00Q10003880|201102|110201.57|0|112|230|||||7.125|0.00||||||||||||||||||||110201.57
F00Q10003880|201103|109976.12|0|113|229|||||7.125|0.00||||||||||||||||||||109976.12
F00Q10003880|201104|109749.33|0|114|228|||||7.125|0.00||||||||||||||||||||109749.33
F00Q10003880|201105|109521.20|0|115|227|||||7.125|0.00||||||||||||||||||||109521.20
F00Q10003880|201106|109291.71|0|116|226|||||7.125|0.00||||||||||||||||||||109291.71
F00Q10003880|201107|109060.86|0|117|225|||||7.125|0.00||||||||||||||||||||109060.86
F00Q10003880|201108|108828.64|0|118|224|||||7.125|0.00||||||||||||||||||||108828.64
F00Q10003880|201109|108595.04|0|119|223|||||7.125|0.00||||||||||||||||||||108595.04
F00Q10003880|201110|108360.05|0|120|222|||||7.125|0.00||||||||||||||||||||108360.05
F00Q10003880|201111|108123.67|0|121|221|||||7.125|0.00||||||||||||||||||||108123.67
F00Q10003880|201112|0.00|0|122|220|||01|201112|7.125|0.00|||||||||||||||108123.67|||||0.00
F00Q10003884|200003|70000.00|0|000|180|||||8.000|0.00||||||||||||||||||||70000.00
F00Q10003884|200004|69000.00|0|001|179|||||8.000|0.00||||||||||||||||||||69000.00
F00Q10003884|200005|69000.00|0|002|178|||||8.000|0.00||||||||||||||||||||69000.00
F00Q10003884|200006|69000.00|0|003|177|||||8.000|0.00||||||||||||||||||||69000.00
F00Q10003884|200007|69000.00|0|004|176|||||8.000|0.00||||||||||||||||||||69000.00
F00Q10003884|200008|68000.00|0|005|175|||||8.000|0.00||||||||||||||||||||68000.00
F00Q10003884|200009|68000.00|0|006|174|||||8.000|0.00||||||||||||||||||||68000.00
F00Q10003884|200010|68066.08|0|007|173|||||8.000|0.00||||||||||||||||||||68066.08
F00Q10003884|200011|67855.67|0|008|172|||||8.000|0.00||||||||||||||||||||67855.67
F00Q10003884|200012|67643.86|0|009|171|||||8.000|0.00||||||||||||||||||||67643.86
F00Q10003884|200101|67430.64|0|010|170|||||8.000|0.00||||||||||||||||||||67430.64
F00Q10003884|200102|67216.00|0|011|169|||||8.000|0.00||||||||||||||||||||67216.00
F00Q10003884|200103|67216.00|0|012|168|||||8.000|0.00||||||||||||||||||||67216.00
F00Q10003884|200104|66782.42|0|013|167|||||8.000|0.00||||||||||||||||||||66782.42
F00Q10003884|200105|66563.46|0|014|166|||||8.000|0.00||||||||||||||||||||66563.46
F00Q10003884|200106|66343.04|0|015|165|||||8.000|0.00||||||||||||||||||||66343.04
F00Q10003884|200107|0.00|0|016|164|||01|200107|8.000|0.00|||||||||||||||66343.04|||||0.00
F00Q10003901|200002|59000.00|0|000|360|||||7.875|0.00||||||||||||||||||||59000.00
F00Q10003901|200003|59000.00|0|001|359|||||7.875|0.00||||||||||||||||||||59000.00
F00Q10003901|200004|59000.00|1|002|358|||||7.875|0.00||||||||||||||||||||59000.00
F00Q10003901|200005|59000.00|0|003|357|||||7.875|0.00||||||||||||||||||||59000.00
F00Q10003901|200006|59000.00|0|004|356|||||7.875|0.00||||||||||||||||||||59000.00
F00Q10003901|200007|59000.00|0|005|355|||||7.875|0.00||||||||||||||||||||59000.00
F00Q10003901|200008|59000.00|0|006|354|||||7.875|0.00||||||||||||||||||||59000.00
F00Q10003901|200009|58652.75|0|007|353|||||7.875|0.00||||||||||||||||||||58652.75
F00Q10003901|200010|58610.59|0|008|352|||||7.875|0.00||||||||||||||||||||58610.59
F00Q10003901|200011|58568.15|0|009|351|||||7.875|0.00||||||||||||||||||||58568.15
F00Q10003901|200012|58482.43|0|010|350|||||7.875|0.00||||||||||||||||||||58482.43
F00Q10003901|200101|58439.15|1|011|349|||||7.875|0.00||||||||||||||||||||58439.15
F00Q10003901|200102|58482.43|0|012|348|||||7.875|0.00||||||||||||||||||||58482.43
F00Q10003901|200103|58395.59|0|013|347|||||7.875|0.00||||||||||||||||||||58395.59
F00Q10003901|200104|58351.74|1|014|346|||||7.875|0.00||||||||||||||||||||58351.74
F00Q10003901|200105|58351.74|1|015|345|||||7.875|0.00||||||||||||||||||||58351.74
F00Q10003901|200106|0.00|2|016|344|||01|200106|7.875|0.00|200104||||||||||||||58351.74|||||0.00
F00Q10003910|200005|145000.00|0|001|359|||||8.500|0.00||||||||||||||||||||145000.00
F00Q10003910|200006|145000.00|0|002|358|||||8.500|0.00||||||||||||||||||||145000.00
F00Q10003910|200007|145000.00|0|003|357|||||8.500|0.00||||||||||||||||||||145000.00
F00Q10003910|200008|145000.00|0|004|356|||||8.500|0.00||||||||||||||||||||145000.00
F00Q10003910|200009|145000.00|0|005|355|||||8.500|0.00||||||||||||||||||||145000.00
F00Q10003910|200010|144000.00|0|006|354|||||8.500|0.00||||||||||||||||||||144000.00
F00Q10003910|200011|144371.95|0|007|353|||||8.500|0.00||||||||||||||||||||144371.95
F00Q10003910|200012|144279.66|0|008|352|||||8.500|0.00||||||||||||||||||||144279.66
F00Q10003910|200101|144186.72|0|009|351|||||8.500|0.00||||||||||||||||||||144186.72
F00Q10003910|200102|144093.12|0|010|350|||||8.500|0.00||||||||||||||||||||144093.12
F00Q10003910|200103|143998.86|0|011|349|||||8.500|0.00||||||||||||||||||||143998.86
F00Q10003910|200104|143903.93|0|012|348|||||8.500|0.00||||||||||||||||||||143903.93
F00Q10003910|200105|143808.33|0|013|347|||||8.500|0.00||||||||||||||||||||143808.33
F00Q10003910|200106|0.00|0|014|346|||01|200106|8.500|0.00|||||||||||||||143808.33|||||0.00
F00Q10003913|200005|136000.00|0|001|359|||||8.750|0.00||||||||||||||||||||136000.00
F00Q10003913|200006|136000.00|0|002|358|||||8.750|0.00||||||||||||||||||||136000.00
F00Q10003913|200007|136000.00|0|003|357|||||8.750|0.00||||||||||||||||||||136000.00
F00Q10003913|200008|136000.00|0|004|356|||||8.750|0.00||||||||||||||||||||136000.00
F00Q10003913|200009|136000.00|0|005|355|||||8.750|0.00||||||||||||||||||||136000.00
F00Q10003913|200010|136000.00|0|006|354|||||8.750|0.00||||||||||||||||||||136000.00
F00Q10003913|200011|135440.21|0|007|353|||||8.750|0.00||||||||||||||||||||135440.21
F00Q10003913|200012|135357.88|0|008|352|||||8.750|0.00||||||||||||||||||||135357.88
F00Q10003913|200101|135274.95|0|009|351|||||8.750|0.00||||||||||||||||||||135274.95
F00Q10003913|200102|0.00|0|010|350|||01|200102|8.750|0.00|||||||||||||||135274.95|||||0.00
F00Q10003925|200005|110000.00|0|001|359|||||8.375|0.00||||||||||||||||||||110000.00
F00Q10003925|200006|110000.00|0|002|358|||||8.375|0.00||||||||||||||||||||110000.00
F00Q10003925|200007|110000.00|0|003|357|||||8.375|0.00||||||||||||||||||||110000.00
F00Q10003925|200008|110000.00|0|004|356|||||8.375|0.00||||||||||||||||||||110000.00
F00Q10003925|200009|110000.00|1|005|355|||||8.375|0.00||||||||||||||||||||110000.00
F00Q10003925|200010|110000.00|0|006|354|||||8.375|0.00||||||||||||||||||||110000.00
F00Q10003925|200011|109511.23|0|007|353|||||8.375|0.00||||||||||||||||||||109511.23
F00Q10003925|200012|109439.45|0|008|352|||||8.375|0.00||||||||||||||||||||109439.45
F00Q10003925|200101|109367.17|0|009|351|||||8.375|0.00||||||||||||||||||||109367.17
F00Q10003925|200102|109294.38|0|010|350|||||8.375|0.00||||||||||||||||||||109294.38
F00Q10003925|200103|109221.08|0|011|349|||||8.375|0.00||||||||||||||||||||109221.08
F00Q10003925|200104|109147.27|0|012|348|||||8.375|0.00||||||||||||||||||||109147.27
F00Q10003925|200105|109072.95|0|013|347|||||8.375|0.00||||||||||||||||||||109072.95
F00Q10003925|200106|108998.11|0|014|346|||||8.375|0.00||||||||||||||||||||108998.11
F00Q10003925|200107|108922.75|0|015|345|||||8.375|0.00||||||||||||||||||||108922.75
F00Q10003925|200108|108922.75|1|016|344|||||8.375|0.00||||||||||||||||||||108922.75
F00Q10003925|200109|108922.75|1|017|343|||||8.375|0.00||||||||||||||||||||108922.75
F00Q10003925|200110|108846.86|2|018|342|||||8.375|0.00||||||||||||||||||||108846.86
F00Q10003925|200111|108770.44|1|019|341|||||8.375|0.00||||||||||||||||||||108770.44
F00Q10003925|200112|108361.03|0|020|340|||||8.375|0.00||||||||||||||||||||108361.03
F00Q10003925|200201|105361.03|0|021|339|||||8.375|0.00||||||||||||||||||||105361.03
F00Q10003925|200202|103658.20|0|022|338|||||8.375|0.00||||||||||||||||||||103658.20
F00Q10003925|200203|103658.20|1|023|337|||||8.375|0.00||||||||||||||||||||103658.20
F00Q10003925|200204|103658.20|0|024|336|||||8.375|0.00||||||||||||||||||||103658.20
F00Q10003925|200205|104953.80|0|025|335|||||8.375|0.00||||||||||||||||||||104953.80
F00Q10003925|200206|104850.21|0|026|334|||||8.375|0.00||||||||||||||||||||104850.21
F00Q10003925|200207|104745.90|0|027|333|||||8.375|0.00||||||||||||||||||||104745.90
F00Q10003925|200208|104640.86|0|028|332|||||8.375|0.00||||||||||||||||||||104640.86
F00Q10003925|200209|104535.09|0|029|331|||||8.375|0.00||||||||||||||||||||104535.09
F00Q10003925|200210|104428.58|0|030|330|||||8.375|0.00||||||||||||||||||||104428.58
F00Q10003925|200211|104428.58|1|031|329|||||8.375|0.00||||||||||||||||||||104428.58
F00Q10003925|200212|104428.58|2|032|328|||||8.375|0.00||||||||||||||||||||104428.58
F00Q10003925|200301|104428.58|3|033|327|||||8.375|0.00||||||||||||||||||||104428.58
F00Q10003925|200302|104428.58|4|034|326|||||8.375|0.00||||||||||||||||||||104428.58
F00Q10003925|200303|104428.58|5|035|325|||||8.375|0.00||||||||||||||||||||104428.58
F00Q10003925|200304|104428.58|6|036|324|||||8.375|0.00||||||||||||||||||||104428.58
F00Q10003925|200305|104428.58|7|037|323|||||8.375|0.00||||||||||||||||||||104428.58
F00Q10003925|200306|104428.58|0|038|322|||||8.375|0.00||||||||||||||||||||104428.58
F00Q10003925|200307|103393.79|0|039|321|||||8.375|0.00||||||||||||||||||||103393.79
F00Q10003925|200308|103279.31|0|040|320|||||8.375|0.00||||||||||||||||||||103279.31
F00Q10003925|200309|103164.03|0|041|319|||||8.375|0.00||||||||||||||||||||103164.03
F00Q10003925|200310|103047.95|0|042|318|||||8.375|0.00||||||||||||||||||||103047.95
F00Q10003925|200311|102931.06|0|043|317|||||8.375|0.00||||||||||||||||||||102931.06
F00Q10003925|200312|102813.35|0|044|316|||||8.375|0.00||||||||||||||||||||102813.35
F00Q10003925|200401|102694.82|0|045|315|||||8.375|0.00||||||||||||||||||||102694.82
F00Q10003925|200402|102575.46|0|046|314|||||8.375|0.00||||||||||||||||||||102575.46
F00Q10003925|200403|102455.27|0|047|313|||||8.375|0.00||||||||||||||||||||102455.27
F00Q10003925|200404|102334.24|0|048|312|||||8.375|0.00||||||||||||||||||||102334.24
F00Q10003925|200405|102212.37|0|049|311|||||8.375|0.00||||||||||||||||||||102212.37
F00Q10003925|200406|102089.65|0|050|310|||||8.375|0.00||||||||||||||||||||102089.65
F00Q10003925|200407|101966.07|0|051|309|||||8.375|0.00||||||||||||||||||||101966.07
F00Q10003925|200408|101841.63|0|052|308|||||8.375|0.00||||||||||||||||||||101841.63
F00Q10003925|200409|101716.32|0|053|307|||||8.375|0.00||||||||||||||||||||101716.32
F00Q10003925|200410|101590.14|0|054|306|||||8.375|0.00||||||||||||||||||||101590.14
F00Q10003925|200411|101463.07|0|055|305|||||8.375|0.00||||||||||||||||||||101463.07
F00Q10003925|200412|101335.12|0|056|304|||||8.375|0.00||||||||||||||||||||101335.12
F00Q10003925|200501|101206.27|0|057|303|||||8.375|0.00||||||||||||||||||||101206.27
F00Q10003925|200502|101075.53|0|058|302|||||8.375|0.00||||||||||||||||||||101075.53
F00Q10003925|200503|100944.87|0|059|301|||||8.375|0.00||||||||||||||||||||100944.87
F00Q10003925|200504|100813.30|0|060|300|||||8.375|0.00||||||||||||||||||||100813.30
F00Q10003925|200505|100680.81|0|061|299|||||8.375|0.00||||||||||||||||||||100680.81
F00Q10003925|200506|100547.40|0|062|298|||||8.375|0.00||||||||||||||||||||100547.40
F00Q10003925|200507|100413.06|0|063|297|||||8.375|0.00||||||||||||||||||||100413.06
F00Q10003925|200508|100277.78|0|064|296|||||8.375|0.00||||||||||||||||||||100277.78
F00Q10003925|200509|100141.56|0|065|295|||||8.375|0.00||||||||||||||||||||100141.56
F00Q10003925|200510|100004.38|0|066|294|||||8.375|0.00||||||||||||||||||||100004.38
F00Q10003925|200511|99866.25|0|067|293|||||8.375|0.00||||||||||||||||||||99866.25
F00Q10003925|200512|0.00|0|068|292|||01|200512|8.375|0.00|||||||||||||||99866.25|||||0.00
F00Q10003948|200002|110000.00|0|000|360|||||8.750|0.00||||||||||||||||||||110000.00
F00Q10003948|200003|110000.00|0|001|359|||||8.750|0.00||||||||||||||||||||110000.00
F00Q10003948|200004|110000.00|0|002|358|||||8.750|0.00||||||||||||||||||||110000.00
F00Q10003948|200005|110000.00|0|003|357|||||8.750|0.00||||||||||||||||||||110000.00
F00Q10003948|200006|110000.00|0|004|356|||||8.750|0.00||||||||||||||||||||110000.00
F00Q10003948|200007|110000.00|0|005|355|||||8.750|0.00||||||||||||||||||||110000.00
F00Q10003948|200008|110000.00|0|006|354|||||8.750|0.00||||||||||||||||||||110000.00
F00Q10003948|200009|109547.18|0|007|353|||||8.750|0.00||||||||||||||||||||109547.18
F00Q10003948|200010|109480.59|0|008|352|||||8.750|0.00||||||||||||||||||||109480.59
F00Q10003948|200011|109413.52|0|009|351|||||8.750|0.00||||||||||||||||||||109413.52
F00Q10003948|200012|109345.96|0|010|350|||||8.750|0.00||||||||||||||||||||109345.96
F00Q10003948|200101|109277.90|0|011|349|||||8.750|0.00||||||||||||||||||||109277.90
F00Q10003948|200102|109209.35|0|012|348|||||8.750|0.00||||||||||||||||||||109209.35
F00Q10003948|200103|0.00|0|013|347|||01|200103|8.750|0.00|||||||||||||||109209.35|||||0.00
F00Q10003969|200002|180000.00|0|000|360|||||7.875|0.00||||||||||||||||||||180000.00
F00Q10003969|200003|180000.00|0|001|359|||||7.875|0.00||||||||||||||||||||180000.00
F00Q10003969|200004|180000.00|0|002|358|||||7.875|0.00||||||||||||||||||||180000.00
F00Q10003969|200005|180000.00|0|003|357|||||7.875|0.00||||||||||||||||||||180000.00
F00Q10003969|200006|179000.00|0|004|356|||||7.875|0.00||||||||||||||||||||179000.00
F00Q10003969|200007|179000.00|0|005|355|||||7.875|0.00||||||||||||||||||||179000.00
F00Q10003969|200008|179000.00|0|006|354|||||7.875|0.00||||||||||||||||||||179000.00
F00Q10003969|200009|179115.66|0|007|353|||||7.875|0.00||||||||||||||||||||179115.66
F00Q10003969|200010|178985.99|0|008|352|||||7.875|0.00||||||||||||||||||||178985.99
F00Q10003969|200011|178855.47|0|009|351|||||7.875|0.00||||||||||||||||||||178855.47
F00Q10003969|200012|178724.09|0|010|350|||||7.875|0.00||||||||||||||||||||178724.09
F00Q10003969|200101|178591.85|0|011|349|||||7.875|0.00||||||||||||||||||||178591.85
F00Q10003969|200102|178458.74|0|012|348|||||7.875|0.00||||||||||||||||||||178458.74
F00Q10003969|200103|178324.76|0|013|347|||||7.875|0.00||||||||||||||||||||178324.76
F00Q10003969|200104|178150.90|0|014|346|||||7.875|0.00||||||||||||||||||||178150.90
F00Q10003969|200105|178014.90|0|015|345|||||7.875|0.00||||||||||||||||||||178014.90
F00Q10003969|200106|177878.00|0|016|344|||||7.875|0.00||||||||||||||||||||177878.00
F00Q10003969|200107|177740.20|0|017|343|||||7.875|0.00||||||||||||||||||||177740.20
F00Q10003969|200108|177601.50|0|018|342|||||7.875|0.00||||||||||||||||||||177601.50
F00Q10003969|200109|177461.89|0|019|341|||||7.875|0.00||||||||||||||||||||177461.89
F00Q10003969|200110|177321.36|0|020|340|||||7.875|0.00||||||||||||||||||||177321.36
F00Q10003969|200111|177179.91|0|021|339|||||7.875|0.00||||||||||||||||||||177179.91
F00Q10003969|200112|177037.53|0|022|338|||||7.875|0.00||||||||||||||||||||177037.53
F00Q10003969|200201|0.00|0|023|337|||01|200201|7.875|0.00|||||||||||||||177037.53|||||0.00
F00Q10003981|200002|71000.00|0|000|360|||||7.875|0.00||||||||||||||||||||71000.00
F00Q10003981|200003|71000.00|0|001|359|||||7.875|0.00||||||||||||||||||||71000.00
F00Q10003981|200004|71000.00|0|002|358|||||7.875|0.00||||||||||||||||||||71000.00
F00Q10003981|200005|71000.00|0|003|357|||||7.875|0.00||||||||||||||||||||71000.00
F00Q10003981|200006|71000.00|0|004|356|||||7.875|0.00||||||||||||||||||||71000.00
F00Q10003981|200007|71000.00|0|005|355|||||7.875|0.00||||||||||||||||||||71000.00
F00Q10003981|200008|71000.00|0|006|354|||||7.875|0.00||||||||||||||||||||71000.00
F00Q10003981|200009|70631.77|0|007|353|||||7.875|0.00||||||||||||||||||||70631.77
F00Q10003981|200010|70522.46|0|008|352|||||7.875|0.00||||||||||||||||||||70522.46
F00Q10003981|200011|70462.43|0|009|351|||||7.875|0.00||||||||||||||||||||70462.43
F00Q10003981|200012|70402.01|0|010|350|||||7.875|0.00||||||||||||||||||||70402.01
F00Q10003981|200101|70341.19|0|011|349|||||7.875|0.00||||||||||||||||||||70341.19
F00Q10003981|200102|70279.97|0|012|348|||||7.875|0.00||||||||||||||||||||70279.97
F00Q10003981|200103|70225.26|0|013|347|||||7.875|0.00||||||||||||||||||||70225.26
F00Q10003981|200104|70170.19|0|014|346|||||7.875|0.00||||||||||||||||||||70170.19
F00Q10003981|200105|70114.76|0|015|345|||||7.875|0.00||||||||||||||||||||70114.76
F00Q10003981|200106|70058.97|0|016|344|||||7.875|0.00||||||||||||||||||||70058.97
F00Q10003981|200107|70002.81|0|017|343|||||7.875|0.00||||||||||||||||||||70002.81
F00Q10003981|200108|69946.28|0|018|342|||||7.875|0.00||||||||||||||||||||69946.28
F00Q10003981|200109|69889.38|0|019|341|||||7.875|0.00||||||||||||||||||||69889.38
F00Q10003981|200110|69832.11|0|020|340|||||7.875|0.00||||||||||||||||||||69832.11
F00Q10003981|200111|69774.46|0|021|339|||||7.875|0.00||||||||||||||||||||69774.46
F00Q10003981|200112|69716.43|0|022|338|||||7.875|0.00||||||||||||||||||||69716.43
F00Q10003981|200201|69658.02|0|023|337|||||7.875|0.00||||||||||||||||||||69658.02
F00Q10003981|200202|69599.23|0|024|336|||||7.875|0.00||||||||||||||||||||69599.23
F00Q10003981|200203|69540.05|0|025|335|||||7.875|0.00||||||||||||||||||||69540.05
F00Q10003981|200204|69480.49|0|026|334|||||7.875|0.00||||||||||||||||||||69480.49
F00Q10003981|200205|69420.54|0|027|333|||||7.875|0.00||||||||||||||||||||69420.54
F00Q10003981|200206|69360.19|0|028|332|||||7.875|0.00||||||||||||||||||||69360.19
F00Q10003981|200207|69299.45|0|029|331|||||7.875|0.00||||||||||||||||||||69299.45
F00Q10003981|200208|69238.31|0|030|330|||||7.875|0.00||||||||||||||||||||69238.31
F00Q10003981|200209|69176.77|0|031|329|||||7.875|0.00||||||||||||||||||||69176.77
F00Q10003981|200210|69114.82|0|032|328|||||7.875|0.00||||||||||||||||||||69114.82
F00Q10003981|200211|69052.47|0|033|327|||||7.875|0.00||||||||||||||||||||69052.47
F00Q10003981|200212|68989.71|0|034|326|||||7.875|0.00||||||||||||||||||||68989.71
F00Q10003981|200301|68926.53|0|035|325|||||7.875|0.00||||||||||||||||||||68926.53
F00Q10003981|200302|68862.94|0|036|324|||||7.875|0.00||||||||||||||||||||68862.94
F00Q10003981|200303|68798.93|0|037|323|||||7.875|0.00||||||||||||||||||||68798.93
F00Q10003981|200304|68734.50|0|038|322|||||7.875|0.00||||||||||||||||||||68734.50
F00Q10003981|200305|68669.65|0|039|321|||||7.875|0.00||||||||||||||||||||68669.65
F00Q10003981|200306|68604.37|0|040|320|||||7.875|0.00||||||||||||||||||||68604.37
F00Q10003981|200307|68538.67|0|041|319|||||7.875|0.00||||||||||||||||||||68538.67
F00Q10003981|200308|68472.54|0|042|318|||||7.875|0.00||||||||||||||||||||68472.54
F00Q10003981|200309|68405.97|0|043|317|||||7.875|0.00||||||||||||||||||||68405.97
F00Q10003981|200310|68338.96|0|044|316|||||7.875|0.00||||||||||||||||||||68338.96
F00Q10003981|200311|68271.51|0|045|315|||||7.875|0.00||||||||||||||||||||68271.51
F00Q10003981|200312|0.00|0|046|314|||01|200312|7.875|0.00|||||||||||||||68271.51|||||0.00
F00Q10003985|200002|157000.00|0|000|360|||||8.125|0.00||||||||||||||||||||157000.00
F00Q10003985|200003|157000.00|0|001|359|||||8.125|0.00||||||||||||||||||||157000.00
F00Q10003985|200004|157000.00|0|002|358|||||8.125|0.00||||||||||||||||||||157000.00
F00Q10003985|200005|156000.00|0|003|357|||||8.125|0.00||||||||||||||||||||156000.00
F00Q10003985|200006|156000.00|0|004|356|||||8.125|0.00||||||||||||||||||||156000.00
F00Q10003985|200007|156000.00|0|005|355|||||8.125|0.00||||||||||||||||||||156000.00
F00Q10003985|200008|156000.00|0|006|354|||||8.125|0.00||||||||||||||||||||156000.00
F00Q10003985|200009|156007.55|0|007|353|||||8.125|0.00||||||||||||||||||||156007.55
F00Q10003985|200010|155900.06|0|008|352|||||8.125|0.00||||||||||||||||||||155900.06
F00Q10003985|200011|155791.84|0|009|351|||||8.125|0.00||||||||||||||||||||155791.84
F00Q10003985|200012|155682.89|0|010|350|||||8.125|0.00||||||||||||||||||||155682.89
F00Q10003985|200101|155573.20|0|011|349|||||8.125|0.00||||||||||||||||||||155573.20
F00Q10003985|200102|155462.77|0|012|348|||||8.125|0.00||||||||||||||||||||155462.77
F00Q10003985|200103|155351.59|0|013|347|||||8.125|0.00||||||||||||||||||||155351.59
F00Q10003985|200104|155239.66|0|014|346|||||8.125|0.00||||||||||||||||||||155239.66
F00Q10003985|200105|155126.97|0|015|345|||||8.125|0.00||||||||||||||||||||155126.97
F00Q10003985|200106|155013.52|0|016|344|||||8.125|0.00||||||||||||||||||||155013.52
F00Q10003985|200107|154899.30|0|017|343|||||8.125|0.00||||||||||||||||||||154899.30
F00Q10003985|200108|154784.31|0|018|342|||||8.125|0.00||||||||||||||||||||154784.31
F00Q10003985|200109|154668.54|0|019|341|||||8.125|0.00||||||||||||||||||||154668.54
F00Q10003985|200110|154551.98|0|020|340|||||8.125|0.00||||||||||||||||||||154551.98
F00Q10003985|200111|154434.64|0|021|339|||||8.125|0.00||||||||||||||||||||154434.64
F00Q10003985|200112|0.00|0|022|338|||01|200112|8.125|0.00|||||||||||||||154434.64|||||0.00
F00Q10003986|200003|128000.00|0|000|360|||||8.125|0.00||||||||||||||||||||128000.00
F00Q10003986|200004|128000.00|0|001|359|||||8.125|0.00||||||||||||||||||||128000.00
F00Q10003986|200005|128000.00|0|002|358|||||8.125|0.00||||||||||||||||||||128000.00
F00Q10003986|200006|128000.00|0|003|357|||||8.125|0.00||||||||||||||||||||128000.00
F00Q10003986|200007|128000.00|0|004|356|||||8.125|0.00||||||||||||||||||||128000.00
F00Q10003986|200008|128000.00|0|005|355|||||8.125|0.00||||||||||||||||||||128000.00
F00Q10003986|200009|128000.00|0|006|354|||||8.125|0.00||||||||||||||||||||128000.00
F00Q10003986|200010|127787.87|0|007|353|||||8.125|0.00||||||||||||||||||||127787.87
F00Q10003986|200011|127612.50|0|008|352|||||8.125|0.00||||||||||||||||||||127612.50
F00Q10003986|200012|127523.92|0|009|351|||||8.125|0.00||||||||||||||||||||127523.92
F00Q10003986|200101|127434.74|0|010|350|||||8.125|0.00||||||||||||||||||||127434.74
F00Q10003986|200102|127344.96|0|011|349|||||8.125|0.00||||||||||||||||||||127344.96
F00Q10003986|200103|127254.57|0|012|348|||||8.125|0.00||||||||||||||||||||127254.57
F00Q10003986|200104|127163.57|0|013|347|||||8.125|0.00||||||||||||||||||||127163.57
F00Q10003986|200105|127071.95|0|014|346|||||8.125|0.00||||||||||||||||||||127071.95
F00Q10003986|200106|127071.95|0|015|345|||||8.125|0.00||||||||||||||||||||127071.95
F00Q10003986|200107|0.00|0|016|344|||01|200107|8.125|0.00|||||||||||||||127071.95|||||0.00
F00Q10003989|200002|58000.00|0|000|360|||||8.125|0.00||||||||||||||||||||58000.00
F00Q10003989|200003|58000.00|0|001|359|||||8.125|0.00||||||||||||||||||||58000.00
F00Q10003989|200004|58000.00|0|002|358|||||8.125|0.00||||||||||||||||||||58000.00
F00Q10003989|200005|58000.00|0|003|357|||||8.125|0.00||||||||||||||||||||58000.00
F00Q10003989|200006|58000.00|0|004|356|||||8.125|0.00||||||||||||||||||||58000.00
F00Q10003989|200007|58000.00|0|005|355|||||8.125|0.00||||||||||||||||||||58000.00
F00Q10003989|200008|58000.00|0|006|354|||||8.125|0.00||||||||||||||||||||58000.00
F00Q10003989|200009|57628.95|0|007|353|||||8.125|0.00||||||||||||||||||||57628.95
F00Q10003989|200010|57588.50|0|008|352|||||8.125|0.00||||||||||||||||||||57588.50
F00Q10003989|200011|57547.77|0|009|351|||||8.125|0.00||||||||||||||||||||57547.77
F00Q10003989|200012|57506.77|0|010|350|||||8.125|0.00||||||||||||||||||||57506.77
F00Q10003989|200101|57465.49|0|011|349|||||8.125|0.00||||||||||||||||||||57465.49
F00Q10003989|200102|57423.93|0|012|348|||||8.125|0.00||||||||||||||||||||57423.93
F00Q10003989|200103|57370.72|0|013|347|||||8.125|0.00||||||||||||||||||||57370.72
F00Q10003989|200104|57328.52|0|014|346|||||8.125|0.00||||||||||||||||||||57328.52
F00Q10003989|200105|57286.03|0|015|345|||||8.125|0.00||||||||||||||||||||57286.03
F00Q10003989|200106|57243.25|0|016|344|||||8.125|0.00||||||||||||||||||||57243.25
F00Q10003989|200107|57200.18|0|017|343|||||8.125|0.00||||||||||||||||||||57200.18
F00Q10003989|200108|57156.82|0|018|342|||||8.125|0.00||||||||||||||||||||57156.82
F00Q10003989|200109|57113.17|0|019|341|||||8.125|0.00||||||||||||||||||||57113.17
F00Q10003989|200110|57069.22|0|020|340|||||8.125|0.00||||||||||||||||||||57069.22
F00Q10003989|200111|57024.98|0|021|339|||||8.125|0.00||||||||||||||||||||57024.98
F00Q10003989|200112|56980.44|0|022|338|||||8.125|0.00||||||||||||||||||||56980.44
F00Q10003989|200201|0.00|0|023|337|||01|200201|8.125|0.00|||||||||||||||56980.44|||||0.00
F00Q10003995|200004|20000.00|0|000|360|||||7.500|0.00||||||||||||||||||||20000.00
F00Q10003995|200005|20000.00|0|001|359|||||7.500|0.00||||||||||||||||||||20000.00
F00Q10003995|200006|20000.00|0|002|358|||||7.500|0.00||||||||||||||||||||20000.00
F00Q10003995|200007|20000.00|0|003|357|||||7.500|0.00||||||||||||||||||||20000.00
F00Q10003995|200008|20000.00|0|004|356|||||7.500|0.00||||||||||||||||||||20000.00
F00Q10003995|200009|20000.00|0|005|355|||||7.500|0.00||||||||||||||||||||20000.00
F00Q10003995|200010|20000.00|0|006|354|||||7.500|0.00||||||||||||||||||||20000.00
F00Q10003995|200011|19836.23|0|007|353|||||7.500|0.00||||||||||||||||||||19836.23
F00Q10003995|200012|19793.45|0|008|352|||||7.500|0.00||||||||||||||||||||19793.45
F00Q10003995|200101|19750.40|0|009|351|||||7.500|0.00||||||||||||||||||||19750.40
F00Q10003995|200102|19732.08|0|010|350|||||7.500|0.00||||||||||||||||||||19732.08
F00Q10003995|200103|19715.57|0|011|349|||||7.500|0.00||||||||||||||||||||19715.57
F00Q10003995|200104|19697.03|0|012|348|||||7.500|0.00||||||||||||||||||||19697.03
F00Q10003995|200105|19673.30|0|013|347|||||7.500|0.00||||||||||||||||||||19673.30
F00Q10003995|200106|19590.33|0|014|346|||||7.500|0.00||||||||||||||||||||19590.33
F00Q10003995|200107|19590.33|0|015|345|||||7.500|0.00||||||||||||||||||||19590.33
F00Q10003995|200108|19572.93|0|016|344|||||7.500|0.00||||||||||||||||||||19572.93
F00Q10003995|200109|19523.42|0|017|343|||||7.500|0.00||||||||||||||||||||19523.42
F00Q10003995|200110|19473.60|0|018|342|||||7.500|0.00||||||||||||||||||||19473.60
F00Q10003995|200111|19423.47|0|019|341|||||7.500|0.00||||||||||||||||||||19423.47
F00Q10003995|200112|19398.03|0|020|340|||||7.500|0.00||||||||||||||||||||19398.03
F00Q10003995|200201|19372.43|0|021|339|||||7.500|0.00||||||||||||||||||||19372.43
F00Q10003995|200202|19346.67|0|022|338|||||7.500|0.00||||||||||||||||||||19346.67
F00Q10003995|200203|19320.75|0|023|337|||||7.500|0.00||||||||||||||||||||19320.75
F00Q10003995|200204|19294.66|0|024|336|||||7.500|0.00||||||||||||||||||||19294.66
F00Q10003995|200205|19275.41|0|025|335|||||7.500|0.00||||||||||||||||||||19275.41
F00Q10003995|200206|19256.04|0|026|334|||||7.500|0.00||||||||||||||||||||19256.04
F00Q10003995|200207|19236.55|0|027|333|||||7.500|0.00||||||||||||||||||||19236.55
F00Q10003995|200208|19216.94|0|028|332|||||7.500|0.00||||||||||||||||||||19216.94
F00Q10003995|200209|19197.21|0|029|331|||||7.500|0.00||||||||||||||||||||19197.21
F00Q10003995|200210|19177.35|0|030|330|||||7.500|0.00||||||||||||||||||||19177.35
F00Q10003995|200211|19157.37|0|031|329|||||7.500|0.00||||||||||||||||||||19157.37
F00Q10003995|200212|19137.26|0|032|328|||||7.500|0.00||||||||||||||||||||19137.26
F00Q10003995|200301|19117.03|0|033|327|||||7.500|0.00||||||||||||||||||||19117.03
F00Q10003995|200302|19096.67|0|034|326|||||7.500|0.00||||||||||||||||||||19096.67
F00Q10003995|200303|19076.18|0|035|325|||||7.500|0.00||||||||||||||||||||19076.18
F00Q10003995|200304|19076.18|0|036|324|||||7.500|0.00||||||||||||||||||||19076.18
F00Q10003995|200305|18809.57|0|037|323|||||7.500|0.00||||||||||||||||||||18809.57
F00Q10003995|200306|18809.57|0|038|322|||||7.500|0.00||||||||||||||||||||18809.57
F00Q10003995|200307|18764.87|0|039|321|||||7.500|0.00||||||||||||||||||||18764.87
F00Q10003995|200308|18764.87|0|040|320|||||7.500|0.00||||||||||||||||||||18764.87
F00Q10003995|200309|18719.61|0|041|319|||||7.500|0.00||||||||||||||||||||18719.61
F00Q10003995|200310|18696.77|0|042|318|||||7.500|0.00||||||||||||||||||||18696.77
F00Q10003995|200311|18696.77|0|043|317|||||7.500|0.00||||||||||||||||||||18696.77
F00Q10003995|200312|18650.65|0|044|316|||||7.500|0.00||||||||||||||||||||18650.65
F00Q10003995|200401|18627.38|0|045|315|||||7.500|0.00||||||||||||||||||||18627.38
F00Q10003995|200402|18603.96|0|046|314|||||7.500|0.00||||||||||||||||||||18603.96
F00Q10003995|200403|18580.39|0|047|313|||||7.500|0.00||||||||||||||||||||18580.39
F00Q10003995|200404|18556.68|0|048|312|||||7.500|0.00||||||||||||||||||||18556.68
F00Q10003995|200405|18532.82|0|049|311|||||7.500|0.00||||||||||||||||||||18532.82
F00Q10003995|200406|18508.81|0|050|310|||||7.500|0.00||||||||||||||||||||18508.81
F00Q10003995|200407|18481.85|0|051|309|||||7.500|0.00||||||||||||||||||||18481.85
F00Q10003995|200408|18481.85|0|052|308|||||7.500|0.00||||||||||||||||||||18481.85
F00Q10003995|200409|18454.72|0|053|307|||||7.500|0.00||||||||||||||||||||18454.72
F00Q10003995|200410|18405.57|0|054|306|||||7.500|0.00||||||||||||||||||||18405.57
F00Q10003995|200411|18380.76|0|055|305|||||7.500|0.00||||||||||||||||||||18380.76
F00Q10003995|200412|18355.80|0|056|304|||||7.500|0.00||||||||||||||||||||18355.80
F00Q10003995|200501|18330.68|0|057|303|||||7.500|0.00||||||||||||||||||||18330.68
F00Q10003995|200502|18305.41|0|058|302|||||7.500|0.00||||||||||||||||||||18305.41
F00Q10003995|200503|18279.98|0|059|301|||||7.500|0.00||||||||||||||||||||18279.98
F00Q10003995|200504|18254.39|0|060|300|||||7.500|0.00||||||||||||||||||||18254.39
F00Q10003995|200505|18228.64|0|061|299|||||7.500|0.00||||||||||||||||||||18228.64
F00Q10003995|200506|18202.73|0|062|298|||||7.500|0.00||||||||||||||||||||18202.73
F00Q10003995|200507|18176.66|0|063|297|||||7.500|0.00||||||||||||||||||||18176.66
F00Q10003995|200508|18150.42|0|064|296|||||7.500|0.00||||||||||||||||||||18150.42
F00Q10003995|200509|18124.02|0|065|295|||||7.500|0.00||||||||||||||||||||18124.02
F00Q10003995|200510|18097.46|0|066|294|||||7.500|0.00||||||||||||||||||||18097.46
F00Q10003995|200511|18070.73|0|067|293|||||7.500|0.00||||||||||||||||||||18070.73
F00Q10003995|200512|18013.95|0|068|292|||||7.500|0.00||||||||||||||||||||18013.95
F00Q10003995|200601|17986.70|0|069|291|||||7.500|0.00||||||||||||||||||||17986.70
F00Q10003995|200602|17959.28|0|070|290|||||7.500|0.00||||||||||||||||||||17959.28
F00Q10003995|200603|17931.69|0|071|289|||||7.500|0.00||||||||||||||||||||17931.69
F00Q10003995|200604|17931.69|0|072|288|||||7.500|0.00||||||||||||||||||||17931.69
F00Q10003995|200605|17903.92|0|073|287|||||7.500|0.00||||||||||||||||||||17903.92
F00Q10003995|200606|17875.98|0|074|286|||||7.500|0.00||||||||||||||||||||17875.98
F00Q10003995|200607|17847.86|0|075|285|||||7.500|0.00||||||||||||||||||||17847.86
F00Q10003995|200608|17791.10|0|076|284|||||7.500|0.00||||||||||||||||||||17791.10
F00Q10003995|200609|17762.45|0|077|283|||||7.500|0.00||||||||||||||||||||17762.45
F00Q10003995|200610|17733.63|0|078|282|||||7.500|0.00||||||||||||||||||||17733.63
F00Q10003995|200611|17733.63|0|079|281|||||7.500|0.00||||||||||||||||||||17733.63
F00Q10003995|200612|17704.63|0|080|280|||||7.500|0.00||||||||||||||||||||17704.63
F00Q10003995|200701|17675.44|0|081|279|||||7.500|0.00||||||||||||||||||||17675.44
F00Q10003995|200702|17646.07|0|082|278|||||7.500|0.00||||||||||||||||||||17646.07
F00Q10003995|200703|17616.52|0|083|277|||||7.500|0.00||||||||||||||||||||17616.52
F00Q10003995|200704|17586.78|0|084|276|||||7.500|0.00||||||||||||||||||||17586.78
F00Q10003995|200705|17556.86|0|085|275|||||7.500|0.00||||||||||||||||||||17556.86
F00Q10003995|200706|17496.45|0|086|274|||||7.500|0.00||||||||||||||||||||17496.45
F00Q10003995|200707|17496.45|0|087|273|||||7.500|0.00||||||||||||||||||||17496.45
F00Q10003995|200708|17465.96|0|088|272|||||7.500|0.00||||||||||||||||||||17465.96
F00Q10003995|200709|17435.28|0|089|271|||||7.500|0.00||||||||||||||||||||17435.28
F00Q10003995|200710|17435.28|0|090|270|||||7.500|0.00||||||||||||||||||||17435.28
F00Q10003995|200711|17373.35|0|091|269|||||7.500|0.00||||||||||||||||||||17373.35
F00Q10003995|200712|17373.35|1|092|268|||||7.500|0.00||||||||||||||||||||17373.35
F00Q10003995|200801|17342.09|1|093|267|||||7.500|0.00||||||||||||||||||||17342.09
F00Q10003995|200802|17342.09|1|094|266|||||7.500|0.00||||||||||||||||||||17342.09
F00Q10003995|200803|17247.14|0|095|265|||||7.500|0.00||||||||||||||||||||17247.14
F00Q10003995|200804|17215.09|0|096|264|||||7.500|0.00||||||||||||||||||||17215.09
F00Q10003995|200805|17182.84|0|097|263|||||7.500|0.00||||||||||||||||||||17182.84
F00Q10003995|200806|17150.39|0|098|262|||||7.500|0.00||||||||||||||||||||17150.39
F00Q10003995|200807|17117.74|0|099|261|||||7.500|0.00||||||||||||||||||||17117.74
F00Q10003995|200808|17117.74|0|100|260|||||7.500|0.00||||||||||||||||||||17117.74
F00Q10003995|200809|17051.83|0|101|259|||||7.500|0.00||||||||||||||||||||17051.83
F00Q10003995|200810|17018.56|0|102|258|||||7.500|0.00||||||||||||||||||||17018.56
F00Q10003995|200811|16985.09|0|103|257|||||7.500|0.00||||||||||||||||||||16985.09
F00Q10003995|200812|16985.09|0|104|256|||||7.500|0.00||||||||||||||||||||16985.09
F00Q10003995|200901|16951.41|0|105|255|||||7.500|0.00||||||||||||||||||||16951.41
F00Q10003995|200902|16917.52|0|106|254|||||7.500|0.00||||||||||||||||||||16917.52
F00Q10003995|200903|16849.09|0|107|253|||||7.500|0.00||||||||||||||||||||16849.09
F00Q10003995|200904|16814.56|0|108|252|||||7.500|0.00||||||||||||||||||||16814.56
F00Q10003995|200905|16779.81|0|109|251|||||7.500|0.00||||||||||||||||||||16779.81
F00Q10003995|200906|16744.84|0|110|250|||||7.500|0.00||||||||||||||||||||16744.84
F00Q10003995|200907|16744.84|0|111|249|||||7.500|0.00||||||||||||||||||||16744.84
F00Q10003995|200908|16674.26|0|112|248|||||7.500|0.00||||||||||||||||||||16674.26
F00Q10003995|200909|16638.63|0|113|247|||||7.500|0.00||||||||||||||||||||16638.63
F00Q10003995|200910|16602.78|0|114|246|||||7.500|0.00||||||||||||||||||||16602.78
F00Q10003995|200911|16566.71|0|115|245|||||7.500|0.00||||||||||||||||||||16566.71
F00Q10003995|200912|16566.71|0|116|244|||||7.500|0.00||||||||||||||||||||16566.71
F00Q10003995|201001|16493.89|0|117|243|||||7.500|0.00||||||||||||||||||||16493.89
F00Q10003995|201002|16457.14|0|118|242|||||7.500|0.00||||||||||||||||||||16457.14
F00Q10003995|201003|16382.95|0|119|241|||||7.500|0.00||||||||||||||||||||16382.95
F00Q10003995|201004|16382.95|0|120|240|||||7.500|0.00||||||||||||||||||||16382.95
F00Q10003995|201005|16382.95|0|121|239|||||7.500|0.00||||||||||||||||||||16382.95
F00Q10003995|201006|16307.82|0|122|238|||||7.500|0.00||||||||||||||||||||16307.82
F00Q10003995|201007|16269.90|0|123|237|||||7.500|0.00||||||||||||||||||||16269.90
F00Q10003995|201008|16229.95|0|124|236|||||7.500|0.00||||||||||||||||||||16229.95
F00Q10003995|201009|16188.75|0|125|235|||||7.500|0.00||||||||||||||||||||16188.75
F00Q10003995|201010|16150.09|0|126|234|||||7.500|0.00||||||||||||||||||||16150.09
F00Q10003995|201011|16111.19|0|127|233|||||7.500|0.00||||||||||||||||||||16111.19
F00Q10003995|201012|16072.04|0|128|232|||||7.500|0.00||||||||||||||||||||16072.04
F00Q10003995|201101|16032.65|0|129|231|||||7.500|0.00||||||||||||||||||||16032.65
F00Q10003995|201102|15993.01|0|130|230|||||7.500|0.00||||||||||||||||||||15993.01
F00Q10003995|201103|15953.13|0|131|229|||||7.500|0.00||||||||||||||||||||15953.13
F00Q10003995|201104|15913.00|0|132|228|||||7.500|0.00||||||||||||||||||||15913.00
F00Q10003995|201105|15872.62|0|133|227|||||7.500|0.00||||||||||||||||||||15872.62
F00Q10003995|201106|15831.98|0|134|226|||||7.500|0.00||||||||||||||||||||15831.98
F00Q10003995|201107|15791.09|0|135|225|||||7.500|0.00||||||||||||||||||||15791.09
F00Q10003995|201108|15747.14|0|136|224|||||7.500|0.00||||||||||||||||||||15747.14
F00Q10003995|201109|15705.72|0|137|223|||||7.500|0.00||||||||||||||||||||15705.72
F00Q10003995|201110|15622.10|0|138|222|||||7.500|0.00||||||||||||||||||||15622.10
F00Q10003995|201111|15579.90|0|139|221|||||7.500|0.00||||||||||||||||||||15579.90
F00Q10003995|201112|15579.90|0|140|220|||||7.500|0.00||||||||||||||||||||15579.90
F00Q10003995|201201|15537.43|0|141|219|||||7.500|0.00||||||||||||||||||||15537.43
F00Q10003995|201202|15494.70|0|142|218|||||7.500|0.00||||||||||||||||||||15494.70
F00Q10003995|201203|15451.70|0|143|217|||||7.500|0.00||||||||||||||||||||15451.70
F00Q10003995|201204|15408.43|0|144|216|||||7.500|0.00||||||||||||||||||||15408.43
F00Q10003995|201205|15364.89|0|145|215|||||7.500|0.00||||||||||||||||||||15364.89
F00Q10003995|201206|15321.08|0|146|214|||||7.500|0.00||||||||||||||||||||15321.08
F00Q10003995|201207|15277.00|0|147|213|||||7.500|0.00||||||||||||||||||||15277.00
F00Q10003995|201208|15232.64|0|148|212|||||7.500|0.00||||||||||||||||||||15232.64
F00Q10003995|201209|15188.00|0|149|211|||||7.500|0.00||||||||||||||||||||15188.00
F00Q10003995|201210|15143.09|0|150|210|||||7.500|0.00||||||||||||||||||||15143.09
F00Q10003995|201211|15097.89|0|151|209|||||7.500|0.00||||||||||||||||||||15097.89
F00Q10003995|201212|15052.41|0|152|208|||||7.500|0.00||||||||||||||||||||15052.41
F00Q10003995|201301|15006.65|0|153|207|||||7.500|0.00||||||||||||||||||||15006.65
F00Q10003995|201302|14957.80|0|154|206|||||7.500|0.00||||||||||||||||||||14957.80
F00Q10003995|201303|14911.45|0|155|205|||||7.500|0.00||||||||||||||||||||14911.45
F00Q10003995|201304|14864.81|0|156|204|||||7.500|0.00||||||||||||||||||||14864.81
F00Q10003995|201305|14817.88|0|157|203|||||7.500|0.00||||||||||||||||||||14817.88
F00Q10003995|201306|14770.65|0|158|202|||||7.500|0.00||||||||||||||||||||14770.65
F00Q10003995|201307|14770.65|0|159|201|||||7.500|0.00||||||||||||||||||||14770.65
F00Q10003995|201308|14675.31|0|160|200|||||7.500|0.00||||||||||||||||||||14675.31
F00Q10003995|201309|14627.19|0|161|199|||||7.500|0.00||||||||||||||||||||14627.19
F00Q10003995|201310|14578.77|0|162|198|||||7.500|0.00||||||||||||||||||||14578.77
F00Q10003995|201311|14578.77|0|163|197|||||7.500|0.00||||||||||||||||||||14578.77
F00Q10003995|201312|14530.05|0|164|196|||||7.500|0.00||||||||||||||||||||14530.05
F00Q10003995|201401|14431.69|0|165|195|||||7.500|0.00||||||||||||||||||||14431.69
F00Q10003995|201402|14431.69|0|166|194|||||7.500|0.00||||||||||||||||||||14431.69
F00Q10003995|201403|14332.10|0|167|193|||||7.500|0.00||||||||||||||||||||14332.10
F00Q10003995|201404|14181.63|0|168|192|||||7.500|0.00||||||||||||||||||||14181.63
F00Q10003995|201405|14181.63|0|169|191|||||7.500|0.00||||||||||||||||||||14181.63
F00Q10003995|201406|14078.91|0|170|190|||||7.500|0.00||||||||||||||||||||14078.91
F00Q10003995|201407|14027.06|0|171|189|||||7.500|0.00||||||||||||||||||||14027.06
F00Q10003995|201408|13974.89|0|172|188|||||7.500|0.00||||||||||||||||||||13974.89
F00Q10003995|201409|13922.39|0|173|187|||||7.500|0.00||||||||||||||||||||13922.39
F00Q10003995|201410|13869.56|0|174|186|||||7.500|0.00||||||||||||||||||||13869.56
F00Q10003995|201411|13869.56|0|175|185|||||7.500|0.00||||||||||||||||||||13869.56
F00Q10003995|201412|13762.91|0|176|184|||||7.500|0.00||||||||||||||||||||13762.91
F00Q10003995|201501|13654.09|0|177|183|||||7.500|0.00||||||||||||||||||||13654.09
F00Q10003995|201502|13599.68|0|178|182|||||7.500|0.00||||||||||||||||||||13599.68
F00Q10003995|201503|13544.84|0|179|181|||||7.500|0.00||||||||||||||||||||13544.84
F00Q10003995|201504|13489.66|0|180|180|||||7.500|0.00||||||||||||||||||||13489.66
F00Q10003995|201505|13434.13|0|181|179|||||7.500|0.00||||||||||||||||||||13434.13
F00Q10003995|201506|13378.25|0|182|178|||||7.500|0.00||||||||||||||||||||13378.25
F00Q10003995|201507|13322.02|0|183|177|||||7.500|0.00||||||||||||||||||||13322.02
F00Q10003995|201508|13265.44|0|184|176|||||7.500|0.00||||||||||||||||||||13265.44
F00Q10003995|201509|13265.44|0|185|175|||||7.500|0.00||||||||||||||||||||13265.44
F00Q10003995|201510|13208.51|0|186|174|||||7.500|0.00||||||||||||||||||||13208.51
F00Q10003995|201511|0.00|0|187|173|||01|201511|7.500|0.00|||||||||||||||13208.51|||||0.00
F00Q10004019|200004|183000.00|0|000|360|||||7.750|0.00||||||||||||||||||||183000.00
F00Q10004019|200005|183000.00|0|001|359|||||7.750|0.00||||||||||||||||||||183000.00
F00Q10004019|200006|183000.00|0|002|358|||||7.750|0.00||||||||||||||||||||183000.00
F00Q10004019|200007|183000.00|0|003|357|||||7.750|0.00||||||||||||||||||||183000.00
F00Q10004019|200008|183000.00|0|004|356|||||7.750|0.00||||||||||||||||||||183000.00
F00Q10004019|200009|183000.00|0|005|355|||||7.750|0.00||||||||||||||||||||183000.00
F00Q10004019|200010|183000.00|0|006|354|||||7.750|0.00||||||||||||||||||||183000.00
F00Q10004019|200011|182426.43|0|007|353|||||7.750|0.00||||||||||||||||||||182426.43
F00Q10004019|200012|182291.06|0|008|352|||||7.750|0.00||||||||||||||||||||182291.06
F00Q10004019|200101|182154.82|0|009|351|||||7.750|0.00||||||||||||||||||||182154.82
F00Q10004019|200102|182017.70|0|010|350|||||7.750|0.00||||||||||||||||||||182017.70
F00Q10004019|200103|181879.69|0|011|349|||||7.750|0.00||||||||||||||||||||181879.69
F00Q10004019|200104|181879.69|0|012|348|||||7.750|0.00||||||||||||||||||||181879.69
F00Q10004019|200105|181600.99|0|013|347|||||7.750|0.00||||||||||||||||||||181600.99
F00Q10004019|200106|181460.29|0|014|346|||||7.750|0.00||||||||||||||||||||181460.29
F00Q10004019|200107|181318.68|0|015|345|||||7.750|0.00||||||||||||||||||||181318.68
F00Q10004019|200108|181176.16|0|016|344|||||7.750|0.00||||||||||||||||||||181176.16
F00Q10004019|200109|181032.72|0|017|343|||||7.750|0.00||||||||||||||||||||181032.72
F00Q10004019|200110|180888.35|0|018|342|||||7.750|0.00||||||||||||||||||||180888.35
F00Q10004019|200111|180743.05|0|019|341|||||7.750|0.00||||||||||||||||||||180743.05
F00Q10004019|200112|180596.81|0|020|340|||||7.750|0.00||||||||||||||||||||180596.81
F00Q10004019|200201|180449.62|0|021|339|||||7.750|0.00||||||||||||||||||||180449.62
F00Q10004019|200202|180301.48|0|022|338|||||7.750|0.00||||||||||||||||||||180301.48
F00Q10004019|200203|0.00|0|023|337|||01|200203|7.750|0.00|||||||||||||||180301.48|||||0.00
F00Q10004023|200004|137000.00|0|000|360|||||7.875|0.00||||||||||||||||||||137000.00
F00Q10004023|200005|136000.00|0|001|359|||||7.875|0.00||||||||||||||||||||136000.00
F00Q10004023|200006|136000.00|0|002|358|||||7.875|0.00||||||||||||||||||||136000.00
F00Q10004023|200007|136000.00|0|003|357|||||7.875|0.00||||||||||||||||||||136000.00
F00Q10004023|200008|136000.00|0|004|356|||||7.875|0.00||||||||||||||||||||136000.00
F00Q10004023|200009|136000.00|0|005|355|||||7.875|0.00||||||||||||||||||||136000.00
F00Q10004023|200010|136000.00|0|006|354|||||7.875|0.00||||||||||||||||||||136000.00
F00Q10004023|200011|135829.33|0|007|353|||||7.875|0.00||||||||||||||||||||135829.33
F00Q10004023|200012|135730.99|0|008|352|||||7.875|0.00||||||||||||||||||||135730.99
F00Q10004023|200101|135632.00|0|009|351|||||7.875|0.00||||||||||||||||||||135632.00
F00Q10004023|200102|135532.37|0|010|350|||||7.875|0.00||||||||||||||||||||135532.37
F00Q10004023|200103|135532.37|0|011|349|||||7.875|0.00||||||||||||||||||||135532.37
F00Q10004023|200104|135331.13|0|012|348|||||7.875|0.00||||||||||||||||||||135331.13
F00Q10004023|200105|135331.13|0|013|347|||||7.875|0.00||||||||||||||||||||135331.13
F00Q10004023|200106|135127.24|0|014|346|||||7.875|0.00||||||||||||||||||||135127.24
F00Q10004023|200107|135127.24|0|015|345|||||7.875|0.00||||||||||||||||||||135127.24
F00Q10004023|200108|134920.67|0|016|344|||||7.875|0.00||||||||||||||||||||134920.67
F00Q10004023|200109|0.00|0|017|343|||01|200109|7.875|0.00|||||||||||||||134920.67|||||0.00
F00Q10004048|200003|55000.00|0|000|360|||||10.500|0.00||||||||||||||||||||55000.00
F00Q10004048|200004|55000.00|0|001|359|||||10.500|0.00||||||||||||||||||||55000.00
F00Q10004048|200005|55000.00|0|002|358|||||10.500|0.00||||||||||||||||||||55000.00
F00Q10004048|200006|55000.00|0|003|357|||||10.500|0.00||||||||||||||||||||55000.00
F00Q10004048|200007|55000.00|0|004|356|||||10.500|0.00||||||||||||||||||||55000.00
F00Q10004048|200008|55000.00|0|005|355|||||10.500|0.00||||||||||||||||||||55000.00
F00Q10004048|200009|55000.00|0|006|354|||||10.500|0.00||||||||||||||||||||55000.00
F00Q10004048|200010|54643.48|0|007|353|||||10.500|0.00||||||||||||||||||||54643.48
F00Q10004048|200011|54620.33|0|008|352|||||10.500|0.00||||||||||||||||||||54620.33
F00Q10004048|200012|54620.33|0|009|351|||||10.500|0.00||||||||||||||||||||54620.33
F00Q10004048|200101|54596.98|0|010|350|||||10.500|0.00||||||||||||||||||||54596.98
F00Q10004048|200102|54573.42|0|011|349|||||10.500|0.00||||||||||||||||||||54573.42
F00Q10004048|200103|54525.69|0|012|348|||||10.500|0.00||||||||||||||||||||54525.69
F00Q10004048|200104|54501.51|0|013|347|||||10.500|0.00||||||||||||||||||||54501.51
F00Q10004048|200105|54477.12|0|014|346|||||10.500|0.00||||||||||||||||||||54477.12
F00Q10004048|200106|54477.12|0|015|345|||||10.500|0.00||||||||||||||||||||54477.12
F00Q10004048|200107|54452.51|0|016|344|||||10.500|0.00||||||||||||||||||||54452.51
F00Q10004048|200108|54427.69|0|017|343|||||10.500|0.00||||||||||||||||||||54427.69
F00Q10004048|200109|54395.40|0|018|342|||||10.500|0.00||||||||||||||||||||54395.40
F00Q10004048|200110|54329.97|0|019|341|||||10.500|0.00||||||||||||||||||||54329.97
F00Q10004048|200111|54296.83|0|020|340|||||10.500|0.00||||||||||||||||||||54296.83
F00Q10004048|200112|54296.83|0|021|339|||||10.500|0.00||||||||||||||||||||54296.83
F00Q10004048|200201|54236.99|0|022|338|||||10.500|0.00||||||||||||||||||||54236.99
F00Q10004048|200202|54236.99|0|023|337|||||10.500|0.00||||||||||||||||||||54236.99
F00Q10004048|200203|54176.03|0|024|336|||||10.500|0.00||||||||||||||||||||54176.03
F00Q10004048|200204|54176.03|0|025|335|||||10.500|0.00||||||||||||||||||||54176.03
F00Q10004048|200205|54107.09|0|026|334|||||10.500|0.00||||||||||||||||||||54107.09
F00Q10004048|200206|54079.25|0|027|333|||||10.500|0.00||||||||||||||||||||54079.25
F00Q10004048|200207|54051.16|0|028|332|||||10.500|0.00||||||||||||||||||||54051.16
F00Q10004048|200208|54022.83|0|029|331|||||10.500|0.00||||||||||||||||||||54022.83
F00Q10004048|200209|53994.25|0|030|330|||||10.500|0.00||||||||||||||||||||53994.25
F00Q10004048|200210|53936.34|0|031|329|||||10.500|0.00||||||||||||||||||||53936.34
F00Q10004048|200211|53907.00|0|032|328|||||10.500|0.00||||||||||||||||||||53907.00
F00Q10004048|200212|53907.00|0|033|327|||||10.500|0.00||||||||||||||||||||53907.00
F00Q10004048|200301|53877.41|0|034|326|||||10.500|0.00||||||||||||||||||||53877.41
F00Q10004048|200302|53847.56|0|035|325|||||10.500|0.00||||||||||||||||||||53847.56
F00Q10004048|200303|53817.45|0|036|324|||||10.500|0.00||||||||||||||||||||53817.45
F00Q10004048|200304|53756.43|0|037|323|||||10.500|0.00||||||||||||||||||||53756.43
F00Q10004048|200305|53756.43|0|038|322|||||10.500|0.00||||||||||||||||||||53756.43
F00Q10004048|200306|53725.52|0|039|321|||||10.500|0.00||||||||||||||||||||53725.52
F00Q10004048|200307|53662.89|0|040|320|||||10.500|0.00||||||||||||||||||||53662.89
F00Q10004048|200308|53631.16|0|041|319|||||10.500|0.00||||||||||||||||||||53631.16
F00Q10004048|200309|0.00|0|042|318|||01|200309|10.500|0.00|||||||||||||||53631.16|||||0.00
F00Q10004061|200110|98603.02|0|009|341|||||8.000|0.00||||||||||||||||||||98603.02
F00Q10004061|200111|98603.02|0|010|340|||||8.000|0.00||||||||||||||||||||98603.02
F00Q10004061|200112|98526.36|0|011|339|||||8.000|0.00||||||||||||||||||||98526.36
F00Q10004061|200201|98449.19|0|012|338|||||8.000|0.00||||||||||||||||||||98449.19
F00Q10004061|200202|98371.51|0|013|337|||||8.000|0.00||||||||||||||||||||98371.51
F00Q10004061|200203|98293.31|0|014|336|||||8.000|0.00||||||||||||||||||||98293.31
F00Q10004061|200204|98214.59|0|015|335|||||8.000|0.00||||||||||||||||||||98214.59
F00Q10004061|200205|98135.34|0|016|334|||||8.000|0.00||||||||||||||||||||98135.34
F00Q10004061|200206|98055.57|0|017|333|||||8.000|0.00||||||||||||||||||||98055.57
F00Q10004061|200207|97975.26|0|018|332|||||8.000|0.00||||||||||||||||||||97975.26
F00Q10004061|200208|97894.42|0|019|331|||||8.000|0.00||||||||||||||||||||97894.42
F00Q10004061|200209|97813.04|0|020|330|||||8.000|0.00||||||||||||||||||||97813.04
F00Q10004061|200210|97731.12|0|021|329|||||8.000|0.00||||||||||||||||||||97731.12
F00Q10004061|200211|97648.65|0|022|328|||||8.000|0.00||||||||||||||||||||97648.65
F00Q10004061|200212|97565.63|0|023|327|||||8.000|0.00||||||||||||||||||||97565.63
F00Q10004061|200301|97482.06|0|024|326|||||8.000|0.00||||||||||||||||||||97482.06
F00Q10004061|200302|97397.93|0|025|325|||||8.000|0.00||||||||||||||||||||97397.93
F00Q10004061|200303|97313.24|0|026|324|||||8.000|0.00||||||||||||||||||||97313.24
F00Q10004061|200304|97227.98|0|027|323|||||8.000|0.00||||||||||||||||||||97227.98
F00Q10004061|200305|97142.16|0|028|322|||||8.000|0.00||||||||||||||||||||97142.16
F00Q10004061|200306|97055.76|0|029|321|||||8.000|0.00||||||||||||||||||||97055.76
F00Q10004061|200307|96968.79|0|030|320|||||8.000|0.00||||||||||||||||||||96968.79
F00Q10004061|200308|96881.24|0|031|319|||||8.000|0.00||||||||||||||||||||96881.24
F00Q10004061|200309|96793.10|0|032|318|||||8.000|0.00||||||||||||||||||||96793.10
F00Q10004061|200310|96704.38|0|033|317|||||8.000|0.00||||||||||||||||||||96704.38
F00Q10004061|200311|96615.07|0|034|316|||||8.000|0.00||||||||||||||||||||96615.07
F00Q10004061|200312|96525.16|0|035|315|||||8.000|0.00||||||||||||||||||||96525.16
F00Q10004061|200401|96434.65|0|036|314|||||8.000|0.00||||||||||||||||||||96434.65
F00Q10004061|200402|96343.54|0|037|313|||||8.000|0.00||||||||||||||||||||96343.54
F00Q10004061|200403|96251.82|0|038|312|||||8.000|0.00||||||||||||||||||||96251.82
F00Q10004061|200404|96159.49|0|039|311|||||8.000|0.00||||||||||||||||||||96159.49
F00Q10004061|200405|96066.54|0|040|310|||||8.000|0.00||||||||||||||||||||96066.54
F00Q10004061|200406|95972.97|0|041|309|||||8.000|0.00||||||||||||||||||||95972.97
F00Q10004061|200407|95878.78|0|042|308|||||8.000|0.00||||||||||||||||||||95878.78
F00Q10004061|200408|95783.96|0|043|307|||||8.000|0.00||||||||||||||||||||95783.96
F00Q10004061|200409|95688.51|0|044|306|||||8.000|0.00||||||||||||||||||||95688.51
F00Q10004061|200410|95592.42|0|045|305|||||8.000|0.00||||||||||||||||||||95592.42
F00Q10004061|200411|0.00|0|046|304|||01|200411|8.000|0.00|||||||||||||||95592.42|||||0.00
F00Q10004082|200002|153000.00|0|000|360|||||8.625|0.00||||||||||||||||||||153000.00
F00Q10004082|200003|153000.00|0|001|359|||||8.625|0.00||||||||||||||||||||153000.00
F00Q10004082|200004|153000.00|0|002|358|||||8.625|0.00||||||||||||||||||||153000.00
F00Q10004082|200005|153000.00|0|003|357|||||8.625|0.00||||||||||||||||||||153000.00
F00Q10004082|200006|153000.00|0|004|356|||||8.625|0.00||||||||||||||||||||153000.00
F00Q10004082|200007|153000.00|0|005|355|||||8.625|0.00||||||||||||||||||||153000.00
F00Q10004082|200008|152000.00|0|006|354|||||8.625|0.00||||||||||||||||||||152000.00
F00Q10004082|200009|152353.87|0|007|353|||||8.625|0.00||||||||||||||||||||152353.87
F00Q10004082|200010|152258.89|0|008|352|||||8.625|0.00||||||||||||||||||||152258.89
F00Q10004082|200011|152163.23|0|009|351|||||8.625|0.00||||||||||||||||||||152163.23
F00Q10004082|200012|152066.88|0|010|350|||||8.625|0.00||||||||||||||||||||152066.88
F00Q10004082|200101|151969.84|0|011|349|||||8.625|0.00||||||||||||||||||||151969.84
F00Q10004082|200102|151872.10|0|012|348|||||8.625|0.00||||||||||||||||||||151872.10
F00Q10004082|200103|151574.18|0|013|347|||||8.625|0.00||||||||||||||||||||151574.18
F00Q10004082|200104|151274.12|0|014|346|||||8.625|0.00||||||||||||||||||||151274.12
F00Q10004082|200105|151171.38|0|015|345|||||8.625|0.00||||||||||||||||||||151171.38
F00Q10004082|200106|0.00|0|016|344|||01|200106|8.625|0.00|||||||||||||||151171.38|||||0.00
F00Q10004088|200003|107000.00|0|000|360|||||8.500|0.00||||||||||||||||||||107000.00
F00Q10004088|200004|107000.00|0|001|359|||||8.500|0.00||||||||||||||||||||107000.00
F00Q10004088|200005|107000.00|0|002|358|||||8.500|0.00||||||||||||||||||||107000.00
F00Q10004088|200006|107000.00|0|003|357|||||8.500|0.00||||||||||||||||||||107000.00
F00Q10004088|200007|107000.00|0|004|356|||||8.500|0.00||||||||||||||||||||107000.00
F00Q10004088|200008|107000.00|0|005|355|||||8.500|0.00||||||||||||||||||||107000.00
F00Q10004088|200009|107000.00|0|006|354|||||8.500|0.00||||||||||||||||||||107000.00
F00Q10004088|200010|106884.97|0|007|353|||||8.500|0.00||||||||||||||||||||106884.97
F00Q10004088|200011|106816.64|0|008|352|||||8.500|0.00||||||||||||||||||||106816.64
F00Q10004088|200012|106747.83|0|009|351|||||8.500|0.00||||||||||||||||||||106747.83
F00Q10004088|200101|106678.53|0|010|350|||||8.500|0.00||||||||||||||||||||106678.53
F00Q10004088|200102|106608.74|0|011|349|||||8.500|0.00||||||||||||||||||||106608.74
F00Q10004088|200103|106538.46|0|012|348|||||8.500|0.00||||||||||||||||||||106538.46
F00Q10004088|200104|106467.68|0|013|347|||||8.500|0.00||||||||||||||||||||106467.68
F00Q10004088|200105|106396.40|0|014|346|||||8.500|0.00||||||||||||||||||||106396.40
F00Q10004088|200106|0.00|0|015|345|||01|200106|8.500|0.00|||||||||||||||106396.40|||||0.00
F00Q10004093|200003|60000.00|0|000|360|||||8.625|0.00||||||||||||||||||||60000.00
F00Q10004093|200004|60000.00|0|001|359|||||8.625|0.00||||||||||||||||||||60000.00
F00Q10004093|200005|60000.00|0|002|358|||||8.625|0.00||||||||||||||||||||60000.00
F00Q10004093|200006|60000.00|0|003|357|||||8.625|0.00||||||||||||||||||||60000.00
F00Q10004093|200007|60000.00|0|004|356|||||8.625|0.00||||||||||||||||||||60000.00
F00Q10004093|200008|60000.00|0|005|355|||||8.625|0.00||||||||||||||||||||60000.00
F00Q10004093|200009|60000.00|0|006|354|||||8.625|0.00||||||||||||||||||||60000.00
F00Q10004093|200010|59746.65|0|007|353|||||8.625|0.00||||||||||||||||||||59746.65
F00Q10004093|200011|59709.41|0|008|352|||||8.625|0.00||||||||||||||||||||59709.41
F00Q10004093|200012|59671.90|0|009|351|||||8.625|0.00||||||||||||||||||||59671.90
F00Q10004093|200101|59634.12|0|010|350|||||8.625|0.00||||||||||||||||||||59634.12
F00Q10004093|200102|59596.07|0|011|349|||||8.625|0.00||||||||||||||||||||59596.07
F00Q10004093|200103|59557.75|0|012|348|||||8.625|0.00||||||||||||||||||||59557.75
F00Q10004093|200104|59519.15|0|013|347|||||8.625|0.00||||||||||||||||||||59519.15
F00Q10004093|200105|59480.27|0|014|346|||||8.625|0.00||||||||||||||||||||59480.27
F00Q10004093|200106|59441.11|0|015|345|||||8.625|0.00||||||||||||||||||||59441.11
F00Q10004093|200107|59401.67|0|016|344|||||8.625|0.00||||||||||||||||||||59401.67
F00Q10004093|200108|59361.95|0|017|343|||||8.625|0.00||||||||||||||||||||59361.95
F00Q10004093|200109|59321.94|0|018|342|||||8.625|0.00||||||||||||||||||||59321.94
F00Q10004093|200110|59321.94|0|019|341|||||8.625|0.00||||||||||||||||||||59321.94
F00Q10004093|200111|59281.65|0|020|340|||||8.625|0.00||||||||||||||||||||59281.65
F00Q10004093|200112|59241.07|0|021|339|||||8.625|0.00||||||||||||||||||||59241.07
F00Q10004093|200201|59186.20|0|022|338|||||8.625|0.00||||||||||||||||||||59186.20
F00Q10004093|200202|59144.93|0|023|337|||||8.625|0.00||||||||||||||||||||59144.93
F00Q10004093|200203|59089.36|0|024|336|||||8.625|0.00||||||||||||||||||||59089.36
F00Q10004093|200204|59047.39|0|025|335|||||8.625|0.00||||||||||||||||||||59047.39
F00Q10004093|200205|58962.55|0|026|334|||||8.625|0.00||||||||||||||||||||58962.55
F00Q10004093|200206|0.00|0|027|333|||01|200206|8.625|0.00|||||||||||||||58962.55|||||0.00
F00Q10004099|200003|55000.00|0|000|180|||||8.125|0.00||||||||||||||||||||55000.00
F00Q10004099|200004|55000.00|0|001|179|||||8.125|0.00||||||||||||||||||||55000.00
F00Q10004099|200005|54000.00|0|002|178|||||8.125|0.00||||||||||||||||||||54000.00
F00Q10004099|200006|54000.00|0|003|177|||||8.125|0.00||||||||||||||||||||54000.00
F00Q10004099|200007|54000.00|0|004|176|||||8.125|0.00||||||||||||||||||||54000.00
F00Q10004099|200008|54000.00|0|005|175|||||8.125|0.00||||||||||||||||||||54000.00
F00Q10004099|200009|54000.00|0|006|174|||||8.125|0.00||||||||||||||||||||54000.00
F00Q10004099|200010|53263.34|0|007|173|||||8.125|0.00||||||||||||||||||||53263.34
F00Q10004099|200011|52994.39|0|008|172|||||8.125|0.00||||||||||||||||||||52994.39
F00Q10004099|200012|52723.62|0|009|171|||||8.125|0.00||||||||||||||||||||52723.62
F00Q10004099|200101|52451.01|0|010|170|||||8.125|0.00||||||||||||||||||||52451.01
F00Q10004099|200102|52176.56|0|011|169|||||8.125|0.00||||||||||||||||||||52176.56
F00Q10004099|200103|51900.25|0|012|168|||||8.125|0.00||||||||||||||||||||51900.25
F00Q10004099|200104|51622.07|0|013|167|||||8.125|0.00||||||||||||||||||||51622.07
F00Q10004099|200105|51342.00|0|014|166|||||8.125|0.00||||||||||||||||||||51342.00
F00Q10004099|200106|51060.04|0|015|165|||||8.125|0.00||||||||||||||||||||51060.04
F00Q10004099|200107|50776.17|0|016|164|||||8.125|0.00||||||||||||||||||||50776.17
F00Q10004099|200108|50490.38|0|017|163|||||8.125|0.00||||||||||||||||||||50490.38
F00Q10004099|200109|50202.65|0|018|162|||||8.125|0.00||||||||||||||||||||50202.65
F00Q10004099|200110|0.00|0|019|161|||01|200110|8.125|0.00|||||||||||||||50202.65|||||0.00
F00Q10004104|200003|176000.00|0|000|360|||||8.750|0.00||||||||||||||||||||176000.00
F00Q10004104|200004|176000.00|0|001|359|||||8.750|0.00||||||||||||||||||||176000.00
F00Q10004104|200005|176000.00|0|002|358|||||8.750|0.00||||||||||||||||||||176000.00
F00Q10004104|200006|176000.00|0|003|357|||||8.750|0.00||||||||||||||||||||176000.00
F00Q10004104|200007|176000.00|0|004|356|||||8.750|0.00||||||||||||||||||||176000.00
F00Q10004104|200008|175000.00|0|005|355|||||8.750|0.00||||||||||||||||||||175000.00
F00Q10004104|200009|175000.00|0|006|354|||||8.750|0.00||||||||||||||||||||175000.00
F00Q10004104|200010|175275.51|0|007|353|||||8.750|0.00||||||||||||||||||||175275.51
F00Q10004104|200011|175168.97|0|008|352|||||8.750|0.00||||||||||||||||||||175168.97
F00Q10004104|200012|175061.65|0|009|351|||||8.750|0.00||||||||||||||||||||175061.65
F00Q10004104|200101|174953.55|0|010|350|||||8.750|0.00||||||||||||||||||||174953.55
F00Q10004104|200102|174844.66|0|011|349|||||8.750|0.00||||||||||||||||||||174844.66
F00Q10004104|200103|0.00|0|012|348|||01|200103|8.750|0.00|||||||||||||||174844.66|||||0.00
F00Q10004109|200004|105000.00|0|000|180|||||8.250|0.00||||||||||||||||||||105000.00
F00Q10004109|200005|105000.00|0|001|179|||||8.250|0.00||||||||||||||||||||105000.00
F00Q10004109|200006|104000.00|0|002|178|||||8.250|0.00||||||||||||||||||||104000.00
F00Q10004109|200007|104000.00|0|003|177|||||8.250|0.00||||||||||||||||||||104000.00
F00Q10004109|200008|104000.00|0|004|176|||||8.250|0.00||||||||||||||||||||104000.00
F00Q10004109|200009|103000.00|0|005|175|||||8.250|0.00||||||||||||||||||||103000.00
F00Q10004109|200010|103000.00|0|006|174|||||8.250|0.00||||||||||||||||||||103000.00
F00Q10004109|200011|102879.23|0|007|173|||||8.250|0.00||||||||||||||||||||102879.23
F00Q10004109|200012|102567.87|0|008|172|||||8.250|0.00||||||||||||||||||||102567.87
F00Q10004109|200101|102567.87|0|009|171|||||8.250|0.00||||||||||||||||||||102567.87
F00Q10004109|200102|102254.37|0|010|170|||||8.250|0.00||||||||||||||||||||102254.37
F00Q10004109|200103|101620.90|0|011|169|||||8.250|0.00||||||||||||||||||||101620.90
F00Q10004109|200104|101620.90|0|012|168|||||8.250|0.00||||||||||||||||||||101620.90
F00Q10004109|200105|101300.89|0|013|167|||||8.250|0.00||||||||||||||||||||101300.89
F00Q10004109|200106|100604.52|0|014|166|||||8.250|0.00||||||||||||||||||||100604.52
F00Q10004109|200107|100604.52|0|015|165|||||8.250|0.00||||||||||||||||||||100604.52
F00Q10004109|200108|99948.29|0|016|164|||||8.250|0.00||||||||||||||||||||99948.29
F00Q10004109|200109|99948.29|0|017|163|||||8.250|0.00||||||||||||||||||||99948.29
F00Q10004109|200110|99252.23|0|018|162|||||8.250|0.00||||||||||||||||||||99252.23
F00Q10004109|200111|98915.94|0|019|161|||||8.250|0.00||||||||||||||||||||98915.94
F00Q10004109|200112|98915.94|0|020|160|||||8.250|0.00||||||||||||||||||||98915.94
F00Q10004109|200201|98577.34|0|021|159|||||8.250|0.00||||||||||||||||||||98577.34
F00Q10004109|200202|98236.41|0|022|158|||||8.250|0.00||||||||||||||||||||98236.41
F00Q10004109|200203|97893.14|0|023|157|||||8.250|0.00||||||||||||||||||||97893.14
F00Q10004109|200204|97516.95|0|024|156|||||8.250|0.00||||||||||||||||||||97516.95
F00Q10004109|200205|96818.12|0|025|155|||||8.250|0.00||||||||||||||||||||96818.12
F00Q10004109|200206|96818.12|0|026|154|||||8.250|0.00||||||||||||||||||||96818.12
F00Q10004109|200207|96109.64|0|027|153|||||8.250|0.00||||||||||||||||||||96109.64
F00Q10004109|200208|96109.64|0|028|152|||||8.250|0.00||||||||||||||||||||96109.64
F00Q10004109|200209|95751.74|0|029|151|||||8.250|0.00||||||||||||||||||||95751.74
F00Q10004109|200210|95391.38|0|030|150|||||8.250|0.00||||||||||||||||||||95391.38
F00Q10004109|200211|94663.22|0|031|149|||||8.250|0.00||||||||||||||||||||94663.22
F00Q10004109|200212|94295.38|0|032|148|||||8.250|0.00||||||||||||||||||||94295.38
F00Q10004109|200301|93925.01|0|033|147|||||8.250|0.00||||||||||||||||||||93925.01
F00Q10004109|200302|93552.09|0|034|146|||||8.250|0.00||||||||||||||||||||93552.09
F00Q10004109|200303|93552.09|0|035|145|||||8.250|0.00||||||||||||||||||||93552.09
F00Q10004109|200304|93176.61|0|036|144|||||8.250|0.00||||||||||||||||||||93176.61
F00Q10004109|200305|92417.89|0|037|143|||||8.250|0.00||||||||||||||||||||92417.89
F00Q10004109|200306|0.00|0|038|142|||01|200306|8.250|0.00|||||||||||||||92417.89|||||0.00
F00Q10004113|200004|100000.00|0|000|360|||||8.750|0.00||||||||||||||||||||100000.00
F00Q10004113|200005|100000.00|0|001|359|||||8.750|0.00||||||||||||||||||||100000.00
F00Q10004113|200006|100000.00|0|002|358|||||8.750|0.00||||||||||||||||||||100000.00
F00Q10004113|200007|100000.00|0|003|357|||||8.750|0.00||||||||||||||||||||100000.00
F00Q10004113|200008|100000.00|1|004|356|||||8.750|0.00||||||||||||||||||||100000.00
F00Q10004113|200009|100000.00|0|005|355|||||8.750|0.00||||||||||||||||||||100000.00
F00Q10004113|200010|100000.00|0|006|354|||||8.750|0.00||||||||||||||||||||100000.00
F00Q10004113|200011|99588.35|0|007|353|||||8.750|0.00||||||||||||||||||||99588.35
F00Q10004113|200012|99588.35|0|008|352|||||8.750|0.00||||||||||||||||||||99588.35
F00Q10004113|200101|99588.35|0|009|351|||||8.750|0.00||||||||||||||||||||99588.35
F00Q10004113|200102|99405.42|0|010|350|||||8.750|0.00||||||||||||||||||||99405.42
F00Q10004113|200103|99405.42|1|011|349|||||8.750|0.00||||||||||||||||||||99405.42
F00Q10004113|200104|99405.42|0|012|348|||||8.750|0.00||||||||||||||||||||99405.42
F00Q10004113|200105|99281.23|0|013|347|||||8.750|0.00||||||||||||||||||||99281.23
F00Q10004113|200106|99150.85|0|014|346|||||8.750|0.00||||||||||||||||||||99150.85
F00Q10004113|200107|99087.13|0|015|345|||||8.750|0.00||||||||||||||||||||99087.13
F00Q10004113|200108|99022.94|0|016|344|||||8.750|0.00||||||||||||||||||||99022.94
F00Q10004113|200109|99022.94|0|017|343|||||8.750|0.00||||||||||||||||||||99022.94
F00Q10004113|200110|98958.28|0|018|342|||||8.750|0.00||||||||||||||||||||98958.28
F00Q10004113|200111|98893.15|1|019|341|||||8.750|0.00||||||||||||||||||||98893.15
F00Q10004113|200112|98761.47|0|020|340|||||8.750|0.00||||||||||||||||||||98761.47
F00Q10004113|200201|98761.47|1|021|339|||||8.750|0.00||||||||||||||||||||98761.47
F00Q10004113|200202|98627.86|0|022|338|||||8.750|0.00||||||||||||||||||||98627.86
F00Q10004113|200203|98627.86|1|023|337|||||8.750|0.00||||||||||||||||||||98627.86
F00Q10004113|200204|98560.32|1|024|336|||||8.750|0.00||||||||||||||||||||98560.32
F00Q10004113|200205|98560.32|2|025|335|||||8.750|0.00||||||||||||||||||||98560.32
F00Q10004113|200206|98560.32|3|026|334|||||8.750|0.00||||||||||||||||||||98560.32
F00Q10004113|200207|98285.20|0|027|333|||||8.750|0.00||||||||||||||||||||98285.20
F00Q10004113|200208|98215.16|0|028|332|||||8.750|0.00||||||||||||||||||||98215.16
F00Q10004113|200209|98215.16|1|029|331|||||8.750|0.00||||||||||||||||||||98215.16
F00Q10004113|200210|98215.16|1|030|330|||||8.750|0.00||||||||||||||||||||98215.16
F00Q10004113|200211|98073.55|1|031|329|||||8.750|0.00||||||||||||||||||||98073.55
F00Q10004113|200212|98073.55|2|032|328|||||8.750|0.00||||||||||||||||||||98073.55
F00Q10004113|200301|98001.97|2|033|327|||||8.750|0.00||||||||||||||||||||98001.97
F00Q10004113|200302|98001.97|3|034|326|||||8.750|0.00||||||||||||||||||||98001.97
F00Q10004113|200303|98001.97|4|035|325|||||8.750|0.00||||||||||||||||||||98001.97
F00Q10004113|200304|98001.97|0|036|324|||||8.750|0.00||||||||||||||||||||98001.97
F00Q10004113|200305|97425.13|0|037|323|||||8.750|0.00||||||||||||||||||||97425.13
F00Q10004113|200306|97345.87|0|038|322|||||8.750|0.00||||||||||||||||||||97345.87
F00Q10004113|200307|97265.92|0|039|321|||||8.750|0.00||||||||||||||||||||97265.92
F00Q10004113|200308|97265.92|0|040|320|||||8.750|0.00||||||||||||||||||||97265.92
F00Q10004113|200309|97163.39|0|041|319|||||8.750|0.00||||||||||||||||||||97163.39
F00Q10004113|200310|96981.32|0|042|318|||||8.750|0.00||||||||||||||||||||96981.32
F00Q10004113|200311|96901.78|0|043|317|||||8.750|0.00||||||||||||||||||||96901.78
F00Q10004113|200312|96821.60|0|044|316|||||8.750|0.00||||||||||||||||||||96821.60
F00Q10004113|200401|96740.83|0|045|315|||||8.750|0.00||||||||||||||||||||96740.83
F00Q10004113|200402|96740.83|1|046|314|||||8.750|0.00||||||||||||||||||||96740.83
F00Q10004113|200403|96577.64|0|047|313|||||8.750|0.00||||||||||||||||||||96577.64
F00Q10004113|200404|96577.64|0|048|312|||||8.750|0.00||||||||||||||||||||96577.64
F00Q10004113|200405|0.00|0|049|311|||01|200405|8.750|0.00|||||||||||||||96577.64|||||0.00
F00Q10004120|200004|74000.00|0|000|360|||||9.250|0.00||||||||||||||||||||74000.00
F00Q10004120|200005|74000.00|0|001|359|||||9.250|0.00||||||||||||||||||||74000.00
F00Q10004120|200006|74000.00|0|002|358|||||9.250|0.00||||||||||||||||||||74000.00
F00Q10004120|200007|74000.00|0|003|357|||||9.250|0.00||||||||||||||||||||74000.00
F00Q10004120|200008|74000.00|0|004|356|||||9.250|0.00||||||||||||||||||||74000.00
F00Q10004120|200009|74000.00|0|005|355|||||9.250|0.00||||||||||||||||||||74000.00
F00Q10004120|200010|73000.00|0|006|354|||||9.250|0.00||||||||||||||||||||73000.00
F00Q10004120|200011|73401.22|0|007|353|||||9.250|0.00||||||||||||||||||||73401.22
F00Q10004120|200012|73313.02|0|008|352|||||9.250|0.00||||||||||||||||||||73313.02
F00Q10004120|200101|73224.14|0|009|351|||||9.250|0.00||||||||||||||||||||73224.14
F00Q10004120|200102|73134.58|0|010|350|||||9.250|0.00||||||||||||||||||||73134.58
F00Q10004120|200103|73044.33|0|011|349|||||9.250|0.00||||||||||||||||||||73044.33
F00Q10004120|200104|72953.38|0|012|348|||||9.250|0.00||||||||||||||||||||72953.38
F00Q10004120|200105|72861.73|0|013|347|||||9.250|0.00||||||||||||||||||||72861.73
F00Q10004120|200106|72812.55|0|014|346|||||9.250|0.00||||||||||||||||||||72812.55
F00Q10004120|200107|72765.03|0|015|345|||||9.250|0.00||||||||||||||||||||72765.03
F00Q10004120|200108|0.00|0|016|344|||01|200108|9.250|0.00|||||||||||||||72765.03|||||0.00
F00Q10004121|200004|123000.00|0|000|360|||||8.750|0.00||||||||||||||||||||123000.00
F00Q10004121|200005|123000.00|0|001|359|||||8.750|0.00||||||||||||||||||||123000.00
F00Q10004121|200006|122000.00|0|002|358|||||8.750|0.00||||||||||||||||||||122000.00
F00Q10004121|200007|122000.00|0|003|357|||||8.750|0.00||||||||||||||||||||122000.00
F00Q10004121|200008|122000.00|0|004|356|||||8.750|0.00||||||||||||||||||||122000.00
F00Q10004121|200009|122000.00|0|005|355|||||8.750|0.00||||||||||||||||||||122000.00
F00Q10004121|200010|121000.00|0|006|354|||||8.750|0.00||||||||||||||||||||121000.00
F00Q10004121|200011|121413.03|0|007|353|||||8.750|0.00||||||||||||||||||||121413.03
F00Q10004121|200012|121232.26|0|008|352|||||8.750|0.00||||||||||||||||||||121232.26
F00Q10004121|200101|121050.18|0|009|351|||||8.750|0.00||||||||||||||||||||121050.18
F00Q10004121|200102|120866.77|0|010|350|||||8.750|0.00||||||||||||||||||||120866.77
F00Q10004121|200103|120702.42|0|011|349|||||8.750|0.00||||||||||||||||||||120702.42
F00Q10004121|200104|0.00|0|012|348|||01|200104|8.750|0.00|||||||||||||||120702.42|||||0.00
F00Q10004124|200008|120000.00|0|000|360|||||8.375|0.00||||||||||||||||||||120000.00
F00Q10004124|200009|120000.00|0|001|359|||||8.375|0.00||||||||||||||||||||120000.00
F00Q10004124|200010|120000.00|0|002|358|||||8.375|0.00||||||||||||||||||||120000.00
F00Q10004124|200011|120000.00|0|003|357|||||8.375|0.00||||||||||||||||||||120000.00
F00Q10004124|200012|120000.00|0|004|356|||||8.375|0.00||||||||||||||||||||120000.00
F00Q10004124|200101|120000.00|0|005|355|||||8.375|0.00||||||||||||||||||||120000.00
F00Q10004124|200102|120000.00|0|006|354|||||8.375|0.00||||||||||||||||||||120000.00
F00Q10004124|200103|119466.22|0|007|353|||||8.375|0.00||||||||||||||||||||119466.22
F00Q10004124|200104|119387.90|0|008|352|||||8.375|0.00||||||||||||||||||||119387.90
F00Q10004124|200105|119309.04|0|009|351|||||8.375|0.00||||||||||||||||||||119309.04
F00Q10004124|200106|119229.63|0|010|350|||||8.375|0.00||||||||||||||||||||119229.63
F00Q10004124|200107|119149.66|0|011|349|||||8.375|0.00||||||||||||||||||||119149.66
F00Q10004124|200108|119069.14|0|012|348|||||8.375|0.00||||||||||||||||||||119069.14
F00Q10004124|200109|118988.05|0|013|347|||||8.375|0.00||||||||||||||||||||118988.05
F00Q10004124|200110|118906.40|0|014|346|||||8.375|0.00||||||||||||||||||||118906.40
F00Q10004124|200111|118824.18|0|015|345|||||8.375|0.00||||||||||||||||||||118824.18
F00Q10004124|200112|118741.38|0|016|344|||||8.375|0.00||||||||||||||||||||118741.38
F00Q10004124|200201|118658.01|0|017|343|||||8.375|0.00||||||||||||||||||||118658.01
F00Q10004124|200202|118574.05|0|018|342|||||8.375|0.00||||||||||||||||||||118574.05
F00Q10004124|200203|118489.51|0|019|341|||||8.375|0.00||||||||||||||||||||118489.51
F00Q10004124|200204|118304.38|0|020|340|||||8.375|0.00||||||||||||||||||||118304.38
F00Q10004124|200205|118117.96|0|021|339|||||8.375|0.00||||||||||||||||||||118117.96
F00Q10004124|200206|118030.23|0|022|338|||||8.375|0.00||||||||||||||||||||118030.23
F00Q10004124|200207|117941.89|0|023|337|||||8.375|0.00||||||||||||||||||||117941.89
F00Q10004124|200208|117752.94|0|024|336|||||8.375|0.00||||||||||||||||||||117752.94
F00Q10004124|200209|117511.59|0|025|335|||||8.375|0.00||||||||||||||||||||117511.59
F00Q10004124|200210|117319.63|0|026|334|||||8.375|0.00||||||||||||||||||||117319.63
F00Q10004124|200211|117076.33|0|027|333|||||8.375|0.00||||||||||||||||||||117076.33
F00Q10004124|200212|116981.34|0|028|332|||||8.375|0.00||||||||||||||||||||116981.34
F00Q10004124|200301|116885.68|0|029|331|||||8.375|0.00||||||||||||||||||||116885.68
F00Q10004124|200302|0.00|0|030|330|||01|200302|8.375|0.00|||||||||||||||116885.68|||||0.00
F00Q10004144|200004|55000.00|0|000|360|||||8.625|0.00||||||||||||||||||||55000.00
F00Q10004144|200005|55000.00|0|001|359|||||8.625|0.00||||||||||||||||||||55000.00
F00Q10004144|200006|55000.00|0|002|358|||||8.625|0.00||||||||||||||||||||55000.00
F00Q10004144|200007|55000.00|0|003|357|||||8.625|0.00||||||||||||||||||||55000.00
F00Q10004144|200008|55000.00|0|004|356|||||8.625|0.00||||||||||||||||||||55000.00
F00Q10004144|200009|55000.00|0|005|355|||||8.625|0.00||||||||||||||||||||55000.00
F00Q10004144|200010|55000.00|0|006|354|||||8.625|0.00||||||||||||||||||||55000.00
F00Q10004144|200011|54733.63|0|007|353|||||8.625|0.00||||||||||||||||||||54733.63
F00Q10004144|200012|54733.55|0|008|352|||||8.625|0.00||||||||||||||||||||54733.55
F00Q10004144|200101|54699.17|0|009|351|||||8.625|0.00||||||||||||||||||||54699.17
F00Q10004144|200102|54629.66|0|010|350|||||8.625|0.00||||||||||||||||||||54629.66
F00Q10004144|200103|54629.66|0|011|349|||||8.625|0.00||||||||||||||||||||54629.66
F00Q10004144|200104|54594.53|0|012|348|||||8.625|0.00||||||||||||||||||||54594.53
F00Q10004144|200105|54523.51|0|013|347|||||8.625|0.00||||||||||||||||||||54523.51
F00Q10004144|200106|54487.62|0|014|346|||||8.625|0.00||||||||||||||||||||54487.62
F00Q10004144|200107|54451.47|0|015|345|||||8.625|0.00||||||||||||||||||||54451.47
F00Q10004144|200108|54414.97|0|016|344|||||8.625|0.00||||||||||||||||||||54414.97
F00Q10004144|200109|54414.97|0|017|343|||||8.625|0.00||||||||||||||||||||54414.97
F00Q10004144|200110|54378.30|0|018|342|||||8.625|0.00||||||||||||||||||||54378.30
F00Q10004144|200111|54341.36|0|019|341|||||8.625|0.00||||||||||||||||||||54341.36
F00Q10004144|200112|54266.69|0|020|340|||||8.625|0.00||||||||||||||||||||54266.69
F00Q10004144|200201|54228.95|0|021|339|||||8.625|0.00||||||||||||||||||||54228.95
F00Q10004144|200202|54228.95|0|022|338|||||8.625|0.00||||||||||||||||||||54228.95
F00Q10004144|200203|53591.60|0|023|337|||||8.625|0.00||||||||||||||||||||53591.60
F00Q10004144|200204|53549.01|0|024|336|||||8.625|0.00||||||||||||||||||||53549.01
F00Q10004144|200205|53549.01|0|025|335|||||8.625|0.00||||||||||||||||||||53549.01
F00Q10004144|200206|53419.38|0|026|334|||||8.625|0.00||||||||||||||||||||53419.38
F00Q10004144|200207|53419.38|0|027|333|||||8.625|0.00||||||||||||||||||||53419.38
F00Q10004144|200208|53375.55|0|028|332|||||8.625|0.00||||||||||||||||||||53375.55
F00Q10004144|200209|53331.41|0|029|331|||||8.625|0.00||||||||||||||||||||53331.41
F00Q10004144|200210|53331.41|0|030|330|||||8.625|0.00||||||||||||||||||||53331.41
F00Q10004144|200211|53151.64|0|031|329|||||8.625|0.00||||||||||||||||||||53151.64
F00Q10004144|200212|53151.64|0|032|328|||||8.625|0.00||||||||||||||||||||53151.64
F00Q10004144|200301|53105.89|0|033|327|||||8.625|0.00||||||||||||||||||||53105.89
F00Q10004144|200302|53013.40|0|034|326|||||8.625|0.00||||||||||||||||||||53013.40
F00Q10004144|200303|53013.40|0|035|325|||||8.625|0.00||||||||||||||||||||53013.40
F00Q10004144|200304|52966.65|0|036|324|||||8.625|0.00||||||||||||||||||||52966.65
F00Q10004144|200305|52919.57|0|037|323|||||8.625|0.00||||||||||||||||||||52919.57
F00Q10004144|200306|52872.15|0|038|322|||||8.625|0.00||||||||||||||||||||52872.15
F00Q10004144|200307|52824.39|0|039|321|||||8.625|0.00||||||||||||||||||||52824.39
F00Q10004144|200308|52776.28|0|040|320|||||8.625|0.00||||||||||||||||||||52776.28
F00Q10004144|200309|52727.83|0|041|319|||||8.625|0.00||||||||||||||||||||52727.83
F00Q10004144|200310|52679.02|0|042|318|||||8.625|0.00||||||||||||||||||||52679.02
F00Q10004144|200311|52629.86|0|043|317|||||8.625|0.00||||||||||||||||||||52629.86
F00Q10004144|200312|52580.35|0|044|316|||||8.625|0.00||||||||||||||||||||52580.35
F00Q10004144|200401|52530.48|0|045|315|||||8.625|0.00||||||||||||||||||||52530.48
F00Q10004144|200402|52530.48|0|046|314|||||8.625|0.00||||||||||||||||||||52530.48
F00Q10004144|200403|52429.66|0|047|313|||||8.625|0.00||||||||||||||||||||52429.66
F00Q10004144|200404|0.00|0|048|312|||01|200404|8.625|0.00|||||||||||||||52429.66|||||0.00
F00Q10004146|200103|81000.00|0|006|174|||||8.000|0.00||||||||||||||||||||81000.00
F00Q10004146|200104|80554.26|0|007|173|||||8.000|0.00||||||||||||||||||||80554.26
F00Q10004146|200105|80059.39|0|008|172|||||8.000|0.00||||||||||||||||||||80059.39
F00Q10004146|200106|79809.48|0|009|171|||||8.000|0.00||||||||||||||||||||79809.48
F00Q10004146|200107|79809.48|0|010|170|||||8.000|0.00||||||||||||||||||||79809.48
F00Q10004146|200108|79304.65|0|011|169|||||8.000|0.00||||||||||||||||||||79304.65
F00Q10004146|200109|79049.71|0|012|168|||||8.000|0.00||||||||||||||||||||79049.71
F00Q10004146|200110|78793.07|0|013|167|||||8.000|0.00||||||||||||||||||||78793.07
F00Q10004146|200111|0.00|0|014|166|||01|200111|8.000|0.00|||||||||||||||78793.07|||||0.00
F00Q10004156|200103|254000.00|0|001|349|||||7.250|0.00||||||||||||||||||||254000.00
F00Q10004156|200104|254000.00|0|002|348|||||7.250|0.00||||||||||||||||||||254000.00
F00Q10004156|200105|253000.00|0|003|347|||||7.250|0.00||||||||||||||||||||253000.00
F00Q10004156|200106|253000.00|0|004|346|||||7.250|0.00||||||||||||||||||||253000.00
F00Q10004156|200107|253000.00|0|005|345|||||7.250|0.00||||||||||||||||||||253000.00
F00Q10004156|200108|253000.00|0|006|344|||||7.250|0.00||||||||||||||||||||253000.00
F00Q10004156|200109|252482.80|0|007|343|||||7.250|0.00||||||||||||||||||||252482.80
F00Q10004156|200110|252261.22|0|008|342|||||7.250|0.00||||||||||||||||||||252261.22
F00Q10004156|200111|252035.30|0|009|341|||||7.250|0.00||||||||||||||||||||252035.30
F00Q10004156|200112|251811.01|0|010|340|||||7.250|0.00||||||||||||||||||||251811.01
F00Q10004156|200201|251585.37|0|011|339|||||7.250|0.00||||||||||||||||||||251585.37
F00Q10004156|200202|251358.37|0|012|338|||||7.250|0.00||||||||||||||||||||251358.37
F00Q10004156|200203|251126.99|0|013|337|||||7.250|0.00||||||||||||||||||||251126.99
F00Q10004156|200204|250894.22|0|014|336|||||7.250|0.00||||||||||||||||||||250894.22
F00Q10004156|200205|250424.44|0|015|335|||||7.250|0.00||||||||||||||||||||250424.44
F00Q10004156|200206|250424.44|0|016|334|||||7.250|0.00||||||||||||||||||||250424.44
F00Q10004156|200207|0.00|0|017|333|||01|200207|7.250|0.00|||||||||||||||250424.44|||||0.00
F00Q10004162|200103|257000.00|0|001|348|||||7.250|0.00||||||||||||||||||||257000.00
F00Q10004162|200104|256000.00|0|002|347|||||7.250|0.00||||||||||||||||||||256000.00
F00Q10004162|200105|256000.00|0|003|346|||||7.250|0.00||||||||||||||||||||256000.00
F00Q10004162|200106|255000.00|0|004|345|||||7.250|0.00||||||||||||||||||||255000.00
F00Q10004162|200107|255000.00|0|005|344|||||7.250|0.00||||||||||||||||||||255000.00
F00Q10004162|200108|255000.00|0|006|343|||||7.250|0.00||||||||||||||||||||255000.00
F00Q10004162|200109|254398.46|0|007|342|||||7.250|0.00||||||||||||||||||||254398.46
F00Q10004162|200110|254135.45|0|008|341|||||7.250|0.00||||||||||||||||||||254135.45
F00Q10004162|200111|253870.85|0|009|340|||||7.250|0.00||||||||||||||||||||253870.85
F00Q10004162|200112|253604.65|0|010|339|||||7.250|0.00||||||||||||||||||||253604.65
F00Q10004162|200201|253196.84|0|011|338|||||7.250|0.00||||||||||||||||||||253196.84
F00Q10004162|200202|252826.57|0|012|337|||||7.250|0.00||||||||||||||||||||252826.57
F00Q10004162|200203|252354.06|0|013|336|||||7.250|0.00||||||||||||||||||||252354.06
F00Q10004162|200204|251450.17|0|014|335|||||7.250|0.00||||||||||||||||||||251450.17
F00Q10004162|200205|251169.35|0|015|334|||||7.250|0.00||||||||||||||||||||251169.35
F00Q10004162|200206|250786.83|0|016|333|||||7.250|0.00||||||||||||||||||||250786.83
F00Q10004162|200207|250786.83|0|017|332|||||7.250|0.00||||||||||||||||||||250786.83
F00Q10004162|200208|0.00|0|018|331|||01|200208|7.250|0.00|||||||||||||||250786.83|||||0.00
F00Q10004196|200002|135000.00|0|000|360|||||7.625|0.00||||||||||||||||||||135000.00
F00Q10004196|200003|135000.00|0|001|359|||||7.625|0.00||||||||||||||||||||135000.00
F00Q10004196|200004|135000.00|0|002|358|||||7.625|0.00||||||||||||||||||||135000.00
F00Q10004196|200005|135000.00|0|003|357|||||7.625|0.00||||||||||||||||||||135000.00
F00Q10004196|200006|135000.00|0|004|356|||||7.625|0.00||||||||||||||||||||135000.00
F00Q10004196|200007|135000.00|0|005|355|||||7.625|0.00||||||||||||||||||||135000.00
F00Q10004196|200008|134000.00|0|006|354|||||7.625|0.00||||||||||||||||||||134000.00
F00Q10004196|200009|134302.81|0|007|353|||||7.625|0.00||||||||||||||||||||134302.81
F00Q10004196|200010|134200.66|0|008|352|||||7.625|0.00||||||||||||||||||||134200.66
F00Q10004196|200011|134097.86|0|009|351|||||7.625|0.00||||||||||||||||||||134097.86
F00Q10004196|200012|133994.41|0|010|350|||||7.625|0.00||||||||||||||||||||133994.41
F00Q10004196|200101|133890.30|0|011|349|||||7.625|0.00||||||||||||||||||||133890.30
F00Q10004196|200102|133785.53|0|012|348|||||7.625|0.00||||||||||||||||||||133785.53
F00Q10004196|200103|133680.10|0|013|347|||||7.625|0.00||||||||||||||||||||133680.10
F00Q10004196|200104|133574.00|0|014|346|||||7.625|0.00||||||||||||||||||||133574.00
F00Q10004196|200105|133467.22|0|015|345|||||7.625|0.00||||||||||||||||||||133467.22
F00Q10004196|200106|133359.76|0|016|344|||||7.625|0.00||||||||||||||||||||133359.76
F00Q10004196|200107|133251.62|0|017|343|||||7.625|0.00||||||||||||||||||||133251.62
F00Q10004196|200108|133142.79|0|018|342|||||7.625|0.00||||||||||||||||||||133142.79
F00Q10004196|200109|133033.27|0|019|341|||||7.625|0.00||||||||||||||||||||133033.27
F00Q10004196|200110|132923.06|0|020|340|||||7.625|0.00||||||||||||||||||||132923.06
F00Q10004196|200111|132812.15|0|021|339|||||7.625|0.00||||||||||||||||||||132812.15
F00Q10004196|200112|132700.53|0|022|338|||||7.625|0.00||||||||||||||||||||132700.53
F00Q10004196|200201|132588.20|0|023|337|||||7.625|0.00||||||||||||||||||||132588.20
F00Q10004196|200202|132475.16|0|024|336|||||7.625|0.00||||||||||||||||||||132475.16
F00Q10004196|200203|132361.40|0|025|335|||||7.625|0.00||||||||||||||||||||132361.40
F00Q10004196|200204|132246.92|0|026|334|||||7.625|0.00||||||||||||||||||||132246.92
F00Q10004196|200205|132131.71|0|027|333|||||7.625|0.00||||||||||||||||||||132131.71
F00Q10004196|200206|132015.77|0|028|332|||||7.625|0.00||||||||||||||||||||132015.77
F00Q10004196|200207|131899.09|0|029|331|||||7.625|0.00||||||||||||||||||||131899.09
F00Q10004196|200208|131781.67|0|030|330|||||7.625|0.00||||||||||||||||||||131781.67
F00Q10004196|200209|131663.50|0|031|329|||||7.625|0.00||||||||||||||||||||131663.50
F00Q10004196|200210|131544.58|0|032|328|||||7.625|0.00||||||||||||||||||||131544.58
F00Q10004196|200211|131424.91|0|033|327|||||7.625|0.00||||||||||||||||||||131424.91
F00Q10004196|200212|131304.48|0|034|326|||||7.625|0.00||||||||||||||||||||131304.48
F00Q10004196|200301|131183.28|0|035|325|||||7.625|0.00||||||||||||||||||||131183.28
F00Q10004196|200302|131061.31|0|036|324|||||7.625|0.00||||||||||||||||||||131061.31
F00Q10004196|200303|130938.57|0|037|323|||||7.625|0.00||||||||||||||||||||130938.57
F00Q10004196|200304|130815.05|0|038|322|||||7.625|0.00||||||||||||||||||||130815.05
F00Q10004196|200305|130690.74|0|039|321|||||7.625|0.00||||||||||||||||||||130690.74
F00Q10004196|200306|0.00|0|040|320|||01|200306|7.625|0.00|||||||||||||||130690.74|||||0.00
F00Q10004233|200002|89000.00|0|000|240|||||8.250|0.00||||||||||||||||||||89000.00
F00Q10004233|200003|82000.00|0|001|239|||||8.250|0.00||||||||||||||||||||82000.00
F00Q10004233|200004|82000.00|0|002|238|||||8.250|0.00||||||||||||||||||||82000.00
F00Q10004233|200005|82000.00|0|003|237|||||8.250|0.00||||||||||||||||||||82000.00
F00Q10004233|200006|82000.00|0|004|236|||||8.250|0.00||||||||||||||||||||82000.00
F00Q10004233|200007|82000.00|0|005|235|||||8.250|0.00||||||||||||||||||||82000.00
F00Q10004233|200008|81000.00|0|006|234|||||8.250|0.00||||||||||||||||||||81000.00
F00Q10004233|200009|81137.25|0|007|233|||||8.250|0.00||||||||||||||||||||81137.25
F00Q10004233|200010|80940.99|0|008|232|||||8.250|0.00||||||||||||||||||||80940.99
F00Q10004233|200011|80743.38|0|009|231|||||8.250|0.00||||||||||||||||||||80743.38
F00Q10004233|200012|80544.41|0|010|230|||||8.250|0.00||||||||||||||||||||80544.41
F00Q10004233|200101|80344.07|0|011|229|||||8.250|0.00||||||||||||||||||||80344.07
F00Q10004233|200102|80121.95|0|012|228|||||8.250|0.00||||||||||||||||||||80121.95
F00Q10004233|200103|79898.71|0|013|227|||||8.250|0.00||||||||||||||||||||79898.71
F00Q10004233|200104|79693.93|0|014|226|||||8.250|0.00||||||||||||||||||||79693.93
F00Q10004233|200105|79487.75|0|015|225|||||8.250|0.00||||||||||||||||||||79487.75
F00Q10004233|200106|79280.15|0|016|224|||||8.250|0.00||||||||||||||||||||79280.15
F00Q10004233|200107|79071.12|0|017|223|||||8.250|0.00||||||||||||||||||||79071.12
F00Q10004233|200108|78860.65|0|018|222|||||8.250|0.00||||||||||||||||||||78860.65
F00Q10004233|200109|78648.74|0|019|221|||||8.250|0.00||||||||||||||||||||78648.74
F00Q10004233|200110|78435.37|0|020|220|||||8.250|0.00||||||||||||||||||||78435.37
F00Q10004233|200111|78220.53|0|021|219|||||8.250|0.00||||||||||||||||||||78220.53
F00Q10004233|200112|78004.22|0|022|218|||||8.250|0.00||||||||||||||||||||78004.22
F00Q10004233|200201|77786.42|0|023|217|||||8.250|0.00||||||||||||||||||||77786.42
F00Q10004233|200202|77567.12|0|024|216|||||8.250|0.00||||||||||||||||||||77567.12
F00Q10004233|200203|77346.31|0|025|215|||||8.250|0.00||||||||||||||||||||77346.31
F00Q10004233|200204|77119.41|0|026|214|||||8.250|0.00||||||||||||||||||||77119.41
F00Q10004233|200205|76895.53|0|027|213|||||8.250|0.00||||||||||||||||||||76895.53
F00Q10004233|200206|76670.11|0|028|212|||||8.250|0.00||||||||||||||||||||76670.11
F00Q10004233|200207|76443.14|0|029|211|||||8.250|0.00||||||||||||||||||||76443.14
F00Q10004233|200208|76214.61|0|030|210|||||8.250|0.00||||||||||||||||||||76214.61
F00Q10004233|200209|75984.51|0|031|209|||||8.250|0.00||||||||||||||||||||75984.51
F00Q10004233|200210|75752.82|0|032|208|||||8.250|0.00||||||||||||||||||||75752.82
F00Q10004233|200211|75519.54|0|033|207|||||8.250|0.00||||||||||||||||||||75519.54
F00Q10004233|200212|0.00|0|034|206|||01|200212|8.250|0.00|||||||||||||||75519.54|||||0.00
F00Q10004291|200002|90000.00|0|000|240|||||8.000|0.00||||||||||||||||||||90000.00
F00Q10004291|200003|90000.00|0|001|239|||||8.000|0.00||||||||||||||||||||90000.00
F00Q10004291|200004|90000.00|0|002|238|||||8.000|0.00||||||||||||||||||||90000.00
F00Q10004291|200005|90000.00|0|003|237|||||8.000|0.00||||||||||||||||||||90000.00
F00Q10004291|200006|89000.00|0|004|236|||||8.000|0.00||||||||||||||||||||89000.00
F00Q10004291|200007|89000.00|0|005|235|||||8.000|0.00||||||||||||||||||||89000.00
F00Q10004291|200008|89000.00|0|006|234|||||8.000|0.00||||||||||||||||||||89000.00
F00Q10004291|200009|88908.77|0|007|233|||||8.000|0.00||||||||||||||||||||88908.77
F00Q10004291|200010|88748.70|0|008|232|||||8.000|0.00||||||||||||||||||||88748.70
F00Q10004291|200011|88587.56|0|009|231|||||8.000|0.00||||||||||||||||||||88587.56
F00Q10004291|200012|88425.34|0|010|230|||||8.000|0.00||||||||||||||||||||88425.34
F00Q10004291|200101|88262.04|0|011|229|||||8.000|0.00||||||||||||||||||||88262.04
F00Q10004291|200102|88097.65|0|012|228|||||8.000|0.00||||||||||||||||||||88097.65
F00Q10004291|200103|87932.17|0|013|227|||||8.000|0.00||||||||||||||||||||87932.17
F00Q10004291|200104|87765.58|0|014|226|||||8.000|0.00||||||||||||||||||||87765.58
F00Q10004291|200105|0.00|0|015|225|||01|200105|8.000|0.00|||||||||||||||87765.58|||||0.00
F00Q10004317|200002|100000.00|0|000|300|||||7.875|0.00||||||||||||||||||||100000.00
F00Q10004317|200003|100000.00|0|001|299|||||7.875|0.00||||||||||||||||||||100000.00
F00Q10004317|200004|100000.00|0|002|298|||||7.875|0.00||||||||||||||||||||100000.00
F00Q10004317|200005|100000.00|0|003|297|||||7.875|0.00||||||||||||||||||||100000.00
F00Q10004317|200006|100000.00|0|004|296|||||7.875|0.00||||||||||||||||||||100000.00
F00Q10004317|200007|99000.00|0|005|295|||||7.875|0.00||||||||||||||||||||99000.00
F00Q10004317|200008|99000.00|0|006|294|||||7.875|0.00||||||||||||||||||||99000.00
F00Q10004317|200009|99233.88|0|007|293|||||7.875|0.00||||||||||||||||||||99233.88
F00Q10004317|200010|99121.54|0|008|292|||||7.875|0.00||||||||||||||||||||99121.54
F00Q10004317|200011|99008.47|0|009|291|||||7.875|0.00||||||||||||||||||||99008.47
F00Q10004317|200012|98894.65|0|010|290|||||7.875|0.00||||||||||||||||||||98894.65
F00Q10004317|200101|98780.09|0|011|289|||||7.875|0.00||||||||||||||||||||98780.09
F00Q10004317|200102|98664.77|0|012|288|||||7.875|0.00||||||||||||||||||||98664.77
F00Q10004317|200103|98548.70|0|013|287|||||7.875|0.00||||||||||||||||||||98548.70
F00Q10004317|200104|98431.87|0|014|286|||||7.875|0.00||||||||||||||||||||98431.87
F00Q10004317|200105|98314.27|0|015|285|||||7.875|0.00||||||||||||||||||||98314.27
F00Q10004317|200106|98195.90|0|016|284|||||7.875|0.00||||||||||||||||||||98195.90
F00Q10004317|200107|98076.75|0|017|283|||||7.875|0.00||||||||||||||||||||98076.75
F00Q10004317|200108|97956.82|0|018|282|||||7.875|0.00||||||||||||||||||||97956.82
F00Q10004317|200109|97836.10|0|019|281|||||7.875|0.00||||||||||||||||||||97836.10
F00Q10004317|200110|97714.59|0|020|280|||||7.875|0.00||||||||||||||||||||97714.59
F00Q10004317|200111|97592.28|0|021|279|||||7.875|0.00||||||||||||||||||||97592.28
F00Q10004317|200112|97469.17|0|022|278|||||7.875|0.00||||||||||||||||||||97469.17
F00Q10004317|200201|97345.25|0|023|277|||||7.875|0.00||||||||||||||||||||97345.25
F00Q10004317|200202|0.00|0|024|276|||01|200202|7.875|0.00|||||||||||||||97345.25|||||0.00
F00Q10004325|200002|134000.00|0|000|360|||||8.500|0.00||||||||||||||||||||134000.00
F00Q10004325|200003|134000.00|0|001|359|||||8.500|0.00||||||||||||||||||||134000.00
F00Q10004325|200004|134000.00|0|002|358|||||8.500|0.00||||||||||||||||||||134000.00
F00Q10004325|200005|134000.00|0|003|357|||||8.500|0.00||||||||||||||||||||134000.00
F00Q10004325|200006|134000.00|0|004|356|||||8.500|0.00||||||||||||||||||||134000.00
F00Q10004325|200007|134000.00|0|005|355|||||8.500|0.00||||||||||||||||||||134000.00
F00Q10004325|200008|134000.00|0|006|354|||||8.500|0.00||||||||||||||||||||134000.00
F00Q10004325|200009|133419.49|0|007|353|||||8.500|0.00||||||||||||||||||||133419.49
F00Q10004325|200010|133334.19|0|008|352|||||8.500|0.00||||||||||||||||||||133334.19
F00Q10004325|200011|133248.29|0|009|351|||||8.500|0.00||||||||||||||||||||133248.29
F00Q10004325|200012|133161.78|0|010|350|||||8.500|0.00||||||||||||||||||||133161.78
F00Q10004325|200101|133074.66|0|011|349|||||8.500|0.00||||||||||||||||||||133074.66
F00Q10004325|200102|132986.92|0|012|348|||||8.500|0.00||||||||||||||||||||132986.92
F00Q10004325|200103|132898.56|0|013|347|||||8.500|0.00||||||||||||||||||||132898.56
F00Q10004325|200104|0.00|0|014|346|||01|200104|8.500|0.00|||||||||||||||132898.56|||||0.00
F00Q10004331|200002|94000.00|0|000|360|||||8.500|0.00||||||||||||||||||||94000.00
F00Q10004331|200003|93000.00|0|001|359|||||8.500|0.00||||||||||||||||||||93000.00
F00Q10004331|200004|93000.00|0|002|358|||||8.500|0.00||||||||||||||||||||93000.00
F00Q10004331|200005|92000.00|0|003|357|||||8.500|0.00||||||||||||||||||||92000.00
F00Q10004331|200006|92000.00|0|004|356|||||8.500|0.00||||||||||||||||||||92000.00
F00Q10004331|200007|91000.00|0|005|355|||||8.500|0.00||||||||||||||||||||91000.00
F00Q10004331|200008|91000.00|0|006|354|||||8.500|0.00||||||||||||||||||||91000.00
F00Q10004331|200009|90109.88|0|007|353|||||8.500|0.00||||||||||||||||||||90109.88
F00Q10004331|200010|89597.15|0|008|352|||||8.500|0.00||||||||||||||||||||89597.15
F00Q10004331|200011|89080.81|0|009|351|||||8.500|0.00||||||||||||||||||||89080.81
F00Q10004331|200012|88560.81|0|010|350|||||8.500|0.00||||||||||||||||||||88560.81
F00Q10004331|200101|88037.13|0|011|349|||||8.500|0.00||||||||||||||||||||88037.13
F00Q10004331|200102|87509.74|0|012|348|||||8.500|0.00||||||||||||||||||||87509.74
F00Q10004331|200103|86978.61|0|013|347|||||8.500|0.00||||||||||||||||||||86978.61
F00Q10004331|200104|86443.72|0|014|346|||||8.500|0.00||||||||||||||||||||86443.72
F00Q10004331|200105|85905.04|0|015|345|||||8.500|0.00||||||||||||||||||||85905.04
F00Q10004331|200106|85362.54|0|016|344|||||8.500|0.00||||||||||||||||||||85362.54
F00Q10004331|200107|84816.20|0|017|343|||||8.500|0.00||||||||||||||||||||84816.20
F00Q10004331|200108|84265.99|0|018|342|||||8.500|0.00||||||||||||||||||||84265.99
F00Q10004331|200109|83630.26|0|019|341|||||8.500|0.00||||||||||||||||||||83630.26
F00Q10004331|200110|83015.62|0|020|340|||||8.500|0.00||||||||||||||||||||83015.62
F00Q10004331|200111|82371.04|0|021|339|||||8.500|0.00||||||||||||||||||||82371.04
F00Q10004331|200112|81021.89|0|022|338|||||8.500|0.00||||||||||||||||||||81021.89
F00Q10004331|200201|79663.19|0|023|337|||||8.500|0.00||||||||||||||||||||79663.19
F00Q10004331|200202|78291.79|0|024|336|||||8.500|0.00||||||||||||||||||||78291.79
F00Q10004331|200203|76910.68|0|025|335|||||8.500|0.00||||||||||||||||||||76910.68
F00Q10004331|200204|75519.78|0|026|334|||||8.500|0.00||||||||||||||||||||75519.78
F00Q10004331|200205|74119.03|0|027|333|||||8.500|0.00||||||||||||||||||||74119.03
F00Q10004331|200206|72708.36|0|028|332|||||8.500|0.00||||||||||||||||||||72708.36
F00Q10004331|200207|71287.70|0|029|331|||||8.500|0.00||||||||||||||||||||71287.70
F00Q10004331|200208|69856.97|0|030|330|||||8.500|0.00||||||||||||||||||||69856.97
F00Q10004331|200209|68416.11|0|031|329|||||8.500|0.00||||||||||||||||||||68416.11
F00Q10004331|200210|66965.04|0|032|328|||||8.500|0.00||||||||||||||||||||66965.04
F00Q10004331|200211|65503.70|0|033|327|||||8.500|0.00||||||||||||||||||||65503.70
F00Q10004331|200212|64032.00|0|034|326|||||8.500|0.00||||||||||||||||||||64032.00
F00Q10004331|200301|62549.88|0|035|325|||||8.500|0.00||||||||||||||||||||62549.88
F00Q10004331|200302|61095.12|0|036|324|||||8.500|0.00||||||||||||||||||||61095.12
F00Q10004331|200303|59630.06|0|037|323|||||8.500|0.00||||||||||||||||||||59630.06
F00Q10004331|200304|57854.62|0|038|322|||||8.500|0.00||||||||||||||||||||57854.62
F00Q10004331|200305|56066.60|0|039|321|||||8.500|0.00||||||||||||||||||||56066.60
F00Q10004331|200306|54265.92|0|040|320|||||8.500|0.00||||||||||||||||||||54265.92
F00Q10004331|200307|52452.48|0|041|319|||||8.500|0.00||||||||||||||||||||52452.48
F00Q10004331|200308|50644.74|0|042|318|||||8.500|0.00||||||||||||||||||||50644.74
F00Q10004331|200309|48824.19|0|043|317|||||8.500|0.00||||||||||||||||||||48824.19
F00Q10004331|200310|46990.75|0|044|316|||||8.500|0.00||||||||||||||||||||46990.75
F00Q10004331|200311|45144.32|0|045|315|||||8.500|0.00||||||||||||||||||||45144.32
F00Q10004331|200312|41412.13|0|046|314|||||8.500|0.00||||||||||||||||||||41412.13
F00Q10004331|200401|41412.13|0|047|313|||||8.500|0.00||||||||||||||||||||41412.13
F00Q10004331|200402|37626.89|0|048|312|||||8.500|0.00||||||||||||||||||||37626.89
F00Q10004331|200403|35714.13|0|049|311|||||8.500|0.00||||||||||||||||||||35714.13
F00Q10004331|200404|26287.83|0|050|310|||||8.500|0.00||||||||||||||||||||26287.83
F00Q10004331|200405|24294.76|0|051|309|||||8.500|0.00||||||||||||||||||||24294.76
F00Q10004331|200406|22287.57|0|052|308|||||8.500|0.00||||||||||||||||||||22287.57
F00Q10004331|200407|20306.87|0|053|307|||||8.500|0.00||||||||||||||||||||20306.87
F00Q10004331|200408|18246.03|0|054|306|||||8.500|0.00||||||||||||||||||||18246.03
F00Q10004331|200409|16197.25|0|055|305|||||8.500|0.00||||||||||||||||||||16197.25
F00Q10004331|200410|13133.96|0|056|304|||||8.500|0.00||||||||||||||||||||13133.96
F00Q10004331|200411|7945.67|0|057|303|||||8.500|0.00||||||||||||||||||||7945.67
F00Q10004331|200412|5823.93|0|058|302|||||8.500|0.00||||||||||||||||||||5823.93
F00Q10004331|200501|3687.16|0|059|301|||||8.500|0.00||||||||||||||||||||3687.16
F00Q10004331|200502|1535.26|0|060|300|||||8.500|0.00||||||||||||||||||||1535.26
F00Q10004331|200503|0.00|0|061|299|||01|200503|8.500|0.00|||||||||||||||1535.26|||||0.00
F00Q10004352|200003|126000.00|0|000|360|||||8.750|0.00||||||||||||||||||||126000.00
F00Q10004352|200004|126000.00|0|001|359|||||8.750|0.00||||||||||||||||||||126000.00
F00Q10004352|200005|126000.00|0|002|358|||||8.750|0.00||||||||||||||||||||126000.00
F00Q10004352|200006|126000.00|0|003|357|||||8.750|0.00||||||||||||||||||||126000.00
F00Q10004352|200007|126000.00|0|004|356|||||8.750|0.00||||||||||||||||||||126000.00
F00Q10004352|200008|126000.00|0|005|355|||||8.750|0.00||||||||||||||||||||126000.00
F00Q10004352|200009|126000.00|0|006|354|||||8.750|0.00||||||||||||||||||||126000.00
F00Q10004352|200010|125481.26|0|007|353|||||8.750|0.00||||||||||||||||||||125481.26
F00Q10004352|200011|125404.98|0|008|352|||||8.750|0.00||||||||||||||||||||125404.98
F00Q10004352|200012|125328.14|0|009|351|||||8.750|0.00||||||||||||||||||||125328.14
F00Q10004352|200101|125250.74|0|010|350|||||8.750|0.00||||||||||||||||||||125250.74
F00Q10004352|200102|125172.78|0|011|349|||||8.750|0.00||||||||||||||||||||125172.78
F00Q10004352|200103|125094.25|0|012|348|||||8.750|0.00||||||||||||||||||||125094.25
F00Q10004352|200104|125015.15|0|013|347|||||8.750|0.00||||||||||||||||||||125015.15
F00Q10004352|200105|124935.47|0|014|346|||||8.750|0.00||||||||||||||||||||124935.47
F00Q10004352|200106|124855.21|0|015|345|||||8.750|0.00||||||||||||||||||||124855.21
F00Q10004352|200107|124774.36|0|016|344|||||8.750|0.00||||||||||||||||||||124774.36
F00Q10004352|200108|124692.92|0|017|343|||||8.750|0.00||||||||||||||||||||124692.92
F00Q10004352|200109|124610.89|0|018|342|||||8.750|0.00||||||||||||||||||||124610.89
F00Q10004352|200110|124528.26|0|019|341|||||8.750|0.00||||||||||||||||||||124528.26
F00Q10004352|200111|124445.03|0|020|340|||||8.750|0.00||||||||||||||||||||124445.03
F00Q10004352|200112|124361.19|0|021|339|||||8.750|0.00||||||||||||||||||||124361.19
F00Q10004352|200201|124276.74|0|022|338|||||8.750|0.00||||||||||||||||||||124276.74
F00Q10004352|200202|124191.67|0|023|337|||||8.750|0.00||||||||||||||||||||124191.67
F00Q10004352|200203|124105.98|0|024|336|||||8.750|0.00||||||||||||||||||||124105.98
F00Q10004352|200204|124019.67|0|025|335|||||8.750|0.00||||||||||||||||||||124019.67
F00Q10004352|200205|123932.73|0|026|334|||||8.750|0.00||||||||||||||||||||123932.73
F00Q10004352|200206|123845.16|0|027|333|||||8.750|0.00||||||||||||||||||||123845.16
F00Q10004352|200207|123756.95|0|028|332|||||8.750|0.00||||||||||||||||||||123756.95
F00Q10004352|200208|123668.09|0|029|331|||||8.750|0.00||||||||||||||||||||123668.09
F00Q10004352|200209|123578.59|0|030|330|||||8.750|0.00||||||||||||||||||||123578.59
F00Q10004352|200210|123488.43|0|031|329|||||8.750|0.00||||||||||||||||||||123488.43
F00Q10004352|200211|123397.62|0|032|328|||||8.750|0.00||||||||||||||||||||123397.62
F00Q10004352|200212|123306.14|0|033|327|||||8.750|0.00||||||||||||||||||||123306.14
F00Q10004352|200301|123214.00|0|034|326|||||8.750|0.00||||||||||||||||||||123214.00
F00Q10004352|200302|123121.19|0|035|325|||||8.750|0.00||||||||||||||||||||123121.19
F00Q10004352|200303|123027.70|0|036|324|||||8.750|0.00||||||||||||||||||||123027.70
F00Q10004352|200304|122933.53|0|037|323|||||8.750|0.00||||||||||||||||||||122933.53
F00Q10004352|200305|122838.67|0|038|322|||||8.750|0.00||||||||||||||||||||122838.67
F00Q10004352|200306|122743.12|0|039|321|||||8.750|0.00||||||||||||||||||||122743.12
F00Q10004352|200307|122646.87|0|040|320|||||8.750|0.00||||||||||||||||||||122646.87
F00Q10004352|200308|122549.92|0|041|319|||||8.750|0.00||||||||||||||||||||122549.92
F00Q10004352|200309|122452.26|0|042|318|||||8.750|0.00||||||||||||||||||||122452.26
F00Q10004352|200310|122353.89|0|043|317|||||8.750|0.00||||||||||||||||||||122353.89
F00Q10004352|200311|122254.80|0|044|316|||||8.750|0.00||||||||||||||||||||122254.80
F00Q10004352|200312|122154.99|0|045|315|||||8.750|0.00||||||||||||||||||||122154.99
F00Q10004352|200401|122054.45|0|046|314|||||8.750|0.00||||||||||||||||||||122054.45
F00Q10004352|200402|121953.18|0|047|313|||||8.750|0.00||||||||||||||||||||121953.18
F00Q10004352|200403|121851.17|0|048|312|||||8.750|0.00||||||||||||||||||||121851.17
F00Q10004352|200404|121748.42|0|049|311|||||8.750|0.00||||||||||||||||||||121748.42
F00Q10004352|200405|121644.92|0|050|310|||||8.750|0.00||||||||||||||||||||121644.92
F00Q10004352|200406|0.00|0|051|309|||01|200406|8.750|0.00|||||||||||||||121644.92|||||0.00
F00Q10004359|200003|50000.00|0|000|180|||||8.250|0.00||||||||||||||||||||50000.00
F00Q10004359|200004|50000.00|0|001|179|||||8.250|0.00||||||||||||||||||||50000.00
F00Q10004359|200005|50000.00|0|002|178|||||8.250|0.00||||||||||||||||||||50000.00
F00Q10004359|200006|50000.00|0|003|177|||||8.250|0.00||||||||||||||||||||50000.00
F00Q10004359|200007|49000.00|0|004|176|||||8.250|0.00||||||||||||||||||||49000.00
F00Q10004359|200008|49000.00|0|005|175|||||8.250|0.00||||||||||||||||||||49000.00
F00Q10004359|200009|49000.00|1|006|174|||||8.250|0.00||||||||||||||||||||49000.00
F00Q10004359|200010|49137.30|0|007|173|||||8.250|0.00||||||||||||||||||||49137.30
F00Q10004359|200011|48990.04|1|008|172|||||8.250|0.00||||||||||||||||||||48990.04
F00Q10004359|200012|48692.48|0|009|171|||||8.250|0.00||||||||||||||||||||48692.48
F00Q10004359|200101|48542.16|0|010|170|||||8.250|0.00||||||||||||||||||||48542.16
F00Q10004359|200102|48542.16|1|011|169|||||8.250|0.00||||||||||||||||||||48542.16
F00Q10004359|200103|48390.81|1|012|168|||||8.250|0.00||||||||||||||||||||48390.81
F00Q10004359|200104|48084.98|0|013|167|||||8.250|0.00||||||||||||||||||||48084.98
F00Q10004359|200105|47930.48|0|014|166|||||8.250|0.00||||||||||||||||||||47930.48
F00Q10004359|200106|47774.92|0|015|165|||||8.250|0.00||||||||||||||||||||47774.92
F00Q10004359|200107|47774.92|1|016|164|||||8.250|0.00||||||||||||||||||||47774.92
F00Q10004359|200108|47774.92|0|017|163|||||8.250|0.00||||||||||||||||||||47774.92
F00Q10004359|200109|47460.59|0|018|162|||||8.250|0.00||||||||||||||||||||47460.59
F00Q10004359|200110|47141.92|0|019|161|||||8.250|0.00||||||||||||||||||||47141.92
F00Q10004359|200111|47141.92|1|020|160|||||8.250|0.00||||||||||||||||||||47141.92
F00Q10004359|200112|47141.92|2|021|159|||||8.250|0.00||||||||||||||||||||47141.92
F00Q10004359|200201|47141.92|0|022|158|||||8.250|0.00||||||||||||||||||||47141.92
F00Q10004359|200202|46655.65|1|023|157|||||8.250|0.00||||||||||||||||||||46655.65
F00Q10004359|200203|46491.18|0|024|156|||||8.250|0.00||||||||||||||||||||46491.18
F00Q10004359|200204|46159.14|0|025|155|||||8.250|0.00||||||||||||||||||||46159.14
F00Q10004359|200205|45966.26|0|026|154|||||8.250|0.00||||||||||||||||||||45966.26
F00Q10004359|200206|45797.20|0|027|153|||||8.250|0.00||||||||||||||||||||45797.20
F00Q10004359|200207|45601.84|0|028|152|||||8.250|0.00||||||||||||||||||||45601.84
F00Q10004359|200208|45601.84|1|029|151|||||8.250|0.00||||||||||||||||||||45601.84
F00Q10004359|200209|45257.52|0|030|150|||||8.250|0.00||||||||||||||||||||45257.52
F00Q10004359|200210|45257.52|1|031|149|||||8.250|0.00||||||||||||||||||||45257.52
F00Q10004359|200211|44884.21|0|032|148|||||8.250|0.00||||||||||||||||||||44884.21
F00Q10004359|200212|44884.21|1|033|147|||||8.250|0.00||||||||||||||||||||44884.21
F00Q10004359|200301|44884.21|0|034|146|||||8.250|0.00||||||||||||||||||||44884.21
F00Q10004359|200302|44326.81|0|035|145|||||8.250|0.00||||||||||||||||||||44326.81
F00Q10004359|200303|44326.81|1|036|144|||||8.250|0.00||||||||||||||||||||44326.81
F00Q10004359|200304|44326.81|0|037|143|||||8.250|0.00||||||||||||||||||||44326.81
F00Q10004359|200305|43759.69|0|038|142|||||8.250|0.00||||||||||||||||||||43759.69
F00Q10004359|200306|43544.08|0|039|141|||||8.250|0.00||||||||||||||||||||43544.08
F00Q10004359|200307|43544.08|1|040|140|||||8.250|0.00||||||||||||||||||||43544.08
F00Q10004359|200308|43170.87|0|041|139|||||8.250|0.00||||||||||||||||||||43170.87
F00Q10004359|200309|43170.87|1|042|138|||||8.250|0.00||||||||||||||||||||43170.87
F00Q10004359|200310|42793.02|0|043|137|||||8.250|0.00||||||||||||||||||||42793.02
F00Q10004359|200311|42601.76|0|044|136|||||8.250|0.00||||||||||||||||||||42601.76
F00Q10004359|200312|42601.76|1|045|135|||||8.250|0.00||||||||||||||||||||42601.76
F00Q10004359|200401|42216.06|0|046|134|||||8.250|0.00||||||||||||||||||||42216.06
F00Q10004359|200402|42021.22|0|047|133|||||8.250|0.00||||||||||||||||||||42021.22
F00Q10004359|200403|41825.04|0|048|132|||||8.250|0.00||||||||||||||||||||41825.04
F00Q10004359|200404|41627.50|0|049|131|||||8.250|0.00||||||||||||||||||||41627.50
F00Q10004359|200405|41627.50|1|050|130|||||8.250|0.00||||||||||||||||||||41627.50
F00Q10004359|200406|41228.35|0|051|129|||||8.250|0.00||||||||||||||||||||41228.35
F00Q10004359|200407|41228.35|1|052|128|||||8.250|0.00||||||||||||||||||||41228.35
F00Q10004359|200408|40823.69|0|053|127|||||8.250|0.00||||||||||||||||||||40823.69
F00Q10004359|200409|40823.69|1|054|126|||||8.250|0.00||||||||||||||||||||40823.69
F00Q10004359|200410|40823.69|0|055|125|||||8.250|0.00||||||||||||||||||||40823.69
F00Q10004359|200411|40413.45|1|056|124|||||8.250|0.00||||||||||||||||||||40413.45
F00Q10004359|200412|39997.55|0|057|123|||||8.250|0.00||||||||||||||||||||39997.55
F00Q10004359|200501|39787.43|0|058|122|||||8.250|0.00||||||||||||||||||||39787.43
F00Q10004359|200502|39575.87|0|059|121|||||8.250|0.00||||||||||||||||||||39575.87
F00Q10004359|200503|39575.87|0|060|120|||||8.250|0.00||||||||||||||||||||39575.87
F00Q10004359|200504|39124.16|0|061|119|||||8.250|0.00||||||||||||||||||||39124.16
F00Q10004359|200505|38908.06|0|062|118|||||8.250|0.00||||||||||||||||||||38908.06
F00Q10004359|200506|38908.06|1|063|117|||||8.250|0.00||||||||||||||||||||38908.06
F00Q10004359|200507|38471.39|0|064|116|||||8.250|0.00||||||||||||||||||||38471.39
F00Q10004359|200508|38250.80|0|065|115|||||8.250|0.00||||||||||||||||||||38250.80
F00Q10004359|200509|38250.80|1|066|114|||||8.250|0.00||||||||||||||||||||38250.80
F00Q10004359|200510|37805.06|0|067|113|||||8.250|0.00||||||||||||||||||||37805.06
F00Q10004359|200511|37805.06|1|068|112|||||8.250|0.00||||||||||||||||||||37805.06
F00Q10004359|200512|37805.06|0|069|111|||||8.250|0.00||||||||||||||||||||37805.06
F00Q10004359|200601|37328.92|1|070|110|||||8.250|0.00||||||||||||||||||||37328.92
F00Q10004359|200602|36870.47|0|071|109|||||8.250|0.00||||||||||||||||||||36870.47
F00Q10004359|200603|36638.87|0|072|108|||||8.250|0.00||||||||||||||||||||36638.87
F00Q10004359|200604|36638.87|1|073|107|||||8.250|0.00||||||||||||||||||||36638.87
F00Q10004359|200605|36170.89|0|074|106|||||8.250|0.00||||||||||||||||||||36170.89
F00Q10004359|200606|36170.89|0|075|105|||||8.250|0.00||||||||||||||||||||36170.89
F00Q10004359|200607|35630.25|0|076|104|||||8.250|0.00||||||||||||||||||||35630.25
F00Q10004359|200608|35630.25|0|077|103|||||8.250|0.00||||||||||||||||||||35630.25
F00Q10004359|200609|35148.36|0|078|102|||||8.250|0.00||||||||||||||||||||35148.36
F00Q10004359|200610|34904.92|0|079|101|||||8.250|0.00||||||||||||||||||||34904.92
F00Q10004359|200611|34659.81|0|080|100|||||8.250|0.00||||||||||||||||||||34659.81
F00Q10004359|200612|34413.02|0|081|099|||||8.250|0.00||||||||||||||||||||34413.02
F00Q10004359|200701|34164.53|0|082|098|||||8.250|0.00||||||||||||||||||||34164.53
F00Q10004359|200702|34164.53|0|083|097|||||8.250|0.00||||||||||||||||||||34164.53
F00Q10004359|200703|33914.33|0|084|096|||||8.250|0.00||||||||||||||||||||33914.33
F00Q10004359|200704|33408.39|0|085|095|||||8.250|0.00||||||||||||||||||||33408.39
F00Q10004359|200705|33408.39|1|086|094|||||8.250|0.00||||||||||||||||||||33408.39
F00Q10004359|200706|33408.39|0|087|093|||||8.250|0.00||||||||||||||||||||33408.39
F00Q10004359|200707|32885.60|1|088|092|||||8.250|0.00||||||||||||||||||||32885.60
F00Q10004359|200708|32885.60|0|089|091|||||8.250|0.00||||||||||||||||||||32885.60
F00Q10004359|200709|32365.84|1|090|090|||||8.250|0.00||||||||||||||||||||32365.84
F00Q10004359|200710|32365.84|0|091|089|||||8.250|0.00||||||||||||||||||||32365.84
F00Q10004359|200711|31837.67|1|092|088|||||8.250|0.00||||||||||||||||||||31837.67
F00Q10004359|200712|31837.67|0|093|087|||||8.250|0.00||||||||||||||||||||31837.67
F00Q10004359|200801|31303.20|0|094|086|||||8.250|0.00||||||||||||||||||||31303.20
F00Q10004359|200802|31033.21|1|095|085|||||8.250|0.00||||||||||||||||||||31033.21
F00Q10004359|200803|31033.21|0|096|084|||||8.250|0.00||||||||||||||||||||31033.21
F00Q10004359|200804|30477.65|1|097|083|||||8.250|0.00||||||||||||||||||||30477.65
F00Q10004359|200805|30477.65|0|098|082|||||8.250|0.00||||||||||||||||||||30477.65
F00Q10004359|200806|29598.66|0|099|081|||||8.250|0.00||||||||||||||||||||29598.66
F00Q10004359|200807|29275.54|0|100|080|||||8.250|0.00||||||||||||||||||||29275.54
F00Q10004359|200808|29275.54|1|101|079|||||8.250|0.00||||||||||||||||||||29275.54
F00Q10004359|200809|29275.54|0|102|078|||||8.250|0.00||||||||||||||||||||29275.54
F00Q10004359|200810|28704.41|1|103|077|||||8.250|0.00||||||||||||||||||||28704.41
F00Q10004359|200811|28704.41|0|104|076|||||8.250|0.00||||||||||||||||||||28704.41
F00Q10004359|200812|28126.95|1|105|075|||||8.250|0.00||||||||||||||||||||28126.95
F00Q10004359|200901|28126.95|0|106|074|||||8.250|0.00||||||||||||||||||||28126.95
F00Q10004359|200902|27541.53|1|107|073|||||8.250|0.00||||||||||||||||||||27541.53
F00Q10004359|200903|27541.53|0|108|072|||||8.250|0.00||||||||||||||||||||27541.53
F00Q10004359|200904|26948.03|0|109|071|||||8.250|0.00||||||||||||||||||||26948.03
F00Q10004359|200905|26648.22|1|110|070|||||8.250|0.00||||||||||||||||||||26648.22
F00Q10004359|200906|26648.22|0|111|069|||||8.250|0.00||||||||||||||||||||26648.22
F00Q10004359|200907|26033.80|1|112|068|||||8.250|0.00||||||||||||||||||||26033.80
F00Q10004359|200908|25417.97|0|113|067|||||8.250|0.00||||||||||||||||||||25417.97
F00Q10004359|200909|25417.97|1|114|066|||||8.250|0.00||||||||||||||||||||25417.97
F00Q10004359|200910|25417.97|0|115|065|||||8.250|0.00||||||||||||||||||||25417.97
F00Q10004359|200911|24480.57|0|116|064|||||8.250|0.00||||||||||||||||||||24480.57
F00Q10004359|200912|24163.79|0|117|063|||||8.250|0.00||||||||||||||||||||24163.79
F00Q10004359|201001|23844.84|0|118|062|||||8.250|0.00||||||||||||||||||||23844.84
F00Q10004359|201002|23523.69|0|119|061|||||8.250|0.00||||||||||||||||||||23523.69
F00Q10004359|201003|23200.34|0|120|060|||||8.250|0.00||||||||||||||||||||23200.34
F00Q10004359|201004|23200.34|0|121|059|||||8.250|0.00||||||||||||||||||||23200.34
F00Q10004359|201005|22504.49|0|122|058|||||8.250|0.00||||||||||||||||||||22504.49
F00Q10004359|201006|22156.09|0|123|057|||||8.250|0.00||||||||||||||||||||22156.09
F00Q10004359|201007|22156.09|0|124|056|||||8.250|0.00||||||||||||||||||||22156.09
F00Q10004359|201008|21823.33|0|125|055|||||8.250|0.00||||||||||||||||||||21823.33
F00Q10004359|201009|21484.50|0|126|054|||||8.250|0.00||||||||||||||||||||21484.50
