F08Q10000071|200802|58000.00|0|000|360|||||6.750|0.00||||||||||||||||||||58000.00
F08Q10000071|200803|58000.00|0|001|359|||||6.750|0.00||||||||||||||||||||58000.00
F08Q10000071|200804|58000.00|0|002|358|||||6.750|0.00||||||||||||||||||||58000.00
F08Q10000071|200805|57000.00|0|003|357|||||6.750|0.00||||||||||||||||||||57000.00
F08Q10000071|200806|57000.00|0|004|356|||||6.750|0.00||||||||||||||||||||57000.00
F08Q10000071|200807|57000.00|0|005|355|||||6.750|0.00||||||||||||||||||||57000.00
F08Q10000071|200808|57000.00|0|006|354|||||6.750|0.00||||||||||||||||||||57000.00
F08Q10000071|200809|57246.88|0|007|353|||||6.750|0.00||||||||||||||||||||57246.88
F08Q10000071|200810|57195.29|0|008|352|||||6.750|0.00||||||||||||||||||||57195.29
F08Q10000071|200811|57143.41|0|009|351|||||6.750|0.00||||||||||||||||||||57143.41
F08Q10000071|200812|57091.24|0|010|350|||||6.750|0.00||||||||||||||||||||57091.24
F08Q10000071|200901|57038.78|0|011|349|||||6.750|0.00||||||||||||||||||||57038.78
F08Q10000071|200902|56986.02|0|012|348|||||6.750|0.00||||||||||||||||||||56986.02
F08Q10000071|200903|56932.97|0|013|347|||||6.750|0.00||||||||||||||||||||56932.97
F08Q10000071|200904|56879.62|0|014|346|||||6.750|0.00||||||||||||||||||||56879.62
F08Q10000071|200905|56825.97|0|015|345|||||6.750|0.00||||||||||||||||||||56825.97
F08Q10000071|200906|56772.02|0|016|344|||||6.750|0.00||||||||||||||||||||56772.02
F08Q10000071|200907|56717.76|0|017|343|||||6.750|0.00||||||||||||||||||||56717.76
F08Q10000071|200908|56663.20|0|018|342|||||6.750|0.00||||||||||||||||||||56663.20
F08Q10000071|200909|56608.33|0|019|341|||||6.750|0.00||||||||||||||||||||56608.33
F08Q10000071|200910|56553.15|0|020|340|||||6.750|0.00||||||||||||||||||||56553.15
F08Q10000071|200911|56497.66|0|021|339|||||6.750|0.00||||||||||||||||||||56497.66
F08Q10000071|200912|56441.86|0|022|338|||||6.750|0.00||||||||||||||||||||56441.86
F08Q10000071|201001|56385.75|0|023|337|||||6.750|0.00||||||||||||||||||||56385.75
F08Q10000071|201002|56329.32|0|024|336|||||6.750|0.00||||||||||||||||||||56329.32
F08Q10000071|201003|56272.57|0|025|335|||||6.750|0.00||||||||||||||||||||56272.57
F08Q10000071|201004|56215.50|0|026|334|||||6.750|0.00||||||||||||||||||||56215.50
F08Q10000071|201005|56215.50|0|027|333|||||6.750|0.00||||||||||||||||||||56215.50
F08Q10000071|201006|56100.40|0|028|332|||||6.750|0.00||||||||||||||||||||56100.40
F08Q10000071|201007|56042.36|0|029|331|||||6.750|0.00||||||||||||||||||||56042.36
F08Q10000071|201008|55984.00|0|030|330|||||6.750|0.00||||||||||||||||||||55984.00
F08Q10000071|201009|55925.31|0|031|329|||||6.750|0.00||||||||||||||||||||55925.31
F08Q10000071|201010|55866.29|0|032|328|||||6.750|0.00||||||||||||||||||||55866.29
F08Q10000071|201011|55866.29|0|033|327|||||6.750|0.00||||||||||||||||||||55866.29
F08Q10000071|201012|55671.94|0|034|326|||||6.750|0.00||||||||||||||||||||55671.94
F08Q10000071|201101|55564.57|0|035|325|||||6.750|0.00||||||||||||||||||||55564.57
F08Q10000071|201102|55503.52|0|036|324|||||6.750|0.00||||||||||||||||||||55503.52
F08Q10000071|201103|55428.97|0|037|323|||||6.750|0.00||||||||||||||||||||55428.97
F08Q10000071|201104|55317.64|0|038|322|||||6.750|0.00||||||||||||||||||||55317.64
F08Q10000071|201105|55205.68|0|039|321|||||6.750|0.00||||||||||||||||||||55205.68
F08Q10000071|201106|55093.09|0|040|320|||||6.750|0.00||||||||||||||||||||55093.09
F08Q10000071|201107|55093.09|0|041|319|||||6.750|0.00||||||||||||||||||||55093.09
F08Q10000071|201108|54915.53|0|042|318|||||6.750|0.00||||||||||||||||||||54915.53
F08Q10000071|201109|54751.51|0|043|317|||||6.750|0.00||||||||||||||||||||54751.51
F08Q10000071|201110|54636.37|0|044|316|||||6.750|0.00||||||||||||||||||||54636.37
F08Q10000071|201111|54520.58|0|045|315|||||6.750|0.00||||||||||||||||||||54520.58
F08Q10000071|201112|54404.14|0|046|314|||||6.750|0.00||||||||||||||||||||54404.14
F08Q10000071|201201|54287.04|0|047|313|||||6.750|0.00||||||||||||||||||||54287.04
F08Q10000071|201202|54169.28|0|048|312|||||6.750|0.00||||||||||||||||||||54169.28
F08Q10000071|201203|54050.20|0|049|311|||||6.750|0.00||||||||||||||||||||54050.20
F08Q10000071|201204|53930.45|0|050|310|||||6.750|0.00||||||||||||||||||||53930.45
F08Q10000071|201205|53809.75|0|051|309|||||6.750|0.00||||||||||||||||||||53809.75
F08Q10000071|201206|53688.65|0|052|308|||||6.750|0.00||||||||||||||||||||53688.65
F08Q10000071|201207|0.00|0|053|307|||01|201207|6.750|0.00|||||||||||||||53688.65|||||0.00
F08Q10000079|200803|171000.00|0|000|360|||||6.375|0.00||||||||||||||||||||171000.00
F08Q10000079|200804|171000.00|0|001|359|||||6.375|0.00||||||||||||||||||||171000.00
F08Q10000079|200805|171000.00|0|002|358|||||6.375|0.00||||||||||||||||||||171000.00
F08Q10000079|200806|171000.00|0|003|357|||||6.375|0.00||||||||||||||||||||171000.00
F08Q10000079|200807|171000.00|0|004|356|||||6.375|0.00||||||||||||||||||||171000.00
F08Q10000079|200808|171000.00|0|005|355|||||6.375|0.00||||||||||||||||||||171000.00
F08Q10000079|200809|170000.00|0|006|354|||||6.375|0.00||||||||||||||||||||170000.00
F08Q10000079|200810|170288.71|0|007|353|||||6.375|0.00||||||||||||||||||||170288.71
F08Q10000079|200811|170123.95|0|008|352|||||6.375|0.00||||||||||||||||||||170123.95
F08Q10000079|200812|169958.31|0|009|351|||||6.375|0.00||||||||||||||||||||169958.31
F08Q10000079|200901|169791.79|0|010|350|||||6.375|0.00||||||||||||||||||||169791.79
F08Q10000079|200902|169624.39|0|011|349|||||6.375|0.00||||||||||||||||||||169624.39
F08Q10000079|200903|169456.10|0|012|348|||||6.375|0.00||||||||||||||||||||169456.10
F08Q10000079|200904|169286.92|0|013|347|||||6.375|0.00||||||||||||||||||||169286.92
F08Q10000079|200905|169116.84|0|014|346|||||6.375|0.00||||||||||||||||||||169116.84
F08Q10000079|200906|168945.85|0|015|345|||||6.375|0.00||||||||||||||||||||168945.85
F08Q10000079|200907|168773.96|0|016|344|||||6.375|0.00||||||||||||||||||||168773.96
F08Q10000079|200908|168601.15|0|017|343|||||6.375|0.00||||||||||||||||||||168601.15
F08Q10000079|200909|168427.43|0|018|342|||||6.375|0.00||||||||||||||||||||168427.43
F08Q10000079|200910|168252.78|0|019|341|||||6.375|0.00||||||||||||||||||||168252.78
F08Q10000079|200911|168077.20|0|020|340|||||6.375|0.00||||||||||||||||||||168077.20
F08Q10000079|200912|167900.69|0|021|339|||||6.375|0.00||||||||||||||||||||167900.69
F08Q10000079|201001|167723.24|0|022|338|||||6.375|0.00||||||||||||||||||||167723.24
F08Q10000079|201002|167544.85|0|023|337|||||6.375|0.00||||||||||||||||||||167544.85
F08Q10000079|201003|167365.51|0|024|336|||||6.375|0.00||||||||||||||||||||167365.51
F08Q10000079|201004|167185.22|0|025|335|||||6.375|0.00||||||||||||||||||||167185.22
F08Q10000079|201005|167003.97|0|026|334|||||6.375|0.00||||||||||||||||||||167003.97
F08Q10000079|201006|166821.76|0|027|333|||||6.375|0.00||||||||||||||||||||166821.76
F08Q10000079|201007|166638.58|0|028|332|||||6.375|0.00||||||||||||||||||||166638.58
F08Q10000079|201008|166454.43|0|029|331|||||6.375|0.00||||||||||||||||||||166454.43
F08Q10000079|201009|166269.30|0|030|330|||||6.375|0.00||||||||||||||||||||166269.30
F08Q10000079|201010|166083.19|0|031|329|||||6.375|0.00||||||||||||||||||||166083.19
F08Q10000079|201011|165896.09|0|032|328|||||6.375|0.00||||||||||||||||||||165896.09
F08Q10000079|201012|165707.99|0|033|327|||||6.375|0.00||||||||||||||||||||165707.99
F08Q10000079|201101|165518.89|0|034|326|||||6.375|0.00||||||||||||||||||||165518.89
F08Q10000079|201102|165328.79|0|035|325|||||6.375|0.00||||||||||||||||||||165328.79
F08Q10000079|201103|165137.68|0|036|324|||||6.375|0.00||||||||||||||||||||165137.68
F08Q10000079|201104|164945.55|0|037|323|||||6.375|0.00||||||||||||||||||||164945.55
F08Q10000079|201105|164752.40|0|038|322|||||6.375|0.00||||||||||||||||||||164752.40
F08Q10000079|201106|164558.23|0|039|321|||||6.375|0.00||||||||||||||||||||164558.23
F08Q10000079|201107|164363.03|0|040|320|||||6.375|0.00||||||||||||||||||||164363.03
F08Q10000079|201108|164166.79|0|041|319|||||6.375|0.00||||||||||||||||||||164166.79
F08Q10000079|201109|163969.51|0|042|318|||||6.375|0.00||||||||||||||||||||163969.51
F08Q10000079|201110|163771.18|0|043|317|||||6.375|0.00||||||||||||||||||||163771.18
F08Q10000079|201111|163571.79|0|044|316|||||6.375|0.00||||||||||||||||||||163571.79
F08Q10000079|201112|163371.34|0|045|315|||||6.375|0.00||||||||||||||||||||163371.34
F08Q10000079|201201|163169.83|0|046|314|||||6.375|0.00||||||||||||||||||||163169.83
F08Q10000079|201202|162967.25|0|047|313|||||6.375|0.00||||||||||||||||||||162967.25
F08Q10000079|201203|162763.59|0|048|312|||||6.375|0.00||||||||||||||||||||162763.59
F08Q10000079|201204|162558.85|0|049|311|||||6.375|0.00||||||||||||||||||||162558.85
F08Q10000079|201205|162353.03|0|050|310|||||6.375|0.00||||||||||||||||||||162353.03
F08Q10000079|201206|161938.09|0|051|309|||||6.375|0.00||||||||||||||||||||161938.09
F08Q10000079|201207|161938.09|0|052|308|||||6.375|0.00||||||||||||||||||||161938.09
F08Q10000079|201208|161728.97|0|053|307|||||6.375|0.00||||||||||||||||||||161728.97
F08Q10000079|201209|161518.74|0|054|306|||||6.375|0.00||||||||||||||||||||161518.74
F08Q10000079|201210|161307.39|0|055|305|||||6.375|0.00||||||||||||||||||||161307.39
F08Q10000079|201211|161094.92|0|056|304|||||6.375|0.00||||||||||||||||||||161094.92
F08Q10000079|201212|160881.32|0|057|303|||||6.375|0.00||||||||||||||||||||160881.32
F08Q10000079|201301|160666.58|0|058|302|||||6.375|0.00||||||||||||||||||||160666.58
F08Q10000079|201302|160450.70|0|059|301|||||6.375|0.00||||||||||||||||||||160450.70
F08Q10000079|201303|160233.67|0|060|300|||||6.375|0.00||||||||||||||||||||160233.67
F08Q10000079|201304|160015.49|0|061|299|||||6.375|0.00||||||||||||||||||||160015.49
F08Q10000079|201305|159796.15|0|062|298|||||6.375|0.00||||||||||||||||||||159796.15
F08Q10000079|201306|159575.65|0|063|297|||||6.375|0.00||||||||||||||||||||159575.65
F08Q10000079|201307|159353.98|0|064|296|||||6.375|0.00||||||||||||||||||||159353.98
F08Q10000079|201308|159131.13|0|065|295|||||6.375|0.00||||||||||||||||||||159131.13
F08Q10000079|201309|158907.10|0|066|294|||||6.375|0.00||||||||||||||||||||158907.10
F08Q10000079|201310|158681.87|0|067|293|||||6.375|0.00||||||||||||||||||||158681.87
F08Q10000079|201311|158455.45|0|068|292|||||6.375|0.00||||||||||||||||||||158455.45
F08Q10000079|201312|158227.82|0|069|291|||||6.375|0.00||||||||||||||||||||158227.82
F08Q10000079|201401|157998.99|0|070|290|||||6.375|0.00||||||||||||||||||||157998.99
F08Q10000079|201402|157768.94|0|071|289|||||6.375|0.00||||||||||||||||||||157768.94
F08Q10000079|201403|157537.67|0|072|288|||||6.375|0.00||||||||||||||||||||157537.67
F08Q10000079|201404|157305.17|0|073|287|||||6.375|0.00||||||||||||||||||||157305.17
F08Q10000079|201405|157071.43|0|074|286|||||6.375|0.00||||||||||||||||||||157071.43
F08Q10000079|201406|156836.45|0|075|285|||||6.375|0.00||||||||||||||||||||156836.45
F08Q10000079|201407|156600.22|0|076|284|||||6.375|0.00||||||||||||||||||||156600.22
F08Q10000079|201408|156362.74|0|077|283|||||6.375|0.00||||||||||||||||||||156362.74
F08Q10000079|201409|156124.00|0|078|282|||||6.375|0.00||||||||||||||||||||156124.00
F08Q10000079|201410|155883.99|0|079|281|||||6.375|0.00||||||||||||||||||||155883.99
F08Q10000079|201411|155642.71|0|080|280|||||6.375|0.00||||||||||||||||||||155642.71
F08Q10000079|201412|155400.14|0|081|279|||||6.375|0.00||||||||||||||||||||155400.14
F08Q10000079|201501|155156.28|0|082|278|||||6.375|0.00||||||||||||||||||||155156.28
F08Q10000079|201502|154911.13|0|083|277|||||6.375|0.00||||||||||||||||||||154911.13
F08Q10000079|201503|154664.68|0|084|276|||||6.375|0.00||||||||||||||||||||154664.68
F08Q10000079|201504|154416.92|0|085|275|||||6.375|0.00||||||||||||||||||||154416.92
F08Q10000079|201505|154167.84|0|086|274|||||6.375|0.00||||||||||||||||||||154167.84
F08Q10000079|201506|153917.44|0|087|273|||||6.375|0.00||||||||||||||||||||153917.44
F08Q10000079|201507|153665.71|0|088|272|||||6.375|0.00||||||||||||||||||||153665.71
F08Q10000079|201508|153412.64|0|089|271|||||6.375|0.00||||||||||||||||||||153412.64
F08Q10000079|201509|153158.22|0|090|270|||||6.375|0.00||||||||||||||||||||153158.22
F08Q10000079|201510|152902.45|0|091|269|||||6.375|0.00||||||||||||||||||||152902.45
F08Q10000079|201511|152645.33|0|092|268|||||6.375|0.00||||||||||||||||||||152645.33
F08Q10000079|201512|152386.84|0|093|267|||||6.375|0.00||||||||||||||||||||152386.84
F08Q10000079|201601|0.00|0|094|266|||01|201601|6.375|0.00|||||||||||||||152386.84|||||0.00
F08Q10000086|200802|58000.00|0|000|360|||||7.125|0.00||||||||||||||||||||58000.00
F08Q10000086|200803|58000.00|0|001|359|||||7.125|0.00||||||||||||||||||||58000.00
F08Q10000086|200804|57000.00|0|002|358|||||7.125|0.00||||||||||||||||||||57000.00
F08Q10000086|200805|57000.00|0|003|357|||||7.125|0.00||||||||||||||||||||57000.00
F08Q10000086|200806|57000.00|0|004|356|||||7.125|0.00||||||||||||||||||||57000.00
F08Q10000086|200807|57000.00|0|005|355|||||7.125|0.00||||||||||||||||||||57000.00
F08Q10000086|200808|57000.00|0|006|354|||||7.125|0.00||||||||||||||||||||57000.00
F08Q10000086|200809|57086.16|0|007|353|||||7.125|0.00||||||||||||||||||||57086.16
F08Q10000086|200810|57037.05|0|008|352|||||7.125|0.00||||||||||||||||||||57037.05
F08Q10000086|200811|56987.65|0|009|351|||||7.125|0.00||||||||||||||||||||56987.65
F08Q10000086|200812|56907.56|0|010|350|||||7.125|0.00||||||||||||||||||||56907.56
F08Q10000086|200901|56827.00|0|011|349|||||7.125|0.00||||||||||||||||||||56827.00
F08Q10000086|200902|56745.96|0|012|348|||||7.125|0.00||||||||||||||||||||56745.96
F08Q10000086|200903|56664.44|0|013|347|||||7.125|0.00||||||||||||||||||||56664.44
F08Q10000086|200904|56582.44|0|014|346|||||7.125|0.00||||||||||||||||||||56582.44
F08Q10000086|200905|56499.95|0|015|345|||||7.125|0.00||||||||||||||||||||56499.95
F08Q10000086|200906|56416.97|0|016|344|||||7.125|0.00||||||||||||||||||||56416.97
F08Q10000086|200907|56330.13|0|017|343|||||7.125|0.00||||||||||||||||||||56330.13
F08Q10000086|200908|56242.77|0|018|342|||||7.125|0.00||||||||||||||||||||56242.77
F08Q10000086|200909|56154.89|0|019|341|||||7.125|0.00||||||||||||||||||||56154.89
F08Q10000086|200910|56066.49|0|020|340|||||7.125|0.00||||||||||||||||||||56066.49
F08Q10000086|200911|55977.56|0|021|339|||||7.125|0.00||||||||||||||||||||55977.56
F08Q10000086|200912|55888.11|0|022|338|||||7.125|0.00||||||||||||||||||||55888.11
F08Q10000086|201001|55798.13|0|023|337|||||7.125|0.00||||||||||||||||||||55798.13
F08Q10000086|201002|55707.61|0|024|336|||||7.125|0.00||||||||||||||||||||55707.61
F08Q10000086|201003|55616.55|0|025|335|||||7.125|0.00||||||||||||||||||||55616.55
F08Q10000086|201004|55524.95|0|026|334|||||7.125|0.00||||||||||||||||||||55524.95
F08Q10000086|201005|55432.81|0|027|333|||||7.125|0.00||||||||||||||||||||55432.81
F08Q10000086|201006|55340.12|0|028|332|||||7.125|0.00||||||||||||||||||||55340.12
F08Q10000086|201007|55153.09|0|029|331|||||7.125|0.00||||||||||||||||||||55153.09
F08Q10000086|201008|55058.74|0|030|330|||||7.125|0.00||||||||||||||||||||55058.74
F08Q10000086|201009|54974.46|0|031|329|||||7.125|0.00||||||||||||||||||||54974.46
F08Q10000086|201010|54974.46|0|032|328|||||7.125|0.00||||||||||||||||||||54974.46
F08Q10000086|201011|54804.40|0|033|327|||||7.125|0.00||||||||||||||||||||54804.40
F08Q10000086|201012|54718.61|0|034|326|||||7.125|0.00||||||||||||||||||||54718.61
F08Q10000086|201101|54628.03|0|035|325|||||7.125|0.00||||||||||||||||||||54628.03
F08Q10000086|201102|54628.03|0|036|324|||||7.125|0.00||||||||||||||||||||54628.03
F08Q10000086|201103|54536.91|0|037|323|||||7.125|0.00||||||||||||||||||||54536.91
F08Q10000086|201104|54445.25|0|038|322|||||7.125|0.00||||||||||||||||||||54445.25
F08Q10000086|201105|54353.05|0|039|321|||||7.125|0.00||||||||||||||||||||54353.05
F08Q10000086|201106|54260.30|0|040|320|||||7.125|0.00||||||||||||||||||||54260.30
F08Q10000086|201107|54073.15|0|041|319|||||7.125|0.00||||||||||||||||||||54073.15
F08Q10000086|201108|54073.15|0|042|318|||||7.125|0.00||||||||||||||||||||54073.15
F08Q10000086|201109|53978.74|0|043|317|||||7.125|0.00||||||||||||||||||||53978.74
F08Q10000086|201110|53788.23|0|044|316|||||7.125|0.00||||||||||||||||||||53788.23
F08Q10000086|201111|53788.23|0|045|315|||||7.125|0.00||||||||||||||||||||53788.23
F08Q10000086|201112|53595.46|0|046|314|||||7.125|0.00||||||||||||||||||||53595.46
F08Q10000086|201201|53518.95|0|047|313|||||7.125|0.00||||||||||||||||||||53518.95
F08Q10000086|201202|53441.99|0|048|312|||||7.125|0.00||||||||||||||||||||53441.99
F08Q10000086|201203|53364.57|0|049|311|||||7.125|0.00||||||||||||||||||||53364.57
F08Q10000086|201204|53286.69|0|050|310|||||7.125|0.00||||||||||||||||||||53286.69
F08Q10000086|201205|0.00|0|051|309|||01|201205|7.125|0.00|||||||||||||||53286.69|||||0.00
F08Q10000220|200802|290000.00|0|000|360|||||5.875|0.00||||||||||||||||||||290000.00
F08Q10000220|200803|289000.00|0|001|359|||||5.875|0.00||||||||||||||||||||289000.00
F08Q10000220|200804|289000.00|0|002|358|||||5.875|0.00||||||||||||||||||||289000.00
F08Q10000220|200805|289000.00|0|003|357|||||5.875|0.00||||||||||||||||||||289000.00
F08Q10000220|200806|289000.00|0|004|356|||||5.875|0.00||||||||||||||||||||289000.00
F08Q10000220|200807|289000.00|0|005|355|||||5.875|0.00||||||||||||||||||||289000.00
F08Q10000220|200808|288000.00|0|006|354|||||5.875|0.00||||||||||||||||||||288000.00
F08Q10000220|200809|287899.67|0|007|353|||||5.875|0.00||||||||||||||||||||287899.67
F08Q10000220|200810|287593.72|0|008|352|||||5.875|0.00||||||||||||||||||||287593.72
F08Q10000220|200811|287286.27|0|009|351|||||5.875|0.00||||||||||||||||||||287286.27
F08Q10000220|200812|286977.32|0|010|350|||||5.875|0.00||||||||||||||||||||286977.32
F08Q10000220|200901|286366.85|0|011|349|||||5.875|0.00||||||||||||||||||||286366.85
F08Q10000220|200902|285353.39|0|012|348|||||5.875|0.00||||||||||||||||||||285353.39
F08Q10000220|200903|284234.97|0|013|347|||||5.875|0.00||||||||||||||||||||284234.97
F08Q10000220|200904|283411.08|0|014|346|||||5.875|0.00||||||||||||||||||||283411.08
F08Q10000220|200905|283083.15|0|015|345|||||5.875|0.00||||||||||||||||||||283083.15
F08Q10000220|200906|282167.85|0|016|344|||||5.875|0.00||||||||||||||||||||282167.85
F08Q10000220|200907|281833.84|0|017|343|||||5.875|0.00||||||||||||||||||||281833.84
F08Q10000220|200908|281133.19|0|018|342|||||5.875|0.00||||||||||||||||||||281133.19
F08Q10000220|200909|280494.11|0|019|341|||||5.875|0.00||||||||||||||||||||280494.11
F08Q10000220|200910|280151.90|0|020|340|||||5.875|0.00||||||||||||||||||||280151.90
F08Q10000220|200911|279462.45|0|021|339|||||5.875|0.00||||||||||||||||||||279462.45
F08Q10000220|200912|279115.19|0|022|338|||||5.875|0.00||||||||||||||||||||279115.19
F08Q10000220|201001|279115.19|0|023|337|||||5.875|0.00||||||||||||||||||||279115.19
F08Q10000220|201002|278766.23|0|024|336|||||5.875|0.00||||||||||||||||||||278766.23
F08Q10000220|201003|278415.56|0|025|335|||||5.875|0.00||||||||||||||||||||278415.56
F08Q10000220|201004|278063.18|0|026|334|||||5.875|0.00||||||||||||||||||||278063.18
F08Q10000220|201005|277709.07|0|027|333|||||5.875|0.00||||||||||||||||||||277709.07
F08Q10000220|201006|277353.23|0|028|332|||||5.875|0.00||||||||||||||||||||277353.23
F08Q10000220|201007|276995.65|0|029|331|||||5.875|0.00||||||||||||||||||||276995.65
F08Q10000220|201008|276636.31|0|030|330|||||5.875|0.00||||||||||||||||||||276636.31
F08Q10000220|201009|276275.22|0|031|329|||||5.875|0.00||||||||||||||||||||276275.22
F08Q10000220|201010|275912.36|0|032|328|||||5.875|0.00||||||||||||||||||||275912.36
F08Q10000220|201011|275547.72|0|033|327|||||5.875|0.00||||||||||||||||||||275547.72
F08Q10000220|201012|0.00|0|034|326|||01|201012|5.875|0.00|||||||||||||||275547.72|||||0.00
F08Q10000233|200802|122000.00|0|000|360|||||6.000|0.00||||||||||||||||||||122000.00
F08Q10000233|200803|122000.00|0|001|359|||||6.000|0.00||||||||||||||||||||122000.00
F08Q10000233|200804|122000.00|0|002|358|||||6.000|0.00||||||||||||||||||||122000.00
F08Q10000233|200805|122000.00|0|003|357|||||6.000|0.00||||||||||||||||||||122000.00
F08Q10000233|200806|122000.00|0|004|356|||||6.000|0.00||||||||||||||||||||122000.00
F08Q10000233|200807|122000.00|0|005|355|||||6.000|0.00||||||||||||||||||||122000.00
F08Q10000233|200808|122000.00|0|006|354|||||6.000|0.00||||||||||||||||||||122000.00
F08Q10000233|200809|121513.13|0|007|353|||||6.000|0.00||||||||||||||||||||121513.13
F08Q10000233|200810|121386.85|0|008|352|||||6.000|0.00||||||||||||||||||||121386.85
F08Q10000233|200811|121259.93|0|009|351|||||6.000|0.00||||||||||||||||||||121259.93
F08Q10000233|200812|121132.38|0|010|350|||||6.000|0.00||||||||||||||||||||121132.38
F08Q10000233|200901|121004.19|0|011|349|||||6.000|0.00||||||||||||||||||||121004.19
F08Q10000233|200902|120875.36|0|012|348|||||6.000|0.00||||||||||||||||||||120875.36
F08Q10000233|200903|0.00|0|013|347|||01|200903|6.000|0.00|||||||||||||||120875.36|||||0.00
F08Q10000307|200802|102000.00|0|000|360|||||6.375|0.00||||||||||||||||||||102000.00
F08Q10000307|200803|102000.00|0|001|359|||||6.375|0.00||||||||||||||||||||102000.00
F08Q10000307|200804|102000.00|0|002|358|||||6.375|0.00||||||||||||||||||||102000.00
F08Q10000307|200805|102000.00|0|003|357|||||6.375|0.00||||||||||||||||||||102000.00
F08Q10000307|200806|102000.00|0|004|356|||||6.375|0.00||||||||||||||||||||102000.00
F08Q10000307|200807|102000.00|0|005|355|||||6.375|0.00||||||||||||||||||||102000.00
F08Q10000307|200808|102000.00|0|006|354|||||6.375|0.00||||||||||||||||||||102000.00
F08Q10000307|200809|101492.58|0|007|353|||||6.375|0.00||||||||||||||||||||101492.58
F08Q10000307|200810|101381.76|0|008|352|||||6.375|0.00||||||||||||||||||||101381.76
F08Q10000307|200811|101270.35|0|009|351|||||6.375|0.00||||||||||||||||||||101270.35
F08Q10000307|200812|101158.35|0|010|350|||||6.375|0.00||||||||||||||||||||101158.35
F08Q10000307|200901|101045.75|0|011|349|||||6.375|0.00||||||||||||||||||||101045.75
F08Q10000307|200902|100932.56|0|012|348|||||6.375|0.00||||||||||||||||||||100932.56
F08Q10000307|200903|0.00|0|013|347|||01|200903|6.375|0.00|||||||||||||||100932.56|||||0.00
F08Q10000318|200802|85000.00|0|000|360|||||5.875|0.00||||||||||||||||||||85000.00
F08Q10000318|200803|85000.00|0|001|359|||||5.875|0.00||||||||||||||||||||85000.00
F08Q10000318|200804|85000.00|0|002|358|||||5.875|0.00||||||||||||||||||||85000.00
F08Q10000318|200805|85000.00|0|003|357|||||5.875|0.00||||||||||||||||||||85000.00
F08Q10000318|200806|85000.00|0|004|356|||||5.875|0.00||||||||||||||||||||85000.00
F08Q10000318|200807|84000.00|0|005|355|||||5.875|0.00||||||||||||||||||||84000.00
F08Q10000318|200808|84000.00|0|006|354|||||5.875|0.00||||||||||||||||||||84000.00
F08Q10000318|200809|84384.38|0|007|353|||||5.875|0.00||||||||||||||||||||84384.38
F08Q10000318|200810|84294.70|0|008|352|||||5.875|0.00||||||||||||||||||||84294.70
F08Q10000318|200811|84204.58|0|009|351|||||5.875|0.00||||||||||||||||||||84204.58
F08Q10000318|200812|84023.02|0|010|350|||||5.875|0.00||||||||||||||||||||84023.02
F08Q10000318|200901|84023.02|0|011|349|||||5.875|0.00||||||||||||||||||||84023.02
F08Q10000318|200902|83931.57|0|012|348|||||5.875|0.00||||||||||||||||||||83931.57
F08Q10000318|200903|83839.67|0|013|347|||||5.875|0.00||||||||||||||||||||83839.67
F08Q10000318|200904|83746.52|0|014|346|||||5.875|0.00||||||||||||||||||||83746.52
F08Q10000318|200905|83653.72|0|015|345|||||5.875|0.00||||||||||||||||||||83653.72
F08Q10000318|200906|83550.65|0|016|344|||||5.875|0.00||||||||||||||||||||83550.65
F08Q10000318|200907|83456.89|0|017|343|||||5.875|0.00||||||||||||||||||||83456.89
F08Q10000318|200908|0.00|0|018|342|||01|200908|5.875|0.00|||||||||||||||83456.89|||||0.00
F08Q10000392|200802|225000.00|0|000|240|||||6.250|0.00||||||||||||||||||||225000.00
F08Q10000392|200803|225000.00|0|001|239|||||6.250|0.00||||||||||||||||||||225000.00
F08Q10000392|200804|224000.00|0|002|238|||||6.250|0.00||||||||||||||||||||224000.00
F08Q10000392|200805|224000.00|0|003|237|||||6.250|0.00||||||||||||||||||||224000.00
F08Q10000392|200806|223000.00|0|004|236|||||6.250|0.00||||||||||||||||||||223000.00
F08Q10000392|200807|223000.00|0|005|235|||||6.250|0.00||||||||||||||||||||223000.00
F08Q10000392|200808|222000.00|0|006|234|||||6.250|0.00||||||||||||||||||||222000.00
F08Q10000392|200809|221608.48|0|007|233|||||6.250|0.00||||||||||||||||||||221608.48
F08Q10000392|200810|221118.10|0|008|232|||||6.250|0.00||||||||||||||||||||221118.10
F08Q10000392|200811|220625.17|0|009|231|||||6.250|0.00||||||||||||||||||||220625.17
F08Q10000392|200812|220129.67|0|010|230|||||6.250|0.00||||||||||||||||||||220129.67
F08Q10000392|200901|219631.59|0|011|229|||||6.250|0.00||||||||||||||||||||219631.59
F08Q10000392|200902|219130.91|0|012|228|||||6.250|0.00||||||||||||||||||||219130.91
F08Q10000392|200903|218627.63|0|013|227|||||6.250|0.00||||||||||||||||||||218627.63
F08Q10000392|200904|218121.72|0|014|226|||||6.250|0.00||||||||||||||||||||218121.72
F08Q10000392|200905|217613.18|0|015|225|||||6.250|0.00||||||||||||||||||||217613.18
F08Q10000392|200906|217102.00|0|016|224|||||6.250|0.00||||||||||||||||||||217102.00
F08Q10000392|200907|216588.15|0|017|223|||||6.250|0.00||||||||||||||||||||216588.15
F08Q10000392|200908|216071.62|0|018|222|||||6.250|0.00||||||||||||||||||||216071.62
F08Q10000392|200909|215552.40|0|019|221|||||6.250|0.00||||||||||||||||||||215552.40
F08Q10000392|200910|215030.48|0|020|220|||||6.250|0.00||||||||||||||||||||215030.48
F08Q10000392|200911|214505.84|0|021|219|||||6.250|0.00||||||||||||||||||||214505.84
F08Q10000392|200912|213978.47|0|022|218|||||6.250|0.00||||||||||||||||||||213978.47
F08Q10000392|201001|213448.35|0|023|217|||||6.250|0.00||||||||||||||||||||213448.35
F08Q10000392|201002|212915.47|0|024|216|||||6.250|0.00||||||||||||||||||||212915.47
F08Q10000392|201003|212379.81|0|025|215|||||6.250|0.00||||||||||||||||||||212379.81
F08Q10000392|201004|211841.36|0|026|214|||||6.250|0.00||||||||||||||||||||211841.36
F08Q10000392|201005|211300.11|0|027|213|||||6.250|0.00||||||||||||||||||||211300.11
F08Q10000392|201006|210756.04|0|028|212|||||6.250|0.00||||||||||||||||||||210756.04
F08Q10000392|201007|210209.14|0|029|211|||||6.250|0.00||||||||||||||||||||210209.14
F08Q10000392|201008|209659.39|0|030|210|||||6.250|0.00||||||||||||||||||||209659.39
F08Q10000392|201009|209106.78|0|031|209|||||6.250|0.00||||||||||||||||||||209106.78
F08Q10000392|201010|208551.29|0|032|208|||||6.250|0.00||||||||||||||||||||208551.29
F08Q10000392|201011|207992.90|0|033|207|||||6.250|0.00||||||||||||||||||||207992.90
F08Q10000392|201012|207431.61|0|034|206|||||6.250|0.00||||||||||||||||||||207431.61
F08Q10000392|201101|206867.39|0|035|205|||||6.250|0.00||||||||||||||||||||206867.39
F08Q10000392|201102|206300.23|0|036|204|||||6.250|0.00||||||||||||||||||||206300.23
F08Q10000392|201103|205730.12|0|037|203|||||6.250|0.00||||||||||||||||||||205730.12
F08Q10000392|201104|205157.04|0|038|202|||||6.250|0.00||||||||||||||||||||205157.04
F08Q10000392|201105|204580.98|0|039|201|||||6.250|0.00||||||||||||||||||||204580.98
F08Q10000392|201106|204001.92|0|040|200|||||6.250|0.00||||||||||||||||||||204001.92
F08Q10000392|201107|203419.84|0|041|199|||||6.250|0.00||||||||||||||||||||203419.84
F08Q10000392|201108|202834.73|0|042|198|||||6.250|0.00||||||||||||||||||||202834.73
F08Q10000392|201109|202246.57|0|043|197|||||6.250|0.00||||||||||||||||||||202246.57
F08Q10000392|201110|201655.35|0|044|196|||||6.250|0.00||||||||||||||||||||201655.35
F08Q10000392|201111|201061.05|0|045|195|||||6.250|0.00||||||||||||||||||||201061.05
F08Q10000392|201112|200463.65|0|046|194|||||6.250|0.00||||||||||||||||||||200463.65
F08Q10000392|201201|199863.14|0|047|193|||||6.250|0.00||||||||||||||||||||199863.14
F08Q10000392|201202|199259.50|0|048|192|||||6.250|0.00||||||||||||||||||||199259.50
F08Q10000392|201203|198652.72|0|049|191|||||6.250|0.00||||||||||||||||||||198652.72
F08Q10000392|201204|198042.78|0|050|190|||||6.250|0.00||||||||||||||||||||198042.78
F08Q10000392|201205|197429.66|0|051|189|||||6.250|0.00||||||||||||||||||||197429.66
F08Q10000392|201206|196813.35|0|052|188|||||6.250|0.00||||||||||||||||||||196813.35
F08Q10000392|201207|196193.83|0|053|187|||||6.250|0.00||||||||||||||||||||196193.83
F08Q10000392|201208|195571.08|0|054|186|||||6.250|0.00||||||||||||||||||||195571.08
F08Q10000392|201209|194945.09|0|055|185|||||6.250|0.00||||||||||||||||||||194945.09
F08Q10000392|201210|194315.84|0|056|184|||||6.250|0.00||||||||||||||||||||194315.84
F08Q10000392|201211|193683.31|0|057|183|||||6.250|0.00||||||||||||||||||||193683.31
F08Q10000392|201212|193047.49|0|058|182|||||6.250|0.00||||||||||||||||||||193047.49
F08Q10000392|201301|192408.36|0|059|181|||||6.250|0.00||||||||||||||||||||192408.36
F08Q10000392|201302|191765.90|0|060|180|||||6.250|0.00||||||||||||||||||||191765.90
F08Q10000392|201303|191120.09|0|061|179|||||6.250|0.00||||||||||||||||||||191120.09
F08Q10000392|201304|190470.92|0|062|178|||||6.250|0.00||||||||||||||||||||190470.92
F08Q10000392|201305|189818.37|0|063|177|||||6.250|0.00||||||||||||||||||||189818.37
F08Q10000392|201306|189162.42|0|064|176|||||6.250|0.00||||||||||||||||||||189162.42
F08Q10000392|201307|188503.05|0|065|175|||||6.250|0.00||||||||||||||||||||188503.05
F08Q10000392|201308|187840.25|0|066|174|||||6.250|0.00||||||||||||||||||||187840.25
F08Q10000392|201309|187840.25|0|067|173|||||6.250|0.00||||||||||||||||||||187840.25
F08Q10000392|201310|186504.26|0|068|172|||||6.250|0.00||||||||||||||||||||186504.26
F08Q10000392|201311|185831.05|0|069|171|||||6.250|0.00||||||||||||||||||||185831.05
F08Q10000392|201312|185831.05|0|070|170|||||6.250|0.00||||||||||||||||||||185831.05
F08Q10000392|201401|185154.33|1|071|169|||||6.250|0.00||||||||||||||||||||185154.33
F08Q10000392|201402|185154.33|2|072|168|||||6.250|0.00||||||||||||||||||||185154.33
F08Q10000392|201403|185154.33|3|073|167|||||6.250|0.00||||||||||||||||||||185154.33
F08Q10000392|201404|185154.33|4|074|166|||||6.250|0.00||||||||||||||||||||185154.33
F08Q10000392|201405|185154.33|5|075|165|||||6.250|0.00||||||||||||||||||||185154.33
F08Q10000392|201406|185154.33|6|076|164|||||6.250|0.00||||||||||||||||||||185154.33
F08Q10000392|201407|185154.33|7|077|163|||||6.250|0.00||||||||||||||||||||185154.33
F08Q10000392|201408|185154.33|8|078|162|||||6.250|0.00||||||||||||||||||||185154.33
F08Q10000392|201409|185154.33|9|079|161|||||6.250|0.00||||||||||||||||||||185154.33
F08Q10000392|201410|185154.33|10|080|160|||||6.250|0.00||||||||||||||||||||185154.33
F08Q10000392|201411|185154.33|11|081|159|||||6.250|0.00||||||||||||||||||T||185154.33
F08Q10000392|201412|185154.33|12|082|158|||||6.250|0.00||||||||||||||||||||185154.33
F08Q10000392|201501|185154.33|13|083|157|||||6.250|0.00||||||||||||||||||||185154.33
F08Q10000392|201502|185154.33|14|084|156|||||6.250|0.00||||||||||||||||||||185154.33
F08Q10000392|201503|185154.33|15|085|155|||||6.250|0.00||||||||||||||||||||185154.33
F08Q10000392|201504|185154.33|16|086|154|||||6.250|0.00||||||||||||||||||||185154.33
F08Q10000392|201505|185154.33|17|087|153|||||6.250|0.00||||||||||||||||||||185154.33
F08Q10000392|201506|185154.33|18|088|152|||||6.250|0.00||||||||||||||||||||185154.33
F08Q10000392|201507|185154.33|19|089|151|||||6.250|0.00||||||||||||||||||||185154.33
F08Q10000392|201508|185154.33|20|090|150|||||6.250|0.00||||||||||||||||||||185154.33
F08Q10000392|201509|185154.33|21|091|149|||||6.250|0.00||||||||||||||||||||185154.33
F08Q10000392|201510|185154.33|22|092|148|||||6.250|0.00||||||||||||||||||||185154.33
F08Q10000392|201511|185154.33|23|093|147|||||6.250|0.00||||||||||||||||||||185154.33
F08Q10000392|201512|185154.33|24|094|146|||||6.250|0.00||||||||||||||||||||185154.33
F08Q10000392|201601|185154.33|25|095|145|||||6.250|0.00||||||||||||||||||||185154.33
F08Q10000392|201602|185154.33|25|096|144|||||6.250|0.00||||||||||||||||||F||185154.33
F08Q10000392|201603|184474.09|26|097|143|||||6.250|0.00||||||||||||||||||F||184474.09
F08Q10000392|201604|184474.09|26|098|142|||||6.250|0.00||||||||||||||||||F||184474.09
F08Q10000392|201605|183790.30|27|099|141|||||6.250|0.00||||||||||||||||||||183790.30
F08Q10000392|201606|218090.58|0|100|140|||||6.250|0.00||||||||||||||||||||218090.58
F08Q10000392|201607|217482.43|0|003|477||Y|||3.875|0.00||||||||||||N|||||||431.64|217482.43
F08Q10000392|201608|217277.06|0|004|476||P|||3.875|0.00||||||||||||N|||||||430.43|217277.06
F08Q10000392|201609|217084.08|0|005|475||P|||3.875|0.00||||||||||||N|||||||430.03|217084.08
F08Q10000392|201610|216890.48|0|006|474||P|||3.875|0.00||||||||||||N|||||||429.65|216890.48
F08Q10000392|201611|216696.26|0|007|473||P|||3.875|0.00||||||||||||N|||||||429.26|216696.26
F08Q10000392|201612|216501.41|0|008|472||P|||3.875|0.00||||||||||||N|||||||428.88|216501.41
F08Q10000392|201701|216305.93|0|009|471||P|||3.875|0.00||||||||||||N|||||||428.49|216305.93
F08Q10000392|201702|216109.82|0|010|470||P|||3.875|0.00||||||||||||N|||||||428.11|216109.82
F08Q10000392|201703|215913.07|0|011|469||P|||3.875|0.00||||||||||||N|||||||427.72|215913.07
F08Q10000392|201704|215715.69|0|012|468||P|||3.875|0.00||||||||||||N||66|||||427.33|215715.69
F08Q10000392|201705|215517.67|0|013|467||P|||3.875|0.00||||||||||||N||64|||||426.94|215517.67
F08Q10000392|201706|215319.01|0|014|466||P|||3.875|0.00||||||||||||N||63|||||426.55|215319.01
F08Q10000392|201707|215119.71|0|015|465||P|||3.875|0.00||||||||||||N||63|||||426.15|215119.71
F08Q10000392|201708|214919.77|0|016|464||P|||3.875|0.00||||||||||||N||62|||||425.76|214919.77
F08Q10000392|201709|214719.18|0|017|463||P|||3.875|0.00||||||||||||N||63|||||425.36|214719.18
F08Q10000392|201710|214517.94|0|018|462||P|||3.875|0.00||||||||||||N||63|||||424.97|214517.94
F08Q10000392|201711|214316.05|0|019|461||P|||3.875|0.00||||||||||||N||64|||||424.57|214316.05
F08Q10000392|201712|214113.51|0|020|460||P|||3.875|0.00||||||||||||N||65|||||424.17|214113.51
F08Q10000392|201801|213910.32|0|021|459||P|||3.875|0.00||||||||||||N||64|||||423.77|213910.32
F08Q10000392|201802|213706.47|0|022|458||P|||3.875|0.00||||||||||||N||65|||||423.36|213706.47
F08Q10000392|201803|213501.96|0|023|457||P|||3.875|0.00||||||||||||N||63|||||422.96|213501.96
F08Q10000392|201804|213226.61|0|024|456||P|||3.875|0.00||||||||||||N||61|||||422.56|213226.61
F08Q10000392|201805|213020.55|0|025|455||P|||3.875|0.00||||||||||||N||60|||||422.01|213020.55
F08Q10000392|201806|212813.83|0|026|454||P|||3.875|0.00||||||||||||N||61|||||421.60|212813.83
F08Q10000392|201807|212606.44|0|027|453||P|||3.875|0.00||||||||||||N||61|||||421.19|212606.44
F08Q10000392|201808|212398.38|0|028|452||P|||3.875|0.00||||||||||||N||61|||||420.78|212398.38
F08Q10000392|201809|212189.65|0|029|451||P|||3.875|0.00||||||||||||N||60|||||420.37|212189.65
F08Q10000392|201810|211980.25|0|030|450||P|||3.875|0.00||||||||||||N||60|||||419.96|211980.25
F08Q10000392|201811|211770.17|0|031|449||P|||3.875|0.00||||||||||||N||59|||||419.54|211770.17
F08Q10000392|201812|211559.41|0|032|448||P|||3.875|0.00||||||||||||N||59|||||419.13|211559.41
F08Q10000392|201901|211347.07|0|033|447||P|||3.875|0.00||||||||||||N||58|||||418.71|211347.07
F08Q10000392|201902|211134.94|0|034|446||P|||3.875|0.00||||||||||||N||58|||||418.29|211134.94
F08Q10000392|201903|210922.13|0|035|445||P|||3.875|0.00||||||||||||N||56|||||417.87|210922.13
F08Q10000392|201904|210708.63|0|036|444||P|||3.875|0.00||||||||||||N||55|||||417.45|210708.63
F08Q10000392|201905|210494.44|0|037|443||P|||3.875|0.00||||||||||||N||55|||||417.03|210494.44
F08Q10000392|201906|210279.56|0|038|442||P|||3.875|0.00||||||||||||N||54|||||416.60|210279.56
F08Q10000392|201907|210063.99|0|039|441||P|||3.875|0.00||||||||||||N||52|||||416.18|210063.99
F08Q10000392|201908|209847.72|0|040|440||P|||3.875|0.00||||||||||||N||53|||||415.75|209847.72
F08Q10000392|201909|209630.75|0|041|439||P|||3.875|0.00||||||||||||N||53|||||415.32|209630.75
F08Q10000392|201910|209413.08|0|042|438||P|||3.875|0.00||||||||||||N||53|||||414.89|209413.08
F08Q10000392|201911|209413.08|1|043|437||P|||3.875|0.00||||||||||||N||52|||||414.46|209413.08
F08Q10000392|201912|209413.08|2|044|436||P|||3.875|0.00||||||||||||N||52|||||414.46|209413.08
F08Q10000392|202001|208755.85|0|045|435||P|||3.875|0.00||||||||||||N||51|||||414.46|208755.85
F08Q10000392|202002|208755.85|1|046|434||P|||3.875|0.00||||||||||||N||51|||||413.16|208755.85
F08Q10000392|202003|208755.85|2|047|433||P|||3.875|0.00||||||||||||N||52|||Y||413.16|208755.85
F08Q10000392|202004|208535.36|2|048|432||P|||3.875|0.00||||||||||||N||50|||||413.16|208535.36
F08Q10000392|202005|208535.36|3|049|431||P|||3.875|0.00||||||||||||N||49|||||412.73|208535.36
F08Q10000392|202006|208535.36|4|050|430||P|||3.875|0.00||||||||||||N||49|||||412.73|208535.36
F08Q10000392|202007|208535.36|5|051|429||P|||3.875|0.00||||||||||||N||51|||||412.73|208535.36
F08Q10000392|202008|208535.36|6|052|428||P|||3.875|0.00||||||||||||N||50|||||412.73|208535.36
F08Q10000392|202009|208535.36|7|053|427||P|||3.875|0.00||||||||||||N||48|||||412.73|208535.36
F08Q10000392|202010|208535.36|8|054|426||P|||3.875|0.00||||||||||||N||46|||||412.73|208535.36
F08Q10000392|202011|208535.36|9|055|425||P|||3.875|0.00||||||||||||N||45|||||412.73|208535.36
F08Q10000392|202012|208535.36|10|056|424||P|||3.875|0.00||||||||||||N||44|||||412.73|208535.36
F08Q10000392|202101|208535.36|11|057|423||P|||3.875|0.00||||||||||||N||45|||||412.73|208535.36
F08Q10000392|202102|208535.36|12|058|422||P|||3.875|0.00||||||||||||N||43|||||412.73|208535.36
F08Q10000392|202103|208535.36|13|059|421||P|||3.875|0.00||||||||||||N||43|||||412.73|208535.36
F08Q10000392|202104|208535.36|14|060|420||P|||3.875|0.00||||||||||||N||42|||||412.73|208535.36
F08Q10000392|202105|208535.36|15|061|419||P|||3.875|0.00||||||||||||N||40|||||412.73|208535.36
F08Q10000392|202106|208535.36|16|062|418||P|||3.875|0.00||||||||||||N||39|||||412.73|208535.36
F08Q10000392|202107|208535.36|17|063|417||P|||3.875|0.00||||||||||||N||39|||||412.73|208535.36
F08Q10000392|202108|208535.36|18|064|416||P|||3.875|0.00||||||||||||N||38|||||412.73|208535.36
F08Q10000392|202109|208535.36|19|065|415||P|||3.875|0.00||||||||||||N||37|||||412.73|208535.36
F08Q10000392|202110|208535.36|20|066|414||P|||3.875|0.00||||||||||||N||41|||||412.73|208535.36
F08Q10000392|202111|208535.36|21|067|413||P|||3.875|0.00||||||||||||N||41|||||412.73|208535.36
F08Q10000392|202112|208535.36|22|068|412||P|||3.875|0.00||||||||||||N||40|||||412.73|208535.36
F08Q10000392|202201|208535.36|23|069|411||P|||3.875|0.00||||||||||||N||39|||||412.73|208535.36
F08Q10000392|202202|0.00|0|070|410||P|01|202202|3.875|0.00|202002||||||||||28484.25|N||999|208535.36||||412.73|0.00
F08Q10000395|200802|195000.00|0|000|360|||||6.250|0.00||||||||||||||||||||195000.00
F08Q10000395|200803|0.00|0|001|359|||01|200803|6.250|0.00|||||||||||||||195000.00|||||0.00
F08Q10000402|200802|75000.00|0|000|360|||||6.250|0.00||||||||||||||||||||75000.00
F08Q10000402|200803|75000.00|0|001|359|||||6.250|0.00||||||||||||||||||||75000.00
F08Q10000402|200804|75000.00|0|002|358|||||6.250|0.00||||||||||||||||||||75000.00
F08Q10000402|200805|75000.00|0|003|357|||||6.250|0.00||||||||||||||||||||75000.00
F08Q10000402|200806|75000.00|0|004|356|||||6.250|0.00||||||||||||||||||||75000.00
F08Q10000402|200807|75000.00|0|005|355|||||6.250|0.00||||||||||||||||||||75000.00
F08Q10000402|200808|75000.00|0|006|354|||||6.250|0.00||||||||||||||||||||75000.00
F08Q10000402|200809|74941.15|0|007|353|||||6.250|0.00||||||||||||||||||||74941.15
F08Q10000402|200810|74866.45|0|008|352|||||6.250|0.00||||||||||||||||||||74866.45
F08Q10000402|200811|74791.36|0|009|351|||||6.250|0.00||||||||||||||||||||74791.36
F08Q10000402|200812|74715.88|0|010|350|||||6.250|0.00||||||||||||||||||||74715.88
F08Q10000402|200901|74640.01|0|011|349|||||6.250|0.00||||||||||||||||||||74640.01
F08Q10000402|200902|74563.74|0|012|348|||||6.250|0.00||||||||||||||||||||74563.74
F08Q10000402|200903|74487.07|0|013|347|||||6.250|0.00||||||||||||||||||||74487.07
F08Q10000402|200904|74410.00|0|014|346|||||6.250|0.00||||||||||||||||||||74410.00
F08Q10000402|200905|74332.53|0|015|345|||||6.250|0.00||||||||||||||||||||74332.53
F08Q10000402|200906|74254.66|0|016|344|||||6.250|0.00||||||||||||||||||||74254.66
F08Q10000402|200907|74176.38|0|017|343|||||6.250|0.00||||||||||||||||||||74176.38
F08Q10000402|200908|74097.70|0|018|342|||||6.250|0.00||||||||||||||||||||74097.70
F08Q10000402|200909|74018.61|0|019|341|||||6.250|0.00||||||||||||||||||||74018.61
F08Q10000402|200910|73939.10|0|020|340|||||6.250|0.00||||||||||||||||||||73939.10
F08Q10000402|200911|73859.18|0|021|339|||||6.250|0.00||||||||||||||||||||73859.18
F08Q10000402|200912|73778.84|0|022|338|||||6.250|0.00||||||||||||||||||||73778.84
F08Q10000402|201001|73698.08|0|023|337|||||6.250|0.00||||||||||||||||||||73698.08
F08Q10000402|201002|73616.90|0|024|336|||||6.250|0.00||||||||||||||||||||73616.90
F08Q10000402|201003|73535.30|0|025|335|||||6.250|0.00||||||||||||||||||||73535.30
F08Q10000402|201004|73535.30|0|026|334|||||6.250|0.00||||||||||||||||||||73535.30
F08Q10000402|201005|73370.83|0|027|333|||||6.250|0.00||||||||||||||||||||73370.83
F08Q10000402|201006|73287.95|0|028|332|||||6.250|0.00||||||||||||||||||||73287.95
F08Q10000402|201007|73287.95|0|029|331|||||6.250|0.00||||||||||||||||||||73287.95
F08Q10000402|201008|73204.64|0|030|330|||||6.250|0.00||||||||||||||||||||73204.64
F08Q10000402|201009|73120.89|0|031|329|||||6.250|0.00||||||||||||||||||||73120.89
F08Q10000402|201010|73036.71|0|032|328|||||6.250|0.00||||||||||||||||||||73036.71
F08Q10000402|201011|72952.09|0|033|327|||||6.250|0.00||||||||||||||||||||72952.09
F08Q10000402|201012|72867.03|0|034|326|||||6.250|0.00||||||||||||||||||||72867.03
F08Q10000402|201101|72781.53|0|035|325|||||6.250|0.00||||||||||||||||||||72781.53
F08Q10000402|201102|72695.58|0|036|324|||||6.250|0.00||||||||||||||||||||72695.58
F08Q10000402|201103|72609.18|0|037|323|||||6.250|0.00||||||||||||||||||||72609.18
F08Q10000402|201104|72522.33|0|038|322|||||6.250|0.00||||||||||||||||||||72522.33
F08Q10000402|201105|72435.03|0|039|321|||||6.250|0.00||||||||||||||||||||72435.03
F08Q10000402|201106|72347.28|0|040|320|||||6.250|0.00||||||||||||||||||||72347.28
F08Q10000402|201107|72259.07|0|041|319|||||6.250|0.00||||||||||||||||||||72259.07
F08Q10000402|201108|72170.40|0|042|318|||||6.250|0.00||||||||||||||||||||72170.40
F08Q10000402|201109|72081.27|0|043|317|||||6.250|0.00||||||||||||||||||||72081.27
F08Q10000402|201110|71991.67|0|044|316|||||6.250|0.00||||||||||||||||||||71991.67
F08Q10000402|201111|71901.61|0|045|315|||||6.250|0.00||||||||||||||||||||71901.61
F08Q10000402|201112|71811.08|0|046|314|||||6.250|0.00||||||||||||||||||||71811.08
F08Q10000402|201201|71720.08|0|047|313|||||6.250|0.00||||||||||||||||||||71720.08
F08Q10000402|201202|71628.60|0|048|312|||||6.250|0.00||||||||||||||||||||71628.60
F08Q10000402|201203|71536.65|0|049|311|||||6.250|0.00||||||||||||||||||||71536.65
F08Q10000402|201204|71444.22|0|050|310|||||6.250|0.00||||||||||||||||||||71444.22
F08Q10000402|201205|71351.31|0|051|309|||||6.250|0.00||||||||||||||||||||71351.31
F08Q10000402|201206|71257.91|0|052|308|||||6.250|0.00||||||||||||||||||||71257.91
F08Q10000402|201207|71164.02|0|053|307|||||6.250|0.00||||||||||||||||||||71164.02
F08Q10000402|201208|71069.65|0|054|306|||||6.250|0.00||||||||||||||||||||71069.65
F08Q10000402|201209|70974.78|0|055|305|||||6.250|0.00||||||||||||||||||||70974.78
F08Q10000402|201210|70879.42|0|056|304|||||6.250|0.00||||||||||||||||||||70879.42
F08Q10000402|201211|70783.56|0|057|303|||||6.250|0.00||||||||||||||||||||70783.56
F08Q10000402|201212|70687.20|0|058|302|||||6.250|0.00||||||||||||||||||||70687.20
F08Q10000402|201301|70590.34|0|059|301|||||6.250|0.00||||||||||||||||||||70590.34
F08Q10000402|201302|70492.98|0|060|300|||||6.250|0.00||||||||||||||||||||70492.98
F08Q10000402|201303|70395.11|0|061|299|||||6.250|0.00||||||||||||||||||||70395.11
F08Q10000402|201304|70296.73|0|062|298|||||6.250|0.00||||||||||||||||||||70296.73
F08Q10000402|201305|70197.84|0|063|297|||||6.250|0.00||||||||||||||||||||70197.84
F08Q10000402|201306|70098.43|0|064|296|||||6.250|0.00||||||||||||||||||||70098.43
F08Q10000402|201307|69998.51|0|065|295|||||6.250|0.00||||||||||||||||||||69998.51
F08Q10000402|201308|69898.07|0|066|294|||||6.250|0.00||||||||||||||||||||69898.07
F08Q10000402|201309|69797.10|0|067|293|||||6.250|0.00||||||||||||||||||||69797.10
F08Q10000402|201310|69695.61|0|068|292|||||6.250|0.00||||||||||||||||||||69695.61
F08Q10000402|201311|69593.59|0|069|291|||||6.250|0.00||||||||||||||||||||69593.59
F08Q10000402|201312|69491.04|0|070|290|||||6.250|0.00||||||||||||||||||||69491.04
F08Q10000402|201401|69387.95|0|071|289|||||6.250|0.00||||||||||||||||||||69387.95
F08Q10000402|201402|69284.33|0|072|288|||||6.250|0.00||||||||||||||||||||69284.33
F08Q10000402|201403|69180.17|0|073|287|||||6.250|0.00||||||||||||||||||||69180.17
F08Q10000402|201404|69075.46|0|074|286|||||6.250|0.00||||||||||||||||||||69075.46
F08Q10000402|201405|68970.21|0|075|285|||||6.250|0.00||||||||||||||||||||68970.21
F08Q10000402|201406|68864.41|0|076|284|||||6.250|0.00||||||||||||||||||||68864.41
F08Q10000402|201407|68758.06|0|077|283|||||6.250|0.00||||||||||||||||||||68758.06
F08Q10000402|201408|68651.15|0|078|282|||||6.250|0.00||||||||||||||||||||68651.15
F08Q10000402|201409|68543.69|0|079|281|||||6.250|0.00||||||||||||||||||||68543.69
F08Q10000402|201410|68435.67|0|080|280|||||6.250|0.00||||||||||||||||||||68435.67
F08Q10000402|201411|68327.09|0|081|279|||||6.250|0.00||||||||||||||||||||68327.09
F08Q10000402|201412|68217.94|0|082|278|||||6.250|0.00||||||||||||||||||||68217.94
F08Q10000402|201501|68108.22|0|083|277|||||6.250|0.00||||||||||||||||||||68108.22
F08Q10000402|201502|67997.93|0|084|276|||||6.250|0.00||||||||||||||||||||67997.93
F08Q10000402|201503|67887.07|0|085|275|||||6.250|0.00||||||||||||||||||||67887.07
F08Q10000402|201504|67775.63|0|086|274|||||6.250|0.00||||||||||||||||||||67775.63
F08Q10000402|201505|67663.61|0|087|273|||||6.250|0.00||||||||||||||||||||67663.61
F08Q10000402|201506|67551.00|0|088|272|||||6.250|0.00||||||||||||||||||||67551.00
F08Q10000402|201507|67437.81|0|089|271|||||6.250|0.00||||||||||||||||||||67437.81
F08Q10000402|201508|67324.03|0|090|270|||||6.250|0.00||||||||||||||||||||67324.03
F08Q10000402|201509|67209.66|0|091|269|||||6.250|0.00||||||||||||||||||||67209.66
F08Q10000402|201510|67094.69|0|092|268|||||6.250|0.00||||||||||||||||||||67094.69
F08Q10000402|201511|66979.12|0|093|267|||||6.250|0.00||||||||||||||||||||66979.12
F08Q10000402|201512|66862.95|0|094|266|||||6.250|0.00||||||||||||||||||||66862.95
F08Q10000402|201601|66746.17|0|095|265|||||6.250|0.00||||||||||||||||||||66746.17
F08Q10000402|201602|66628.79|0|096|264|||||6.250|0.00||||||||||||||||||||66628.79
F08Q10000402|201603|66510.79|0|097|263|||||6.250|0.00||||||||||||||||||||66510.79
F08Q10000402|201604|66392.18|0|098|262|||||6.250|0.00||||||||||||||||||||66392.18
F08Q10000402|201605|66272.95|0|099|261|||||6.250|0.00||||||||||||||||||||66272.95
F08Q10000402|201606|66153.10|0|100|260|||||6.250|0.00||||||||||||||||||||66153.10
F08Q10000402|201607|66032.63|0|101|259|||||6.250|0.00||||||||||||||||||||66032.63
F08Q10000402|201608|65911.53|0|102|258|||||6.250|0.00||||||||||||||||||||65911.53
F08Q10000402|201609|65789.80|0|103|257|||||6.250|0.00||||||||||||||||||||65789.80
F08Q10000402|201610|65667.44|0|104|256|||||6.250|0.00||||||||||||||||||||65667.44
F08Q10000402|201611|65544.44|0|105|255|||||6.250|0.00||||||||||||||||||||65544.44
F08Q10000402|201612|65420.80|0|106|254|||||6.250|0.00||||||||||||||||||||65420.80
F08Q10000402|201701|65296.51|0|107|253|||||6.250|0.00||||||||||||||||||||65296.51
F08Q10000402|201702|65171.58|0|108|252|||||6.250|0.00||||||||||||||||||||65171.58
F08Q10000402|201703|65046.00|0|109|251|||||6.250|0.00||||||||||||||||||||65046.00
F08Q10000402|201704|64919.76|0|110|250|||||6.250|0.00||||||||||||||67||||||64919.76
F08Q10000402|201705|64792.86|0|111|249|||||6.250|0.00||||||||||||||67||||||64792.86
F08Q10000402|201706|64665.30|0|112|248|||||6.250|0.00||||||||||||||67||||||64665.30
F08Q10000402|201707|64537.08|0|113|247|||||6.250|0.00||||||||||||||71||||||64537.08
F08Q10000402|201708|64408.19|0|114|246|||||6.250|0.00||||||||||||||74||||||64408.19
F08Q10000402|201709|64278.63|0|115|245|||||6.250|0.00||||||||||||||65||||||64278.63
F08Q10000402|201710|64148.39|0|116|244|||||6.250|0.00||||||||||||||65||||||64148.39
F08Q10000402|201711|64017.48|0|117|243|||||6.250|0.00||||||||||||||66||||||64017.48
F08Q10000402|201712|63885.88|0|118|242|||||6.250|0.00||||||||||||||72||||||63885.88
F08Q10000402|201801|63753.60|0|119|241|||||6.250|0.00||||||||||||||73||||||63753.60
F08Q10000402|201802|63620.63|0|120|240|||||6.250|0.00||||||||||||||76||||||63620.63
F08Q10000402|201803|63486.97|0|121|239|||||6.250|0.00||||||||||||||74||||||63486.97
F08Q10000402|201804|63352.61|0|122|238|||||6.250|0.00||||||||||||||73||||||63352.61
F08Q10000402|201805|63217.55|0|123|237|||||6.250|0.00||||||||||||||69||||||63217.55
F08Q10000402|201806|63081.79|0|124|236|||||6.250|0.00||||||||||||||72||||||63081.79
F08Q10000402|201807|62945.32|0|125|235|||||6.250|0.00||||||||||||||74||||||62945.32
F08Q10000402|201808|62808.14|0|126|234|||||6.250|0.00||||||||||||||76||||||62808.14
F08Q10000402|201809|62670.25|0|127|233|||||6.250|0.00||||||||||||||77||||||62670.25
F08Q10000402|201810|62531.64|0|128|232|||||6.250|0.00||||||||||||||75||||||62531.64
F08Q10000402|201811|62392.31|0|129|231|||||6.250|0.00||||||||||||||76||||||62392.31
F08Q10000402|201812|62252.25|0|130|230|||||6.250|0.00||||||||||||||77||||||62252.25
F08Q10000402|201901|62111.46|0|131|229|||||6.250|0.00||||||||||||||73||||||62111.46
F08Q10000402|201902|61969.94|0|132|228|||||6.250|0.00||||||||||||||70||||||61969.94
F08Q10000402|201903|61827.68|0|133|227|||||6.250|0.00||||||||||||||73||||||61827.68
F08Q10000402|201904|61684.68|0|134|226|||||6.250|0.00||||||||||||||73||||||61684.68
F08Q10000402|201905|61540.93|0|135|225|||||6.250|0.00||||||||||||||71||||||61540.93
F08Q10000402|201906|61396.44|0|136|224|||||6.250|0.00||||||||||||||68||||||61396.44
F08Q10000402|201907|61251.19|0|137|223|||||6.250|0.00||||||||||||||68||||||61251.19
F08Q10000402|201908|61105.19|0|138|222|||||6.250|0.00||||||||||||||67||||||61105.19
F08Q10000402|201909|60958.43|0|139|221|||||6.250|0.00||||||||||||||68||||||60958.43
F08Q10000402|201910|60810.90|0|140|220|||||6.250|0.00||||||||||||||64||||||60810.90
F08Q10000402|201911|60662.60|0|141|219|||||6.250|0.00||||||||||||||65||||||60662.60
F08Q10000402|201912|60513.53|0|142|218|||||6.250|0.00||||||||||||||66||||||60513.53
F08Q10000402|202001|60363.68|0|143|217|||||6.250|0.00||||||||||||||64||||||60363.68
F08Q10000402|202002|60213.05|0|144|216|||||6.250|0.00||||||||||||||64||||||60213.05
F08Q10000402|202003|60061.64|0|145|215|||||6.250|0.00||||||||||||||64||||||60061.64
F08Q10000402|202004|59909.44|0|146|214|||||6.250|0.00||||||||||||||64||||||59909.44
F08Q10000402|202005|59756.45|0|147|213|||||6.250|0.00||||||||||||||64||||||59756.45
F08Q10000402|202006|59602.66|0|148|212|||||6.250|0.00||||||||||||||62||||||59602.66
F08Q10000402|202007|59448.07|0|149|211|||||6.250|0.00||||||||||||||64||||||59448.07
F08Q10000402|202008|59292.68|0|150|210|||||6.250|0.00||||||||||||||63||||||59292.68
F08Q10000402|202009|59136.48|0|151|209|||||6.250|0.00||||||||||||||64||||||59136.48
F08Q10000402|202010|58979.46|0|152|208|||||6.250|0.00||||||||||||||61||||||58979.46
F08Q10000402|202011|58821.62|0|153|207|||||6.250|0.00||||||||||||||60||||||58821.62
F08Q10000402|202012|58662.96|0|154|206|||||6.250|0.00||||||||||||||58||||||58662.96
F08Q10000402|202101|58503.48|0|155|205|||||6.250|0.00||||||||||||||59||||||58503.48
F08Q10000402|202102|58343.17|0|156|204|||||6.250|0.00||||||||||||||60||||||58343.17
F08Q10000402|202103|58182.02|0|157|203|||||6.250|0.00||||||||||||||60||||||58182.02
F08Q10000402|202104|58020.03|0|158|202|||||6.250|0.00||||||||||||||60||||||58020.03
F08Q10000402|202105|57857.20|0|159|201|||||6.250|0.00||||||||||||||56||||||57857.20
F08Q10000402|202106|57693.52|0|160|200|||||6.250|0.00||||||||||||||52||||||57693.52
F08Q10000402|202107|57528.99|0|161|199|||||6.250|0.00||||||||||||||49||||||57528.99
F08Q10000402|202108|57363.60|0|162|198|||||6.250|0.00||||||||||||||55||||||57363.60
F08Q10000402|202109|57197.35|0|163|197|||||6.250|0.00||||||||||||||50||||||57197.35
F08Q10000402|202110|57030.23|0|164|196|||||6.250|0.00||||||||||||||54||||||57030.23
F08Q10000402|202111|56862.24|0|165|195|||||6.250|0.00||||||||||||||54||||||56862.24
F08Q10000402|202112|56693.38|0|166|194|||||6.250|0.00||||||||||||||57||||||56693.38
F08Q10000402|202201|56523.64|0|167|193|||||6.250|0.00||||||||||||||55||||||56523.64
F08Q10000402|202202|56353.01|0|168|192|||||6.250|0.00||||||||||||||50||||||56353.01
F08Q10000402|202203|56181.50|0|169|191|||||6.250|0.00||||||||||||||56||||||56181.50
F08Q10000402|202204|56009.09|0|170|190|||||6.250|0.00||||||||||||||52||||||56009.09
F08Q10000402|202205|55835.78|0|171|189|||||6.250|0.00||||||||||||||53||||||55835.78
F08Q10000402|202206|55661.57|0|172|188|||||6.250|0.00||||||||||||||53||||||55661.57
F08Q10000402|202207|55486.45|0|173|187|||||6.250|0.00||||||||||||||49||||||55486.45
F08Q10000402|202208|55310.42|0|174|186|||||6.250|0.00||||||||||||||49||||||55310.42
F08Q10000402|202209|55133.48|0|175|185|||||6.250|0.00||||||||||||||51||||||55133.48
F08Q10000402|202210|54955.61|0|176|184|||||6.250|0.00||||||||||||||51||||||54955.61
F08Q10000402|202211|54776.82|0|177|183|||||6.250|0.00||||||||||||||55||||||54776.82
F08Q10000402|202212|54597.10|0|178|182|||||6.250|0.00||||||||||||||59||||||54597.10
F08Q10000402|202301|54416.44|0|179|181|||||6.250|0.00||||||||||||||46||||||54416.44
F08Q10000402|202302|54234.84|0|180|180|||||6.250|0.00||||||||||||||46||||||54234.84
F08Q10000402|202303|54052.29|0|181|179|||||6.250|0.00||||||||||||||47||||||54052.29
F08Q10000402|202304|53868.79|0|182|178|||||6.250|0.00||||||||||||||43||||||53868.79
F08Q10000402|202305|53684.34|0|183|177|||||6.250|0.00||||||||||||||44||||||53684.34
F08Q10000402|202306|53498.93|0|184|176|||||6.250|0.00||||||||||||||44||||||53498.93
F08Q10000402|202307|53312.55|0|185|175|||||6.250|0.00||||||||||||||42||||||53312.55
F08Q10000402|202308|53125.20|0|186|174|||||6.250|0.00||||||||||||||45||||||53125.20
F08Q10000402|202309|52936.87|0|187|173|||||6.250|0.00||||||||||||||46||||||52936.87
F08Q10000402|202310|52747.56|0|188|172|||||6.250|0.00||||||||||||||48||||||52747.56
F08Q10000402|202311|52557.27|0|189|171|||||6.250|0.00||||||||||||||46||||||52557.27
F08Q10000402|202312|52365.99|0|190|170|||||6.250|0.00||||||||||||||46||||||52365.99
F08Q10000402|202401|52173.71|0|191|169|||||6.250|0.00||||||||||||||45||||||52173.71
F08Q10000402|202402|51980.43|0|192|168|||||6.250|0.00||||||||||||||45||||||51980.43
F08Q10000402|202403|51786.14|0|193|167|||||6.250|0.00||||||||||||||46||||||51786.14
F08Q10000402|202404|51590.84|0|194|166|||||6.250|0.00||||||||||||||47||||||51590.84
F08Q10000402|202405|51394.52|0|195|165|||||6.250|0.00||||||||||||||47||||||51394.52
F08Q10000402|202406|51197.18|0|196|164|||||6.250|0.00||||||||||||||45||||||51197.18
F08Q10000402|202407|50998.81|0|197|163|||||6.250|0.00||||||||||||||43||||||50998.81
F08Q10000402|202408|50799.41|0|198|162|||||6.250|0.00||||||||||||||41||||||50799.41
F08Q10000402|202409|50598.97|0|199|161|||||6.250|0.00||||||||||||||41||||||50598.97
F08Q10000402|202410|50397.49|0|200|160|||||6.250|0.00||||||||||||||42||||||50397.49
F08Q10000402|202411|50194.96|0|201|159|||||6.250|0.00||||||||||||||40||||||50194.96
F08Q10000402|202412|49991.37|0|202|158|||||6.250|0.00||||||||||||||41||||||49991.37
F08Q10000402|202501|49786.72|0|203|157|||||6.250|0.00||||||||||||||48||||||49786.72
F08Q10000402|202502|49581.01|0|204|156|||||6.250|0.00||||||||||||||43||||||49581.01
F08Q10000402|202503|49374.22|0|205|155|||||6.250|0.00||||||||||||||41||||||49374.22
F08Q10000402|202504|49166.36|0|206|154|||||6.250|0.00||||||||||||||38||||||49166.36
F08Q10000402|202505|48957.41|0|207|153|||||6.250|0.00||||||||||||||41||||||48957.41
F08Q10000402|202506|48747.38|0|208|152|||||6.250|0.00||||||||||||||38||||||48747.38
F08Q10000402|202507|48536.25|0|209|151|||||6.250|0.00||||||||||||||39||||||48536.25
F08Q10000402|202508|48324.02|0|210|150|||||6.250|0.00||||||||||||||37||||||48324.02
F08Q10000402|202509|48110.69|0|211|149|||||6.250|0.00||||||||||||||38||||||48110.69
F08Q10000410|200802|37000.00|0|000|180|||||5.875|0.00||||||||||||||||||||37000.00
F08Q10000410|200803|37000.00|0|001|179|||||5.875|0.00||||||||||||||||||||37000.00
F08Q10000410|200804|37000.00|0|002|178|||||5.875|0.00||||||||||||||||||||37000.00
F08Q10000410|200805|37000.00|0|003|177|||||5.875|0.00||||||||||||||||||||37000.00
F08Q10000410|200806|0.00|0|004|176|||01|200806|5.875|0.00|||||||||||||||36612.36|||||0.00
F08Q10000536|200802|87000.00|0|000|360|||||6.625|0.00||||||||||||||||||||87000.00
F08Q10000536|200803|87000.00|0|001|359|||||6.625|0.00||||||||||||||||||||87000.00
F08Q10000536|200804|87000.00|0|002|358|||||6.625|0.00||||||||||||||||||||87000.00
F08Q10000536|200805|87000.00|0|003|357|||||6.625|0.00||||||||||||||||||||87000.00
F08Q10000536|200806|87000.00|0|004|356|||||6.625|0.00||||||||||||||||||||87000.00
F08Q10000536|200807|87000.00|0|005|355|||||6.625|0.00||||||||||||||||||||87000.00
F08Q10000536|200808|87000.00|0|006|354|||||6.625|0.00||||||||||||||||||||87000.00
F08Q10000536|200809|86453.70|0|007|353|||||6.625|0.00||||||||||||||||||||86453.70
F08Q10000536|200810|86373.93|0|008|352|||||6.625|0.00||||||||||||||||||||86373.93
F08Q10000536|200811|86293.72|0|009|351|||||6.625|0.00||||||||||||||||||||86293.72
F08Q10000536|200812|86213.06|0|010|350|||||6.625|0.00||||||||||||||||||||86213.06
F08Q10000536|200901|86131.96|0|011|349|||||6.625|0.00||||||||||||||||||||86131.96
F08Q10000536|200902|85975.41|0|012|348|||||6.625|0.00||||||||||||||||||||85975.41
F08Q10000536|200903|85893.00|0|013|347|||||6.625|0.00||||||||||||||||||||85893.00
F08Q10000536|200904|85810.13|0|014|346|||||6.625|0.00||||||||||||||||||||85810.13
F08Q10000536|200905|85726.80|0|015|345|||||6.625|0.00||||||||||||||||||||85726.80
F08Q10000536|200906|85643.01|0|016|344|||||6.625|0.00||||||||||||||||||||85643.01
F08Q10000536|200907|85558.76|0|017|343|||||6.625|0.00||||||||||||||||||||85558.76
F08Q10000536|200908|85474.05|0|018|342|||||6.625|0.00||||||||||||||||||||85474.05
F08Q10000536|200909|85388.87|0|019|341|||||6.625|0.00||||||||||||||||||||85388.87
F08Q10000536|200910|85303.22|0|020|340|||||6.625|0.00||||||||||||||||||||85303.22
F08Q10000536|200911|85217.09|0|021|339|||||6.625|0.00||||||||||||||||||||85217.09
F08Q10000536|200912|85130.49|0|022|338|||||6.625|0.00||||||||||||||||||||85130.49
F08Q10000536|201001|85043.41|0|023|337|||||6.625|0.00||||||||||||||||||||85043.41
F08Q10000536|201002|84955.85|0|024|336|||||6.625|0.00||||||||||||||||||||84955.85
F08Q10000536|201003|84867.81|0|025|335|||||6.625|0.00||||||||||||||||||||84867.81
F08Q10000536|201004|84779.28|0|026|334|||||6.625|0.00||||||||||||||||||||84779.28
F08Q10000536|201005|84690.26|0|027|333|||||6.625|0.00||||||||||||||||||||84690.26
F08Q10000536|201006|84600.75|0|028|332|||||6.625|0.00||||||||||||||||||||84600.75
F08Q10000536|201007|84510.75|0|029|331|||||6.625|0.00||||||||||||||||||||84510.75
F08Q10000536|201008|84420.25|0|030|330|||||6.625|0.00||||||||||||||||||||84420.25
F08Q10000536|201009|84329.25|0|031|329|||||6.625|0.00||||||||||||||||||||84329.25
F08Q10000536|201010|84237.75|0|032|328|||||6.625|0.00||||||||||||||||||||84237.75
F08Q10000536|201011|84145.74|0|033|327|||||6.625|0.00||||||||||||||||||||84145.74
F08Q10000536|201012|84053.22|0|034|326|||||6.625|0.00||||||||||||||||||||84053.22
F08Q10000536|201101|83960.19|0|035|325|||||6.625|0.00||||||||||||||||||||83960.19
F08Q10000536|201102|83866.65|0|036|324|||||6.625|0.00||||||||||||||||||||83866.65
F08Q10000536|201103|83772.59|0|037|323|||||6.625|0.00||||||||||||||||||||83772.59
F08Q10000536|201104|83678.01|0|038|322|||||6.625|0.00||||||||||||||||||||83678.01
F08Q10000536|201105|83582.91|0|039|321|||||6.625|0.00||||||||||||||||||||83582.91
F08Q10000536|201106|83487.29|0|040|320|||||6.625|0.00||||||||||||||||||||83487.29
F08Q10000536|201107|83391.14|0|041|319|||||6.625|0.00||||||||||||||||||||83391.14
F08Q10000536|201108|83294.46|0|042|318|||||6.625|0.00||||||||||||||||||||83294.46
F08Q10000536|201109|83294.46|1|043|317|||||6.625|0.00||||||||||||||||||||83294.46
F08Q10000536|201110|83294.46|2|044|316|||||6.625|0.00||||||||||||||||||||83294.46
F08Q10000536|201111|83294.46|3|045|315|||||6.625|0.00||||||||||||||||||||83294.46
F08Q10000536|201112|83294.46|3|046|314|||||6.625|0.00||||||||||||||||||||83294.46
F08Q10000536|201201|83197.24|4|047|313|||||6.625|0.00||||||||||||||||||||83197.24
F08Q10000536|201202|83197.24|5|048|312|||||6.625|0.00||||||||||||||||||||83197.24
F08Q10000536|201203|83197.24|RA|049|311|||||6.625|0.00||||||||||||||||||||83197.24
F08Q10000536|201204|83197.24|RA|050|310|||||6.625|0.00||||||||||||||||||||83197.24
F08Q10000536|201205|83197.24|RA|051|309|||||6.625|0.00||||||||||||||||||||83197.24
F08Q10000536|201206|83197.24|RA|052|308|||||6.625|0.00||||||||||||||||||||83197.24
F08Q10000536|201207|0.00|RA|053|307|||09|201207|6.625|0.00|201109|0.00|73043.57|500.89|-9319.52|-2721.16|-5631.21|-657.15|-310.00|-23322.82|||||83197.24|4350.52||||0.00
F08Q10000646|200802|125000.00|0|000|360|||||6.125|0.00||||||||||||||||||||125000.00
F08Q10000646|200803|125000.00|0|001|359|||||6.125|0.00||||||||||||||||||||125000.00
F08Q10000646|200804|125000.00|0|002|358|||||6.125|0.00||||||||||||||||||||125000.00
F08Q10000646|200805|125000.00|0|003|357|||||6.125|0.00||||||||||||||||||||125000.00
F08Q10000646|200806|124000.00|0|004|356|||||6.125|0.00||||||||||||||||||||124000.00
F08Q10000646|200807|124000.00|0|005|355|||||6.125|0.00||||||||||||||||||||124000.00
F08Q10000646|200808|124000.00|0|006|354|||||6.125|0.00||||||||||||||||||||124000.00
F08Q10000646|200809|123983.84|0|007|353|||||6.125|0.00||||||||||||||||||||123983.84
F08Q10000646|200810|123826.95|0|008|352|||||6.125|0.00||||||||||||||||||||123826.95
F08Q10000646|200811|123669.26|0|009|351|||||6.125|0.00||||||||||||||||||||123669.26
F08Q10000646|200812|123510.77|0|010|350|||||6.125|0.00||||||||||||||||||||123510.77
F08Q10000646|200901|123351.47|0|011|349|||||6.125|0.00||||||||||||||||||||123351.47
F08Q10000646|200902|123191.36|0|012|348|||||6.125|0.00||||||||||||||||||||123191.36
F08Q10000646|200903|123030.43|0|013|347|||||6.125|0.00||||||||||||||||||||123030.43
F08Q10000646|200904|122868.68|0|014|346|||||6.125|0.00||||||||||||||||||||122868.68
F08Q10000646|200905|122706.10|0|015|345|||||6.125|0.00||||||||||||||||||||122706.10
F08Q10000646|200906|122537.74|0|016|344|||||6.125|0.00||||||||||||||||||||122537.74
F08Q10000646|200907|122363.68|0|017|343|||||6.125|0.00||||||||||||||||||||122363.68
F08Q10000646|200908|122193.57|0|018|342|||||6.125|0.00||||||||||||||||||||122193.57
F08Q10000646|200909|122017.76|0|019|341|||||6.125|0.00||||||||||||||||||||122017.76
F08Q10000646|200910|121881.05|0|020|340|||||6.125|0.00||||||||||||||||||||121881.05
F08Q10000646|200911|121743.64|0|021|339|||||6.125|0.00||||||||||||||||||||121743.64
F08Q10000646|200912|121605.53|0|022|338|||||6.125|0.00||||||||||||||||||||121605.53
F08Q10000646|201001|121466.71|0|023|337|||||6.125|0.00||||||||||||||||||||121466.71
F08Q10000646|201002|121327.19|0|024|336|||||6.125|0.00||||||||||||||||||||121327.19
F08Q10000646|201003|0.00|0|025|335|||01|201003|6.125|0.00|||||||||||||||121327.19|||||0.00
F08Q10000706|200802|122000.00|0|000|180|||||5.625|0.00||||||||||||||||||||122000.00
F08Q10000706|200803|121000.00|0|001|179|||||5.625|0.00||||||||||||||||||||121000.00
F08Q10000706|200804|121000.00|0|002|178|||||5.625|0.00||||||||||||||||||||121000.00
F08Q10000706|200805|120000.00|0|003|177|||||5.625|0.00||||||||||||||||||||120000.00
F08Q10000706|200806|120000.00|0|004|176|||||5.625|0.00||||||||||||||||||||120000.00
F08Q10000706|200807|119000.00|0|005|175|||||5.625|0.00||||||||||||||||||||119000.00
F08Q10000706|200808|119000.00|0|006|174|||||5.625|0.00||||||||||||||||||||119000.00
F08Q10000706|200809|118438.13|0|007|173|||||5.625|0.00||||||||||||||||||||118438.13
F08Q10000706|200810|117992.48|0|008|172|||||5.625|0.00||||||||||||||||||||117992.48
F08Q10000706|200811|117544.74|0|009|171|||||5.625|0.00||||||||||||||||||||117544.74
F08Q10000706|200812|117094.90|0|010|170|||||5.625|0.00||||||||||||||||||||117094.90
F08Q10000706|200901|116642.95|0|011|169|||||5.625|0.00||||||||||||||||||||116642.95
F08Q10000706|200902|116642.95|0|012|168|||||5.625|0.00||||||||||||||||||||116642.95
F08Q10000706|200903|116188.88|0|013|167|||||5.625|0.00||||||||||||||||||||116188.88
F08Q10000706|200904|115274.36|0|014|166|||||5.625|0.00||||||||||||||||||||115274.36
F08Q10000706|200905|114813.88|0|015|165|||||5.625|0.00||||||||||||||||||||114813.88
F08Q10000706|200906|114351.24|0|016|164|||||5.625|0.00||||||||||||||||||||114351.24
F08Q10000706|200907|113886.43|0|017|163|||||5.625|0.00||||||||||||||||||||113886.43
F08Q10000706|200908|113419.44|0|018|162|||||5.625|0.00||||||||||||||||||||113419.44
F08Q10000706|200909|112950.26|0|019|161|||||5.625|0.00||||||||||||||||||||112950.26
F08Q10000706|200910|112478.88|0|020|160|||||5.625|0.00||||||||||||||||||||112478.88
F08Q10000706|200911|112478.88|0|021|159|||||5.625|0.00||||||||||||||||||||112478.88
F08Q10000706|200912|111529.48|0|022|158|||||5.625|0.00||||||||||||||||||||111529.48
F08Q10000706|201001|111051.44|0|023|157|||||5.625|0.00||||||||||||||||||||111051.44
F08Q10000706|201002|110571.16|0|024|156|||||5.625|0.00||||||||||||||||||||110571.16
F08Q10000706|201003|110088.63|0|025|155|||||5.625|0.00||||||||||||||||||||110088.63
F08Q10000706|201004|109603.84|0|026|154|||||5.625|0.00||||||||||||||||||||109603.84
F08Q10000706|201005|109603.84|0|027|153|||||5.625|0.00||||||||||||||||||||109603.84
F08Q10000706|201006|108627.43|0|028|152|||||5.625|0.00||||||||||||||||||||108627.43
F08Q10000706|201007|108627.43|0|029|151|||||5.625|0.00||||||||||||||||||||108627.43
F08Q10000706|201008|108135.79|0|030|150|||||5.625|0.00||||||||||||||||||||108135.79
F08Q10000706|201009|107145.59|0|031|149|||||5.625|0.00||||||||||||||||||||107145.59
F08Q10000706|201010|106647.00|0|032|148|||||5.625|0.00||||||||||||||||||||106647.00
F08Q10000706|201011|106146.08|0|033|147|||||5.625|0.00||||||||||||||||||||106146.08
F08Q10000706|201012|105642.81|0|034|146|||||5.625|0.00||||||||||||||||||||105642.81
F08Q10000706|201101|105137.18|0|035|145|||||5.625|0.00||||||||||||||||||||105137.18
F08Q10000706|201102|104629.18|0|036|144|||||5.625|0.00||||||||||||||||||||104629.18
F08Q10000706|201103|104118.80|0|037|143|||||5.625|0.00||||||||||||||||||||104118.80
F08Q10000706|201104|103606.03|0|038|142|||||5.625|0.00||||||||||||||||||||103606.03
F08Q10000706|201105|103090.85|0|039|141|||||5.625|0.00||||||||||||||||||||103090.85
F08Q10000706|201106|102573.26|0|040|140|||||5.625|0.00||||||||||||||||||||102573.26
F08Q10000706|201107|102053.24|0|041|139|||||5.625|0.00||||||||||||||||||||102053.24
F08Q10000706|201108|101530.78|0|042|138|||||5.625|0.00||||||||||||||||||||101530.78
F08Q10000706|201109|101005.88|0|043|137|||||5.625|0.00||||||||||||||||||||101005.88
F08Q10000706|201110|100478.52|0|044|136|||||5.625|0.00||||||||||||||||||||100478.52
F08Q10000706|201111|99948.68|0|045|135|||||5.625|0.00||||||||||||||||||||99948.68
F08Q10000706|201112|99416.36|0|046|134|||||5.625|0.00||||||||||||||||||||99416.36
F08Q10000706|201201|98881.54|0|047|133|||||5.625|0.00||||||||||||||||||||98881.54
F08Q10000706|201202|98344.22|0|048|132|||||5.625|0.00||||||||||||||||||||98344.22
F08Q10000706|201203|97804.38|0|049|131|||||5.625|0.00||||||||||||||||||||97804.38
F08Q10000706|201204|0.00|0|050|130|||01|201204|5.625|0.00|||||||||||||||97804.38|||||0.00
F08Q10000747|200802|126000.00|0|000|360|||||6.375|0.00||||||||||||||||||||126000.00
F08Q10000747|200803|125000.00|0|001|359|||||6.375|0.00||||||||||||||||||||125000.00
F08Q10000747|200804|125000.00|0|002|358|||||6.375|0.00||||||||||||||||||||125000.00
F08Q10000747|200805|125000.00|0|003|357|||||6.375|0.00||||||||||||||||||||125000.00
F08Q10000747|200806|125000.00|0|004|356|||||6.375|0.00||||||||||||||||||||125000.00
F08Q10000747|200807|124000.00|0|005|355|||||6.375|0.00||||||||||||||||||||124000.00
F08Q10000747|200808|124000.00|0|006|354|||||6.375|0.00||||||||||||||||||||124000.00
F08Q10000747|200809|123961.97|0|007|353|||||6.375|0.00||||||||||||||||||||123961.97
F08Q10000747|200810|123737.56|0|008|352|||||6.375|0.00||||||||||||||||||||123737.56
F08Q10000747|200811|123511.96|0|009|351|||||6.375|0.00||||||||||||||||||||123511.96
F08Q10000747|200812|123285.16|0|010|350|||||6.375|0.00||||||||||||||||||||123285.16
F08Q10000747|200901|123057.15|0|011|349|||||6.375|0.00||||||||||||||||||||123057.15
F08Q10000747|200902|122427.93|0|012|348|||||6.375|0.00||||||||||||||||||||122427.93
F08Q10000747|200903|122195.37|0|013|347|||||6.375|0.00||||||||||||||||||||122195.37
F08Q10000747|200904|121961.57|0|014|346|||||6.375|0.00||||||||||||||||||||121961.57
F08Q10000747|200905|121726.53|0|015|345|||||6.375|0.00||||||||||||||||||||121726.53
F08Q10000747|200906|121490.24|0|016|344|||||6.375|0.00||||||||||||||||||||121490.24
F08Q10000747|200907|121252.70|0|017|343|||||6.375|0.00||||||||||||||||||||121252.70
F08Q10000747|200908|0.00|0|018|342|||01|200908|6.375|0.00|||||||||||||||121252.70|||||0.00
F08Q10000794|200803|417000.00|0|000|180|||||5.250|0.00||||||||||||||||||||417000.00
F08Q10000794|200804|415000.00|0|001|179|||||5.250|0.00||||||||||||||||||||415000.00
F08Q10000794|200805|414000.00|0|002|178|||||5.250|0.00||||||||||||||||||||414000.00
F08Q10000794|200806|412000.00|0|003|177|||||5.250|0.00||||||||||||||||||||412000.00
F08Q10000794|200807|411000.00|0|004|176|||||5.250|0.00||||||||||||||||||||411000.00
F08Q10000794|200808|409000.00|0|005|175|||||5.250|0.00||||||||||||||||||||409000.00
F08Q10000794|200809|408000.00|0|006|174|||||5.250|0.00||||||||||||||||||||408000.00
F08Q10000794|200810|406164.04|0|007|173|||||5.250|0.00||||||||||||||||||||406164.04
F08Q10000794|200811|404588.84|0|008|172|||||5.250|0.00||||||||||||||||||||404588.84
F08Q10000794|200812|403006.75|0|009|171|||||5.250|0.00||||||||||||||||||||403006.75
F08Q10000794|200901|401417.73|0|010|170|||||5.250|0.00||||||||||||||||||||401417.73
F08Q10000794|200902|399821.76|0|011|169|||||5.250|0.00||||||||||||||||||||399821.76
F08Q10000794|200903|398218.81|0|012|168|||||5.250|0.00||||||||||||||||||||398218.81
F08Q10000794|200904|396608.85|0|013|167|||||5.250|0.00||||||||||||||||||||396608.85
F08Q10000794|200905|394991.84|0|014|166|||||5.250|0.00||||||||||||||||||||394991.84
F08Q10000794|200906|393367.76|0|015|165|||||5.250|0.00||||||||||||||||||||393367.76
F08Q10000794|200907|391736.57|0|016|164|||||5.250|0.00||||||||||||||||||||391736.57
F08Q10000794|200908|390098.25|0|017|163|||||5.250|0.00||||||||||||||||||||390098.25
F08Q10000794|200909|388452.76|0|018|162|||||5.250|0.00||||||||||||||||||||388452.76
F08Q10000794|200910|386800.07|0|019|161|||||5.250|0.00||||||||||||||||||||386800.07
F08Q10000794|200911|385140.15|0|020|160|||||5.250|0.00||||||||||||||||||||385140.15
F08Q10000794|200912|383472.97|0|021|159|||||5.250|0.00||||||||||||||||||||383472.97
F08Q10000794|201001|381798.49|0|022|158|||||5.250|0.00||||||||||||||||||||381798.49
F08Q10000794|201002|380116.69|0|023|157|||||5.250|0.00||||||||||||||||||||380116.69
F08Q10000794|201003|378427.53|0|024|156|||||5.250|0.00||||||||||||||||||||378427.53
F08Q10000794|201004|376730.98|0|025|155|||||5.250|0.00||||||||||||||||||||376730.98
F08Q10000794|201005|375027.01|0|026|154|||||5.250|0.00||||||||||||||||||||375027.01
F08Q10000794|201006|373315.58|0|027|153|||||5.250|0.00||||||||||||||||||||373315.58
F08Q10000794|201007|371596.67|0|028|152|||||5.250|0.00||||||||||||||||||||371596.67
F08Q10000794|201008|369870.24|0|029|151|||||5.250|0.00||||||||||||||||||||369870.24
F08Q10000794|201009|368136.25|0|030|150|||||5.250|0.00||||||||||||||||||||368136.25
F08Q10000794|201010|366394.68|0|031|149|||||5.250|0.00||||||||||||||||||||366394.68
F08Q10000794|201011|364645.49|0|032|148|||||5.250|0.00||||||||||||||||||||364645.49
F08Q10000794|201012|362888.64|0|033|147|||||5.250|0.00||||||||||||||||||||362888.64
F08Q10000794|201101|361124.11|0|034|146|||||5.250|0.00||||||||||||||||||||361124.11
F08Q10000794|201102|359351.86|0|035|145|||||5.250|0.00||||||||||||||||||||359351.86
F08Q10000794|201103|357571.85|0|036|144|||||5.250|0.00||||||||||||||||||||357571.85
F08Q10000794|201104|355784.06|0|037|143|||||5.250|0.00||||||||||||||||||||355784.06
F08Q10000794|201105|353988.45|0|038|142|||||5.250|0.00||||||||||||||||||||353988.45
F08Q10000794|201106|0.00|0|039|141|||01|201106|5.250|0.00|||||||||||||||353988.45|||||0.00
F08Q10000818|200802|125000.00|0|000|360|||||6.250|0.00||||||||||||||||||||125000.00
F08Q10000818|200803|125000.00|0|001|359|||||6.250|0.00||||||||||||||||||||125000.00
F08Q10000818|200804|125000.00|0|002|358|||||6.250|0.00||||||||||||||||||||125000.00
F08Q10000818|200805|124000.00|0|003|357|||||6.250|0.00||||||||||||||||||||124000.00
F08Q10000818|200806|124000.00|0|004|356|||||6.250|0.00||||||||||||||||||||124000.00
F08Q10000818|200807|124000.00|0|005|355|||||6.250|0.00||||||||||||||||||||124000.00
F08Q10000818|200808|124000.00|0|006|354|||||6.250|0.00||||||||||||||||||||124000.00
F08Q10000818|200809|123478.29|0|007|353|||||6.250|0.00||||||||||||||||||||123478.29
F08Q10000818|200810|123214.03|0|008|352|||||6.250|0.00||||||||||||||||||||123214.03
F08Q10000818|200811|122948.39|0|009|351|||||6.250|0.00||||||||||||||||||||122948.39
F08Q10000818|200812|122681.37|0|010|350|||||6.250|0.00||||||||||||||||||||122681.37
F08Q10000818|200901|122412.96|0|011|349|||||6.250|0.00||||||||||||||||||||122412.96
F08Q10000818|200902|122143.15|0|012|348|||||6.250|0.00||||||||||||||||||||122143.15
F08Q10000818|200903|121871.93|0|013|347|||||6.250|0.00||||||||||||||||||||121871.93
F08Q10000818|200904|121599.30|0|014|346|||||6.250|0.00||||||||||||||||||||121599.30
F08Q10000818|200905|121325.25|0|015|345|||||6.250|0.00||||||||||||||||||||121325.25
F08Q10000818|200906|121049.77|0|016|344|||||6.250|0.00||||||||||||||||||||121049.77
F08Q10000818|200907|120911.82|0|017|343|||||6.250|0.00||||||||||||||||||||120911.82
F08Q10000818|200908|120534.19|0|018|342|||||6.250|0.00||||||||||||||||||||120534.19
F08Q10000818|200909|120154.59|0|019|341|||||6.250|0.00||||||||||||||||||||120154.59
F08Q10000818|200910|119791.82|0|020|340|||||6.250|0.00||||||||||||||||||||119791.82
F08Q10000818|200911|119527.16|0|021|339|||||6.250|0.00||||||||||||||||||||119527.16
F08Q10000818|200912|119261.12|0|022|338|||||6.250|0.00||||||||||||||||||||119261.12
F08Q10000818|201001|118993.69|0|023|337|||||6.250|0.00||||||||||||||||||||118993.69
F08Q10000818|201002|118724.87|0|024|336|||||6.250|0.00||||||||||||||||||||118724.87
F08Q10000818|201003|118454.65|0|025|335|||||6.250|0.00||||||||||||||||||||118454.65
F08Q10000818|201004|118183.02|0|026|334|||||6.250|0.00||||||||||||||||||||118183.02
F08Q10000818|201005|117909.98|0|027|333|||||6.250|0.00||||||||||||||||||||117909.98
F08Q10000818|201006|117635.51|0|028|332|||||6.250|0.00||||||||||||||||||||117635.51
F08Q10000818|201007|117359.61|0|029|331|||||6.250|0.00||||||||||||||||||||117359.61
F08Q10000818|201008|117082.28|0|030|330|||||6.250|0.00||||||||||||||||||||117082.28
F08Q10000818|201009|116803.50|0|031|329|||||6.250|0.00||||||||||||||||||||116803.50
F08Q10000818|201010|0.00|0|032|328|||01|201010|6.250|0.00|||||||||||||||116803.50|||||0.00
F08Q10000842|200802|34000.00|0|000|360|||||6.375|0.00||||||||||||||||||||34000.00
F08Q10000842|200803|34000.00|0|001|359|||||6.375|0.00||||||||||||||||||||34000.00
F08Q10000842|200804|34000.00|0|002|358|||||6.375|0.00||||||||||||||||||||34000.00
F08Q10000842|200805|34000.00|0|003|357|||||6.375|0.00||||||||||||||||||||34000.00
F08Q10000842|200806|34000.00|0|004|356|||||6.375|0.00||||||||||||||||||||34000.00
F08Q10000842|200807|34000.00|0|005|355|||||6.375|0.00||||||||||||||||||||34000.00
F08Q10000842|200808|34000.00|0|006|354|||||6.375|0.00||||||||||||||||||||34000.00
F08Q10000842|200809|33753.93|0|007|353|||||6.375|0.00||||||||||||||||||||33753.93
F08Q10000842|200810|33618.64|0|008|352|||||6.375|0.00||||||||||||||||||||33618.64
F08Q10000842|200811|33618.64|0|009|351|||||6.375|0.00||||||||||||||||||||33618.64
F08Q10000842|200812|33258.74|0|010|350|||||6.375|0.00||||||||||||||||||||33258.74
F08Q10000842|200901|33183.26|0|011|349|||||6.375|0.00||||||||||||||||||||33183.26
F08Q10000842|200902|33144.94|0|012|348|||||6.375|0.00||||||||||||||||||||33144.94
F08Q10000842|200903|33089.87|0|013|347|||||6.375|0.00||||||||||||||||||||33089.87
F08Q10000842|200904|33051.14|0|014|346|||||6.375|0.00||||||||||||||||||||33051.14
F08Q10000842|200905|33012.11|0|015|345|||||6.375|0.00||||||||||||||||||||33012.11
F08Q10000842|200906|33012.11|0|016|344|||||6.375|0.00||||||||||||||||||||33012.11
F08Q10000842|200907|32927.63|0|017|343|||||6.375|0.00||||||||||||||||||||32927.63
F08Q10000842|200908|32927.63|0|018|342|||||6.375|0.00||||||||||||||||||||32927.63
F08Q10000842|200909|32887.95|0|019|341|||||6.375|0.00||||||||||||||||||||32887.95
F08Q10000842|200910|32771.42|0|020|340|||||6.375|0.00||||||||||||||||||||32771.42
F08Q10000842|200911|32731.10|0|021|339|||||6.375|0.00||||||||||||||||||||32731.10
F08Q10000842|200912|32690.37|0|022|338|||||6.375|0.00||||||||||||||||||||32690.37
F08Q10000842|201001|32649.43|0|023|337|||||6.375|0.00||||||||||||||||||||32649.43
F08Q10000842|201002|32608.27|0|024|336|||||6.375|0.00||||||||||||||||||||32608.27
F08Q10000842|201003|32566.89|0|025|335|||||6.375|0.00||||||||||||||||||||32566.89
F08Q10000842|201004|32525.29|0|026|334|||||6.375|0.00||||||||||||||||||||32525.29
F08Q10000842|201005|32483.47|0|027|333|||||6.375|0.00||||||||||||||||||||32483.47
F08Q10000842|201006|32441.43|0|028|332|||||6.375|0.00||||||||||||||||||||32441.43
F08Q10000842|201007|32399.17|0|029|331|||||6.375|0.00||||||||||||||||||||32399.17
F08Q10000842|201008|32356.68|0|030|330|||||6.375|0.00||||||||||||||||||||32356.68
F08Q10000842|201009|32313.96|0|031|329|||||6.375|0.00||||||||||||||||||||32313.96
F08Q10000842|201010|32271.02|0|032|328|||||6.375|0.00||||||||||||||||||||32271.02
F08Q10000842|201011|32227.85|0|033|327|||||6.375|0.00||||||||||||||||||||32227.85
F08Q10000842|201012|32156.15|0|034|326|||||6.375|0.00||||||||||||||||||||32156.15
F08Q10000842|201101|32084.95|0|035|325|||||6.375|0.00||||||||||||||||||||32084.95
F08Q10000842|201102|32012.64|0|036|324|||||6.375|0.00||||||||||||||||||||32012.64
F08Q10000842|201103|31968.25|0|037|323|||||6.375|0.00||||||||||||||||||||31968.25
F08Q10000842|201104|31968.25|0|038|322|||||6.375|0.00||||||||||||||||||||31968.25
F08Q10000842|201105|31923.47|0|039|321|||||6.375|0.00||||||||||||||||||||31923.47
F08Q10000842|201106|31833.19|0|040|320|||||6.375|0.00||||||||||||||||||||31833.19
F08Q10000842|201107|31833.19|0|041|319|||||6.375|0.00||||||||||||||||||||31833.19
F08Q10000842|201108|31787.69|0|042|318|||||6.375|0.00||||||||||||||||||||31787.69
F08Q10000842|201109|31695.97|0|043|317|||||6.375|0.00||||||||||||||||||||31695.97
F08Q10000842|201110|31695.97|0|044|316|||||6.375|0.00||||||||||||||||||||31695.97
F08Q10000842|201111|31572.02|0|045|315|||||6.375|0.00||||||||||||||||||||31572.02
F08Q10000842|201112|31572.02|0|046|314|||||6.375|0.00||||||||||||||||||||31572.02
F08Q10000842|201201|31525.29|0|047|313|||||6.375|0.00||||||||||||||||||||31525.29
F08Q10000842|201202|31457.86|0|048|312|||||6.375|0.00||||||||||||||||||||31457.86
F08Q10000842|201203|31379.45|0|049|311|||||6.375|0.00||||||||||||||||||||31379.45
F08Q10000842|201204|31300.68|0|050|310|||||6.375|0.00||||||||||||||||||||31300.68
F08Q10000842|201205|31221.49|0|051|309|||||6.375|0.00||||||||||||||||||||31221.49
F08Q10000842|201206|31141.88|0|052|308|||||6.375|0.00||||||||||||||||||||31141.88
F08Q10000842|201207|31061.85|0|053|307|||||6.375|0.00||||||||||||||||||||31061.85
F08Q10000842|201208|30981.39|0|054|306|||||6.375|0.00||||||||||||||||||||30981.39
F08Q10000842|201209|30931.53|1|055|305|||||6.375|0.00||||||||||||||||||||30931.53
F08Q10000842|201210|30830.69|0|056|304|||||6.375|0.00||||||||||||||||||||30830.69
F08Q10000842|201211|30830.69|0|057|303|||||6.375|0.00||||||||||||||||||||30830.69
F08Q10000842|201212|30779.87|0|058|302|||||6.375|0.00||||||||||||||||||||30779.87
F08Q10000842|201301|30728.78|0|059|301|||||6.375|0.00||||||||||||||||||||30728.78
F08Q10000842|201302|30677.42|0|060|300|||||6.375|0.00||||||||||||||||||||30677.42
F08Q10000842|201303|30625.78|0|061|299|||||6.375|0.00||||||||||||||||||||30625.78
F08Q10000842|201304|30573.87|0|062|298|||||6.375|0.00||||||||||||||||||||30573.87
F08Q10000842|201305|30521.68|0|063|297|||||6.375|0.00||||||||||||||||||||30521.68
F08Q10000842|201306|30469.22|0|064|296|||||6.375|0.00||||||||||||||||||||30469.22
F08Q10000842|201307|30416.48|0|065|295|||||6.375|0.00||||||||||||||||||||30416.48
F08Q10000842|201308|30363.46|0|066|294|||||6.375|0.00||||||||||||||||||||30363.46
F08Q10000842|201309|30310.16|0|067|293|||||6.375|0.00||||||||||||||||||||30310.16
F08Q10000842|201310|30256.57|0|068|292|||||6.375|0.00||||||||||||||||||||30256.57
F08Q10000842|201311|30202.70|0|069|291|||||6.375|0.00||||||||||||||||||||30202.70
F08Q10000842|201312|30148.54|0|070|290|||||6.375|0.00||||||||||||||||||||30148.54
F08Q10000842|201401|30094.09|0|071|289|||||6.375|0.00||||||||||||||||||||30094.09
F08Q10000842|201402|30039.35|0|072|288|||||6.375|0.00||||||||||||||||||||30039.35
F08Q10000842|201403|29984.32|0|073|287|||||6.375|0.00||||||||||||||||||||29984.32
F08Q10000842|201404|29929.00|0|074|286|||||6.375|0.00||||||||||||||||||||29929.00
F08Q10000842|201405|0.00|0|075|285|||01|201405|6.375|0.00|||||||||||||||29929.00|||||0.00
F08Q10000876|200802|110000.00|0|000|360|||||6.125|0.00||||||||||||||||||||110000.00
F08Q10000876|200803|110000.00|0|001|359|||||6.125|0.00||||||||||||||||||||110000.00
F08Q10000876|200804|110000.00|0|002|358|||||6.125|0.00||||||||||||||||||||110000.00
F08Q10000876|200805|110000.00|0|003|357|||||6.125|0.00||||||||||||||||||||110000.00
F08Q10000876|200806|110000.00|0|004|356|||||6.125|0.00||||||||||||||||||||110000.00
F08Q10000876|200807|109000.00|0|005|355|||||6.125|0.00||||||||||||||||||||109000.00
F08Q10000876|200808|109000.00|0|006|354|||||6.125|0.00||||||||||||||||||||109000.00
F08Q10000876|200809|109240.05|0|007|353|||||6.125|0.00||||||||||||||||||||109240.05
F08Q10000876|200810|109240.05|0|008|352|||||6.125|0.00||||||||||||||||||||109240.05
F08Q10000876|200811|109017.90|0|009|351|||||6.125|0.00||||||||||||||||||||109017.90
F08Q10000876|200812|108905.98|0|010|350|||||6.125|0.00||||||||||||||||||||108905.98
F08Q10000876|200901|108905.98|0|011|349|||||6.125|0.00||||||||||||||||||||108905.98
F08Q10000876|200902|108680.41|0|012|348|||||6.125|0.00||||||||||||||||||||108680.41
F08Q10000876|200903|108680.41|0|013|347|||||6.125|0.00||||||||||||||||||||108680.41
F08Q10000876|200904|108566.76|0|014|346|||||6.125|0.00||||||||||||||||||||108566.76
F08Q10000876|200905|108337.72|0|015|345|||||6.125|0.00||||||||||||||||||||108337.72
F08Q10000876|200906|108222.32|0|016|344|||||6.125|0.00||||||||||||||||||||108222.32
F08Q10000876|200907|108106.33|0|017|343|||||6.125|0.00||||||||||||||||||||108106.33
F08Q10000876|200908|107989.75|0|018|342|||||6.125|0.00||||||||||||||||||||107989.75
F08Q10000876|200909|107872.58|0|019|341|||||6.125|0.00||||||||||||||||||||107872.58
F08Q10000876|200910|107754.81|0|020|340|||||6.125|0.00||||||||||||||||||||107754.81
F08Q10000876|200911|107636.44|0|021|339|||||6.125|0.00||||||||||||||||||||107636.44
F08Q10000876|200912|107517.46|0|022|338|||||6.125|0.00||||||||||||||||||||107517.46
F08Q10000876|201001|107517.46|0|023|337|||||6.125|0.00||||||||||||||||||||107517.46
F08Q10000876|201002|107277.69|0|024|336|||||6.125|0.00||||||||||||||||||||107277.69
F08Q10000876|201003|107156.88|0|025|335|||||6.125|0.00||||||||||||||||||||107156.88
F08Q10000876|201004|107035.46|0|026|334|||||6.125|0.00||||||||||||||||||||107035.46
F08Q10000876|201005|106913.42|0|027|333|||||6.125|0.00||||||||||||||||||||106913.42
F08Q10000876|201006|106790.75|0|028|332|||||6.125|0.00||||||||||||||||||||106790.75
F08Q10000876|201007|106667.46|0|029|331|||||6.125|0.00||||||||||||||||||||106667.46
F08Q10000876|201008|106543.54|0|030|330|||||6.125|0.00||||||||||||||||||||106543.54
F08Q10000876|201009|106418.99|0|031|329|||||6.125|0.00||||||||||||||||||||106418.99
F08Q10000876|201010|106293.80|0|032|328|||||6.125|0.00||||||||||||||||||||106293.80
F08Q10000876|201011|106167.97|0|033|327|||||6.125|0.00||||||||||||||||||||106167.97
F08Q10000876|201012|106041.50|0|034|326|||||6.125|0.00||||||||||||||||||||106041.50
F08Q10000876|201101|105914.38|0|035|325|||||6.125|0.00||||||||||||||||||||105914.38
F08Q10000876|201102|105786.61|0|036|324|||||6.125|0.00||||||||||||||||||||105786.61
F08Q10000876|201103|105658.19|0|037|323|||||6.125|0.00||||||||||||||||||||105658.19
F08Q10000876|201104|105529.12|0|038|322|||||6.125|0.00||||||||||||||||||||105529.12
F08Q10000876|201105|105399.39|0|039|321|||||6.125|0.00||||||||||||||||||||105399.39
F08Q10000876|201106|105269.00|0|040|320|||||6.125|0.00||||||||||||||||||||105269.00
F08Q10000876|201107|105137.94|0|041|319|||||6.125|0.00||||||||||||||||||||105137.94
F08Q10000876|201108|105006.21|0|042|318|||||6.125|0.00||||||||||||||||||||105006.21
F08Q10000876|201109|104873.81|0|043|317|||||6.125|0.00||||||||||||||||||||104873.81
F08Q10000876|201110|104740.73|0|044|316|||||6.125|0.00||||||||||||||||||||104740.73
F08Q10000876|201111|104606.97|0|045|315|||||6.125|0.00||||||||||||||||||||104606.97
F08Q10000876|201112|104472.53|0|046|314|||||6.125|0.00||||||||||||||||||||104472.53
F08Q10000876|201201|104337.41|0|047|313|||||6.125|0.00||||||||||||||||||||104337.41
F08Q10000876|201202|104201.60|0|048|312|||||6.125|0.00||||||||||||||||||||104201.60
F08Q10000876|201203|104065.09|0|049|311|||||6.125|0.00||||||||||||||||||||104065.09
F08Q10000876|201204|103927.89|0|050|310|||||6.125|0.00||||||||||||||||||||103927.89
F08Q10000876|201205|103789.99|0|051|309|||||6.125|0.00||||||||||||||||||||103789.99
F08Q10000876|201206|103651.38|0|052|308|||||6.125|0.00||||||||||||||||||||103651.38
F08Q10000876|201207|103512.06|0|053|307|||||6.125|0.00||||||||||||||||||||103512.06
F08Q10000876|201208|103372.03|0|054|306|||||6.125|0.00||||||||||||||||||||103372.03
F08Q10000876|201209|103231.29|0|055|305|||||6.125|0.00||||||||||||||||||||103231.29
F08Q10000876|201210|103089.83|0|056|304|||||6.125|0.00||||||||||||||||||||103089.83
F08Q10000876|201211|103089.83|0|057|303|||||6.125|0.00||||||||||||||||||||103089.83
F08Q10000876|201212|102804.74|0|058|302|||||6.125|0.00||||||||||||||||||||102804.74
F08Q10000876|201301|102661.10|0|059|301|||||6.125|0.00||||||||||||||||||||102661.10
F08Q10000876|201302|102516.73|0|060|300|||||6.125|0.00||||||||||||||||||||102516.73
F08Q10000876|201303|102371.62|0|061|299|||||6.125|0.00||||||||||||||||||||102371.62
F08Q10000876|201304|102225.77|0|062|298|||||6.125|0.00||||||||||||||||||||102225.77
F08Q10000876|201305|102079.18|0|063|297|||||6.125|0.00||||||||||||||||||||102079.18
F08Q10000876|201306|101931.84|0|064|296|||||6.125|0.00||||||||||||||||||||101931.84
F08Q10000876|201307|101783.75|0|065|295|||||6.125|0.00||||||||||||||||||||101783.75
F08Q10000876|201308|101634.90|0|066|294|||||6.125|0.00||||||||||||||||||||101634.90
F08Q10000876|201309|101485.29|0|067|293|||||6.125|0.00||||||||||||||||||||101485.29
F08Q10000876|201310|101334.92|0|068|292|||||6.125|0.00||||||||||||||||||||101334.92
F08Q10000876|201311|101183.78|0|069|291|||||6.125|0.00||||||||||||||||||||101183.78
F08Q10000876|201312|101031.87|0|070|290|||||6.125|0.00||||||||||||||||||||101031.87
F08Q10000876|201401|100879.18|0|071|289|||||6.125|0.00||||||||||||||||||||100879.18
F08Q10000876|201402|100879.18|0|072|288|||||6.125|0.00||||||||||||||||||||100879.18
F08Q10000876|201403|100571.46|0|073|287|||||6.125|0.00||||||||||||||||||||100571.46
F08Q10000876|201404|100416.42|0|074|286|||||6.125|0.00||||||||||||||||||||100416.42
F08Q10000876|201405|100260.59|0|075|285|||||6.125|0.00||||||||||||||||||||100260.59
F08Q10000876|201406|100103.97|0|076|284|||||6.125|0.00||||||||||||||||||||100103.97
F08Q10000876|201407|99946.55|0|077|283|||||6.125|0.00||||||||||||||||||||99946.55
F08Q10000876|201408|99788.32|0|078|282|||||6.125|0.00||||||||||||||||||||99788.32
F08Q10000876|201409|99629.29|0|079|281|||||6.125|0.00||||||||||||||||||||99629.29
F08Q10000876|201410|99469.44|0|080|280|||||6.125|0.00||||||||||||||||||||99469.44
F08Q10000876|201411|99308.78|0|081|279|||||6.125|0.00||||||||||||||||||||99308.78
F08Q10000876|201412|99147.30|0|082|278|||||6.125|0.00||||||||||||||||||||99147.30
F08Q10000876|201501|98984.99|0|083|277|||||6.125|0.00||||||||||||||||||||98984.99
F08Q10000876|201502|98821.86|0|084|276|||||6.125|0.00||||||||||||||||||||98821.86
F08Q10000876|201503|98821.86|0|085|275|||||6.125|0.00||||||||||||||||||||98821.86
F08Q10000876|201504|98493.09|0|086|274|||||6.125|0.00||||||||||||||||||||98493.09
F08Q10000876|201505|98327.45|0|087|273|||||6.125|0.00||||||||||||||||||||98327.45
F08Q10000876|201506|98160.96|0|088|272|||||6.125|0.00||||||||||||||||||||98160.96
F08Q10000876|201507|97993.62|0|089|271|||||6.125|0.00||||||||||||||||||||97993.62
F08Q10000876|201508|97825.43|0|090|270|||||6.125|0.00||||||||||||||||||||97825.43
F08Q10000876|201509|97656.38|0|091|269|||||6.125|0.00||||||||||||||||||||97656.38
F08Q10000876|201510|97486.46|0|092|268|||||6.125|0.00||||||||||||||||||||97486.46
F08Q10000876|201511|97315.68|0|093|267|||||6.125|0.00||||||||||||||||||||97315.68
F08Q10000876|201512|96894.03|0|094|266|||||6.125|0.00||||||||||||||||||||96894.03
F08Q10000876|201601|96720.22|0|095|265|||||6.125|0.00||||||||||||||||||||96720.22
F08Q10000876|201602|96545.53|0|096|264|||||6.125|0.00||||||||||||||||||||96545.53
F08Q10000876|201603|96369.94|0|097|263|||||6.125|0.00||||||||||||||||||||96369.94
F08Q10000876|201604|96193.46|0|098|262|||||6.125|0.00||||||||||||||||||||96193.46
F08Q10000876|201605|96016.08|0|099|261|||||6.125|0.00||||||||||||||||||||96016.08
F08Q10000876|201606|95837.79|0|100|260|||||6.125|0.00||||||||||||||||||||95837.79
F08Q10000876|201607|95658.59|0|101|259|||||6.125|0.00||||||||||||||||||||95658.59
F08Q10000876|201608|95478.48|0|102|258|||||6.125|0.00||||||||||||||||||||95478.48
F08Q10000876|201609|0.00|0|103|257|||01|201609|6.125|0.00|||||||||||||||95478.48|||||0.00
F08Q10000900|200802|140000.00|0|000|360|||||6.250|0.00||||||||||||||||||||140000.00
F08Q10000900|200803|140000.00|0|001|359|||||6.250|0.00||||||||||||||||||||140000.00
F08Q10000900|200804|140000.00|0|002|358|||||6.250|0.00||||||||||||||||||||140000.00
F08Q10000900|200805|140000.00|0|003|357|||||6.250|0.00||||||||||||||||||||140000.00
F08Q10000900|200806|140000.00|0|004|356|||||6.250|0.00||||||||||||||||||||140000.00
F08Q10000900|200807|139000.00|0|005|355|||||6.250|0.00||||||||||||||||||||139000.00
F08Q10000900|200808|139000.00|0|006|354|||||6.250|0.00||||||||||||||||||||139000.00
F08Q10000900|200809|139192.49|0|007|353|||||6.250|0.00||||||||||||||||||||139192.49
F08Q10000900|200810|137944.57|0|008|352|||||6.250|0.00||||||||||||||||||||137944.57
F08Q10000900|200811|138874.58|0|009|351|||||6.250|0.00||||||||||||||||||||138874.58
F08Q10000900|200812|138735.88|0|010|350|||||6.250|0.00||||||||||||||||||||138735.88
F08Q10000900|200901|138456.30|0|011|349|||||6.250|0.00||||||||||||||||||||138456.30
F08Q10000900|200902|0.00|0|012|348|||01|200902|6.250|0.00|||||||||||||||138456.30|||||0.00
F08Q10000918|200803|45000.00|0|000|180|||||5.875|0.00||||||||||||||||||||45000.00
F08Q10000918|200804|45000.00|0|001|179|||||5.875|0.00||||||||||||||||||||45000.00
F08Q10000918|200805|45000.00|0|002|178|||||5.875|0.00||||||||||||||||||||45000.00
F08Q10000918|200806|45000.00|0|003|177|||||5.875|0.00||||||||||||||||||||45000.00
F08Q10000918|200807|44000.00|0|004|176|||||5.875|0.00||||||||||||||||||||44000.00
F08Q10000918|200808|44000.00|0|005|175|||||5.875|0.00||||||||||||||||||||44000.00
F08Q10000918|200809|44000.00|0|006|174|||||5.875|0.00||||||||||||||||||||44000.00
F08Q10000918|200810|43888.53|0|007|173|||||5.875|0.00||||||||||||||||||||43888.53
F08Q10000918|200811|43726.70|0|008|172|||||5.875|0.00||||||||||||||||||||43726.70
F08Q10000918|200812|43564.08|0|009|171|||||5.875|0.00||||||||||||||||||||43564.08
F08Q10000918|200901|43400.66|0|010|170|||||5.875|0.00||||||||||||||||||||43400.66
F08Q10000918|200902|43236.44|0|011|169|||||5.875|0.00||||||||||||||||||||43236.44
F08Q10000918|200903|43071.42|0|012|168|||||5.875|0.00||||||||||||||||||||43071.42
F08Q10000918|200904|42905.59|0|013|167|||||5.875|0.00||||||||||||||||||||42905.59
F08Q10000918|200905|42738.95|0|014|166|||||5.875|0.00||||||||||||||||||||42738.95
F08Q10000918|200906|42571.49|0|015|165|||||5.875|0.00||||||||||||||||||||42571.49
F08Q10000918|200907|42403.21|0|016|164|||||5.875|0.00||||||||||||||||||||42403.21
F08Q10000918|200908|42234.11|0|017|163|||||5.875|0.00||||||||||||||||||||42234.11
F08Q10000918|200909|42064.18|0|018|162|||||5.875|0.00||||||||||||||||||||42064.18
F08Q10000918|200910|41893.42|0|019|161|||||5.875|0.00||||||||||||||||||||41893.42
F08Q10000918|200911|41721.82|0|020|160|||||5.875|0.00||||||||||||||||||||41721.82
F08Q10000918|200912|41549.38|0|021|159|||||5.875|0.00||||||||||||||||||||41549.38
F08Q10000918|201001|41376.10|0|022|158|||||5.875|0.00||||||||||||||||||||41376.10
F08Q10000918|201002|41201.97|0|023|157|||||5.875|0.00||||||||||||||||||||41201.97
F08Q10000918|201003|41026.99|0|024|156|||||5.875|0.00||||||||||||||||||||41026.99
F08Q10000918|201004|40851.15|0|025|155|||||5.875|0.00||||||||||||||||||||40851.15
F08Q10000918|201005|40674.45|0|026|154|||||5.875|0.00||||||||||||||||||||40674.45
F08Q10000918|201006|40496.89|0|027|153|||||5.875|0.00||||||||||||||||||||40496.89
F08Q10000918|201007|40318.46|0|028|152|||||5.875|0.00||||||||||||||||||||40318.46
F08Q10000918|201008|40139.15|0|029|151|||||5.875|0.00||||||||||||||||||||40139.15
F08Q10000918|201009|39958.96|0|030|150|||||5.875|0.00||||||||||||||||||||39958.96
F08Q10000918|201010|39777.89|0|031|149|||||5.875|0.00||||||||||||||||||||39777.89
F08Q10000918|201011|39595.94|0|032|148|||||5.875|0.00||||||||||||||||||||39595.94
F08Q10000918|201012|39413.10|0|033|147|||||5.875|0.00||||||||||||||||||||39413.10
F08Q10000918|201101|39229.36|0|034|146|||||5.875|0.00||||||||||||||||||||39229.36
F08Q10000918|201102|39044.72|0|035|145|||||5.875|0.00||||||||||||||||||||39044.72
F08Q10000918|201103|38859.18|0|036|144|||||5.875|0.00||||||||||||||||||||38859.18
F08Q10000918|201104|38653.90|0|037|143|||||5.875|0.00||||||||||||||||||||38653.90
F08Q10000918|201105|38466.54|0|038|142|||||5.875|0.00||||||||||||||||||||38466.54
F08Q10000918|201106|38278.17|0|039|141|||||5.875|0.00||||||||||||||||||||38278.17
F08Q10000918|201107|38088.87|0|040|140|||||5.875|0.00||||||||||||||||||||38088.87
F08Q10000918|201108|37898.65|0|041|139|||||5.875|0.00||||||||||||||||||||37898.65
F08Q10000918|201109|37707.50|0|042|138|||||5.875|0.00||||||||||||||||||||37707.50
F08Q10000918|201110|37515.41|0|043|137|||||5.875|0.00||||||||||||||||||||37515.41
F08Q10000918|201111|37322.38|0|044|136|||||5.875|0.00||||||||||||||||||||37322.38
F08Q10000918|201112|37128.40|0|045|135|||||5.875|0.00||||||||||||||||||||37128.40
F08Q10000918|201201|36933.47|0|046|134|||||5.875|0.00||||||||||||||||||||36933.47
F08Q10000918|201202|36737.59|0|047|133|||||5.875|0.00||||||||||||||||||||36737.59
F08Q10000918|201203|36524.09|0|048|132|||||5.875|0.00||||||||||||||||||||36524.09
F08Q10000918|201204|36326.29|0|049|131|||||5.875|0.00||||||||||||||||||||36326.29
F08Q10000918|201205|0.00|0|050|130|||01|201205|5.875|0.00|||||||||||||||36326.29|||||0.00
F08Q10000973|200802|172000.00|0|000|360|||||5.875|0.00||||||||||||||||||||172000.00
F08Q10000973|200803|172000.00|0|001|359|||||5.875|0.00||||||||||||||||||||172000.00
F08Q10000973|200804|172000.00|0|002|358|||||5.875|0.00||||||||||||||||||||172000.00
F08Q10000973|200805|171000.00|0|003|357|||||5.875|0.00||||||||||||||||||||171000.00
F08Q10000973|200806|171000.00|0|004|356|||||5.875|0.00||||||||||||||||||||171000.00
F08Q10000973|200807|171000.00|0|005|355|||||5.875|0.00||||||||||||||||||||171000.00
F08Q10000973|200808|171000.00|0|006|354|||||5.875|0.00||||||||||||||||||||171000.00
F08Q10000973|200809|170754.32|0|007|353|||||5.875|0.00||||||||||||||||||||170754.32
F08Q10000973|200810|170572.86|0|008|352|||||5.875|0.00||||||||||||||||||||170572.86
F08Q10000973|200811|170390.52|0|009|351|||||5.875|0.00||||||||||||||||||||170390.52
F08Q10000973|200812|170207.28|0|010|350|||||5.875|0.00||||||||||||||||||||170207.28
F08Q10000973|200901|170023.15|0|011|349|||||5.875|0.00||||||||||||||||||||170023.15
F08Q10000973|200902|169838.12|0|012|348|||||5.875|0.00||||||||||||||||||||169838.12
F08Q10000973|200903|169652.18|0|013|347|||||5.875|0.00||||||||||||||||||||169652.18
F08Q10000973|200904|169465.33|0|014|346|||||5.875|0.00||||||||||||||||||||169465.33
F08Q10000973|200905|169277.56|0|015|345|||||5.875|0.00||||||||||||||||||||169277.56
F08Q10000973|200906|169088.87|0|016|344|||||5.875|0.00||||||||||||||||||||169088.87
F08Q10000973|200907|168899.26|0|017|343|||||5.875|0.00||||||||||||||||||||168899.26
F08Q10000973|200908|168708.72|0|018|342|||||5.875|0.00||||||||||||||||||||168708.72
F08Q10000973|200909|168517.25|0|019|341|||||5.875|0.00||||||||||||||||||||168517.25
F08Q10000973|200910|168324.84|0|020|340|||||5.875|0.00||||||||||||||||||||168324.84
F08Q10000973|200911|168131.49|0|021|339|||||5.875|0.00||||||||||||||||||||168131.49
F08Q10000973|200912|167937.19|0|022|338|||||5.875|0.00||||||||||||||||||||167937.19
F08Q10000973|201001|167741.94|0|023|337|||||5.875|0.00||||||||||||||||||||167741.94
F08Q10000973|201002|167545.74|0|024|336|||||5.875|0.00||||||||||||||||||||167545.74
F08Q10000973|201003|167348.58|0|025|335|||||5.875|0.00||||||||||||||||||||167348.58
F08Q10000973|201004|167150.45|0|026|334|||||5.875|0.00||||||||||||||||||||167150.45
F08Q10000973|201005|166951.35|0|027|333|||||5.875|0.00||||||||||||||||||||166951.35
F08Q10000973|201006|166751.28|0|028|332|||||5.875|0.00||||||||||||||||||||166751.28
F08Q10000973|201007|166550.23|0|029|331|||||5.875|0.00||||||||||||||||||||166550.23
F08Q10000973|201008|166348.19|0|030|330|||||5.875|0.00||||||||||||||||||||166348.19
F08Q10000973|201009|166145.16|0|031|329|||||5.875|0.00||||||||||||||||||||166145.16
F08Q10000973|201010|165941.14|0|032|328|||||5.875|0.00||||||||||||||||||||165941.14
F08Q10000973|201011|165736.12|0|033|327|||||5.875|0.00||||||||||||||||||||165736.12
F08Q10000973|201012|165530.10|0|034|326|||||5.875|0.00||||||||||||||||||||165530.10
F08Q10000973|201101|165323.07|0|035|325|||||5.875|0.00||||||||||||||||||||165323.07
F08Q10000973|201102|165115.02|0|036|324|||||5.875|0.00||||||||||||||||||||165115.02
F08Q10000973|201103|164905.96|0|037|323|||||5.875|0.00||||||||||||||||||||164905.96
F08Q10000973|201104|164695.87|0|038|322|||||5.875|0.00||||||||||||||||||||164695.87
F08Q10000973|201105|164484.75|0|039|321|||||5.875|0.00||||||||||||||||||||164484.75
F08Q10000973|201106|164272.60|0|040|320|||||5.875|0.00||||||||||||||||||||164272.60
F08Q10000973|201107|164059.41|0|041|319|||||5.875|0.00||||||||||||||||||||164059.41
F08Q10000973|201108|163845.18|0|042|318|||||5.875|0.00||||||||||||||||||||163845.18
F08Q10000973|201109|163629.90|0|043|317|||||5.875|0.00||||||||||||||||||||163629.90
F08Q10000973|201110|163413.56|0|044|316|||||5.875|0.00||||||||||||||||||||163413.56
F08Q10000973|201111|163196.17|0|045|315|||||5.875|0.00||||||||||||||||||||163196.17
F08Q10000973|201112|162977.71|0|046|314|||||5.875|0.00||||||||||||||||||||162977.71
F08Q10000973|201201|162758.18|0|047|313|||||5.875|0.00||||||||||||||||||||162758.18
F08Q10000973|201202|162537.58|0|048|312|||||5.875|0.00||||||||||||||||||||162537.58
F08Q10000973|201203|162315.90|0|049|311|||||5.875|0.00||||||||||||||||||||162315.90
F08Q10000973|201204|162093.13|0|050|310|||||5.875|0.00||||||||||||||||||||162093.13
F08Q10000973|201205|161869.27|0|051|309|||||5.875|0.00||||||||||||||||||||161869.27
F08Q10000973|201206|161644.31|0|052|308|||||5.875|0.00||||||||||||||||||||161644.31
F08Q10000973|201207|161418.25|0|053|307|||||5.875|0.00||||||||||||||||||||161418.25
F08Q10000973|201208|161191.09|0|054|306|||||5.875|0.00||||||||||||||||||||161191.09
F08Q10000973|201209|160962.81|0|055|305|||||5.875|0.00||||||||||||||||||||160962.81
F08Q10000973|201210|160733.42|0|056|304|||||5.875|0.00||||||||||||||||||||160733.42
F08Q10000973|201211|160502.90|0|057|303|||||5.875|0.00||||||||||||||||||||160502.90
F08Q10000973|201212|160271.26|0|058|302|||||5.875|0.00||||||||||||||||||||160271.26
F08Q10000973|201301|160038.48|0|059|301|||||5.875|0.00||||||||||||||||||||160038.48
F08Q10000973|201302|159804.56|0|060|300|||||5.875|0.00||||||||||||||||||||159804.56
F08Q10000973|201303|159569.50|0|061|299|||||5.875|0.00||||||||||||||||||||159569.50
F08Q10000973|201304|159333.29|0|062|298|||||5.875|0.00||||||||||||||||||||159333.29
F08Q10000973|201305|159095.92|0|063|297|||||5.875|0.00||||||||||||||||||||159095.92
F08Q10000973|201306|158745.98|0|064|296|||||5.875|0.00||||||||||||||||||||158745.98
F08Q10000973|201307|158505.73|0|065|295|||||5.875|0.00||||||||||||||||||||158505.73
F08Q10000973|201308|158264.31|0|066|294|||||5.875|0.00||||||||||||||||||||158264.31
F08Q10000973|201309|158021.71|0|067|293|||||5.875|0.00||||||||||||||||||||158021.71
F08Q10000973|201310|157777.92|0|068|292|||||5.875|0.00||||||||||||||||||||157777.92
F08Q10000973|201311|157532.93|0|069|291|||||5.875|0.00||||||||||||||||||||157532.93
F08Q10000973|201312|157286.74|0|070|290|||||5.875|0.00||||||||||||||||||||157286.74
F08Q10000973|201401|157039.35|0|071|289|||||5.875|0.00||||||||||||||||||||157039.35
F08Q10000973|201402|156790.75|0|072|288|||||5.875|0.00||||||||||||||||||||156790.75
F08Q10000973|201403|156540.93|0|073|287|||||5.875|0.00||||||||||||||||||||156540.93
F08Q10000973|201404|156289.89|0|074|286|||||5.875|0.00||||||||||||||||||||156289.89
F08Q10000973|201405|156037.62|0|075|285|||||5.875|0.00||||||||||||||||||||156037.62
F08Q10000973|201406|155697.11|0|076|284|||||5.875|0.00||||||||||||||||||||155697.11
F08Q10000973|201407|155441.94|0|077|283|||||5.875|0.00||||||||||||||||||||155441.94
F08Q10000973|201408|155185.52|0|078|282|||||5.875|0.00||||||||||||||||||||155185.52
F08Q10000973|201409|154927.84|0|079|281|||||5.875|0.00||||||||||||||||||||154927.84
F08Q10000973|201410|154668.90|0|080|280|||||5.875|0.00||||||||||||||||||||154668.90
F08Q10000973|201411|154408.69|0|081|279|||||5.875|0.00||||||||||||||||||||154408.69
F08Q10000973|201412|154147.21|0|082|278|||||5.875|0.00||||||||||||||||||||154147.21
F08Q10000973|201501|153884.45|0|083|277|||||5.875|0.00||||||||||||||||||||153884.45
F08Q10000973|201502|153620.40|0|084|276|||||5.875|0.00||||||||||||||||||||153620.40
F08Q10000973|201503|153355.06|0|085|275|||||5.875|0.00||||||||||||||||||||153355.06
F08Q10000973|201504|153088.42|0|086|274|||||5.875|0.00||||||||||||||||||||153088.42
F08Q10000973|201505|152820.48|0|087|273|||||5.875|0.00||||||||||||||||||||152820.48
F08Q10000973|201506|152551.22|0|088|272|||||5.875|0.00||||||||||||||||||||152551.22
F08Q10000973|201507|152280.65|0|089|271|||||5.875|0.00||||||||||||||||||||152280.65
F08Q10000973|201508|152008.75|0|090|270|||||5.875|0.00||||||||||||||||||||152008.75
F08Q10000973|201509|151735.52|0|091|269|||||5.875|0.00||||||||||||||||||||151735.52
F08Q10000973|201510|151460.95|0|092|268|||||5.875|0.00||||||||||||||||||||151460.95
F08Q10000973|201511|151185.04|0|093|267|||||5.875|0.00||||||||||||||||||||151185.04
F08Q10000973|201512|150907.78|0|094|266|||||5.875|0.00||||||||||||||||||||150907.78
F08Q10000973|201601|150629.16|0|095|265|||||5.875|0.00||||||||||||||||||||150629.16
F08Q10000973|201602|150349.18|0|096|264|||||5.875|0.00||||||||||||||||||||150349.18
F08Q10000973|201603|150067.82|0|097|263|||||5.875|0.00||||||||||||||||||||150067.82
F08Q10000973|201604|149785.09|0|098|262|||||5.875|0.00||||||||||||||||||||149785.09
F08Q10000973|201605|149500.97|0|099|261|||||5.875|0.00||||||||||||||||||||149500.97
F08Q10000973|201606|149136.88|0|100|260|||||5.875|0.00||||||||||||||||||||149136.88
F08Q10000973|201607|148849.97|0|101|259|||||5.875|0.00||||||||||||||||||||148849.97
F08Q10000973|201608|148561.27|0|102|258|||||5.875|0.00||||||||||||||||||||148561.27
F08Q10000973|201609|148271.16|0|103|257|||||5.875|0.00||||||||||||||||||||148271.16
F08Q10000973|201610|147979.63|0|104|256|||||5.875|0.00||||||||||||||||||||147979.63
F08Q10000973|201611|147686.67|0|105|255|||||5.875|0.00||||||||||||||||||||147686.67
F08Q10000973|201612|0.00|0|106|254|||01|201612|5.875|0.00|||||||||||||||147686.67|||||0.00
F08Q10000985|200803|233000.00|0|000|360|||||5.875|0.00||||||||||||||||||||233000.00
F08Q10000985|200804|233000.00|0|001|359|||||5.875|0.00||||||||||||||||||||233000.00
F08Q10000985|200805|233000.00|0|002|358|||||5.875|0.00||||||||||||||||||||233000.00
F08Q10000985|200806|232000.00|0|003|357|||||5.875|0.00||||||||||||||||||||232000.00
F08Q10000985|200807|232000.00|0|004|356|||||5.875|0.00||||||||||||||||||||232000.00
F08Q10000985|200808|232000.00|0|005|355|||||5.875|0.00||||||||||||||||||||232000.00
F08Q10000985|200809|232000.00|0|006|354|||||5.875|0.00||||||||||||||||||||232000.00
F08Q10000985|200810|231012.53|0|007|353|||||5.875|0.00||||||||||||||||||||231012.53
F08Q10000985|200811|230711.66|0|008|352|||||5.875|0.00||||||||||||||||||||230711.66
F08Q10000985|200812|230462.91|0|009|351|||||5.875|0.00||||||||||||||||||||230462.91
F08Q10000985|200901|0.00|0|010|350|||01|200901|5.875|0.00|||||||||||||||230462.91|||||0.00
F08Q10000988|200802|62000.00|0|000|360|||||6.625|0.00||||||||||||||||||||62000.00
F08Q10000988|200803|62000.00|0|001|359|||||6.625|0.00||||||||||||||||||||62000.00
F08Q10000988|200804|62000.00|0|002|358|||||6.625|0.00||||||||||||||||||||62000.00
F08Q10000988|200805|62000.00|0|003|357|||||6.625|0.00||||||||||||||||||||62000.00
F08Q10000988|200806|62000.00|0|004|356|||||6.625|0.00||||||||||||||||||||62000.00
F08Q10000988|200807|62000.00|0|005|355|||||6.625|0.00||||||||||||||||||||62000.00
F08Q10000988|200808|62000.00|0|006|354|||||6.625|0.00||||||||||||||||||||62000.00
F08Q10000988|200809|61610.71|0|007|353|||||6.625|0.00||||||||||||||||||||61610.71
F08Q10000988|200810|61553.86|0|008|352|||||6.625|0.00||||||||||||||||||||61553.86
F08Q10000988|200811|61496.70|0|009|351|||||6.625|0.00||||||||||||||||||||61496.70
F08Q10000988|200812|61439.22|0|010|350|||||6.625|0.00||||||||||||||||||||61439.22
F08Q10000988|200901|61381.43|0|011|349|||||6.625|0.00||||||||||||||||||||61381.43
F08Q10000988|200902|61323.32|0|012|348|||||6.625|0.00||||||||||||||||||||61323.32
F08Q10000988|200903|61264.89|0|013|347|||||6.625|0.00||||||||||||||||||||61264.89
F08Q10000988|200904|61206.13|0|014|346|||||6.625|0.00||||||||||||||||||||61206.13
F08Q10000988|200905|61147.05|0|015|345|||||6.625|0.00||||||||||||||||||||61147.05
F08Q10000988|200906|61087.64|0|016|344|||||6.625|0.00||||||||||||||||||||61087.64
F08Q10000988|200907|61027.90|0|017|343|||||6.625|0.00||||||||||||||||||||61027.90
F08Q10000988|200908|60967.83|0|018|342|||||6.625|0.00||||||||||||||||||||60967.83
F08Q10000988|200909|60907.43|0|019|341|||||6.625|0.00||||||||||||||||||||60907.43
F08Q10000988|200910|60846.70|0|020|340|||||6.625|0.00||||||||||||||||||||60846.70
F08Q10000988|200911|60785.63|0|021|339|||||6.625|0.00||||||||||||||||||||60785.63
F08Q10000988|200912|0.00|0|022|338|||01|200912|6.625|0.00|||||||||||||||60785.63|||||0.00
F08Q10001008|200802|110000.00|0|000|240|||||6.000|0.00||||||||||||||||||||110000.00
F08Q10001008|200803|110000.00|0|001|239|||||6.000|0.00||||||||||||||||||||110000.00
F08Q10001008|200804|110000.00|0|002|238|||||6.000|0.00||||||||||||||||||||110000.00
F08Q10001008|200805|110000.00|0|003|237|||||6.000|0.00||||||||||||||||||||110000.00
F08Q10001008|200806|109000.00|0|004|236|||||6.000|0.00||||||||||||||||||||109000.00
F08Q10001008|200807|109000.00|0|005|235|||||6.000|0.00||||||||||||||||||||109000.00
F08Q10001008|200808|109000.00|0|006|234|||||6.000|0.00||||||||||||||||||||109000.00
F08Q10001008|200809|108554.39|0|007|233|||||6.000|0.00||||||||||||||||||||108554.39
F08Q10001008|200810|108307.29|0|008|232|||||6.000|0.00||||||||||||||||||||108307.29
F08Q10001008|200811|108058.96|0|009|231|||||6.000|0.00||||||||||||||||||||108058.96
F08Q10001008|200812|107809.38|0|010|230|||||6.000|0.00||||||||||||||||||||107809.38
F08Q10001008|200901|107558.56|0|011|229|||||6.000|0.00||||||||||||||||||||107558.56
F08Q10001008|200902|107306.48|0|012|228|||||6.000|0.00||||||||||||||||||||107306.48
F08Q10001008|200903|106999.00|0|013|227|||||6.000|0.00||||||||||||||||||||106999.00
F08Q10001008|200904|106689.99|0|014|226|||||6.000|0.00||||||||||||||||||||106689.99
F08Q10001008|200905|106379.43|0|015|225|||||6.000|0.00||||||||||||||||||||106379.43
F08Q10001008|200906|106117.32|0|016|224|||||6.000|0.00||||||||||||||||||||106117.32
F08Q10001008|200907|105803.90|0|017|223|||||6.000|0.00||||||||||||||||||||105803.90
F08Q10001008|200908|105488.91|0|018|222|||||6.000|0.00||||||||||||||||||||105488.91
F08Q10001008|200909|105172.34|0|019|221|||||6.000|0.00||||||||||||||||||||105172.34
F08Q10001008|200910|104854.19|0|020|220|||||6.000|0.00||||||||||||||||||||104854.19
F08Q10001008|200911|104534.45|0|021|219|||||6.000|0.00||||||||||||||||||||104534.45
F08Q10001008|200912|104263.11|0|022|218|||||6.000|0.00||||||||||||||||||||104263.11
F08Q10001008|201001|103994.56|0|023|217|||||6.000|0.00||||||||||||||||||||103994.56
F08Q10001008|201002|103724.66|0|024|216|||||6.000|0.00||||||||||||||||||||103724.66
F08Q10001008|201003|103407.66|0|025|215|||||6.000|0.00||||||||||||||||||||103407.66
F08Q10001008|201004|103089.08|0|026|214|||||6.000|0.00||||||||||||||||||||103089.08
F08Q10001008|201005|102768.91|0|027|213|||||6.000|0.00||||||||||||||||||||102768.91
F08Q10001008|201006|102447.13|0|028|212|||||6.000|0.00||||||||||||||||||||102447.13
F08Q10001008|201007|102169.50|0|029|211|||||6.000|0.00||||||||||||||||||||102169.50
F08Q10001008|201008|101884.73|0|030|210|||||6.000|0.00||||||||||||||||||||101884.73
F08Q10001008|201009|101604.28|0|031|209|||||6.000|0.00||||||||||||||||||||101604.28
F08Q10001008|201010|101322.43|0|032|208|||||6.000|0.00||||||||||||||||||||101322.43
F08Q10001008|201011|101039.17|0|033|207|||||6.000|0.00||||||||||||||||||||101039.17
F08Q10001008|201012|100754.50|0|034|206|||||6.000|0.00||||||||||||||||||||100754.50
F08Q10001008|201101|100468.40|0|035|205|||||6.000|0.00||||||||||||||||||||100468.40
F08Q10001008|201102|100180.87|0|036|204|||||6.000|0.00||||||||||||||||||||100180.87
F08Q10001008|201103|99891.90|0|037|203|||||6.000|0.00||||||||||||||||||||99891.90
F08Q10001008|201104|99601.49|0|038|202|||||6.000|0.00||||||||||||||||||||99601.49
F08Q10001008|201105|99309.63|0|039|201|||||6.000|0.00||||||||||||||||||||99309.63
F08Q10001008|201106|99016.31|0|040|200|||||6.000|0.00||||||||||||||||||||99016.31
F08Q10001008|201107|98721.52|0|041|199|||||6.000|0.00||||||||||||||||||||98721.52
F08Q10001008|201108|98425.26|0|042|198|||||6.000|0.00||||||||||||||||||||98425.26
F08Q10001008|201109|0.00|0|043|197|||01|201109|6.000|0.00|||||||||||||||98425.26|||||0.00
F08Q10001032|200801|413000.00|0|000|360|||||6.250|0.00||||||||||||||||||||413000.00
F08Q10001032|200802|411000.00|0|001|359|||||6.250|0.00||||||||||||||||||||411000.00
F08Q10001032|200803|408000.00|0|002|358|||||6.250|0.00||||||||||||||||||||408000.00
F08Q10001032|200804|405000.00|0|003|357|||||6.250|0.00||||||||||||||||||||405000.00
F08Q10001032|200805|405000.00|0|004|356|||||6.250|0.00||||||||||||||||||||405000.00
F08Q10001032|200806|402000.00|0|005|355|||||6.250|0.00||||||||||||||||||||402000.00
F08Q10001032|200807|400000.00|0|006|354|||||6.250|0.00||||||||||||||||||||400000.00
F08Q10001032|200808|398959.02|0|007|353|||||6.250|0.00||||||||||||||||||||398959.02
F08Q10001032|200809|398039.93|0|008|352|||||6.250|0.00||||||||||||||||||||398039.93
F08Q10001032|200810|396813.05|0|009|351|||||6.250|0.00||||||||||||||||||||396813.05
F08Q10001032|200811|395879.78|0|010|350|||||6.250|0.00||||||||||||||||||||395879.78
F08Q10001032|200812|394941.65|0|011|349|||||6.250|0.00||||||||||||||||||||394941.65
F08Q10001032|200901|394001.64|0|012|348|||||6.250|0.00||||||||||||||||||||394001.64
F08Q10001032|200902|393053.73|0|013|347|||||6.250|0.00||||||||||||||||||||393053.73
F08Q10001032|200903|392500.88|0|014|346|||||6.250|0.00||||||||||||||||||||392500.88
F08Q10001032|200904|391848.16|0|015|345|||||6.250|0.00||||||||||||||||||||391848.16
F08Q10001032|200905|390892.04|0|016|344|||||6.250|0.00||||||||||||||||||||390892.04
F08Q10001032|200906|389930.94|0|017|343|||||6.250|0.00||||||||||||||||||||389930.94
F08Q10001032|200907|389367.83|0|018|342|||||6.250|0.00||||||||||||||||||||389367.83
F08Q10001032|200908|388795.79|0|019|341|||||6.250|0.00||||||||||||||||||||388795.79
F08Q10001032|200909|387823.77|0|020|340|||||6.250|0.00||||||||||||||||||||387823.77
F08Q10001032|200910|387246.69|0|021|339|||||6.250|0.00||||||||||||||||||||387246.69
F08Q10001032|200911|386263.68|0|022|338|||||6.250|0.00||||||||||||||||||||386263.68
F08Q10001032|200912|385276.42|0|023|337|||||6.250|0.00||||||||||||||||||||385276.42
F08Q10001032|201001|384284.18|0|024|336|||||6.250|0.00||||||||||||||||||||384284.18
F08Q10001032|201002|384284.18|1|025|335|||||6.250|0.00||||||||||||||||||||384284.18
F08Q10001032|201003|383112.20|0|026|334|||||6.250|0.00||||||||||||||||||||383112.20
F08Q10001032|201004|382107.63|0|027|333|||||6.250|0.00||||||||||||||||||||382107.63
F08Q10001032|201005|381098.34|0|028|332|||||6.250|0.00||||||||||||||||||||381098.34
F08Q10001032|201006|380084.11|0|029|331|||||6.250|0.00||||||||||||||||||||380084.11
F08Q10001032|201007|379464.43|0|030|330|||||6.250|0.00||||||||||||||||||||379464.43
F08Q10001032|201008|379464.43|0|031|329|||||6.250|0.00||||||||||||||||||||379464.43
F08Q10001032|201009|377941.36|0|032|328|||||6.250|0.00||||||||||||||||||||377941.36
F08Q10001032|201010|376910.63|0|033|327|||||6.250|0.00||||||||||||||||||||376910.63
F08Q10001032|201011|375874.02|0|034|326|||||6.250|0.00||||||||||||||||||||375874.02
F08Q10001032|201012|374832.34|0|035|325|||||6.250|0.00||||||||||||||||||||374832.34
F08Q10001032|201101|373785.31|0|036|324|||||6.250|0.00||||||||||||||||||||373785.31
F08Q10001032|201102|373785.31|1|037|323|||||6.250|0.00||||||||||||||||||||373785.31
F08Q10001032|201103|371931.02|0|038|322|||||6.250|0.00||||||||||||||||||||371931.02
F08Q10001032|201104|370869.32|0|039|321|||||6.250|0.00||||||||||||||||||||370869.32
F08Q10001032|201105|369801.81|0|040|320|||||6.250|0.00||||||||||||||||||||369801.81
F08Q10001032|201106|368728.01|0|041|319|||||6.250|0.00||||||||||||||||||||368728.01
F08Q10001032|201107|367648.47|0|042|318|||||6.250|0.00||||||||||||||||||||367648.47
F08Q10001032|201108|366564.19|0|043|317|||||6.250|0.00||||||||||||||||||||366564.19
F08Q10001032|201109|365474.25|0|044|316|||||6.250|0.00||||||||||||||||||||365474.25
F08Q10001032|201110|364678.24|0|045|315|||||6.250|0.00||||||||||||||||||||364678.24
F08Q10001032|201111|363577.88|0|046|314|||||6.250|0.00||||||||||||||||||||363577.88
F08Q10001032|201112|362472.63|0|047|313|||||6.250|0.00||||||||||||||||||||362472.63
F08Q10001032|201201|361361.47|0|048|312|||||6.250|0.00||||||||||||||||||||361361.47
F08Q10001032|201202|360244.44|0|049|311|||||6.250|0.00||||||||||||||||||||360244.44
F08Q10001032|201203|359120.71|0|050|310|||||6.250|0.00||||||||||||||||||||359120.71
F08Q10001032|201204|357991.13|0|051|309|||||6.250|0.00||||||||||||||||||||357991.13
F08Q10001032|201205|356856.62|0|052|308|||||6.250|0.00||||||||||||||||||||356856.62
F08Q10001032|201206|355716.21|0|053|307|||||6.250|0.00||||||||||||||||||||355716.21
F08Q10001032|201207|354068.90|0|054|306|||||6.250|0.00||||||||||||||||||||354068.90
F08Q10001032|201208|352913.01|0|055|305|||||6.250|0.00||||||||||||||||||||352913.01
F08Q10001032|201209|351751.10|0|056|304|||||6.250|0.00||||||||||||||||||||351751.10
F08Q10001032|201210|350783.14|0|057|303|||||6.250|0.00||||||||||||||||||||350783.14
F08Q10001032|201211|349610.14|0|058|302|||||6.250|0.00||||||||||||||||||||349610.14
F08Q10001032|201212|348631.03|0|059|301|||||6.250|0.00||||||||||||||||||||348631.03
F08Q10001032|201301|347646.82|0|060|300|||||6.250|0.00||||||||||||||||||||347646.82
F08Q10001032|201302|346457.48|0|061|299|||||6.250|0.00||||||||||||||||||||346457.48
F08Q10001032|201303|344761.95|0|062|298|||||6.250|0.00||||||||||||||||||||344761.95
F08Q10001032|201304|343057.59|0|063|297|||||6.250|0.00||||||||||||||||||||343057.59
F08Q10001032|201305|341844.35|0|064|296|||||6.250|0.00||||||||||||||||||||341844.35
F08Q10001032|201306|340624.79|0|065|295|||||6.250|0.00||||||||||||||||||||340624.79
F08Q10001032|201307|339398.88|0|066|294|||||6.250|0.00||||||||||||||||||||339398.88
F08Q10001032|201308|338166.58|0|067|293|||||6.250|0.00||||||||||||||||||||338166.58
F08Q10001032|201309|336927.86|0|068|292|||||6.250|0.00||||||||||||||||||||336927.86
F08Q10001032|201310|335682.69|0|069|291|||||6.250|0.00||||||||||||||||||||335682.69
F08Q10001032|201311|334831.04|0|070|290|||||6.250|0.00||||||||||||||||||||334831.04
F08Q10001032|201312|333574.95|0|071|289|||||6.250|0.00||||||||||||||||||||333574.95
F08Q10001032|201401|332312.32|0|072|288|||||6.250|0.00||||||||||||||||||||332312.32
F08Q10001032|201402|331043.11|0|073|287|||||6.250|0.00||||||||||||||||||||331043.11
F08Q10001032|201403|330067.29|0|074|286|||||6.250|0.00||||||||||||||||||||330067.29
F08Q10001032|201404|329086.39|0|075|285|||||6.250|0.00||||||||||||||||||||329086.39
F08Q10001032|201405|328000.38|0|076|284|||||6.250|0.00||||||||||||||||||||328000.38
F08Q10001032|201406|326908.72|0|077|283|||||6.250|0.00||||||||||||||||||||326908.72
F08Q10001032|201407|325811.37|0|078|282|||||6.250|0.00||||||||||||||||||||325811.37
F08Q10001032|201408|324708.30|0|079|281|||||6.250|0.00||||||||||||||||||||324708.30
F08Q10001032|201409|323599.49|0|080|280|||||6.250|0.00||||||||||||||||||||323599.49
F08Q10001032|201410|322484.90|0|081|279|||||6.250|0.00||||||||||||||||||||322484.90
F08Q10001032|201411|321564.51|0|082|278|||||6.250|0.00||||||||||||||||||||321564.51
F08Q10001032|201412|320439.33|0|083|277|||||6.250|0.00||||||||||||||||||||320439.33
F08Q10001032|201501|319308.28|0|084|276|||||6.250|0.00||||||||||||||||||||319308.28
F08Q10001032|201502|318171.34|0|085|275|||||6.250|0.00||||||||||||||||||||318171.34
F08Q10001032|201503|0.00|0|086|274|||01|201503|6.250|0.00|||||||||||||||318171.34|||||0.00
F08Q10001061|200802|74000.00|0|000|180|||||5.500|0.00||||||||||||||||||||74000.00
F08Q10001061|200803|74000.00|0|001|179|||||5.500|0.00||||||||||||||||||||74000.00
F08Q10001061|200804|73000.00|0|002|178|||||5.500|0.00||||||||||||||||||||73000.00
F08Q10001061|200805|73000.00|0|003|177|||||5.500|0.00||||||||||||||||||||73000.00
F08Q10001061|200806|73000.00|0|004|176|||||5.500|0.00||||||||||||||||||||73000.00
F08Q10001061|200807|73000.00|0|005|175|||||5.500|0.00||||||||||||||||||||73000.00
F08Q10001061|200808|72000.00|0|006|174|||||5.500|0.00||||||||||||||||||||72000.00
F08Q10001061|200809|72014.10|0|007|173|||||5.500|0.00||||||||||||||||||||72014.10
F08Q10001061|200810|71639.07|0|008|172|||||5.500|0.00||||||||||||||||||||71639.07
F08Q10001061|200811|71362.78|0|009|171|||||5.500|0.00||||||||||||||||||||71362.78
F08Q10001061|200812|71085.22|0|010|170|||||5.500|0.00||||||||||||||||||||71085.22
F08Q10001061|200901|70806.39|0|011|169|||||5.500|0.00||||||||||||||||||||70806.39
F08Q10001061|200902|70526.28|0|012|168|||||5.500|0.00||||||||||||||||||||70526.28
F08Q10001061|200903|70244.89|0|013|167|||||5.500|0.00||||||||||||||||||||70244.89
F08Q10001061|200904|69962.21|0|014|166|||||5.500|0.00||||||||||||||||||||69962.21
F08Q10001061|200905|69678.23|0|015|165|||||5.500|0.00||||||||||||||||||||69678.23
F08Q10001061|200906|69392.95|0|016|164|||||5.500|0.00||||||||||||||||||||69392.95
F08Q10001061|200907|69106.36|0|017|163|||||5.500|0.00||||||||||||||||||||69106.36
F08Q10001061|200908|68818.46|0|018|162|||||5.500|0.00||||||||||||||||||||68818.46
F08Q10001061|200909|68529.24|0|019|161|||||5.500|0.00||||||||||||||||||||68529.24
F08Q10001061|200910|68238.69|0|020|160|||||5.500|0.00||||||||||||||||||||68238.69
F08Q10001061|200911|67946.81|0|021|159|||||5.500|0.00||||||||||||||||||||67946.81
F08Q10001061|200912|67653.59|0|022|158|||||5.500|0.00||||||||||||||||||||67653.59
F08Q10001061|201001|67359.03|0|023|157|||||5.500|0.00||||||||||||||||||||67359.03
F08Q10001061|201002|67063.12|0|024|156|||||5.500|0.00||||||||||||||||||||67063.12
F08Q10001061|201003|66765.85|0|025|155|||||5.500|0.00||||||||||||||||||||66765.85
F08Q10001061|201004|66467.22|0|026|154|||||5.500|0.00||||||||||||||||||||66467.22
F08Q10001061|201005|66162.35|0|027|153|||||5.500|0.00||||||||||||||||||||66162.35
F08Q10001061|201006|65826.73|0|028|152|||||5.500|0.00||||||||||||||||||||65826.73
F08Q10001061|201007|65518.93|0|029|151|||||5.500|0.00||||||||||||||||||||65518.93
F08Q10001061|201008|65209.72|0|030|150|||||5.500|0.00||||||||||||||||||||65209.72
F08Q10001061|201009|64899.09|0|031|149|||||5.500|0.00||||||||||||||||||||64899.09
F08Q10001061|201010|64586.24|0|032|148|||||5.500|0.00||||||||||||||||||||64586.24
F08Q10001061|201011|64277.62|0|033|147|||||5.500|0.00||||||||||||||||||||64277.62
F08Q10001061|201012|63967.59|0|034|146|||||5.500|0.00||||||||||||||||||||63967.59
F08Q10001061|201101|63656.13|0|035|145|||||5.500|0.00||||||||||||||||||||63656.13
F08Q10001061|201102|63343.25|0|036|144|||||5.500|0.00||||||||||||||||||||63343.25
F08Q10001061|201103|63028.93|0|037|143|||||5.500|0.00||||||||||||||||||||63028.93
F08Q10001061|201104|62713.17|0|038|142|||||5.500|0.00||||||||||||||||||||62713.17
F08Q10001061|201105|62395.97|0|039|141|||||5.500|0.00||||||||||||||||||||62395.97
F08Q10001061|201106|62077.31|0|040|140|||||5.500|0.00||||||||||||||||||||62077.31
F08Q10001061|201107|61757.19|0|041|139|||||5.500|0.00||||||||||||||||||||61757.19
F08Q10001061|201108|61435.60|0|042|138|||||5.500|0.00||||||||||||||||||||61435.60
F08Q10001061|201109|61112.54|0|043|137|||||5.500|0.00||||||||||||||||||||61112.54
F08Q10001061|201110|60788.00|0|044|136|||||5.500|0.00||||||||||||||||||||60788.00
F08Q10001061|201111|60461.97|0|045|135|||||5.500|0.00||||||||||||||||||||60461.97
F08Q10001061|201112|60134.45|0|046|134|||||5.500|0.00||||||||||||||||||||60134.45
F08Q10001061|201201|59805.43|0|047|133|||||5.500|0.00||||||||||||||||||||59805.43
F08Q10001061|201202|59474.90|0|048|132|||||5.500|0.00||||||||||||||||||||59474.90
F08Q10001061|201203|59142.85|0|049|131|||||5.500|0.00||||||||||||||||||||59142.85
F08Q10001061|201204|58809.28|0|050|130|||||5.500|0.00||||||||||||||||||||58809.28
F08Q10001061|201205|58474.18|0|051|129|||||5.500|0.00||||||||||||||||||||58474.18
F08Q10001061|201206|58137.55|0|052|128|||||5.500|0.00||||||||||||||||||||58137.55
F08Q10001061|201207|57799.37|0|053|127|||||5.500|0.00||||||||||||||||||||57799.37
F08Q10001061|201208|57459.64|0|054|126|||||5.500|0.00||||||||||||||||||||57459.64
F08Q10001061|201209|57118.36|0|055|125|||||5.500|0.00||||||||||||||||||||57118.36
F08Q10001061|201210|56775.51|0|056|124|||||5.500|0.00||||||||||||||||||||56775.51
F08Q10001061|201211|56431.09|0|057|123|||||5.500|0.00||||||||||||||||||||56431.09
F08Q10001061|201212|56085.09|0|058|122|||||5.500|0.00||||||||||||||||||||56085.09
F08Q10001061|201301|55737.51|0|059|121|||||5.500|0.00||||||||||||||||||||55737.51
F08Q10001061|201302|55388.33|0|060|120|||||5.500|0.00||||||||||||||||||||55388.33
F08Q10001061|201303|55037.55|0|061|119|||||5.500|0.00||||||||||||||||||||55037.55
F08Q10001061|201304|54685.17|0|062|118|||||5.500|0.00||||||||||||||||||||54685.17
F08Q10001061|201305|54331.17|0|063|117|||||5.500|0.00||||||||||||||||||||54331.17
F08Q10001061|201306|53975.55|0|064|116|||||5.500|0.00||||||||||||||||||||53975.55
F08Q10001061|201307|53618.30|0|065|115|||||5.500|0.00||||||||||||||||||||53618.30
F08Q10001061|201308|53259.41|0|066|114|||||5.500|0.00||||||||||||||||||||53259.41
F08Q10001061|201309|52898.88|0|067|113|||||5.500|0.00||||||||||||||||||||52898.88
F08Q10001061|201310|52536.69|0|068|112|||||5.500|0.00||||||||||||||||||||52536.69
F08Q10001061|201311|52172.84|0|069|111|||||5.500|0.00||||||||||||||||||||52172.84
F08Q10001061|201312|51807.33|0|070|110|||||5.500|0.00||||||||||||||||||||51807.33
F08Q10001061|201401|51440.14|0|071|109|||||5.500|0.00||||||||||||||||||||51440.14
F08Q10001061|201402|0.00|0|072|108|||01|201402|5.500|0.00|||||||||||||||51440.14|||||0.00
F08Q10001215|200802|89000.00|0|000|360|||||6.250|0.00||||||||||||||||||||89000.00
F08Q10001215|200803|88000.00|0|001|359|||||6.250|0.00||||||||||||||||||||88000.00
F08Q10001215|200804|88000.00|0|002|358|||||6.250|0.00||||||||||||||||||||88000.00
F08Q10001215|200805|88000.00|0|003|357|||||6.250|0.00||||||||||||||||||||88000.00
F08Q10001215|200806|88000.00|0|004|356|||||6.250|0.00||||||||||||||||||||88000.00
F08Q10001215|200807|88000.00|0|005|355|||||6.250|0.00||||||||||||||||||||88000.00
F08Q10001215|200808|88000.00|0|006|354|||||6.250|0.00||||||||||||||||||||88000.00
F08Q10001215|200809|87902.93|0|007|353|||||6.250|0.00||||||||||||||||||||87902.93
F08Q10001215|200810|87815.85|0|008|352|||||6.250|0.00||||||||||||||||||||87815.85
F08Q10001215|200811|87728.31|0|009|351|||||6.250|0.00||||||||||||||||||||87728.31
F08Q10001215|200812|87640.32|0|010|350|||||6.250|0.00||||||||||||||||||||87640.32
F08Q10001215|200901|87551.87|0|011|349|||||6.250|0.00||||||||||||||||||||87551.87
F08Q10001215|200902|87462.96|0|012|348|||||6.250|0.00||||||||||||||||||||87462.96
F08Q10001215|200903|87373.59|0|013|347|||||6.250|0.00||||||||||||||||||||87373.59
F08Q10001215|200904|87283.75|0|014|346|||||6.250|0.00||||||||||||||||||||87283.75
F08Q10001215|200905|87193.44|0|015|345|||||6.250|0.00||||||||||||||||||||87193.44
F08Q10001215|200906|87102.66|0|016|344|||||6.250|0.00||||||||||||||||||||87102.66
F08Q10001215|200907|87011.41|0|017|343|||||6.250|0.00||||||||||||||||||||87011.41
F08Q10001215|200908|86919.68|0|018|342|||||6.250|0.00||||||||||||||||||||86919.68
F08Q10001215|200909|86827.48|0|019|341|||||6.250|0.00||||||||||||||||||||86827.48
F08Q10001215|200910|86734.80|0|020|340|||||6.250|0.00||||||||||||||||||||86734.80
F08Q10001215|200911|86641.63|0|021|339|||||6.250|0.00||||||||||||||||||||86641.63
F08Q10001215|200912|86547.98|0|022|338|||||6.250|0.00||||||||||||||||||||86547.98
F08Q10001215|201001|86453.84|0|023|337|||||6.250|0.00||||||||||||||||||||86453.84
F08Q10001215|201002|86359.21|0|024|336|||||6.250|0.00||||||||||||||||||||86359.21
F08Q10001215|201003|86264.09|0|025|335|||||6.250|0.00||||||||||||||||||||86264.09
F08Q10001215|201004|86168.47|0|026|334|||||6.250|0.00||||||||||||||||||||86168.47
F08Q10001215|201005|86072.35|0|027|333|||||6.250|0.00||||||||||||||||||||86072.35
F08Q10001215|201006|85975.73|0|028|332|||||6.250|0.00||||||||||||||||||||85975.73
F08Q10001215|201007|85878.61|0|029|331|||||6.250|0.00||||||||||||||||||||85878.61
F08Q10001215|201008|85780.98|0|030|330|||||6.250|0.00||||||||||||||||||||85780.98
F08Q10001215|201009|85682.85|0|031|329|||||6.250|0.00||||||||||||||||||||85682.85
F08Q10001215|201010|85584.20|0|032|328|||||6.250|0.00||||||||||||||||||||85584.20
F08Q10001215|201011|85485.04|0|033|327|||||6.250|0.00||||||||||||||||||||85485.04
F08Q10001215|201012|85385.36|0|034|326|||||6.250|0.00||||||||||||||||||||85385.36
F08Q10001215|201101|85285.17|0|035|325|||||6.250|0.00||||||||||||||||||||85285.17
F08Q10001215|201102|85184.45|0|036|324|||||6.250|0.00||||||||||||||||||||85184.45
F08Q10001215|201103|85083.21|0|037|323|||||6.250|0.00||||||||||||||||||||85083.21
F08Q10001215|201104|84981.44|0|038|322|||||6.250|0.00||||||||||||||||||||84981.44
F08Q10001215|201105|84879.14|0|039|321|||||6.250|0.00||||||||||||||||||||84879.14
F08Q10001215|201106|84776.31|0|040|320|||||6.250|0.00||||||||||||||||||||84776.31
F08Q10001215|201107|84672.94|0|041|319|||||6.250|0.00||||||||||||||||||||84672.94
F08Q10001215|201108|84569.03|0|042|318|||||6.250|0.00||||||||||||||||||||84569.03
F08Q10001215|201109|84464.58|0|043|317|||||6.250|0.00||||||||||||||||||||84464.58
F08Q10001215|201110|84359.59|0|044|316|||||6.250|0.00||||||||||||||||||||84359.59
F08Q10001215|201111|0.00|0|045|315|||01|201111|6.250|0.00|||||||||||||||84359.59|||||0.00
F08Q10001216|200802|258000.00|0|000|360|||||5.875|0.00||||||||||||||||||||258000.00
F08Q10001216|200803|258000.00|0|001|359|||||5.875|0.00||||||||||||||||||||258000.00
F08Q10001216|200804|257000.00|0|002|358|||||5.875|0.00||||||||||||||||||||257000.00
F08Q10001216|200805|257000.00|0|003|357|||||5.875|0.00||||||||||||||||||||257000.00
F08Q10001216|200806|257000.00|0|004|356|||||5.875|0.00||||||||||||||||||||257000.00
F08Q10001216|200807|257000.00|0|005|355|||||5.875|0.00||||||||||||||||||||257000.00
F08Q10001216|200808|256000.00|0|006|354|||||5.875|0.00||||||||||||||||||||256000.00
F08Q10001216|200809|256131.41|0|007|353|||||5.875|0.00||||||||||||||||||||256131.41
F08Q10001216|200810|255859.22|0|008|352|||||5.875|0.00||||||||||||||||||||255859.22
F08Q10001216|200811|255585.69|0|009|351|||||5.875|0.00||||||||||||||||||||255585.69
F08Q10001216|200812|255310.82|0|010|350|||||5.875|0.00||||||||||||||||||||255310.82
F08Q10001216|200901|255034.61|0|011|349|||||5.875|0.00||||||||||||||||||||255034.61
F08Q10001216|200902|254757.05|0|012|348|||||5.875|0.00||||||||||||||||||||254757.05
F08Q10001216|200903|254478.13|0|013|347|||||5.875|0.00||||||||||||||||||||254478.13
F08Q10001216|200904|254197.84|0|014|346|||||5.875|0.00||||||||||||||||||||254197.84
F08Q10001216|200905|253907.69|0|015|345|||||5.875|0.00||||||||||||||||||||253907.69
F08Q10001216|200906|253624.61|0|016|344|||||5.875|0.00||||||||||||||||||||253624.61
F08Q10001216|200907|253340.14|0|017|343|||||5.875|0.00||||||||||||||||||||253340.14
F08Q10001216|200908|253054.28|0|018|342|||||5.875|0.00||||||||||||||||||||253054.28
F08Q10001216|200909|252767.02|0|019|341|||||5.875|0.00||||||||||||||||||||252767.02
F08Q10001216|200910|252478.36|0|020|340|||||5.875|0.00||||||||||||||||||||252478.36
F08Q10001216|200911|252188.28|0|021|339|||||5.875|0.00||||||||||||||||||||252188.28
F08Q10001216|200912|251896.78|0|022|338|||||5.875|0.00||||||||||||||||||||251896.78
F08Q10001216|201001|251603.85|0|023|337|||||5.875|0.00||||||||||||||||||||251603.85
F08Q10001216|201002|251309.49|0|024|336|||||5.875|0.00||||||||||||||||||||251309.49
F08Q10001216|201003|251013.69|0|025|335|||||5.875|0.00||||||||||||||||||||251013.69
F08Q10001216|201004|250716.44|0|026|334|||||5.875|0.00||||||||||||||||||||250716.44
F08Q10001216|201005|250417.74|0|027|333|||||5.875|0.00||||||||||||||||||||250417.74
F08Q10001216|201006|250117.57|0|028|332|||||5.875|0.00||||||||||||||||||||250117.57
F08Q10001216|201007|249815.93|0|029|331|||||5.875|0.00||||||||||||||||||||249815.93
F08Q10001216|201008|249512.82|0|030|330|||||5.875|0.00||||||||||||||||||||249512.82
F08Q10001216|201009|249208.22|0|031|329|||||5.875|0.00||||||||||||||||||||249208.22
F08Q10001216|201010|248902.13|0|032|328|||||5.875|0.00||||||||||||||||||||248902.13
F08Q10001216|201011|248594.54|0|033|327|||||5.875|0.00||||||||||||||||||||248594.54
F08Q10001216|201012|248285.45|0|034|326|||||5.875|0.00||||||||||||||||||||248285.45
F08Q10001216|201101|247974.84|0|035|325|||||5.875|0.00||||||||||||||||||||247974.84
F08Q10001216|201102|247662.71|0|036|324|||||5.875|0.00||||||||||||||||||||247662.71
F08Q10001216|201103|247349.06|0|037|323|||||5.875|0.00||||||||||||||||||||247349.06
F08Q10001216|201104|247033.87|0|038|322|||||5.875|0.00||||||||||||||||||||247033.87
F08Q10001216|201105|246717.14|0|039|321|||||5.875|0.00||||||||||||||||||||246717.14
F08Q10001216|201106|246398.86|0|040|320|||||5.875|0.00||||||||||||||||||||246398.86
F08Q10001216|201107|246079.02|0|041|319|||||5.875|0.00||||||||||||||||||||246079.02
F08Q10001216|201108|245757.61|0|042|318|||||5.875|0.00||||||||||||||||||||245757.61
F08Q10001216|201109|245434.63|0|043|317|||||5.875|0.00||||||||||||||||||||245434.63
F08Q10001216|201110|245110.07|0|044|316|||||5.875|0.00||||||||||||||||||||245110.07
F08Q10001216|201111|244783.92|0|045|315|||||5.875|0.00||||||||||||||||||||244783.92
F08Q10001216|201112|244456.17|0|046|314|||||5.875|0.00||||||||||||||||||||244456.17
F08Q10001216|201201|244126.82|0|047|313|||||5.875|0.00||||||||||||||||||||244126.82
F08Q10001216|201202|243795.85|0|048|312|||||5.875|0.00||||||||||||||||||||243795.85
F08Q10001216|201203|243463.26|0|049|311|||||5.875|0.00||||||||||||||||||||243463.26
F08Q10001216|201204|243129.05|0|050|310|||||5.875|0.00||||||||||||||||||||243129.05
F08Q10001216|201205|242793.20|0|051|309|||||5.875|0.00||||||||||||||||||||242793.20
F08Q10001216|201206|242455.70|0|052|308|||||5.875|0.00||||||||||||||||||||242455.70
F08Q10001216|201207|242116.55|0|053|307|||||5.875|0.00||||||||||||||||||||242116.55
F08Q10001216|201208|241775.74|0|054|306|||||5.875|0.00||||||||||||||||||||241775.74
F08Q10001216|201209|241433.26|0|055|305|||||5.875|0.00||||||||||||||||||||241433.26
F08Q10001216|201210|241089.11|0|056|304|||||5.875|0.00||||||||||||||||||||241089.11
F08Q10001216|201211|240743.27|0|057|303|||||5.875|0.00||||||||||||||||||||240743.27
F08Q10001216|201212|240395.74|0|058|302|||||5.875|0.00||||||||||||||||||||240395.74
F08Q10001216|201301|240046.51|0|059|301|||||5.875|0.00||||||||||||||||||||240046.51
F08Q10001216|201302|239342.91|0|060|300|||||5.875|0.00||||||||||||||||||||239342.91
F08Q10001216|201303|239342.91|0|061|299|||||5.875|0.00||||||||||||||||||||239342.91
F08Q10001216|201304|238988.52|0|062|298|||||5.875|0.00||||||||||||||||||||238988.52
F08Q10001216|201305|238632.40|0|063|297|||||5.875|0.00||||||||||||||||||||238632.40
F08Q10001216|201306|238274.53|0|064|296|||||5.875|0.00||||||||||||||||||||238274.53
F08Q10001216|201307|237914.91|0|065|295|||||5.875|0.00||||||||||||||||||||237914.91
F08Q10001216|201308|237553.53|0|066|294|||||5.875|0.00||||||||||||||||||||237553.53
F08Q10001216|201309|237190.38|0|067|293|||||5.875|0.00||||||||||||||||||||237190.38
F08Q10001216|201310|236825.45|0|068|292|||||5.875|0.00||||||||||||||||||||236825.45
F08Q10001216|201311|236458.74|0|069|291|||||5.875|0.00||||||||||||||||||||236458.74
F08Q10001216|201312|236090.23|0|070|290|||||5.875|0.00||||||||||||||||||||236090.23
F08Q10001216|201401|235719.92|0|071|289|||||5.875|0.00||||||||||||||||||||235719.92
F08Q10001216|201402|235347.80|0|072|288|||||5.875|0.00||||||||||||||||||||235347.80
F08Q10001216|201403|234973.85|0|073|287|||||5.875|0.00||||||||||||||||||||234973.85
F08Q10001216|201404|234598.07|0|074|286|||||5.875|0.00||||||||||||||||||||234598.07
F08Q10001216|201405|234220.45|0|075|285|||||5.875|0.00||||||||||||||||||||234220.45
F08Q10001216|201406|233840.98|0|076|284|||||5.875|0.00||||||||||||||||||||233840.98
F08Q10001216|201407|233459.66|0|077|283|||||5.875|0.00||||||||||||||||||||233459.66
F08Q10001216|201408|233076.47|0|078|282|||||5.875|0.00||||||||||||||||||||233076.47
F08Q10001216|201409|232691.40|0|079|281|||||5.875|0.00||||||||||||||||||||232691.40
F08Q10001216|201410|232304.45|0|080|280|||||5.875|0.00||||||||||||||||||||232304.45
F08Q10001216|201411|0.00|0|081|279|||01|201411|5.875|0.00|||||||||||||||232304.45|||||0.00
F08Q10001245|200803|140000.00|0|000|180|||||5.250|0.00||||||||||||||||||||140000.00
F08Q10001245|200804|139000.00|0|001|179|||||5.250|0.00||||||||||||||||||||139000.00
F08Q10001245|200805|139000.00|0|002|178|||||5.250|0.00||||||||||||||||||||139000.00
F08Q10001245|200806|138000.00|0|003|177|||||5.250|0.00||||||||||||||||||||138000.00
F08Q10001245|200807|138000.00|0|004|176|||||5.250|0.00||||||||||||||||||||138000.00
F08Q10001245|200808|137000.00|0|005|175|||||5.250|0.00||||||||||||||||||||137000.00
F08Q10001245|200809|137000.00|0|006|174|||||5.250|0.00||||||||||||||||||||137000.00
F08Q10001245|200810|136362.02|0|007|173|||||5.250|0.00||||||||||||||||||||136362.02
F08Q10001245|200811|135833.17|0|008|172|||||5.250|0.00||||||||||||||||||||135833.17
F08Q10001245|200812|135302.01|0|009|171|||||5.250|0.00||||||||||||||||||||135302.01
F08Q10001245|200901|134768.53|0|010|170|||||5.250|0.00||||||||||||||||||||134768.53
F08Q10001245|200902|134232.71|0|011|169|||||5.250|0.00||||||||||||||||||||134232.71
F08Q10001245|200903|133694.55|0|012|168|||||5.250|0.00||||||||||||||||||||133694.55
F08Q10001245|200904|133154.03|0|013|167|||||5.250|0.00||||||||||||||||||||133154.03
F08Q10001245|200905|0.00|0|014|166|||01|200905|5.250|0.00|||||||||||||||133154.03|||||0.00
F08Q10001263|200801|185000.00|0|000|360|||||6.750|0.00||||||||||||||||||||185000.00
F08Q10001263|200802|185000.00|0|001|359|||||6.750|0.00||||||||||||||||||||185000.00
F08Q10001263|200803|185000.00|0|002|358|||||6.750|0.00||||||||||||||||||||185000.00
F08Q10001263|200804|185000.00|0|003|357|||||6.750|0.00||||||||||||||||||||185000.00
F08Q10001263|200805|185000.00|0|004|356|||||6.750|0.00||||||||||||||||||||185000.00
F08Q10001263|200806|185000.00|0|005|355|||||6.750|0.00||||||||||||||||||||185000.00
F08Q10001263|200807|184000.00|0|006|354|||||6.750|0.00||||||||||||||||||||184000.00
F08Q10001263|200808|183954.47|0|007|353|||||6.750|0.00||||||||||||||||||||183954.47
F08Q10001263|200809|183687.68|0|008|352|||||6.750|0.00||||||||||||||||||||183687.68
F08Q10001263|200810|183419.39|0|009|351|||||6.750|0.00||||||||||||||||||||183419.39
F08Q10001263|200811|183148.82|0|010|350|||||6.750|0.00||||||||||||||||||||183148.82
F08Q10001263|200812|182876.73|0|011|349|||||6.750|0.00||||||||||||||||||||182876.73
F08Q10001263|200901|181637.61|0|012|348|||||6.750|0.00||||||||||||||||||||181637.61
F08Q10001263|200902|181357.06|0|013|347|||||6.750|0.00||||||||||||||||||||181357.06
F08Q10001263|200903|181074.93|0|014|346|||||6.750|0.00||||||||||||||||||||181074.93
F08Q10001263|200904|181074.93|1|015|345|||||6.750|0.00||||||||||||||||||||181074.93
F08Q10001263|200905|181074.93|2|016|344|||||6.750|0.00||||||||||||||||||||181074.93
F08Q10001263|200906|181074.93|3|017|343|||||6.750|0.00||||||||||||||||||||181074.93
F08Q10001263|200907|181074.93|4|018|342|||||6.750|0.00||||||||||||||||||||181074.93
F08Q10001263|200908|181074.93|5|019|341|||||6.750|0.00||||||||||||||||||||181074.93
F08Q10001263|200909|181074.93|6|020|340|||||6.750|0.00||||||||||||||||||||181074.93
F08Q10001263|200910|181074.93|7|021|339|||||6.750|0.00||||||||||||||||||||181074.93
F08Q10001263|200911|181074.93|8|022|338|||||6.750|0.00||||||||||||||||||||181074.93
F08Q10001263|200912|181074.93|9|023|337|||||6.750|0.00||||||||||||||||||||181074.93
F08Q10001263|201001|181074.93|10|024|336|||||6.750|0.00||||||||||||||||||||181074.93
F08Q10001263|201002|181074.93|11|025|335|||||6.750|0.00||||||||||||||||||||181074.93
F08Q10001263|201003|181074.93|12|026|334|||||6.750|0.00||||||||||||||||||||181074.93
F08Q10001263|201004|181074.93|13|027|333|||||6.750|0.00||||||||||||||||||||181074.93
F08Q10001263|201005|181074.93|14|028|332|||||6.750|0.00||||||||||||||||||||181074.93
F08Q10001263|201006|181074.93|15|029|331|||||6.750|0.00||||||||||||||||||||181074.93
F08Q10001263|201007|181074.93|16|030|330|||||6.750|0.00||||||||||||||||||||181074.93
F08Q10001263|201008|181074.93|17|031|329|||||6.750|0.00||||||||||||||||||||181074.93
F08Q10001263|201009|181074.93|18|032|328|||||6.750|0.00||||||||||||||||||||181074.93
F08Q10001263|201010|181074.93|19|033|327|||||6.750|0.00||||||||||||||||||||181074.93
F08Q10001263|201011|181074.93|20|034|326|||||6.750|0.00||||||||||||||||||||181074.93
F08Q10001263|201012|181074.93|21|035|325|||||6.750|0.00||||||||||||||||||||181074.93
F08Q10001263|201101|181074.93|22|036|324|||||6.750|0.00||||||||||||||||||||181074.93
F08Q10001263|201102|181074.93|23|037|323|||||6.750|0.00||||||||||||||||||||181074.93
F08Q10001263|201103|181074.93|24|038|322|||||6.750|0.00||||||||||||||||||||181074.93
F08Q10001263|201104|181074.93|25|039|321|||||6.750|0.00||||||||||||||||||||181074.93
F08Q10001263|201105|181074.93|26|040|320|||||6.750|0.00||||||||||||||||||||181074.93
F08Q10001263|201106|181074.93|27|041|319|||||6.750|0.00||||||||||||||||||||181074.93
F08Q10001263|201107|181074.93|28|042|318|||||6.750|0.00||||||||||||||||||||181074.93
F08Q10001263|201108|181074.93|29|043|317|||||6.750|0.00||||||||||||||||||||181074.93
F08Q10001263|201109|181074.93|30|044|316|||||6.750|0.00||||||||||||||||||||181074.93
F08Q10001263|201110|181074.93|31|045|315|||||6.750|0.00||||||||||||||||||||181074.93
F08Q10001263|201111|181074.93|32|046|314|||||6.750|0.00||||||||||||||||||||181074.93
F08Q10001263|201112|181074.93|33|047|313|||||6.750|0.00||||||||||||||||||||181074.93
F08Q10001263|201201|181074.93|34|048|312|||||6.750|0.00||||||||||||||||||||181074.93
F08Q10001263|201202|181074.93|35|049|311|||||6.750|0.00||||||||||||||||||||181074.93
F08Q10001263|201203|181074.93|36|050|310|||||6.750|0.00||||||||||||||||||||181074.93
F08Q10001263|201204|181074.93|37|051|309|||||6.750|0.00||||||||||||||||||||181074.93
F08Q10001263|201205|181074.93|38|052|308|||||6.750|0.00||||||||||||||||||||181074.93
F08Q10001263|201206|181074.93|RA|053|307|||||6.750|0.00||||||||||||||||||||181074.93
F08Q10001263|201207|181074.93|RA|054|306|||||6.750|0.00||||||||||||||||||||181074.93
F08Q10001263|201208|181074.93|RA|055|305|||||6.750|0.00||||||||||||||||||||181074.93
F08Q10001263|201209|181074.93|RA|056|304|||||6.750|0.00||||||||||||||||||||181074.93
F08Q10001263|201210|181074.93|RA|057|303|||||6.750|0.00||||||||||||||||||||181074.93
F08Q10001263|201211|0.00|RA|058|302|||09|201211|6.750|0.00|200903|76871.12|94412.13|2842.73|-20091.52|-5456.50|-10618.01|-3495.06|-521.95|-67547.54|||||181074.93|40507.07||||0.00
F08Q10001448|200802|76000.00|0|000|180|||||5.625|0.00||||||||||||||||||||76000.00
F08Q10001448|200803|76000.00|0|001|179|||||5.625|0.00||||||||||||||||||||76000.00
F08Q10001448|200804|75000.00|0|002|178|||||5.625|0.00||||||||||||||||||||75000.00
F08Q10001448|200805|75000.00|0|003|177|||||5.625|0.00||||||||||||||||||||75000.00
F08Q10001448|200806|75000.00|0|004|176|||||5.625|0.00||||||||||||||||||||75000.00
F08Q10001448|200807|75000.00|0|005|175|||||5.625|0.00||||||||||||||||||||75000.00
F08Q10001448|200808|74000.00|0|006|174|||||5.625|0.00||||||||||||||||||||74000.00
F08Q10001448|200809|74084.70|0|007|173|||||5.625|0.00||||||||||||||||||||74084.70
F08Q10001448|200810|73805.93|0|008|172|||||5.625|0.00||||||||||||||||||||73805.93
F08Q10001448|200811|73525.86|0|009|171|||||5.625|0.00||||||||||||||||||||73525.86
F08Q10001448|200812|73244.47|0|010|170|||||5.625|0.00||||||||||||||||||||73244.47
F08Q10001448|200901|72961.76|0|011|169|||||5.625|0.00||||||||||||||||||||72961.76
F08Q10001448|200902|72677.73|0|012|168|||||5.625|0.00||||||||||||||||||||72677.73
F08Q10001448|200903|72392.37|0|013|167|||||5.625|0.00||||||||||||||||||||72392.37
F08Q10001448|200904|72105.67|0|014|166|||||5.625|0.00||||||||||||||||||||72105.67
F08Q10001448|200905|71817.63|0|015|165|||||5.625|0.00||||||||||||||||||||71817.63
F08Q10001448|200906|71528.24|0|016|164|||||5.625|0.00||||||||||||||||||||71528.24
F08Q10001448|200907|71528.24|0|017|163|||||5.625|0.00||||||||||||||||||||71528.24
F08Q10001448|200908|70945.38|0|018|162|||||5.625|0.00||||||||||||||||||||70945.38
F08Q10001448|200909|70945.38|0|019|161|||||5.625|0.00||||||||||||||||||||70945.38
F08Q10001448|200910|70357.04|0|020|160|||||5.625|0.00||||||||||||||||||||70357.04
F08Q10001448|200911|70357.04|0|021|159|||||5.625|0.00||||||||||||||||||||70357.04
F08Q10001448|200912|70060.80|0|022|158|||||5.625|0.00||||||||||||||||||||70060.80
F08Q10001448|201001|69763.17|1|023|157|||||5.625|0.00||||||||||||||||||||69763.17
F08Q10001448|201002|69763.17|0|024|156|||||5.625|0.00||||||||||||||||||||69763.17
F08Q10001448|201003|69163.71|0|025|155|||||5.625|0.00||||||||||||||||||||69163.71
F08Q10001448|201004|68558.62|0|026|154|||||5.625|0.00||||||||||||||||||||68558.62
F08Q10001448|201005|68558.62|0|027|153|||||5.625|0.00||||||||||||||||||||68558.62
F08Q10001448|201006|67947.85|0|028|152|||||5.625|0.00||||||||||||||||||||67947.85
F08Q10001448|201007|67640.32|0|029|151|||||5.625|0.00||||||||||||||||||||67640.32
F08Q10001448|201008|67640.32|0|030|150|||||5.625|0.00||||||||||||||||||||67640.32
F08Q10001448|201009|67331.34|0|031|149|||||5.625|0.00||||||||||||||||||||67331.34
F08Q10001448|201010|67020.92|0|032|148|||||5.625|0.00||||||||||||||||||||67020.92
F08Q10001448|201011|66709.04|1|033|147|||||5.625|0.00||||||||||||||||||||66709.04
F08Q10001448|201012|66395.70|0|034|146|||||5.625|0.00||||||||||||||||||||66395.70
F08Q10001448|201101|66080.89|0|035|145|||||5.625|0.00||||||||||||||||||||66080.89
F08Q10001448|201102|65764.60|1|036|144|||||5.625|0.00||||||||||||||||||||65764.60
F08Q10001448|201103|65446.83|0|037|143|||||5.625|0.00||||||||||||||||||||65446.83
F08Q10001448|201104|64806.82|0|038|142|||||5.625|0.00||||||||||||||||||||64806.82
F08Q10001448|201105|64806.82|1|039|141|||||5.625|0.00||||||||||||||||||||64806.82
F08Q10001448|201106|64484.56|1|040|140|||||5.625|0.00||||||||||||||||||||64484.56
F08Q10001448|201107|64160.79|1|041|139|||||5.625|0.00||||||||||||||||||||64160.79
F08Q10001448|201108|63835.50|0|042|138|||||5.625|0.00||||||||||||||||||||63835.50
F08Q10001448|201109|63508.69|1|043|137|||||5.625|0.00||||||||||||||||||||63508.69
F08Q10001448|201110|63180.35|0|044|136|||||5.625|0.00||||||||||||||||||||63180.35
F08Q10001448|201111|62850.47|0|045|135|||||5.625|0.00||||||||||||||||||||62850.47
F08Q10001448|201112|62186.06|0|046|134|||||5.625|0.00||||||||||||||||||||62186.06
F08Q10001448|201201|62186.06|0|047|133|||||5.625|0.00||||||||||||||||||||62186.06
F08Q10001448|201202|61515.41|0|048|132|||||5.625|0.00||||||||||||||||||||61515.41
F08Q10001448|201203|61177.72|0|049|131|||||5.625|0.00||||||||||||||||||||61177.72
F08Q10001448|201204|60838.45|0|050|130|||||5.625|0.00||||||||||||||||||||60838.45
F08Q10001448|201205|60497.59|0|051|129|||||5.625|0.00||||||||||||||||||||60497.59
F08Q10001448|201206|60155.13|0|052|128|||||5.625|0.00||||||||||||||||||||60155.13
F08Q10001448|201207|59811.07|0|053|127|||||5.625|0.00||||||||||||||||||||59811.07
F08Q10001448|201208|59465.39|0|054|126|||||5.625|0.00||||||||||||||||||||59465.39
F08Q10001448|201209|58931.71|0|055|125|||||5.625|0.00||||||||||||||||||||58931.71
F08Q10001448|201210|58931.71|0|056|124|||||5.625|0.00||||||||||||||||||||58931.71
F08Q10001448|201211|58581.86|0|057|123|||||5.625|0.00||||||||||||||||||||58581.86
F08Q10001448|201212|58230.42|0|058|122|||||5.625|0.00||||||||||||||||||||58230.42
F08Q10001448|201301|57877.34|0|059|121|||||5.625|0.00||||||||||||||||||||57877.34
F08Q10001448|201302|57166.20|0|060|120|||||5.625|0.00||||||||||||||||||||57166.20
F08Q10001448|201303|56808.13|0|061|119|||||5.625|0.00||||||||||||||||||||56808.13
F08Q10001448|201304|56808.13|0|062|118|||||5.625|0.00||||||||||||||||||||56808.13
F08Q10001448|201305|56086.94|0|063|117|||||5.625|0.00||||||||||||||||||||56086.94
F08Q10001448|201306|56086.94|0|064|116|||||5.625|0.00||||||||||||||||||||56086.94
F08Q10001448|201307|55358.98|0|065|115|||||5.625|0.00||||||||||||||||||||55358.98
F08Q10001448|201308|54992.44|0|066|114|||||5.625|0.00||||||||||||||||||||54992.44
F08Q10001448|201309|54624.18|0|067|113|||||5.625|0.00||||||||||||||||||||54624.18
F08Q10001448|201310|54254.19|0|068|112|||||5.625|0.00||||||||||||||||||||54254.19
F08Q10001448|201311|53882.47|0|069|111|||||5.625|0.00||||||||||||||||||||53882.47
F08Q10001448|201312|53509.00|0|070|110|||||5.625|0.00||||||||||||||||||||53509.00
F08Q10001448|201401|53509.00|0|071|109|||||5.625|0.00||||||||||||||||||||53509.00
F08Q10001448|201402|52756.80|0|072|108|||||5.625|0.00||||||||||||||||||||52756.80
F08Q10001448|201403|52756.80|0|073|107|||||5.625|0.00||||||||||||||||||||52756.80
F08Q10001448|201404|52378.06|0|074|106|||||5.625|0.00||||||||||||||||||||52378.06
F08Q10001448|201405|51615.24|0|075|105|||||5.625|0.00||||||||||||||||||||51615.24
F08Q10001448|201406|51615.24|0|076|104|||||5.625|0.00||||||||||||||||||||51615.24
F08Q10001448|201407|51231.15|0|077|103|||||5.625|0.00||||||||||||||||||||51231.15
F08Q10001448|201408|50456.77|0|078|102|||||5.625|0.00||||||||||||||||||||50456.77
F08Q10001448|201409|50456.77|0|079|101|||||5.625|0.00||||||||||||||||||||50456.77
F08Q10001448|201410|50067.25|0|080|100|||||5.625|0.00||||||||||||||||||||50067.25
F08Q10001448|201411|49282.72|0|081|099|||||5.625|0.00||||||||||||||||||||49282.72
F08Q10001448|201412|48887.69|0|082|098|||||5.625|0.00||||||||||||||||||||48887.69
F08Q10001448|201501|48490.81|0|083|097|||||5.625|0.00||||||||||||||||||||48490.81
F08Q10001448|201502|48490.81|0|084|096|||||5.625|0.00||||||||||||||||||||48490.81
F08Q10001448|201503|48092.07|0|085|095|||||5.625|0.00||||||||||||||||||||48092.07
F08Q10001448|201504|47691.46|0|086|094|||||5.625|0.00||||||||||||||||||||47691.46
F08Q10001448|201505|46855.45|0|087|093|||||5.625|0.00||||||||||||||||||||46855.45
F08Q10001448|201506|46449.18|0|088|092|||||5.625|0.00||||||||||||||||||||46449.18
F08Q10001448|201507|46040.79|0|089|091|||||5.625|0.00||||||||||||||||||||46040.79
F08Q10001448|201508|45630.57|0|090|090|||||5.625|0.00||||||||||||||||||||45630.57
F08Q10001448|201509|45218.42|0|091|089|||||5.625|0.00||||||||||||||||||||45218.42
F08Q10001448|201510|44804.17|0|092|088|||||5.625|0.00||||||||||||||||||||44804.17
F08Q10001448|201511|44388.15|0|093|087|||||5.625|0.00||||||||||||||||||||44388.15
F08Q10001448|201512|43970.18|0|094|086|||||5.625|0.00||||||||||||||||||||43970.18
F08Q10001448|201601|43550.25|0|095|085|||||5.625|0.00||||||||||||||||||||43550.25
F08Q10001448|201602|43550.25|0|096|084|||||5.625|0.00||||||||||||||||||||43550.25
F08Q10001448|201603|43128.35|0|097|083|||||5.625|0.00||||||||||||||||||||43128.35
F08Q10001448|201604|42278.61|0|098|082|||||5.625|0.00||||||||||||||||||||42278.61
F08Q10001448|201605|41850.75|0|099|081|||||5.625|0.00||||||||||||||||||||41850.75
F08Q10001448|201606|41420.89|0|100|080|||||5.625|0.00||||||||||||||||||||41420.89
F08Q10001448|201607|40989.01|0|101|079|||||5.625|0.00||||||||||||||||||||40989.01
F08Q10001448|201608|40555.11|0|102|078|||||5.625|0.00||||||||||||||||||||40555.11
F08Q10001448|201609|40119.17|0|103|077|||||5.625|0.00||||||||||||||||||||40119.17
F08Q10001448|201610|39681.19|0|104|076|||||5.625|0.00||||||||||||||||||||39681.19
F08Q10001448|201611|39241.16|0|105|075|||||5.625|0.00||||||||||||||||||||39241.16
F08Q10001448|201612|38799.06|0|106|074|||||5.625|0.00||||||||||||||||||||38799.06
F08Q10001448|201701|38799.06|0|107|073|||||5.625|0.00||||||||||||||||||||38799.06
F08Q10001448|201702|37908.64|0|108|072|||||5.625|0.00||||||||||||||||||||37908.64
F08Q10001448|201703|37460.30|0|109|071|||||5.625|0.00||||||||||||||||||||37460.30
F08Q10001448|201704|37009.86|0|110|070|||||5.625|0.00||||||||||||||999||||||37009.86
F08Q10001448|201705|36557.30|0|111|069|||||5.625|0.00||||||||||||||999||||||36557.30
F08Q10001448|201706|36102.62|0|112|068|||||5.625|0.00||||||||||||||999||||||36102.62
F08Q10001448|201707|35645.81|0|113|067|||||5.625|0.00||||||||||||||999||||||35645.81
F08Q10001448|201708|35186.86|0|114|066|||||5.625|0.00||||||||||||||999||||||35186.86
F08Q10001448|201709|34725.76|0|115|065|||||5.625|0.00||||||||||||||999||||||34725.76
F08Q10001448|201710|33794.67|0|116|064|||||5.625|0.00||||||||||||||999||||||33794.67
F08Q10001448|201711|33794.67|0|117|063|||||5.625|0.00||||||||||||||999||||||33794.67
F08Q10001448|201712|33324.64|0|118|062|||||5.625|0.00||||||||||||||999||||||33324.64
F08Q10001448|201801|32852.41|0|119|061|||||5.625|0.00||||||||||||||999||||||32852.41
F08Q10001448|201802|32377.97|0|120|060|||||5.625|0.00||||||||||||||999||||||32377.97
F08Q10001448|201803|31903.70|0|121|059|||||5.625|0.00||||||||||||||999||||||31903.70
F08Q10001448|201804|31427.21|0|122|058|||||5.625|0.00||||||||||||||999||||||31427.21
F08Q10001448|201805|30947.92|0|123|057|||||5.625|0.00||||||||||||||999||||||30947.92
F08Q10001448|201806|30466.38|0|124|056|||||5.625|0.00||||||||||||||999||||||30466.38
F08Q10001448|201807|29982.58|0|125|055|||||5.625|0.00||||||||||||||999||||||29982.58
F08Q10001448|201808|29496.51|0|126|054|||||5.625|0.00||||||||||||||999||||||29496.51
F08Q10001448|201809|29008.73|0|127|053|||||5.625|0.00||||||||||||||999||||||29008.73
F08Q10001448|201810|28518.67|0|128|052|||||5.625|0.00||||||||||||||999||||||28518.67
F08Q10001448|201811|28026.31|0|129|051|||||5.625|0.00||||||||||||||999||||||28026.31
F08Q10001448|201812|27531.64|0|130|050|||||5.625|0.00||||||||||||||999||||||27531.64
F08Q10001448|201901|27034.65|0|131|049|||||5.625|0.00||||||||||||||999||||||27034.65
F08Q10001448|201902|26535.33|0|132|048|||||5.625|0.00||||||||||||||999||||||26535.33
F08Q10001448|201903|25529.66|0|133|047|||||5.625|0.00||||||||||||||999||||||25529.66
F08Q10001448|201904|25529.66|0|134|046|||||5.625|0.00||||||||||||||999||||||25529.66
F08Q10001448|201905|24514.55|0|135|045|||||5.625|0.00||||||||||||||999||||||24514.55
F08Q10001448|201906|24514.55|0|136|044|||||5.625|0.00||||||||||||||999||||||24514.55
F08Q10001448|201907|24003.42|0|137|043|||||5.625|0.00||||||||||||||999||||||24003.42
F08Q10001448|201908|22973.97|0|138|042|||||5.625|0.00||||||||||||||999||||||22973.97
F08Q10001448|201909|22973.97|0|139|041|||||5.625|0.00||||||||||||||999||||||22973.97
F08Q10001448|201910|21934.84|0|140|040|||||5.625|0.00||||||||||||||999||||||21934.84
F08Q10001448|201911|21411.62|0|141|039|||||5.625|0.00||||||||||||||19||||||21411.62
F08Q10001448|201912|21411.62|0|142|038|||||5.625|0.00||||||||||||||18||||||21411.62
F08Q10001448|202001|21411.62|1|143|037|||||5.625|0.00||||||||||||||18||||||21411.62
F08Q10001448|202002|0.00|0|144|036|||01|202002|5.625|0.00|201912|||||||||||||999|21411.62|||||0.00
F08Q10001452|200802|108000.00|0|000|360|||||6.125|0.00||||||||||||||||||||108000.00
F08Q10001452|200803|108000.00|0|001|359|||||6.125|0.00||||||||||||||||||||108000.00
F08Q10001452|200804|108000.00|0|002|358|||||6.125|0.00||||||||||||||||||||108000.00
F08Q10001452|200805|108000.00|0|003|357|||||6.125|0.00||||||||||||||||||||108000.00
F08Q10001452|200806|108000.00|0|004|356|||||6.125|0.00||||||||||||||||||||108000.00
F08Q10001452|200807|107000.00|0|005|355|||||6.125|0.00||||||||||||||||||||107000.00
F08Q10001452|200808|107000.00|0|006|354|||||6.125|0.00||||||||||||||||||||107000.00
F08Q10001452|200809|107253.85|0|007|353|||||6.125|0.00||||||||||||||||||||107253.85
F08Q10001452|200810|107145.07|0|008|352|||||6.125|0.00||||||||||||||||||||107145.07
F08Q10001452|200811|107035.74|0|009|351|||||6.125|0.00||||||||||||||||||||107035.74
F08Q10001452|200812|106925.85|0|010|350|||||6.125|0.00||||||||||||||||||||106925.85
F08Q10001452|200901|106815.40|0|011|349|||||6.125|0.00||||||||||||||||||||106815.40
F08Q10001452|200902|106704.38|0|012|348|||||6.125|0.00||||||||||||||||||||106704.38
F08Q10001452|200903|106592.80|0|013|347|||||6.125|0.00||||||||||||||||||||106592.80
F08Q10001452|200904|106592.80|0|014|346|||||6.125|0.00||||||||||||||||||||106592.80
F08Q10001452|200905|106367.92|0|015|345|||||6.125|0.00||||||||||||||||||||106367.92
F08Q10001452|200906|106254.62|0|016|344|||||6.125|0.00||||||||||||||||||||106254.62
F08Q10001452|200907|106140.74|0|017|343|||||6.125|0.00||||||||||||||||||||106140.74
F08Q10001452|200908|106026.28|0|018|342|||||6.125|0.00||||||||||||||||||||106026.28
F08Q10001452|200909|105911.24|0|019|341|||||6.125|0.00||||||||||||||||||||105911.24
F08Q10001452|200910|105795.61|0|020|340|||||6.125|0.00||||||||||||||||||||105795.61
F08Q10001452|200911|105679.39|0|021|339|||||6.125|0.00||||||||||||||||||||105679.39
F08Q10001452|200912|105562.58|0|022|338|||||6.125|0.00||||||||||||||||||||105562.58
F08Q10001452|201001|105445.17|0|023|337|||||6.125|0.00||||||||||||||||||||105445.17
F08Q10001452|201002|105327.16|0|024|336|||||6.125|0.00||||||||||||||||||||105327.16
F08Q10001452|201003|105208.55|0|025|335|||||6.125|0.00||||||||||||||||||||105208.55
F08Q10001452|201004|105089.33|0|026|334|||||6.125|0.00||||||||||||||||||||105089.33
F08Q10001452|201005|105089.33|0|027|333|||||6.125|0.00||||||||||||||||||||105089.33
F08Q10001452|201006|104849.06|0|028|332|||||6.125|0.00||||||||||||||||||||104849.06
F08Q10001452|201007|104728.01|0|029|331|||||6.125|0.00||||||||||||||||||||104728.01
F08Q10001452|201008|104606.34|0|030|330|||||6.125|0.00||||||||||||||||||||104606.34
F08Q10001452|201009|104484.05|0|031|329|||||6.125|0.00||||||||||||||||||||104484.05
F08Q10001452|201010|104361.13|0|032|328|||||6.125|0.00||||||||||||||||||||104361.13
F08Q10001452|201011|104237.59|0|033|327|||||6.125|0.00||||||||||||||||||||104237.59
F08Q10001452|201012|104113.42|0|034|326|||||6.125|0.00||||||||||||||||||||104113.42
F08Q10001452|201101|103988.61|0|035|325|||||6.125|0.00||||||||||||||||||||103988.61
F08Q10001452|201102|103863.17|0|036|324|||||6.125|0.00||||||||||||||||||||103863.17
F08Q10001452|201103|103737.08|0|037|323|||||6.125|0.00||||||||||||||||||||103737.08
F08Q10001452|201104|103610.35|0|038|322|||||6.125|0.00||||||||||||||||||||103610.35
F08Q10001452|201105|103482.97|0|039|321|||||6.125|0.00||||||||||||||||||||103482.97
F08Q10001452|201106|103354.94|0|040|320|||||6.125|0.00||||||||||||||||||||103354.94
F08Q10001452|201107|103226.26|0|041|319|||||6.125|0.00||||||||||||||||||||103226.26
F08Q10001452|201108|103096.92|0|042|318|||||6.125|0.00||||||||||||||||||||103096.92
F08Q10001452|201109|102966.92|0|043|317|||||6.125|0.00||||||||||||||||||||102966.92
F08Q10001452|201110|102836.26|0|044|316|||||6.125|0.00||||||||||||||||||||102836.26
F08Q10001452|201111|102704.93|0|045|315|||||6.125|0.00||||||||||||||||||||102704.93
F08Q10001452|201112|102572.93|0|046|314|||||6.125|0.00||||||||||||||||||||102572.93
F08Q10001452|201201|102440.26|0|047|313|||||6.125|0.00||||||||||||||||||||102440.26
F08Q10001452|201202|102306.91|0|048|312|||||6.125|0.00||||||||||||||||||||102306.91
F08Q10001452|201203|102172.88|0|049|311|||||6.125|0.00||||||||||||||||||||102172.88
F08Q10001452|201204|102038.17|0|050|310|||||6.125|0.00||||||||||||||||||||102038.17
F08Q10001452|201205|101902.77|0|051|309|||||6.125|0.00||||||||||||||||||||101902.77
F08Q10001452|201206|101766.68|0|052|308|||||6.125|0.00||||||||||||||||||||101766.68
F08Q10001452|201207|101629.89|0|053|307|||||6.125|0.00||||||||||||||||||||101629.89
F08Q10001452|201208|0.00|0|054|306|||01|201208|6.125|0.00|||||||||||||||101629.89|||||0.00
F08Q10001474|200802|255000.00|0|000|360|||||6.125|0.00||||||||||||||||||||255000.00
F08Q10001474|200803|255000.00|0|001|359|||||6.125|0.00||||||||||||||||||||255000.00
F08Q10001474|200804|255000.00|0|002|358|||||6.125|0.00||||||||||||||||||||255000.00
F08Q10001474|200805|255000.00|0|003|357|||||6.125|0.00||||||||||||||||||||255000.00
F08Q10001474|200806|254000.00|0|004|356|||||6.125|0.00||||||||||||||||||||254000.00
F08Q10001474|200807|254000.00|0|005|355|||||6.125|0.00||||||||||||||||||||254000.00
F08Q10001474|200808|254000.00|0|006|354|||||6.125|0.00||||||||||||||||||||254000.00
F08Q10001474|200809|253536.22|0|007|353|||||6.125|0.00||||||||||||||||||||253536.22
F08Q10001474|200810|253279.08|0|008|352|||||6.125|0.00||||||||||||||||||||253279.08
F08Q10001474|200811|253020.63|0|009|351|||||6.125|0.00||||||||||||||||||||253020.63
F08Q10001474|200812|252760.86|0|010|350|||||6.125|0.00||||||||||||||||||||252760.86
F08Q10001474|200901|252499.76|0|011|349|||||6.125|0.00||||||||||||||||||||252499.76
F08Q10001474|200902|252237.33|0|012|348|||||6.125|0.00||||||||||||||||||||252237.33
F08Q10001474|200903|0.00|0|013|347|||01|200903|6.125|0.00|||||||||||||||252237.33|||||0.00
F08Q10001517|200802|76000.00|0|000|180|||||6.125|0.00||||||||||||||||||||76000.00
F08Q10001517|200803|76000.00|0|001|179|||||6.125|0.00||||||||||||||||||||76000.00
F08Q10001517|200804|75000.00|0|002|178|||||6.125|0.00||||||||||||||||||||75000.00
F08Q10001517|200805|75000.00|0|003|177|||||6.125|0.00||||||||||||||||||||75000.00
F08Q10001517|200806|75000.00|0|004|176|||||6.125|0.00||||||||||||||||||||75000.00
F08Q10001517|200807|75000.00|0|005|175|||||6.125|0.00||||||||||||||||||||75000.00
F08Q10001517|200808|74000.00|0|006|174|||||6.125|0.00||||||||||||||||||||74000.00
F08Q10001517|200809|74162.12|0|007|173|||||6.125|0.00||||||||||||||||||||74162.12
F08Q10001517|200810|73894.18|0|008|172|||||6.125|0.00||||||||||||||||||||73894.18
F08Q10001517|200811|73624.87|0|009|171|||||6.125|0.00||||||||||||||||||||73624.87
F08Q10001517|200812|73354.18|0|010|170|||||6.125|0.00||||||||||||||||||||73354.18
F08Q10001517|200901|73082.11|0|011|169|||||6.125|0.00||||||||||||||||||||73082.11
F08Q10001517|200902|72808.65|0|012|168|||||6.125|0.00||||||||||||||||||||72808.65
F08Q10001517|200903|72533.80|0|013|167|||||6.125|0.00||||||||||||||||||||72533.80
F08Q10001517|200904|72257.54|0|014|166|||||6.125|0.00||||||||||||||||||||72257.54
F08Q10001517|200905|71979.87|0|015|165|||||6.125|0.00||||||||||||||||||||71979.87
F08Q10001517|200906|71700.79|0|016|164|||||6.125|0.00||||||||||||||||||||71700.79
F08Q10001517|200907|71420.28|0|017|163|||||6.125|0.00||||||||||||||||||||71420.28
F08Q10001517|200908|71138.34|0|018|162|||||6.125|0.00||||||||||||||||||||71138.34
F08Q10001517|200909|70854.96|0|019|161|||||6.125|0.00||||||||||||||||||||70854.96
F08Q10001517|200910|70570.14|0|020|160|||||6.125|0.00||||||||||||||||||||70570.14
F08Q10001517|200911|70283.86|0|021|159|||||6.125|0.00||||||||||||||||||||70283.86
F08Q10001517|200912|69996.12|0|022|158|||||6.125|0.00||||||||||||||||||||69996.12
F08Q10001517|201001|69706.91|0|023|157|||||6.125|0.00||||||||||||||||||||69706.91
F08Q10001517|201002|69416.23|0|024|156|||||6.125|0.00||||||||||||||||||||69416.23
F08Q10001517|201003|69124.06|0|025|155|||||6.125|0.00||||||||||||||||||||69124.06
F08Q10001517|201004|68830.40|0|026|154|||||6.125|0.00||||||||||||||||||||68830.40
F08Q10001517|201005|68535.24|0|027|153|||||6.125|0.00||||||||||||||||||||68535.24
F08Q10001517|201006|68238.58|0|028|152|||||6.125|0.00||||||||||||||||||||68238.58
F08Q10001517|201007|67940.40|0|029|151|||||6.125|0.00||||||||||||||||||||67940.40
F08Q10001517|201008|67640.70|0|030|150|||||6.125|0.00||||||||||||||||||||67640.70
F08Q10001517|201009|67339.47|0|031|149|||||6.125|0.00||||||||||||||||||||67339.47
F08Q10001517|201010|67036.70|0|032|148|||||6.125|0.00||||||||||||||||||||67036.70
F08Q10001517|201011|66732.39|0|033|147|||||6.125|0.00||||||||||||||||||||66732.39
F08Q10001517|201012|0.00|0|034|146|||01|201012|6.125|0.00|||||||||||||||66732.39|||||0.00
F08Q10001525|200802|100000.00|0|000|360|||||6.375|0.00||||||||||||||||||||100000.00
F08Q10001525|200803|100000.00|0|001|359|||||6.375|0.00||||||||||||||||||||100000.00
F08Q10001525|200804|100000.00|0|002|358|||||6.375|0.00||||||||||||||||||||100000.00
F08Q10001525|200805|100000.00|0|003|357|||||6.375|0.00||||||||||||||||||||100000.00
F08Q10001525|200806|100000.00|0|004|356|||||6.375|0.00||||||||||||||||||||100000.00
F08Q10001525|200807|100000.00|0|005|355|||||6.375|0.00||||||||||||||||||||100000.00
F08Q10001525|200808|99000.00|0|006|354|||||6.375|0.00||||||||||||||||||||99000.00
F08Q10001525|200809|99341.24|0|007|353|||||6.375|0.00||||||||||||||||||||99341.24
F08Q10001525|200810|99245.12|0|008|352|||||6.375|0.00||||||||||||||||||||99245.12
F08Q10001525|200811|99245.12|0|009|351|||||6.375|0.00||||||||||||||||||||99245.12
F08Q10001525|200812|99051.35|0|010|350|||||6.375|0.00||||||||||||||||||||99051.35
F08Q10001525|200901|98953.69|0|011|349|||||6.375|0.00||||||||||||||||||||98953.69
F08Q10001525|200902|0.00|0|012|348|||01|200902|6.375|0.00|||||||||||||||98953.69|||||0.00
F08Q10001549|200801|399000.00|0|000|360|||||7.250|0.00||||||||||||||||||||399000.00
F08Q10001549|200802|399000.00|0|001|359|||||7.250|0.00||||||||||||||||||||399000.00
F08Q10001549|200803|398000.00|0|002|358|||||7.250|0.00||||||||||||||||||||398000.00
F08Q10001549|200804|398000.00|0|003|357|||||7.250|0.00||||||||||||||||||||398000.00
F08Q10001549|200805|398000.00|0|004|356|||||7.250|0.00||||||||||||||||||||398000.00
F08Q10001549|200806|394000.00|0|005|355|||||7.250|0.00||||||||||||||||||||394000.00
F08Q10001549|200807|377000.00|0|006|354|||||7.250|0.00||||||||||||||||||||377000.00
F08Q10001549|200808|363558.97|0|007|353|||||7.250|0.00||||||||||||||||||||363558.97
F08Q10001549|200809|363033.58|0|008|352|||||7.250|0.00||||||||||||||||||||363033.58
F08Q10001549|200810|362505.02|0|009|351|||||7.250|0.00||||||||||||||||||||362505.02
F08Q10001549|200811|361973.26|0|010|350|||||7.250|0.00||||||||||||||||||||361973.26
F08Q10001549|200812|361438.29|0|011|349|||||7.250|0.00||||||||||||||||||||361438.29
F08Q10001549|200901|360900.09|0|012|348|||||7.250|0.00||||||||||||||||||||360900.09
F08Q10001549|200902|360358.64|0|013|347|||||7.250|0.00||||||||||||||||||||360358.64
F08Q10001549|200903|359813.92|0|014|346|||||7.250|0.00||||||||||||||||||||359813.92
F08Q10001549|200904|352951.64|0|015|345|||||7.250|0.00||||||||||||||||||||352951.64
F08Q10001549|200905|352362.17|0|016|344|||||7.250|0.00||||||||||||||||||||352362.17
F08Q10001549|200906|351769.13|0|017|343|||||7.250|0.00||||||||||||||||||||351769.13
F08Q10001549|200907|351172.51|0|018|342|||||7.250|0.00||||||||||||||||||||351172.51
F08Q10001549|200908|350572.29|0|019|341|||||7.250|0.00||||||||||||||||||||350572.29
F08Q10001549|200909|349968.44|0|020|340|||||7.250|0.00||||||||||||||||||||349968.44
F08Q10001549|200910|349360.94|0|021|339|||||7.250|0.00||||||||||||||||||||349360.94
F08Q10001549|200911|348749.77|0|022|338|||||7.250|0.00||||||||||||||||||||348749.77
F08Q10001549|200912|348134.91|0|023|337|||||7.250|0.00||||||||||||||||||||348134.91
F08Q10001549|201001|347516.34|0|024|336|||||7.250|0.00||||||||||||||||||||347516.34
F08Q10001549|201002|346894.03|0|025|335|||||7.250|0.00||||||||||||||||||||346894.03
F08Q10001549|201003|346267.96|0|026|334|||||7.250|0.00||||||||||||||||||||346267.96
F08Q10001549|201004|345638.11|0|027|333|||||7.250|0.00||||||||||||||||||||345638.11
F08Q10001549|201005|345004.45|0|028|332|||||7.250|0.00||||||||||||||||||||345004.45
F08Q10001549|201006|344366.96|0|029|331|||||7.250|0.00||||||||||||||||||||344366.96
F08Q10001549|201007|343725.62|0|030|330|||||7.250|0.00||||||||||||||||||||343725.62
F08Q10001549|201008|343080.41|0|031|329|||||7.250|0.00||||||||||||||||||||343080.41
F08Q10001549|201009|342431.30|0|032|328|||||7.250|0.00||||||||||||||||||||342431.30
F08Q10001549|201010|341778.27|0|033|327|||||7.250|0.00||||||||||||||||||||341778.27
F08Q10001549|201011|341121.29|0|034|326|||||7.250|0.00||||||||||||||||||||341121.29
F08Q10001549|201012|340460.34|0|035|325|||||7.250|0.00||||||||||||||||||||340460.34
F08Q10001549|201101|339795.40|0|036|324|||||7.250|0.00||||||||||||||||||||339795.40
F08Q10001549|201102|339126.44|0|037|323|||||7.250|0.00||||||||||||||||||||339126.44
F08Q10001549|201103|338453.44|0|038|322|||||7.250|0.00||||||||||||||||||||338453.44
F08Q10001549|201104|337776.37|0|039|321|||||7.250|0.00||||||||||||||||||||337776.37
F08Q10001549|201105|337095.21|0|040|320|||||7.250|0.00||||||||||||||||||||337095.21
F08Q10001549|201106|336409.94|0|041|319|||||7.250|0.00||||||||||||||||||||336409.94
F08Q10001549|201107|335720.53|0|042|318|||||7.250|0.00||||||||||||||||||||335720.53
F08Q10001549|201108|335720.53|0|043|317|||||7.250|0.00||||||||||||||||||||335720.53
F08Q10001549|201109|0.00|0|044|316|||01|201109|7.250|0.00|||||||||||||||335720.53|||||0.00
F08Q10001567|200801|291000.00|0|000|360|||||5.875|0.00||||||||||||||||||||291000.00
F08Q10001567|200802|291000.00|0|001|359|||||5.875|0.00||||||||||||||||||||291000.00
F08Q10001567|200803|290000.00|0|002|358|||||5.875|0.00||||||||||||||||||||290000.00
F08Q10001567|200804|290000.00|0|003|357|||||5.875|0.00||||||||||||||||||||290000.00
F08Q10001567|200805|290000.00|0|004|356|||||5.875|0.00||||||||||||||||||||290000.00
F08Q10001567|200806|289000.00|0|005|355|||||5.875|0.00||||||||||||||||||||289000.00
F08Q10001567|200807|289000.00|0|006|354|||||5.875|0.00||||||||||||||||||||289000.00
F08Q10001567|200808|288693.90|0|007|353|||||5.875|0.00||||||||||||||||||||288693.90
F08Q10001567|200809|288693.90|0|008|352|||||5.875|0.00||||||||||||||||||||288693.90
F08Q10001567|200810|288387.11|1|009|351|||||5.875|0.00||||||||||||||||||||288387.11
F08Q10001567|200811|288078.82|0|010|350|||||5.875|0.00||||||||||||||||||||288078.82
F08Q10001567|200812|287457.70|0|011|349|||||5.875|0.00||||||||||||||||||||287457.70
F08Q10001567|200901|287144.85|0|012|348|||||5.875|0.00||||||||||||||||||||287144.85
F08Q10001567|200902|286830.47|0|013|347|||||5.875|0.00||||||||||||||||||||286830.47
F08Q10001567|200903|286514.55|0|014|346|||||5.875|0.00||||||||||||||||||||286514.55
F08Q10001567|200904|286197.09|0|015|345|||||5.875|0.00||||||||||||||||||||286197.09
F08Q10001567|200905|285878.07|0|016|344|||||5.875|0.00||||||||||||||||||||285878.07
F08Q10001567|200906|285878.07|0|017|343|||||5.875|0.00||||||||||||||||||||285878.07
F08Q10001567|200907|285235.34|0|018|342|||||5.875|0.00||||||||||||||||||||285235.34
F08Q10001567|200908|284911.61|0|019|341|||||5.875|0.00||||||||||||||||||||284911.61
F08Q10001567|200909|284586.30|0|020|340|||||5.875|0.00||||||||||||||||||||284586.30
F08Q10001567|200910|284586.30|0|021|339|||||5.875|0.00||||||||||||||||||||284586.30
F08Q10001567|200911|284259.40|0|022|338|||||5.875|0.00||||||||||||||||||||284259.40
F08Q10001567|200912|283600.79|0|023|337|||||5.875|0.00||||||||||||||||||||283600.79
F08Q10001567|201001|283269.06|0|024|336|||||5.875|0.00||||||||||||||||||||283269.06
F08Q10001567|201002|282935.71|0|025|335|||||5.875|0.00||||||||||||||||||||282935.71
F08Q10001567|201003|282600.73|0|026|334|||||5.875|0.00||||||||||||||||||||282600.73
F08Q10001567|201004|282600.73|0|027|333|||||5.875|0.00||||||||||||||||||||282600.73
F08Q10001567|201005|281925.84|0|028|332|||||5.875|0.00||||||||||||||||||||281925.84
F08Q10001567|201006|281585.91|0|029|331|||||5.875|0.00||||||||||||||||||||281585.91
F08Q10001567|201007|281244.32|0|030|330|||||5.875|0.00||||||||||||||||||||281244.32
F08Q10001567|201008|280901.06|0|031|329|||||5.875|0.00||||||||||||||||||||280901.06
F08Q10001567|201009|280556.11|0|032|328|||||5.875|0.00||||||||||||||||||||280556.11
F08Q10001567|201010|280209.48|0|033|327|||||5.875|0.00||||||||||||||||||||280209.48
F08Q10001567|201011|279861.15|0|034|326|||||5.875|0.00||||||||||||||||||||279861.15
F08Q10001567|201012|279511.11|0|035|325|||||5.875|0.00||||||||||||||||||||279511.11
F08Q10001567|201101|279159.36|0|036|324|||||5.875|0.00||||||||||||||||||||279159.36
F08Q10001567|201102|278805.89|0|037|323|||||5.875|0.00||||||||||||||||||||278805.89
F08Q10001567|201103|278450.69|0|038|322|||||5.875|0.00||||||||||||||||||||278450.69
F08Q10001567|201104|278093.75|0|039|321|||||5.875|0.00||||||||||||||||||||278093.75
F08Q10001567|201105|277735.06|0|040|320|||||5.875|0.00||||||||||||||||||||277735.06
F08Q10001567|201106|277735.06|0|041|319|||||5.875|0.00||||||||||||||||||||277735.06
F08Q10001567|201107|277012.40|0|042|318|||||5.875|0.00||||||||||||||||||||277012.40
F08Q10001567|201108|0.00|0|043|317|||01|201108|5.875|0.00|||||||||||||||277012.40|||||0.00
F08Q10001707|200802|164000.00|0|000|360|||||6.250|0.00||||||||||||||||||||164000.00
F08Q10001707|200803|164000.00|0|001|359|||||6.250|0.00||||||||||||||||||||164000.00
F08Q10001707|200804|164000.00|0|002|358|||||6.250|0.00||||||||||||||||||||164000.00
F08Q10001707|200805|164000.00|0|003|357|||||6.250|0.00||||||||||||||||||||164000.00
F08Q10001707|200806|164000.00|0|004|356|||||6.250|0.00||||||||||||||||||||164000.00
F08Q10001707|200807|163000.00|0|005|355|||||6.250|0.00||||||||||||||||||||163000.00
F08Q10001707|200808|163000.00|0|006|354|||||6.250|0.00||||||||||||||||||||163000.00
F08Q10001707|200809|162817.76|0|007|353|||||6.250|0.00||||||||||||||||||||162817.76
F08Q10001707|200810|162817.76|0|008|352|||||6.250|0.00||||||||||||||||||||162817.76
F08Q10001707|200811|162107.19|0|009|351|||||6.250|0.00||||||||||||||||||||162107.19
F08Q10001707|200812|161941.72|0|010|350|||||6.250|0.00||||||||||||||||||||161941.72
F08Q10001707|200901|161775.39|0|011|349|||||6.250|0.00||||||||||||||||||||161775.39
F08Q10001707|200902|161608.19|0|012|348|||||6.250|0.00||||||||||||||||||||161608.19
F08Q10001707|200903|161440.12|0|013|347|||||6.250|0.00||||||||||||||||||||161440.12
F08Q10001707|200904|161271.17|0|014|346|||||6.250|0.00||||||||||||||||||||161271.17
F08Q10001707|200905|161101.34|0|015|345|||||6.250|0.00||||||||||||||||||||161101.34
F08Q10001707|200906|160930.63|0|016|344|||||6.250|0.00||||||||||||||||||||160930.63
F08Q10001707|200907|160759.03|0|017|343|||||6.250|0.00||||||||||||||||||||160759.03
F08Q10001707|200908|160586.54|0|018|342|||||6.250|0.00||||||||||||||||||||160586.54
F08Q10001707|200909|160413.15|0|019|341|||||6.250|0.00||||||||||||||||||||160413.15
F08Q10001707|200910|0.00|0|020|340|||01|200910|6.250|0.00|||||||||||||||160413.15|||||0.00
F08Q10001722|200802|188000.00|0|000|360|||||6.000|0.00||||||||||||||||||||188000.00
F08Q10001722|200803|188000.00|0|001|359|||||6.000|0.00||||||||||||||||||||188000.00
F08Q10001722|200804|188000.00|0|002|358|||||6.000|0.00||||||||||||||||||||188000.00
F08Q10001722|200805|187000.00|0|003|357|||||6.000|0.00||||||||||||||||||||187000.00
F08Q10001722|200806|187000.00|0|004|356|||||6.000|0.00||||||||||||||||||||187000.00
F08Q10001722|200807|187000.00|0|005|355|||||6.000|0.00||||||||||||||||||||187000.00
F08Q10001722|200808|187000.00|0|006|354|||||6.000|0.00||||||||||||||||||||187000.00
F08Q10001722|200809|186670.12|0|007|353|||||6.000|0.00||||||||||||||||||||186670.12
F08Q10001722|200810|186476.32|0|008|352|||||6.000|0.00||||||||||||||||||||186476.32
F08Q10001722|200811|186281.55|0|009|351|||||6.000|0.00||||||||||||||||||||186281.55
F08Q10001722|200812|186085.81|0|010|350|||||6.000|0.00||||||||||||||||||||186085.81
F08Q10001722|200901|185889.09|0|011|349|||||6.000|0.00||||||||||||||||||||185889.09
F08Q10001722|200902|185691.39|0|012|348|||||6.000|0.00||||||||||||||||||||185691.39
F08Q10001722|200903|0.00|0|013|347|||01|200903|6.000|0.00|||||||||||||||185691.39|||||0.00
F08Q10001742|200803|188000.00|0|000|360|||||5.625|0.00||||||||||||||||||||188000.00
F08Q10001742|200804|188000.00|0|001|359|||||5.625|0.00||||||||||||||||||||188000.00
F08Q10001742|200805|187000.00|0|002|358|||||5.625|0.00||||||||||||||||||||187000.00
F08Q10001742|200806|187000.00|0|003|357|||||5.625|0.00||||||||||||||||||||187000.00
F08Q10001742|200807|187000.00|0|004|356|||||5.625|0.00||||||||||||||||||||187000.00
F08Q10001742|200808|187000.00|0|005|355|||||5.625|0.00||||||||||||||||||||187000.00
F08Q10001742|200809|187000.00|0|006|354|||||5.625|0.00||||||||||||||||||||187000.00
F08Q10001742|200810|186574.02|0|007|353|||||5.625|0.00||||||||||||||||||||186574.02
F08Q10001742|200811|186160.11|0|008|352|||||5.625|0.00||||||||||||||||||||186160.11
F08Q10001742|200812|185951.70|0|009|351|||||5.625|0.00||||||||||||||||||||185951.70
F08Q10001742|200901|185742.31|0|010|350|||||5.625|0.00||||||||||||||||||||185742.31
F08Q10001742|200902|185531.94|0|011|349|||||5.625|0.00||||||||||||||||||||185531.94
F08Q10001742|200903|185320.58|0|012|348|||||5.625|0.00||||||||||||||||||||185320.58
F08Q10001742|200904|185108.23|0|013|347|||||5.625|0.00||||||||||||||||||||185108.23
F08Q10001742|200905|184894.88|0|014|346|||||5.625|0.00||||||||||||||||||||184894.88
F08Q10001742|200906|184680.53|0|015|345|||||5.625|0.00||||||||||||||||||||184680.53
F08Q10001742|200907|184465.18|0|016|344|||||5.625|0.00||||||||||||||||||||184465.18
F08Q10001742|200908|184465.18|0|017|343|||||5.625|0.00||||||||||||||||||||184465.18
F08Q10001742|200909|184031.45|0|018|342|||||5.625|0.00||||||||||||||||||||184031.45
F08Q10001742|200910|184031.45|0|019|341|||||5.625|0.00||||||||||||||||||||184031.45
F08Q10001742|200911|183593.64|0|020|340|||||5.625|0.00||||||||||||||||||||183593.64
F08Q10001742|200912|183373.20|0|021|339|||||5.625|0.00||||||||||||||||||||183373.20
F08Q10001742|201001|183151.72|0|022|338|||||5.625|0.00||||||||||||||||||||183151.72
F08Q10001742|201002|182929.20|0|023|337|||||5.625|0.00||||||||||||||||||||182929.20
F08Q10001742|201003|182705.64|0|024|336|||||5.625|0.00||||||||||||||||||||182705.64
F08Q10001742|201004|182481.03|0|025|335|||||5.625|0.00||||||||||||||||||||182481.03
F08Q10001742|201005|182255.37|0|026|334|||||5.625|0.00||||||||||||||||||||182255.37
F08Q10001742|201006|182255.37|0|027|333|||||5.625|0.00||||||||||||||||||||182255.37
F08Q10001742|201007|181800.87|0|028|332|||||5.625|0.00||||||||||||||||||||181800.87
F08Q10001742|201008|181572.02|0|029|331|||||5.625|0.00||||||||||||||||||||181572.02
F08Q10001742|201009|181342.10|0|030|330|||||5.625|0.00||||||||||||||||||||181342.10
F08Q10001742|201010|181342.10|0|031|329|||||5.625|0.00||||||||||||||||||||181342.10
F08Q10001742|201011|181111.10|0|032|328|||||5.625|0.00||||||||||||||||||||181111.10
F08Q10001742|201012|180645.85|0|033|327|||||5.625|0.00||||||||||||||||||||180645.85
F08Q10001742|201101|180411.59|0|034|326|||||5.625|0.00||||||||||||||||||||180411.59
F08Q10001742|201102|180176.23|0|035|325|||||5.625|0.00||||||||||||||||||||180176.23
F08Q10001742|201103|179939.77|0|036|324|||||5.625|0.00||||||||||||||||||||179939.77
F08Q10001742|201104|179702.20|0|037|323|||||5.625|0.00||||||||||||||||||||179702.20
F08Q10001742|201105|179463.51|0|038|322|||||5.625|0.00||||||||||||||||||||179463.51
F08Q10001742|201106|179223.71|0|039|321|||||5.625|0.00||||||||||||||||||||179223.71
F08Q10001742|201107|178982.78|0|040|320|||||5.625|0.00||||||||||||||||||||178982.78
F08Q10001742|201108|178982.78|0|041|319|||||5.625|0.00||||||||||||||||||||178982.78
F08Q10001742|201109|178740.72|0|042|318|||||5.625|0.00||||||||||||||||||||178740.72
F08Q10001742|201110|178253.20|0|043|317|||||5.625|0.00||||||||||||||||||||178253.20
F08Q10001742|201111|178007.72|0|044|316|||||5.625|0.00||||||||||||||||||||178007.72
F08Q10001742|201112|177761.09|0|045|315|||||5.625|0.00||||||||||||||||||||177761.09
F08Q10001742|201201|177513.31|0|046|314|||||5.625|0.00||||||||||||||||||||177513.31
F08Q10001742|201202|177264.36|0|047|313|||||5.625|0.00||||||||||||||||||||177264.36
F08Q10001742|201203|177264.36|0|048|312|||||5.625|0.00||||||||||||||||||||177264.36
F08Q10001742|201204|177014.25|0|049|311|||||5.625|0.00||||||||||||||||||||177014.25
F08Q10001742|201205|176762.96|0|050|310|||||5.625|0.00||||||||||||||||||||176762.96
F08Q10001742|201206|176256.85|0|051|309|||||5.625|0.00||||||||||||||||||||176256.85
F08Q10001742|201207|176002.01|0|052|308|||||5.625|0.00||||||||||||||||||||176002.01
F08Q10001742|201208|176002.01|0|053|307|||||5.625|0.00||||||||||||||||||||176002.01
F08Q10001742|201209|175488.75|0|054|306|||||5.625|0.00||||||||||||||||||||175488.75
F08Q10001742|201210|175488.75|0|055|305|||||5.625|0.00||||||||||||||||||||175488.75
F08Q10001742|201211|174970.66|0|056|304|||||5.625|0.00||||||||||||||||||||174970.66
F08Q10001742|201212|174709.79|0|057|303|||||5.625|0.00||||||||||||||||||||174709.79
F08Q10001742|201301|174447.70|0|058|302|||||5.625|0.00||||||||||||||||||||174447.70
F08Q10001742|201302|174184.38|0|059|301|||||5.625|0.00||||||||||||||||||||174184.38
F08Q10001742|201303|173900.81|0|060|300|||||5.625|0.00||||||||||||||||||||173900.81
F08Q10001742|201304|173615.91|0|061|299|||||5.625|0.00||||||||||||||||||||173615.91
F08Q10001742|201305|173329.67|0|062|298|||||5.625|0.00||||||||||||||||||||173329.67
F08Q10001742|201306|173042.09|0|063|297|||||5.625|0.00||||||||||||||||||||173042.09
F08Q10001742|201307|172753.16|0|064|296|||||5.625|0.00||||||||||||||||||||172753.16
F08Q10001742|201308|172462.88|0|065|295|||||5.625|0.00||||||||||||||||||||172462.88
F08Q10001742|201309|172171.24|0|066|294|||||5.625|0.00||||||||||||||||||||172171.24
F08Q10001742|201310|171878.23|0|067|293|||||5.625|0.00||||||||||||||||||||171878.23
F08Q10001742|201311|171583.85|0|068|292|||||5.625|0.00||||||||||||||||||||171583.85
F08Q10001742|201312|171288.09|0|069|291|||||5.625|0.00||||||||||||||||||||171288.09
F08Q10001742|201401|170990.94|0|070|290|||||5.625|0.00||||||||||||||||||||170990.94
F08Q10001742|201402|0.00|0|071|289|||01|201402|5.625|0.00|||||||||||||||170990.94|||||0.00
F08Q10001756|200802|85000.00|0|000|180|||||5.250|0.00||||||||||||||||||||85000.00
F08Q10001756|200803|85000.00|0|001|179|||||5.250|0.00||||||||||||||||||||85000.00
F08Q10001756|200804|84000.00|0|002|178|||||5.250|0.00||||||||||||||||||||84000.00
F08Q10001756|200805|84000.00|0|003|177|||||5.250|0.00||||||||||||||||||||84000.00
F08Q10001756|200806|84000.00|0|004|176|||||5.250|0.00||||||||||||||||||||84000.00
F08Q10001756|200807|83000.00|0|005|175|||||5.250|0.00||||||||||||||||||||83000.00
F08Q10001756|200808|83000.00|0|006|174|||||5.250|0.00||||||||||||||||||||83000.00
F08Q10001756|200809|82791.19|0|007|173|||||5.250|0.00||||||||||||||||||||82791.19
F08Q10001756|200810|82470.10|0|008|172|||||5.250|0.00||||||||||||||||||||82470.10
F08Q10001756|200811|82147.61|0|009|171|||||5.250|0.00||||||||||||||||||||82147.61
F08Q10001756|200812|81823.71|0|010|170|||||5.250|0.00||||||||||||||||||||81823.71
F08Q10001756|200901|81498.39|0|011|169|||||5.250|0.00||||||||||||||||||||81498.39
F08Q10001756|200902|81171.65|0|012|168|||||5.250|0.00||||||||||||||||||||81171.65
F08Q10001756|200903|80843.48|0|013|167|||||5.250|0.00||||||||||||||||||||80843.48
F08Q10001756|200904|80513.87|0|014|166|||||5.250|0.00||||||||||||||||||||80513.87
F08Q10001756|200905|80182.82|0|015|165|||||5.250|0.00||||||||||||||||||||80182.82
F08Q10001756|200906|79850.32|0|016|164|||||5.250|0.00||||||||||||||||||||79850.32
F08Q10001756|200907|79516.37|0|017|163|||||5.250|0.00||||||||||||||||||||79516.37
F08Q10001756|200908|79180.95|0|018|162|||||5.250|0.00||||||||||||||||||||79180.95
F08Q10001756|200909|78844.07|0|019|161|||||5.250|0.00||||||||||||||||||||78844.07
F08Q10001756|200910|78505.71|0|020|160|||||5.250|0.00||||||||||||||||||||78505.71
F08Q10001756|200911|78165.87|0|021|159|||||5.250|0.00||||||||||||||||||||78165.87
F08Q10001756|200912|77824.55|0|022|158|||||5.250|0.00||||||||||||||||||||77824.55
F08Q10001756|201001|77481.73|0|023|157|||||5.250|0.00||||||||||||||||||||77481.73
F08Q10001756|201002|77137.41|0|024|156|||||5.250|0.00||||||||||||||||||||77137.41
F08Q10001756|201003|76791.59|0|025|155|||||5.250|0.00||||||||||||||||||||76791.59
F08Q10001756|201004|76444.25|0|026|154|||||5.250|0.00||||||||||||||||||||76444.25
F08Q10001756|201005|76095.39|0|027|153|||||5.250|0.00||||||||||||||||||||76095.39
F08Q10001756|201006|75745.01|0|028|152|||||5.250|0.00||||||||||||||||||||75745.01
F08Q10001756|201007|75393.09|0|029|151|||||5.250|0.00||||||||||||||||||||75393.09
F08Q10001756|201008|75039.63|0|030|150|||||5.250|0.00||||||||||||||||||||75039.63
F08Q10001756|201009|74684.63|0|031|149|||||5.250|0.00||||||||||||||||||||74684.63
F08Q10001756|201010|74328.08|0|032|148|||||5.250|0.00||||||||||||||||||||74328.08
F08Q10001756|201011|73969.97|0|033|147|||||5.250|0.00||||||||||||||||||||73969.97
F08Q10001756|201012|73610.29|0|034|146|||||5.250|0.00||||||||||||||||||||73610.29
F08Q10001756|201101|73249.04|0|035|145|||||5.250|0.00||||||||||||||||||||73249.04
F08Q10001756|201102|72886.20|0|036|144|||||5.250|0.00||||||||||||||||||||72886.20
F08Q10001756|201103|72521.78|0|037|143|||||5.250|0.00||||||||||||||||||||72521.78
F08Q10001756|201104|72155.76|0|038|142|||||5.250|0.00||||||||||||||||||||72155.76
F08Q10001756|201105|71788.14|0|039|141|||||5.250|0.00||||||||||||||||||||71788.14
F08Q10001756|201106|71418.91|0|040|140|||||5.250|0.00||||||||||||||||||||71418.91
F08Q10001756|201107|71048.07|0|041|139|||||5.250|0.00||||||||||||||||||||71048.07
F08Q10001756|201108|70675.61|0|042|138|||||5.250|0.00||||||||||||||||||||70675.61
F08Q10001756|201109|70301.52|0|043|137|||||5.250|0.00||||||||||||||||||||70301.52
F08Q10001756|201110|69925.79|0|044|136|||||5.250|0.00||||||||||||||||||||69925.79
F08Q10001756|201111|69548.42|0|045|135|||||5.250|0.00||||||||||||||||||||69548.42
F08Q10001756|201112|69169.39|0|046|134|||||5.250|0.00||||||||||||||||||||69169.39
F08Q10001756|201201|68788.71|0|047|133|||||5.250|0.00||||||||||||||||||||68788.71
F08Q10001756|201202|68406.36|0|048|132|||||5.250|0.00||||||||||||||||||||68406.36
F08Q10001756|201203|68022.34|0|049|131|||||5.250|0.00||||||||||||||||||||68022.34
F08Q10001756|201204|67636.64|0|050|130|||||5.250|0.00||||||||||||||||||||67636.64
F08Q10001756|201205|67049.25|0|051|129|||||5.250|0.00||||||||||||||||||||67049.25
F08Q10001756|201206|66559.29|0|052|128|||||5.250|0.00||||||||||||||||||||66559.29
F08Q10001756|201207|66067.19|0|053|127|||||5.250|0.00||||||||||||||||||||66067.19
F08Q10001756|201208|65572.93|0|054|126|||||5.250|0.00||||||||||||||||||||65572.93
F08Q10001756|201209|65076.51|0|055|125|||||5.250|0.00||||||||||||||||||||65076.51
F08Q10001756|201210|64577.92|0|056|124|||||5.250|0.00||||||||||||||||||||64577.92
F08Q10001756|201211|64077.15|0|057|123|||||5.250|0.00||||||||||||||||||||64077.15
F08Q10001756|201212|63574.19|0|058|122|||||5.250|0.00||||||||||||||||||||63574.19
F08Q10001756|201301|63069.03|0|059|121|||||5.250|0.00||||||||||||||||||||63069.03
F08Q10001756|201302|62561.66|0|060|120|||||5.250|0.00||||||||||||||||||||62561.66
F08Q10001756|201303|62052.07|0|061|119|||||5.250|0.00||||||||||||||||||||62052.07
F08Q10001756|201304|61540.25|0|062|118|||||5.250|0.00||||||||||||||||||||61540.25
F08Q10001756|201305|61026.19|0|063|117|||||5.250|0.00||||||||||||||||||||61026.19
F08Q10001756|201306|60509.88|0|064|116|||||5.250|0.00||||||||||||||||||||60509.88
F08Q10001756|201307|59991.31|0|065|115|||||5.250|0.00||||||||||||||||||||59991.31
F08Q10001756|201308|59470.47|0|066|114|||||5.250|0.00||||||||||||||||||||59470.47
F08Q10001756|201309|58947.35|0|067|113|||||5.250|0.00||||||||||||||||||||58947.35
F08Q10001756|201310|58421.94|0|068|112|||||5.250|0.00||||||||||||||||||||58421.94
F08Q10001756|201311|0.00|0|069|111|||01|201311|5.250|0.00|||||||||||||||58421.94|||||0.00
F08Q10001767|200802|51000.00|0|000|360|||||6.000|0.00||||||||||||||||||||51000.00
F08Q10001767|200803|51000.00|0|001|359|||||6.000|0.00||||||||||||||||||||51000.00
F08Q10001767|200804|51000.00|0|002|358|||||6.000|0.00||||||||||||||||||||51000.00
F08Q10001767|200805|51000.00|0|003|357|||||6.000|0.00||||||||||||||||||||51000.00
F08Q10001767|200806|50000.00|0|004|356|||||6.000|0.00||||||||||||||||||||50000.00
F08Q10001767|200807|50000.00|0|005|355|||||6.000|0.00||||||||||||||||||||50000.00
F08Q10001767|200808|50000.00|0|006|354|||||6.000|0.00||||||||||||||||||||50000.00
F08Q10001767|200809|49969.66|0|007|353|||||6.000|0.00||||||||||||||||||||49969.66
F08Q10001767|200810|49819.51|0|008|352|||||6.000|0.00||||||||||||||||||||49819.51
F08Q10001767|200811|49668.61|0|009|351|||||6.000|0.00||||||||||||||||||||49668.61
F08Q10001767|200812|49516.95|0|010|350|||||6.000|0.00||||||||||||||||||||49516.95
F08Q10001767|200901|49269.84|0|011|349|||||6.000|0.00||||||||||||||||||||49269.84
F08Q10001767|200902|49210.66|0|012|348|||||6.000|0.00||||||||||||||||||||49210.66
F08Q10001767|200903|49056.49|0|013|347|||||6.000|0.00||||||||||||||||||||49056.49
F08Q10001767|200904|48901.55|0|014|346|||||6.000|0.00||||||||||||||||||||48901.55
F08Q10001767|200905|0.00|0|015|345|||01|200905|6.000|0.00|||||||||||||||48901.55|||||0.00
F08Q10001776|200803|60000.00|0|000|360|||||6.000|0.00||||||||||||||||||||60000.00
F08Q10001776|200804|60000.00|0|001|359|||||6.000|0.00||||||||||||||||||||60000.00
F08Q10001776|200805|60000.00|0|002|358|||||6.000|0.00||||||||||||||||||||60000.00
F08Q10001776|200806|60000.00|0|003|357|||||6.000|0.00||||||||||||||||||||60000.00
F08Q10001776|200807|60000.00|0|004|356|||||6.000|0.00||||||||||||||||||||60000.00
F08Q10001776|200808|60000.00|0|005|355|||||6.000|0.00||||||||||||||||||||60000.00
F08Q10001776|200809|60000.00|0|006|354|||||6.000|0.00||||||||||||||||||||60000.00
F08Q10001776|200810|59575.57|0|007|353|||||6.000|0.00||||||||||||||||||||59575.57
F08Q10001776|200811|59513.72|0|008|352|||||6.000|0.00||||||||||||||||||||59513.72
F08Q10001776|200812|59451.56|0|009|351|||||6.000|0.00||||||||||||||||||||59451.56
F08Q10001776|200901|59389.09|0|010|350|||||6.000|0.00||||||||||||||||||||59389.09
F08Q10001776|200902|59326.31|0|011|349|||||6.000|0.00||||||||||||||||||||59326.31
F08Q10001776|200903|59263.21|0|012|348|||||6.000|0.00||||||||||||||||||||59263.21
F08Q10001776|200904|59199.80|0|013|347|||||6.000|0.00||||||||||||||||||||59199.80
F08Q10001776|200905|59136.07|0|014|346|||||6.000|0.00||||||||||||||||||||59136.07
F08Q10001776|200906|59072.02|0|015|345|||||6.000|0.00||||||||||||||||||||59072.02
F08Q10001776|200907|59007.65|0|016|344|||||6.000|0.00||||||||||||||||||||59007.65
F08Q10001776|200908|58942.96|0|017|343|||||6.000|0.00||||||||||||||||||||58942.96
F08Q10001776|200909|58877.94|0|018|342|||||6.000|0.00||||||||||||||||||||58877.94
F08Q10001776|200910|58812.60|0|019|341|||||6.000|0.00||||||||||||||||||||58812.60
F08Q10001776|200911|58746.93|0|020|340|||||6.000|0.00||||||||||||||||||||58746.93
F08Q10001776|200912|58680.94|0|021|339|||||6.000|0.00||||||||||||||||||||58680.94
F08Q10001776|201001|58614.62|0|022|338|||||6.000|0.00||||||||||||||||||||58614.62
F08Q10001776|201002|58547.96|0|023|337|||||6.000|0.00||||||||||||||||||||58547.96
F08Q10001776|201003|58480.97|0|024|336|||||6.000|0.00||||||||||||||||||||58480.97
F08Q10001776|201004|58413.64|0|025|335|||||6.000|0.00||||||||||||||||||||58413.64
F08Q10001776|201005|58345.98|0|026|334|||||6.000|0.00||||||||||||||||||||58345.98
F08Q10001776|201006|58277.98|0|027|333|||||6.000|0.00||||||||||||||||||||58277.98
F08Q10001776|201007|58209.64|0|028|332|||||6.000|0.00||||||||||||||||||||58209.64
F08Q10001776|201008|58140.96|0|029|331|||||6.000|0.00||||||||||||||||||||58140.96
F08Q10001776|201009|58071.94|0|030|330|||||6.000|0.00||||||||||||||||||||58071.94
F08Q10001776|201010|58002.57|0|031|329|||||6.000|0.00||||||||||||||||||||58002.57
F08Q10001776|201011|57932.85|0|032|328|||||6.000|0.00||||||||||||||||||||57932.85
F08Q10001776|201012|57862.79|0|033|327|||||6.000|0.00||||||||||||||||||||57862.79
F08Q10001776|201101|57792.37|0|034|326|||||6.000|0.00||||||||||||||||||||57792.37
F08Q10001776|201102|57721.60|0|035|325|||||6.000|0.00||||||||||||||||||||57721.60
F08Q10001776|201103|57650.48|0|036|324|||||6.000|0.00||||||||||||||||||||57650.48
F08Q10001776|201104|57579.00|0|037|323|||||6.000|0.00||||||||||||||||||||57579.00
F08Q10001776|201105|57507.17|0|038|322|||||6.000|0.00||||||||||||||||||||57507.17
F08Q10001776|201106|57434.98|0|039|321|||||6.000|0.00||||||||||||||||||||57434.98
F08Q10001776|201107|57362.43|0|040|320|||||6.000|0.00||||||||||||||||||||57362.43
F08Q10001776|201108|57289.51|0|041|319|||||6.000|0.00||||||||||||||||||||57289.51
F08Q10001776|201109|57216.23|0|042|318|||||6.000|0.00||||||||||||||||||||57216.23
F08Q10001776|201110|57142.58|0|043|317|||||6.000|0.00||||||||||||||||||||57142.58
F08Q10001776|201111|57068.56|0|044|316|||||6.000|0.00||||||||||||||||||||57068.56
F08Q10001776|201112|56994.17|0|045|315|||||6.000|0.00||||||||||||||||||||56994.17
F08Q10001776|201201|56919.41|0|046|314|||||6.000|0.00||||||||||||||||||||56919.41
F08Q10001776|201202|56844.28|0|047|313|||||6.000|0.00||||||||||||||||||||56844.28
F08Q10001776|201203|56768.77|0|048|312|||||6.000|0.00||||||||||||||||||||56768.77
F08Q10001776|201204|56692.89|0|049|311|||||6.000|0.00||||||||||||||||||||56692.89
F08Q10001776|201205|56616.62|0|050|310|||||6.000|0.00||||||||||||||||||||56616.62
F08Q10001776|201206|56539.97|0|051|309|||||6.000|0.00||||||||||||||||||||56539.97
F08Q10001776|201207|56462.94|0|052|308|||||6.000|0.00||||||||||||||||||||56462.94
F08Q10001776|201208|56385.52|0|053|307|||||6.000|0.00||||||||||||||||||||56385.52
F08Q10001776|201209|56307.72|0|054|306|||||6.000|0.00||||||||||||||||||||56307.72
F08Q10001776|201210|56229.53|0|055|305|||||6.000|0.00||||||||||||||||||||56229.53
F08Q10001776|201211|56150.95|0|056|304|||||6.000|0.00||||||||||||||||||||56150.95
F08Q10001776|201212|56071.97|0|057|303|||||6.000|0.00||||||||||||||||||||56071.97
F08Q10001776|201301|55992.60|0|058|302|||||6.000|0.00||||||||||||||||||||55992.60
F08Q10001776|201302|55912.83|0|059|301|||||6.000|0.00||||||||||||||||||||55912.83
F08Q10001776|201303|55832.66|0|060|300|||||6.000|0.00||||||||||||||||||||55832.66
F08Q10001776|201304|55752.09|0|061|299|||||6.000|0.00||||||||||||||||||||55752.09
F08Q10001776|201305|55671.12|0|062|298|||||6.000|0.00||||||||||||||||||||55671.12
F08Q10001776|201306|55589.75|0|063|297|||||6.000|0.00||||||||||||||||||||55589.75
F08Q10001776|201307|55507.97|0|064|296|||||6.000|0.00||||||||||||||||||||55507.97
F08Q10001776|201308|55425.78|0|065|295|||||6.000|0.00||||||||||||||||||||55425.78
F08Q10001776|201309|55343.18|0|066|294|||||6.000|0.00||||||||||||||||||||55343.18
F08Q10001776|201310|55260.17|0|067|293|||||6.000|0.00||||||||||||||||||||55260.17
F08Q10001776|201311|55176.74|0|068|292|||||6.000|0.00||||||||||||||||||||55176.74
F08Q10001776|201312|55092.89|0|069|291|||||6.000|0.00||||||||||||||||||||55092.89
F08Q10001776|201401|55008.62|0|070|290|||||6.000|0.00||||||||||||||||||||55008.62
F08Q10001776|201402|54923.93|0|071|289|||||6.000|0.00||||||||||||||||||||54923.93
F08Q10001776|201403|54838.82|0|072|288|||||6.000|0.00||||||||||||||||||||54838.82
F08Q10001776|201404|54753.28|0|073|287|||||6.000|0.00||||||||||||||||||||54753.28
F08Q10001776|201405|54667.32|0|074|286|||||6.000|0.00||||||||||||||||||||54667.32
F08Q10001776|201406|54580.93|0|075|285|||||6.000|0.00||||||||||||||||||||54580.93
F08Q10001776|201407|54494.10|0|076|284|||||6.000|0.00||||||||||||||||||||54494.10
F08Q10001776|201408|54406.84|0|077|283|||||6.000|0.00||||||||||||||||||||54406.84
F08Q10001776|201409|54319.14|0|078|282|||||6.000|0.00||||||||||||||||||||54319.14
F08Q10001776|201410|54231.01|0|079|281|||||6.000|0.00||||||||||||||||||||54231.01
F08Q10001776|201411|54142.44|0|080|280|||||6.000|0.00||||||||||||||||||||54142.44
F08Q10001776|201412|54053.42|0|081|279|||||6.000|0.00||||||||||||||||||||54053.42
F08Q10001776|201501|53963.96|0|082|278|||||6.000|0.00||||||||||||||||||||53963.96
F08Q10001776|201502|53874.05|0|083|277|||||6.000|0.00||||||||||||||||||||53874.05
F08Q10001776|201503|53783.69|0|084|276|||||6.000|0.00||||||||||||||||||||53783.69
F08Q10001776|201504|53692.88|0|085|275|||||6.000|0.00||||||||||||||||||||53692.88
F08Q10001776|201505|53601.61|0|086|274|||||6.000|0.00||||||||||||||||||||53601.61
F08Q10001776|201506|53509.89|0|087|273|||||6.000|0.00||||||||||||||||||||53509.89
F08Q10001776|201507|53417.71|0|088|272|||||6.000|0.00||||||||||||||||||||53417.71
F08Q10001776|201508|53325.07|0|089|271|||||6.000|0.00||||||||||||||||||||53325.07
F08Q10001776|201509|53231.97|0|090|270|||||6.000|0.00||||||||||||||||||||53231.97
F08Q10001776|201510|53138.40|0|091|269|||||6.000|0.00||||||||||||||||||||53138.40
F08Q10001776|201511|53044.36|0|092|268|||||6.000|0.00||||||||||||||||||||53044.36
F08Q10001776|201512|52949.85|0|093|267|||||6.000|0.00||||||||||||||||||||52949.85
F08Q10001776|201601|52854.87|0|094|266|||||6.000|0.00||||||||||||||||||||52854.87
F08Q10001776|201602|52759.41|0|095|265|||||6.000|0.00||||||||||||||||||||52759.41
F08Q10001776|201603|52663.48|0|096|264|||||6.000|0.00||||||||||||||||||||52663.48
F08Q10001776|201604|52567.07|0|097|263|||||6.000|0.00||||||||||||||||||||52567.07
F08Q10001776|201605|52470.18|0|098|262|||||6.000|0.00||||||||||||||||||||52470.18
F08Q10001776|201606|52372.80|0|099|261|||||6.000|0.00||||||||||||||||||||52372.80
F08Q10001776|201607|52274.93|0|100|260|||||6.000|0.00||||||||||||||||||||52274.93
F08Q10001776|201608|52176.57|0|101|259|||||6.000|0.00||||||||||||||||||||52176.57
F08Q10001776|201609|52077.72|0|102|258|||||6.000|0.00||||||||||||||||||||52077.72
F08Q10001776|201610|51978.38|0|103|257|||||6.000|0.00||||||||||||||||||||51978.38
F08Q10001776|201611|51878.54|0|104|256|||||6.000|0.00||||||||||||||||||||51878.54
F08Q10001776|201612|51778.20|0|105|255|||||6.000|0.00||||||||||||||||||||51778.20
F08Q10001776|201701|51677.36|0|106|254|||||6.000|0.00||||||||||||||||||||51677.36
F08Q10001776|201702|51576.02|0|107|253|||||6.000|0.00||||||||||||||||||||51576.02
F08Q10001776|201703|51474.17|0|108|252|||||6.000|0.00||||||||||||||||||||51474.17
F08Q10001776|201704|51371.81|0|109|251|||||6.000|0.00||||||||||||||999||||||51371.81
F08Q10001776|201705|51268.94|0|110|250|||||6.000|0.00||||||||||||||999||||||51268.94
F08Q10001776|201706|51165.55|0|111|249|||||6.000|0.00||||||||||||||999||||||51165.55
F08Q10001776|201707|51061.65|0|112|248|||||6.000|0.00||||||||||||||999||||||51061.65
F08Q10001776|201708|50957.23|0|113|247|||||6.000|0.00||||||||||||||999||||||50957.23
F08Q10001776|201709|50852.29|0|114|246|||||6.000|0.00||||||||||||||999||||||50852.29
F08Q10001776|201710|50746.82|0|115|245|||||6.000|0.00||||||||||||||999||||||50746.82
F08Q10001776|201711|50640.82|0|116|244|||||6.000|0.00||||||||||||||999||||||50640.82
F08Q10001776|201712|50534.29|0|117|243|||||6.000|0.00||||||||||||||999||||||50534.29
F08Q10001776|201801|50427.23|0|118|242|||||6.000|0.00||||||||||||||999||||||50427.23
F08Q10001776|201802|50319.64|0|119|241|||||6.000|0.00||||||||||||||999||||||50319.64
F08Q10001776|201803|50211.51|0|120|240|||||6.000|0.00||||||||||||||999||||||50211.51
F08Q10001776|201804|50102.84|0|121|239|||||6.000|0.00||||||||||||||999||||||50102.84
F08Q10001776|201805|49993.62|0|122|238|||||6.000|0.00||||||||||||||999||||||49993.62
F08Q10001776|201806|49883.86|0|123|237|||||6.000|0.00||||||||||||||999||||||49883.86
F08Q10001776|201807|49773.55|0|124|236|||||6.000|0.00||||||||||||||999||||||49773.55
F08Q10001776|201808|49662.69|0|125|235|||||6.000|0.00||||||||||||||999||||||49662.69
F08Q10001776|201809|49520.12|0|126|234|||||6.000|0.00||||||||||||||999||||||49520.12
F08Q10001776|201810|49407.99|0|127|233|||||6.000|0.00||||||||||||||999||||||49407.99
F08Q10001776|201811|49295.30|0|128|232|||||6.000|0.00||||||||||||||999||||||49295.30
F08Q10001776|201812|49182.05|0|129|231|||||6.000|0.00||||||||||||||999||||||49182.05
F08Q10001776|201901|49068.23|0|130|230|||||6.000|0.00||||||||||||||999||||||49068.23
F08Q10001776|201902|48953.84|0|131|229|||||6.000|0.00||||||||||||||999||||||48953.84
F08Q10001776|201903|48838.88|0|132|228|||||6.000|0.00||||||||||||||999||||||48838.88
F08Q10001776|201904|48723.34|0|133|227|||||6.000|0.00||||||||||||||999||||||48723.34
F08Q10001776|201905|48607.23|0|134|226|||||6.000|0.00||||||||||||||999||||||48607.23
F08Q10001776|201906|48490.54|0|135|225|||||6.000|0.00||||||||||||||999||||||48490.54
F08Q10001776|201907|48373.26|0|136|224|||||6.000|0.00||||||||||||||999||||||48373.26
F08Q10001776|201908|48255.40|0|137|223|||||6.000|0.00||||||||||||||999||||||48255.40
F08Q10001776|201909|48136.95|0|138|222|||||6.000|0.00||||||||||||||999||||||48136.95
F08Q10001776|201910|48017.90|0|139|221|||||6.000|0.00||||||||||||||999||||||48017.90
F08Q10001776|201911|47898.26|0|140|220|||||6.000|0.00||||||||||||||41||||||47898.26
F08Q10001776|201912|47778.02|0|141|219|||||6.000|0.00||||||||||||||40||||||47778.02
F08Q10001776|202001|47657.18|0|142|218|||||6.000|0.00||||||||||||||39||||||47657.18
F08Q10001776|202002|47535.74|0|143|217|||||6.000|0.00||||||||||||||39||||||47535.74
F08Q10001776|202003|47413.69|0|144|216|||||6.000|0.00||||||||||||||39||||||47413.69
F08Q10001776|202004|0.00|0|145|215|||01|202004|6.000|0.00|202004|||||||||||||999|47413.69|||||0.00
F08Q10001813|200802|84000.00|0|000|360|||||5.875|0.00||||||||||||||||||||84000.00
F08Q10001813|200803|84000.00|0|001|359|||||5.875|0.00||||||||||||||||||||84000.00
F08Q10001813|200804|84000.00|0|002|358|||||5.875|0.00||||||||||||||||||||84000.00
F08Q10001813|200805|84000.00|0|003|357|||||5.875|0.00||||||||||||||||||||84000.00
F08Q10001813|200806|84000.00|0|004|356|||||5.875|0.00||||||||||||||||||||84000.00
F08Q10001813|200807|84000.00|0|005|355|||||5.875|0.00||||||||||||||||||||84000.00
F08Q10001813|200808|83000.00|0|006|354|||||5.875|0.00||||||||||||||||||||83000.00
F08Q10001813|200809|83391.64|0|007|353|||||5.875|0.00||||||||||||||||||||83391.64
F08Q10001813|200810|83303.02|0|008|352|||||5.875|0.00||||||||||||||||||||83303.02
F08Q10001813|200811|83213.97|0|009|351|||||5.875|0.00||||||||||||||||||||83213.97
F08Q10001813|200812|83124.48|0|010|350|||||5.875|0.00||||||||||||||||||||83124.48
F08Q10001813|200901|83034.55|0|011|349|||||5.875|0.00||||||||||||||||||||83034.55
F08Q10001813|200902|0.00|0|012|348|||01|200902|5.875|0.00|||||||||||||||83034.55|||||0.00
F08Q10001860|200802|160000.00|0|000|240|||||6.000|0.00||||||||||||||||||||160000.00
F08Q10001860|200803|160000.00|0|001|239|||||6.000|0.00||||||||||||||||||||160000.00
F08Q10001860|200804|159000.00|0|002|238|||||6.000|0.00||||||||||||||||||||159000.00
F08Q10001860|200805|159000.00|0|003|237|||||6.000|0.00||||||||||||||||||||159000.00
F08Q10001860|200806|159000.00|0|004|236|||||6.000|0.00||||||||||||||||||||159000.00
F08Q10001860|200807|158000.00|0|005|235|||||6.000|0.00||||||||||||||||||||158000.00
F08Q10001860|200808|158000.00|0|006|234|||||6.000|0.00||||||||||||||||||||158000.00
F08Q10001860|200809|157539.31|0|007|233|||||6.000|0.00||||||||||||||||||||157539.31
F08Q10001860|200810|157180.72|0|008|232|||||6.000|0.00||||||||||||||||||||157180.72
F08Q10001860|200811|156820.33|0|009|231|||||6.000|0.00||||||||||||||||||||156820.33
F08Q10001860|200812|156458.14|0|010|230|||||6.000|0.00||||||||||||||||||||156458.14
F08Q10001860|200901|156094.14|0|011|229|||||6.000|0.00||||||||||||||||||||156094.14
F08Q10001860|200902|155728.32|0|012|228|||||6.000|0.00||||||||||||||||||||155728.32
F08Q10001860|200903|155360.67|0|013|227|||||6.000|0.00||||||||||||||||||||155360.67
F08Q10001860|200904|154991.18|0|014|226|||||6.000|0.00||||||||||||||||||||154991.18
F08Q10001860|200905|154619.85|0|015|225|||||6.000|0.00||||||||||||||||||||154619.85
F08Q10001860|200906|154246.66|0|016|224|||||6.000|0.00||||||||||||||||||||154246.66
F08Q10001860|200907|153871.60|0|017|223|||||6.000|0.00||||||||||||||||||||153871.60
F08Q10001860|200908|153494.67|0|018|222|||||6.000|0.00||||||||||||||||||||153494.67
F08Q10001860|200909|153115.85|0|019|221|||||6.000|0.00||||||||||||||||||||153115.85
F08Q10001860|200910|152735.14|0|020|220|||||6.000|0.00||||||||||||||||||||152735.14
F08Q10001860|200911|152352.53|0|021|219|||||6.000|0.00||||||||||||||||||||152352.53
F08Q10001860|200912|151968.00|0|022|218|||||6.000|0.00||||||||||||||||||||151968.00
F08Q10001860|201001|151581.55|0|023|217|||||6.000|0.00||||||||||||||||||||151581.55
F08Q10001860|201002|151193.17|0|024|216|||||6.000|0.00||||||||||||||||||||151193.17
F08Q10001860|201003|150802.85|0|025|215|||||6.000|0.00||||||||||||||||||||150802.85
F08Q10001860|201004|150410.57|0|026|214|||||6.000|0.00||||||||||||||||||||150410.57
F08Q10001860|201005|150016.33|0|027|213|||||6.000|0.00||||||||||||||||||||150016.33
F08Q10001860|201006|149620.12|0|028|212|||||6.000|0.00||||||||||||||||||||149620.12
F08Q10001860|201007|149221.93|0|029|211|||||6.000|0.00||||||||||||||||||||149221.93
F08Q10001860|201008|148821.75|0|030|210|||||6.000|0.00||||||||||||||||||||148821.75
F08Q10001860|201009|0.00|0|031|209|||01|201009|6.000|0.00|||||||||||||||148821.75|||||0.00
F08Q10001891|200801|348000.00|0|000|360|||||6.375|0.00||||||||||||||||||||348000.00
F08Q10001891|200802|348000.00|0|001|359|||||6.375|0.00||||||||||||||||||||348000.00
F08Q10001891|200803|348000.00|0|002|358|||||6.375|0.00||||||||||||||||||||348000.00
F08Q10001891|200804|347000.00|0|003|357|||||6.375|0.00||||||||||||||||||||347000.00
F08Q10001891|200805|347000.00|0|004|356|||||6.375|0.00||||||||||||||||||||347000.00
F08Q10001891|200806|347000.00|0|005|355|||||6.375|0.00||||||||||||||||||||347000.00
F08Q10001891|200807|346000.00|0|006|354|||||6.375|0.00||||||||||||||||||||346000.00
F08Q10001891|200808|346005.52|0|007|353|||||6.375|0.00||||||||||||||||||||346005.52
F08Q10001891|200809|345670.73|0|008|352|||||6.375|0.00||||||||||||||||||||345670.73
F08Q10001891|200810|345334.17|0|009|351|||||6.375|0.00||||||||||||||||||||345334.17
F08Q10001891|200811|344995.82|0|010|350|||||6.375|0.00||||||||||||||||||||344995.82
F08Q10001891|200812|344655.67|0|011|349|||||6.375|0.00||||||||||||||||||||344655.67
F08Q10001891|200901|344313.71|0|012|348|||||6.375|0.00||||||||||||||||||||344313.71
F08Q10001891|200902|344313.71|0|013|347|||||6.375|0.00||||||||||||||||||||344313.71
F08Q10001891|200903|343624.34|0|014|346|||||6.375|0.00||||||||||||||||||||343624.34
F08Q10001891|200904|343276.90|0|015|345|||||6.375|0.00||||||||||||||||||||343276.90
F08Q10001891|200905|342927.62|0|016|344|||||6.375|0.00||||||||||||||||||||342927.62
F08Q10001891|200906|342927.62|0|017|343|||||6.375|0.00||||||||||||||||||||342927.62
F08Q10001891|200907|342223.48|0|018|342|||||6.375|0.00||||||||||||||||||||342223.48
F08Q10001891|200908|341868.60|0|019|341|||||6.375|0.00||||||||||||||||||||341868.60
F08Q10001891|200909|341511.84|0|020|340|||||6.375|0.00||||||||||||||||||||341511.84
F08Q10001891|200910|341153.18|0|021|339|||||6.375|0.00||||||||||||||||||||341153.18
F08Q10001891|200911|341153.18|0|022|338|||||6.375|0.00||||||||||||||||||||341153.18
F08Q10001891|200912|340430.14|0|023|337|||||6.375|0.00||||||||||||||||||||340430.14
F08Q10001891|201001|340065.74|0|024|336|||||6.375|0.00||||||||||||||||||||340065.74
F08Q10001891|201002|340065.74|0|025|335|||||6.375|0.00||||||||||||||||||||340065.74
F08Q10001891|201003|339331.11|0|026|334|||||6.375|0.00||||||||||||||||||||339331.11
F08Q10001891|201004|339331.11|0|027|333|||||6.375|0.00||||||||||||||||||||339331.11
F08Q10001891|201005|338588.66|0|028|332|||||6.375|0.00||||||||||||||||||||338588.66
F08Q10001891|201006|338214.47|0|029|331|||||6.375|0.00||||||||||||||||||||338214.47
F08Q10001891|201007|337838.29|0|030|330|||||6.375|0.00||||||||||||||||||||337838.29
F08Q10001891|201008|337460.12|0|031|329|||||6.375|0.00||||||||||||||||||||337460.12
F08Q10001891|201009|337079.94|0|032|328|||||6.375|0.00||||||||||||||||||||337079.94
F08Q10001891|201010|336697.74|0|033|327|||||6.375|0.00||||||||||||||||||||336697.74
F08Q10001891|201011|336313.51|0|034|326|||||6.375|0.00||||||||||||||||||||336313.51
F08Q10001891|201012|335927.24|0|035|325|||||6.375|0.00||||||||||||||||||||335927.24
F08Q10001891|201101|335538.91|0|036|324|||||6.375|0.00||||||||||||||||||||335538.91
F08Q10001891|201102|335538.91|0|037|323|||||6.375|0.00||||||||||||||||||||335538.91
F08Q10001891|201103|334756.06|0|038|322|||||6.375|0.00||||||||||||||||||||334756.06
F08Q10001891|201104|334756.06|0|039|321|||||6.375|0.00||||||||||||||||||||334756.06
F08Q10001891|201105|333964.87|0|040|320|||||6.375|0.00||||||||||||||||||||333964.87
F08Q10001891|201106|0.00|0|041|319|||01|201106|6.375|0.00|||||||||||||||333964.87|||||0.00
F08Q10001896|200802|194000.00|0|000|360|||||6.000|0.00||||||||||||||||||||194000.00
F08Q10001896|200803|193000.00|0|001|359|||||6.000|0.00||||||||||||||||||||193000.00
F08Q10001896|200804|193000.00|0|002|358|||||6.000|0.00||||||||||||||||||||193000.00
F08Q10001896|200805|193000.00|0|003|357|||||6.000|0.00||||||||||||||||||||193000.00
F08Q10001896|200806|193000.00|0|004|356|||||6.000|0.00||||||||||||||||||||193000.00
F08Q10001896|200807|193000.00|0|005|355|||||6.000|0.00||||||||||||||||||||193000.00
F08Q10001896|200808|192000.00|0|006|354|||||6.000|0.00||||||||||||||||||||192000.00
F08Q10001896|200809|192230.49|0|007|353|||||6.000|0.00||||||||||||||||||||192230.49
F08Q10001896|200810|192030.91|0|008|352|||||6.000|0.00||||||||||||||||||||192030.91
F08Q10001896|200811|191830.33|0|009|351|||||6.000|0.00||||||||||||||||||||191830.33
F08Q10001896|200812|191628.75|0|010|350|||||6.000|0.00||||||||||||||||||||191628.75
F08Q10001896|200901|191426.16|0|011|349|||||6.000|0.00||||||||||||||||||||191426.16
F08Q10001896|200902|191222.56|0|012|348|||||6.000|0.00||||||||||||||||||||191222.56
F08Q10001896|200903|191017.94|0|013|347|||||6.000|0.00||||||||||||||||||||191017.94
F08Q10001896|200904|190812.30|0|014|346|||||6.000|0.00||||||||||||||||||||190812.30
F08Q10001896|200905|190605.63|0|015|345|||||6.000|0.00||||||||||||||||||||190605.63
F08Q10001896|200906|0.00|0|016|344|||01|200906|6.000|0.00|||||||||||||||190605.63|||||0.00
F08Q10001903|200802|77000.00|0|000|360|||||6.250|0.00||||||||||||||||||||77000.00
F08Q10001903|200803|77000.00|0|001|359|||||6.250|0.00||||||||||||||||||||77000.00
F08Q10001903|200804|77000.00|0|002|358|||||6.250|0.00||||||||||||||||||||77000.00
F08Q10001903|200805|77000.00|0|003|357|||||6.250|0.00||||||||||||||||||||77000.00
F08Q10001903|200806|77000.00|0|004|356|||||6.250|0.00||||||||||||||||||||77000.00
F08Q10001903|200807|76000.00|0|005|355|||||6.250|0.00||||||||||||||||||||76000.00
F08Q10001903|200808|76000.00|0|006|354|||||6.250|0.00||||||||||||||||||||76000.00
F08Q10001903|200809|76339.68|0|007|353|||||6.250|0.00||||||||||||||||||||76339.68
F08Q10001903|200810|76262.28|0|008|352|||||6.250|0.00||||||||||||||||||||76262.28
F08Q10001903|200811|76184.48|0|009|351|||||6.250|0.00||||||||||||||||||||76184.48
F08Q10001903|200812|76106.27|0|010|350|||||6.250|0.00||||||||||||||||||||76106.27
F08Q10001903|200901|76027.66|0|011|349|||||6.250|0.00||||||||||||||||||||76027.66
F08Q10001903|200902|75948.64|0|012|348|||||6.250|0.00||||||||||||||||||||75948.64
F08Q10001903|200903|75869.21|0|013|347|||||6.250|0.00||||||||||||||||||||75869.21
F08Q10001903|200904|75789.36|0|014|346|||||6.250|0.00||||||||||||||||||||75789.36
F08Q10001903|200905|75709.10|0|015|345|||||6.250|0.00||||||||||||||||||||75709.10
F08Q10001903|200906|75628.42|0|016|344|||||6.250|0.00||||||||||||||||||||75628.42
F08Q10001903|200907|75547.32|0|017|343|||||6.250|0.00||||||||||||||||||||75547.32
F08Q10001903|200908|75465.80|0|018|342|||||6.250|0.00||||||||||||||||||||75465.80
F08Q10001903|200909|75383.85|0|019|341|||||6.250|0.00||||||||||||||||||||75383.85
F08Q10001903|200910|75301.47|0|020|340|||||6.250|0.00||||||||||||||||||||75301.47
F08Q10001903|200911|75218.67|0|021|339|||||6.250|0.00||||||||||||||||||||75218.67
F08Q10001903|200912|75135.43|0|022|338|||||6.250|0.00||||||||||||||||||||75135.43
F08Q10001903|201001|75051.76|0|023|337|||||6.250|0.00||||||||||||||||||||75051.76
F08Q10001903|201002|74967.65|0|024|336|||||6.250|0.00||||||||||||||||||||74967.65
F08Q10001903|201003|74883.11|0|025|335|||||6.250|0.00||||||||||||||||||||74883.11
F08Q10001903|201004|74798.13|0|026|334|||||6.250|0.00||||||||||||||||||||74798.13
F08Q10001903|201005|74712.70|0|027|333|||||6.250|0.00||||||||||||||||||||74712.70
F08Q10001903|201006|74626.83|0|028|332|||||6.250|0.00||||||||||||||||||||74626.83
F08Q10001903|201007|74540.51|0|029|331|||||6.250|0.00||||||||||||||||||||74540.51
F08Q10001903|201008|74453.74|0|030|330|||||6.250|0.00||||||||||||||||||||74453.74
F08Q10001903|201009|74366.52|0|031|329|||||6.250|0.00||||||||||||||||||||74366.52
F08Q10001903|201010|74278.85|0|032|328|||||6.250|0.00||||||||||||||||||||74278.85
F08Q10001903|201011|74190.72|0|033|327|||||6.250|0.00||||||||||||||||||||74190.72
F08Q10001903|201012|74102.13|0|034|326|||||6.250|0.00||||||||||||||||||||74102.13
F08Q10001903|201101|74013.08|0|035|325|||||6.250|0.00||||||||||||||||||||74013.08
F08Q10001903|201102|73923.56|0|036|324|||||6.250|0.00||||||||||||||||||||73923.56
F08Q10001903|201103|73833.58|0|037|323|||||6.250|0.00||||||||||||||||||||73833.58
F08Q10001903|201104|73743.13|0|038|322|||||6.250|0.00||||||||||||||||||||73743.13
F08Q10001903|201105|73652.21|0|039|321|||||6.250|0.00||||||||||||||||||||73652.21
F08Q10001903|201106|73560.82|0|040|320|||||6.250|0.00||||||||||||||||||||73560.82
F08Q10001903|201107|73468.95|0|041|319|||||6.250|0.00||||||||||||||||||||73468.95
F08Q10001903|201108|0.00|0|042|318|||01|201108|6.250|0.00|||||||||||||||73468.95|||||0.00
F08Q10001904|200802|142000.00|0|000|360|||||6.375|0.00||||||||||||||||||||142000.00
F08Q10001904|200803|142000.00|0|001|359|||||6.375|0.00||||||||||||||||||||142000.00
F08Q10001904|200804|142000.00|0|002|358|||||6.375|0.00||||||||||||||||||||142000.00
F08Q10001904|200805|142000.00|0|003|357|||||6.375|0.00||||||||||||||||||||142000.00
F08Q10001904|200806|141000.00|0|004|356|||||6.375|0.00||||||||||||||||||||141000.00
F08Q10001904|200807|141000.00|0|005|355|||||6.375|0.00||||||||||||||||||||141000.00
F08Q10001904|200808|141000.00|0|006|354|||||6.375|0.00||||||||||||||||||||141000.00
F08Q10001904|200809|141110.72|0|007|353|||||6.375|0.00||||||||||||||||||||141110.72
F08Q10001904|200810|140973.94|0|008|352|||||6.375|0.00||||||||||||||||||||140973.94
F08Q10001904|200811|140836.43|0|009|351|||||6.375|0.00||||||||||||||||||||140836.43
F08Q10001904|200812|140559.22|0|010|350|||||6.375|0.00||||||||||||||||||||140559.22
F08Q10001904|200901|140419.51|0|011|349|||||6.375|0.00||||||||||||||||||||140419.51
F08Q10001904|200902|140419.51|0|012|348|||||6.375|0.00||||||||||||||||||||140419.51
F08Q10001904|200903|140279.06|0|013|347|||||6.375|0.00||||||||||||||||||||140279.06
F08Q10001904|200904|140137.86|0|014|346|||||6.375|0.00||||||||||||||||||||140137.86
F08Q10001904|200905|139995.91|0|015|345|||||6.375|0.00||||||||||||||||||||139995.91
F08Q10001904|200906|139853.21|0|016|344|||||6.375|0.00||||||||||||||||||||139853.21
F08Q10001904|200907|139565.53|0|017|343|||||6.375|0.00||||||||||||||||||||139565.53
F08Q10001904|200908|139565.53|0|018|342|||||6.375|0.00||||||||||||||||||||139565.53
F08Q10001904|200909|139420.54|0|019|341|||||6.375|0.00||||||||||||||||||||139420.54
F08Q10001904|200910|139274.78|0|020|340|||||6.375|0.00||||||||||||||||||||139274.78
F08Q10001904|200911|139128.25|0|021|339|||||6.375|0.00||||||||||||||||||||139128.25
F08Q10001904|200912|138980.94|0|022|338|||||6.375|0.00||||||||||||||||||||138980.94
F08Q10001904|201001|138832.85|0|023|337|||||6.375|0.00||||||||||||||||||||138832.85
F08Q10001904|201002|138683.97|0|024|336|||||6.375|0.00||||||||||||||||||||138683.97
F08Q10001904|201003|138534.30|0|025|335|||||6.375|0.00||||||||||||||||||||138534.30
F08Q10001904|201004|138383.83|0|026|334|||||6.375|0.00||||||||||||||||||||138383.83
F08Q10001904|201005|138232.56|0|027|333|||||6.375|0.00||||||||||||||||||||138232.56
F08Q10001904|201006|138080.49|0|028|332|||||6.375|0.00||||||||||||||||||||138080.49
F08Q10001904|201007|137927.61|0|029|331|||||6.375|0.00||||||||||||||||||||137927.61
F08Q10001904|201008|137773.92|0|030|330|||||6.375|0.00||||||||||||||||||||137773.92
F08Q10001904|201009|137619.41|0|031|329|||||6.375|0.00||||||||||||||||||||137619.41
F08Q10001904|201010|137307.93|0|032|328|||||6.375|0.00||||||||||||||||||||137307.93
F08Q10001904|201011|137307.93|0|033|327|||||6.375|0.00||||||||||||||||||||137307.93
F08Q10001904|201012|136993.13|0|034|326|||||6.375|0.00||||||||||||||||||||136993.13
F08Q10001904|201101|136834.48|0|035|325|||||6.375|0.00||||||||||||||||||||136834.48
F08Q10001904|201102|136834.48|0|036|324|||||6.375|0.00||||||||||||||||||||136834.48
F08Q10001904|201103|136674.98|0|037|323|||||6.375|0.00||||||||||||||||||||136674.98
F08Q10001904|201104|136353.44|0|038|322|||||6.375|0.00||||||||||||||||||||136353.44
F08Q10001904|201105|136353.44|0|039|321|||||6.375|0.00||||||||||||||||||||136353.44
F08Q10001904|201106|136191.39|0|040|320|||||6.375|0.00||||||||||||||||||||136191.39
F08Q10001904|201107|135864.70|0|041|319|||||6.375|0.00||||||||||||||||||||135864.70
F08Q10001904|201108|135700.05|0|042|318|||||6.375|0.00||||||||||||||||||||135700.05
F08Q10001904|201109|135700.05|0|043|317|||||6.375|0.00||||||||||||||||||||135700.05
F08Q10001904|201110|135534.53|0|044|316|||||6.375|0.00||||||||||||||||||||135534.53
F08Q10001904|201111|135368.13|0|045|315|||||6.375|0.00||||||||||||||||||||135368.13
F08Q10001904|201112|135200.84|0|046|314|||||6.375|0.00||||||||||||||||||||135200.84
F08Q10001904|201201|135032.66|0|047|313|||||6.375|0.00||||||||||||||||||||135032.66
F08Q10001904|201202|134863.59|0|048|312|||||6.375|0.00||||||||||||||||||||134863.59
F08Q10001904|201203|134693.62|0|049|311|||||6.375|0.00||||||||||||||||||||134693.62
F08Q10001904|201204|134522.75|0|050|310|||||6.375|0.00||||||||||||||||||||134522.75
F08Q10001904|201205|134350.97|0|051|309|||||6.375|0.00||||||||||||||||||||134350.97
F08Q10001904|201206|134178.28|0|052|308|||||6.375|0.00||||||||||||||||||||134178.28
F08Q10001904|201207|134004.67|0|053|307|||||6.375|0.00||||||||||||||||||||134004.67
F08Q10001904|201208|133654.68|0|054|306|||||6.375|0.00||||||||||||||||||||133654.68
F08Q10001904|201209|133654.68|0|055|305|||||6.375|0.00||||||||||||||||||||133654.68
F08Q10001904|201210|133478.29|0|056|304|||||6.375|0.00||||||||||||||||||||133478.29
F08Q10001904|201211|133300.96|0|057|303|||||6.375|0.00||||||||||||||||||||133300.96
F08Q10001904|201212|133122.69|0|058|302|||||6.375|0.00||||||||||||||||||||133122.69
F08Q10001904|201301|132943.47|0|059|301|||||6.375|0.00||||||||||||||||||||132943.47
F08Q10001904|201302|132763.30|0|060|300|||||6.375|0.00||||||||||||||||||||132763.30
F08Q10001904|201303|132582.18|0|061|299|||||6.375|0.00||||||||||||||||||||132582.18
F08Q10001904|201304|132400.09|0|062|298|||||6.375|0.00||||||||||||||||||||132400.09
F08Q10001904|201305|132217.04|0|063|297|||||6.375|0.00||||||||||||||||||||132217.04
F08Q10001904|201306|132033.01|0|064|296|||||6.375|0.00||||||||||||||||||||132033.01
F08Q10001904|201307|131848.01|0|065|295|||||6.375|0.00||||||||||||||||||||131848.01
F08Q10001904|201308|131662.02|0|066|294|||||6.375|0.00||||||||||||||||||||131662.02
F08Q10001904|201309|131475.04|0|067|293|||||6.375|0.00||||||||||||||||||||131475.04
F08Q10001904|201310|131286.88|0|068|292|||||6.375|0.00||||||||||||||||||||131286.88
F08Q10001904|201311|131097.91|0|069|291|||||6.375|0.00||||||||||||||||||||131097.91
F08Q10001904|201312|130907.94|0|070|290|||||6.375|0.00||||||||||||||||||||130907.94
F08Q10001904|201401|130716.96|0|071|289|||||6.375|0.00||||||||||||||||||||130716.96
F08Q10001904|201402|130524.96|0|072|288|||||6.375|0.00||||||||||||||||||||130524.96
F08Q10001904|201403|130331.94|0|073|287|||||6.375|0.00||||||||||||||||||||130331.94
F08Q10001904|201404|130137.90|0|074|286|||||6.375|0.00||||||||||||||||||||130137.90
F08Q10001904|201405|129746.72|0|075|285|||||6.375|0.00||||||||||||||||||||129746.72
F08Q10001904|201406|129746.72|0|076|284|||||6.375|0.00||||||||||||||||||||129746.72
F08Q10001904|201407|129549.57|0|077|283|||||6.375|0.00||||||||||||||||||||129549.57
F08Q10001904|201408|129351.37|0|078|282|||||6.375|0.00||||||||||||||||||||129351.37
F08Q10001904|201409|129152.12|0|079|281|||||6.375|0.00||||||||||||||||||||129152.12
F08Q10001904|201410|128951.81|0|080|280|||||6.375|0.00||||||||||||||||||||128951.81
F08Q10001904|201411|128750.44|0|081|279|||||6.375|0.00||||||||||||||||||||128750.44
F08Q10001904|201412|128344.48|0|082|278|||||6.375|0.00||||||||||||||||||||128344.48
F08Q10001904|201501|128139.88|0|083|277|||||6.375|0.00||||||||||||||||||||128139.88
F08Q10001904|201502|128139.88|0|084|276|||||6.375|0.00||||||||||||||||||||128139.88
F08Q10001904|201503|127679.77|0|085|275|||||6.375|0.00||||||||||||||||||||127679.77
F08Q10001904|201504|127472.99|0|086|274|||||6.375|0.00||||||||||||||||||||127472.99
F08Q10001904|201505|127053.42|0|087|273|||||6.375|0.00||||||||||||||||||||127053.42
F08Q10001904|201506|127053.42|0|088|272|||||6.375|0.00||||||||||||||||||||127053.42
F08Q10001904|201507|126629.38|0|089|271|||||6.375|0.00||||||||||||||||||||126629.38
F08Q10001904|201508|126629.38|0|090|270|||||6.375|0.00||||||||||||||||||||126629.38
F08Q10001904|201509|126380.21|0|091|269|||||6.375|0.00||||||||||||||||||||126380.21
F08Q10001904|201510|126165.17|0|092|268|||||6.375|0.00||||||||||||||||||||126165.17
F08Q10001904|201511|125948.99|0|093|267|||||6.375|0.00||||||||||||||||||||125948.99
F08Q10001904|201512|125696.20|0|094|266|||||6.375|0.00||||||||||||||||||||125696.20
F08Q10001904|201601|125377.53|0|095|265|||||6.375|0.00||||||||||||||||||||125377.53
F08Q10001904|201602|125057.17|0|096|264|||||6.375|0.00||||||||||||||||||||125057.17
F08Q10001904|201603|124735.64|0|097|263|||||6.375|0.00||||||||||||||||||||124735.64
F08Q10001904|201604|124511.87|0|098|262|||||6.375|0.00||||||||||||||||||||124511.87
F08Q10001904|201605|124251.45|0|099|261|||||6.375|0.00||||||||||||||||||||124251.45
F08Q10001904|201606|123788.16|0|100|260|||||6.375|0.00||||||||||||||||||||123788.16
F08Q10001904|201607|123459.35|0|101|259|||||6.375|0.00||||||||||||||||||||123459.35
F08Q10001904|201608|123128.80|0|102|258|||||6.375|0.00||||||||||||||||||||123128.80
F08Q10001904|201609|122796.49|0|103|257|||||6.375|0.00||||||||||||||||||||122796.49
F08Q10001904|201610|122796.49|0|104|256|||||6.375|0.00||||||||||||||||||||122796.49
F08Q10001904|201611|122327.10|0|105|255|||||6.375|0.00||||||||||||||||||||122327.10
F08Q10001904|201612|122090.53|0|106|254|||||6.375|0.00||||||||||||||||||||122090.53
F08Q10001904|201701|122090.53|0|107|253|||||6.375|0.00||||||||||||||||||||122090.53
F08Q10001904|201702|121613.62|0|108|252|||||6.375|0.00||||||||||||||||||||121613.62
F08Q10001904|201703|121373.26|0|109|251|||||6.375|0.00||||||||||||||||||||121373.26
F08Q10001904|201704|121031.63|0|110|250|||||6.375|0.00||||||||||||||82||||||121031.63
F08Q10001904|201705|120788.18|0|111|249|||||6.375|0.00||||||||||||||80||||||120788.18
F08Q10001904|201706|120543.44|0|112|248|||||6.375|0.00||||||||||||||77||||||120543.44
F08Q10001904|201707|120543.44|0|113|247|||||6.375|0.00||||||||||||||77||||||120543.44
F08Q10001904|201708|120050.05|0|114|246|||||6.375|0.00||||||||||||||77||||||120050.05
F08Q10001904|201709|119801.39|0|115|245|||||6.375|0.00||||||||||||||77||||||119801.39
F08Q10001904|201710|119801.39|0|116|244|||||6.375|0.00||||||||||||||77||||||119801.39
F08Q10001904|201711|119300.09|0|117|243|||||6.375|0.00||||||||||||||77||||||119300.09
F08Q10001904|201712|119047.44|0|118|242|||||6.375|0.00||||||||||||||75||||||119047.44
F08Q10001904|201801|119047.44|0|119|241|||||6.375|0.00||||||||||||||75||||||119047.44
F08Q10001904|201802|118538.11|0|120|240|||||6.375|0.00||||||||||||||74||||||118538.11
F08Q10001904|201803|118281.41|0|121|239|||||6.375|0.00||||||||||||||73||||||118281.41
F08Q10001904|201804|118281.41|0|122|238|||||6.375|0.00||||||||||||||71||||||118281.41
F08Q10001904|201805|118023.35|0|123|237|||||6.375|0.00||||||||||||||71||||||118023.35
F08Q10001904|201806|117763.92|0|124|236|||||6.375|0.00||||||||||||||75||||||117763.92
F08Q10001904|201807|117240.92|0|125|235|||||6.375|0.00||||||||||||||73||||||117240.92
F08Q10001904|201808|116977.33|0|126|234|||||6.375|0.00||||||||||||||75||||||116977.33
F08Q10001904|201809|116977.33|0|127|233|||||6.375|0.00||||||||||||||74||||||116977.33
F08Q10001904|201810|116445.94|0|128|232|||||6.375|0.00||||||||||||||72||||||116445.94
F08Q10001904|201811|116178.13|0|129|231|||||6.375|0.00||||||||||||||72||||||116178.13
F08Q10001904|201812|116178.13|0|130|230|||||6.375|0.00||||||||||||||73||||||116178.13
F08Q10001904|201901|115638.24|0|131|229|||||6.375|0.00||||||||||||||73||||||115638.24
F08Q10001904|201902|115638.24|0|132|228|||||6.375|0.00||||||||||||||72||||||115638.24
F08Q10001904|201903|115092.59|0|133|227|||||6.375|0.00||||||||||||||70||||||115092.59
F08Q10001904|201904|114817.59|0|134|226|||||6.375|0.00||||||||||||||69||||||114817.59
F08Q10001904|201905|114541.13|0|135|225|||||6.375|0.00||||||||||||||69||||||114541.13
F08Q10001904|201906|114263.20|0|136|224|||||6.375|0.00||||||||||||||69||||||114263.20
F08Q10001904|201907|113983.79|0|137|223|||||6.375|0.00||||||||||||||69||||||113983.79
F08Q10001904|201908|113702.90|0|138|222|||||6.375|0.00||||||||||||||69||||||113702.90
F08Q10001904|201909|113420.52|0|139|221|||||6.375|0.00||||||||||||||69||||||113420.52
F08Q10001904|201910|113136.64|0|140|220|||||6.375|0.00||||||||||||||70||||||113136.64
F08Q10001904|201911|112851.25|0|141|219|||||6.375|0.00||||||||||||||69||||||112851.25
F08Q10001904|201912|112564.34|0|142|218|||||6.375|0.00||||||||||||||67||||||112564.34
F08Q10001904|202001|112275.91|0|143|217|||||6.375|0.00||||||||||||||67||||||112275.91
F08Q10001904|202002|111985.95|0|144|216|||||6.375|0.00||||||||||||||67||||||111985.95
F08Q10001904|202003|111694.45|0|145|215|||||6.375|0.00||||||||||||||67||||||111694.45
F08Q10001904|202004|111401.40|0|146|214|||||6.375|0.00||||||||||||||66||||||111401.40
F08Q10001904|202005|111106.79|0|147|213|||||6.375|0.00||||||||||||||64||||||111106.79
F08Q10001904|202006|110810.61|0|148|212|||||6.375|0.00||||||||||||||63||||||110810.61
F08Q10001904|202007|110512.86|0|149|211|||||6.375|0.00||||||||||||||64||||||110512.86
F08Q10001904|202008|110213.53|0|150|210|||||6.375|0.00||||||||||||||64||||||110213.53
F08Q10001904|202009|109912.61|0|151|209|||||6.375|0.00||||||||||||||62||||||109912.61
F08Q10001904|202010|109610.09|0|152|208|||||6.375|0.00||||||||||||||59||||||109610.09
F08Q10001904|202011|109305.96|0|153|207|||||6.375|0.00||||||||||||||60||||||109305.96
F08Q10001904|202012|109000.22|0|154|206|||||6.375|0.00||||||||||||||61||||||109000.22
F08Q10001904|202101|108692.85|0|155|205|||||6.375|0.00||||||||||||||60||||||108692.85
F08Q10001904|202102|108383.85|0|156|204|||||6.375|0.00||||||||||||||58||||||108383.85
F08Q10001904|202103|108073.21|0|157|203|||||6.375|0.00||||||||||||||58||||||108073.21
F08Q10001904|202104|107760.92|0|158|202|||||6.375|0.00||||||||||||||57||||||107760.92
F08Q10001904|202105|107446.97|0|159|201|||||6.375|0.00||||||||||||||54||||||107446.97
F08Q10001904|202106|107131.35|0|160|200|||||6.375|0.00||||||||||||||50||||||107131.35
F08Q10001904|202107|106814.06|0|161|199|||||6.375|0.00||||||||||||||49||||||106814.06
F08Q10001904|202108|106495.08|0|162|198|||||6.375|0.00||||||||||||||49||||||106495.08
F08Q10001904|202109|106174.41|0|163|197|||||6.375|0.00||||||||||||||52||||||106174.41
F08Q10001904|202110|105852.03|0|164|196|||||6.375|0.00||||||||||||||57||||||105852.03
F08Q10001904|202111|105527.94|0|165|195|||||6.375|0.00||||||||||||||55||||||105527.94
F08Q10001904|202112|105202.13|0|166|194|||||6.375|0.00||||||||||||||55||||||105202.13
F08Q10001904|202201|104874.59|0|167|193|||||6.375|0.00||||||||||||||57||||||104874.59
F08Q10001904|202202|104545.31|0|168|192|||||6.375|0.00||||||||||||||55||||||104545.31
F08Q10001904|202203|104214.28|0|169|191|||||6.375|0.00||||||||||||||54||||||104214.28
F08Q10001904|202204|103881.49|0|170|190|||||6.375|0.00||||||||||||||51||||||103881.49
F08Q10001904|202205|103546.93|0|171|189|||||6.375|0.00||||||||||||||47||||||103546.93
F08Q10001904|202206|103210.59|0|172|188|||||6.375|0.00||||||||||||||46||||||103210.59
F08Q10001904|202207|102872.47|0|173|187|||||6.375|0.00||||||||||||||46||||||102872.47
F08Q10001904|202208|102532.55|0|174|186|||||6.375|0.00||||||||||||||48||||||102532.55
F08Q10001904|202209|102190.82|0|175|185|||||6.375|0.00||||||||||||||50||||||102190.82
F08Q10001904|202210|101647.28|0|176|184|||||6.375|0.00||||||||||||||51||||||101647.28
F08Q10001904|202211|101300.85|0|177|183|||||6.375|0.00||||||||||||||50||||||101300.85
F08Q10001904|202212|100952.58|0|178|182|||||6.375|0.00||||||||||||||53||||||100952.58
F08Q10001904|202301|100602.46|0|179|181|||||6.375|0.00||||||||||||||52||||||100602.46
F08Q10001904|202302|100602.46|1|180|180|||||6.375|0.00||||||||||||||49||||||100602.46
F08Q10001904|202303|99896.63|0|181|179|||||6.375|0.00||||||||||||||47||||||99896.63
F08Q10001904|202304|99540.90|0|182|178|||||6.375|0.00||||||||||||||45||||||99540.90
F08Q10001904|202305|99183.28|0|183|177|||||6.375|0.00||||||||||||||43||||||99183.28
F08Q10001904|202306|98823.76|0|184|176|||||6.375|0.00||||||||||||||42||||||98823.76
F08Q10001904|202307|98462.33|0|185|175|||||6.375|0.00||||||||||||||42||||||98462.33
F08Q10001904|202308|98098.98|0|186|174|||||6.375|0.00||||||||||||||42||||||98098.98
F08Q10001904|202309|97733.70|0|187|173|||||6.375|0.00||||||||||||||40||||||97733.70
F08Q10001904|202310|97366.48|0|188|172|||||6.375|0.00||||||||||||||41||||||97366.48
F08Q10001904|202311|96997.31|0|189|171|||||6.375|0.00||||||||||||||43||||||96997.31
F08Q10001904|202312|96626.18|0|190|170|||||6.375|0.00||||||||||||||43||||||96626.18
F08Q10001904|202401|96253.08|0|191|169|||||6.375|0.00||||||||||||||43||||||96253.08
F08Q10001904|202402|95877.99|0|192|168|||||6.375|0.00||||||||||||||42||||||95877.99
F08Q10001904|202403|95500.91|0|193|167|||||6.375|0.00||||||||||||||42||||||95500.91
F08Q10001904|202404|95121.83|0|194|166|||||6.375|0.00||||||||||||||37||||||95121.83
F08Q10001904|202405|94740.73|0|195|165|||||6.375|0.00||||||||||||||37||||||94740.73
F08Q10001904|202406|94357.61|0|196|164|||||6.375|0.00||||||||||||||36||||||94357.61
F08Q10001904|202407|93972.05|0|197|163|||||6.375|0.00||||||||||||||36||||||93972.05
F08Q10001904|202408|93584.85|0|198|162|||||6.375|0.00||||||||||||||36||||||93584.85
F08Q10001904|202409|93195.59|0|199|161|||||6.375|0.00||||||||||||||38||||||93195.59
F08Q10001904|202410|92804.26|0|200|160|||||6.375|0.00||||||||||||||38||||||92804.26
F08Q10001904|202411|92410.85|0|201|159|||||6.375|0.00||||||||||||||37||||||92410.85
F08Q10001904|202412|92015.35|0|202|158|||||6.375|0.00||||||||||||||36||||||92015.35
F08Q10001904|202501|91617.75|0|203|157|||||6.375|0.00||||||||||||||38||||||91617.75
F08Q10001904|202502|91218.04|0|204|156|||||6.375|0.00||||||||||||||40||||||91218.04
F08Q10001904|202503|90816.21|0|205|155|||||6.375|0.00||||||||||||||39||||||90816.21
F08Q10001904|202504|90412.24|0|206|154|||||6.375|0.00||||||||||||||38||||||90412.24
F08Q10001904|202505|90006.13|0|207|153|||||6.375|0.00||||||||||||||33||||||90006.13
F08Q10001904|202506|89597.86|0|208|152|||||6.375|0.00||||||||||||||35||||||89597.86
F08Q10001904|202507|89187.42|0|209|151|||||6.375|0.00||||||||||||||34||||||89187.42
F08Q10001904|202508|88774.80|0|210|150|||||6.375|0.00||||||||||||||35||||||88774.80
F08Q10001904|202509|88359.99|0|211|149|||||6.375|0.00||||||||||||||35||||||88359.99
F08Q10001907|200802|153000.00|0|000|180|||||5.500|0.00||||||||||||||||||||153000.00
F08Q10001907|200803|152000.00|0|001|179|||||5.500|0.00||||||||||||||||||||152000.00
F08Q10001907|200804|151000.00|0|002|178|||||5.500|0.00||||||||||||||||||||151000.00
F08Q10001907|200805|151000.00|0|003|177|||||5.500|0.00||||||||||||||||||||151000.00
F08Q10001907|200806|150000.00|0|004|176|||||5.500|0.00||||||||||||||||||||150000.00
F08Q10001907|200807|150000.00|0|005|175|||||5.500|0.00||||||||||||||||||||150000.00
F08Q10001907|200808|149000.00|0|006|174|||||5.500|0.00||||||||||||||||||||149000.00
F08Q10001907|200809|148617.23|0|007|173|||||5.500|0.00||||||||||||||||||||148617.23
F08Q10001907|200810|148052.33|0|008|172|||||5.500|0.00||||||||||||||||||||148052.33
F08Q10001907|200811|147484.84|0|009|171|||||5.500|0.00||||||||||||||||||||147484.84
F08Q10001907|200812|146914.75|0|010|170|||||5.500|0.00||||||||||||||||||||146914.75
F08Q10001907|200901|146342.05|0|011|169|||||5.500|0.00||||||||||||||||||||146342.05
F08Q10001907|200902|145766.72|0|012|168|||||5.500|0.00||||||||||||||||||||145766.72
F08Q10001907|200903|0.00|0|013|167|||01|200903|5.500|0.00|||||||||||||||145766.72|||||0.00
F08Q10001919|200802|174000.00|0|000|360|||||6.500|0.00||||||||||||||||||||174000.00
F08Q10001919|200803|174000.00|0|001|359|||||6.500|0.00||||||||||||||||||||174000.00
F08Q10001919|200804|174000.00|0|002|358|||||6.500|0.00||||||||||||||||||||174000.00
F08Q10001919|200805|174000.00|0|003|357|||||6.500|0.00||||||||||||||||||||174000.00
F08Q10001919|200806|173000.00|0|004|356|||||6.500|0.00||||||||||||||||||||173000.00
F08Q10001919|200807|173000.00|0|005|355|||||6.500|0.00||||||||||||||||||||173000.00
F08Q10001919|200808|173000.00|0|006|354|||||6.500|0.00||||||||||||||||||||173000.00
F08Q10001919|200809|172976.38|0|007|353|||||6.500|0.00||||||||||||||||||||172976.38
F08Q10001919|200810|172811.33|0|008|352|||||6.500|0.00||||||||||||||||||||172811.33
F08Q10001919|200811|172645.38|0|009|351|||||6.500|0.00||||||||||||||||||||172645.38
F08Q10001919|200812|172478.53|0|010|350|||||6.500|0.00||||||||||||||||||||172478.53
F08Q10001919|200901|172310.78|0|011|349|||||6.500|0.00||||||||||||||||||||172310.78
F08Q10001919|200902|172142.12|0|012|348|||||6.500|0.00||||||||||||||||||||172142.12
F08Q10001919|200903|171972.55|0|013|347|||||6.500|0.00||||||||||||||||||||171972.55
F08Q10001919|200904|171802.06|0|014|346|||||6.500|0.00||||||||||||||||||||171802.06
F08Q10001919|200905|171630.64|0|015|345|||||6.500|0.00||||||||||||||||||||171630.64
F08Q10001919|200906|171458.30|0|016|344|||||6.500|0.00||||||||||||||||||||171458.30
F08Q10001919|200907|171285.02|0|017|343|||||6.500|0.00||||||||||||||||||||171285.02
F08Q10001919|200908|171110.80|0|018|342|||||6.500|0.00||||||||||||||||||||171110.80
F08Q10001919|200909|170935.64|0|019|341|||||6.500|0.00||||||||||||||||||||170935.64
F08Q10001919|200910|170759.53|0|020|340|||||6.500|0.00||||||||||||||||||||170759.53
F08Q10001919|200911|170582.47|0|021|339|||||6.500|0.00||||||||||||||||||||170582.47
F08Q10001919|200912|170404.45|0|022|338|||||6.500|0.00||||||||||||||||||||170404.45
F08Q10001919|201001|170225.46|0|023|337|||||6.500|0.00||||||||||||||||||||170225.46
F08Q10001919|201002|170045.50|0|024|336|||||6.500|0.00||||||||||||||||||||170045.50
F08Q10001919|201003|169864.57|0|025|335|||||6.500|0.00||||||||||||||||||||169864.57
F08Q10001919|201004|169682.66|0|026|334|||||6.500|0.00||||||||||||||||||||169682.66
F08Q10001919|201005|169499.76|0|027|333|||||6.500|0.00||||||||||||||||||||169499.76
F08Q10001919|201006|169315.87|0|028|332|||||6.500|0.00||||||||||||||||||||169315.87
F08Q10001919|201007|169315.87|0|029|331|||||6.500|0.00||||||||||||||||||||169315.87
F08Q10001919|201008|168945.11|0|030|330|||||6.500|0.00||||||||||||||||||||168945.11
F08Q10001919|201009|168758.22|0|031|329|||||6.500|0.00||||||||||||||||||||168758.22
F08Q10001919|201010|168570.32|0|032|328|||||6.500|0.00||||||||||||||||||||168570.32
F08Q10001919|201011|168570.32|0|033|327|||||6.500|0.00||||||||||||||||||||168570.32
F08Q10001919|201012|168381.40|1|034|326|||||6.500|0.00||||||||||||||||||||168381.40
F08Q10001919|201101|168381.40|2|035|325|||||6.500|0.00||||||||||||||||||||168381.40
F08Q10001919|201102|168381.40|3|036|324|||||6.500|0.00||||||||||||||||||||168381.40
F08Q10001919|201103|168381.40|4|037|323|||||6.500|0.00||||||||||||||||||||168381.40
F08Q10001919|201104|168381.40|5|038|322|||||6.500|0.00||||||||||||||||||||168381.40
F08Q10001919|201105|168381.40|6|039|321|||||6.500|0.00||||||||||||||||||||168381.40
F08Q10001919|201106|168381.40|7|040|320|||||6.500|0.00||||||||||||||||||||168381.40
F08Q10001919|201107|168381.40|8|041|319|||||6.500|0.00||||||||||||||||||||168381.40
F08Q10001919|201108|168381.40|9|042|318|||||6.500|0.00||||||||||||||||||||168381.40
F08Q10001919|201109|168381.40|10|043|317|||||6.500|0.00||||||||||||||||||||168381.40
F08Q10001919|201110|168381.40|11|044|316|||||6.500|0.00||||||||||||||||||||168381.40
F08Q10001919|201111|168381.40|12|045|315|||||6.500|0.00||||||||||||||||||||168381.40
F08Q10001919|201112|168381.40|13|046|314|||||6.500|0.00||||||||||||||||||||168381.40
F08Q10001919|201201|168381.40|14|047|313|||||6.500|0.00||||||||||||||||||||168381.40
F08Q10001919|201202|0.00|15|048|312|||03|201202|6.500|0.00|201011|0.00|82428.69|2636.25|-9906.96|-4139.41|-99.00|-5523.55|-145.00|-106167.74|||||168381.40|12944.32||||0.00
F08Q10001944|200802|133000.00|0|000|360|||||6.000|0.00||||||||||||||||||||133000.00
F08Q10001944|200803|133000.00|0|001|359|||||6.000|0.00||||||||||||||||||||133000.00
F08Q10001944|200804|133000.00|0|002|358|||||6.000|0.00||||||||||||||||||||133000.00
F08Q10001944|200805|132000.00|0|003|357|||||6.000|0.00||||||||||||||||||||132000.00
F08Q10001944|200806|132000.00|0|004|356|||||6.000|0.00||||||||||||||||||||132000.00
F08Q10001944|200807|132000.00|0|005|355|||||6.000|0.00||||||||||||||||||||132000.00
F08Q10001944|200808|132000.00|0|006|354|||||6.000|0.00||||||||||||||||||||132000.00
F08Q10001944|200809|131860.60|0|007|353|||||6.000|0.00||||||||||||||||||||131860.60
F08Q10001944|200810|131723.70|0|008|352|||||6.000|0.00||||||||||||||||||||131723.70
F08Q10001944|200811|131586.12|0|009|351|||||6.000|0.00||||||||||||||||||||131586.12
F08Q10001944|200812|131447.85|0|010|350|||||6.000|0.00||||||||||||||||||||131447.85
F08Q10001944|200901|131308.89|0|011|349|||||6.000|0.00||||||||||||||||||||131308.89
F08Q10001944|200902|131169.23|0|012|348|||||6.000|0.00||||||||||||||||||||131169.23
F08Q10001944|200903|131028.88|0|013|347|||||6.000|0.00||||||||||||||||||||131028.88
F08Q10001944|200904|130887.82|0|014|346|||||6.000|0.00||||||||||||||||||||130887.82
F08Q10001944|200905|130746.06|0|015|345|||||6.000|0.00||||||||||||||||||||130746.06
F08Q10001944|200906|130603.59|0|016|344|||||6.000|0.00||||||||||||||||||||130603.59
F08Q10001944|200907|130460.41|0|017|343|||||6.000|0.00||||||||||||||||||||130460.41
F08Q10001944|200908|130316.51|0|018|342|||||6.000|0.00||||||||||||||||||||130316.51
F08Q10001944|200909|130171.89|0|019|341|||||6.000|0.00||||||||||||||||||||130171.89
F08Q10001944|200910|130026.55|0|020|340|||||6.000|0.00||||||||||||||||||||130026.55
F08Q10001944|200911|129880.48|0|021|339|||||6.000|0.00||||||||||||||||||||129880.48
F08Q10001944|200912|129733.68|0|022|338|||||6.000|0.00||||||||||||||||||||129733.68
F08Q10001944|201001|0.00|0|023|337|||01|201001|6.000|0.00|||||||||||||||129733.68|||||0.00
F08Q10001964|200802|158000.00|0|000|360|||||6.375|0.00||||||||||||||||||||158000.00
F08Q10001964|200803|158000.00|0|001|359|||||6.375|0.00||||||||||||||||||||158000.00
F08Q10001964|200804|158000.00|0|002|358|||||6.375|0.00||||||||||||||||||||158000.00
F08Q10001964|200805|157000.00|0|003|357|||||6.375|0.00||||||||||||||||||||157000.00
F08Q10001964|200806|157000.00|0|004|356|||||6.375|0.00||||||||||||||||||||157000.00
F08Q10001964|200807|157000.00|0|005|355|||||6.375|0.00||||||||||||||||||||157000.00
F08Q10001964|200808|157000.00|0|006|354|||||6.375|0.00||||||||||||||||||||157000.00
F08Q10001964|200809|156746.52|0|007|353|||||6.375|0.00||||||||||||||||||||156746.52
F08Q10001964|200810|156563.63|0|008|352|||||6.375|0.00||||||||||||||||||||156563.63
F08Q10001964|200811|156379.76|0|009|351|||||6.375|0.00||||||||||||||||||||156379.76
F08Q10001964|200812|156194.92|0|010|350|||||6.375|0.00||||||||||||||||||||156194.92
F08Q10001964|200901|156009.10|0|011|349|||||6.375|0.00||||||||||||||||||||156009.10
F08Q10001964|200902|155784.18|0|012|348|||||6.375|0.00||||||||||||||||||||155784.18
F08Q10001964|200903|155558.06|0|013|347|||||6.375|0.00||||||||||||||||||||155558.06
F08Q10001964|200904|155330.74|0|014|346|||||6.375|0.00||||||||||||||||||||155330.74
F08Q10001964|200905|155102.21|0|015|345|||||6.375|0.00||||||||||||||||||||155102.21
F08Q10001964|200906|0.00|0|016|344|||01|200906|6.375|0.00|||||||||||||||155102.21|||||0.00
F08Q10002084|200801|156000.00|0|000|360|||||5.875|0.00||||||||||||||||||||156000.00
F08Q10002084|200802|156000.00|0|001|359|||||5.875|0.00||||||||||||||||||||156000.00
F08Q10002084|200803|156000.00|0|002|358|||||5.875|0.00||||||||||||||||||||156000.00
F08Q10002084|200804|156000.00|0|003|357|||||5.875|0.00||||||||||||||||||||156000.00
F08Q10002084|200805|155000.00|0|004|356|||||5.875|0.00||||||||||||||||||||155000.00
F08Q10002084|200806|155000.00|0|005|355|||||5.875|0.00||||||||||||||||||||155000.00
F08Q10002084|200807|155000.00|0|006|354|||||5.875|0.00||||||||||||||||||||155000.00
F08Q10002084|200808|154823.79|0|007|353|||||5.875|0.00||||||||||||||||||||154823.79
F08Q10002084|200809|154658.98|0|008|352|||||5.875|0.00||||||||||||||||||||154658.98
F08Q10002084|200810|154493.36|0|009|351|||||5.875|0.00||||||||||||||||||||154493.36
F08Q10002084|200811|154326.93|0|010|350|||||5.875|0.00||||||||||||||||||||154326.93
F08Q10002084|200812|154159.69|0|011|349|||||5.875|0.00||||||||||||||||||||154159.69
F08Q10002084|200901|153991.63|0|012|348|||||5.875|0.00||||||||||||||||||||153991.63
F08Q10002084|200902|153822.75|0|013|347|||||5.875|0.00||||||||||||||||||||153822.75
F08Q10002084|200903|153653.04|0|014|346|||||5.875|0.00||||||||||||||||||||153653.04
F08Q10002084|200904|153482.50|0|015|345|||||5.875|0.00||||||||||||||||||||153482.50
F08Q10002084|200905|153311.12|0|016|344|||||5.875|0.00||||||||||||||||||||153311.12
F08Q10002084|200906|153138.91|0|017|343|||||5.875|0.00||||||||||||||||||||153138.91
F08Q10002084|200907|152965.85|0|018|342|||||5.875|0.00||||||||||||||||||||152965.85
F08Q10002084|200908|152791.95|0|019|341|||||5.875|0.00||||||||||||||||||||152791.95
F08Q10002084|200909|152617.19|0|020|340|||||5.875|0.00||||||||||||||||||||152617.19
F08Q10002084|200910|152441.58|0|021|339|||||5.875|0.00||||||||||||||||||||152441.58
F08Q10002084|200911|152265.11|0|022|338|||||5.875|0.00||||||||||||||||||||152265.11
F08Q10002084|200912|152087.77|0|023|337|||||5.875|0.00||||||||||||||||||||152087.77
F08Q10002084|201001|151909.57|0|024|336|||||5.875|0.00||||||||||||||||||||151909.57
F08Q10002084|201002|151730.49|0|025|335|||||5.875|0.00||||||||||||||||||||151730.49
F08Q10002084|201003|151550.54|0|026|334|||||5.875|0.00||||||||||||||||||||151550.54
F08Q10002084|201004|151369.71|0|027|333|||||5.875|0.00||||||||||||||||||||151369.71
F08Q10002084|201005|151187.99|0|028|332|||||5.875|0.00||||||||||||||||||||151187.99
F08Q10002084|201006|151005.38|0|029|331|||||5.875|0.00||||||||||||||||||||151005.38
F08Q10002084|201007|150821.88|0|030|330|||||5.875|0.00||||||||||||||||||||150821.88
F08Q10002084|201008|150637.48|0|031|329|||||5.875|0.00||||||||||||||||||||150637.48
F08Q10002084|201009|150452.18|0|032|328|||||5.875|0.00||||||||||||||||||||150452.18
F08Q10002084|201010|150078.85|0|033|327|||||5.875|0.00||||||||||||||||||||150078.85
F08Q10002084|201011|149890.81|0|034|326|||||5.875|0.00||||||||||||||||||||149890.81
F08Q10002084|201012|149701.85|0|035|325|||||5.875|0.00||||||||||||||||||||149701.85
F08Q10002084|201101|149701.85|0|036|324|||||5.875|0.00||||||||||||||||||||149701.85
F08Q10002084|201102|149511.97|0|037|323|||||5.875|0.00||||||||||||||||||||149511.97
F08Q10002084|201103|149321.16|0|038|322|||||5.875|0.00||||||||||||||||||||149321.16
F08Q10002084|201104|149129.41|0|039|321|||||5.875|0.00||||||||||||||||||||149129.41
F08Q10002084|201105|148936.72|0|040|320|||||5.875|0.00||||||||||||||||||||148936.72
F08Q10002084|201106|148743.09|0|041|319|||||5.875|0.00||||||||||||||||||||148743.09
F08Q10002084|201107|148548.51|0|042|318|||||5.875|0.00||||||||||||||||||||148548.51
F08Q10002084|201108|148352.98|0|043|317|||||5.875|0.00||||||||||||||||||||148352.98
F08Q10002084|201109|148156.49|0|044|316|||||5.875|0.00||||||||||||||||||||148156.49
F08Q10002084|201110|147959.04|0|045|315|||||5.875|0.00||||||||||||||||||||147959.04
F08Q10002084|201111|147760.62|0|046|314|||||5.875|0.00||||||||||||||||||||147760.62
F08Q10002084|201112|147561.23|0|047|313|||||5.875|0.00||||||||||||||||||||147561.23
F08Q10002084|201201|147360.87|0|048|312|||||5.875|0.00||||||||||||||||||||147360.87
F08Q10002084|201202|147159.52|0|049|311|||||5.875|0.00||||||||||||||||||||147159.52
F08Q10002084|201203|146957.19|0|050|310|||||5.875|0.00||||||||||||||||||||146957.19
F08Q10002084|201204|146753.87|0|051|309|||||5.875|0.00||||||||||||||||||||146753.87
F08Q10002084|201205|146549.55|0|052|308|||||5.875|0.00||||||||||||||||||||146549.55
F08Q10002084|201206|146344.23|0|053|307|||||5.875|0.00||||||||||||||||||||146344.23
F08Q10002084|201207|146137.91|0|054|306|||||5.875|0.00||||||||||||||||||||146137.91
F08Q10002084|201208|145930.58|0|055|305|||||5.875|0.00||||||||||||||||||||145930.58
F08Q10002084|201209|145722.23|0|056|304|||||5.875|0.00||||||||||||||||||||145722.23
F08Q10002084|201210|0.00|0|057|303|||01|201210|5.875|0.00|||||||||||||||145722.23|||||0.00
F08Q10002145|200802|63000.00|0|000|120|||||5.780|0.00||||||||||||||||||||63000.00
F08Q10002145|200803|63000.00|0|001|119|||||5.780|0.00||||||||||||||||||||63000.00
F08Q10002145|200804|62000.00|0|002|118|||||5.780|0.00||||||||||||||||||||62000.00
F08Q10002145|200805|62000.00|0|003|117|||||5.780|0.00||||||||||||||||||||62000.00
F08Q10002145|200806|0.00|0|004|116|||01|200806|5.780|0.00|||||||||||||||61525.80|||||0.00
F08Q10002159|200801|423000.00|0|000|360|||||5.875|0.00||||||||||||||||||||423000.00
F08Q10002159|200802|423000.00|0|001|359|||||5.875|0.00||||||||||||||||||||423000.00
F08Q10002159|200803|422000.00|0|002|358|||||5.875|0.00||||||||||||||||||||422000.00
F08Q10002159|200804|422000.00|0|003|357|||||5.875|0.00||||||||||||||||||||422000.00
F08Q10002159|200805|0.00|0|004|356|||01|200805|5.875|0.00|||||||||||||||421699.87|||||0.00
F08Q10002273|200802|417000.00|0|000|360|||||6.375|0.00||||||||||||||||||||417000.00
F08Q10002273|200803|417000.00|0|001|359|||||6.375|0.00||||||||||||||||||||417000.00
F08Q10002273|200804|416000.00|0|002|358|||||6.375|0.00||||||||||||||||||||416000.00
F08Q10002273|200805|416000.00|0|003|357|||||6.375|0.00||||||||||||||||||||416000.00
F08Q10002273|200806|415000.00|0|004|356|||||6.375|0.00||||||||||||||||||||415000.00
F08Q10002273|200807|415000.00|0|005|355|||||6.375|0.00||||||||||||||||||||415000.00
F08Q10002273|200808|415000.00|0|006|354|||||6.375|0.00||||||||||||||||||||415000.00
F08Q10002273|200809|414252.93|0|007|353|||||6.375|0.00||||||||||||||||||||414252.93
F08Q10002273|200810|413852.11|0|008|352|||||6.375|0.00||||||||||||||||||||413852.11
F08Q10002273|200811|413449.16|0|009|351|||||6.375|0.00||||||||||||||||||||413449.16
F08Q10002273|200812|413044.07|0|010|350|||||6.375|0.00||||||||||||||||||||413044.07
F08Q10002273|200901|412636.83|0|011|349|||||6.375|0.00||||||||||||||||||||412636.83
F08Q10002273|200902|412227.42|0|012|348|||||6.375|0.00||||||||||||||||||||412227.42
F08Q10002273|200903|411815.84|0|013|347|||||6.375|0.00||||||||||||||||||||411815.84
F08Q10002273|200904|411402.07|0|014|346|||||6.375|0.00||||||||||||||||||||411402.07
F08Q10002273|200905|410986.10|0|015|345|||||6.375|0.00||||||||||||||||||||410986.10
F08Q10002273|200906|410567.92|0|016|344|||||6.375|0.00||||||||||||||||||||410567.92
F08Q10002273|200907|410147.52|0|017|343|||||6.375|0.00||||||||||||||||||||410147.52
F08Q10002273|200908|409724.89|0|018|342|||||6.375|0.00||||||||||||||||||||409724.89
F08Q10002273|200909|409300.01|0|019|341|||||6.375|0.00||||||||||||||||||||409300.01
F08Q10002273|200910|408872.88|0|020|340|||||6.375|0.00||||||||||||||||||||408872.88
F08Q10002273|200911|408443.48|0|021|339|||||6.375|0.00||||||||||||||||||||408443.48
F08Q10002273|200912|408011.80|0|022|338|||||6.375|0.00||||||||||||||||||||408011.80
F08Q10002273|201001|407577.82|0|023|337|||||6.375|0.00||||||||||||||||||||407577.82
F08Q10002273|201002|407141.54|0|024|336|||||6.375|0.00||||||||||||||||||||407141.54
F08Q10002273|201003|406702.94|0|025|335|||||6.375|0.00||||||||||||||||||||406702.94
F08Q10002273|201004|406262.01|0|026|334|||||6.375|0.00||||||||||||||||||||406262.01
F08Q10002273|201005|405818.74|0|027|333|||||6.375|0.00||||||||||||||||||||405818.74
F08Q10002273|201006|405373.11|0|028|332|||||6.375|0.00||||||||||||||||||||405373.11
F08Q10002273|201007|404925.11|0|029|331|||||6.375|0.00||||||||||||||||||||404925.11
F08Q10002273|201008|404474.73|0|030|330|||||6.375|0.00||||||||||||||||||||404474.73
F08Q10002273|201009|404021.96|0|031|329|||||6.375|0.00||||||||||||||||||||404021.96
F08Q10002273|201010|403566.79|0|032|328|||||6.375|0.00||||||||||||||||||||403566.79
F08Q10002273|201011|403109.20|0|033|327|||||6.375|0.00||||||||||||||||||||403109.20
F08Q10002273|201012|402649.18|0|034|326|||||6.375|0.00||||||||||||||||||||402649.18
F08Q10002273|201101|402186.71|0|035|325|||||6.375|0.00||||||||||||||||||||402186.71
F08Q10002273|201102|401721.79|0|036|324|||||6.375|0.00||||||||||||||||||||401721.79
F08Q10002273|201103|401254.40|0|037|323|||||6.375|0.00||||||||||||||||||||401254.40
F08Q10002273|201104|400784.52|0|038|322|||||6.375|0.00||||||||||||||||||||400784.52
F08Q10002273|201105|400312.15|0|039|321|||||6.375|0.00||||||||||||||||||||400312.15
F08Q10002273|201106|399837.27|0|040|320|||||6.375|0.00||||||||||||||||||||399837.27
F08Q10002273|201107|399359.87|0|041|319|||||6.375|0.00||||||||||||||||||||399359.87
F08Q10002273|201108|398879.93|0|042|318|||||6.375|0.00||||||||||||||||||||398879.93
F08Q10002273|201109|398397.44|0|043|317|||||6.375|0.00||||||||||||||||||||398397.44
F08Q10002273|201110|397912.39|0|044|316|||||6.375|0.00||||||||||||||||||||397912.39
F08Q10002273|201111|397424.76|0|045|315|||||6.375|0.00||||||||||||||||||||397424.76
F08Q10002273|201112|396934.54|0|046|314|||||6.375|0.00||||||||||||||||||||396934.54
F08Q10002273|201201|396441.71|0|047|313|||||6.375|0.00||||||||||||||||||||396441.71
F08Q10002273|201202|395946.27|0|048|312|||||6.375|0.00||||||||||||||||||||395946.27
F08Q10002273|201203|395448.19|0|049|311|||||6.375|0.00||||||||||||||||||||395448.19
F08Q10002273|201204|394947.47|0|050|310|||||6.375|0.00||||||||||||||||||||394947.47
F08Q10002273|201205|394444.09|0|051|309|||||6.375|0.00||||||||||||||||||||394444.09
F08Q10002273|201206|393938.03|0|052|308|||||6.375|0.00||||||||||||||||||||393938.03
F08Q10002273|201207|393429.29|0|053|307|||||6.375|0.00||||||||||||||||||||393429.29
F08Q10002273|201208|392917.84|0|054|306|||||6.375|0.00||||||||||||||||||||392917.84
F08Q10002273|201209|392403.68|0|055|305|||||6.375|0.00||||||||||||||||||||392403.68
F08Q10002273|201210|391886.78|0|056|304|||||6.375|0.00||||||||||||||||||||391886.78
F08Q10002273|201211|391367.14|0|057|303|||||6.375|0.00||||||||||||||||||||391367.14
F08Q10002273|201212|390844.74|0|058|302|||||6.375|0.00||||||||||||||||||||390844.74
F08Q10002273|201301|390319.56|0|059|301|||||6.375|0.00||||||||||||||||||||390319.56
F08Q10002273|201302|389791.59|0|060|300|||||6.375|0.00||||||||||||||||||||389791.59
F08Q10002273|201303|389260.82|0|061|299|||||6.375|0.00||||||||||||||||||||389260.82
F08Q10002273|201304|388727.23|0|062|298|||||6.375|0.00||||||||||||||||||||388727.23
F08Q10002273|201305|388190.80|0|063|297|||||6.375|0.00||||||||||||||||||||388190.80
F08Q10002273|201306|387651.52|0|064|296|||||6.375|0.00||||||||||||||||||||387651.52
F08Q10002273|201307|387109.38|0|065|295|||||6.375|0.00||||||||||||||||||||387109.38
F08Q10002273|201308|386564.36|0|066|294|||||6.375|0.00||||||||||||||||||||386564.36
F08Q10002273|201309|386016.44|0|067|293|||||6.375|0.00||||||||||||||||||||386016.44
F08Q10002273|201310|385465.61|0|068|292|||||6.375|0.00||||||||||||||||||||385465.61
F08Q10002273|201311|384911.86|0|069|291|||||6.375|0.00||||||||||||||||||||384911.86
F08Q10002273|201312|384355.16|0|070|290|||||6.375|0.00||||||||||||||||||||384355.16
F08Q10002273|201401|383795.51|0|071|289|||||6.375|0.00||||||||||||||||||||383795.51
F08Q10002273|201402|383232.88|0|072|288|||||6.375|0.00||||||||||||||||||||383232.88
F08Q10002273|201403|382667.26|0|073|287|||||6.375|0.00||||||||||||||||||||382667.26
F08Q10002273|201404|382098.64|0|074|286|||||6.375|0.00||||||||||||||||||||382098.64
F08Q10002273|201405|381527.00|0|075|285|||||6.375|0.00||||||||||||||||||||381527.00
F08Q10002273|201406|380952.32|0|076|284|||||6.375|0.00||||||||||||||||||||380952.32
F08Q10002273|201407|380374.59|0|077|283|||||6.375|0.00||||||||||||||||||||380374.59
F08Q10002273|201408|379793.79|0|078|282|||||6.375|0.00||||||||||||||||||||379793.79
F08Q10002273|201409|379209.90|0|079|281|||||6.375|0.00||||||||||||||||||||379209.90
F08Q10002273|201410|378622.91|0|080|280|||||6.375|0.00||||||||||||||||||||378622.91
F08Q10002273|201411|378032.80|0|081|279|||||6.375|0.00||||||||||||||||||||378032.80
F08Q10002273|201412|377439.56|0|082|278|||||6.375|0.00||||||||||||||||||||377439.56
F08Q10002273|201501|376843.17|0|083|277|||||6.375|0.00||||||||||||||||||||376843.17
F08Q10002273|201502|376243.61|0|084|276|||||6.375|0.00||||||||||||||||||||376243.61
F08Q10002273|201503|375640.86|0|085|275|||||6.375|0.00||||||||||||||||||||375640.86
F08Q10002273|201504|375034.91|0|086|274|||||6.375|0.00||||||||||||||||||||375034.91
F08Q10002273|201505|374425.74|0|087|273|||||6.375|0.00||||||||||||||||||||374425.74
F08Q10002273|201506|373813.34|0|088|272|||||6.375|0.00||||||||||||||||||||373813.34
F08Q10002273|201507|373197.68|0|089|271|||||6.375|0.00||||||||||||||||||||373197.68
F08Q10002273|201508|372578.75|0|090|270|||||6.375|0.00||||||||||||||||||||372578.75
F08Q10002273|201509|371956.53|0|091|269|||||6.375|0.00||||||||||||||||||||371956.53
F08Q10002273|201510|371331.01|0|092|268|||||6.375|0.00||||||||||||||||||||371331.01
F08Q10002273|201511|370702.17|0|093|267|||||6.375|0.00||||||||||||||||||||370702.17
F08Q10002273|201512|370069.99|0|094|266|||||6.375|0.00||||||||||||||||||||370069.99
F08Q10002273|201601|369434.45|0|095|265|||||6.375|0.00||||||||||||||||||||369434.45
F08Q10002273|201602|368795.53|0|096|264|||||6.375|0.00||||||||||||||||||||368795.53
F08Q10002273|201603|368153.22|0|097|263|||||6.375|0.00||||||||||||||||||||368153.22
F08Q10002273|201604|367507.49|0|098|262|||||6.375|0.00||||||||||||||||||||367507.49
F08Q10002273|201605|366858.33|0|099|261|||||6.375|0.00||||||||||||||||||||366858.33
F08Q10002273|201606|366205.72|0|100|260|||||6.375|0.00||||||||||||||||||||366205.72
F08Q10002273|201607|365549.65|0|101|259|||||6.375|0.00||||||||||||||||||||365549.65
F08Q10002273|201608|364890.09|0|102|258|||||6.375|0.00||||||||||||||||||||364890.09
F08Q10002273|201609|364227.03|0|103|257|||||6.375|0.00||||||||||||||||||||364227.03
F08Q10002273|201610|363560.45|0|104|256|||||6.375|0.00||||||||||||||||||||363560.45
F08Q10002273|201611|362890.32|0|105|255|||||6.375|0.00||||||||||||||||||||362890.32
F08Q10002273|201612|362216.63|0|106|254|||||6.375|0.00||||||||||||||||||||362216.63
F08Q10002273|201701|361539.37|0|107|253|||||6.375|0.00||||||||||||||||||||361539.37
F08Q10002273|201702|360858.51|0|108|252|||||6.375|0.00||||||||||||||||||||360858.51
F08Q10002273|201703|360174.03|0|109|251|||||6.375|0.00||||||||||||||||||||360174.03
F08Q10002273|201704|359485.91|0|110|250|||||6.375|0.00||||||||||||||78||||||359485.91
F08Q10002273|201705|358794.14|0|111|249|||||6.375|0.00||||||||||||||80||||||358794.14
F08Q10002273|201706|358098.69|0|112|248|||||6.375|0.00||||||||||||||999||||||358098.69
F08Q10002273|201707|357399.55|0|113|247|||||6.375|0.00||||||||||||||80||||||357399.55
F08Q10002273|201708|356696.70|0|114|246|||||6.375|0.00||||||||||||||999||||||356696.70
F08Q10002273|201709|355990.11|0|115|245|||||6.375|0.00||||||||||||||999||||||355990.11
F08Q10002273|201710|355279.77|0|116|244|||||6.375|0.00||||||||||||||999||||||355279.77
F08Q10002273|201711|354565.65|0|117|243|||||6.375|0.00||||||||||||||999||||||354565.65
F08Q10002273|201712|353847.74|0|118|242|||||6.375|0.00||||||||||||||999||||||353847.74
F08Q10002273|201801|353126.02|0|119|241|||||6.375|0.00||||||||||||||999||||||353126.02
F08Q10002273|201802|352400.46|0|120|240|||||6.375|0.00||||||||||||||999||||||352400.46
F08Q10002273|201803|351671.05|0|121|239|||||6.375|0.00||||||||||||||999||||||351671.05
F08Q10002273|201804|350937.76|0|122|238|||||6.375|0.00||||||||||||||999||||||350937.76
F08Q10002273|201805|350200.58|0|123|237|||||6.375|0.00||||||||||||||999||||||350200.58
F08Q10002273|201806|349459.48|0|124|236|||||6.375|0.00||||||||||||||999||||||349459.48
F08Q10002273|201807|348714.44|0|125|235|||||6.375|0.00||||||||||||||999||||||348714.44
F08Q10002273|201808|347965.45|0|126|234|||||6.375|0.00||||||||||||||999||||||347965.45
F08Q10002273|201809|347212.48|0|127|233|||||6.375|0.00||||||||||||||999||||||347212.48
F08Q10002273|201810|346455.51|0|128|232|||||6.375|0.00||||||||||||||999||||||346455.51
F08Q10002273|201811|345694.51|0|129|231|||||6.375|0.00||||||||||||||999||||||345694.51
F08Q10002273|201812|344929.47|0|130|230|||||6.375|0.00||||||||||||||78||||||344929.47
F08Q10002273|201901|344160.37|0|131|229|||||6.375|0.00||||||||||||||78||||||344160.37
F08Q10002273|201902|343387.18|0|132|228|||||6.375|0.00||||||||||||||78||||||343387.18
F08Q10002273|201903|342609.88|0|133|227|||||6.375|0.00||||||||||||||77||||||342609.88
F08Q10002273|201904|341828.45|0|134|226|||||6.375|0.00||||||||||||||77||||||341828.45
F08Q10002273|201905|341042.87|0|135|225|||||6.375|0.00||||||||||||||77||||||341042.87
F08Q10002273|201906|340253.12|0|136|224|||||6.375|0.00||||||||||||||73||||||340253.12
F08Q10002273|201907|339459.17|0|137|223|||||6.375|0.00||||||||||||||76||||||339459.17
F08Q10002273|201908|338661.01|0|138|222|||||6.375|0.00||||||||||||||78||||||338661.01
F08Q10002273|201909|337858.61|0|139|221|||||6.375|0.00||||||||||||||75||||||337858.61
F08Q10002273|201910|337051.94|0|140|220|||||6.375|0.00||||||||||||||75||||||337051.94
F08Q10002273|201911|336240.99|0|141|219|||||6.375|0.00||||||||||||||75||||||336240.99
F08Q10002273|201912|335425.73|0|142|218|||||6.375|0.00||||||||||||||75||||||335425.73
F08Q10002273|202001|334606.14|0|143|217|||||6.375|0.00||||||||||||||75||||||334606.14
F08Q10002273|202002|333782.20|0|144|216|||||6.375|0.00||||||||||||||74||||||333782.20
F08Q10002273|202003|332953.88|0|145|215|||||6.375|0.00||||||||||||||74||||||332953.88
F08Q10002273|202004|332121.16|0|146|214|||||6.375|0.00||||||||||||||72||||||332121.16
F08Q10002273|202005|331284.01|0|147|213|||||6.375|0.00||||||||||||||73||||||331284.01
F08Q10002273|202006|330442.42|0|148|212|||||6.375|0.00||||||||||||||72||||||330442.42
F08Q10002273|202007|329596.36|0|149|211|||||6.375|0.00||||||||||||||73||||||329596.36
F08Q10002273|202008|328745.80|0|150|210|||||6.375|0.00||||||||||||||73||||||328745.80
F08Q10002273|202009|327890.72|0|151|209|||||6.375|0.00||||||||||||||70||||||327890.72
F08Q10002273|202010|327031.10|0|152|208|||||6.375|0.00||||||||||||||67||||||327031.10
F08Q10002273|202011|326166.91|0|153|207|||||6.375|0.00||||||||||||||66||||||326166.91
F08Q10002273|202012|325298.13|0|154|206|||||6.375|0.00||||||||||||||64||||||325298.13
F08Q10002273|202101|324424.74|0|155|205|||||6.375|0.00||||||||||||||61||||||324424.74
F08Q10002273|202102|323546.71|0|156|204|||||6.375|0.00||||||||||||||60||||||323546.71
F08Q10002273|202103|322664.01|0|157|203|||||6.375|0.00||||||||||||||58||||||322664.01
F08Q10002273|202104|321776.62|0|158|202|||||6.375|0.00||||||||||||||55||||||321776.62
F08Q10002273|202105|319987.68|0|159|201|||||6.375|0.00||||||||||||||48||||||319987.68
F08Q10002273|202106|0.00|0|160|200|||01|202106|6.375|0.00|202106|||||||||||||999|319987.68|||||0.00
F08Q10002484|200802|152000.00|0|000|360|||||5.750|0.00||||||||||||||||||||152000.00
F08Q10002484|200803|152000.00|0|001|359|||||5.750|0.00||||||||||||||||||||152000.00
F08Q10002484|200804|152000.00|0|002|358|||||5.750|0.00||||||||||||||||||||152000.00
F08Q10002484|200805|152000.00|0|003|357|||||5.750|0.00||||||||||||||||||||152000.00
F08Q10002484|200806|152000.00|0|004|356|||||5.750|0.00||||||||||||||||||||152000.00
F08Q10002484|200807|151000.00|0|005|355|||||5.750|0.00||||||||||||||||||||151000.00
F08Q10002484|200808|151000.00|0|006|354|||||5.750|0.00||||||||||||||||||||151000.00
F08Q10002484|200809|151121.17|0|007|353|||||5.750|0.00||||||||||||||||||||151121.17
F08Q10002484|200810|150956.80|0|008|352|||||5.750|0.00||||||||||||||||||||150956.80
F08Q10002484|200811|150791.64|0|009|351|||||5.750|0.00||||||||||||||||||||150791.64
F08Q10002484|200812|150625.69|0|010|350|||||5.750|0.00||||||||||||||||||||150625.69
F08Q10002484|200901|150458.95|0|011|349|||||5.750|0.00||||||||||||||||||||150458.95
F08Q10002484|200902|150291.41|0|012|348|||||5.750|0.00||||||||||||||||||||150291.41
F08Q10002484|200903|150123.07|0|013|347|||||5.750|0.00||||||||||||||||||||150123.07
F08Q10002484|200904|149953.92|0|014|346|||||5.750|0.00||||||||||||||||||||149953.92
F08Q10002484|200905|149783.96|0|015|345|||||5.750|0.00||||||||||||||||||||149783.96
F08Q10002484|200906|0.00|0|016|344|||01|200906|5.750|0.00|||||||||||||||149783.96|||||0.00
F08Q10002515|200802|228000.00|0|000|360|||||5.750|0.00||||||||||||||||||||228000.00
F08Q10002515|200803|228000.00|0|001|359|||||5.750|0.00||||||||||||||||||||228000.00
F08Q10002515|200804|228000.00|0|002|358|||||5.750|0.00||||||||||||||||||||228000.00
F08Q10002515|200805|227000.00|0|003|357|||||5.750|0.00||||||||||||||||||||227000.00
F08Q10002515|200806|227000.00|0|004|356|||||5.750|0.00||||||||||||||||||||227000.00
F08Q10002515|200807|227000.00|0|005|355|||||5.750|0.00||||||||||||||||||||227000.00
F08Q10002515|200808|227000.00|0|006|354|||||5.750|0.00||||||||||||||||||||227000.00
F08Q10002515|200809|226303.62|0|007|353|||||5.750|0.00||||||||||||||||||||226303.62
F08Q10002515|200810|226056.61|0|008|352|||||5.750|0.00||||||||||||||||||||226056.61
F08Q10002515|200811|225808.42|0|009|351|||||5.750|0.00||||||||||||||||||||225808.42
F08Q10002515|200812|225559.04|0|010|350|||||5.750|0.00||||||||||||||||||||225559.04
F08Q10002515|200901|225308.46|0|011|349|||||5.750|0.00||||||||||||||||||||225308.46
F08Q10002515|200902|225056.68|0|012|348|||||5.750|0.00||||||||||||||||||||225056.68
F08Q10002515|200903|224803.97|0|013|347|||||5.750|0.00||||||||||||||||||||224803.97
F08Q10002515|200904|224550.61|0|014|346|||||5.750|0.00||||||||||||||||||||224550.61
F08Q10002515|200905|224296.03|0|015|345|||||5.750|0.00||||||||||||||||||||224296.03
F08Q10002515|200906|224040.23|0|016|344|||||5.750|0.00||||||||||||||||||||224040.23
F08Q10002515|200907|223783.21|0|017|343|||||5.750|0.00||||||||||||||||||||223783.21
F08Q10002515|200908|223524.95|0|018|342|||||5.750|0.00||||||||||||||||||||223524.95
F08Q10002515|200909|223265.46|0|019|341|||||5.750|0.00||||||||||||||||||||223265.46
F08Q10002515|200910|223004.72|0|020|340|||||5.750|0.00||||||||||||||||||||223004.72
F08Q10002515|200911|222742.73|0|021|339|||||5.750|0.00||||||||||||||||||||222742.73
F08Q10002515|200912|222479.49|0|022|338|||||5.750|0.00||||||||||||||||||||222479.49
F08Q10002515|201001|222214.99|0|023|337|||||5.750|0.00||||||||||||||||||||222214.99
F08Q10002515|201002|221949.22|0|024|336|||||5.750|0.00||||||||||||||||||||221949.22
F08Q10002515|201003|221682.18|0|025|335|||||5.750|0.00||||||||||||||||||||221682.18
F08Q10002515|201004|221413.86|0|026|334|||||5.750|0.00||||||||||||||||||||221413.86
F08Q10002515|201005|221144.25|0|027|333|||||5.750|0.00||||||||||||||||||||221144.25
F08Q10002515|201006|220873.35|0|028|332|||||5.750|0.00||||||||||||||||||||220873.35
F08Q10002515|201007|220601.15|0|029|331|||||5.750|0.00||||||||||||||||||||220601.15
F08Q10002515|201008|220327.65|0|030|330|||||5.750|0.00||||||||||||||||||||220327.65
F08Q10002515|201009|220052.84|0|031|329|||||5.750|0.00||||||||||||||||||||220052.84
F08Q10002515|201010|219776.50|0|032|328|||||5.750|0.00||||||||||||||||||||219776.50
F08Q10002515|201011|219498.55|0|033|327|||||5.750|0.00||||||||||||||||||||219498.55
F08Q10002515|201012|219219.26|0|034|326|||||5.750|0.00||||||||||||||||||||219219.26
F08Q10002515|201101|218938.64|0|035|325|||||5.750|0.00||||||||||||||||||||218938.64
F08Q10002515|201102|218656.68|0|036|324|||||5.750|0.00||||||||||||||||||||218656.68
F08Q10002515|201103|218373.86|0|037|323|||||5.750|0.00||||||||||||||||||||218373.86
F08Q10002515|201104|218089.68|0|038|322|||||5.750|0.00||||||||||||||||||||218089.68
F08Q10002515|201105|217804.14|0|039|321|||||5.750|0.00||||||||||||||||||||217804.14
F08Q10002515|201106|217512.73|0|040|320|||||5.750|0.00||||||||||||||||||||217512.73
F08Q10002515|201107|217219.94|0|041|319|||||5.750|0.00||||||||||||||||||||217219.94
F08Q10002515|201108|216928.32|0|042|318|||||5.750|0.00||||||||||||||||||||216928.32
F08Q10002515|201109|216635.30|0|043|317|||||5.750|0.00||||||||||||||||||||216635.30
F08Q10002515|201110|216340.87|0|044|316|||||5.750|0.00||||||||||||||||||||216340.87
F08Q10002515|201111|216045.04|0|045|315|||||5.750|0.00||||||||||||||||||||216045.04
F08Q10002515|201112|215747.79|0|046|314|||||5.750|0.00||||||||||||||||||||215747.79
F08Q10002515|201201|215449.11|0|047|313|||||5.750|0.00||||||||||||||||||||215449.11
F08Q10002515|201202|215149.00|0|048|312|||||5.750|0.00||||||||||||||||||||215149.00
F08Q10002515|201203|214847.46|0|049|311|||||5.750|0.00||||||||||||||||||||214847.46
F08Q10002515|201204|214544.47|0|050|310|||||5.750|0.00||||||||||||||||||||214544.47
F08Q10002515|201205|214240.03|0|051|309|||||5.750|0.00||||||||||||||||||||214240.03
F08Q10002515|201206|213934.13|0|052|308|||||5.750|0.00||||||||||||||||||||213934.13
F08Q10002515|201207|213934.13|0|053|307|||||5.750|0.00||||||||||||||||||||213934.13
F08Q10002515|201208|0.00|0|054|306|||01|201208|5.750|0.00|||||||||||||||213934.13|||||0.00
F08Q10002581|200802|80000.00|0|000|180|||||6.000|0.00||||||||||||||||||||80000.00
F08Q10002581|200803|80000.00|0|001|179|||||6.000|0.00||||||||||||||||||||80000.00
F08Q10002581|200804|79000.00|0|002|178|||||6.000|0.00||||||||||||||||||||79000.00
F08Q10002581|200805|79000.00|0|003|177|||||6.000|0.00||||||||||||||||||||79000.00
F08Q10002581|200806|79000.00|0|004|176|||||6.000|0.00||||||||||||||||||||79000.00
F08Q10002581|200807|79000.00|0|005|175|||||6.000|0.00||||||||||||||||||||79000.00
F08Q10002581|200808|78000.00|0|006|174|||||6.000|0.00||||||||||||||||||||78000.00
F08Q10002581|200809|78045.23|0|007|173|||||6.000|0.00||||||||||||||||||||78045.23
F08Q10002581|200810|77760.37|0|008|172|||||6.000|0.00||||||||||||||||||||77760.37
F08Q10002581|200811|77474.08|0|009|171|||||6.000|0.00||||||||||||||||||||77474.08
F08Q10002581|200812|77186.36|0|010|170|||||6.000|0.00||||||||||||||||||||77186.36
F08Q10002581|200901|76897.20|0|011|169|||||6.000|0.00||||||||||||||||||||76897.20
F08Q10002581|200902|76606.60|0|012|168|||||6.000|0.00||||||||||||||||||||76606.60
F08Q10002581|200903|76314.54|0|013|167|||||6.000|0.00||||||||||||||||||||76314.54
F08Q10002581|200904|76021.00|0|014|166|||||6.000|0.00||||||||||||||||||||76021.00
F08Q10002581|200905|75726.00|0|015|165|||||6.000|0.00||||||||||||||||||||75726.00
F08Q10002581|200906|75429.52|0|016|164|||||6.000|0.00||||||||||||||||||||75429.52
F08Q10002581|200907|75131.56|0|017|163|||||6.000|0.00||||||||||||||||||||75131.56
F08Q10002581|200908|74832.11|0|018|162|||||6.000|0.00||||||||||||||||||||74832.11
F08Q10002581|200909|74531.16|0|019|161|||||6.000|0.00||||||||||||||||||||74531.16
F08Q10002581|200910|74228.71|0|020|160|||||6.000|0.00||||||||||||||||||||74228.71
F08Q10002581|200911|73924.74|0|021|159|||||6.000|0.00||||||||||||||||||||73924.74
F08Q10002581|200912|73619.25|0|022|158|||||6.000|0.00||||||||||||||||||||73619.25
F08Q10002581|201001|73312.24|0|023|157|||||6.000|0.00||||||||||||||||||||73312.24
F08Q10002581|201002|73003.69|0|024|156|||||6.000|0.00||||||||||||||||||||73003.69
F08Q10002581|201003|72685.60|0|025|155|||||6.000|0.00||||||||||||||||||||72685.60
F08Q10002581|201004|72365.92|0|026|154|||||6.000|0.00||||||||||||||||||||72365.92
F08Q10002581|201005|72044.64|0|027|153|||||6.000|0.00||||||||||||||||||||72044.64
F08Q10002581|201006|71721.75|0|028|152|||||6.000|0.00||||||||||||||||||||71721.75
F08Q10002581|201007|71397.25|0|029|151|||||6.000|0.00||||||||||||||||||||71397.25
F08Q10002581|201008|71071.13|0|030|150|||||6.000|0.00||||||||||||||||||||71071.13
F08Q10002581|201009|70743.38|0|031|149|||||6.000|0.00||||||||||||||||||||70743.38
F08Q10002581|201010|70743.38|0|032|148|||||6.000|0.00||||||||||||||||||||70743.38
F08Q10002581|201011|70082.95|0|033|147|||||6.000|0.00||||||||||||||||||||70082.95
F08Q10002581|201012|69750.25|0|034|146|||||6.000|0.00||||||||||||||||||||69750.25
F08Q10002581|201101|69415.89|0|035|145|||||6.000|0.00||||||||||||||||||||69415.89
F08Q10002581|201102|69079.86|0|036|144|||||6.000|0.00||||||||||||||||||||69079.86
F08Q10002581|201103|68750.17|0|037|143|||||6.000|0.00||||||||||||||||||||68750.17
F08Q10002581|201104|68418.83|0|038|142|||||6.000|0.00||||||||||||||||||||68418.83
F08Q10002581|201105|68085.83|0|039|141|||||6.000|0.00||||||||||||||||||||68085.83
F08Q10002581|201106|67751.17|0|040|140|||||6.000|0.00||||||||||||||||||||67751.17
F08Q10002581|201107|67414.84|0|041|139|||||6.000|0.00||||||||||||||||||||67414.84
F08Q10002581|201108|67076.82|0|042|138|||||6.000|0.00||||||||||||||||||||67076.82
F08Q10002581|201109|66737.11|0|043|137|||||6.000|0.00||||||||||||||||||||66737.11
F08Q10002581|201110|66395.71|0|044|136|||||6.000|0.00||||||||||||||||||||66395.71
F08Q10002581|201111|66052.60|0|045|135|||||6.000|0.00||||||||||||||||||||66052.60
F08Q10002581|201112|65707.77|0|046|134|||||6.000|0.00||||||||||||||||||||65707.77
F08Q10002581|201201|65361.22|0|047|133|||||6.000|0.00||||||||||||||||||||65361.22
F08Q10002581|201202|65012.94|0|048|132|||||6.000|0.00||||||||||||||||||||65012.94
F08Q10002581|201203|64656.91|0|049|131|||||6.000|0.00||||||||||||||||||||64656.91
F08Q10002581|201204|64305.10|0|050|130|||||6.000|0.00||||||||||||||||||||64305.10
F08Q10002581|201205|63950.55|0|051|129|||||6.000|0.00||||||||||||||||||||63950.55
F08Q10002581|201206|63594.22|0|052|128|||||6.000|0.00||||||||||||||||||||63594.22
F08Q10002581|201207|63236.11|0|053|127|||||6.000|0.00||||||||||||||||||||63236.11
F08Q10002581|201208|62877.20|0|054|126|||||6.000|0.00||||||||||||||||||||62877.20
F08Q10002581|201209|62516.50|0|055|125|||||6.000|0.00||||||||||||||||||||62516.50
F08Q10002581|201210|62153.99|0|056|124|||||6.000|0.00||||||||||||||||||||62153.99
F08Q10002581|201211|61789.67|0|057|123|||||6.000|0.00||||||||||||||||||||61789.67
F08Q10002581|201212|61423.53|0|058|122|||||6.000|0.00||||||||||||||||||||61423.53
F08Q10002581|201301|61055.56|0|059|121|||||6.000|0.00||||||||||||||||||||61055.56
F08Q10002581|201302|60685.75|0|060|120|||||6.000|0.00||||||||||||||||||||60685.75
F08Q10002581|201303|60685.75|0|061|119|||||6.000|0.00||||||||||||||||||||60685.75
F08Q10002581|201304|59940.57|0|062|118|||||6.000|0.00||||||||||||||||||||59940.57
F08Q10002581|201305|59565.18|0|063|117|||||6.000|0.00||||||||||||||||||||59565.18
F08Q10002581|201306|59187.92|0|064|116|||||6.000|0.00||||||||||||||||||||59187.92
F08Q10002581|201307|58808.77|0|065|115|||||6.000|0.00||||||||||||||||||||58808.77
F08Q10002581|201308|58427.72|0|066|114|||||6.000|0.00||||||||||||||||||||58427.72
F08Q10002581|201309|58044.77|0|067|113|||||6.000|0.00||||||||||||||||||||58044.77
F08Q10002581|201310|57659.90|0|068|112|||||6.000|0.00||||||||||||||||||||57659.90
F08Q10002581|201311|57273.11|0|069|111|||||6.000|0.00||||||||||||||||||||57273.11
F08Q10002581|201312|56884.39|0|070|110|||||6.000|0.00||||||||||||||||||||56884.39
F08Q10002581|201401|56493.72|0|071|109|||||6.000|0.00||||||||||||||||||||56493.72
F08Q10002581|201402|56101.10|0|072|108|||||6.000|0.00||||||||||||||||||||56101.10
F08Q10002581|201403|55682.44|0|073|107|||||6.000|0.00||||||||||||||||||||55682.44
F08Q10002581|201404|55261.68|0|074|106|||||6.000|0.00||||||||||||||||||||55261.68
F08Q10002581|201405|54838.82|0|075|105|||||6.000|0.00||||||||||||||||||||54838.82
F08Q10002581|201406|54413.84|0|076|104|||||6.000|0.00||||||||||||||||||||54413.84
F08Q10002581|201407|53986.74|0|077|103|||||6.000|0.00||||||||||||||||||||53986.74
F08Q10002581|201408|53557.50|0|078|102|||||6.000|0.00||||||||||||||||||||53557.50
F08Q10002581|201409|53116.12|0|079|101|||||6.000|0.00||||||||||||||||||||53116.12
F08Q10002581|201410|52672.53|0|080|100|||||6.000|0.00||||||||||||||||||||52672.53
F08Q10002581|201411|52231.72|0|081|099|||||6.000|0.00||||||||||||||||||||52231.72
F08Q10002581|201412|51783.71|0|082|098|||||6.000|0.00||||||||||||||||||||51783.71
F08Q10002581|201501|51333.46|0|083|097|||||6.000|0.00||||||||||||||||||||51333.46
F08Q10002581|201502|50875.96|0|084|096|||||6.000|0.00||||||||||||||||||||50875.96
F08Q10002581|201503|50441.63|0|085|095|||||6.000|0.00||||||||||||||||||||50441.63
F08Q10002581|201504|50005.13|0|086|094|||||6.000|0.00||||||||||||||||||||50005.13
F08Q10002581|201505|49566.45|0|087|093|||||6.000|0.00||||||||||||||||||||49566.45
F08Q10002581|201506|49125.57|0|088|092|||||6.000|0.00||||||||||||||||||||49125.57
F08Q10002581|201507|48682.49|0|089|091|||||6.000|0.00||||||||||||||||||||48682.49
F08Q10002581|201508|48227.19|0|090|090|||||6.000|0.00||||||||||||||||||||48227.19
F08Q10002581|201509|47764.62|0|091|089|||||6.000|0.00||||||||||||||||||||47764.62
F08Q10002581|201510|47299.73|0|092|088|||||6.000|0.00||||||||||||||||||||47299.73
F08Q10002581|201511|46827.52|0|093|087|||||6.000|0.00||||||||||||||||||||46827.52
F08Q10002581|201512|46352.95|0|094|086|||||6.000|0.00||||||||||||||||||||46352.95
F08Q10002581|201601|45856.00|0|095|085|||||6.000|0.00||||||||||||||||||||45856.00
F08Q10002581|201602|45351.57|0|096|084|||||6.000|0.00||||||||||||||||||||45351.57
F08Q10002581|201603|44851.57|0|097|083|||||6.000|0.00||||||||||||||||||||44851.57
F08Q10002581|201604|44349.07|0|098|082|||||6.000|0.00||||||||||||||||||||44349.07
F08Q10002581|201605|43844.06|0|099|081|||||6.000|0.00||||||||||||||||||||43844.06
F08Q10002581|201606|43336.52|0|100|080|||||6.000|0.00||||||||||||||||||||43336.52
F08Q10002581|201607|42826.44|0|101|079|||||6.000|0.00||||||||||||||||||||42826.44
F08Q10002581|201608|42313.81|0|102|078|||||6.000|0.00||||||||||||||||||||42313.81
F08Q10002581|201609|41798.62|0|103|077|||||6.000|0.00||||||||||||||||||||41798.62
F08Q10002581|201610|41280.85|0|104|076|||||6.000|0.00||||||||||||||||||||41280.85
F08Q10002581|201611|40760.49|0|105|075|||||6.000|0.00||||||||||||||||||||40760.49
F08Q10002581|201612|40237.53|0|106|074|||||6.000|0.00||||||||||||||||||||40237.53
F08Q10002581|201701|40237.53|0|107|073|||||6.000|0.00||||||||||||||||||||40237.53
F08Q10002581|201702|39183.76|0|108|072|||||6.000|0.00||||||||||||||||||||39183.76
F08Q10002581|201703|38677.44|0|109|071|||||6.000|0.00||||||||||||||||||||38677.44
F08Q10002581|201704|38168.59|0|110|070|||||6.000|0.00||||||||||||||51||||||38168.59
F08Q10002581|201705|37657.19|0|111|069|||||6.000|0.00||||||||||||||49||||||37657.19
F08Q10002581|201706|37143.24|0|112|068|||||6.000|0.00||||||||||||||47||||||37143.24
F08Q10002581|201707|36626.72|0|113|067|||||6.000|0.00||||||||||||||46||||||36626.72
F08Q10002581|201708|36107.61|0|114|066|||||6.000|0.00||||||||||||||46||||||36107.61
F08Q10002581|201709|35585.91|0|115|065|||||6.000|0.00||||||||||||||47||||||35585.91
F08Q10002581|201710|35585.91|0|116|064|||||6.000|0.00||||||||||||||47||||||35585.91
F08Q10002581|201711|34534.67|0|117|063|||||6.000|0.00||||||||||||||45||||||34534.67
F08Q10002581|201712|34005.10|0|118|062|||||6.000|0.00||||||||||||||43||||||34005.10
F08Q10002581|201801|33472.89|0|119|061|||||6.000|0.00||||||||||||||43||||||33472.89
F08Q10002581|201802|32938.01|0|120|060|||||6.000|0.00||||||||||||||42||||||32938.01
F08Q10002581|201803|32376.65|0|121|059|||||6.000|0.00||||||||||||||41||||||32376.65
F08Q10002581|201804|31812.48|0|122|058|||||6.000|0.00||||||||||||||39||||||31812.48
F08Q10002581|201805|31245.49|0|123|057|||||6.000|0.00||||||||||||||37||||||31245.49
F08Q10002581|201806|30675.67|0|124|056|||||6.000|0.00||||||||||||||36||||||30675.67
F08Q10002581|201807|30103.00|0|125|055|||||6.000|0.00||||||||||||||36||||||30103.00
F08Q10002581|201808|29527.47|0|126|054|||||6.000|0.00||||||||||||||36||||||29527.47
F08Q10002581|201809|28949.06|0|127|053|||||6.000|0.00||||||||||||||35||||||28949.06
F08Q10002581|201810|28367.76|0|128|052|||||6.000|0.00||||||||||||||33||||||28367.76
F08Q10002581|201811|27783.55|0|129|051|||||6.000|0.00||||||||||||||32||||||27783.55
F08Q10002581|201812|27196.42|0|130|050|||||6.000|0.00||||||||||||||32||||||27196.42
F08Q10002581|201901|26606.35|0|131|049|||||6.000|0.00||||||||||||||31||||||26606.35
F08Q10002581|201902|26013.33|0|132|048|||||6.000|0.00||||||||||||||30||||||26013.33
F08Q10002581|201903|25381.13|0|133|047|||||6.000|0.00||||||||||||||29||||||25381.13
F08Q10002581|201904|24580.22|0|134|046|||||6.000|0.00||||||||||||||27||||||24580.22
F08Q10002581|201905|23940.85|0|135|045|||||6.000|0.00||||||||||||||27||||||23940.85
F08Q10002581|201906|23298.28|0|136|044|||||6.000|0.00||||||||||||||26||||||23298.28
F08Q10002581|201907|22652.50|0|137|043|||||6.000|0.00||||||||||||||25||||||22652.50
F08Q10002581|201908|22003.49|0|138|042|||||6.000|0.00||||||||||||||25||||||22003.49
F08Q10002581|201909|21351.24|0|139|041|||||6.000|0.00||||||||||||||24||||||21351.24
F08Q10002581|201910|20695.73|0|140|040|||||6.000|0.00||||||||||||||23||||||20695.73
F08Q10002581|201911|20036.94|0|141|039|||||6.000|0.00||||||||||||||23||||||20036.94
F08Q10002581|201912|19374.85|0|142|038|||||6.000|0.00||||||||||||||22||||||19374.85
F08Q10002581|202001|18709.45|0|143|037|||||6.000|0.00||||||||||||||22||||||18709.45
F08Q10002581|202002|18040.73|0|144|036|||||6.000|0.00||||||||||||||21||||||18040.73
F08Q10002581|202003|17366.42|0|145|035|||||6.000|0.00||||||||||||||21||||||17366.42
F08Q10002581|202004|16688.74|0|146|034|||||6.000|0.00||||||||||||||19||||||16688.74
F08Q10002581|202005|0.00|0|147|033|||01|202005|6.000|0.00|202005|||||||||||||999|16688.74|||||0.00
F08Q10002606|200802|186000.00|0|000|360|||||6.000|0.00||||||||||||||||||||186000.00
F08Q10002606|200803|186000.00|0|001|359|||||6.000|0.00||||||||||||||||||||186000.00
F08Q10002606|200804|186000.00|0|002|358|||||6.000|0.00||||||||||||||||||||186000.00
F08Q10002606|200805|185000.00|0|003|357|||||6.000|0.00||||||||||||||||||||185000.00
F08Q10002606|200806|185000.00|0|004|356|||||6.000|0.00||||||||||||||||||||185000.00
F08Q10002606|200807|185000.00|0|005|355|||||6.000|0.00||||||||||||||||||||185000.00
F08Q10002606|200808|185000.00|0|006|354|||||6.000|0.00||||||||||||||||||||185000.00
F08Q10002606|200809|184684.27|0|007|353|||||6.000|0.00||||||||||||||||||||184684.27
F08Q10002606|200810|184492.53|0|008|352|||||6.000|0.00||||||||||||||||||||184492.53
F08Q10002606|200811|184299.83|0|009|351|||||6.000|0.00||||||||||||||||||||184299.83
F08Q10002606|200812|184106.17|0|010|350|||||6.000|0.00||||||||||||||||||||184106.17
F08Q10002606|200901|183911.54|0|011|349|||||6.000|0.00||||||||||||||||||||183911.54
F08Q10002606|200902|183715.94|0|012|348|||||6.000|0.00||||||||||||||||||||183715.94
F08Q10002606|200903|183519.36|0|013|347|||||6.000|0.00||||||||||||||||||||183519.36
F08Q10002606|200904|183321.80|0|014|346|||||6.000|0.00||||||||||||||||||||183321.80
F08Q10002606|200905|183123.25|0|015|345|||||6.000|0.00||||||||||||||||||||183123.25
F08Q10002606|200906|182923.71|0|016|344|||||6.000|0.00||||||||||||||||||||182923.71
F08Q10002606|200907|182723.17|0|017|343|||||6.000|0.00||||||||||||||||||||182723.17
F08Q10002606|200908|182521.63|0|018|342|||||6.000|0.00||||||||||||||||||||182521.63
F08Q10002606|200909|182319.08|0|019|341|||||6.000|0.00||||||||||||||||||||182319.08
F08Q10002606|200910|182115.52|0|020|340|||||6.000|0.00||||||||||||||||||||182115.52
F08Q10002606|200911|181910.94|0|021|339|||||6.000|0.00||||||||||||||||||||181910.94
F08Q10002606|200912|181705.33|0|022|338|||||6.000|0.00||||||||||||||||||||181705.33
F08Q10002606|201001|181498.70|0|023|337|||||6.000|0.00||||||||||||||||||||181498.70
F08Q10002606|201002|181498.70|0|024|336|||||6.000|0.00||||||||||||||||||||181498.70
F08Q10002606|201003|181082.33|0|025|335|||||6.000|0.00||||||||||||||||||||181082.33
F08Q10002606|201004|180872.58|0|026|334|||||6.000|0.00||||||||||||||||||||180872.58
F08Q10002606|201005|180661.78|0|027|333|||||6.000|0.00||||||||||||||||||||180661.78
F08Q10002606|201006|180449.93|0|028|332|||||6.000|0.00||||||||||||||||||||180449.93
F08Q10002606|201007|180237.02|0|029|331|||||6.000|0.00||||||||||||||||||||180237.02
F08Q10002606|201008|180023.05|0|030|330|||||6.000|0.00||||||||||||||||||||180023.05
F08Q10002606|201009|0.00|0|031|329|||01|201009|6.000|0.00|||||||||||||||180023.05|||||0.00
F08Q10002713|200803|184000.00|0|000|360|||||5.750|0.00||||||||||||||||||||184000.00
F08Q10002713|200804|184000.00|0|001|359|||||5.750|0.00||||||||||||||||||||184000.00
F08Q10002713|200805|184000.00|0|002|358|||||5.750|0.00||||||||||||||||||||184000.00
F08Q10002713|200806|183000.00|0|003|357|||||5.750|0.00||||||||||||||||||||183000.00
F08Q10002713|200807|183000.00|0|004|356|||||5.750|0.00||||||||||||||||||||183000.00
F08Q10002713|200808|183000.00|0|005|355|||||5.750|0.00||||||||||||||||||||183000.00
F08Q10002713|200809|183000.00|0|006|354|||||5.750|0.00||||||||||||||||||||183000.00
F08Q10002713|200810|182536.50|0|007|353|||||5.750|0.00||||||||||||||||||||182536.50
F08Q10002713|200811|182337.96|0|008|352|||||5.750|0.00||||||||||||||||||||182337.96
F08Q10002713|200812|182138.47|0|009|351|||||5.750|0.00||||||||||||||||||||182138.47
F08Q10002713|200901|181938.03|0|010|350|||||5.750|0.00||||||||||||||||||||181938.03
F08Q10002713|200902|181736.63|0|011|349|||||5.750|0.00||||||||||||||||||||181736.63
F08Q10002713|200903|181534.26|0|012|348|||||5.750|0.00||||||||||||||||||||181534.26
F08Q10002713|200904|181330.92|0|013|347|||||5.750|0.00||||||||||||||||||||181330.92
F08Q10002713|200905|181126.61|0|014|346|||||5.750|0.00||||||||||||||||||||181126.61
F08Q10002713|200906|180921.32|0|015|345|||||5.750|0.00||||||||||||||||||||180921.32
F08Q10002713|200907|180715.04|0|016|344|||||5.750|0.00||||||||||||||||||||180715.04
F08Q10002713|200908|180507.78|0|017|343|||||5.750|0.00||||||||||||||||||||180507.78
F08Q10002713|200909|180299.52|0|018|342|||||5.750|0.00||||||||||||||||||||180299.52
F08Q10002713|200910|180090.27|0|019|341|||||5.750|0.00||||||||||||||||||||180090.27
F08Q10002713|200911|179880.01|0|020|340|||||5.750|0.00||||||||||||||||||||179880.01
F08Q10002713|200912|179668.75|0|021|339|||||5.750|0.00||||||||||||||||||||179668.75
F08Q10002713|201001|179456.47|0|022|338|||||5.750|0.00||||||||||||||||||||179456.47
F08Q10002713|201002|179243.18|0|023|337|||||5.750|0.00||||||||||||||||||||179243.18
F08Q10002713|201003|179028.86|0|024|336|||||5.750|0.00||||||||||||||||||||179028.86
F08Q10002713|201004|178813.52|0|025|335|||||5.750|0.00||||||||||||||||||||178813.52
F08Q10002713|201005|178597.14|0|026|334|||||5.750|0.00||||||||||||||||||||178597.14
F08Q10002713|201006|178379.73|0|027|333|||||5.750|0.00||||||||||||||||||||178379.73
F08Q10002713|201007|178161.28|0|028|332|||||5.750|0.00||||||||||||||||||||178161.28
F08Q10002713|201008|177941.78|0|029|331|||||5.750|0.00||||||||||||||||||||177941.78
F08Q10002713|201009|177721.23|0|030|330|||||5.750|0.00||||||||||||||||||||177721.23
F08Q10002713|201010|177499.62|0|031|329|||||5.750|0.00||||||||||||||||||||177499.62
F08Q10002713|201011|177276.95|0|032|328|||||5.750|0.00||||||||||||||||||||177276.95
F08Q10002713|201012|177053.21|0|033|327|||||5.750|0.00||||||||||||||||||||177053.21
F08Q10002713|201101|176828.40|0|034|326|||||5.750|0.00||||||||||||||||||||176828.40
F08Q10002713|201102|176602.51|0|035|325|||||5.750|0.00||||||||||||||||||||176602.51
F08Q10002713|201103|176375.54|0|036|324|||||5.750|0.00||||||||||||||||||||176375.54
F08Q10002713|201104|176147.48|0|037|323|||||5.750|0.00||||||||||||||||||||176147.48
F08Q10002713|201105|176147.48|0|038|322|||||5.750|0.00||||||||||||||||||||176147.48
F08Q10002713|201106|175918.33|0|039|321|||||5.750|0.00||||||||||||||||||||175918.33
F08Q10002713|201107|175169.27|0|040|320|||||5.750|0.00||||||||||||||||||||175169.27
F08Q10002713|201108|175169.27|0|041|319|||||5.750|0.00||||||||||||||||||||175169.27
F08Q10002713|201109|174935.43|0|042|318|||||5.750|0.00||||||||||||||||||||174935.43
F08Q10002713|201110|174700.47|0|043|317|||||5.750|0.00||||||||||||||||||||174700.47
F08Q10002713|201111|0.00|0|044|316|||01|201111|5.750|0.00|||||||||||||||174700.47|||||0.00
F08Q10002747|200802|48000.00|0|000|360|||||6.250|0.00||||||||||||||||||||48000.00
F08Q10002747|200803|47000.00|0|001|359|||||6.250|0.00||||||||||||||||||||47000.00
F08Q10002747|200804|47000.00|0|002|358|||||6.250|0.00||||||||||||||||||||47000.00
F08Q10002747|200805|47000.00|0|003|357|||||6.250|0.00||||||||||||||||||||47000.00
F08Q10002747|200806|47000.00|0|004|356|||||6.250|0.00||||||||||||||||||||47000.00
F08Q10002747|200807|47000.00|0|005|355|||||6.250|0.00||||||||||||||||||||47000.00
F08Q10002747|200808|47000.00|0|006|354|||||6.250|0.00||||||||||||||||||||47000.00
F08Q10002747|200809|47179.52|0|007|353|||||6.250|0.00||||||||||||||||||||47179.52
F08Q10002747|200810|47132.78|0|008|352|||||6.250|0.00||||||||||||||||||||47132.78
F08Q10002747|200811|47085.79|0|009|351|||||6.250|0.00||||||||||||||||||||47085.79
F08Q10002747|200812|47038.56|0|010|350|||||6.250|0.00||||||||||||||||||||47038.56
F08Q10002747|200901|46991.08|0|011|349|||||6.250|0.00||||||||||||||||||||46991.08
F08Q10002747|200902|0.00|0|012|348|||01|200902|6.250|0.00|||||||||||||||46991.08|||||0.00
F08Q10002830|200802|148000.00|0|000|180|||||5.500|0.00||||||||||||||||||||148000.00
F08Q10002830|200803|147000.00|0|001|179|||||5.500|0.00||||||||||||||||||||147000.00
F08Q10002830|200804|147000.00|0|002|178|||||5.500|0.00||||||||||||||||||||147000.00
F08Q10002830|200805|146000.00|0|003|177|||||5.500|0.00||||||||||||||||||||146000.00
F08Q10002830|200806|146000.00|0|004|176|||||5.500|0.00||||||||||||||||||||146000.00
F08Q10002830|200807|145000.00|0|005|175|||||5.500|0.00||||||||||||||||||||145000.00
F08Q10002830|200808|144000.00|0|006|174|||||5.500|0.00||||||||||||||||||||144000.00
F08Q10002830|200809|143877.32|0|007|173|||||5.500|0.00||||||||||||||||||||143877.32
F08Q10002830|200810|143326.76|0|008|172|||||5.500|0.00||||||||||||||||||||143326.76
F08Q10002830|200811|142773.67|0|009|171|||||5.500|0.00||||||||||||||||||||142773.67
F08Q10002830|200812|142218.05|0|010|170|||||5.500|0.00||||||||||||||||||||142218.05
F08Q10002830|200901|0.00|0|011|169|||01|200901|5.500|0.00|||||||||||||||142218.05|||||0.00
F08Q10002877|200803|95000.00|0|000|180|||||4.875|0.00||||||||||||||||||||95000.00
F08Q10002877|200804|94000.00|0|001|179|||||4.875|0.00||||||||||||||||||||94000.00
F08Q10002877|200805|94000.00|0|002|178|||||4.875|0.00||||||||||||||||||||94000.00
F08Q10002877|200806|94000.00|0|003|177|||||4.875|0.00||||||||||||||||||||94000.00
F08Q10002877|200807|93000.00|0|004|176|||||4.875|0.00||||||||||||||||||||93000.00
F08Q10002877|200808|93000.00|0|005|175|||||4.875|0.00||||||||||||||||||||93000.00
F08Q10002877|200809|92000.00|0|006|174|||||4.875|0.00||||||||||||||||||||92000.00
F08Q10002877|200810|92095.08|0|007|173|||||4.875|0.00||||||||||||||||||||92095.08
F08Q10002877|200811|91724.14|0|008|172|||||4.875|0.00||||||||||||||||||||91724.14
F08Q10002877|200812|91351.69|0|009|171|||||4.875|0.00||||||||||||||||||||91351.69
F08Q10002877|200901|90977.73|0|010|170|||||4.875|0.00||||||||||||||||||||90977.73
F08Q10002877|200902|90602.25|0|011|169|||||4.875|0.00||||||||||||||||||||90602.25
F08Q10002877|200903|90225.24|0|012|168|||||4.875|0.00||||||||||||||||||||90225.24
F08Q10002877|200904|89846.70|0|013|167|||||4.875|0.00||||||||||||||||||||89846.70
F08Q10002877|200905|89466.62|0|014|166|||||4.875|0.00||||||||||||||||||||89466.62
F08Q10002877|200906|89085.00|0|015|165|||||4.875|0.00||||||||||||||||||||89085.00
F08Q10002877|200907|88701.83|0|016|164|||||4.875|0.00||||||||||||||||||||88701.83
F08Q10002877|200908|88317.10|0|017|163|||||4.875|0.00||||||||||||||||||||88317.10
F08Q10002877|200909|87930.81|0|018|162|||||4.875|0.00||||||||||||||||||||87930.81
F08Q10002877|200910|87542.95|0|019|161|||||4.875|0.00||||||||||||||||||||87542.95
F08Q10002877|200911|87153.51|0|020|160|||||4.875|0.00||||||||||||||||||||87153.51
F08Q10002877|200912|86762.49|0|021|159|||||4.875|0.00||||||||||||||||||||86762.49
F08Q10002877|201001|86369.88|0|022|158|||||4.875|0.00||||||||||||||||||||86369.88
F08Q10002877|201002|85975.68|0|023|157|||||4.875|0.00||||||||||||||||||||85975.68
F08Q10002877|201003|85579.88|0|024|156|||||4.875|0.00||||||||||||||||||||85579.88
F08Q10002877|201004|85182.47|0|025|155|||||4.875|0.00||||||||||||||||||||85182.47
F08Q10002877|201005|84783.44|0|026|154|||||4.875|0.00||||||||||||||||||||84783.44
F08Q10002877|201006|84382.79|0|027|153|||||4.875|0.00||||||||||||||||||||84382.79
F08Q10002877|201007|83980.52|0|028|152|||||4.875|0.00||||||||||||||||||||83980.52
F08Q10002877|201008|83576.61|0|029|151|||||4.875|0.00||||||||||||||||||||83576.61
F08Q10002877|201009|83171.06|0|030|150|||||4.875|0.00||||||||||||||||||||83171.06
F08Q10002877|201010|82763.86|0|031|149|||||4.875|0.00||||||||||||||||||||82763.86
F08Q10002877|201011|82355.01|0|032|148|||||4.875|0.00||||||||||||||||||||82355.01
F08Q10002877|201012|81944.50|0|033|147|||||4.875|0.00||||||||||||||||||||81944.50
F08Q10002877|201101|81532.32|0|034|146|||||4.875|0.00||||||||||||||||||||81532.32
F08Q10002877|201102|81118.47|0|035|145|||||4.875|0.00||||||||||||||||||||81118.47
F08Q10002877|201103|80702.93|0|036|144|||||4.875|0.00||||||||||||||||||||80702.93
F08Q10002877|201104|80285.71|0|037|143|||||4.875|0.00||||||||||||||||||||80285.71
F08Q10002877|201105|79866.79|0|038|142|||||4.875|0.00||||||||||||||||||||79866.79
F08Q10002877|201106|79446.17|0|039|141|||||4.875|0.00||||||||||||||||||||79446.17
F08Q10002877|201107|79023.84|0|040|140|||||4.875|0.00||||||||||||||||||||79023.84
F08Q10002877|201108|78599.79|0|041|139|||||4.875|0.00||||||||||||||||||||78599.79
F08Q10002877|201109|78174.02|0|042|138|||||4.875|0.00||||||||||||||||||||78174.02
F08Q10002877|201110|77746.52|0|043|137|||||4.875|0.00||||||||||||||||||||77746.52
F08Q10002877|201111|77317.29|0|044|136|||||4.875|0.00||||||||||||||||||||77317.29
F08Q10002877|201112|76886.31|0|045|135|||||4.875|0.00||||||||||||||||||||76886.31
F08Q10002877|201201|76453.58|0|046|134|||||4.875|0.00||||||||||||||||||||76453.58
F08Q10002877|201202|76019.09|0|047|133|||||4.875|0.00||||||||||||||||||||76019.09
F08Q10002877|201203|75582.84|0|048|132|||||4.875|0.00||||||||||||||||||||75582.84
F08Q10002877|201204|75144.82|0|049|131|||||4.875|0.00||||||||||||||||||||75144.82
F08Q10002877|201205|74705.02|0|050|130|||||4.875|0.00||||||||||||||||||||74705.02
F08Q10002877|201206|74263.43|0|051|129|||||4.875|0.00||||||||||||||||||||74263.43
F08Q10002877|201207|73820.05|0|052|128|||||4.875|0.00||||||||||||||||||||73820.05
F08Q10002877|201208|73374.86|0|053|127|||||4.875|0.00||||||||||||||||||||73374.86
F08Q10002877|201209|72927.87|0|054|126|||||4.875|0.00||||||||||||||||||||72927.87
F08Q10002877|201210|72479.06|0|055|125|||||4.875|0.00||||||||||||||||||||72479.06
F08Q10002877|201211|72028.43|0|056|124|||||4.875|0.00||||||||||||||||||||72028.43
F08Q10002877|201212|71575.97|0|057|123|||||4.875|0.00||||||||||||||||||||71575.97
F08Q10002877|201301|71121.67|0|058|122|||||4.875|0.00||||||||||||||||||||71121.67
F08Q10002877|201302|70665.52|0|059|121|||||4.875|0.00||||||||||||||||||||70665.52
F08Q10002877|201303|70207.52|0|060|120|||||4.875|0.00||||||||||||||||||||70207.52
F08Q10002877|201304|69747.66|0|061|119|||||4.875|0.00||||||||||||||||||||69747.66
F08Q10002877|201305|69285.93|0|062|118|||||4.875|0.00||||||||||||||||||||69285.93
F08Q10002877|201306|68822.32|0|063|117|||||4.875|0.00||||||||||||||||||||68822.32
F08Q10002877|201307|68356.83|0|064|116|||||4.875|0.00||||||||||||||||||||68356.83
F08Q10002877|201308|67889.45|0|065|115|||||4.875|0.00||||||||||||||||||||67889.45
F08Q10002877|201309|67420.17|0|066|114|||||4.875|0.00||||||||||||||||||||67420.17
F08Q10002877|201310|66948.98|0|067|113|||||4.875|0.00||||||||||||||||||||66948.98
F08Q10002877|201311|66475.88|0|068|112|||||4.875|0.00||||||||||||||||||||66475.88
F08Q10002877|201312|66000.86|0|069|111|||||4.875|0.00||||||||||||||||||||66000.86
F08Q10002877|201401|65523.91|0|070|110|||||4.875|0.00||||||||||||||||||||65523.91
F08Q10002877|201402|65045.02|0|071|109|||||4.875|0.00||||||||||||||||||||65045.02
F08Q10002877|201403|64564.19|0|072|108|||||4.875|0.00||||||||||||||||||||64564.19
F08Q10002877|201404|64081.40|0|073|107|||||4.875|0.00||||||||||||||||||||64081.40
F08Q10002877|201405|63596.65|0|074|106|||||4.875|0.00||||||||||||||||||||63596.65
F08Q10002877|201406|63109.93|0|075|105|||||4.875|0.00||||||||||||||||||||63109.93
F08Q10002877|201407|62621.23|0|076|104|||||4.875|0.00||||||||||||||||||||62621.23
F08Q10002877|201408|62130.55|0|077|103|||||4.875|0.00||||||||||||||||||||62130.55
F08Q10002877|201409|61637.88|0|078|102|||||4.875|0.00||||||||||||||||||||61637.88
F08Q10002877|201410|61143.20|0|079|101|||||4.875|0.00||||||||||||||||||||61143.20
F08Q10002877|201411|60646.51|0|080|100|||||4.875|0.00||||||||||||||||||||60646.51
F08Q10002877|201412|60147.81|0|081|099|||||4.875|0.00||||||||||||||||||||60147.81
F08Q10002877|201501|59647.08|0|082|098|||||4.875|0.00||||||||||||||||||||59647.08
F08Q10002877|201502|59144.32|0|083|097|||||4.875|0.00||||||||||||||||||||59144.32
F08Q10002877|201503|58639.51|0|084|096|||||4.875|0.00||||||||||||||||||||58639.51
F08Q10002877|201504|58132.65|0|085|095|||||4.875|0.00||||||||||||||||||||58132.65
F08Q10002877|201505|57623.73|0|086|094|||||4.875|0.00||||||||||||||||||||57623.73
F08Q10002877|201506|57112.75|0|087|093|||||4.875|0.00||||||||||||||||||||57112.75
F08Q10002877|201507|56599.69|0|088|092|||||4.875|0.00||||||||||||||||||||56599.69
F08Q10002877|201508|56084.55|0|089|091|||||4.875|0.00||||||||||||||||||||56084.55
F08Q10002877|201509|55567.31|0|090|090|||||4.875|0.00||||||||||||||||||||55567.31
F08Q10002877|201510|55047.97|0|091|089|||||4.875|0.00||||||||||||||||||||55047.97
F08Q10002877|201511|54526.52|0|092|088|||||4.875|0.00||||||||||||||||||||54526.52
F08Q10002877|201512|54002.95|0|093|087|||||4.875|0.00||||||||||||||||||||54002.95
F08Q10002877|201601|53477.26|0|094|086|||||4.875|0.00||||||||||||||||||||53477.26
F08Q10002877|201602|52949.43|0|095|085|||||4.875|0.00||||||||||||||||||||52949.43
F08Q10002877|201603|52419.46|0|096|084|||||4.875|0.00||||||||||||||||||||52419.46
F08Q10002877|201604|51887.33|0|097|083|||||4.875|0.00||||||||||||||||||||51887.33
F08Q10002877|201605|51353.04|0|098|082|||||4.875|0.00||||||||||||||||||||51353.04
F08Q10002877|201606|50816.58|0|099|081|||||4.875|0.00||||||||||||||||||||50816.58
F08Q10002877|201607|50277.94|0|100|080|||||4.875|0.00||||||||||||||||||||50277.94
F08Q10002877|201608|49737.11|0|101|079|||||4.875|0.00||||||||||||||||||||49737.11
F08Q10002877|201609|49194.09|0|102|078|||||4.875|0.00||||||||||||||||||||49194.09
F08Q10002877|201610|48648.86|0|103|077|||||4.875|0.00||||||||||||||||||||48648.86
F08Q10002877|201611|48101.42|0|104|076|||||4.875|0.00||||||||||||||||||||48101.42
F08Q10002877|201612|47551.75|0|105|075|||||4.875|0.00||||||||||||||||||||47551.75
F08Q10002877|201701|46999.85|0|106|074|||||4.875|0.00||||||||||||||||||||46999.85
F08Q10002877|201702|46445.71|0|107|073|||||4.875|0.00||||||||||||||||||||46445.71
F08Q10002877|201703|45889.32|0|108|072|||||4.875|0.00||||||||||||||||||||45889.32
F08Q10002877|201704|45330.67|0|109|071|||||4.875|0.00||||||||||||||21||||||45330.67
F08Q10002877|201705|44769.75|0|110|070|||||4.875|0.00||||||||||||||19||||||44769.75
F08Q10002877|201706|44206.55|0|111|069|||||4.875|0.00||||||||||||||19||||||44206.55
F08Q10002877|201707|43641.06|0|112|068|||||4.875|0.00||||||||||||||19||||||43641.06
F08Q10002877|201708|43073.27|0|113|067|||||4.875|0.00||||||||||||||19||||||43073.27
F08Q10002877|201709|42503.18|0|114|066|||||4.875|0.00||||||||||||||18||||||42503.18
F08Q10002877|201710|41930.77|0|115|065|||||4.875|0.00||||||||||||||18||||||41930.77
F08Q10002877|201711|41356.03|0|116|064|||||4.875|0.00||||||||||||||18||||||41356.03
F08Q10002877|201712|40778.96|0|117|063|||||4.875|0.00||||||||||||||17||||||40778.96
F08Q10002877|201801|40199.54|0|118|062|||||4.875|0.00||||||||||||||17||||||40199.54
F08Q10002877|201802|39617.77|0|119|061|||||4.875|0.00||||||||||||||16||||||39617.77
F08Q10002877|201803|39033.64|0|120|060|||||4.875|0.00||||||||||||||16||||||39033.64
F08Q10002877|201804|38447.13|0|121|059|||||4.875|0.00||||||||||||||16||||||38447.13
F08Q10002877|201805|37482.24|0|122|058|||||4.875|0.00||||||||||||||16||||||37482.24
F08Q10002877|201806|36889.43|0|123|057|||||4.875|0.00||||||||||||||15||||||36889.43
F08Q10002877|201807|36294.21|0|124|056|||||4.875|0.00||||||||||||||15||||||36294.21
F08Q10002877|201808|35696.58|0|125|055|||||4.875|0.00||||||||||||||15||||||35696.58
F08Q10002877|201809|35096.52|0|126|054|||||4.875|0.00||||||||||||||15||||||35096.52
F08Q10002877|201810|0.00|0|127|053|||01|201810|4.875|0.00||||||||||||||999|35096.52|||||0.00
F08Q10002925|200802|269000.00|0|000|360|||||6.125|0.00||||||||||||||||||||269000.00
F08Q10002925|200803|269000.00|0|001|359|||||6.125|0.00||||||||||||||||||||269000.00
F08Q10002925|200804|268000.00|0|002|358|||||6.125|0.00||||||||||||||||||||268000.00
F08Q10002925|200805|268000.00|0|003|357|||||6.125|0.00||||||||||||||||||||268000.00
F08Q10002925|200806|268000.00|0|004|356|||||6.125|0.00||||||||||||||||||||268000.00
F08Q10002925|200807|268000.00|0|005|355|||||6.125|0.00||||||||||||||||||||268000.00
F08Q10002925|200808|267000.00|0|006|354|||||6.125|0.00||||||||||||||||||||267000.00
F08Q10002925|200809|266992.55|0|007|353|||||6.125|0.00||||||||||||||||||||266992.55
F08Q10002925|200810|266721.75|0|008|352|||||6.125|0.00||||||||||||||||||||266721.75
F08Q10002925|200811|266449.57|0|009|351|||||6.125|0.00||||||||||||||||||||266449.57
F08Q10002925|200812|266449.57|0|010|350|||||6.125|0.00||||||||||||||||||||266449.57
F08Q10002925|200901|266176.00|0|011|349|||||6.125|0.00||||||||||||||||||||266176.00
F08Q10002925|200902|265901.04|1|012|348|||||6.125|0.00||||||||||||||||||||265901.04
F08Q10002925|200903|265346.89|0|013|347|||||6.125|0.00||||||||||||||||||||265346.89
F08Q10002925|200904|265346.89|0|014|346|||||6.125|0.00||||||||||||||||||||265346.89
F08Q10002925|200905|265067.69|0|015|345|||||6.125|0.00||||||||||||||||||||265067.69
F08Q10002925|200906|264787.07|0|016|344|||||6.125|0.00||||||||||||||||||||264787.07
F08Q10002925|200907|264221.53|0|017|343|||||6.125|0.00||||||||||||||||||||264221.53
F08Q10002925|200908|263936.59|0|018|342|||||6.125|0.00||||||||||||||||||||263936.59
F08Q10002925|200909|263936.59|0|019|341|||||6.125|0.00||||||||||||||||||||263936.59
F08Q10002925|200910|263650.20|0|020|340|||||6.125|0.00||||||||||||||||||||263650.20
F08Q10002925|200911|263362.34|1|021|339|||||6.125|0.00||||||||||||||||||||263362.34
F08Q10002925|200912|263073.02|1|022|338|||||6.125|0.00||||||||||||||||||||263073.02
F08Q10002925|201001|262782.22|0|023|337|||||6.125|0.00||||||||||||||||||||262782.22
F08Q10002925|201002|262489.93|0|024|336|||||6.125|0.00||||||||||||||||||||262489.93
F08Q10002925|201003|262196.15|0|025|335|||||6.125|0.00||||||||||||||||||||262196.15
F08Q10002925|201004|261900.87|0|026|334|||||6.125|0.00||||||||||||||||||||261900.87
F08Q10002925|201005|261604.09|1|027|333|||||6.125|0.00||||||||||||||||||||261604.09
F08Q10002925|201006|261305.79|0|028|332|||||6.125|0.00||||||||||||||||||||261305.79
F08Q10002925|201007|261005.97|0|029|331|||||6.125|0.00||||||||||||||||||||261005.97
F08Q10002925|201008|260704.62|0|030|330|||||6.125|0.00||||||||||||||||||||260704.62
F08Q10002925|201009|260401.73|0|031|329|||||6.125|0.00||||||||||||||||||||260401.73
F08Q10002925|201010|260097.29|0|032|328|||||6.125|0.00||||||||||||||||||||260097.29
F08Q10002925|201011|259791.30|0|033|327|||||6.125|0.00||||||||||||||||||||259791.30
F08Q10002925|201012|259483.75|0|034|326|||||6.125|0.00||||||||||||||||||||259483.75
F08Q10002925|201101|259174.63|1|035|325|||||6.125|0.00||||||||||||||||||||259174.63
F08Q10002925|201102|258863.93|0|036|324|||||6.125|0.00||||||||||||||||||||258863.93
F08Q10002925|201103|258551.64|0|037|323|||||6.125|0.00||||||||||||||||||||258551.64
F08Q10002925|201104|258237.76|0|038|322|||||6.125|0.00||||||||||||||||||||258237.76
F08Q10002925|201105|257922.28|0|039|321|||||6.125|0.00||||||||||||||||||||257922.28
F08Q10002925|201106|257605.19|0|040|320|||||6.125|0.00||||||||||||||||||||257605.19
F08Q10002925|201107|257286.48|0|041|319|||||6.125|0.00||||||||||||||||||||257286.48
F08Q10002925|201108|256966.14|0|042|318|||||6.125|0.00||||||||||||||||||||256966.14
F08Q10002925|201109|256644.17|1|043|317|||||6.125|0.00||||||||||||||||||||256644.17
F08Q10002925|201110|255995.28|0|044|316|||||6.125|0.00||||||||||||||||||||255995.28
F08Q10002925|201111|255995.28|0|045|315|||||6.125|0.00||||||||||||||||||||255995.28
F08Q10002925|201112|255339.75|0|046|314|||||6.125|0.00||||||||||||||||||||255339.75
F08Q10002925|201201|255339.75|0|047|313|||||6.125|0.00||||||||||||||||||||255339.75
F08Q10002925|201202|255009.48|0|048|312|||||6.125|0.00||||||||||||||||||||255009.48
F08Q10002925|201203|254677.52|0|049|311|||||6.125|0.00||||||||||||||||||||254677.52
F08Q10002925|201204|254343.87|0|050|310|||||6.125|0.00||||||||||||||||||||254343.87
F08Q10002925|201205|253671.44|0|051|309|||||6.125|0.00||||||||||||||||||||253671.44
F08Q10002925|201206|0.00|0|052|308|||01|201206|6.125|0.00|||||||||||||||253671.44|||||0.00
F08Q10002935|200802|256000.00|0|000|360|||||5.875|0.00||||||||||||||||||||256000.00
F08Q10002935|200803|255000.00|0|001|359|||||5.875|0.00||||||||||||||||||||255000.00
F08Q10002935|200804|255000.00|0|002|358|||||5.875|0.00||||||||||||||||||||255000.00
F08Q10002935|200805|255000.00|0|003|357|||||5.875|0.00||||||||||||||||||||255000.00
F08Q10002935|200806|254000.00|0|004|356|||||5.875|0.00||||||||||||||||||||254000.00
F08Q10002935|200807|254000.00|0|005|355|||||5.875|0.00||||||||||||||||||||254000.00
F08Q10002935|200808|254000.00|0|006|354|||||5.875|0.00||||||||||||||||||||254000.00
F08Q10002935|200809|253649.55|0|007|353|||||5.875|0.00||||||||||||||||||||253649.55
F08Q10002935|200810|253380.00|0|008|352|||||5.875|0.00||||||||||||||||||||253380.00
F08Q10002935|200811|253109.13|0|009|351|||||5.875|0.00||||||||||||||||||||253109.13
F08Q10002935|200812|252836.93|0|010|350|||||5.875|0.00||||||||||||||||||||252836.93
F08Q10002935|200901|252563.40|0|011|349|||||5.875|0.00||||||||||||||||||||252563.40
F08Q10002935|200902|252288.53|0|012|348|||||5.875|0.00||||||||||||||||||||252288.53
F08Q10002935|200903|252012.31|0|013|347|||||5.875|0.00||||||||||||||||||||252012.31
F08Q10002935|200904|251734.74|0|014|346|||||5.875|0.00||||||||||||||||||||251734.74
F08Q10002935|200905|251455.81|0|015|345|||||5.875|0.00||||||||||||||||||||251455.81
F08Q10002935|200906|251175.52|0|016|344|||||5.875|0.00||||||||||||||||||||251175.52
F08Q10002935|200907|250893.85|0|017|343|||||5.875|0.00||||||||||||||||||||250893.85
F08Q10002935|200908|250610.80|0|018|342|||||5.875|0.00||||||||||||||||||||250610.80
F08Q10002935|200909|250326.37|0|019|341|||||5.875|0.00||||||||||||||||||||250326.37
F08Q10002935|200910|250040.55|0|020|340|||||5.875|0.00||||||||||||||||||||250040.55
F08Q10002935|200911|249753.33|0|021|339|||||5.875|0.00||||||||||||||||||||249753.33
F08Q10002935|200912|249464.70|0|022|338|||||5.875|0.00||||||||||||||||||||249464.70
F08Q10002935|201001|249174.66|0|023|337|||||5.875|0.00||||||||||||||||||||249174.66
F08Q10002935|201002|248883.20|0|024|336|||||5.875|0.00||||||||||||||||||||248883.20
F08Q10002935|201003|248590.31|0|025|335|||||5.875|0.00||||||||||||||||||||248590.31
F08Q10002935|201004|248295.99|0|026|334|||||5.875|0.00||||||||||||||||||||248295.99
F08Q10002935|201005|248000.23|0|027|333|||||5.875|0.00||||||||||||||||||||248000.23
F08Q10002935|201006|247703.02|0|028|332|||||5.875|0.00||||||||||||||||||||247703.02
F08Q10002935|201007|247404.35|0|029|331|||||5.875|0.00||||||||||||||||||||247404.35
F08Q10002935|201008|247104.22|0|030|330|||||5.875|0.00||||||||||||||||||||247104.22
F08Q10002935|201009|246802.62|0|031|329|||||5.875|0.00||||||||||||||||||||246802.62
F08Q10002935|201010|246499.54|0|032|328|||||5.875|0.00||||||||||||||||||||246499.54
F08Q10002935|201011|246194.98|0|033|327|||||5.875|0.00||||||||||||||||||||246194.98
F08Q10002935|201012|245888.93|0|034|326|||||5.875|0.00||||||||||||||||||||245888.93
F08Q10002935|201101|245581.38|0|035|325|||||5.875|0.00||||||||||||||||||||245581.38
F08Q10002935|201102|245272.33|0|036|324|||||5.875|0.00||||||||||||||||||||245272.33
F08Q10002935|201103|244961.76|0|037|323|||||5.875|0.00||||||||||||||||||||244961.76
F08Q10002935|201104|244649.67|0|038|322|||||5.875|0.00||||||||||||||||||||244649.67
F08Q10002935|201105|244336.05|0|039|321|||||5.875|0.00||||||||||||||||||||244336.05
F08Q10002935|201106|244020.90|0|040|320|||||5.875|0.00||||||||||||||||||||244020.90
F08Q10002935|201107|243704.21|0|041|319|||||5.875|0.00||||||||||||||||||||243704.21
F08Q10002935|201108|243385.97|0|042|318|||||5.875|0.00||||||||||||||||||||243385.97
F08Q10002935|201109|243066.17|0|043|317|||||5.875|0.00||||||||||||||||||||243066.17
F08Q10002935|201110|242744.80|0|044|316|||||5.875|0.00||||||||||||||||||||242744.80
F08Q10002935|201111|242421.86|0|045|315|||||5.875|0.00||||||||||||||||||||242421.86
F08Q10002935|201112|242097.34|0|046|314|||||5.875|0.00||||||||||||||||||||242097.34
F08Q10002935|201201|241771.23|0|047|313|||||5.875|0.00||||||||||||||||||||241771.23
F08Q10002935|201202|241443.52|0|048|312|||||5.875|0.00||||||||||||||||||||241443.52
F08Q10002935|201203|241114.21|0|049|311|||||5.875|0.00||||||||||||||||||||241114.21
F08Q10002935|201204|240783.28|0|050|310|||||5.875|0.00||||||||||||||||||||240783.28
F08Q10002935|201205|240450.73|0|051|309|||||5.875|0.00||||||||||||||||||||240450.73
F08Q10002935|201206|240116.56|0|052|308|||||5.875|0.00||||||||||||||||||||240116.56
F08Q10002935|201207|239780.75|0|053|307|||||5.875|0.00||||||||||||||||||||239780.75
F08Q10002935|201208|239443.30|0|054|306|||||5.875|0.00||||||||||||||||||||239443.30
F08Q10002935|201209|239104.19|0|055|305|||||5.875|0.00||||||||||||||||||||239104.19
F08Q10002935|201210|238763.42|0|056|304|||||5.875|0.00||||||||||||||||||||238763.42
F08Q10002935|201211|238420.99|0|057|303|||||5.875|0.00||||||||||||||||||||238420.99
F08Q10002935|201212|238076.88|0|058|302|||||5.875|0.00||||||||||||||||||||238076.88
F08Q10002935|201301|237731.08|0|059|301|||||5.875|0.00||||||||||||||||||||237731.08
F08Q10002935|201302|237383.59|0|060|300|||||5.875|0.00||||||||||||||||||||237383.59
F08Q10002935|201303|237034.40|0|061|299|||||5.875|0.00||||||||||||||||||||237034.40
F08Q10002935|201304|236683.50|0|062|298|||||5.875|0.00||||||||||||||||||||236683.50
F08Q10002935|201305|236330.88|0|063|297|||||5.875|0.00||||||||||||||||||||236330.88
F08Q10002935|201306|235976.54|0|064|296|||||5.875|0.00||||||||||||||||||||235976.54
F08Q10002935|201307|235620.46|0|065|295|||||5.875|0.00||||||||||||||||||||235620.46
F08Q10002935|201308|235262.64|0|066|294|||||5.875|0.00||||||||||||||||||||235262.64
F08Q10002935|201309|234903.07|0|067|293|||||5.875|0.00||||||||||||||||||||234903.07
F08Q10002935|201310|234541.74|0|068|292|||||5.875|0.00||||||||||||||||||||234541.74
F08Q10002935|201311|234178.64|0|069|291|||||5.875|0.00||||||||||||||||||||234178.64
F08Q10002935|201312|233813.76|0|070|290|||||5.875|0.00||||||||||||||||||||233813.76
F08Q10002935|201401|233447.09|0|071|289|||||5.875|0.00||||||||||||||||||||233447.09
F08Q10002935|201402|233078.63|0|072|288|||||5.875|0.00||||||||||||||||||||233078.63
F08Q10002935|201403|232708.36|0|073|287|||||5.875|0.00||||||||||||||||||||232708.36
F08Q10002935|201404|232336.28|0|074|286|||||5.875|0.00||||||||||||||||||||232336.28
F08Q10002935|201405|231962.38|0|075|285|||||5.875|0.00||||||||||||||||||||231962.38
F08Q10002935|201406|231586.65|0|076|284|||||5.875|0.00||||||||||||||||||||231586.65
F08Q10002935|201407|231209.08|0|077|283|||||5.875|0.00||||||||||||||||||||231209.08
F08Q10002935|201408|230829.66|0|078|282|||||5.875|0.00||||||||||||||||||||230829.66
F08Q10002935|201409|230448.38|0|079|281|||||5.875|0.00||||||||||||||||||||230448.38
F08Q10002935|201410|230065.24|0|080|280|||||5.875|0.00||||||||||||||||||||230065.24
F08Q10002935|201411|229680.22|0|081|279|||||5.875|0.00||||||||||||||||||||229680.22
F08Q10002935|201412|229293.32|0|082|278|||||5.875|0.00||||||||||||||||||||229293.32
F08Q10002935|201501|228904.52|0|083|277|||||5.875|0.00||||||||||||||||||||228904.52
F08Q10002935|201502|228513.82|0|084|276|||||5.875|0.00||||||||||||||||||||228513.82
F08Q10002935|201503|228121.21|0|085|275|||||5.875|0.00||||||||||||||||||||228121.21
F08Q10002935|201504|227726.67|0|086|274|||||5.875|0.00||||||||||||||||||||227726.67
F08Q10002935|201505|227330.20|0|087|273|||||5.875|0.00||||||||||||||||||||227330.20
F08Q10002935|201506|226931.79|0|088|272|||||5.875|0.00||||||||||||||||||||226931.79
F08Q10002935|201507|226531.43|0|089|271|||||5.875|0.00||||||||||||||||||||226531.43
F08Q10002935|201508|0.00|0|090|270|||01|201508|5.875|0.00|||||||||||||||226531.43|||||0.00
F08Q10002979|200802|57000.00|0|000|120|||||6.375|0.00||||||||||||||||||||57000.00
F08Q10002979|200803|57000.00|0|001|119|||||6.375|0.00||||||||||||||||||||57000.00
F08Q10002979|200804|56000.00|0|002|118|||||6.375|0.00||||||||||||||||||||56000.00
F08Q10002979|200805|56000.00|0|003|117|||||6.375|0.00||||||||||||||||||||56000.00
F08Q10002979|200806|56000.00|0|004|116|||||6.375|0.00||||||||||||||||||||56000.00
F08Q10002979|200807|55000.00|0|005|115|||||6.375|0.00||||||||||||||||||||55000.00
F08Q10002979|200808|55000.00|0|006|114|||||6.375|0.00||||||||||||||||||||55000.00
F08Q10002979|200809|54708.29|0|007|113|||||6.375|0.00||||||||||||||||||||54708.29
F08Q10002979|200810|54353.77|0|008|112|||||6.375|0.00||||||||||||||||||||54353.77
F08Q10002979|200811|53997.36|0|009|111|||||6.375|0.00||||||||||||||||||||53997.36
F08Q10002979|200812|53639.06|0|010|110|||||6.375|0.00||||||||||||||||||||53639.06
F08Q10002979|200901|53278.86|0|011|109|||||6.375|0.00||||||||||||||||||||53278.86
F08Q10002979|200902|52916.74|0|012|108|||||6.375|0.00||||||||||||||||||||52916.74
F08Q10002979|200903|52552.70|0|013|107|||||6.375|0.00||||||||||||||||||||52552.70
F08Q10002979|200904|52186.73|0|014|106|||||6.375|0.00||||||||||||||||||||52186.73
F08Q10002979|200905|51818.81|0|015|105|||||6.375|0.00||||||||||||||||||||51818.81
F08Q10002979|200906|0.00|0|016|104|||01|200906|6.375|0.00|||||||||||||||51818.81|||||0.00
F08Q10003091|200801|193000.00|0|000|360|||||5.750|0.00||||||||||||||||||||193000.00
F08Q10003091|200802|193000.00|0|001|359|||||5.750|0.00||||||||||||||||||||193000.00
F08Q10003091|200803|192000.00|0|002|358|||||5.750|0.00||||||||||||||||||||192000.00
F08Q10003091|200804|192000.00|0|003|357|||||5.750|0.00||||||||||||||||||||192000.00
F08Q10003091|200805|192000.00|0|004|356|||||5.750|0.00||||||||||||||||||||192000.00
F08Q10003091|200806|192000.00|0|005|355|||||5.750|0.00||||||||||||||||||||192000.00
F08Q10003091|200807|192000.00|0|006|354|||||5.750|0.00||||||||||||||||||||192000.00
F08Q10003091|200808|191454.46|0|007|353|||||5.750|0.00||||||||||||||||||||191454.46
F08Q10003091|200809|191245.55|0|008|352|||||5.750|0.00||||||||||||||||||||191245.55
F08Q10003091|200810|191035.63|0|009|351|||||5.750|0.00||||||||||||||||||||191035.63
F08Q10003091|200811|190824.71|0|010|350|||||5.750|0.00||||||||||||||||||||190824.71
F08Q10003091|200812|190612.78|0|011|349|||||5.750|0.00||||||||||||||||||||190612.78
F08Q10003091|200901|190399.83|0|012|348|||||5.750|0.00||||||||||||||||||||190399.83
F08Q10003091|200902|190161.50|0|013|347|||||5.750|0.00||||||||||||||||||||190161.50
F08Q10003091|200903|189922.03|0|014|346|||||5.750|0.00||||||||||||||||||||189922.03
F08Q10003091|200904|189705.77|0|015|345|||||5.750|0.00||||||||||||||||||||189705.77
F08Q10003091|200905|189488.48|0|016|344|||||5.750|0.00||||||||||||||||||||189488.48
F08Q10003091|200906|189270.15|0|017|343|||||5.750|0.00||||||||||||||||||||189270.15
F08Q10003091|200907|189050.77|0|018|342|||||5.750|0.00||||||||||||||||||||189050.77
F08Q10003091|200908|188830.34|0|019|341|||||5.750|0.00||||||||||||||||||||188830.34
F08Q10003091|200909|188608.85|0|020|340|||||5.750|0.00||||||||||||||||||||188608.85
F08Q10003091|200910|188386.30|0|021|339|||||5.750|0.00||||||||||||||||||||188386.30
F08Q10003091|200911|188162.68|0|022|338|||||5.750|0.00||||||||||||||||||||188162.68
F08Q10003091|200912|187937.99|0|023|337|||||5.750|0.00||||||||||||||||||||187937.99
F08Q10003091|201001|187712.23|0|024|336|||||5.750|0.00||||||||||||||||||||187712.23
F08Q10003091|201002|187476.58|0|025|335|||||5.750|0.00||||||||||||||||||||187476.58
F08Q10003091|201003|187248.61|0|026|334|||||5.750|0.00||||||||||||||||||||187248.61
F08Q10003091|201004|187019.54|0|027|333|||||5.750|0.00||||||||||||||||||||187019.54
F08Q10003091|201005|186789.38|0|028|332|||||5.750|0.00||||||||||||||||||||186789.38
F08Q10003091|201006|186558.11|0|029|331|||||5.750|0.00||||||||||||||||||||186558.11
F08Q10003091|201007|186325.73|0|030|330|||||5.750|0.00||||||||||||||||||||186325.73
F08Q10003091|201008|186092.24|0|031|329|||||5.750|0.00||||||||||||||||||||186092.24
F08Q10003091|201009|185857.63|0|032|328|||||5.750|0.00||||||||||||||||||||185857.63
F08Q10003091|201010|185621.90|0|033|327|||||5.750|0.00||||||||||||||||||||185621.90
F08Q10003091|201011|185385.04|0|034|326|||||5.750|0.00||||||||||||||||||||185385.04
F08Q10003091|201012|185147.04|0|035|325|||||5.750|0.00||||||||||||||||||||185147.04
F08Q10003091|201101|184907.90|0|036|324|||||5.750|0.00||||||||||||||||||||184907.90
F08Q10003091|201102|184426.19|0|037|323|||||5.750|0.00||||||||||||||||||||184426.19
F08Q10003091|201103|184426.19|0|038|322|||||5.750|0.00||||||||||||||||||||184426.19
F08Q10003091|201104|183939.85|0|039|321|||||5.750|0.00||||||||||||||||||||183939.85
F08Q10003091|201105|183939.85|0|040|320|||||5.750|0.00||||||||||||||||||||183939.85
F08Q10003091|201106|183694.93|0|041|319|||||5.750|0.00||||||||||||||||||||183694.93
F08Q10003091|201107|183107.48|0|042|318|||||5.750|0.00||||||||||||||||||||183107.48
F08Q10003091|201108|182858.57|0|043|317|||||5.750|0.00||||||||||||||||||||182858.57
F08Q10003091|201109|182608.47|0|044|316|||||5.750|0.00||||||||||||||||||||182608.47
F08Q10003091|201110|182357.17|0|045|315|||||5.750|0.00||||||||||||||||||||182357.17
F08Q10003091|201111|182104.66|0|046|314|||||5.750|0.00||||||||||||||||||||182104.66
F08Q10003091|201112|181850.94|0|047|313|||||5.750|0.00||||||||||||||||||||181850.94
F08Q10003091|201201|181533.69|0|048|312|||||5.750|0.00||||||||||||||||||||181533.69
F08Q10003091|201202|181533.69|0|049|311|||||5.750|0.00||||||||||||||||||||181533.69
F08Q10003091|201203|181277.24|0|050|310|||||5.750|0.00||||||||||||||||||||181277.24
F08Q10003091|201204|181019.56|0|051|309|||||5.750|0.00||||||||||||||||||||181019.56
F08Q10003091|201205|180760.65|0|052|308|||||5.750|0.00||||||||||||||||||||180760.65
F08Q10003091|201206|180500.49|0|053|307|||||5.750|0.00||||||||||||||||||||180500.49
F08Q10003091|201207|180239.09|0|054|306|||||5.750|0.00||||||||||||||||||||180239.09
F08Q10003091|201208|179976.44|0|055|305|||||5.750|0.00||||||||||||||||||||179976.44
F08Q10003091|201209|179712.53|0|056|304|||||5.750|0.00||||||||||||||||||||179712.53
F08Q10003091|201210|179447.35|0|057|303|||||5.750|0.00||||||||||||||||||||179447.35
F08Q10003091|201211|179180.90|0|058|302|||||5.750|0.00||||||||||||||||||||179180.90
F08Q10003091|201212|178913.18|0|059|301|||||5.750|0.00||||||||||||||||||||178913.18
F08Q10003091|201301|178644.17|0|060|300|||||5.750|0.00||||||||||||||||||||178644.17
F08Q10003091|201302|178373.87|0|061|299|||||5.750|0.00||||||||||||||||||||178373.87
F08Q10003091|201303|178102.28|0|062|298|||||5.750|0.00||||||||||||||||||||178102.28
F08Q10003091|201304|177819.26|0|063|297|||||5.750|0.00||||||||||||||||||||177819.26
F08Q10003091|201305|177523.15|0|064|296|||||5.750|0.00||||||||||||||||||||177523.15
F08Q10003091|201306|177247.48|0|065|295|||||5.750|0.00||||||||||||||||||||177247.48
F08Q10003091|201307|0.00|0|066|294|||01|201307|5.750|0.00|||||||||||||||177247.48|||||0.00
F08Q10003265|200801|145000.00|0|000|120|||||5.375|0.00||||||||||||||||||||145000.00
F08Q10003265|200802|144000.00|0|001|119|||||5.375|0.00||||||||||||||||||||144000.00
F08Q10003265|200803|143000.00|0|002|118|||||5.375|0.00||||||||||||||||||||143000.00
F08Q10003265|200804|142000.00|0|003|117|||||5.375|0.00||||||||||||||||||||142000.00
F08Q10003265|200805|141000.00|0|004|116|||||5.375|0.00||||||||||||||||||||141000.00
F08Q10003265|200806|140000.00|0|005|115|||||5.375|0.00||||||||||||||||||||140000.00
F08Q10003265|200807|139000.00|0|006|114|||||5.375|0.00||||||||||||||||||||139000.00
F08Q10003265|200808|138142.90|0|007|113|||||5.375|0.00||||||||||||||||||||138142.90
F08Q10003265|200809|137196.59|0|008|112|||||5.375|0.00||||||||||||||||||||137196.59
F08Q10003265|200810|136246.04|0|009|111|||||5.375|0.00||||||||||||||||||||136246.04
F08Q10003265|200811|135291.23|0|010|110|||||5.375|0.00||||||||||||||||||||135291.23
F08Q10003265|200812|134332.14|0|011|109|||||5.375|0.00||||||||||||||||||||134332.14
F08Q10003265|200901|133368.76|0|012|108|||||5.375|0.00||||||||||||||||||||133368.76
F08Q10003265|200902|132401.06|0|013|107|||||5.375|0.00||||||||||||||||||||132401.06
F08Q10003265|200903|131429.03|0|014|106|||||5.375|0.00||||||||||||||||||||131429.03
F08Q10003265|200904|0.00|0|015|105|||01|200904|5.375|0.00|||||||||||||||131429.03|||||0.00
F08Q10003291|200801|271000.00|0|000|180|||||5.250|0.00||||||||||||||||||||271000.00
F08Q10003291|200802|270000.00|0|001|179|||||5.250|0.00||||||||||||||||||||270000.00
F08Q10003291|200803|269000.00|0|002|178|||||5.250|0.00||||||||||||||||||||269000.00
F08Q10003291|200804|268000.00|0|003|177|||||5.250|0.00||||||||||||||||||||268000.00
F08Q10003291|200805|267000.00|0|004|176|||||5.250|0.00||||||||||||||||||||267000.00
F08Q10003291|200806|266000.00|0|005|175|||||5.250|0.00||||||||||||||||||||266000.00
F08Q10003291|200807|265000.00|0|006|174|||||5.250|0.00||||||||||||||||||||265000.00
F08Q10003291|200808|263698.16|0|007|173|||||5.250|0.00||||||||||||||||||||263698.16
F08Q10003291|200809|262673.05|0|008|172|||||5.250|0.00||||||||||||||||||||262673.05
F08Q10003291|200810|261643.45|0|009|171|||||5.250|0.00||||||||||||||||||||261643.45
F08Q10003291|200811|260609.35|0|010|170|||||5.250|0.00||||||||||||||||||||260609.35
F08Q10003291|200812|259570.73|0|011|169|||||5.250|0.00||||||||||||||||||||259570.73
F08Q10003291|200901|258527.56|0|012|168|||||5.250|0.00||||||||||||||||||||258527.56
F08Q10003291|200902|257479.83|0|013|167|||||5.250|0.00||||||||||||||||||||257479.83
F08Q10003291|200903|256427.51|0|014|166|||||5.250|0.00||||||||||||||||||||256427.51
F08Q10003291|200904|255370.59|0|015|165|||||5.250|0.00||||||||||||||||||||255370.59
F08Q10003291|200905|254311.34|0|016|164|||||5.250|0.00||||||||||||||||||||254311.34
F08Q10003291|200906|253247.45|0|017|163|||||5.250|0.00||||||||||||||||||||253247.45
F08Q10003291|200907|252178.91|0|018|162|||||5.250|0.00||||||||||||||||||||252178.91
F08Q10003291|200908|252178.91|1|019|161|||||5.250|0.00||||||||||||||||||||252178.91
F08Q10003291|200909|251105.69|0|020|160|||||5.250|0.00||||||||||||||||||||251105.69
F08Q10003291|200910|250027.78|0|021|159|||||5.250|0.00||||||||||||||||||||250027.78
F08Q10003291|200911|248945.15|0|022|158|||||5.250|0.00||||||||||||||||||||248945.15
F08Q10003291|200912|246765.67|0|023|157|||||5.250|0.00||||||||||||||||||||246765.67
F08Q10003291|201001|245668.77|0|024|156|||||5.250|0.00||||||||||||||||||||245668.77
F08Q10003291|201002|245668.77|0|025|155|||||5.250|0.00||||||||||||||||||||245668.77
F08Q10003291|201003|244567.07|0|026|154|||||5.250|0.00||||||||||||||||||||244567.07
F08Q10003291|201004|242349.19|0|027|153|||||5.250|0.00||||||||||||||||||||242349.19
F08Q10003291|201005|242349.19|0|028|152|||||5.250|0.00||||||||||||||||||||242349.19
F08Q10003291|201006|241232.97|0|029|151|||||5.250|0.00||||||||||||||||||||241232.97
F08Q10003291|201007|238985.85|0|030|150|||||5.250|0.00||||||||||||||||||||238985.85
F08Q10003291|201008|238985.85|0|031|149|||||5.250|0.00||||||||||||||||||||238985.85
F08Q10003291|201009|237854.91|0|032|148|||||5.250|0.00||||||||||||||||||||237854.91
F08Q10003291|201010|236719.03|0|033|147|||||5.250|0.00||||||||||||||||||||236719.03
F08Q10003291|201011|234432.33|0|034|146|||||5.250|0.00||||||||||||||||||||234432.33
F08Q10003291|201012|234432.33|0|035|145|||||5.250|0.00||||||||||||||||||||234432.33
F08Q10003291|201101|233281.47|0|036|144|||||5.250|0.00||||||||||||||||||||233281.47
F08Q10003291|201102|232125.58|0|037|143|||||5.250|0.00||||||||||||||||||||232125.58
F08Q10003291|201103|230964.63|0|038|142|||||5.250|0.00||||||||||||||||||||230964.63
F08Q10003291|201104|228627.47|0|039|141|||||5.250|0.00||||||||||||||||||||228627.47
F08Q10003291|201105|228627.47|0|040|140|||||5.250|0.00||||||||||||||||||||228627.47
F08Q10003291|201106|226269.82|0|041|139|||||5.250|0.00||||||||||||||||||||226269.82
F08Q10003291|201107|225083.25|0|042|138|||||5.250|0.00||||||||||||||||||||225083.25
F08Q10003291|201108|223879.44|0|043|137|||||5.250|0.00||||||||||||||||||||223879.44
F08Q10003291|201109|222682.41|0|044|136|||||5.250|0.00||||||||||||||||||||222682.41
F08Q10003291|201110|222682.41|0|045|135|||||5.250|0.00||||||||||||||||||||222682.41
F08Q10003291|201111|220272.63|0|046|134|||||5.250|0.00||||||||||||||||||||220272.63
F08Q10003291|201112|219059.82|0|047|133|||||5.250|0.00||||||||||||||||||||219059.82
F08Q10003291|201201|219059.82|0|048|132|||||5.250|0.00||||||||||||||||||||219059.82
F08Q10003291|201202|216618.27|0|049|131|||||5.250|0.00||||||||||||||||||||216618.27
F08Q10003291|201203|215389.47|0|050|130|||||5.250|0.00||||||||||||||||||||215389.47
F08Q10003291|201204|215389.47|0|051|129|||||5.250|0.00||||||||||||||||||||215389.47
F08Q10003291|201205|212915.73|0|052|128|||||5.250|0.00||||||||||||||||||||212915.73
F08Q10003291|201206|211670.74|0|053|127|||||5.250|0.00||||||||||||||||||||211670.74
F08Q10003291|201207|211670.74|0|054|126|||||5.250|0.00||||||||||||||||||||211670.74
F08Q10003291|201208|209164.39|0|055|125|||||5.250|0.00||||||||||||||||||||209164.39
F08Q10003291|201209|209164.39|0|056|124|||||5.250|0.00||||||||||||||||||||209164.39
F08Q10003291|201210|206636.06|0|057|123|||||5.250|0.00||||||||||||||||||||206636.06
F08Q10003291|201211|205363.59|0|058|122|||||5.250|0.00||||||||||||||||||||205363.59
F08Q10003291|201212|205363.59|0|059|121|||||5.250|0.00||||||||||||||||||||205363.59
F08Q10003291|201301|204085.56|0|060|120|||||5.250|0.00||||||||||||||||||||204085.56
F08Q10003291|201302|201512.69|0|061|119|||||5.250|0.00||||||||||||||||||||201512.69
F08Q10003291|201303|200217.81|0|062|118|||||5.250|0.00||||||||||||||||||||200217.81
F08Q10003291|201304|200217.81|0|063|117|||||5.250|0.00||||||||||||||||||||200217.81
F08Q10003291|201305|0.00|0|064|116|||01|201305|5.250|0.00|||||||||||||||200217.81|||||0.00
F08Q10003298|200802|104000.00|0|000|360|||||6.375|0.00||||||||||||||||||||104000.00
F08Q10003298|200803|103000.00|0|001|359|||||6.375|0.00||||||||||||||||||||103000.00
F08Q10003298|200804|103000.00|0|002|358|||||6.375|0.00||||||||||||||||||||103000.00
F08Q10003298|200805|103000.00|0|003|357|||||6.375|0.00||||||||||||||||||||103000.00
F08Q10003298|200806|102000.00|0|004|356|||||6.375|0.00||||||||||||||||||||102000.00
F08Q10003298|200807|101000.00|0|005|355|||||6.375|0.00||||||||||||||||||||101000.00
F08Q10003298|200808|101000.00|0|006|354|||||6.375|0.00||||||||||||||||||||101000.00
F08Q10003298|200809|100994.29|0|007|353|||||6.375|0.00||||||||||||||||||||100994.29
F08Q10003298|200810|100574.53|0|008|352|||||6.375|0.00||||||||||||||||||||100574.53
F08Q10003298|200811|99938.45|0|009|351|||||6.375|0.00||||||||||||||||||||99938.45
F08Q10003298|200812|99423.66|0|010|350|||||6.375|0.00||||||||||||||||||||99423.66
F08Q10003298|200901|98906.14|0|011|349|||||6.375|0.00||||||||||||||||||||98906.14
F08Q10003298|200902|98385.87|0|012|348|||||6.375|0.00||||||||||||||||||||98385.87
F08Q10003298|200903|97862.83|0|013|347|||||6.375|0.00||||||||||||||||||||97862.83
F08Q10003298|200904|97337.02|0|014|346|||||6.375|0.00||||||||||||||||||||97337.02
F08Q10003298|200905|96808.41|0|015|345|||||6.375|0.00||||||||||||||||||||96808.41
F08Q10003298|200906|96276.99|0|016|344|||||6.375|0.00||||||||||||||||||||96276.99
F08Q10003298|200907|95742.75|0|017|343|||||6.375|0.00||||||||||||||||||||95742.75
F08Q10003298|200908|95205.67|0|018|342|||||6.375|0.00||||||||||||||||||||95205.67
F08Q10003298|200909|94665.74|0|019|341|||||6.375|0.00||||||||||||||||||||94665.74
F08Q10003298|200910|94122.94|0|020|340|||||6.375|0.00||||||||||||||||||||94122.94
F08Q10003298|200911|92977.26|0|021|339|||||6.375|0.00||||||||||||||||||||92977.26
F08Q10003298|200912|92425.49|0|022|338|||||6.375|0.00||||||||||||||||||||92425.49
F08Q10003298|201001|91270.79|0|023|337|||||6.375|0.00||||||||||||||||||||91270.79
F08Q10003298|201002|90109.96|0|024|336|||||6.375|0.00||||||||||||||||||||90109.96
F08Q10003298|201003|88942.96|0|025|335|||||6.375|0.00||||||||||||||||||||88942.96
F08Q10003298|201004|88369.76|0|026|334|||||6.375|0.00||||||||||||||||||||88369.76
F08Q10003298|201005|87793.51|0|027|333|||||6.375|0.00||||||||||||||||||||87793.51
F08Q10003298|201006|87214.20|0|028|332|||||6.375|0.00||||||||||||||||||||87214.20
F08Q10003298|201007|86631.82|0|029|331|||||6.375|0.00||||||||||||||||||||86631.82
F08Q10003298|201008|86046.34|0|030|330|||||6.375|0.00||||||||||||||||||||86046.34
F08Q10003298|201009|85457.75|0|031|329|||||6.375|0.00||||||||||||||||||||85457.75
F08Q10003298|201010|84866.03|0|032|328|||||6.375|0.00||||||||||||||||||||84866.03
F08Q10003298|201011|84271.17|0|033|327|||||6.375|0.00||||||||||||||||||||84271.17
F08Q10003298|201012|83673.15|0|034|326|||||6.375|0.00||||||||||||||||||||83673.15
F08Q10003298|201101|83471.95|0|035|325|||||6.375|0.00||||||||||||||||||||83471.95
F08Q10003298|201102|82426.24|0|036|324|||||6.375|0.00||||||||||||||||||||82426.24
F08Q10003298|201103|82223.97|0|037|323|||||6.375|0.00||||||||||||||||||||82223.97
F08Q10003298|201104|0.00|0|038|322|||01|201104|6.375|0.00|||||||||||||||82223.97|||||0.00
F08Q10003320|200803|117000.00|0|000|180|||||5.375|0.00||||||||||||||||||||117000.00
F08Q10003320|200804|116000.00|0|001|179|||||5.375|0.00||||||||||||||||||||116000.00
F08Q10003320|200805|116000.00|0|002|178|||||5.375|0.00||||||||||||||||||||116000.00
F08Q10003320|200806|116000.00|0|003|177|||||5.375|0.00||||||||||||||||||||116000.00
F08Q10003320|200807|115000.00|0|004|176|||||5.375|0.00||||||||||||||||||||115000.00
F08Q10003320|200808|115000.00|0|005|175|||||5.375|0.00||||||||||||||||||||115000.00
F08Q10003320|200809|114000.00|0|006|174|||||5.375|0.00||||||||||||||||||||114000.00
F08Q10003320|200810|113795.70|0|007|173|||||5.375|0.00||||||||||||||||||||113795.70
F08Q10003320|200811|113358.79|0|008|172|||||5.375|0.00||||||||||||||||||||113358.79
F08Q10003320|200812|112919.92|0|009|171|||||5.375|0.00||||||||||||||||||||112919.92
F08Q10003320|200901|112479.09|0|010|170|||||5.375|0.00||||||||||||||||||||112479.09
F08Q10003320|200902|112036.28|0|011|169|||||5.375|0.00||||||||||||||||||||112036.28
F08Q10003320|200903|111591.49|0|012|168|||||5.375|0.00||||||||||||||||||||111591.49
F08Q10003320|200904|111144.71|0|013|167|||||5.375|0.00||||||||||||||||||||111144.71
F08Q10003320|200905|110695.93|0|014|166|||||5.375|0.00||||||||||||||||||||110695.93
F08Q10003320|200906|110245.14|0|015|165|||||5.375|0.00||||||||||||||||||||110245.14
F08Q10003320|200907|109792.33|0|016|164|||||5.375|0.00||||||||||||||||||||109792.33
F08Q10003320|200908|109337.49|0|017|163|||||5.375|0.00||||||||||||||||||||109337.49
F08Q10003320|200909|108880.61|0|018|162|||||5.375|0.00||||||||||||||||||||108880.61
F08Q10003320|200910|108421.68|0|019|161|||||5.375|0.00||||||||||||||||||||108421.68
F08Q10003320|200911|107960.70|0|020|160|||||5.375|0.00||||||||||||||||||||107960.70
F08Q10003320|200912|107497.65|0|021|159|||||5.375|0.00||||||||||||||||||||107497.65
F08Q10003320|201001|107032.53|0|022|158|||||5.375|0.00||||||||||||||||||||107032.53
F08Q10003320|201002|107032.53|0|023|157|||||5.375|0.00||||||||||||||||||||107032.53
F08Q10003320|201003|106096.03|0|024|156|||||5.375|0.00||||||||||||||||||||106096.03
F08Q10003320|201004|105624.63|0|025|155|||||5.375|0.00||||||||||||||||||||105624.63
F08Q10003320|201005|105151.12|0|026|154|||||5.375|0.00||||||||||||||||||||105151.12
F08Q10003320|201006|104675.49|0|027|153|||||5.375|0.00||||||||||||||||||||104675.49
F08Q10003320|201007|104197.73|0|028|152|||||5.375|0.00||||||||||||||||||||104197.73
F08Q10003320|201008|103717.83|0|029|151|||||5.375|0.00||||||||||||||||||||103717.83
F08Q10003320|201009|103717.83|0|030|150|||||5.375|0.00||||||||||||||||||||103717.83
F08Q10003320|201010|102751.57|0|031|149|||||5.375|0.00||||||||||||||||||||102751.57
F08Q10003320|201011|102265.19|0|032|148|||||5.375|0.00||||||||||||||||||||102265.19
F08Q10003320|201012|101776.63|0|033|147|||||5.375|0.00||||||||||||||||||||101776.63
F08Q10003320|201101|101285.88|0|034|146|||||5.375|0.00||||||||||||||||||||101285.88
F08Q10003320|201102|100792.94|0|035|145|||||5.375|0.00||||||||||||||||||||100792.94
F08Q10003320|201103|100297.79|0|036|144|||||5.375|0.00||||||||||||||||||||100297.79
F08Q10003320|201104|99800.42|0|037|143|||||5.375|0.00||||||||||||||||||||99800.42
F08Q10003320|201105|99300.82|0|038|142|||||5.375|0.00||||||||||||||||||||99300.82
F08Q10003320|201106|98798.98|0|039|141|||||5.375|0.00||||||||||||||||||||98798.98
F08Q10003320|201107|98294.90|0|040|140|||||5.375|0.00||||||||||||||||||||98294.90
F08Q10003320|201108|97788.56|0|041|139|||||5.375|0.00||||||||||||||||||||97788.56
F08Q10003320|201109|97279.95|0|042|138|||||5.375|0.00||||||||||||||||||||97279.95
F08Q10003320|201110|96769.06|0|043|137|||||5.375|0.00||||||||||||||||||||96769.06
F08Q10003320|201111|96255.88|0|044|136|||||5.375|0.00||||||||||||||||||||96255.88
F08Q10003320|201112|95740.41|0|045|135|||||5.375|0.00||||||||||||||||||||95740.41
F08Q10003320|201201|95222.63|0|046|134|||||5.375|0.00||||||||||||||||||||95222.63
F08Q10003320|201202|94702.53|0|047|133|||||5.375|0.00||||||||||||||||||||94702.53
F08Q10003320|201203|94702.53|0|048|132|||||5.375|0.00||||||||||||||||||||94702.53
F08Q10003320|201204|93655.33|0|049|131|||||5.375|0.00||||||||||||||||||||93655.33
F08Q10003320|201205|93128.21|0|050|130|||||5.375|0.00||||||||||||||||||||93128.21
F08Q10003320|201206|92598.73|0|051|129|||||5.375|0.00||||||||||||||||||||92598.73
F08Q10003320|201207|92066.88|0|052|128|||||5.375|0.00||||||||||||||||||||92066.88
F08Q10003320|201208|91532.64|0|053|127|||||5.375|0.00||||||||||||||||||||91532.64
F08Q10003320|201209|90996.01|0|054|126|||||5.375|0.00||||||||||||||||||||90996.01
F08Q10003320|201210|90456.98|0|055|125|||||5.375|0.00||||||||||||||||||||90456.98
F08Q10003320|201211|89915.53|0|056|124|||||5.375|0.00||||||||||||||||||||89915.53
F08Q10003320|201212|89371.66|0|057|123|||||5.375|0.00||||||||||||||||||||89371.66
F08Q10003320|201301|88825.35|0|058|122|||||5.375|0.00||||||||||||||||||||88825.35
F08Q10003320|201302|88276.59|0|059|121|||||5.375|0.00||||||||||||||||||||88276.59
F08Q10003320|201303|87725.38|0|060|120|||||5.375|0.00||||||||||||||||||||87725.38
F08Q10003320|201304|87171.70|0|061|119|||||5.375|0.00||||||||||||||||||||87171.70
F08Q10003320|201305|86615.54|0|062|118|||||5.375|0.00||||||||||||||||||||86615.54
F08Q10003320|201306|86056.89|0|063|117|||||5.375|0.00||||||||||||||||||||86056.89
F08Q10003320|201307|85495.73|0|064|116|||||5.375|0.00||||||||||||||||||||85495.73
F08Q10003320|201308|84932.06|0|065|115|||||5.375|0.00||||||||||||||||||||84932.06
F08Q10003320|201309|84365.86|0|066|114|||||5.375|0.00||||||||||||||||||||84365.86
F08Q10003320|201310|83797.13|0|067|113|||||5.375|0.00||||||||||||||||||||83797.13
F08Q10003320|201311|83225.85|0|068|112|||||5.375|0.00||||||||||||||||||||83225.85
F08Q10003320|201312|82652.01|0|069|111|||||5.375|0.00||||||||||||||||||||82652.01
F08Q10003320|201401|82075.60|0|070|110|||||5.375|0.00||||||||||||||||||||82075.60
F08Q10003320|201402|81496.61|0|071|109|||||5.375|0.00||||||||||||||||||||81496.61
F08Q10003320|201403|80915.03|0|072|108|||||5.375|0.00||||||||||||||||||||80915.03
F08Q10003320|201404|80330.84|0|073|107|||||5.375|0.00||||||||||||||||||||80330.84
F08Q10003320|201405|79744.04|0|074|106|||||5.375|0.00||||||||||||||||||||79744.04
F08Q10003320|201406|79154.61|0|075|105|||||5.375|0.00||||||||||||||||||||79154.61
F08Q10003320|201407|78562.54|0|076|104|||||5.375|0.00||||||||||||||||||||78562.54
F08Q10003320|201408|77967.81|0|077|103|||||5.375|0.00||||||||||||||||||||77967.81
F08Q10003320|201409|77370.42|0|078|102|||||5.375|0.00||||||||||||||||||||77370.42
F08Q10003320|201410|76770.36|0|079|101|||||5.375|0.00||||||||||||||||||||76770.36
F08Q10003320|201411|76167.61|0|080|100|||||5.375|0.00||||||||||||||||||||76167.61
F08Q10003320|201412|75562.16|0|081|099|||||5.375|0.00||||||||||||||||||||75562.16
F08Q10003320|201501|74954.00|0|082|098|||||5.375|0.00||||||||||||||||||||74954.00
F08Q10003320|201502|74343.11|0|083|097|||||5.375|0.00||||||||||||||||||||74343.11
F08Q10003320|201503|73729.49|0|084|096|||||5.375|0.00||||||||||||||||||||73729.49
F08Q10003320|201504|73113.12|0|085|095|||||5.375|0.00||||||||||||||||||||73113.12
F08Q10003320|201505|72493.99|0|086|094|||||5.375|0.00||||||||||||||||||||72493.99
F08Q10003320|201506|71872.08|0|087|093|||||5.375|0.00||||||||||||||||||||71872.08
F08Q10003320|201507|71247.39|0|088|092|||||5.375|0.00||||||||||||||||||||71247.39
F08Q10003320|201508|70619.90|0|089|091|||||5.375|0.00||||||||||||||||||||70619.90
F08Q10003320|201509|69989.60|0|090|090|||||5.375|0.00||||||||||||||||||||69989.60
F08Q10003320|201510|69356.48|0|091|089|||||5.375|0.00||||||||||||||||||||69356.48
F08Q10003320|201511|68720.52|0|092|088|||||5.375|0.00||||||||||||||||||||68720.52
F08Q10003320|201512|68081.71|0|093|087|||||5.375|0.00||||||||||||||||||||68081.71
F08Q10003320|201601|67440.04|0|094|086|||||5.375|0.00||||||||||||||||||||67440.04
F08Q10003320|201602|66795.50|0|095|085|||||5.375|0.00||||||||||||||||||||66795.50
F08Q10003320|201603|66148.07|0|096|084|||||5.375|0.00||||||||||||||||||||66148.07
F08Q10003320|201604|65497.74|0|097|083|||||5.375|0.00||||||||||||||||||||65497.74
F08Q10003320|201605|64844.50|0|098|082|||||5.375|0.00||||||||||||||||||||64844.50
F08Q10003320|201606|64188.33|0|099|081|||||5.375|0.00||||||||||||||||||||64188.33
F08Q10003320|201607|63529.22|0|100|080|||||5.375|0.00||||||||||||||||||||63529.22
F08Q10003320|201608|62867.16|0|101|079|||||5.375|0.00||||||||||||||||||||62867.16
F08Q10003320|201609|62202.13|0|102|078|||||5.375|0.00||||||||||||||||||||62202.13
F08Q10003320|201610|61534.12|0|103|077|||||5.375|0.00||||||||||||||||||||61534.12
F08Q10003320|201611|60863.12|0|104|076|||||5.375|0.00||||||||||||||||||||60863.12
F08Q10003320|201612|60189.12|0|105|075|||||5.375|0.00||||||||||||||||||||60189.12
F08Q10003320|201701|59512.10|0|106|074|||||5.375|0.00||||||||||||||||||||59512.10
F08Q10003320|201702|58832.04|0|107|073|||||5.375|0.00||||||||||||||||||||58832.04
F08Q10003320|201703|58148.94|0|108|072|||||5.375|0.00||||||||||||||||||||58148.94
F08Q10003320|201704|57462.78|0|109|071|||||5.375|0.00||||||||||||||28||||||57462.78
F08Q10003320|201705|56773.55|0|110|070|||||5.375|0.00||||||||||||||28||||||56773.55
F08Q10003320|201706|56081.23|0|111|069|||||5.375|0.00||||||||||||||27||||||56081.23
F08Q10003320|201707|55385.81|0|112|068|||||5.375|0.00||||||||||||||26||||||55385.81
F08Q10003320|201708|54687.27|0|113|067|||||5.375|0.00||||||||||||||26||||||54687.27
F08Q10003320|201709|53985.60|0|114|066|||||5.375|0.00||||||||||||||26||||||53985.60
F08Q10003320|201710|53280.79|0|115|065|||||5.375|0.00||||||||||||||25||||||53280.79
F08Q10003320|201711|52572.82|0|116|064|||||5.375|0.00||||||||||||||25||||||52572.82
F08Q10003320|201712|51861.68|0|117|063|||||5.375|0.00||||||||||||||25||||||51861.68
F08Q10003320|201801|51861.68|0|118|062|||||5.375|0.00||||||||||||||25||||||51861.68
F08Q10003320|201802|50429.84|0|119|061|||||5.375|0.00||||||||||||||24||||||50429.84
F08Q10003320|201803|49709.10|0|120|060|||||5.375|0.00||||||||||||||23||||||49709.10
F08Q10003320|201804|48985.14|0|121|059|||||5.375|0.00||||||||||||||22||||||48985.14
F08Q10003320|201805|48257.93|0|122|058|||||5.375|0.00||||||||||||||22||||||48257.93
F08Q10003320|201806|47527.47|0|123|057|||||5.375|0.00||||||||||||||22||||||47527.47
F08Q10003320|201807|46793.73|0|124|056|||||5.375|0.00||||||||||||||21||||||46793.73
F08Q10003320|201808|46056.71|0|125|055|||||5.375|0.00||||||||||||||21||||||46056.71
F08Q10003320|201809|45316.39|0|126|054|||||5.375|0.00||||||||||||||20||||||45316.39
F08Q10003320|201810|44572.75|0|127|053|||||5.375|0.00||||||||||||||20||||||44572.75
F08Q10003320|201811|43825.78|0|128|052|||||5.375|0.00||||||||||||||20||||||43825.78
F08Q10003320|201812|43075.46|0|129|051|||||5.375|0.00||||||||||||||20||||||43075.46
F08Q10003320|201901|42321.78|0|130|050|||||5.375|0.00||||||||||||||19||||||42321.78
F08Q10003320|201902|41564.73|0|131|049|||||5.375|0.00||||||||||||||19||||||41564.73
F08Q10003320|201903|40804.29|0|132|048|||||5.375|0.00||||||||||||||18||||||40804.29
F08Q10003320|201904|40040.44|0|133|047|||||5.375|0.00||||||||||||||18||||||40040.44
F08Q10003320|201905|39273.17|0|134|046|||||5.375|0.00||||||||||||||17||||||39273.17
F08Q10003320|201906|38502.46|0|135|045|||||5.375|0.00||||||||||||||17||||||38502.46
F08Q10003320|201907|37728.30|0|136|044|||||5.375|0.00||||||||||||||17||||||37728.30
F08Q10003320|201908|36950.67|0|137|043|||||5.375|0.00||||||||||||||16||||||36950.67
F08Q10003320|201909|36169.56|0|138|042|||||5.375|0.00||||||||||||||16||||||36169.56
F08Q10003320|201910|35384.95|0|139|041|||||5.375|0.00||||||||||||||16||||||35384.95
F08Q10003320|201911|34596.83|0|140|040|||||5.375|0.00||||||||||||||16||||||34596.83
F08Q10003320|201912|33805.17|0|141|039|||||5.375|0.00||||||||||||||15||||||33805.17
F08Q10003320|202001|33009.97|0|142|038|||||5.375|0.00||||||||||||||15||||||33009.97
F08Q10003320|202002|32211.21|0|143|037|||||5.375|0.00||||||||||||||14||||||32211.21
F08Q10003320|202003|31408.87|0|144|036|||||5.375|0.00||||||||||||||14||||||31408.87
F08Q10003320|202004|30602.94|0|145|035|||||5.375|0.00||||||||||||||13||||||30602.94
F08Q10003320|202005|29793.40|0|146|034|||||5.375|0.00||||||||||||||13||||||29793.40
F08Q10003320|202006|28980.23|0|147|033|||||5.375|0.00||||||||||||||13||||||28980.23
F08Q10003320|202007|0.00|0|148|032|||01|202007|5.375|0.00|202007|||||||||||||999|28980.23|||||0.00
F08Q10003375|200802|320000.00|0|000|360|||||6.000|0.00||||||||||||||||||||320000.00
F08Q10003375|200803|319000.00|0|001|359|||||6.000|0.00||||||||||||||||||||319000.00
F08Q10003375|200804|319000.00|0|002|358|||||6.000|0.00||||||||||||||||||||319000.00
F08Q10003375|200805|319000.00|0|003|357|||||6.000|0.00||||||||||||||||||||319000.00
F08Q10003375|200806|318000.00|0|004|356|||||6.000|0.00||||||||||||||||||||318000.00
F08Q10003375|200807|318000.00|0|005|355|||||6.000|0.00||||||||||||||||||||318000.00
F08Q10003375|200808|318000.00|0|006|354|||||6.000|0.00||||||||||||||||||||318000.00
F08Q10003375|200809|317239.91|0|007|353|||||6.000|0.00||||||||||||||||||||317239.91
F08Q10003375|200810|316910.55|0|008|352|||||6.000|0.00||||||||||||||||||||316910.55
F08Q10003375|200811|316579.54|0|009|351|||||6.000|0.00||||||||||||||||||||316579.54
F08Q10003375|200812|316579.54|0|010|350|||||6.000|0.00||||||||||||||||||||316579.54
F08Q10003375|200901|315912.55|0|011|349|||||6.000|0.00||||||||||||||||||||315912.55
F08Q10003375|200902|315576.55|0|012|348|||||6.000|0.00||||||||||||||||||||315576.55
F08Q10003375|200903|315238.87|0|013|347|||||6.000|0.00||||||||||||||||||||315238.87
F08Q10003375|200904|315238.87|0|014|346|||||6.000|0.00||||||||||||||||||||315238.87
F08Q10003375|200905|314558.44|0|015|345|||||6.000|0.00||||||||||||||||||||314558.44
F08Q10003375|200906|314215.67|0|016|344|||||6.000|0.00||||||||||||||||||||314215.67
F08Q10003375|200907|313871.19|0|017|343|||||6.000|0.00||||||||||||||||||||313871.19
F08Q10003375|200908|313524.99|0|018|342|||||6.000|0.00||||||||||||||||||||313524.99
F08Q10003375|200909|313177.05|0|019|341|||||6.000|0.00||||||||||||||||||||313177.05
F08Q10003375|200910|312827.38|0|020|340|||||6.000|0.00||||||||||||||||||||312827.38
F08Q10003375|200911|312827.38|0|021|339|||||6.000|0.00||||||||||||||||||||312827.38
F08Q10003375|200912|0.00|0|022|338|||01|200912|6.000|0.00|||||||||||||||312827.38|||||0.00
F08Q10003415|200802|205000.00|0|000|360|||||6.125|0.00||||||||||||||||||||205000.00
F08Q10003415|200803|205000.00|0|001|359|||||6.125|0.00||||||||||||||||||||205000.00
F08Q10003415|200804|204000.00|0|002|358|||||6.125|0.00||||||||||||||||||||204000.00
F08Q10003415|200805|204000.00|0|003|357|||||6.125|0.00||||||||||||||||||||204000.00
F08Q10003415|200806|204000.00|0|004|356|||||6.125|0.00||||||||||||||||||||204000.00
F08Q10003415|200807|204000.00|0|005|355|||||6.125|0.00||||||||||||||||||||204000.00
F08Q10003415|200808|203000.00|0|006|354|||||6.125|0.00||||||||||||||||||||203000.00
F08Q10003415|200809|203197.40|0|007|353|||||6.125|0.00||||||||||||||||||||203197.40
F08Q10003415|200810|202934.64|0|008|352|||||6.125|0.00||||||||||||||||||||202934.64
F08Q10003415|200811|202934.64|0|009|351|||||6.125|0.00||||||||||||||||||||202934.64
F08Q10003415|200812|202405.28|0|010|350|||||6.125|0.00||||||||||||||||||||202405.28
F08Q10003415|200901|202138.28|0|011|349|||||6.125|0.00||||||||||||||||||||202138.28
F08Q10003415|200902|202138.28|0|012|348|||||6.125|0.00||||||||||||||||||||202138.28
F08Q10003415|200903|201600.72|0|013|347|||||6.125|0.00||||||||||||||||||||201600.72
F08Q10003415|200904|201329.07|0|014|346|||||6.125|0.00||||||||||||||||||||201329.07
F08Q10003415|200905|201056.71|0|015|345|||||6.125|0.00||||||||||||||||||||201056.71
F08Q10003415|200906|0.00|0|016|344|||01|200906|6.125|0.00|||||||||||||||201056.71|||||0.00
F08Q10003487|200802|99000.00|0|000|360|||||6.250|0.00||||||||||||||||||||99000.00
F08Q10003487|200803|99000.00|0|001|359|||||6.250|0.00||||||||||||||||||||99000.00
F08Q10003487|200804|98000.00|0|002|358|||||6.250|0.00||||||||||||||||||||98000.00
F08Q10003487|200805|98000.00|0|003|357|||||6.250|0.00||||||||||||||||||||98000.00
F08Q10003487|200806|98000.00|0|004|356|||||6.250|0.00||||||||||||||||||||98000.00
F08Q10003487|200807|98000.00|0|005|355|||||6.250|0.00||||||||||||||||||||98000.00
F08Q10003487|200808|98000.00|0|006|354|||||6.250|0.00||||||||||||||||||||98000.00
F08Q10003487|200809|97923.26|0|007|353|||||6.250|0.00||||||||||||||||||||97923.26
F08Q10003487|200810|97805.75|0|008|352|||||6.250|0.00||||||||||||||||||||97805.75
F08Q10003487|200811|97707.62|0|009|351|||||6.250|0.00||||||||||||||||||||97707.62
F08Q10003487|200812|97570.75|0|010|350|||||6.250|0.00||||||||||||||||||||97570.75
F08Q10003487|200901|97461.40|0|011|349|||||6.250|0.00||||||||||||||||||||97461.40
F08Q10003487|200902|97341.48|0|012|348|||||6.250|0.00||||||||||||||||||||97341.48
F08Q10003487|200903|97341.48|0|013|347|||||6.250|0.00||||||||||||||||||||97341.48
F08Q10003487|200904|97220.94|0|014|346|||||6.250|0.00||||||||||||||||||||97220.94
F08Q10003487|200905|97002.99|0|015|345|||||6.250|0.00||||||||||||||||||||97002.99
F08Q10003487|200906|0.00|0|016|344|||01|200906|6.250|0.00|||||||||||||||97002.99|||||0.00
F08Q10003515|200802|305000.00|0|000|360|||||6.125|0.00||||||||||||||||||||305000.00
F08Q10003515|200803|305000.00|0|001|359|||||6.125|0.00||||||||||||||||||||305000.00
F08Q10003515|200804|305000.00|0|002|358|||||6.125|0.00||||||||||||||||||||305000.00
F08Q10003515|200805|305000.00|0|003|357|||||6.125|0.00||||||||||||||||||||305000.00
F08Q10003515|200806|304000.00|0|004|356|||||6.125|0.00||||||||||||||||||||304000.00
F08Q10003515|200807|304000.00|0|005|355|||||6.125|0.00||||||||||||||||||||304000.00
F08Q10003515|200808|304000.00|0|006|354|||||6.125|0.00||||||||||||||||||||304000.00
F08Q10003515|200809|303290.12|0|007|353|||||6.125|0.00||||||||||||||||||||303290.12
F08Q10003515|200810|302982.52|0|008|352|||||6.125|0.00||||||||||||||||||||302982.52
F08Q10003515|200811|302673.35|0|009|351|||||6.125|0.00||||||||||||||||||||302673.35
F08Q10003515|200812|302362.61|0|010|350|||||6.125|0.00||||||||||||||||||||302362.61
F08Q10003515|200901|302050.28|0|011|349|||||6.125|0.00||||||||||||||||||||302050.28
F08Q10003515|200902|301736.35|0|012|348|||||6.125|0.00||||||||||||||||||||301736.35
F08Q10003515|200903|301420.82|0|013|347|||||6.125|0.00||||||||||||||||||||301420.82
F08Q10003515|200904|301103.68|0|014|346|||||6.125|0.00||||||||||||||||||||301103.68
F08Q10003515|200905|300784.92|0|015|345|||||6.125|0.00||||||||||||||||||||300784.92
F08Q10003515|200906|300464.54|0|016|344|||||6.125|0.00||||||||||||||||||||300464.54
F08Q10003515|200907|300142.52|0|017|343|||||6.125|0.00||||||||||||||||||||300142.52
F08Q10003515|200908|299818.86|0|018|342|||||6.125|0.00||||||||||||||||||||299818.86
F08Q10003515|200909|299493.55|0|019|341|||||6.125|0.00||||||||||||||||||||299493.55
F08Q10003515|200910|299166.58|0|020|340|||||6.125|0.00||||||||||||||||||||299166.58
F08Q10003515|200911|298837.94|0|021|339|||||6.125|0.00||||||||||||||||||||298837.94
F08Q10003515|200912|298507.62|0|022|338|||||6.125|0.00||||||||||||||||||||298507.62
F08Q10003515|201001|298175.61|0|023|337|||||6.125|0.00||||||||||||||||||||298175.61
F08Q10003515|201002|297841.91|0|024|336|||||6.125|0.00||||||||||||||||||||297841.91
F08Q10003515|201003|297506.50|0|025|335|||||6.125|0.00||||||||||||||||||||297506.50
F08Q10003515|201004|297169.38|0|026|334|||||6.125|0.00||||||||||||||||||||297169.38
F08Q10003515|201005|296830.54|0|027|333|||||6.125|0.00||||||||||||||||||||296830.54
F08Q10003515|201006|296489.97|0|028|332|||||6.125|0.00||||||||||||||||||||296489.97
F08Q10003515|201007|296147.66|0|029|331|||||6.125|0.00||||||||||||||||||||296147.66
F08Q10003515|201008|295803.61|0|030|330|||||6.125|0.00||||||||||||||||||||295803.61
F08Q10003515|201009|295457.80|0|031|329|||||6.125|0.00||||||||||||||||||||295457.80
F08Q10003515|201010|295110.23|0|032|328|||||6.125|0.00||||||||||||||||||||295110.23
F08Q10003515|201011|294760.88|0|033|327|||||6.125|0.00||||||||||||||||||||294760.88
F08Q10003515|201012|0.00|0|034|326|||01|201012|6.125|0.00|||||||||||||||294760.88|||||0.00
F08Q10003547|200802|225000.00|0|000|360|||||6.250|0.00||||||||||||||||||||225000.00
F08Q10003547|200803|225000.00|0|001|359|||||6.250|0.00||||||||||||||||||||225000.00
F08Q10003547|200804|225000.00|0|002|358|||||6.250|0.00||||||||||||||||||||225000.00
F08Q10003547|200805|224000.00|0|003|357|||||6.250|0.00||||||||||||||||||||224000.00
F08Q10003547|200806|224000.00|0|004|356|||||6.250|0.00||||||||||||||||||||224000.00
F08Q10003547|200807|224000.00|0|005|355|||||6.250|0.00||||||||||||||||||||224000.00
F08Q10003547|200808|224000.00|0|006|354|||||6.250|0.00||||||||||||||||||||224000.00
F08Q10003547|200809|223482.06|0|007|353|||||6.250|0.00||||||||||||||||||||223482.06
F08Q10003547|200810|223260.67|0|008|352|||||6.250|0.00||||||||||||||||||||223260.67
F08Q10003547|200811|223038.13|0|009|351|||||6.250|0.00||||||||||||||||||||223038.13
F08Q10003547|200812|222814.43|0|010|350|||||6.250|0.00||||||||||||||||||||222814.43
F08Q10003547|200901|222589.56|0|011|349|||||6.250|0.00||||||||||||||||||||222589.56
F08Q10003547|200902|222363.52|0|012|348|||||6.250|0.00||||||||||||||||||||222363.52
F08Q10003547|200903|222136.30|0|013|347|||||6.250|0.00||||||||||||||||||||222136.30
F08Q10003547|200904|221907.90|0|014|346|||||6.250|0.00||||||||||||||||||||221907.90
F08Q10003547|200905|221678.31|0|015|345|||||6.250|0.00||||||||||||||||||||221678.31
F08Q10003547|200906|221447.52|0|016|344|||||6.250|0.00||||||||||||||||||||221447.52
F08Q10003547|200907|221215.53|0|017|343|||||6.250|0.00||||||||||||||||||||221215.53
F08Q10003547|200908|220982.33|0|018|342|||||6.250|0.00||||||||||||||||||||220982.33
F08Q10003547|200909|220747.92|0|019|341|||||6.250|0.00||||||||||||||||||||220747.92
F08Q10003547|200910|220512.29|0|020|340|||||6.250|0.00||||||||||||||||||||220512.29
F08Q10003547|200911|220275.43|0|021|339|||||6.250|0.00||||||||||||||||||||220275.43
F08Q10003547|200912|220037.34|0|022|338|||||6.250|0.00||||||||||||||||||||220037.34
F08Q10003547|201001|219798.01|0|023|337|||||6.250|0.00||||||||||||||||||||219798.01
F08Q10003547|201002|219557.43|0|024|336|||||6.250|0.00||||||||||||||||||||219557.43
F08Q10003547|201003|219315.60|0|025|335|||||6.250|0.00||||||||||||||||||||219315.60
F08Q10003547|201004|219072.51|0|026|334|||||6.250|0.00||||||||||||||||||||219072.51
F08Q10003547|201005|218828.15|0|027|333|||||6.250|0.00||||||||||||||||||||218828.15
F08Q10003547|201006|218582.52|0|028|332|||||6.250|0.00||||||||||||||||||||218582.52
F08Q10003547|201007|218335.61|0|029|331|||||6.250|0.00||||||||||||||||||||218335.61
F08Q10003547|201008|218087.41|0|030|330|||||6.250|0.00||||||||||||||||||||218087.41
F08Q10003547|201009|217837.92|0|031|329|||||6.250|0.00||||||||||||||||||||217837.92
F08Q10003547|201010|217587.13|0|032|328|||||6.250|0.00||||||||||||||||||||217587.13
F08Q10003547|201011|217335.04|0|033|327|||||6.250|0.00||||||||||||||||||||217335.04
F08Q10003547|201012|217081.63|0|034|326|||||6.250|0.00||||||||||||||||||||217081.63
F08Q10003547|201101|216826.90|0|035|325|||||6.250|0.00||||||||||||||||||||216826.90
F08Q10003547|201102|216570.85|0|036|324|||||6.250|0.00||||||||||||||||||||216570.85
F08Q10003547|201103|216313.46|0|037|323|||||6.250|0.00||||||||||||||||||||216313.46
F08Q10003547|201104|216054.73|0|038|322|||||6.250|0.00||||||||||||||||||||216054.73
F08Q10003547|201105|215794.66|0|039|321|||||6.250|0.00||||||||||||||||||||215794.66
F08Q10003547|201106|215533.23|0|040|320|||||6.250|0.00||||||||||||||||||||215533.23
F08Q10003547|201107|215270.44|0|041|319|||||6.250|0.00||||||||||||||||||||215270.44
F08Q10003547|201108|215006.28|0|042|318|||||6.250|0.00||||||||||||||||||||215006.28
F08Q10003547|201109|214740.74|0|043|317|||||6.250|0.00||||||||||||||||||||214740.74
F08Q10003547|201110|214473.82|0|044|316|||||6.250|0.00||||||||||||||||||||214473.82
F08Q10003547|201111|214205.51|0|045|315|||||6.250|0.00||||||||||||||||||||214205.51
F08Q10003547|201112|213935.80|0|046|314|||||6.250|0.00||||||||||||||||||||213935.80
F08Q10003547|201201|213664.69|0|047|313|||||6.250|0.00||||||||||||||||||||213664.69
F08Q10003547|201202|213392.17|0|048|312|||||6.250|0.00||||||||||||||||||||213392.17
F08Q10003547|201203|213118.23|0|049|311|||||6.250|0.00||||||||||||||||||||213118.23
F08Q10003547|201204|212842.86|0|050|310|||||6.250|0.00||||||||||||||||||||212842.86
F08Q10003547|201205|212566.06|0|051|309|||||6.250|0.00||||||||||||||||||||212566.06
F08Q10003547|201206|212287.81|0|052|308|||||6.250|0.00||||||||||||||||||||212287.81
F08Q10003547|201207|0.00|0|053|307|||01|201207|6.250|0.00|||||||||||||||212287.81|||||0.00
F08Q10003624|200802|90000.00|0|000|360|||||6.000|0.00||||||||||||||||||||90000.00
F08Q10003624|200803|90000.00|0|001|359|||||6.000|0.00||||||||||||||||||||90000.00
F08Q10003624|200804|90000.00|0|002|358|||||6.000|0.00||||||||||||||||||||90000.00
F08Q10003624|200805|90000.00|0|003|357|||||6.000|0.00||||||||||||||||||||90000.00
F08Q10003624|200806|90000.00|0|004|356|||||6.000|0.00||||||||||||||||||||90000.00
F08Q10003624|200807|90000.00|0|005|355|||||6.000|0.00||||||||||||||||||||90000.00
F08Q10003624|200808|89000.00|0|006|354|||||6.000|0.00||||||||||||||||||||89000.00
F08Q10003624|200809|89363.31|0|007|353|||||6.000|0.00||||||||||||||||||||89363.31
F08Q10003624|200810|89270.53|0|008|352|||||6.000|0.00||||||||||||||||||||89270.53
F08Q10003624|200811|89177.28|0|009|351|||||6.000|0.00||||||||||||||||||||89177.28
F08Q10003624|200812|89083.57|0|010|350|||||6.000|0.00||||||||||||||||||||89083.57
F08Q10003624|200901|88989.39|0|011|349|||||6.000|0.00||||||||||||||||||||88989.39
F08Q10003624|200902|88894.74|0|012|348|||||6.000|0.00||||||||||||||||||||88894.74
F08Q10003624|200903|0.00|0|013|347|||01|200903|6.000|0.00|||||||||||||||88894.74|||||0.00
F08Q10003670|200803|140000.00|0|000|180|||||4.875|0.00||||||||||||||||||||140000.00
F08Q10003670|200804|139000.00|0|001|179|||||4.875|0.00||||||||||||||||||||139000.00
F08Q10003670|200805|139000.00|0|002|178|||||4.875|0.00||||||||||||||||||||139000.00
F08Q10003670|200806|138000.00|0|003|177|||||4.875|0.00||||||||||||||||||||138000.00
F08Q10003670|200807|138000.00|0|004|176|||||4.875|0.00||||||||||||||||||||138000.00
F08Q10003670|200808|137000.00|0|005|175|||||4.875|0.00||||||||||||||||||||137000.00
F08Q10003670|200809|137000.00|0|006|174|||||4.875|0.00||||||||||||||||||||137000.00
F08Q10003670|200810|136235.61|0|007|173|||||4.875|0.00||||||||||||||||||||136235.61
F08Q10003670|200811|135689.07|0|008|172|||||4.875|0.00||||||||||||||||||||135689.07
F08Q10003670|200812|135140.31|0|009|171|||||4.875|0.00||||||||||||||||||||135140.31
F08Q10003670|200901|134589.32|0|010|170|||||4.875|0.00||||||||||||||||||||134589.32
F08Q10003670|200902|134025.09|0|011|169|||||4.875|0.00||||||||||||||||||||134025.09
F08Q10003670|200903|133455.57|0|012|168|||||4.875|0.00||||||||||||||||||||133455.57
F08Q10003670|200904|132883.73|0|013|167|||||4.875|0.00||||||||||||||||||||132883.73
F08Q10003670|200905|132309.57|0|014|166|||||4.875|0.00||||||||||||||||||||132309.57
F08Q10003670|200906|131733.08|0|015|165|||||4.875|0.00||||||||||||||||||||131733.08
F08Q10003670|200907|131168.25|0|016|164|||||4.875|0.00||||||||||||||||||||131168.25
F08Q10003670|200908|130601.12|0|017|163|||||4.875|0.00||||||||||||||||||||130601.12
F08Q10003670|200909|130031.69|0|018|162|||||4.875|0.00||||||||||||||||||||130031.69
F08Q10003670|200910|129459.94|0|019|161|||||4.875|0.00||||||||||||||||||||129459.94
F08Q10003670|200911|128885.87|0|020|160|||||4.875|0.00||||||||||||||||||||128885.87
F08Q10003670|200912|128309.47|0|021|159|||||4.875|0.00||||||||||||||||||||128309.47
F08Q10003670|201001|127730.73|0|022|158|||||4.875|0.00||||||||||||||||||||127730.73
F08Q10003670|201002|127149.64|0|023|157|||||4.875|0.00||||||||||||||||||||127149.64
F08Q10003670|201003|126566.19|0|024|156|||||4.875|0.00||||||||||||||||||||126566.19
F08Q10003670|201004|125980.37|0|025|155|||||4.875|0.00||||||||||||||||||||125980.37
F08Q10003670|201005|125392.17|0|026|154|||||4.875|0.00||||||||||||||||||||125392.17
F08Q10003670|201006|124801.58|0|027|153|||||4.875|0.00||||||||||||||||||||124801.58
F08Q10003670|201007|124208.59|0|028|152|||||4.875|0.00||||||||||||||||||||124208.59
F08Q10003670|201008|123613.19|0|029|151|||||4.875|0.00||||||||||||||||||||123613.19
F08Q10003670|201009|123015.37|0|030|150|||||4.875|0.00||||||||||||||||||||123015.37
F08Q10003670|201010|122415.12|0|031|149|||||4.875|0.00||||||||||||||||||||122415.12
F08Q10003670|201011|121812.43|0|032|148|||||4.875|0.00||||||||||||||||||||121812.43
F08Q10003670|201012|121207.29|0|033|147|||||4.875|0.00||||||||||||||||||||121207.29
F08Q10003670|201101|120599.69|0|034|146|||||4.875|0.00||||||||||||||||||||120599.69
F08Q10003670|201102|119989.63|0|035|145|||||4.875|0.00||||||||||||||||||||119989.63
F08Q10003670|201103|119377.09|0|036|144|||||4.875|0.00||||||||||||||||||||119377.09
F08Q10003670|201104|118762.06|0|037|143|||||4.875|0.00||||||||||||||||||||118762.06
F08Q10003670|201105|118144.53|0|038|142|||||4.875|0.00||||||||||||||||||||118144.53
F08Q10003670|201106|117524.49|0|039|141|||||4.875|0.00||||||||||||||||||||117524.49
F08Q10003670|201107|116901.93|0|040|140|||||4.875|0.00||||||||||||||||||||116901.93
F08Q10003670|201108|116276.84|0|041|139|||||4.875|0.00||||||||||||||||||||116276.84
F08Q10003670|201109|115649.21|0|042|138|||||4.875|0.00||||||||||||||||||||115649.21
F08Q10003670|201110|115019.03|0|043|137|||||4.875|0.00||||||||||||||||||||115019.03
F08Q10003670|201111|0.00|0|044|136|||01|201111|4.875|0.00|||||||||||||||115019.03|||||0.00
F08Q10003674|200802|201000.00|0|000|360|||||5.950|0.00||||||||||||||||||||201000.00
F08Q10003674|200803|201000.00|0|001|359|||||5.950|0.00||||||||||||||||||||201000.00
F08Q10003674|200804|200000.00|0|002|358|||||5.950|0.00||||||||||||||||||||200000.00
F08Q10003674|200805|200000.00|0|003|357|||||5.950|0.00||||||||||||||||||||200000.00
F08Q10003674|200806|200000.00|0|004|356|||||5.950|0.00||||||||||||||||||||200000.00
F08Q10003674|200807|200000.00|0|005|355|||||5.950|0.00||||||||||||||||||||200000.00
F08Q10003674|200808|200000.00|0|006|354|||||5.950|0.00||||||||||||||||||||200000.00
F08Q10003674|200809|199347.98|0|007|353|||||5.950|0.00||||||||||||||||||||199347.98
F08Q10003674|200810|199136.41|0|008|352|||||5.950|0.00||||||||||||||||||||199136.41
F08Q10003674|200811|198923.79|0|009|351|||||5.950|0.00||||||||||||||||||||198923.79
F08Q10003674|200812|198710.12|0|010|350|||||5.950|0.00||||||||||||||||||||198710.12
F08Q10003674|200901|198495.39|0|011|349|||||5.950|0.00||||||||||||||||||||198495.39
F08Q10003674|200902|0.00|0|012|348|||01|200902|5.950|0.00|||||||||||||||198495.39|||||0.00
F08Q10003702|200802|71000.00|0|000|240|||||6.375|0.00||||||||||||||||||||71000.00
F08Q10003702|200803|71000.00|0|001|239|||||6.375|0.00||||||||||||||||||||71000.00
F08Q10003702|200804|70000.00|0|002|238|||||6.375|0.00||||||||||||||||||||70000.00
F08Q10003702|200805|70000.00|0|003|237|||||6.375|0.00||||||||||||||||||||70000.00
F08Q10003702|200806|70000.00|0|004|236|||||6.375|0.00||||||||||||||||||||70000.00
F08Q10003702|200807|70000.00|0|005|235|||||6.375|0.00||||||||||||||||||||70000.00
F08Q10003702|200808|70000.00|0|006|234|||||6.375|0.00||||||||||||||||||||70000.00
F08Q10003702|200809|69637.16|0|007|233|||||6.375|0.00||||||||||||||||||||69637.16
F08Q10003702|200810|69405.22|0|008|232|||||6.375|0.00||||||||||||||||||||69405.22
F08Q10003702|200811|69172.05|0|009|231|||||6.375|0.00||||||||||||||||||||69172.05
F08Q10003702|200812|68937.64|0|010|230|||||6.375|0.00||||||||||||||||||||68937.64
F08Q10003702|200901|68701.98|0|011|229|||||6.375|0.00||||||||||||||||||||68701.98
F08Q10003702|200902|68465.07|0|012|228|||||6.375|0.00||||||||||||||||||||68465.07
F08Q10003702|200903|68250.80|0|013|227|||||6.375|0.00||||||||||||||||||||68250.80
F08Q10003702|200904|67934.57|0|014|226|||||6.375|0.00||||||||||||||||||||67934.57
F08Q10003702|200905|67616.66|0|015|225|||||6.375|0.00||||||||||||||||||||67616.66
F08Q10003702|200906|67297.06|0|016|224|||||6.375|0.00||||||||||||||||||||67297.06
F08Q10003702|200907|66975.77|0|017|223|||||6.375|0.00||||||||||||||||||||66975.77
F08Q10003702|200908|66975.77|0|018|222|||||6.375|0.00||||||||||||||||||||66975.77
F08Q10003702|200909|66652.78|0|019|221|||||6.375|0.00||||||||||||||||||||66652.78
F08Q10003702|200910|66482.73|0|020|220|||||6.375|0.00||||||||||||||||||||66482.73
F08Q10003702|200911|65674.27|0|021|219|||||6.375|0.00||||||||||||||||||||65674.27
F08Q10003702|200912|65344.35|0|022|218|||||6.375|0.00||||||||||||||||||||65344.35
F08Q10003702|201001|65012.68|0|023|217|||||6.375|0.00||||||||||||||||||||65012.68
F08Q10003702|201002|64679.25|0|024|216|||||6.375|0.00||||||||||||||||||||64679.25
F08Q10003702|201003|64354.39|0|025|215|||||6.375|0.00||||||||||||||||||||64354.39
F08Q10003702|201004|64027.80|0|026|214|||||6.375|0.00||||||||||||||||||||64027.80
F08Q10003702|201005|63699.48|0|027|213|||||6.375|0.00||||||||||||||||||||63699.48
F08Q10003702|201006|63369.41|0|028|212|||||6.375|0.00||||||||||||||||||||63369.41
F08Q10003702|201007|63037.59|0|029|211|||||6.375|0.00||||||||||||||||||||63037.59
F08Q10003702|201008|63037.59|0|030|210|||||6.375|0.00||||||||||||||||||||63037.59
F08Q10003702|201009|62569.42|0|031|209|||||6.375|0.00||||||||||||||||||||62569.42
F08Q10003702|201010|62233.35|0|032|208|||||6.375|0.00||||||||||||||||||||62233.35
F08Q10003702|201011|61895.49|0|033|207|||||6.375|0.00||||||||||||||||||||61895.49
F08Q10003702|201012|61555.84|0|034|206|||||6.375|0.00||||||||||||||||||||61555.84
F08Q10003702|201101|61358.72|0|035|205|||||6.375|0.00||||||||||||||||||||61358.72
F08Q10003702|201102|61160.55|0|036|204|||||6.375|0.00||||||||||||||||||||61160.55
F08Q10003702|201103|60873.16|0|037|203|||||6.375|0.00||||||||||||||||||||60873.16
F08Q10003702|201104|60584.24|0|038|202|||||6.375|0.00||||||||||||||||||||60584.24
F08Q10003702|201105|60293.78|0|039|201|||||6.375|0.00||||||||||||||||||||60293.78
F08Q10003702|201106|60001.78|0|040|200|||||6.375|0.00||||||||||||||||||||60001.78
F08Q10003702|201107|59708.23|0|041|199|||||6.375|0.00||||||||||||||||||||59708.23
F08Q10003702|201108|59413.12|0|042|198|||||6.375|0.00||||||||||||||||||||59413.12
F08Q10003702|201109|59116.44|0|043|197|||||6.375|0.00||||||||||||||||||||59116.44
F08Q10003702|201110|58818.19|0|044|196|||||6.375|0.00||||||||||||||||||||58818.19
F08Q10003702|201111|58518.35|0|045|195|||||6.375|0.00||||||||||||||||||||58518.35
F08Q10003702|201112|58216.92|0|046|194|||||6.375|0.00||||||||||||||||||||58216.92
F08Q10003702|201201|57913.89|0|047|193|||||6.375|0.00||||||||||||||||||||57913.89
F08Q10003702|201202|57609.25|0|048|192|||||6.375|0.00||||||||||||||||||||57609.25
F08Q10003702|201203|57261.22|0|049|191|||||6.375|0.00||||||||||||||||||||57261.22
F08Q10003702|201204|56911.34|0|050|190|||||6.375|0.00||||||||||||||||||||56911.34
F08Q10003702|201205|56559.60|0|051|189|||||6.375|0.00||||||||||||||||||||56559.60
F08Q10003702|201206|56205.99|0|052|188|||||6.375|0.00||||||||||||||||||||56205.99
F08Q10003702|201207|55850.50|0|053|187|||||6.375|0.00||||||||||||||||||||55850.50
F08Q10003702|201208|55493.13|0|054|186|||||6.375|0.00||||||||||||||||||||55493.13
F08Q10003702|201209|55133.86|0|055|185|||||6.375|0.00||||||||||||||||||||55133.86
F08Q10003702|201210|54872.68|0|056|184|||||6.375|0.00||||||||||||||||||||54872.68
F08Q10003702|201211|54510.11|0|057|183|||||6.375|0.00||||||||||||||||||||54510.11
F08Q10003702|201212|54245.61|0|058|182|||||6.375|0.00||||||||||||||||||||54245.61
F08Q10003702|201301|53979.71|0|059|181|||||6.375|0.00||||||||||||||||||||53979.71
F08Q10003702|201302|53712.40|0|060|180|||||6.375|0.00||||||||||||||||||||53712.40
F08Q10003702|201303|53462.33|0|061|179|||||6.375|0.00||||||||||||||||||||53462.33
F08Q10003702|201304|53110.93|0|062|178|||||6.375|0.00||||||||||||||||||||53110.93
F08Q10003702|201305|52757.66|0|063|177|||||6.375|0.00||||||||||||||||||||52757.66
F08Q10003702|201306|52402.52|0|064|176|||||6.375|0.00||||||||||||||||||||52402.52
F08Q10003702|201307|52145.49|0|065|175|||||6.375|0.00||||||||||||||||||||52145.49
F08Q10003702|201308|51787.09|0|066|174|||||6.375|0.00||||||||||||||||||||51787.09
F08Q10003702|201309|51426.79|0|067|173|||||6.375|0.00||||||||||||||||||||51426.79
F08Q10003702|201310|51064.57|0|068|172|||||6.375|0.00||||||||||||||||||||51064.57
F08Q10003702|201311|50700.43|0|069|171|||||6.375|0.00||||||||||||||||||||50700.43
F08Q10003702|201312|50334.36|0|070|170|||||6.375|0.00||||||||||||||||||||50334.36
F08Q10003702|201401|49966.34|0|071|169|||||6.375|0.00||||||||||||||||||||49966.34
F08Q10003702|201402|49596.37|0|072|168|||||6.375|0.00||||||||||||||||||||49596.37
F08Q10003702|201403|49244.10|0|073|167|||||6.375|0.00||||||||||||||||||||49244.10
F08Q10003702|201404|48889.96|0|074|166|||||6.375|0.00||||||||||||||||||||48889.96
F08Q10003702|201405|48533.94|0|075|165|||||6.375|0.00||||||||||||||||||||48533.94
F08Q10003702|201406|48176.03|0|076|164|||||6.375|0.00||||||||||||||||||||48176.03
F08Q10003702|201407|47816.22|0|077|163|||||6.375|0.00||||||||||||||||||||47816.22
F08Q10003702|201408|47454.49|0|078|162|||||6.375|0.00||||||||||||||||||||47454.49
F08Q10003702|201409|47090.84|0|079|161|||||6.375|0.00||||||||||||||||||||47090.84
F08Q10003702|201410|46725.26|0|080|160|||||6.375|0.00||||||||||||||||||||46725.26
F08Q10003702|201411|46357.74|0|081|159|||||6.375|0.00||||||||||||||||||||46357.74
F08Q10003702|201412|46079.88|0|082|158|||||6.375|0.00||||||||||||||||||||46079.88
F08Q10003702|201501|45798.93|0|083|157|||||6.375|0.00||||||||||||||||||||45798.93
F08Q10003702|201502|45516.49|0|084|156|||||6.375|0.00||||||||||||||||||||45516.49
F08Q10003702|201503|45207.24|0|085|155|||||6.375|0.00||||||||||||||||||||45207.24
F08Q10003702|201504|44846.34|0|086|154|||||6.375|0.00||||||||||||||||||||44846.34
F08Q10003702|201505|44483.53|0|087|153|||||6.375|0.00||||||||||||||||||||44483.53
F08Q10003702|201506|44118.79|0|088|152|||||6.375|0.00||||||||||||||||||||44118.79
F08Q10003702|201507|43752.11|0|089|151|||||6.375|0.00||||||||||||||||||||43752.11
F08Q10003702|201508|43383.48|0|090|150|||||6.375|0.00||||||||||||||||||||43383.48
F08Q10003702|201509|43012.89|0|091|149|||||6.375|0.00||||||||||||||||||||43012.89
F08Q10003702|201510|42665.34|0|092|148|||||6.375|0.00||||||||||||||||||||42665.34
F08Q10003702|201511|42290.94|0|093|147|||||6.375|0.00||||||||||||||||||||42290.94
F08Q10003702|201512|41914.55|0|094|146|||||6.375|0.00||||||||||||||||||||41914.55
F08Q10003702|201601|41536.16|0|095|145|||||6.375|0.00||||||||||||||||||||41536.16
F08Q10003702|201602|41155.76|0|096|144|||||6.375|0.00||||||||||||||||||||41155.76
F08Q10003702|201603|40841.32|0|097|143|||||6.375|0.00||||||||||||||||||||40841.32
F08Q10003702|201604|40525.21|0|098|142|||||6.375|0.00||||||||||||||||||||40525.21
F08Q10003702|201605|40207.42|0|099|141|||||6.375|0.00||||||||||||||||||||40207.42
F08Q10003702|201606|39887.94|0|100|140|||||6.375|0.00||||||||||||||||||||39887.94
F08Q10003702|201607|39566.76|0|101|139|||||6.375|0.00||||||||||||||||||||39566.76
F08Q10003702|201608|39143.88|0|102|138|||||6.375|0.00||||||||||||||||||||39143.88
F08Q10003702|201609|38718.75|0|103|137|||||6.375|0.00||||||||||||||||||||38718.75
F08Q10003702|201610|38291.36|0|104|136|||||6.375|0.00||||||||||||||||||||38291.36
F08Q10003702|201611|37861.70|0|105|135|||||6.375|0.00||||||||||||||||||||37861.70
F08Q10003702|201612|37529.76|0|106|134|||||6.375|0.00||||||||||||||||||||37529.76
F08Q10003702|201701|37096.06|0|107|133|||||6.375|0.00||||||||||||||||||||37096.06
F08Q10003702|201702|36660.05|0|108|132|||||6.375|0.00||||||||||||||||||||36660.05
F08Q10003702|201703|36216.73|0|109|131|||||6.375|0.00||||||||||||||||||||36216.73
F08Q10003702|201704|35771.05|0|110|130|||||6.375|0.00||||||||||||||999||||||35771.05
F08Q10003702|201705|35323.00|0|111|129|||||6.375|0.00||||||||||||||999||||||35323.00
F08Q10003702|201706|34872.57|0|112|128|||||6.375|0.00||||||||||||||999||||||34872.57
F08Q10003702|201707|34419.75|0|113|127|||||6.375|0.00||||||||||||||999||||||34419.75
F08Q10003702|201708|33964.52|0|114|126|||||6.375|0.00||||||||||||||999||||||33964.52
F08Q10003702|201709|33506.88|0|115|125|||||6.375|0.00||||||||||||||999||||||33506.88
F08Q10003702|201710|33046.81|0|116|124|||||6.375|0.00||||||||||||||999||||||33046.81
F08Q10003702|201711|32584.29|0|117|123|||||6.375|0.00||||||||||||||999||||||32584.29
F08Q10003702|201712|32119.31|0|118|122|||||6.375|0.00||||||||||||||999||||||32119.31
F08Q10003702|201801|31651.86|0|119|121|||||6.375|0.00||||||||||||||999||||||31651.86
F08Q10003702|201802|31181.93|0|120|120|||||6.375|0.00||||||||||||||999||||||31181.93
F08Q10003702|201803|30711.83|0|121|119|||||6.375|0.00||||||||||||||999||||||30711.83
F08Q10003702|201804|30239.24|0|122|118|||||6.375|0.00||||||||||||||999||||||30239.24
F08Q10003702|201805|29764.14|0|123|117|||||6.375|0.00||||||||||||||999||||||29764.14
F08Q10003702|201806|29286.51|0|124|116|||||6.375|0.00||||||||||||||999||||||29286.51
F08Q10003702|201807|28806.34|0|125|115|||||6.375|0.00||||||||||||||999||||||28806.34
F08Q10003702|201808|28323.62|0|126|114|||||6.375|0.00||||||||||||||999||||||28323.62
F08Q10003702|201809|27838.34|0|127|113|||||6.375|0.00||||||||||||||999||||||27838.34
F08Q10003702|201810|27350.48|0|128|112|||||6.375|0.00||||||||||||||28||||||27350.48
F08Q10003702|201811|26860.03|0|129|111|||||6.375|0.00||||||||||||||28||||||26860.03
F08Q10003702|201812|26366.97|0|130|110|||||6.375|0.00||||||||||||||26||||||26366.97
F08Q10003702|201901|25971.29|0|131|109|||||6.375|0.00||||||||||||||25||||||25971.29
F08Q10003702|201902|25573.51|0|132|108|||||6.375|0.00||||||||||||||24||||||25573.51
F08Q10003702|201903|25176.56|0|133|107|||||6.375|0.00||||||||||||||24||||||25176.56
F08Q10003702|201904|24777.50|0|134|106|||||6.375|0.00||||||||||||||24||||||24777.50
F08Q10003702|201905|24376.32|0|135|105|||||6.375|0.00||||||||||||||24||||||24376.32
F08Q10003702|201906|23567.56|0|136|104|||||6.375|0.00||||||||||||||22||||||23567.56
F08Q10003702|201907|23567.56|0|137|103|||||6.375|0.00||||||||||||||21||||||23567.56
F08Q10003702|201908|22750.18|0|138|102|||||6.375|0.00||||||||||||||20||||||22750.18
F08Q10003702|201909|22750.18|0|139|101|||||6.375|0.00||||||||||||||19||||||22750.18
F08Q10003702|201910|22338.23|0|140|100|||||6.375|0.00||||||||||||||999||||||22338.23
F08Q10003702|201911|21924.09|0|141|099|||||6.375|0.00||||||||||||||21||||||21924.09
F08Q10003702|201912|21507.75|0|142|098|||||6.375|0.00||||||||||||||21||||||21507.75
F08Q10003702|202001|21089.20|0|143|097|||||6.375|0.00||||||||||||||19||||||21089.20
F08Q10003702|202002|20668.43|0|144|096|||||6.375|0.00||||||||||||||18||||||20668.43
F08Q10003702|202003|20240.06|0|145|095|||||6.375|0.00||||||||||||||19||||||20240.06
F08Q10003702|202004|19809.42|0|146|094|||||6.375|0.00||||||||||||||18||||||19809.42
F08Q10003702|202005|19346.49|0|147|093|||||6.375|0.00||||||||||||||18||||||19346.49
F08Q10003702|202006|18881.10|0|148|092|||||6.375|0.00||||||||||||||18||||||18881.10
F08Q10003702|202007|18453.24|0|149|091|||||6.375|0.00||||||||||||||18||||||18453.24
F08Q10003702|202008|18013.10|0|150|090|||||6.375|0.00||||||||||||||17||||||18013.10
F08Q10003702|202009|17570.62|0|151|089|||||6.375|0.00||||||||||||||16||||||17570.62
F08Q10003702|202010|17125.79|0|152|088|||||6.375|0.00||||||||||||||15||||||17125.79
F08Q10003702|202011|16243.14|0|153|087|||||6.375|0.00||||||||||||||14||||||16243.14
F08Q10003702|202012|16243.14|0|154|086|||||6.375|0.00||||||||||||||13||||||16243.14
F08Q10003702|202101|15805.29|0|155|085|||||6.375|0.00||||||||||||||13||||||15805.29
F08Q10003702|202102|15365.12|0|156|084|||||6.375|0.00||||||||||||||13||||||15365.12
F08Q10003702|202103|14922.61|0|157|083|||||6.375|0.00||||||||||||||13||||||14922.61
F08Q10003702|202104|14477.75|0|158|082|||||6.375|0.00||||||||||||||13||||||14477.75
F08Q10003702|202105|13572.04|0|159|081|||||6.375|0.00||||||||||||||12||||||13572.04
F08Q10003702|202106|13070.00|0|160|080|||||6.375|0.00||||||||||||||999||||||13070.00
F08Q10003702|202107|13070.00|0|161|079|||||6.375|0.00||||||||||||||8||||||13070.00
F08Q10003702|202108|12615.29|0|162|078|||||6.375|0.00||||||||||||||8||||||12615.29
F08Q10003702|202109|12158.17|0|163|077|||||6.375|0.00||||||||||||||9||||||12158.17
F08Q10003702|202110|11698.62|0|164|076|||||6.375|0.00||||||||||||||999||||||11698.62
F08Q10003702|202111|11236.63|0|165|075|||||6.375|0.00||||||||||||||8||||||11236.63
F08Q10003702|202112|10772.18|0|166|074|||||6.375|0.00||||||||||||||8||||||10772.18
F08Q10003702|202201|9835.88|0|167|073|||||6.375|0.00||||||||||||||7||||||9835.88
F08Q10003702|202202|9835.88|0|168|072|||||6.375|0.00||||||||||||||7||||||9835.88
F08Q10003702|202203|9363.99|0|169|071|||||6.375|0.00||||||||||||||7||||||9363.99
F08Q10003702|202204|8889.60|0|170|070|||||6.375|0.00||||||||||||||5||||||8889.60
F08Q10003702|202205|7933.24|0|171|069|||||6.375|0.00||||||||||||||5||||||7933.24
F08Q10003702|202206|7451.25|0|172|068|||||6.375|0.00||||||||||||||4||||||7451.25
F08Q10003702|202207|7451.25|0|173|067|||||6.375|0.00||||||||||||||4||||||7451.25
F08Q10003702|202208|6966.69|0|174|066|||||6.375|0.00||||||||||||||4||||||6966.69
F08Q10003702|202209|6479.56|0|175|065|||||6.375|0.00||||||||||||||4||||||6479.56
F08Q10003702|202210|5497.52|0|176|064|||||6.375|0.00||||||||||||||4||||||5497.52
F08Q10003702|202211|5497.52|0|177|063|||||6.375|0.00||||||||||||||4||||||5497.52
F08Q10003702|202212|4505.03|0|178|062|||||6.375|0.00||||||||||||||3||||||4505.03
F08Q10003702|202301|4004.82|0|179|061|||||6.375|0.00||||||||||||||2||||||4004.82
F08Q10003702|202302|4004.82|0|180|060|||||6.375|0.00||||||||||||||2||||||4004.82
F08Q10003702|202303|2996.42|0|181|059|||||6.375|0.00||||||||||||||2||||||2996.42
F08Q10003702|202304|2488.20|0|182|058|||||6.375|0.00||||||||||||||1||||||2488.20
F08Q10003702|202305|2488.20|0|183|057|||||6.375|0.00||||||||||||||1||||||2488.20
F08Q10003702|202306|1977.28|0|184|056|||||6.375|0.00||||||||||||||1||||||1977.28
F08Q10003702|202307|1463.64|0|185|055|||||6.375|0.00||||||||||||||1||||||1463.64
F08Q10003702|202308|947.28|0|186|054|||||6.375|0.00||||||||||||||1||||||947.28
F08Q10003702|202309|428.17|0|187|053|||||6.375|0.00||||||||||||||999||||||428.17
F08Q10003702|202310|0.00|0|188|052|||01|202310|6.375|0.00|202309|||||||||||||999|428.17|||||0.00
F08Q10003715|200802|159000.00|0|000|360|||||7.000|0.00||||||||||||||||||||159000.00
F08Q10003715|200803|159000.00|0|001|359|||||7.000|0.00||||||||||||||||||||159000.00
F08Q10003715|200804|159000.00|0|002|358|||||7.000|0.00||||||||||||||||||||159000.00
F08Q10003715|200805|158000.00|0|003|357|||||7.000|0.00||||||||||||||||||||158000.00
F08Q10003715|200806|158000.00|0|004|356|||||7.000|0.00||||||||||||||||||||158000.00
F08Q10003715|200807|158000.00|0|005|355|||||7.000|0.00||||||||||||||||||||158000.00
F08Q10003715|200808|158000.00|0|006|354|||||7.000|0.00||||||||||||||||||||158000.00
F08Q10003715|200809|157915.00|1|007|353|||||7.000|0.00||||||||||||||||||||157915.00
F08Q10003715|200810|157778.34|1|008|352|||||7.000|0.00||||||||||||||||||||157778.34
F08Q10003715|200811|157640.88|2|009|351|||||7.000|0.00||||||||||||||||||||157640.88
F08Q10003715|200812|157502.62|1|010|350|||||7.000|0.00||||||||||||||||||||157502.62
F08Q10003715|200901|157363.56|1|011|349|||||7.000|0.00||||||||||||||||||||157363.56
F08Q10003715|200902|157223.68|1|012|348|||||7.000|0.00||||||||||||||||||||157223.68
F08Q10003715|200903|157082.99|1|013|347|||||7.000|0.00||||||||||||||||||||157082.99
F08Q10003715|200904|156941.48|0|014|346|||||7.000|0.00||||||||||||||||||||156941.48
F08Q10003715|200905|156799.14|0|015|345|||||7.000|0.00||||||||||||||||||||156799.14
F08Q10003715|200906|156655.97|0|016|344|||||7.000|0.00||||||||||||||||||||156655.97
F08Q10003715|200907|156459.08|0|017|343|||||7.000|0.00||||||||||||||||||||156459.08
F08Q10003715|200908|156459.08|1|018|342|||||7.000|0.00||||||||||||||||||||156459.08
F08Q10003715|200909|156602.64|0|019|341|||||7.000|0.00||||||||||||||||||||156602.64
F08Q10003715|200910|156458.33|1|020|340|||||7.000|0.00||||||||||||||||||||156458.33
F08Q10003715|200911|156167.17|1|021|339|||||7.000|0.00||||||||||||||||||||156167.17
F08Q10003715|200912|156167.17|1|022|338|||||7.000|0.00||||||||||||||||||||156167.17
F08Q10003715|201001|156020.32|2|023|337|||||7.000|0.00||||||||||||||||||||156020.32
F08Q10003715|201002|156020.32|3|024|336|||||7.000|0.00||||||||||||||||||||156020.32
F08Q10003715|201003|156020.32|4|025|335|||||7.000|0.00||||||||||||||||||||156020.32
F08Q10003715|201004|156020.32|5|026|334|||||7.000|0.00||||||||||||||||||||156020.32
F08Q10003715|201005|156020.32|6|027|333|||||7.000|0.00||||||||||||||||||||156020.32
F08Q10003715|201006|156020.32|7|028|332|||||7.000|0.00||||||||||||||||||||156020.32
F08Q10003715|201007|156020.32|8|029|331|||||7.000|0.00||||||||||||||||||||156020.32
F08Q10003715|201008|156020.32|9|030|330|||||7.000|0.00||||||||||||||||||||156020.32
F08Q10003715|201009|154503.82|10|031|329|||||7.000|0.00||||||||||||||||||||154503.82
F08Q10003715|201010|154296.30|11|032|328|||||7.000|0.00||||||||||||||||||||154296.30
F08Q10003715|201011|154138.53|12|033|327|||||7.000|0.00||||||||||||||||||||154138.53
F08Q10003715|201012|153979.84|13|034|326|||||7.000|0.00||||||||||||||||||||153979.84
F08Q10003715|201101|153979.84|1|035|325|||||7.000|0.00||||||||||||||||||||153979.84
F08Q10003715|201102|153820.23|1|036|324|||||7.000|0.00||||||||||||||||||||153820.23
F08Q10003715|201103|153659.68|0|037|323|||||7.000|0.00||||||||||||||||||||153659.68
F08Q10003715|201104|153498.20|0|038|322|||||7.000|0.00||||||||||||||||||||153498.20
F08Q10003715|201105|153172.41|0|039|321|||||7.000|0.00||||||||||||||||||||153172.41
F08Q10003715|201106|153172.41|0|040|320|||||7.000|0.00||||||||||||||||||||153172.41
F08Q10003715|201107|153008.09|1|041|319|||||7.000|0.00||||||||||||||||||||153008.09
F08Q10003715|201108|153008.09|1|042|318|||||7.000|0.00||||||||||||||||||||153008.09
F08Q10003715|201109|152676.56|1|043|317|||||7.000|0.00||||||||||||||||||||152676.56
F08Q10003715|201110|152509.34|1|044|316|||||7.000|0.00||||||||||||||||||||152509.34
F08Q10003715|201111|152509.34|2|045|315|||||7.000|0.00||||||||||||||||||||152509.34
F08Q10003715|201112|152341.15|2|046|314|||||7.000|0.00||||||||||||||||||||152341.15
F08Q10003715|201201|152341.15|2|047|313|||||7.000|0.00||||||||||||||||||||152341.15
F08Q10003715|201202|152171.98|3|048|312|||||7.000|0.00||||||||||||||||||||152171.98
F08Q10003715|201203|152001.82|3|049|311|||||7.000|0.00||||||||||||||||||||152001.82
F08Q10003715|201204|151830.67|3|050|310|||||7.000|0.00||||||||||||||||||||151830.67
F08Q10003715|201205|151658.52|2|051|309|||||7.000|0.00||||||||||||||||||||151658.52
F08Q10003715|201206|151485.36|3|052|308|||||7.000|0.00||||||||||||||||||||151485.36
F08Q10003715|201207|151485.36|4|053|307|||||7.000|0.00||||||||||||||||||||151485.36
F08Q10003715|201208|151311.19|4|054|306|||||7.000|0.00||||||||||||||||||||151311.19
F08Q10003715|201209|151136.01|4|055|305|||||7.000|0.00||||||||||||||||||||151136.01
F08Q10003715|201210|150959.81|0|056|304|||||7.000|0.00||||||||||||||||||||150959.81
F08Q10003715|201211|150951.75|0|057|303|||||7.000|0.00||||||||||||||||||||150951.75
F08Q10003715|201212|156971.31|0|058|302|||||7.000|17690.91||||||||||||||||||||139280.40
F08Q10003715|201301|156971.31|0|004|476||Y|||5.000|17690.91||||||||||||N|||||||330.17|139280.40
F08Q10003715|201302|156766.54|0|005|475||P|||5.000|17690.91||||||||||||N|||||||330.17|139075.63
F08Q10003715|201303|156667.21|0|006|474||P|||5.000|17690.91||||||||||||N|||||||329.83|138976.30
F08Q10003715|201304|156571.21|0|007|473||P|||5.000|17690.91||||||||||||N|||||||329.66|138880.30
F08Q10003715|201305|156451.06|0|008|472||P|||5.000|17690.91||||||||||||N|||||||329.50|138760.15
F08Q10003715|201306|156451.06|0|009|471||P|||5.000|17690.91||||||||||||N|||||||329.30|138760.15
F08Q10003715|201307|156278.96|1|010|470||P|||5.000|17690.91||||||||||||N|||||||329.30|138588.05
F08Q10003715|201308|156179.89|0|011|469||P|||5.000|17690.91||||||||||||N|||||||329.02|138488.98
F08Q10003715|201309|155980.51|0|012|468||P|||5.000|17690.91||||||||||||N|||||||328.85|138289.60
F08Q10003715|201310|155877.16|0|013|467||P|||5.000|17690.91||||||||||||N|||||||328.52|138186.25
F08Q10003715|201311|155768.30|0|014|466||P|||5.000|17690.91||||||||||||N|||||||328.35|138077.39
F08Q10003715|201312|155667.10|0|015|465||P|||5.000|17690.91||||||||||||N|||||||328.17|137976.19
F08Q10003715|201401|155565.48|0|016|464||P|||5.000|17690.91||||||||||||N|||||||328.00|137874.57
F08Q10003715|201402|155460.32|0|017|463||P|||5.000|17690.91||||||||||||N|||||||327.83|137769.41
F08Q10003715|201403|155354.72|0|018|462||P|||5.000|17690.91||||||||||||N|||||||327.65|137663.81
F08Q10003715|201404|155218.68|0|019|461||P|||5.000|17690.91||||||||||||N|||||||327.48|137527.77
F08Q10003715|201405|155097.07|0|020|460||P|||5.000|17690.91||||||||||||N|||||||327.25|137406.16
F08Q10003715|201406|154984.96|0|021|459||P|||5.000|17690.91||||||||||||N|||||||327.05|137294.05
F08Q10003715|201407|154872.38|0|022|458||P|||5.000|17690.91||||||||||||N|||||||326.86|137181.47
F08Q10003715|201408|154759.33|0|023|457||P|||5.000|17690.91||||||||||||N|||||||326.67|137068.42
F08Q10003715|201409|154650.81|0|024|456||P|||5.000|17690.91||||||||||||N|||||||326.48|136959.90
F08Q10003715|201410|154502.47|0|025|455||P|||5.000|17690.91||||||||||||N|||||||326.30|136811.56
F08Q10003715|201411|154353.51|0|026|454||P|||5.000|17690.91||||||||||||N|||||||326.06|136662.60
F08Q10003715|201412|154353.51|0|027|453||P|||5.000|17690.91||||||||||||N|||||||325.81|136662.60
F08Q10003715|201501|153953.72|0|028|452||P|||5.000|17690.91||||||||||||N|||||||325.81|136262.81
F08Q10003715|201502|153802.47|0|029|451||P|||5.000|17690.91||||||||||||N|||||||325.14|136111.56
F08Q10003715|201503|153650.59|0|030|450||P|||5.000|17690.91||||||||||||N|||||||324.89|135959.68
F08Q10003715|201504|153498.08|0|031|449||P|||5.000|17690.91||||||||||||N|||||||324.64|135807.17
F08Q10003715|201505|153387.42|0|032|448||P|||5.000|17690.91||||||||||||N|||||||324.38|135696.51
F08Q10003715|201506|153233.81|0|033|447||P|||5.000|17690.91||||||||||||N|||||||324.20|135542.90
F08Q10003715|201507|153079.56|0|034|446||P|||5.000|17690.91||||||||||||N|||||||323.94|135388.65
F08Q10003715|201508|152924.67|0|035|445||P|||5.000|17690.91||||||||||||N|||||||323.68|135233.76
F08Q10003715|201509|152924.67|0|036|444||P|||5.000|17690.91||||||||||||N|||||||323.43|135233.76
F08Q10003715|201510|152648.47|0|037|443||P|||5.000|17690.91||||||||||||N|||||||323.43|134957.56
F08Q10003715|201511|152648.47|0|038|442||P|||5.000|17690.91||||||||||||N|||||||322.97|134957.56
F08Q10003715|201512|152357.58|0|039|441||P|||5.000|17690.91||||||||||||N|||||||322.97|134666.67
F08Q10003715|201601|152201.23|0|040|440||P|||5.000|17690.91||||||||||||N|||||||322.48|134510.32
F08Q10003715|201602|152044.23|0|041|439||P|||5.000|17690.91||||||||||||N|||||||322.22|134353.32
F08Q10003715|201603|151886.58|0|042|438||P|||5.000|17690.91||||||||||||N|||||||321.96|134195.67
F08Q10003715|201604|151728.27|0|043|437||P|||5.000|17690.91||||||||||||N|||||||321.70|134037.36
F08Q10003715|201605|151569.30|0|044|436||P|||5.000|17690.91||||||||||||N|||||||321.43|133878.39
F08Q10003715|201606|151409.67|0|045|435||P|||5.000|17690.91||||||||||||N|||||||321.17|133718.76
F08Q10003715|201607|151249.37|0|046|434||P|||5.000|17690.91||||||||||||N|||||||320.90|133558.46
F08Q10003715|201608|151088.40|0|047|433||P|||5.000|17690.91||||||||||||N|||||||320.63|133397.49
F08Q10003715|201609|150936.71|0|048|432||P|||5.000|17690.91||||||||||||N|||||||320.37|133245.80
F08Q10003715|201610|150811.37|0|049|431||P|||5.000|17690.91||||||||||||N|||||||320.11|133120.46
F08Q10003715|201611|150645.51|0|050|430||P|||5.000|17690.91||||||||||||N|||||||319.90|132954.60
F08Q10003715|201612|150478.96|0|051|429||P|||5.000|17690.91||||||||||||N|||||||319.63|132788.05
F08Q10003715|201701|150311.71|0|052|428||P|||5.000|17690.91||||||||||||N|||||||319.35|132620.80
F08Q10003715|201702|150143.77|0|053|427||P|||5.000|17690.91||||||||||||N|||||||319.07|132452.86
F08Q10003715|201703|149775.13|0|054|426||P|||5.000|17690.91||||||||||||N|||||||318.79|132084.22
F08Q10003715|201704|149775.13|0|055|425||P|||5.000|17690.91||||||||||||N||107|||||318.18|132084.22
F08Q10003715|201705|149434.06|0|056|424||P|||5.000|17690.91||||||||||||N||101|||||318.18|131743.15
F08Q10003715|201706|149434.06|0|057|423||P|||5.000|17690.91||||||||||||N||105|||||317.61|131743.15
F08Q10003715|201707|149090.14|0|058|422||P|||5.000|17690.91||||||||||||N||106|||||317.61|131399.23
F08Q10003715|201708|148917.11|0|059|421||P|||5.000|17690.91||||||||||||N||107|||||317.04|131226.20
F08Q10003715|201709|148917.11|0|060|420||P|||5.000|17690.91||||||||||||N||107|||||316.75|131226.20
F08Q10003715|201710|0.00|0|061|419||P|16|201710|5.000|0.00|||||||||||18795.59|N||107|148917.11||||316.75|0.00
F08Q10003723|200801|192000.00|0|000|360|||||7.500|0.00||||||||||||||||||||192000.00
F08Q10003723|200802|191000.00|0|001|359|||||7.500|0.00||||||||||||||||||||191000.00
F08Q10003723|200803|191000.00|0|002|358|||||7.500|0.00||||||||||||||||||||191000.00
F08Q10003723|200804|191000.00|0|003|357|||||7.500|0.00||||||||||||||||||||191000.00
F08Q10003723|200805|191000.00|1|004|356|||||7.500|0.00||||||||||||||||||||191000.00
F08Q10003723|200806|191000.00|0|005|355|||||7.500|0.00||||||||||||||||||||191000.00
F08Q10003723|200807|191000.00|0|006|354|||||7.500|0.00||||||||||||||||||||191000.00
F08Q10003723|200808|190610.65|0|007|353|||||7.500|0.00||||||||||||||||||||190610.65
F08Q10003723|200809|190462.10|0|008|352|||||7.500|0.00||||||||||||||||||||190462.10
F08Q10003723|200810|190312.62|0|009|351|||||7.500|0.00||||||||||||||||||||190312.62
F08Q10003723|200811|190162.20|0|010|350|||||7.500|0.00||||||||||||||||||||190162.20
F08Q10003723|200812|190010.84|0|011|349|||||7.500|0.00||||||||||||||||||||190010.84
F08Q10003723|200901|189858.54|0|012|348|||||7.500|0.00||||||||||||||||||||189858.54
F08Q10003723|200902|189705.29|0|013|347|||||7.500|0.00||||||||||||||||||||189705.29
F08Q10003723|200903|189551.08|0|014|346|||||7.500|0.00||||||||||||||||||||189551.08
F08Q10003723|200904|189395.90|0|015|345|||||7.500|0.00||||||||||||||||||||189395.90
F08Q10003723|200905|189239.75|0|016|344|||||7.500|0.00||||||||||||||||||||189239.75
F08Q10003723|200906|189082.63|0|017|343|||||7.500|0.00||||||||||||||||||||189082.63
F08Q10003723|200907|188924.53|0|018|342|||||7.500|0.00||||||||||||||||||||188924.53
F08Q10003723|200908|188924.53|0|019|341|||||7.500|0.00||||||||||||||||||||188924.53
F08Q10003723|200909|188765.44|1|020|340|||||7.500|0.00||||||||||||||||||||188765.44
F08Q10003723|200910|188605.35|0|021|339|||||7.500|0.00||||||||||||||||||||188605.35
F08Q10003723|200911|188282.17|0|022|338|||||7.500|0.00||||||||||||||||||||188282.17
F08Q10003723|200912|188282.17|0|023|337|||||7.500|0.00||||||||||||||||||||188282.17
F08Q10003723|201001|188119.06|0|024|336|||||7.500|0.00||||||||||||||||||||188119.06
F08Q10003723|201002|187954.93|1|025|335|||||7.500|0.00||||||||||||||||||||187954.93
F08Q10003723|201003|187954.93|1|026|334|||||7.500|0.00||||||||||||||||||||187954.93
F08Q10003723|201004|187789.78|2|027|333|||||7.500|0.00||||||||||||||||||||187789.78
F08Q10003723|201005|187789.78|1|028|332|||||7.500|0.00||||||||||||||||||||187789.78
F08Q10003723|201006|187288.11|1|029|331|||||7.500|0.00||||||||||||||||||||187288.11
F08Q10003723|201007|187288.11|1|030|330|||||7.500|0.00||||||||||||||||||||187288.11
F08Q10003723|201008|187118.79|2|031|329|||||7.500|0.00||||||||||||||||||||187118.79
F08Q10003723|201009|186776.97|1|032|328|||||7.500|0.00||||||||||||||||||||186776.97
F08Q10003723|201010|186604.46|1|033|327|||||7.500|0.00||||||||||||||||||||186604.46
F08Q10003723|201011|186430.87|1|034|326|||||7.500|0.00||||||||||||||||||||186430.87
F08Q10003723|201012|186430.87|2|035|325|||||7.500|0.00||||||||||||||||||||186430.87
F08Q10003723|201101|186256.19|2|036|324|||||7.500|0.00||||||||||||||||||||186256.19
F08Q10003723|201102|185903.55|1|037|323|||||7.500|0.00||||||||||||||||||||185903.55
F08Q10003723|201103|185546.49|0|038|322|||||7.500|0.00||||||||||||||||||||185546.49
F08Q10003723|201104|185366.29|0|039|321|||||7.500|0.00||||||||||||||||||||185366.29
F08Q10003723|201105|185184.96|0|040|320|||||7.500|0.00||||||||||||||||||||185184.96
F08Q10003723|201106|185002.50|0|041|319|||||7.500|0.00||||||||||||||||||||185002.50
F08Q10003723|201107|184818.90|0|042|318|||||7.500|0.00||||||||||||||||||||184818.90
F08Q10003723|201108|184634.15|0|043|317|||||7.500|0.00||||||||||||||||||||184634.15
F08Q10003723|201109|184448.24|0|044|316|||||7.500|0.00||||||||||||||||||||184448.24
F08Q10003723|201110|184261.17|0|045|315|||||7.500|0.00||||||||||||||||||||184261.17
F08Q10003723|201111|184072.93|0|046|314|||||7.500|0.00||||||||||||||||||||184072.93
F08Q10003723|201112|183883.52|0|047|313|||||7.500|0.00||||||||||||||||||||183883.52
F08Q10003723|201201|183692.92|0|048|312|||||7.500|0.00||||||||||||||||||||183692.92
F08Q10003723|201202|183501.13|0|049|311|||||7.500|0.00||||||||||||||||||||183501.13
F08Q10003723|201203|183308.14|0|050|310|||||7.500|0.00||||||||||||||||||||183308.14
F08Q10003723|201204|183113.95|0|051|309|||||7.500|0.00||||||||||||||||||||183113.95
F08Q10003723|201205|182918.54|0|052|308|||||7.500|0.00||||||||||||||||||||182918.54
F08Q10003723|201206|182721.91|0|053|307|||||7.500|0.00||||||||||||||||||||182721.91
F08Q10003723|201207|182524.05|0|054|306|||||7.500|0.00||||||||||||||||||||182524.05
F08Q10003723|201208|182324.96|0|055|305|||||7.500|0.00||||||||||||||||||||182324.96
F08Q10003723|201209|182124.62|0|056|304|||||7.500|0.00||||||||||||||||||||182124.62
F08Q10003723|201210|181923.03|0|057|303|||||7.500|0.00||||||||||||||||||||181923.03
F08Q10003723|201211|181720.18|0|058|302|||||7.500|0.00||||||||||||||||||||181720.18
F08Q10003723|201212|181516.06|0|059|301|||||7.500|0.00||||||||||||||||||||181516.06
F08Q10003723|201301|181310.67|0|060|300|||||7.500|0.00||||||||||||||||||||181310.67
F08Q10003723|201302|181103.99|0|061|299|||||7.500|0.00||||||||||||||||||||181103.99
F08Q10003723|201303|180896.02|0|062|298|||||7.500|0.00||||||||||||||||||||180896.02
F08Q10003723|201304|180686.75|0|063|297|||||7.500|0.00||||||||||||||||||||180686.75
F08Q10003723|201305|180476.17|0|064|296|||||7.500|0.00||||||||||||||||||||180476.17
F08Q10003723|201306|180264.28|0|065|295|||||7.500|0.00||||||||||||||||||||180264.28
F08Q10003723|201307|180051.06|0|066|294|||||7.500|0.00||||||||||||||||||||180051.06
F08Q10003723|201308|179836.51|0|067|293|||||7.500|0.00||||||||||||||||||||179836.51
F08Q10003723|201309|179403.38|0|068|292|||||7.500|0.00||||||||||||||||||||179403.38
F08Q10003723|201310|179403.38|0|069|291|||||7.500|0.00||||||||||||||||||||179403.38
F08Q10003723|201311|179184.78|0|070|290|||||7.500|0.00||||||||||||||||||||179184.78
F08Q10003723|201312|178964.81|0|071|289|||||7.500|0.00||||||||||||||||||||178964.81
F08Q10003723|201401|178743.47|0|072|288|||||7.500|0.00||||||||||||||||||||178743.47
F08Q10003723|201402|178520.75|0|073|287|||||7.500|0.00||||||||||||||||||||178520.75
F08Q10003723|201403|178157.23|0|074|286|||||7.500|0.00||||||||||||||||||||178157.23
F08Q10003723|201404|177930.84|0|075|285|||||7.500|0.00||||||||||||||||||||177930.84
F08Q10003723|201405|177930.84|0|076|284|||||7.500|0.00||||||||||||||||||||177930.84
F08Q10003723|201406|177473.81|0|077|283|||||7.500|0.00||||||||||||||||||||177473.81
F08Q10003723|201407|177243.15|0|078|282|||||7.500|0.00||||||||||||||||||||177243.15
F08Q10003723|201408|177011.05|0|079|281|||||7.500|0.00||||||||||||||||||||177011.05
F08Q10003723|201409|176777.50|0|080|280|||||7.500|0.00||||||||||||||||||||176777.50
F08Q10003723|201410|176542.49|0|081|279|||||7.500|0.00||||||||||||||||||||176542.49
F08Q10003723|201411|176306.01|0|082|278|||||7.500|0.00||||||||||||||||||||176306.01
F08Q10003723|201412|176068.05|0|083|277|||||7.500|0.00||||||||||||||||||||176068.05
F08Q10003723|201501|175828.61|0|084|276|||||7.500|0.00||||||||||||||||||||175828.61
F08Q10003723|201502|175587.67|0|085|275|||||7.500|0.00||||||||||||||||||||175587.67
F08Q10003723|201503|175345.22|0|086|274|||||7.500|0.00||||||||||||||||||||175345.22
F08Q10003723|201504|174997.46|0|087|273|||||7.500|0.00||||||||||||||||||||174997.46
F08Q10003723|201505|174751.32|0|088|272|||||7.500|0.00||||||||||||||||||||174751.32
F08Q10003723|201506|174503.65|0|089|271|||||7.500|0.00||||||||||||||||||||174503.65
F08Q10003723|201507|174254.43|0|090|270|||||7.500|0.00||||||||||||||||||||174254.43
F08Q10003723|201508|174003.65|0|091|269|||||7.500|0.00||||||||||||||||||||174003.65
F08Q10003723|201509|173751.30|0|092|268|||||7.500|0.00||||||||||||||||||||173751.30
F08Q10003723|201510|173497.38|0|093|267|||||7.500|0.00||||||||||||||||||||173497.38
F08Q10003723|201511|173241.87|0|094|266|||||7.500|0.00||||||||||||||||||||173241.87
F08Q10003723|201512|172984.76|0|095|265|||||7.500|0.00||||||||||||||||||||172984.76
F08Q10003723|201601|172726.04|0|096|264|||||7.500|0.00||||||||||||||||||||172726.04
F08Q10003723|201602|172465.71|0|097|263|||||7.500|0.00||||||||||||||||||||172465.71
F08Q10003723|201603|172203.75|0|098|262|||||7.500|0.00||||||||||||||||||||172203.75
F08Q10003723|201604|171940.15|0|099|261|||||7.500|0.00||||||||||||||||||||171940.15
F08Q10003723|201605|171674.91|0|100|260|||||7.500|0.00||||||||||||||||||||171674.91
F08Q10003723|201606|171408.01|0|101|259|||||7.500|0.00||||||||||||||||||||171408.01
F08Q10003723|201607|171139.44|0|102|258|||||7.500|0.00||||||||||||||||||||171139.44
F08Q10003723|201608|170869.19|0|103|257|||||7.500|0.00||||||||||||||||||||170869.19
F08Q10003723|201609|170597.25|0|104|256|||||7.500|0.00||||||||||||||||||||170597.25
F08Q10003723|201610|170131.34|0|105|255|||||7.500|0.00||||||||||||||||||||170131.34
F08Q10003723|201611|169854.79|0|106|254|||||7.500|0.00||||||||||||||||||||169854.79
F08Q10003723|201612|169576.51|0|107|253|||||7.500|0.00||||||||||||||||||||169576.51
F08Q10003723|201701|169296.49|0|108|252|||||7.500|0.00||||||||||||||||||||169296.49
F08Q10003723|201702|169014.72|0|109|251|||||7.500|0.00||||||||||||||||||||169014.72
F08Q10003723|201703|168731.19|0|110|250|||||7.500|0.00||||||||||||||||||||168731.19
F08Q10003723|201704|168445.89|0|111|249|||||7.500|0.00||||||||||||||999||||||168445.89
F08Q10003723|201705|168158.81|0|112|248|||||7.500|0.00||||||||||||||999||||||168158.81
F08Q10003723|201706|167579.25|0|113|247|||||7.500|0.00||||||||||||||999||||||167579.25
F08Q10003723|201707|167579.25|0|114|246|||||7.500|0.00||||||||||||||999||||||167579.25
F08Q10003723|201708|167286.75|0|115|245|||||7.500|0.00||||||||||||||999||||||167286.75
F08Q10003723|201709|166992.42|0|116|244|||||7.500|0.00||||||||||||||999||||||166992.42
F08Q10003723|201710|166696.25|0|117|243|||||7.500|0.00||||||||||||||999||||||166696.25
F08Q10003723|201711|166398.23|0|118|242|||||7.500|0.00||||||||||||||999||||||166398.23
F08Q10003723|201712|166098.35|0|119|241|||||7.500|0.00||||||||||||||999||||||166098.35
F08Q10003723|201801|165796.59|0|120|240|||||7.500|0.00||||||||||||||999||||||165796.59
F08Q10003723|201802|165492.95|0|121|239|||||7.500|0.00||||||||||||||999||||||165492.95
F08Q10003723|201803|165187.41|0|122|238|||||7.500|0.00||||||||||||||999||||||165187.41
F08Q10003723|201804|164879.96|0|123|237|||||7.500|0.00||||||||||||||999||||||164879.96
F08Q10003723|201805|164570.59|0|124|236|||||7.500|0.00||||||||||||||999||||||164570.59
F08Q10003723|201806|164259.29|0|125|235|||||7.500|0.00||||||||||||||999||||||164259.29
F08Q10003723|201807|162611.50|0|126|234|||||7.500|0.00||||||||||||||999||||||162611.50
F08Q10003723|201808|162287.95|0|127|233|||||7.500|0.00||||||||||||||999||||||162287.95
F08Q10003723|201809|163313.65|0|128|232|||||7.500|0.00||||||||||||||999||||||163313.65
F08Q10003723|201810|163313.65|0|129|231|||||7.500|0.00||||||||||||||999||||||163313.65
F08Q10003723|201811|162673.34|0|130|230|||||7.500|0.00||||||||||||||999||||||162673.34
F08Q10003723|201812|162350.18|0|131|229|||||7.500|0.00||||||||||||||999||||||162350.18
F08Q10003723|201901|162025.00|0|132|228|||||7.500|0.00||||||||||||||999||||||162025.00
F08Q10003723|201902|161697.79|0|133|227|||||7.500|0.00||||||||||||||999||||||161697.79
F08Q10003723|201903|161368.53|0|134|226|||||7.500|0.00||||||||||||||999||||||161368.53
F08Q10003723|201904|161037.21|0|135|225|||||7.500|0.00||||||||||||||999||||||161037.21
F08Q10003723|201905|0.00|0|136|224|||01|201905|7.500|0.00|201905|||||||||||||999|161037.21|||||0.00
F08Q10003732|200801|155000.00|0|000|360|||||6.000|0.00||||||||||||||||||||155000.00
F08Q10003732|200802|155000.00|0|001|359|||||6.000|0.00||||||||||||||||||||155000.00
F08Q10003732|200803|155000.00|0|002|358|||||6.000|0.00||||||||||||||||||||155000.00
F08Q10003732|200804|154000.00|0|003|357|||||6.000|0.00||||||||||||||||||||154000.00
F08Q10003732|200805|154000.00|0|004|356|||||6.000|0.00||||||||||||||||||||154000.00
F08Q10003732|200806|154000.00|0|005|355|||||6.000|0.00||||||||||||||||||||154000.00
F08Q10003732|200807|154000.00|0|006|354|||||6.000|0.00||||||||||||||||||||154000.00
F08Q10003732|200808|153856.09|0|007|353|||||6.000|0.00||||||||||||||||||||153856.09
F08Q10003732|200809|153696.06|0|008|352|||||6.000|0.00||||||||||||||||||||153696.06
F08Q10003732|200810|153535.23|0|009|351|||||6.000|0.00||||||||||||||||||||153535.23
F08Q10003732|200811|153373.60|0|010|350|||||6.000|0.00||||||||||||||||||||153373.60
F08Q10003732|200812|153211.16|0|011|349|||||6.000|0.00||||||||||||||||||||153211.16
F08Q10003732|200901|153047.91|0|012|348|||||6.000|0.00||||||||||||||||||||153047.91
F08Q10003732|200902|152883.84|0|013|347|||||6.000|0.00||||||||||||||||||||152883.84
F08Q10003732|200903|152718.95|0|014|346|||||6.000|0.00||||||||||||||||||||152718.95
F08Q10003732|200904|0.00|0|015|345|||01|200904|6.000|0.00|||||||||||||||152718.95|||||0.00
F08Q10003882|200802|265000.00|0|000|360|||||5.500|0.00||||||||||||||||||||265000.00
F08Q10003882|200803|264000.00|0|001|359|||||5.500|0.00||||||||||||||||||||264000.00
F08Q10003882|200804|264000.00|0|002|358|||||5.500|0.00||||||||||||||||||||264000.00
F08Q10003882|200805|264000.00|0|003|357|||||5.500|0.00||||||||||||||||||||264000.00
F08Q10003882|200806|264000.00|0|004|356|||||5.500|0.00||||||||||||||||||||264000.00
F08Q10003882|200807|263000.00|0|005|355|||||5.500|0.00||||||||||||||||||||263000.00
F08Q10003882|200808|263000.00|0|006|354|||||5.500|0.00||||||||||||||||||||263000.00
F08Q10003882|200809|262940.10|0|007|353|||||5.500|0.00||||||||||||||||||||262940.10
F08Q10003882|200810|262640.60|0|008|352|||||5.500|0.00||||||||||||||||||||262640.60
F08Q10003882|200811|262339.73|0|009|351|||||5.500|0.00||||||||||||||||||||262339.73
F08Q10003882|200812|262037.48|0|010|350|||||5.500|0.00||||||||||||||||||||262037.48
F08Q10003882|200901|261733.85|0|011|349|||||5.500|0.00||||||||||||||||||||261733.85
F08Q10003882|200902|261428.82|0|012|348|||||5.500|0.00||||||||||||||||||||261428.82
F08Q10003882|200903|261123.80|0|013|347|||||5.500|0.00||||||||||||||||||||261123.80
F08Q10003882|200904|260815.98|0|014|346|||||5.500|0.00||||||||||||||||||||260815.98
F08Q10003882|200905|260506.75|0|015|345|||||5.500|0.00||||||||||||||||||||260506.75
F08Q10003882|200906|260196.10|0|016|344|||||5.500|0.00||||||||||||||||||||260196.10
F08Q10003882|200907|259884.03|0|017|343|||||5.500|0.00||||||||||||||||||||259884.03
F08Q10003882|200908|259884.03|0|018|342|||||5.500|0.00||||||||||||||||||||259884.03
F08Q10003882|200909|259255.59|0|019|341|||||5.500|0.00||||||||||||||||||||259255.59
F08Q10003882|200910|258939.20|0|020|340|||||5.500|0.00||||||||||||||||||||258939.20
F08Q10003882|200911|258621.36|0|021|339|||||5.500|0.00||||||||||||||||||||258621.36
F08Q10003882|200912|258302.07|0|022|338|||||5.500|0.00||||||||||||||||||||258302.07
F08Q10003882|201001|257981.31|0|023|337|||||5.500|0.00||||||||||||||||||||257981.31
F08Q10003882|201002|257659.08|0|024|336|||||5.500|0.00||||||||||||||||||||257659.08
F08Q10003882|201003|257335.38|0|025|335|||||5.500|0.00||||||||||||||||||||257335.38
F08Q10003882|201004|257010.19|0|026|334|||||5.500|0.00||||||||||||||||||||257010.19
F08Q10003882|201005|256683.51|0|027|333|||||5.500|0.00||||||||||||||||||||256683.51
F08Q10003882|201006|256355.34|0|028|332|||||5.500|0.00||||||||||||||||||||256355.34
F08Q10003882|201007|256025.66|0|029|331|||||5.500|0.00||||||||||||||||||||256025.66
F08Q10003882|201008|255694.47|0|030|330|||||5.500|0.00||||||||||||||||||||255694.47
F08Q10003882|201009|255361.76|0|031|329|||||5.500|0.00||||||||||||||||||||255361.76
F08Q10003882|201010|255027.53|0|032|328|||||5.500|0.00||||||||||||||||||||255027.53
F08Q10003882|201011|254691.77|0|033|327|||||5.500|0.00||||||||||||||||||||254691.77
F08Q10003882|201012|254354.47|0|034|326|||||5.500|0.00||||||||||||||||||||254354.47
F08Q10003882|201101|254015.62|0|035|325|||||5.500|0.00||||||||||||||||||||254015.62
F08Q10003882|201102|253675.22|0|036|324|||||5.500|0.00||||||||||||||||||||253675.22
F08Q10003882|201103|253333.26|0|037|323|||||5.500|0.00||||||||||||||||||||253333.26
F08Q10003882|201104|252989.73|0|038|322|||||5.500|0.00||||||||||||||||||||252989.73
F08Q10003882|201105|252644.63|0|039|321|||||5.500|0.00||||||||||||||||||||252644.63
F08Q10003882|201106|252297.94|0|040|320|||||5.500|0.00||||||||||||||||||||252297.94
F08Q10003882|201107|251949.67|0|041|319|||||5.500|0.00||||||||||||||||||||251949.67
F08Q10003882|201108|251599.80|0|042|318|||||5.500|0.00||||||||||||||||||||251599.80
F08Q10003882|201109|251248.33|0|043|317|||||5.500|0.00||||||||||||||||||||251248.33
F08Q10003882|201110|250895.24|0|044|316|||||5.500|0.00||||||||||||||||||||250895.24
F08Q10003882|201111|250540.54|0|045|315|||||5.500|0.00||||||||||||||||||||250540.54
F08Q10003882|201112|250184.21|0|046|314|||||5.500|0.00||||||||||||||||||||250184.21
F08Q10003882|201201|249826.25|0|047|313|||||5.500|0.00||||||||||||||||||||249826.25
F08Q10003882|201202|249466.65|0|048|312|||||5.500|0.00||||||||||||||||||||249466.65
F08Q10003882|201203|249105.40|0|049|311|||||5.500|0.00||||||||||||||||||||249105.40
F08Q10003882|201204|248742.49|0|050|310|||||5.500|0.00||||||||||||||||||||248742.49
F08Q10003882|201205|248363.81|0|051|309|||||5.500|0.00||||||||||||||||||||248363.81
F08Q10003882|201206|247997.50|0|052|308|||||5.500|0.00||||||||||||||||||||247997.50
F08Q10003882|201207|247629.52|0|053|307|||||5.500|0.00||||||||||||||||||||247629.52
F08Q10003882|201208|247259.85|0|054|306|||||5.500|0.00||||||||||||||||||||247259.85
F08Q10003882|201209|246888.48|0|055|305|||||5.500|0.00||||||||||||||||||||246888.48
F08Q10003882|201210|246455.22|0|056|304|||||5.500|0.00||||||||||||||||||||246455.22
F08Q10003882|201211|246455.22|0|057|303|||||5.500|0.00||||||||||||||||||||246455.22
F08Q10003882|201212|245703.40|0|058|302|||||5.500|0.00||||||||||||||||||||245703.40
F08Q10003882|201301|245324.90|0|059|301|||||5.500|0.00||||||||||||||||||||245324.90
F08Q10003882|201302|244944.67|0|060|300|||||5.500|0.00||||||||||||||||||||244944.67
F08Q10003882|201303|244562.69|0|061|299|||||5.500|0.00||||||||||||||||||||244562.69
F08Q10003882|201304|244178.96|0|062|298|||||5.500|0.00||||||||||||||||||||244178.96
F08Q10003882|201305|243793.47|0|063|297|||||5.500|0.00||||||||||||||||||||243793.47
F08Q10003882|201306|243406.22|0|064|296|||||5.500|0.00||||||||||||||||||||243406.22
F08Q10003882|201307|243017.19|0|065|295|||||5.500|0.00||||||||||||||||||||243017.19
F08Q10003882|201308|242626.38|0|066|294|||||5.500|0.00||||||||||||||||||||242626.38
F08Q10003882|201309|242233.78|0|067|293|||||5.500|0.00||||||||||||||||||||242233.78
F08Q10003882|201310|241839.38|0|068|292|||||5.500|0.00||||||||||||||||||||241839.38
F08Q10003882|201311|241443.17|0|069|291|||||5.500|0.00||||||||||||||||||||241443.17
F08Q10003882|201312|241045.14|0|070|290|||||5.500|0.00||||||||||||||||||||241045.14
F08Q10003882|201401|240645.29|0|071|289|||||5.500|0.00||||||||||||||||||||240645.29
F08Q10003882|201402|240243.61|0|072|288|||||5.500|0.00||||||||||||||||||||240243.61
F08Q10003882|201403|239840.09|0|073|287|||||5.500|0.00||||||||||||||||||||239840.09
F08Q10003882|201404|239434.72|0|074|286|||||5.500|0.00||||||||||||||||||||239434.72
F08Q10003882|201405|239027.49|0|075|285|||||5.500|0.00||||||||||||||||||||239027.49
F08Q10003882|201406|239027.49|0|076|284|||||5.500|0.00||||||||||||||||||||239027.49
F08Q10003882|201407|238207.42|0|077|283|||||5.500|0.00||||||||||||||||||||238207.42
F08Q10003882|201408|237794.56|0|078|282|||||5.500|0.00||||||||||||||||||||237794.56
F08Q10003882|201409|237319.62|0|079|281|||||5.500|0.00||||||||||||||||||||237319.62
F08Q10003882|201410|236902.69|0|080|280|||||5.500|0.00||||||||||||||||||||236902.69
F08Q10003882|201411|236483.85|0|081|279|||||5.500|0.00||||||||||||||||||||236483.85
F08Q10003882|201412|236063.09|0|082|278|||||5.500|0.00||||||||||||||||||||236063.09
F08Q10003882|201501|235640.41|0|083|277|||||5.500|0.00||||||||||||||||||||235640.41
F08Q10003882|201502|235215.79|0|084|276|||||5.500|0.00||||||||||||||||||||235215.79
F08Q10003882|201503|234789.22|0|085|275|||||5.500|0.00||||||||||||||||||||234789.22
F08Q10003882|201504|234360.70|0|086|274|||||5.500|0.00||||||||||||||||||||234360.70
F08Q10003882|201505|233930.21|0|087|273|||||5.500|0.00||||||||||||||||||||233930.21
F08Q10003882|201506|233497.75|0|088|272|||||5.500|0.00||||||||||||||||||||233497.75
F08Q10003882|201507|233063.31|0|089|271|||||5.500|0.00||||||||||||||||||||233063.31
F08Q10003882|201508|232626.88|0|090|270|||||5.500|0.00||||||||||||||||||||232626.88
F08Q10003882|201509|232188.45|0|091|269|||||5.500|0.00||||||||||||||||||||232188.45
F08Q10003882|201510|231748.01|0|092|268|||||5.500|0.00||||||||||||||||||||231748.01
F08Q10003882|201511|231305.55|0|093|267|||||5.500|0.00||||||||||||||||||||231305.55
F08Q10003882|201512|230861.06|0|094|266|||||5.500|0.00||||||||||||||||||||230861.06
F08Q10003882|201601|230414.53|0|095|265|||||5.500|0.00||||||||||||||||||||230414.53
F08Q10003882|201602|230414.53|0|096|264|||||5.500|0.00||||||||||||||||||||230414.53
F08Q10003882|201603|229515.33|0|097|263|||||5.500|0.00||||||||||||||||||||229515.33
F08Q10003882|201604|229062.64|0|098|262|||||5.500|0.00||||||||||||||||||||229062.64
F08Q10003882|201605|228607.87|0|099|261|||||5.500|0.00||||||||||||||||||||228607.87
F08Q10003882|201606|228151.02|0|100|260|||||5.500|0.00||||||||||||||||||||228151.02
F08Q10003882|201607|227692.07|0|101|259|||||5.500|0.00||||||||||||||||||||227692.07
F08Q10003882|201608|227231.02|0|102|258|||||5.500|0.00||||||||||||||||||||227231.02
F08Q10003882|201609|226767.86|0|103|257|||||5.500|0.00||||||||||||||||||||226767.86
F08Q10003882|201610|226767.86|0|104|256|||||5.500|0.00||||||||||||||||||||226767.86
F08Q10003882|201611|225834.95|0|105|255|||||5.500|0.00||||||||||||||||||||225834.95
F08Q10003882|201612|0.00|0|106|254|||01|201612|5.500|0.00|||||||||||||||225834.95|||||0.00
F08Q10003998|200802|145000.00|0|000|360|||||5.625|0.00||||||||||||||||||||145000.00
F08Q10003998|200803|145000.00|0|001|359|||||5.625|0.00||||||||||||||||||||145000.00
F08Q10003998|200804|145000.00|0|002|358|||||5.625|0.00||||||||||||||||||||145000.00
F08Q10003998|200805|144000.00|0|003|357|||||5.625|0.00||||||||||||||||||||144000.00
F08Q10003998|200806|144000.00|0|004|356|||||5.625|0.00||||||||||||||||||||144000.00
F08Q10003998|200807|144000.00|0|005|355|||||5.625|0.00||||||||||||||||||||144000.00
F08Q10003998|200808|144000.00|0|006|354|||||5.625|0.00||||||||||||||||||||144000.00
F08Q10003998|200809|143775.49|0|007|353|||||5.625|0.00||||||||||||||||||||143775.49
F08Q10003998|200810|143615.46|0|008|352|||||5.625|0.00||||||||||||||||||||143615.46
F08Q10003998|200811|143454.68|0|009|351|||||5.625|0.00||||||||||||||||||||143454.68
F08Q10003998|200812|143293.14|0|010|350|||||5.625|0.00||||||||||||||||||||143293.14
F08Q10003998|200901|143130.85|0|011|349|||||5.625|0.00||||||||||||||||||||143130.85
F08Q10003998|200902|142967.80|0|012|348|||||5.625|0.00||||||||||||||||||||142967.80
F08Q10003998|200903|142803.98|0|013|347|||||5.625|0.00||||||||||||||||||||142803.98
F08Q10003998|200904|142639.39|0|014|346|||||5.625|0.00||||||||||||||||||||142639.39
F08Q10003998|200905|142474.03|0|015|345|||||5.625|0.00||||||||||||||||||||142474.03
F08Q10003998|200906|142307.90|0|016|344|||||5.625|0.00||||||||||||||||||||142307.90
F08Q10003998|200907|142140.99|0|017|343|||||5.625|0.00||||||||||||||||||||142140.99
F08Q10003998|200908|141973.30|0|018|342|||||5.625|0.00||||||||||||||||||||141973.30
F08Q10003998|200909|141804.82|0|019|341|||||5.625|0.00||||||||||||||||||||141804.82
F08Q10003998|200910|141635.55|0|020|340|||||5.625|0.00||||||||||||||||||||141635.55
F08Q10003998|200911|141465.49|0|021|339|||||5.625|0.00||||||||||||||||||||141465.49
F08Q10003998|200912|141294.63|0|022|338|||||5.625|0.00||||||||||||||||||||141294.63
F08Q10003998|201001|141122.97|0|023|337|||||5.625|0.00||||||||||||||||||||141122.97
F08Q10003998|201002|140950.50|0|024|336|||||5.625|0.00||||||||||||||||||||140950.50
F08Q10003998|201003|140777.23|0|025|335|||||5.625|0.00||||||||||||||||||||140777.23
F08Q10003998|201004|140603.14|0|026|334|||||5.625|0.00||||||||||||||||||||140603.14
F08Q10003998|201005|140428.24|0|027|333|||||5.625|0.00||||||||||||||||||||140428.24
F08Q10003998|201006|140252.52|0|028|332|||||5.625|0.00||||||||||||||||||||140252.52
F08Q10003998|201007|140075.97|0|029|331|||||5.625|0.00||||||||||||||||||||140075.97
F08Q10003998|201008|139898.60|0|030|330|||||5.625|0.00||||||||||||||||||||139898.60
F08Q10003998|201009|139720.39|0|031|329|||||5.625|0.00||||||||||||||||||||139720.39
F08Q10003998|201010|139541.35|0|032|328|||||5.625|0.00||||||||||||||||||||139541.35
F08Q10003998|201011|139361.47|0|033|327|||||5.625|0.00||||||||||||||||||||139361.47
F08Q10003998|201012|139180.75|0|034|326|||||5.625|0.00||||||||||||||||||||139180.75
F08Q10003998|201101|138999.18|0|035|325|||||5.625|0.00||||||||||||||||||||138999.18
F08Q10003998|201102|138816.76|0|036|324|||||5.625|0.00||||||||||||||||||||138816.76
F08Q10003998|201103|138633.48|0|037|323|||||5.625|0.00||||||||||||||||||||138633.48
F08Q10003998|201104|138449.34|0|038|322|||||5.625|0.00||||||||||||||||||||138449.34
F08Q10003998|201105|138264.34|0|039|321|||||5.625|0.00||||||||||||||||||||138264.34
F08Q10003998|201106|138078.47|0|040|320|||||5.625|0.00||||||||||||||||||||138078.47
F08Q10003998|201107|137891.73|0|041|319|||||5.625|0.00||||||||||||||||||||137891.73
F08Q10003998|201108|137704.12|0|042|318|||||5.625|0.00||||||||||||||||||||137704.12
F08Q10003998|201109|137515.63|0|043|317|||||5.625|0.00||||||||||||||||||||137515.63
F08Q10003998|201110|137326.25|0|044|316|||||5.625|0.00||||||||||||||||||||137326.25
F08Q10003998|201111|137135.99|0|045|315|||||5.625|0.00||||||||||||||||||||137135.99
F08Q10003998|201112|136944.83|0|046|314|||||5.625|0.00||||||||||||||||||||136944.83
F08Q10003998|201201|136752.78|0|047|313|||||5.625|0.00||||||||||||||||||||136752.78
F08Q10003998|201202|136559.83|0|048|312|||||5.625|0.00||||||||||||||||||||136559.83
F08Q10003998|201203|136365.97|0|049|311|||||5.625|0.00||||||||||||||||||||136365.97
F08Q10003998|201204|136171.21|0|050|310|||||5.625|0.00||||||||||||||||||||136171.21
F08Q10003998|201205|135975.53|0|051|309|||||5.625|0.00||||||||||||||||||||135975.53
F08Q10003998|201206|135778.94|0|052|308|||||5.625|0.00||||||||||||||||||||135778.94
F08Q10003998|201207|0.00|0|053|307|||01|201207|5.625|0.00|||||||||||||||135778.94|||||0.00
F08Q10004042|200802|220000.00|0|000|180|||||5.250|0.00||||||||||||||||||||220000.00
F08Q10004042|200803|219000.00|0|001|179|||||5.250|0.00||||||||||||||||||||219000.00
F08Q10004042|200804|218000.00|0|002|178|||||5.250|0.00||||||||||||||||||||218000.00
F08Q10004042|200805|217000.00|0|003|177|||||5.250|0.00||||||||||||||||||||217000.00
F08Q10004042|200806|214000.00|0|004|176|||||5.250|0.00||||||||||||||||||||214000.00
F08Q10004042|200807|213000.00|0|005|175|||||5.250|0.00||||||||||||||||||||213000.00
F08Q10004042|200808|212000.00|0|006|174|||||5.250|0.00||||||||||||||||||||212000.00
F08Q10004042|200809|210969.26|0|007|173|||||5.250|0.00||||||||||||||||||||210969.26
F08Q10004042|200810|209872.06|0|008|172|||||5.250|0.00||||||||||||||||||||209872.06
F08Q10004042|200811|207489.93|0|009|171|||||5.250|0.00||||||||||||||||||||207489.93
F08Q10004042|200812|206451.27|0|010|170|||||5.250|0.00||||||||||||||||||||206451.27
F08Q10004042|200901|205408.06|0|011|169|||||5.250|0.00||||||||||||||||||||205408.06
F08Q10004042|200902|204360.29|0|012|168|||||5.250|0.00||||||||||||||||||||204360.29
F08Q10004042|200903|203307.94|0|013|167|||||5.250|0.00||||||||||||||||||||203307.94
F08Q10004042|200904|202250.98|0|014|166|||||5.250|0.00||||||||||||||||||||202250.98
F08Q10004042|200905|201189.40|0|015|165|||||5.250|0.00||||||||||||||||||||201189.40
F08Q10004042|200906|198843.04|0|016|164|||||5.250|0.00||||||||||||||||||||198843.04
F08Q10004042|200907|197766.55|0|017|163|||||5.250|0.00||||||||||||||||||||197766.55
F08Q10004042|200908|196685.35|0|018|162|||||5.250|0.00||||||||||||||||||||196685.35
F08Q10004042|200909|195599.42|0|019|161|||||5.250|0.00||||||||||||||||||||195599.42
F08Q10004042|200910|194508.74|0|020|160|||||5.250|0.00||||||||||||||||||||194508.74
F08Q10004042|200911|192133.16|0|021|159|||||5.250|0.00||||||||||||||||||||192133.16
F08Q10004042|200912|191028.91|0|022|158|||||5.250|0.00||||||||||||||||||||191028.91
F08Q10004042|201001|189919.83|0|023|157|||||5.250|0.00||||||||||||||||||||189919.83
F08Q10004042|201002|188795.90|0|024|156|||||5.250|0.00||||||||||||||||||||188795.90
F08Q10004042|201003|187667.05|0|025|155|||||5.250|0.00||||||||||||||||||||187667.05
F08Q10004042|201004|186533.26|0|026|154|||||5.250|0.00||||||||||||||||||||186533.26
F08Q10004042|201005|184114.38|0|027|153|||||5.250|0.00||||||||||||||||||||184114.38
F08Q10004042|201006|182965.05|0|028|152|||||5.250|0.00||||||||||||||||||||182965.05
F08Q10004042|201007|181810.69|0|029|151|||||5.250|0.00||||||||||||||||||||181810.69
F08Q10004042|201008|180651.28|0|030|150|||||5.250|0.00||||||||||||||||||||180651.28
F08Q10004042|201009|179486.80|0|031|149|||||5.250|0.00||||||||||||||||||||179486.80
F08Q10004042|201010|178317.22|0|032|148|||||5.250|0.00||||||||||||||||||||178317.22
F08Q10004042|201011|175862.40|0|033|147|||||5.250|0.00||||||||||||||||||||175862.40
F08Q10004042|201012|174709.12|0|034|146|||||5.250|0.00||||||||||||||||||||174709.12
F08Q10004042|201101|173550.79|0|035|145|||||5.250|0.00||||||||||||||||||||173550.79
F08Q10004042|201102|172387.39|0|036|144|||||5.250|0.00||||||||||||||||||||172387.39
F08Q10004042|201103|171218.90|0|037|143|||||5.250|0.00||||||||||||||||||||171218.90
F08Q10004042|201104|170045.30|0|038|142|||||5.250|0.00||||||||||||||||||||170045.30
F08Q10004042|201105|167586.44|0|039|141|||||5.250|0.00||||||||||||||||||||167586.44
F08Q10004042|201106|166396.95|0|040|140|||||5.250|0.00||||||||||||||||||||166396.95
F08Q10004042|201107|165202.26|0|041|139|||||5.250|0.00||||||||||||||||||||165202.26
F08Q10004042|201108|164002.34|0|042|138|||||5.250|0.00||||||||||||||||||||164002.34
F08Q10004042|201109|162797.17|0|043|137|||||5.250|0.00||||||||||||||||||||162797.17
F08Q10004042|201110|160306.60|0|044|136|||||5.250|0.00||||||||||||||||||||160306.60
F08Q10004042|201111|159085.26|0|045|135|||||5.250|0.00||||||||||||||||||||159085.26
F08Q10004042|201112|157859.59|0|046|134|||||5.250|0.00||||||||||||||||||||157859.59
F08Q10004042|201201|156628.55|0|047|133|||||5.250|0.00||||||||||||||||||||156628.55
F08Q10004042|201202|155392.13|0|048|132|||||5.250|0.00||||||||||||||||||||155392.13
F08Q10004042|201203|154150.30|0|049|131|||||5.250|0.00||||||||||||||||||||154150.30
F08Q10004042|201204|151622.91|0|050|130|||||5.250|0.00||||||||||||||||||||151622.91
F08Q10004042|201205|150364.59|0|051|129|||||5.250|0.00||||||||||||||||||||150364.59
F08Q10004042|201206|149100.77|0|052|128|||||5.250|0.00||||||||||||||||||||149100.77
F08Q10004042|201207|147831.42|0|053|127|||||5.250|0.00||||||||||||||||||||147831.42
F08Q10004042|201208|146556.51|0|054|126|||||5.250|0.00||||||||||||||||||||146556.51
F08Q10004042|201209|143995.89|0|055|125|||||5.250|0.00||||||||||||||||||||143995.89
F08Q10004042|201210|142704.20|0|056|124|||||5.250|0.00||||||||||||||||||||142704.20
F08Q10004042|201211|141521.41|0|057|123|||||5.250|0.00||||||||||||||||||||141521.41
F08Q10004042|201212|140163.46|0|058|122|||||5.250|0.00||||||||||||||||||||140163.46
F08Q10004042|201301|138799.57|0|059|121|||||5.250|0.00||||||||||||||||||||138799.57
F08Q10004042|201302|136149.58|0|060|120|||||5.250|0.00||||||||||||||||||||136149.58
F08Q10004042|201303|134768.12|0|061|119|||||5.250|0.00||||||||||||||||||||134768.12
F08Q10004042|201304|133380.62|0|062|118|||||5.250|0.00||||||||||||||||||||133380.62
F08Q10004042|201305|131987.05|0|063|117|||||5.250|0.00||||||||||||||||||||131987.05
F08Q10004042|201306|130587.38|0|064|116|||||5.250|0.00||||||||||||||||||||130587.38
F08Q10004042|201307|129181.59|0|065|115|||||5.250|0.00||||||||||||||||||||129181.59
F08Q10004042|201308|127769.65|0|066|114|||||5.250|0.00||||||||||||||||||||127769.65
F08Q10004042|201309|125071.40|0|067|113|||||5.250|0.00||||||||||||||||||||125071.40
F08Q10004042|201310|123795.48|0|068|112|||||5.250|0.00||||||||||||||||||||123795.48
F08Q10004042|201311|122513.98|0|069|111|||||5.250|0.00||||||||||||||||||||122513.98
F08Q10004042|201312|121216.87|0|070|110|||||5.250|0.00||||||||||||||||||||121216.87
F08Q10004042|201401|119978.66|0|071|109|||||5.250|0.00||||||||||||||||||||119978.66
F08Q10004042|201402|118710.46|0|072|108|||||5.250|0.00||||||||||||||||||||118710.46
F08Q10004042|201403|117412.13|0|073|107|||||5.250|0.00||||||||||||||||||||117412.13
F08Q10004042|201404|116088.75|0|074|106|||||5.250|0.00||||||||||||||||||||116088.75
F08Q10004042|201405|114735.00|0|075|105|||||5.250|0.00||||||||||||||||||||114735.00
F08Q10004042|201406|113468.44|0|076|104|||||5.250|0.00||||||||||||||||||||113468.44
F08Q10004042|201407|111917.17|0|077|103|||||5.250|0.00||||||||||||||||||||111917.17
F08Q10004042|201408|110509.12|0|078|102|||||5.250|0.00||||||||||||||||||||110509.12
F08Q10004042|201409|109169.49|0|079|101|||||5.250|0.00||||||||||||||||||||109169.49
F08Q10004042|201410|107878.58|0|080|100|||||5.250|0.00||||||||||||||||||||107878.58
F08Q10004042|201411|106074.00|0|081|099|||||5.250|0.00||||||||||||||||||||106074.00
F08Q10004042|201412|105168.11|0|082|098|||||5.250|0.00||||||||||||||||||||105168.11
F08Q10004042|201501|103833.64|0|083|097|||||5.250|0.00||||||||||||||||||||103833.64
F08Q10004042|201502|102519.38|0|084|096|||||5.250|0.00||||||||||||||||||||102519.38
F08Q10004042|201503|101173.32|0|085|095|||||5.250|0.00||||||||||||||||||||101173.32
F08Q10004042|201504|99791.37|0|086|094|||||5.250|0.00||||||||||||||||||||99791.37
F08Q10004042|201505|98373.38|0|087|093|||||5.250|0.00||||||||||||||||||||98373.38
F08Q10004042|201506|97010.65|0|088|092|||||5.250|0.00||||||||||||||||||||97010.65
F08Q10004042|201507|95666.54|0|089|091|||||5.250|0.00||||||||||||||||||||95666.54
F08Q10004042|201508|94316.55|0|090|090|||||5.250|0.00||||||||||||||||||||94316.55
F08Q10004042|201509|92960.65|0|091|089|||||5.250|0.00||||||||||||||||||||92960.65
F08Q10004042|201510|91562.77|0|092|088|||||5.250|0.00||||||||||||||||||||91562.77
F08Q10004042|201511|90168.78|0|093|087|||||5.250|0.00||||||||||||||||||||90168.78
F08Q10004042|201512|90168.78|1|094|086|||||5.250|0.00||||||||||||||||||||90168.78
F08Q10004042|201601|88794.74|0|095|085|||||5.250|0.00||||||||||||||||||||88794.74
F08Q10004042|201602|85782.32|0|096|084|||||5.250|0.00||||||||||||||||||||85782.32
F08Q10004042|201603|84364.51|0|097|083|||||5.250|0.00||||||||||||||||||||84364.51
F08Q10004042|201604|82919.02|0|098|082|||||5.250|0.00||||||||||||||||||||82919.02
F08Q10004042|201605|81488.68|0|099|081|||||5.250|0.00||||||||||||||||||||81488.68
F08Q10004042|201606|80022.08|0|100|080|||||5.250|0.00||||||||||||||||||||80022.08
F08Q10004042|201607|78569.07|0|101|079|||||5.250|0.00||||||||||||||||||||78569.07
F08Q10004042|201608|76903.14|0|102|078|||||5.250|0.00||||||||||||||||||||76903.14
F08Q10004042|201609|74986.45|0|103|077|||||5.250|0.00||||||||||||||||||||74986.45
F08Q10004042|201610|73488.07|0|104|076|||||5.250|0.00||||||||||||||||||||73488.07
F08Q10004042|201611|72005.00|0|105|075|||||5.250|0.00||||||||||||||||||||72005.00
F08Q10004042|201612|70305.44|0|106|074|||||5.250|0.00||||||||||||||||||||70305.44
F08Q10004042|201701|68768.45|0|107|073|||||5.250|0.00||||||||||||||||||||68768.45
F08Q10004042|201702|67300.78|0|108|072|||||5.250|0.00||||||||||||||||||||67300.78
F08Q10004042|201703|65590.64|0|109|071|||||5.250|0.00||||||||||||||||||||65590.64
F08Q10004042|201704|64109.07|0|110|070|||||5.250|0.00||||||||||||||29||||||64109.07
F08Q10004042|201705|62596.44|0|111|069|||||5.250|0.00||||||||||||||27||||||62596.44
F08Q10004042|201706|60795.72|0|112|068|||||5.250|0.00||||||||||||||26||||||60795.72
F08Q10004042|201707|59227.12|0|113|067|||||5.250|0.00||||||||||||||25||||||59227.12
F08Q10004042|201708|57681.66|0|114|066|||||5.250|0.00||||||||||||||25||||||57681.66
F08Q10004042|201709|56129.44|0|115|065|||||5.250|0.00||||||||||||||24||||||56129.44
F08Q10004042|201710|54606.48|0|116|064|||||5.250|0.00||||||||||||||24||||||54606.48
F08Q10004042|201711|53070.80|0|117|063|||||5.250|0.00||||||||||||||23||||||53070.80
F08Q10004042|201712|51492.98|0|118|062|||||5.250|0.00||||||||||||||22||||||51492.98
F08Q10004042|201801|49713.68|0|119|061|||||5.250|0.00||||||||||||||21||||||49713.68
F08Q10004042|201802|47926.60|0|120|060|||||5.250|0.00||||||||||||||20||||||47926.60
F08Q10004042|201803|46342.74|0|121|059|||||5.250|0.00||||||||||||||19||||||46342.74
F08Q10004042|201804|44610.91|0|122|058|||||5.250|0.00||||||||||||||17||||||44610.91
F08Q10004042|201805|42951.50|0|123|057|||||5.250|0.00||||||||||||||17||||||42951.50
F08Q10004042|201806|39310.21|0|124|056|||||5.250|0.00||||||||||||||15||||||39310.21
F08Q10004042|201807|35636.99|0|125|055|||||5.250|0.00||||||||||||||14||||||35636.99
F08Q10004042|201808|33788.32|0|126|054|||||5.250|0.00||||||||||||||13||||||33788.32
F08Q10004042|201809|31931.56|0|127|053|||||5.250|0.00||||||||||||||12||||||31931.56
F08Q10004042|201810|29958.45|0|128|052|||||5.250|0.00||||||||||||||12||||||29958.45
F08Q10004042|201811|28084.94|0|129|051|||||5.250|0.00||||||||||||||11||||||28084.94
F08Q10004042|201812|25653.23|0|130|050|||||5.250|0.00||||||||||||||10||||||25653.23
F08Q10004042|201901|23760.88|0|131|049|||||5.250|0.00||||||||||||||9||||||23760.88
F08Q10004042|201902|21860.25|0|132|048|||||5.250|0.00||||||||||||||8||||||21860.25
F08Q10004042|201903|20051.31|0|133|047|||||5.250|0.00||||||||||||||8||||||20051.31
F08Q10004042|201904|17823.94|0|134|046|||||5.250|0.00||||||||||||||7||||||17823.94
F08Q10004042|201905|15570.33|0|135|045|||||5.250|0.00||||||||||||||6||||||15570.33
F08Q10004042|201906|12819.69|0|136|044|||||5.250|0.00||||||||||||||5||||||12819.69
F08Q10004042|201907|10404.01|0|137|043|||||5.250|0.00||||||||||||||4||||||10404.01
F08Q10004042|201908|8264.60|0|138|042|||||5.250|0.00||||||||||||||3||||||8264.60
F08Q10004042|201909|6020.40|0|139|041|||||5.250|0.00||||||||||||||2||||||6020.40
F08Q10004042|201910|4991.24|0|140|040|||||5.250|0.00||||||||||||||2||||||4991.24
F08Q10004042|201911|2789.97|0|141|039|||||5.250|0.00||||||||||||||1||||||2789.97
F08Q10004042|201912|0.00|0|142|038|||01|201912|5.250|0.00|201912|||||||||||||999|2789.97|||||0.00
F08Q10004048|200802|204000.00|0|000|240|||||6.125|0.00||||||||||||||||||||204000.00
F08Q10004048|200803|204000.00|0|001|239|||||6.125|0.00||||||||||||||||||||204000.00
F08Q10004048|200804|203000.00|0|002|238|||||6.125|0.00||||||||||||||||||||203000.00
F08Q10004048|200805|203000.00|0|003|237|||||6.125|0.00||||||||||||||||||||203000.00
F08Q10004048|200806|202000.00|0|004|236|||||6.125|0.00||||||||||||||||||||202000.00
