F05Q10000006|200502|90000.00|0|000|180|||||6.250|0.00||||||||||||||||||||90000.00
F05Q10000006|200503|90000.00|0|001|179|||||6.250|0.00||||||||||||||||||||90000.00
F05Q10000006|200504|89000.00|0|002|178|||||6.250|0.00||||||||||||||||||||89000.00
F05Q10000006|200505|89000.00|0|003|177|||||6.250|0.00||||||||||||||||||||89000.00
F05Q10000006|200506|89000.00|0|004|176|||||6.250|0.00||||||||||||||||||||89000.00
F05Q10000006|200507|88000.00|0|005|175|||||6.250|0.00||||||||||||||||||||88000.00
F05Q10000006|200508|88000.00|0|006|174|||||6.250|0.00||||||||||||||||||||88000.00
F05Q10000006|200509|87817.00|0|007|173|||||6.250|0.00||||||||||||||||||||87817.00
F05Q10000006|200510|87502.69|0|008|172|||||6.250|0.00||||||||||||||||||||87502.69
F05Q10000006|200511|87186.74|0|009|171|||||6.250|0.00||||||||||||||||||||87186.74
F05Q10000006|200512|86869.15|0|010|170|||||6.250|0.00||||||||||||||||||||86869.15
F05Q10000006|200601|86549.90|0|011|169|||||6.250|0.00||||||||||||||||||||86549.90
F05Q10000006|200602|86223.40|0|012|168|||||6.250|0.00||||||||||||||||||||86223.40
F05Q10000006|200603|85825.92|0|013|167|||||6.250|0.00||||||||||||||||||||85825.92
F05Q10000006|200604|85426.31|0|014|166|||||6.250|0.00||||||||||||||||||||85426.31
F05Q10000006|200605|85024.64|0|015|165|||||6.250|0.00||||||||||||||||||||85024.64
F05Q10000006|200606|84620.78|0|016|164|||||6.250|0.00||||||||||||||||||||84620.78
F05Q10000006|200607|84214.91|0|017|163|||||6.250|0.00||||||||||||||||||||84214.91
F05Q10000006|200608|83806.91|0|018|162|||||6.250|0.00||||||||||||||||||||83806.91
F05Q10000006|200609|83396.78|0|019|161|||||6.250|0.00||||||||||||||||||||83396.78
F05Q10000006|200610|82984.54|0|020|160|||||6.250|0.00||||||||||||||||||||82984.54
F05Q10000006|200611|82570.13|0|021|159|||||6.250|0.00||||||||||||||||||||82570.13
F05Q10000006|200612|82153.58|0|022|158|||||6.250|0.00||||||||||||||||||||82153.58
F05Q10000006|200701|81734.84|0|023|157|||||6.250|0.00||||||||||||||||||||81734.84
F05Q10000006|200702|81313.92|0|024|156|||||6.250|0.00||||||||||||||||||||81313.92
F05Q10000006|200703|80890.87|0|025|155|||||6.250|0.00||||||||||||||||||||80890.87
F05Q10000006|200704|80465.56|0|026|154|||||6.250|0.00||||||||||||||||||||80465.56
F05Q10000006|200705|80038.04|0|027|153|||||6.250|0.00||||||||||||||||||||80038.04
F05Q10000006|200706|79608.26|0|028|152|||||6.250|0.00||||||||||||||||||||79608.26
F05Q10000006|200707|79176.17|0|029|151|||||6.250|0.00||||||||||||||||||||79176.17
F05Q10000006|200708|78741.91|0|030|150|||||6.250|0.00||||||||||||||||||||78741.91
F05Q10000006|200709|78305.38|0|031|149|||||6.250|0.00||||||||||||||||||||78305.38
F05Q10000006|200710|77866.60|0|032|148|||||6.250|0.00||||||||||||||||||||77866.60
F05Q10000006|200711|77425.44|0|033|147|||||6.250|0.00||||||||||||||||||||77425.44
F05Q10000006|200712|76982.08|0|034|146|||||6.250|0.00||||||||||||||||||||76982.08
F05Q10000006|200801|76513.51|0|035|145|||||6.250|0.00||||||||||||||||||||76513.51
F05Q10000006|200802|76065.36|0|036|144|||||6.250|0.00||||||||||||||||||||76065.36
F05Q10000006|200803|75614.94|0|037|143|||||6.250|0.00||||||||||||||||||||75614.94
F05Q10000006|200804|75162.14|0|038|142|||||6.250|0.00||||||||||||||||||||75162.14
F05Q10000006|200805|74706.98|0|039|141|||||6.250|0.00||||||||||||||||||||74706.98
F05Q10000006|200806|74249.42|0|040|140|||||6.250|0.00||||||||||||||||||||74249.42
F05Q10000006|200807|73789.50|0|041|139|||||6.250|0.00||||||||||||||||||||73789.50
F05Q10000006|200808|73327.16|0|042|138|||||6.250|0.00||||||||||||||||||||73327.16
F05Q10000006|200809|72862.41|0|043|137|||||6.250|0.00||||||||||||||||||||72862.41
F05Q10000006|200810|72395.20|0|044|136|||||6.250|0.00||||||||||||||||||||72395.20
F05Q10000006|200811|71925.60|0|045|135|||||6.250|0.00||||||||||||||||||||71925.60
F05Q10000006|200812|71453.57|0|046|134|||||6.250|0.00||||||||||||||||||||71453.57
F05Q10000006|200901|70978.98|0|047|133|||||6.250|0.00||||||||||||||||||||70978.98
F05Q10000006|200902|70501.98|0|048|132|||||6.250|0.00||||||||||||||||||||70501.98
F05Q10000006|200903|70022.58|0|049|131|||||6.250|0.00||||||||||||||||||||70022.58
F05Q10000006|200904|69540.62|0|050|130|||||6.250|0.00||||||||||||||||||||69540.62
F05Q10000006|200905|69056.16|0|051|129|||||6.250|0.00||||||||||||||||||||69056.16
F05Q10000006|200906|68569.16|0|052|128|||||6.250|0.00||||||||||||||||||||68569.16
F05Q10000006|200907|68079.56|0|053|127|||||6.250|0.00||||||||||||||||||||68079.56
F05Q10000006|200908|67587.47|0|054|126|||||6.250|0.00||||||||||||||||||||67587.47
F05Q10000006|200909|67092.82|0|055|125|||||6.250|0.00||||||||||||||||||||67092.82
F05Q10000006|200910|66595.59|0|056|124|||||6.250|0.00||||||||||||||||||||66595.59
F05Q10000006|200911|66095.77|0|057|123|||||6.250|0.00||||||||||||||||||||66095.77
F05Q10000006|200912|65593.38|0|058|122|||||6.250|0.00||||||||||||||||||||65593.38
F05Q10000006|201001|65088.34|0|059|121|||||6.250|0.00||||||||||||||||||||65088.34
F05Q10000006|201002|64580.59|0|060|120|||||6.250|0.00||||||||||||||||||||64580.59
F05Q10000006|201003|64070.33|0|061|119|||||6.250|0.00||||||||||||||||||||64070.33
F05Q10000006|201004|63557.28|0|062|118|||||6.250|0.00||||||||||||||||||||63557.28
F05Q10000006|201005|63041.65|0|063|117|||||6.250|0.00||||||||||||||||||||63041.65
F05Q10000006|201006|62523.31|0|064|116|||||6.250|0.00||||||||||||||||||||62523.31
F05Q10000006|201007|62002.29|0|065|115|||||6.250|0.00||||||||||||||||||||62002.29
F05Q10000006|201008|61478.52|0|066|114|||||6.250|0.00||||||||||||||||||||61478.52
F05Q10000006|201009|60952.04|0|067|113|||||6.250|0.00||||||||||||||||||||60952.04
F05Q10000006|201010|60422.82|0|068|112|||||6.250|0.00||||||||||||||||||||60422.82
F05Q10000006|201011|59890.84|0|069|111|||||6.250|0.00||||||||||||||||||||59890.84
F05Q10000006|201012|59356.03|0|070|110|||||6.250|0.00||||||||||||||||||||59356.03
F05Q10000006|201101|58818.50|0|071|109|||||6.250|0.00||||||||||||||||||||58818.50
F05Q10000006|201102|58278.19|0|072|108|||||6.250|0.00||||||||||||||||||||58278.19
F05Q10000006|201103|57735.11|0|073|107|||||6.250|0.00||||||||||||||||||||57735.11
F05Q10000006|201104|57189.13|0|074|106|||||6.250|0.00||||||||||||||||||||57189.13
F05Q10000006|201105|56640.32|0|075|105|||||6.250|0.00||||||||||||||||||||56640.32
F05Q10000006|201106|56088.63|0|076|104|||||6.250|0.00||||||||||||||||||||56088.63
F05Q10000006|201107|55534.09|0|077|103|||||6.250|0.00||||||||||||||||||||55534.09
F05Q10000006|201108|54976.55|0|078|102|||||6.250|0.00||||||||||||||||||||54976.55
F05Q10000006|201109|54416.13|0|079|101|||||6.250|0.00||||||||||||||||||||54416.13
F05Q10000006|201110|53852.86|0|080|100|||||6.250|0.00||||||||||||||||||||53852.86
F05Q10000006|201111|53286.65|0|081|099|||||6.250|0.00||||||||||||||||||||53286.65
F05Q10000006|201112|52717.51|0|082|098|||||6.250|0.00||||||||||||||||||||52717.51
F05Q10000006|201201|52145.39|0|083|097|||||6.250|0.00||||||||||||||||||||52145.39
F05Q10000006|201202|51570.22|0|084|096|||||6.250|0.00||||||||||||||||||||51570.22
F05Q10000006|201203|50992.22|0|085|095|||||6.250|0.00||||||||||||||||||||50992.22
F05Q10000006|201204|50411.12|0|086|094|||||6.250|0.00||||||||||||||||||||50411.12
F05Q10000006|201205|49827.01|0|087|093|||||6.250|0.00||||||||||||||||||||49827.01
F05Q10000006|201206|49239.84|0|088|092|||||6.250|0.00||||||||||||||||||||49239.84
F05Q10000006|201207|48649.63|0|089|091|||||6.250|0.00||||||||||||||||||||48649.63
F05Q10000006|201208|48056.22|0|090|090|||||6.250|0.00||||||||||||||||||||48056.22
F05Q10000006|201209|47459.82|0|091|089|||||6.250|0.00||||||||||||||||||||47459.82
F05Q10000006|201210|46860.24|0|092|088|||||6.250|0.00||||||||||||||||||||46860.24
F05Q10000006|201211|46257.49|0|093|087|||||6.250|0.00||||||||||||||||||||46257.49
F05Q10000006|201212|45651.74|0|094|086|||||6.250|0.00||||||||||||||||||||45651.74
F05Q10000006|201301|45042.82|0|095|085|||||6.250|0.00||||||||||||||||||||45042.82
F05Q10000006|201302|44430.71|0|096|084|||||6.250|0.00||||||||||||||||||||44430.71
F05Q10000006|201303|43815.49|0|097|083|||||6.250|0.00||||||||||||||||||||43815.49
F05Q10000006|201304|43197.01|0|098|082|||||6.250|0.00||||||||||||||||||||43197.01
F05Q10000006|201305|0.00|0|099|081|||01|201305|6.250|0.00|||||||||||||||43197.01|||||0.00
F05Q10000011|200504|274000.00|0|000|360|||||6.125|0.00||||||||||||||||||||274000.00
F05Q10000011|200505|274000.00|0|001|359|||||6.125|0.00||||||||||||||||||||274000.00
F05Q10000011|200506|273000.00|0|002|358|||||6.125|0.00||||||||||||||||||||273000.00
F05Q10000011|200507|273000.00|0|003|357|||||6.125|0.00||||||||||||||||||||273000.00
F05Q10000011|200508|273000.00|0|004|356|||||6.125|0.00||||||||||||||||||||273000.00
F05Q10000011|200509|273000.00|0|005|355|||||6.125|0.00||||||||||||||||||||273000.00
F05Q10000011|200510|272000.00|0|006|354|||||6.125|0.00||||||||||||||||||||272000.00
F05Q10000011|200511|272107.05|0|007|353|||||6.125|0.00||||||||||||||||||||272107.05
F05Q10000011|200512|271831.08|0|008|352|||||6.125|0.00||||||||||||||||||||271831.08
F05Q10000011|200601|271553.70|0|009|351|||||6.125|0.00||||||||||||||||||||271553.70
F05Q10000011|200602|271274.91|0|010|350|||||6.125|0.00||||||||||||||||||||271274.91
F05Q10000011|200603|270994.69|0|011|349|||||6.125|0.00||||||||||||||||||||270994.69
F05Q10000011|200604|270713.04|0|012|348|||||6.125|0.00||||||||||||||||||||270713.04
F05Q10000011|200605|270429.95|0|013|347|||||6.125|0.00||||||||||||||||||||270429.95
F05Q10000011|200606|270145.42|0|014|346|||||6.125|0.00||||||||||||||||||||270145.42
F05Q10000011|200607|269859.44|0|015|345|||||6.125|0.00||||||||||||||||||||269859.44
F05Q10000011|200608|269572.00|0|016|344|||||6.125|0.00||||||||||||||||||||269572.00
F05Q10000011|200609|269283.09|0|017|343|||||6.125|0.00||||||||||||||||||||269283.09
F05Q10000011|200610|268992.71|0|018|342|||||6.125|0.00||||||||||||||||||||268992.71
F05Q10000011|200611|268700.84|0|019|341|||||6.125|0.00||||||||||||||||||||268700.84
F05Q10000011|200612|268407.48|0|020|340|||||6.125|0.00||||||||||||||||||||268407.48
F05Q10000011|200701|268112.63|0|021|339|||||6.125|0.00||||||||||||||||||||268112.63
F05Q10000011|200702|267816.27|0|022|338|||||6.125|0.00||||||||||||||||||||267816.27
F05Q10000011|200703|267518.40|0|023|337|||||6.125|0.00||||||||||||||||||||267518.40
F05Q10000011|200704|267219.01|0|024|336|||||6.125|0.00||||||||||||||||||||267219.01
F05Q10000011|200705|266918.09|0|025|335|||||6.125|0.00||||||||||||||||||||266918.09
F05Q10000011|200706|266615.63|0|026|334|||||6.125|0.00||||||||||||||||||||266615.63
F05Q10000011|200707|266311.63|0|027|333|||||6.125|0.00||||||||||||||||||||266311.63
F05Q10000011|200708|266006.08|0|028|332|||||6.125|0.00||||||||||||||||||||266006.08
F05Q10000011|200709|265698.97|0|029|331|||||6.125|0.00||||||||||||||||||||265698.97
F05Q10000011|200710|265390.29|0|030|330|||||6.125|0.00||||||||||||||||||||265390.29
F05Q10000011|200711|265080.04|0|031|329|||||6.125|0.00||||||||||||||||||||265080.04
F05Q10000011|200712|264768.20|0|032|328|||||6.125|0.00||||||||||||||||||||264768.20
F05Q10000011|200801|264454.77|0|033|327|||||6.125|0.00||||||||||||||||||||264454.77
F05Q10000011|200802|264139.74|0|034|326|||||6.125|0.00||||||||||||||||||||264139.74
F05Q10000011|200803|263823.10|0|035|325|||||6.125|0.00||||||||||||||||||||263823.10
F05Q10000011|200804|263504.85|0|036|324|||||6.125|0.00||||||||||||||||||||263504.85
F05Q10000011|200805|263184.97|0|037|323|||||6.125|0.00||||||||||||||||||||263184.97
F05Q10000011|200806|262863.46|0|038|322|||||6.125|0.00||||||||||||||||||||262863.46
F05Q10000011|200807|262540.31|0|039|321|||||6.125|0.00||||||||||||||||||||262540.31
F05Q10000011|200808|262215.51|0|040|320|||||6.125|0.00||||||||||||||||||||262215.51
F05Q10000011|200809|261889.05|0|041|319|||||6.125|0.00||||||||||||||||||||261889.05
F05Q10000011|200810|261560.93|0|042|318|||||6.125|0.00||||||||||||||||||||261560.93
F05Q10000011|200811|261231.13|0|043|317|||||6.125|0.00||||||||||||||||||||261231.13
F05Q10000011|200812|260899.65|0|044|316|||||6.125|0.00||||||||||||||||||||260899.65
F05Q10000011|200901|260566.48|0|045|315|||||6.125|0.00||||||||||||||||||||260566.48
F05Q10000011|200902|260231.60|0|046|314|||||6.125|0.00||||||||||||||||||||260231.60
F05Q10000011|200903|259895.02|0|047|313|||||6.125|0.00||||||||||||||||||||259895.02
F05Q10000011|200904|259556.72|0|048|312|||||6.125|0.00||||||||||||||||||||259556.72
F05Q10000011|200905|259216.69|0|049|311|||||6.125|0.00||||||||||||||||||||259216.69
F05Q10000011|200906|258874.93|0|050|310|||||6.125|0.00||||||||||||||||||||258874.93
F05Q10000011|200907|258531.42|0|051|309|||||6.125|0.00||||||||||||||||||||258531.42
F05Q10000011|200908|258186.16|0|052|308|||||6.125|0.00||||||||||||||||||||258186.16
F05Q10000011|200909|257839.14|0|053|307|||||6.125|0.00||||||||||||||||||||257839.14
F05Q10000011|200910|257839.14|0|054|306|||||6.125|0.00||||||||||||||||||||257839.14
F05Q10000011|200911|257490.34|0|055|305|||||6.125|0.00||||||||||||||||||||257490.34
F05Q10000011|200912|256787.39|0|056|304|||||6.125|0.00||||||||||||||||||||256787.39
F05Q10000011|201001|256433.23|0|057|303|||||6.125|0.00||||||||||||||||||||256433.23
F05Q10000011|201002|256077.26|0|058|302|||||6.125|0.00||||||||||||||||||||256077.26
F05Q10000011|201003|255719.47|0|059|301|||||6.125|0.00||||||||||||||||||||255719.47
F05Q10000011|201004|255719.47|0|060|300|||||6.125|0.00||||||||||||||||||||255719.47
F05Q10000011|201005|255359.85|1|061|299|||||6.125|0.00||||||||||||||||||||255359.85
F05Q10000011|201006|254635.10|0|062|298|||||6.125|0.00||||||||||||||||||||254635.10
F05Q10000011|201007|254269.95|0|063|297|||||6.125|0.00||||||||||||||||||||254269.95
F05Q10000011|201008|254269.95|0|064|296|||||6.125|0.00||||||||||||||||||||254269.95
F05Q10000011|201009|253902.94|0|065|295|||||6.125|0.00||||||||||||||||||||253902.94
F05Q10000011|201010|253534.05|0|066|294|||||6.125|0.00||||||||||||||||||||253534.05
F05Q10000011|201011|253163.28|0|067|293|||||6.125|0.00||||||||||||||||||||253163.28
F05Q10000011|201012|252790.62|1|068|292|||||6.125|0.00||||||||||||||||||||252790.62
F05Q10000011|201101|252790.62|1|069|291|||||6.125|0.00||||||||||||||||||||252790.62
F05Q10000011|201102|252416.06|0|070|290|||||6.125|0.00||||||||||||||||||||252416.06
F05Q10000011|201103|251280.85|0|071|289|||||6.125|0.00||||||||||||||||||||251280.85
F05Q10000011|201104|250898.58|0|072|288|||||6.125|0.00||||||||||||||||||||250898.58
F05Q10000011|201105|250898.58|0|073|287|||||6.125|0.00||||||||||||||||||||250898.58
F05Q10000011|201106|250514.36|0|074|286|||||6.125|0.00||||||||||||||||||||250514.36
F05Q10000011|201107|250128.18|0|075|285|||||6.125|0.00||||||||||||||||||||250128.18
F05Q10000011|201108|249740.03|1|076|284|||||6.125|0.00||||||||||||||||||||249740.03
F05Q10000011|201109|249349.89|0|077|283|||||6.125|0.00||||||||||||||||||||249349.89
F05Q10000011|201110|249349.89|1|078|282|||||6.125|0.00||||||||||||||||||||249349.89
F05Q10000011|201111|248957.76|0|079|281|||||6.125|0.00||||||||||||||||||||248957.76
F05Q10000011|201112|248563.63|1|080|280|||||6.125|0.00||||||||||||||||||||248563.63
F05Q10000011|201201|248167.49|1|081|279|||||6.125|0.00||||||||||||||||||||248167.49
F05Q10000011|201202|247369.14|0|082|278|||||6.125|0.00||||||||||||||||||||247369.14
F05Q10000011|201203|247369.14|0|083|277|||||6.125|0.00||||||||||||||||||||247369.14
F05Q10000011|201204|246966.90|0|084|276|||||6.125|0.00||||||||||||||||||||246966.90
F05Q10000011|201205|246156.26|1|085|275|||||6.125|0.00||||||||||||||||||||246156.26
F05Q10000011|201206|245747.83|0|086|274|||||6.125|0.00||||||||||||||||||||245747.83
F05Q10000011|201207|245337.32|1|087|273|||||6.125|0.00||||||||||||||||||||245337.32
F05Q10000011|201208|244924.71|1|088|272|||||6.125|0.00||||||||||||||||||||244924.71
F05Q10000011|201209|244510.00|1|089|271|||||6.125|0.00||||||||||||||||||||244510.00
F05Q10000011|201210|244510.00|1|090|270|||||6.125|0.00||||||||||||||||||||244510.00
F05Q10000011|201211|243674.21|1|091|269|||||6.125|0.00||||||||||||||||||||243674.21
F05Q10000011|201212|243253.11|1|092|268|||||6.125|0.00||||||||||||||||||||243253.11
F05Q10000011|201301|242829.86|1|093|267|||||6.125|0.00||||||||||||||||||||242829.86
F05Q10000011|201302|242404.45|1|094|266|||||6.125|0.00||||||||||||||||||||242404.45
F05Q10000011|201303|241547.11|0|095|265|||||6.125|0.00||||||||||||||||||||241547.11
F05Q10000011|201304|241115.16|0|096|264|||||6.125|0.00||||||||||||||||||||241115.16
F05Q10000011|201305|240681.00|0|097|263|||||6.125|0.00||||||||||||||||||||240681.00
F05Q10000011|201306|240244.63|0|098|262|||||6.125|0.00||||||||||||||||||||240244.63
F05Q10000011|201307|239806.03|0|099|261|||||6.125|0.00||||||||||||||||||||239806.03
F05Q10000011|201308|239365.19|0|100|260|||||6.125|0.00||||||||||||||||||||239365.19
F05Q10000011|201309|0.00|0|101|259|||01|201309|6.125|0.00|||||||||||||||239365.19|||||0.00
F05Q10000061|200502|200000.00|0|000|360|||||5.500|0.00||||||||||||||||||||200000.00
F05Q10000061|200503|200000.00|0|001|359|||||5.500|0.00||||||||||||||||||||200000.00
F05Q10000061|200504|200000.00|0|002|358|||||5.500|0.00||||||||||||||||||||200000.00
F05Q10000061|200505|199000.00|0|003|357|||||5.500|0.00||||||||||||||||||||199000.00
F05Q10000061|200506|199000.00|0|004|356|||||5.500|0.00||||||||||||||||||||199000.00
F05Q10000061|200507|199000.00|0|005|355|||||5.500|0.00||||||||||||||||||||199000.00
F05Q10000061|200508|199000.00|0|006|354|||||5.500|0.00||||||||||||||||||||199000.00
F05Q10000061|200509|198446.38|0|007|353|||||5.500|0.00||||||||||||||||||||198446.38
F05Q10000061|200510|198220.35|0|008|352|||||5.500|0.00||||||||||||||||||||198220.35
F05Q10000061|200511|197993.28|0|009|351|||||5.500|0.00||||||||||||||||||||197993.28
F05Q10000061|200512|197765.17|0|010|350|||||5.500|0.00||||||||||||||||||||197765.17
F05Q10000061|200601|197536.01|0|011|349|||||5.500|0.00||||||||||||||||||||197536.01
F05Q10000061|200602|197305.80|0|012|348|||||5.500|0.00||||||||||||||||||||197305.80
F05Q10000061|200603|197074.54|0|013|347|||||5.500|0.00||||||||||||||||||||197074.54
F05Q10000061|200604|196842.22|0|014|346|||||5.500|0.00||||||||||||||||||||196842.22
F05Q10000061|200605|196608.83|0|015|345|||||5.500|0.00||||||||||||||||||||196608.83
F05Q10000061|200606|196374.37|0|016|344|||||5.500|0.00||||||||||||||||||||196374.37
F05Q10000061|200607|196138.84|0|017|343|||||5.500|0.00||||||||||||||||||||196138.84
F05Q10000061|200608|195902.23|0|018|342|||||5.500|0.00||||||||||||||||||||195902.23
F05Q10000061|200609|195664.54|0|019|341|||||5.500|0.00||||||||||||||||||||195664.54
F05Q10000061|200610|195425.76|0|020|340|||||5.500|0.00||||||||||||||||||||195425.76
F05Q10000061|200611|195185.88|0|021|339|||||5.500|0.00||||||||||||||||||||195185.88
F05Q10000061|200612|194944.90|0|022|338|||||5.500|0.00||||||||||||||||||||194944.90
F05Q10000061|200701|194702.82|0|023|337|||||5.500|0.00||||||||||||||||||||194702.82
F05Q10000061|200702|194459.63|0|024|336|||||5.500|0.00||||||||||||||||||||194459.63
F05Q10000061|200703|194215.32|0|025|335|||||5.500|0.00||||||||||||||||||||194215.32
F05Q10000061|200704|193969.89|0|026|334|||||5.500|0.00||||||||||||||||||||193969.89
F05Q10000061|200705|193723.34|0|027|333|||||5.500|0.00||||||||||||||||||||193723.34
F05Q10000061|200706|193475.66|0|028|332|||||5.500|0.00||||||||||||||||||||193475.66
F05Q10000061|200707|193226.84|0|029|331|||||5.500|0.00||||||||||||||||||||193226.84
F05Q10000061|200708|192976.88|0|030|330|||||5.500|0.00||||||||||||||||||||192976.88
F05Q10000061|200709|192725.78|0|031|329|||||5.500|0.00||||||||||||||||||||192725.78
F05Q10000061|200710|192473.53|0|032|328|||||5.500|0.00||||||||||||||||||||192473.53
F05Q10000061|200711|192220.12|0|033|327|||||5.500|0.00||||||||||||||||||||192220.12
F05Q10000061|200712|191965.55|0|034|326|||||5.500|0.00||||||||||||||||||||191965.55
F05Q10000061|200801|191709.81|0|035|325|||||5.500|0.00||||||||||||||||||||191709.81
F05Q10000061|200802|191452.90|0|036|324|||||5.500|0.00||||||||||||||||||||191452.90
F05Q10000061|200803|191194.81|0|037|323|||||5.500|0.00||||||||||||||||||||191194.81
F05Q10000061|200804|190935.54|0|038|322|||||5.500|0.00||||||||||||||||||||190935.54
F05Q10000061|200805|190675.08|0|039|321|||||5.500|0.00||||||||||||||||||||190675.08
F05Q10000061|200806|190413.43|0|040|320|||||5.500|0.00||||||||||||||||||||190413.43
F05Q10000061|200807|190150.58|0|041|319|||||5.500|0.00||||||||||||||||||||190150.58
F05Q10000061|200808|189886.52|0|042|318|||||5.500|0.00||||||||||||||||||||189886.52
F05Q10000061|200809|189621.25|0|043|317|||||5.500|0.00||||||||||||||||||||189621.25
F05Q10000061|200810|189354.77|0|044|316|||||5.500|0.00||||||||||||||||||||189354.77
F05Q10000061|200811|189087.07|0|045|315|||||5.500|0.00||||||||||||||||||||189087.07
F05Q10000061|200812|188818.14|0|046|314|||||5.500|0.00||||||||||||||||||||188818.14
F05Q10000061|200901|188547.98|0|047|313|||||5.500|0.00||||||||||||||||||||188547.98
F05Q10000061|200902|188276.58|0|048|312|||||5.500|0.00||||||||||||||||||||188276.58
F05Q10000061|200903|188003.93|0|049|311|||||5.500|0.00||||||||||||||||||||188003.93
F05Q10000061|200904|187730.03|0|050|310|||||5.500|0.00||||||||||||||||||||187730.03
F05Q10000061|200905|187454.88|0|051|309|||||5.500|0.00||||||||||||||||||||187454.88
F05Q10000061|200906|187178.47|0|052|308|||||5.500|0.00||||||||||||||||||||187178.47
F05Q10000061|200907|186900.79|0|053|307|||||5.500|0.00||||||||||||||||||||186900.79
F05Q10000061|200908|186621.84|0|054|306|||||5.500|0.00||||||||||||||||||||186621.84
F05Q10000061|200909|186341.61|0|055|305|||||5.500|0.00||||||||||||||||||||186341.61
F05Q10000061|200910|186060.10|0|056|304|||||5.500|0.00||||||||||||||||||||186060.10
F05Q10000061|200911|185777.30|0|057|303|||||5.500|0.00||||||||||||||||||||185777.30
F05Q10000061|200912|185493.20|0|058|302|||||5.500|0.00||||||||||||||||||||185493.20
F05Q10000061|201001|185207.80|0|059|301|||||5.500|0.00||||||||||||||||||||185207.80
F05Q10000061|201002|184921.09|0|060|300|||||5.500|0.00||||||||||||||||||||184921.09
F05Q10000061|201003|184633.06|0|061|299|||||5.500|0.00||||||||||||||||||||184633.06
F05Q10000061|201004|184343.71|0|062|298|||||5.500|0.00||||||||||||||||||||184343.71
F05Q10000061|201005|184053.04|0|063|297|||||5.500|0.00||||||||||||||||||||184053.04
F05Q10000061|201006|183761.04|0|064|296|||||5.500|0.00||||||||||||||||||||183761.04
F05Q10000061|201007|183467.70|0|065|295|||||5.500|0.00||||||||||||||||||||183467.70
F05Q10000061|201008|183173.01|0|066|294|||||5.500|0.00||||||||||||||||||||183173.01
F05Q10000061|201009|182876.97|0|067|293|||||5.500|0.00||||||||||||||||||||182876.97
F05Q10000061|201010|182579.58|0|068|292|||||5.500|0.00||||||||||||||||||||182579.58
F05Q10000061|201011|182280.82|0|069|291|||||5.500|0.00||||||||||||||||||||182280.82
F05Q10000061|201012|181980.69|0|070|290|||||5.500|0.00||||||||||||||||||||181980.69
F05Q10000061|201101|181679.19|0|071|289|||||5.500|0.00||||||||||||||||||||181679.19
F05Q10000061|201102|181376.31|0|072|288|||||5.500|0.00||||||||||||||||||||181376.31
F05Q10000061|201103|181072.04|0|073|287|||||5.500|0.00||||||||||||||||||||181072.04
F05Q10000061|201104|180766.37|0|074|286|||||5.500|0.00||||||||||||||||||||180766.37
F05Q10000061|201105|180459.30|0|075|285|||||5.500|0.00||||||||||||||||||||180459.30
F05Q10000061|201106|180150.83|0|076|284|||||5.500|0.00||||||||||||||||||||180150.83
F05Q10000061|201107|179840.94|0|077|283|||||5.500|0.00||||||||||||||||||||179840.94
F05Q10000061|201108|179529.63|0|078|282|||||5.500|0.00||||||||||||||||||||179529.63
F05Q10000061|201109|179216.89|0|079|281|||||5.500|0.00||||||||||||||||||||179216.89
F05Q10000061|201110|178902.72|0|080|280|||||5.500|0.00||||||||||||||||||||178902.72
F05Q10000061|201111|178587.11|0|081|279|||||5.500|0.00||||||||||||||||||||178587.11
F05Q10000061|201112|178270.05|0|082|278|||||5.500|0.00||||||||||||||||||||178270.05
F05Q10000061|201201|177951.54|0|083|277|||||5.500|0.00||||||||||||||||||||177951.54
F05Q10000061|201202|177631.57|0|084|276|||||5.500|0.00||||||||||||||||||||177631.57
F05Q10000061|201203|177310.13|0|085|275|||||5.500|0.00||||||||||||||||||||177310.13
F05Q10000061|201204|0.00|0|086|274|||01|201204|5.500|0.00|||||||||||||||177310.13|||||0.00
F05Q10000093|200502|110000.00|0|000|360|||||5.725|0.00||||||||||||||||||||110000.00
F05Q10000093|200503|110000.00|0|001|359|||||5.725|0.00||||||||||||||||||||110000.00
F05Q10000093|200504|110000.00|0|002|358|||||5.725|0.00||||||||||||||||||||110000.00
F05Q10000093|200505|109000.00|0|003|357|||||5.725|0.00||||||||||||||||||||109000.00
F05Q10000093|200506|109000.00|0|004|356|||||5.725|0.00||||||||||||||||||||109000.00
F05Q10000093|200507|109000.00|0|005|355|||||5.725|0.00||||||||||||||||||||109000.00
F05Q10000093|200508|109000.00|0|006|354|||||5.725|0.00||||||||||||||||||||109000.00
F05Q10000093|200509|108975.31|0|007|353|||||5.725|0.00||||||||||||||||||||108975.31
F05Q10000093|200510|108855.03|0|008|352|||||5.725|0.00||||||||||||||||||||108855.03
F05Q10000093|200511|108734.18|0|009|351|||||5.725|0.00||||||||||||||||||||108734.18
F05Q10000093|200512|108612.75|0|010|350|||||5.725|0.00||||||||||||||||||||108612.75
F05Q10000093|200601|108490.74|0|011|349|||||5.725|0.00||||||||||||||||||||108490.74
F05Q10000093|200602|108490.74|0|012|348|||||5.725|0.00||||||||||||||||||||108490.74
F05Q10000093|200603|108244.98|0|013|347|||||5.725|0.00||||||||||||||||||||108244.98
F05Q10000093|200604|108121.22|0|014|346|||||5.725|0.00||||||||||||||||||||108121.22
F05Q10000093|200605|108121.22|0|015|345|||||5.725|0.00||||||||||||||||||||108121.22
F05Q10000093|200606|107871.93|0|016|344|||||5.725|0.00||||||||||||||||||||107871.93
F05Q10000093|200607|107746.39|0|017|343|||||5.725|0.00||||||||||||||||||||107746.39
F05Q10000093|200608|107746.39|0|018|342|||||5.725|0.00||||||||||||||||||||107746.39
F05Q10000093|200609|107493.51|0|019|341|||||5.725|0.00||||||||||||||||||||107493.51
F05Q10000093|200610|107493.51|0|020|340|||||5.725|0.00||||||||||||||||||||107493.51
F05Q10000093|200611|107366.16|0|021|339|||||5.725|0.00||||||||||||||||||||107366.16
F05Q10000093|200612|107238.21|0|022|338|||||5.725|0.00||||||||||||||||||||107238.21
F05Q10000093|200701|107109.65|0|023|337|||||5.725|0.00||||||||||||||||||||107109.65
F05Q10000093|200702|106980.47|0|024|336|||||5.725|0.00||||||||||||||||||||106980.47
F05Q10000093|200703|106850.68|0|025|335|||||5.725|0.00||||||||||||||||||||106850.68
F05Q10000093|200704|106589.23|0|026|334|||||5.725|0.00||||||||||||||||||||106589.23
F05Q10000093|200705|106589.23|0|027|333|||||5.725|0.00||||||||||||||||||||106589.23
F05Q10000093|200706|106325.28|0|028|332|||||5.725|0.00||||||||||||||||||||106325.28
F05Q10000093|200707|106325.28|0|029|331|||||5.725|0.00||||||||||||||||||||106325.28
F05Q10000093|200708|106192.36|0|030|330|||||5.725|0.00||||||||||||||||||||106192.36
F05Q10000093|200709|106058.81|0|031|329|||||5.725|0.00||||||||||||||||||||106058.81
F05Q10000093|200710|105924.62|0|032|328|||||5.725|0.00||||||||||||||||||||105924.62
F05Q10000093|200711|105789.79|0|033|327|||||5.725|0.00||||||||||||||||||||105789.79
F05Q10000093|200712|105654.32|1|034|326|||||5.725|0.00||||||||||||||||||||105654.32
F05Q10000093|200801|105518.20|0|035|325|||||5.725|0.00||||||||||||||||||||105518.20
F05Q10000093|200802|105381.43|0|036|324|||||5.725|0.00||||||||||||||||||||105381.43
F05Q10000093|200803|105105.93|0|037|323|||||5.725|0.00||||||||||||||||||||105105.93
F05Q10000093|200804|105105.93|0|038|322|||||5.725|0.00||||||||||||||||||||105105.93
F05Q10000093|200805|104827.79|0|039|321|||||5.725|0.00||||||||||||||||||||104827.79
F05Q10000093|200806|104687.73|0|040|320|||||5.725|0.00||||||||||||||||||||104687.73
F05Q10000093|200807|104687.73|0|041|319|||||5.725|0.00||||||||||||||||||||104687.73
F05Q10000093|200808|104405.60|0|042|318|||||5.725|0.00||||||||||||||||||||104405.60
F05Q10000093|200809|104405.60|0|043|317|||||5.725|0.00||||||||||||||||||||104405.60
F05Q10000093|200810|104263.52|0|044|316|||||5.725|0.00||||||||||||||||||||104263.52
F05Q10000093|200811|103977.32|0|045|315|||||5.725|0.00||||||||||||||||||||103977.32
F05Q10000093|200812|103977.32|0|046|314|||||5.725|0.00||||||||||||||||||||103977.32
F05Q10000093|200901|0.00|0|047|313|||01|200901|5.725|0.00|||||||||||||||103977.32|||||0.00
F05Q10000128|200502|161000.00|0|000|360|||||5.875|0.00||||||||||||||||||||161000.00
F05Q10000128|200503|160000.00|0|001|359|||||5.875|0.00||||||||||||||||||||160000.00
F05Q10000128|200504|159000.00|0|002|358|||||5.875|0.00||||||||||||||||||||159000.00
F05Q10000128|200505|158000.00|0|003|357|||||5.875|0.00||||||||||||||||||||158000.00
F05Q10000128|200506|156000.00|0|004|356|||||5.875|0.00||||||||||||||||||||156000.00
F05Q10000128|200507|156000.00|0|005|355|||||5.875|0.00||||||||||||||||||||156000.00
F05Q10000128|200508|156000.00|0|006|354|||||5.875|0.00||||||||||||||||||||156000.00
F05Q10000128|200509|155678.28|0|007|353|||||5.875|0.00||||||||||||||||||||155678.28
F05Q10000128|200510|154985.70|0|008|352|||||5.875|0.00||||||||||||||||||||154985.70
F05Q10000128|200511|154289.73|0|009|351|||||5.875|0.00||||||||||||||||||||154289.73
F05Q10000128|200512|153590.36|0|010|350|||||5.875|0.00||||||||||||||||||||153590.36
F05Q10000128|200601|152887.56|0|011|349|||||5.875|0.00||||||||||||||||||||152887.56
F05Q10000128|200602|151681.32|0|012|348|||||5.875|0.00||||||||||||||||||||151681.32
F05Q10000128|200603|150469.18|0|013|347|||||5.875|0.00||||||||||||||||||||150469.18
F05Q10000128|200604|149751.10|0|014|346|||||5.875|0.00||||||||||||||||||||149751.10
F05Q10000128|200605|149029.51|0|015|345|||||5.875|0.00||||||||||||||||||||149029.51
F05Q10000128|200606|148304.38|0|016|344|||||5.875|0.00||||||||||||||||||||148304.38
F05Q10000128|200607|147575.70|0|017|343|||||5.875|0.00||||||||||||||||||||147575.70
F05Q10000128|200608|146843.46|0|018|342|||||5.875|0.00||||||||||||||||||||146843.46
F05Q10000128|200609|143607.63|0|019|341|||||5.875|0.00||||||||||||||||||||143607.63
F05Q10000128|200610|142355.96|0|020|340|||||5.875|0.00||||||||||||||||||||142355.96
F05Q10000128|200611|141098.16|0|021|339|||||5.875|0.00||||||||||||||||||||141098.16
F05Q10000128|200612|139834.20|0|022|338|||||5.875|0.00||||||||||||||||||||139834.20
F05Q10000128|200701|139564.05|0|023|337|||||5.875|0.00||||||||||||||||||||139564.05
F05Q10000128|200702|139292.58|0|024|336|||||5.875|0.00||||||||||||||||||||139292.58
F05Q10000128|200703|138019.78|0|025|335|||||5.875|0.00||||||||||||||||||||138019.78
F05Q10000128|200704|136740.75|0|026|334|||||5.875|0.00||||||||||||||||||||136740.75
F05Q10000128|200705|135455.46|0|027|333|||||5.875|0.00||||||||||||||||||||135455.46
F05Q10000128|200706|134163.88|0|028|332|||||5.875|0.00||||||||||||||||||||134163.88
F05Q10000128|200707|132865.97|0|029|331|||||5.875|0.00||||||||||||||||||||132865.97
F05Q10000128|200708|131561.71|0|030|330|||||5.875|0.00||||||||||||||||||||131561.71
F05Q10000128|200709|130251.06|0|031|329|||||5.875|0.00||||||||||||||||||||130251.06
F05Q10000128|200710|128934.00|0|032|328|||||5.875|0.00||||||||||||||||||||128934.00
F05Q10000128|200711|127610.49|0|033|327|||||5.875|0.00||||||||||||||||||||127610.49
F05Q10000128|200712|126280.50|0|034|326|||||5.875|0.00||||||||||||||||||||126280.50
F05Q10000128|200801|125944.00|0|035|325|||||5.875|0.00||||||||||||||||||||125944.00
F05Q10000128|200802|125605.85|0|036|324|||||5.875|0.00||||||||||||||||||||125605.85
F05Q10000128|200803|125266.05|0|037|323|||||5.875|0.00||||||||||||||||||||125266.05
F05Q10000128|200804|124924.58|0|038|322|||||5.875|0.00||||||||||||||||||||124924.58
F05Q10000128|200805|124581.44|0|039|321|||||5.875|0.00||||||||||||||||||||124581.44
F05Q10000128|200806|124236.62|0|040|320|||||5.875|0.00||||||||||||||||||||124236.62
F05Q10000128|200807|123890.11|0|041|319|||||5.875|0.00||||||||||||||||||||123890.11
F05Q10000128|200808|123541.91|0|042|318|||||5.875|0.00||||||||||||||||||||123541.91
F05Q10000128|200809|123192.00|0|043|317|||||5.875|0.00||||||||||||||||||||123192.00
F05Q10000128|200810|121840.38|0|044|316|||||5.875|0.00||||||||||||||||||||121840.38
F05Q10000128|200811|121482.47|0|045|315|||||5.875|0.00||||||||||||||||||||121482.47
F05Q10000128|200812|121122.48|0|046|314|||||5.875|0.00||||||||||||||||||||121122.48
F05Q10000128|200901|120760.73|0|047|313|||||5.875|0.00||||||||||||||||||||120760.73
F05Q10000128|200902|120397.20|0|048|312|||||5.875|0.00||||||||||||||||||||120397.20
F05Q10000128|200903|120031.89|0|049|311|||||5.875|0.00||||||||||||||||||||120031.89
F05Q10000128|200904|119664.80|0|050|310|||||5.875|0.00||||||||||||||||||||119664.80
F05Q10000128|200905|119295.91|0|051|309|||||5.875|0.00||||||||||||||||||||119295.91
F05Q10000128|200906|118925.21|0|052|308|||||5.875|0.00||||||||||||||||||||118925.21
F05Q10000128|200907|118552.70|0|053|307|||||5.875|0.00||||||||||||||||||||118552.70
F05Q10000128|200908|118178.36|0|054|306|||||5.875|0.00||||||||||||||||||||118178.36
F05Q10000128|200909|117802.19|0|055|305|||||5.875|0.00||||||||||||||||||||117802.19
F05Q10000128|200910|117424.18|0|056|304|||||5.875|0.00||||||||||||||||||||117424.18
F05Q10000128|200911|117044.32|0|057|303|||||5.875|0.00||||||||||||||||||||117044.32
F05Q10000128|200912|116662.60|0|058|302|||||5.875|0.00||||||||||||||||||||116662.60
F05Q10000128|201001|116279.01|0|059|301|||||5.875|0.00||||||||||||||||||||116279.01
F05Q10000128|201002|115893.54|0|060|300|||||5.875|0.00||||||||||||||||||||115893.54
F05Q10000128|201003|115506.19|0|061|299|||||5.875|0.00||||||||||||||||||||115506.19
F05Q10000128|201004|115116.94|0|062|298|||||5.875|0.00||||||||||||||||||||115116.94
F05Q10000128|201005|114725.78|0|063|297|||||5.875|0.00||||||||||||||||||||114725.78
F05Q10000128|201006|114332.71|0|064|296|||||5.875|0.00||||||||||||||||||||114332.71
F05Q10000128|201007|113937.71|0|065|295|||||5.875|0.00||||||||||||||||||||113937.71
F05Q10000128|201008|113540.78|0|066|294|||||5.875|0.00||||||||||||||||||||113540.78
F05Q10000128|201009|113141.91|0|067|293|||||5.875|0.00||||||||||||||||||||113141.91
F05Q10000128|201010|112741.08|0|068|292|||||5.875|0.00||||||||||||||||||||112741.08
F05Q10000128|201011|112338.29|0|069|291|||||5.875|0.00||||||||||||||||||||112338.29
F05Q10000128|201012|111933.53|0|070|290|||||5.875|0.00||||||||||||||||||||111933.53
F05Q10000128|201101|111526.79|0|071|289|||||5.875|0.00||||||||||||||||||||111526.79
F05Q10000128|201102|111118.06|0|072|288|||||5.875|0.00||||||||||||||||||||111118.06
F05Q10000128|201103|110707.33|0|073|287|||||5.875|0.00||||||||||||||||||||110707.33
F05Q10000128|201104|110294.58|0|074|286|||||5.875|0.00||||||||||||||||||||110294.58
F05Q10000128|201105|109879.81|0|075|285|||||5.875|0.00||||||||||||||||||||109879.81
F05Q10000128|201106|109463.01|0|076|284|||||5.875|0.00||||||||||||||||||||109463.01
F05Q10000128|201107|109044.17|0|077|283|||||5.875|0.00||||||||||||||||||||109044.17
F05Q10000128|201108|108623.28|0|078|282|||||5.875|0.00||||||||||||||||||||108623.28
F05Q10000128|201109|108200.33|0|079|281|||||5.875|0.00||||||||||||||||||||108200.33
F05Q10000128|201110|107775.31|0|080|280|||||5.875|0.00||||||||||||||||||||107775.31
F05Q10000128|201111|107348.21|0|081|279|||||5.875|0.00||||||||||||||||||||107348.21
F05Q10000128|201112|0.00|0|082|278|||01|201112|5.875|0.00|||||||||||||||107348.21|||||0.00
F05Q10000173|200504|257000.00|0|000|360|||||5.625|0.00||||||||||||||||||||257000.00
F05Q10000173|200505|256000.00|0|001|359|||||5.625|0.00||||||||||||||||||||256000.00
F05Q10000173|200506|256000.00|0|002|358|||||5.625|0.00||||||||||||||||||||256000.00
F05Q10000173|200507|256000.00|0|003|357|||||5.625|0.00||||||||||||||||||||256000.00
F05Q10000173|200508|256000.00|0|004|356|||||5.625|0.00||||||||||||||||||||256000.00
F05Q10000173|200509|256000.00|0|005|355|||||5.625|0.00||||||||||||||||||||256000.00
F05Q10000173|200510|255000.00|0|006|354|||||5.625|0.00||||||||||||||||||||255000.00
F05Q10000173|200511|255049.17|0|007|353|||||5.625|0.00||||||||||||||||||||255049.17
F05Q10000173|200512|254765.07|0|008|352|||||5.625|0.00||||||||||||||||||||254765.07
F05Q10000173|200601|254479.84|0|009|351|||||5.625|0.00||||||||||||||||||||254479.84
F05Q10000173|200602|254193.00|0|010|350|||||5.625|0.00||||||||||||||||||||254193.00
F05Q10000173|200603|253904.76|0|011|349|||||5.625|0.00||||||||||||||||||||253904.76
F05Q10000173|200604|252800.81|0|012|348|||||5.625|0.00||||||||||||||||||||252800.81
F05Q10000173|200605|252506.10|0|013|347|||||5.625|0.00||||||||||||||||||||252506.10
F05Q10000173|200606|252210.27|0|014|346|||||5.625|0.00||||||||||||||||||||252210.27
F05Q10000173|200607|251912.83|0|015|345|||||5.625|0.00||||||||||||||||||||251912.83
F05Q10000173|200608|251613.99|0|016|344|||||5.625|0.00||||||||||||||||||||251613.99
F05Q10000173|200609|251313.64|0|017|343|||||5.625|0.00||||||||||||||||||||251313.64
F05Q10000173|200610|250190.18|0|018|342|||||5.625|0.00||||||||||||||||||||250190.18
F05Q10000173|200611|249883.23|0|019|341|||||5.625|0.00||||||||||||||||||||249883.23
F05Q10000173|200612|249575.10|0|020|340|||||5.625|0.00||||||||||||||||||||249575.10
F05Q10000173|200701|249265.31|0|021|339|||||5.625|0.00||||||||||||||||||||249265.31
F05Q10000173|200702|248954.01|0|022|338|||||5.625|0.00||||||||||||||||||||248954.01
F05Q10000173|200703|248641.18|0|023|337|||||5.625|0.00||||||||||||||||||||248641.18
F05Q10000173|200704|247506.77|0|024|336|||||5.625|0.00||||||||||||||||||||247506.77
F05Q10000173|200705|247187.25|0|025|335|||||5.625|0.00||||||||||||||||||||247187.25
F05Q10000173|200706|246866.48|0|026|334|||||5.625|0.00||||||||||||||||||||246866.48
F05Q10000173|200707|246543.97|0|027|333|||||5.625|0.00||||||||||||||||||||246543.97
F05Q10000173|200708|246219.87|0|028|332|||||5.625|0.00||||||||||||||||||||246219.87
F05Q10000173|200709|245074.16|0|029|331|||||5.625|0.00||||||||||||||||||||245074.16
F05Q10000173|200710|244743.23|0|030|330|||||5.625|0.00||||||||||||||||||||244743.23
F05Q10000173|200711|244411.00|0|031|329|||||5.625|0.00||||||||||||||||||||244411.00
F05Q10000173|200712|244077.00|0|032|328|||||5.625|0.00||||||||||||||||||||244077.00
F05Q10000173|200801|243741.44|0|033|327|||||5.625|0.00||||||||||||||||||||243741.44
F05Q10000173|200802|243404.18|0|034|326|||||5.625|0.00||||||||||||||||||||243404.18
F05Q10000173|200803|242247.02|0|035|325|||||5.625|0.00||||||||||||||||||||242247.02
F05Q10000173|200804|241902.82|0|036|324|||||5.625|0.00||||||||||||||||||||241902.82
F05Q10000173|200805|241557.28|0|037|323|||||5.625|0.00||||||||||||||||||||241557.28
F05Q10000173|200806|241209.91|0|038|322|||||5.625|0.00||||||||||||||||||||241209.91
F05Q10000173|200807|240860.87|0|039|321|||||5.625|0.00||||||||||||||||||||240860.87
F05Q10000173|200808|240510.14|0|040|320|||||5.625|0.00||||||||||||||||||||240510.14
F05Q10000173|200809|239339.58|0|041|319|||||5.625|0.00||||||||||||||||||||239339.58
F05Q10000173|200810|238981.90|0|042|318|||||5.625|0.00||||||||||||||||||||238981.90
F05Q10000173|200811|238622.67|0|043|317|||||5.625|0.00||||||||||||||||||||238622.67
F05Q10000173|200812|238261.63|0|044|316|||||5.625|0.00||||||||||||||||||||238261.63
F05Q10000173|200901|237898.86|0|045|315|||||5.625|0.00||||||||||||||||||||237898.86
F05Q10000173|200902|236720.05|0|046|314|||||5.625|0.00||||||||||||||||||||236720.05
F05Q10000173|200903|236350.11|0|047|313|||||5.625|0.00||||||||||||||||||||236350.11
F05Q10000173|200904|0.00|0|048|312|||01|200904|5.625|0.00|||||||||||||||236350.11|||||0.00
F05Q10000218|200502|100000.00|0|000|300|||||5.875|0.00||||||||||||||||||||100000.00
F05Q10000218|200503|100000.00|0|001|299|||||5.875|0.00||||||||||||||||||||100000.00
F05Q10000218|200504|100000.00|0|002|298|||||5.875|0.00||||||||||||||||||||100000.00
F05Q10000218|200505|100000.00|0|003|297|||||5.875|0.00||||||||||||||||||||100000.00
F05Q10000218|200506|99000.00|0|004|296|||||5.875|0.00||||||||||||||||||||99000.00
F05Q10000218|200507|99000.00|0|005|295|||||5.875|0.00||||||||||||||||||||99000.00
F05Q10000218|200508|99000.00|0|006|294|||||5.875|0.00||||||||||||||||||||99000.00
F05Q10000218|200509|98955.07|0|007|293|||||5.875|0.00||||||||||||||||||||98955.07
F05Q10000218|200510|98802.86|0|008|292|||||5.875|0.00||||||||||||||||||||98802.86
F05Q10000218|200511|98649.90|0|009|291|||||5.875|0.00||||||||||||||||||||98649.90
F05Q10000218|200512|98496.19|0|010|290|||||5.875|0.00||||||||||||||||||||98496.19
F05Q10000218|200601|98341.73|0|011|289|||||5.875|0.00||||||||||||||||||||98341.73
F05Q10000218|200602|98186.51|0|012|288|||||5.875|0.00||||||||||||||||||||98186.51
F05Q10000218|200603|98030.53|0|013|287|||||5.875|0.00||||||||||||||||||||98030.53
F05Q10000218|200604|97873.79|0|014|286|||||5.875|0.00||||||||||||||||||||97873.79
F05Q10000218|200605|97716.28|0|015|285|||||5.875|0.00||||||||||||||||||||97716.28
F05Q10000218|200606|97558.00|0|016|284|||||5.875|0.00||||||||||||||||||||97558.00
F05Q10000218|200607|97398.95|0|017|283|||||5.875|0.00||||||||||||||||||||97398.95
F05Q10000218|200608|97239.12|0|018|282|||||5.875|0.00||||||||||||||||||||97239.12
F05Q10000218|200609|97078.51|0|019|281|||||5.875|0.00||||||||||||||||||||97078.51
F05Q10000218|200610|96917.11|0|020|280|||||5.875|0.00||||||||||||||||||||96917.11
F05Q10000218|200611|96754.92|0|021|279|||||5.875|0.00||||||||||||||||||||96754.92
F05Q10000218|200612|96591.94|0|022|278|||||5.875|0.00||||||||||||||||||||96591.94
F05Q10000218|200701|96428.16|0|023|277|||||5.875|0.00||||||||||||||||||||96428.16
F05Q10000218|200702|96263.58|0|024|276|||||5.875|0.00||||||||||||||||||||96263.58
F05Q10000218|200703|96098.19|0|025|275|||||5.875|0.00||||||||||||||||||||96098.19
F05Q10000218|200704|95931.99|0|026|274|||||5.875|0.00||||||||||||||||||||95931.99
F05Q10000218|200705|95764.98|0|027|273|||||5.875|0.00||||||||||||||||||||95764.98
F05Q10000218|200706|95597.15|0|028|272|||||5.875|0.00||||||||||||||||||||95597.15
F05Q10000218|200707|95428.50|0|029|271|||||5.875|0.00||||||||||||||||||||95428.50
F05Q10000218|200708|95259.02|0|030|270|||||5.875|0.00||||||||||||||||||||95259.02
F05Q10000218|200709|95088.71|0|031|269|||||5.875|0.00||||||||||||||||||||95088.71
F05Q10000218|200710|94917.57|0|032|268|||||5.875|0.00||||||||||||||||||||94917.57
F05Q10000218|200711|94745.59|0|033|267|||||5.875|0.00||||||||||||||||||||94745.59
F05Q10000218|200712|94572.77|0|034|266|||||5.875|0.00||||||||||||||||||||94572.77
F05Q10000218|200801|94399.10|0|035|265|||||5.875|0.00||||||||||||||||||||94399.10
F05Q10000218|200802|94224.58|0|036|264|||||5.875|0.00||||||||||||||||||||94224.58
F05Q10000218|200803|94049.21|0|037|263|||||5.875|0.00||||||||||||||||||||94049.21
F05Q10000218|200804|93872.98|0|038|262|||||5.875|0.00||||||||||||||||||||93872.98
F05Q10000218|200805|93695.89|0|039|261|||||5.875|0.00||||||||||||||||||||93695.89
F05Q10000218|200806|93517.93|0|040|260|||||5.875|0.00||||||||||||||||||||93517.93
F05Q10000218|200807|93339.10|0|041|259|||||5.875|0.00||||||||||||||||||||93339.10
F05Q10000218|200808|93159.39|0|042|258|||||5.875|0.00||||||||||||||||||||93159.39
F05Q10000218|200809|92978.80|0|043|257|||||5.875|0.00||||||||||||||||||||92978.80
F05Q10000218|200810|92797.33|0|044|256|||||5.875|0.00||||||||||||||||||||92797.33
F05Q10000218|200811|92614.97|0|045|255|||||5.875|0.00||||||||||||||||||||92614.97
F05Q10000218|200812|92431.72|0|046|254|||||5.875|0.00||||||||||||||||||||92431.72
F05Q10000218|200901|0.00|0|047|253|||01|200901|5.875|0.00|||||||||||||||92431.72|||||0.00
F05Q10000356|200502|88000.00|0|000|360|||||5.750|0.00||||||||||||||||||||88000.00
F05Q10000356|200503|88000.00|0|001|359|||||5.750|0.00||||||||||||||||||||88000.00
F05Q10000356|200504|88000.00|0|002|358|||||5.750|0.00||||||||||||||||||||88000.00
F05Q10000356|200505|88000.00|0|003|357|||||5.750|0.00||||||||||||||||||||88000.00
F05Q10000356|200506|88000.00|0|004|356|||||5.750|0.00||||||||||||||||||||88000.00
F05Q10000356|200507|88000.00|0|005|355|||||5.750|0.00||||||||||||||||||||88000.00
F05Q10000356|200508|87000.00|0|006|354|||||5.750|0.00||||||||||||||||||||87000.00
F05Q10000356|200509|87347.56|0|007|353|||||5.750|0.00||||||||||||||||||||87347.56
F05Q10000356|200510|87252.56|0|008|352|||||5.750|0.00||||||||||||||||||||87252.56
F05Q10000356|200511|87157.11|0|009|351|||||5.750|0.00||||||||||||||||||||87157.11
F05Q10000356|200512|87061.20|0|010|350|||||5.750|0.00||||||||||||||||||||87061.20
F05Q10000356|200601|86868.00|0|011|349|||||5.750|0.00||||||||||||||||||||86868.00
F05Q10000356|200602|86770.70|0|012|348|||||5.750|0.00||||||||||||||||||||86770.70
F05Q10000356|200603|86770.70|0|013|347|||||5.750|0.00||||||||||||||||||||86770.70
F05Q10000356|200604|86574.71|0|014|346|||||5.750|0.00||||||||||||||||||||86574.71
F05Q10000356|200605|86476.01|0|015|345|||||5.750|0.00||||||||||||||||||||86476.01
F05Q10000356|200606|86476.01|0|016|344|||||5.750|0.00||||||||||||||||||||86476.01
F05Q10000356|200607|86376.83|0|017|343|||||5.750|0.00||||||||||||||||||||86376.83
F05Q10000356|200608|86027.18|0|018|342|||||5.750|0.00||||||||||||||||||||86027.18
F05Q10000356|200609|85925.85|0|019|341|||||5.750|0.00||||||||||||||||||||85925.85
F05Q10000356|200610|85824.04|0|020|340|||||5.750|0.00||||||||||||||||||||85824.04
F05Q10000356|200611|85721.74|0|021|339|||||5.750|0.00||||||||||||||||||||85721.74
F05Q10000356|200612|85618.95|0|022|338|||||5.750|0.00||||||||||||||||||||85618.95
F05Q10000356|200701|85515.67|0|023|337|||||5.750|0.00||||||||||||||||||||85515.67
F05Q10000356|200702|85411.89|0|024|336|||||5.750|0.00||||||||||||||||||||85411.89
F05Q10000356|200703|85307.62|0|025|335|||||5.750|0.00||||||||||||||||||||85307.62
F05Q10000356|200704|85202.85|0|026|334|||||5.750|0.00||||||||||||||||||||85202.85
F05Q10000356|200705|85097.57|0|027|333|||||5.750|0.00||||||||||||||||||||85097.57
F05Q10000356|200706|84991.79|0|028|332|||||5.750|0.00||||||||||||||||||||84991.79
F05Q10000356|200707|84885.50|0|029|331|||||5.750|0.00||||||||||||||||||||84885.50
F05Q10000356|200708|84778.70|0|030|330|||||5.750|0.00||||||||||||||||||||84778.70
F05Q10000356|200709|84671.39|0|031|329|||||5.750|0.00||||||||||||||||||||84671.39
F05Q10000356|200710|84563.57|0|032|328|||||5.750|0.00||||||||||||||||||||84563.57
F05Q10000356|200711|84455.23|0|033|327|||||5.750|0.00||||||||||||||||||||84455.23
F05Q10000356|200712|84346.37|0|034|326|||||5.750|0.00||||||||||||||||||||84346.37
F05Q10000356|200801|84236.99|0|035|325|||||5.750|0.00||||||||||||||||||||84236.99
F05Q10000356|200802|84127.09|0|036|324|||||5.750|0.00||||||||||||||||||||84127.09
F05Q10000356|200803|84016.66|0|037|323|||||5.750|0.00||||||||||||||||||||84016.66
F05Q10000356|200804|83794.21|0|038|322|||||5.750|0.00||||||||||||||||||||83794.21
F05Q10000356|200805|83794.21|0|039|321|||||5.750|0.00||||||||||||||||||||83794.21
F05Q10000356|200806|83682.18|0|040|320|||||5.750|0.00||||||||||||||||||||83682.18
F05Q10000356|200807|83569.62|0|041|319|||||5.750|0.00||||||||||||||||||||83569.62
F05Q10000356|200808|83456.52|0|042|318|||||5.750|0.00||||||||||||||||||||83456.52
F05Q10000356|200809|83342.88|0|043|317|||||5.750|0.00||||||||||||||||||||83342.88
F05Q10000356|200810|83342.88|0|044|316|||||5.750|0.00||||||||||||||||||||83342.88
F05Q10000356|200811|83113.95|0|045|315|||||5.750|0.00||||||||||||||||||||83113.95
F05Q10000356|200812|82998.66|0|046|314|||||5.750|0.00||||||||||||||||||||82998.66
F05Q10000356|200901|82882.82|0|047|313|||||5.750|0.00||||||||||||||||||||82882.82
F05Q10000356|200902|82766.43|0|048|312|||||5.750|0.00||||||||||||||||||||82766.43
F05Q10000356|200903|82649.48|0|049|311|||||5.750|0.00||||||||||||||||||||82649.48
F05Q10000356|200904|82531.97|0|050|310|||||5.750|0.00||||||||||||||||||||82531.97
F05Q10000356|200905|82413.90|0|051|309|||||5.750|0.00||||||||||||||||||||82413.90
F05Q10000356|200906|82176.05|0|052|308|||||5.750|0.00||||||||||||||||||||82176.05
F05Q10000356|200907|82056.27|0|053|307|||||5.750|0.00||||||||||||||||||||82056.27
F05Q10000356|200908|82056.27|0|054|306|||||5.750|0.00||||||||||||||||||||82056.27
F05Q10000356|200909|0.00|0|055|305|||01|200909|5.750|0.00|||||||||||||||82056.27|||||0.00
F05Q10000416|200503|116000.00|0|000|360|||||5.625|0.00||||||||||||||||||||116000.00
F05Q10000416|200504|116000.00|0|001|359|||||5.625|0.00||||||||||||||||||||116000.00
F05Q10000416|200505|116000.00|0|002|358|||||5.625|0.00||||||||||||||||||||116000.00
F05Q10000416|200506|116000.00|0|003|357|||||5.625|0.00||||||||||||||||||||116000.00
F05Q10000416|200507|116000.00|0|004|356|||||5.625|0.00||||||||||||||||||||116000.00
F05Q10000416|200508|115000.00|0|005|355|||||5.625|0.00||||||||||||||||||||115000.00
F05Q10000416|200509|115000.00|0|006|354|||||5.625|0.00||||||||||||||||||||115000.00
F05Q10000416|200510|115119.63|0|007|353|||||5.625|0.00||||||||||||||||||||115119.63
F05Q10000416|200511|114991.49|0|008|352|||||5.625|0.00||||||||||||||||||||114991.49
F05Q10000416|200512|114862.75|0|009|351|||||5.625|0.00||||||||||||||||||||114862.75
F05Q10000416|200601|114733.41|0|010|350|||||5.625|0.00||||||||||||||||||||114733.41
F05Q10000416|200602|114603.46|0|011|349|||||5.625|0.00||||||||||||||||||||114603.46
F05Q10000416|200603|114472.90|0|012|348|||||5.625|0.00||||||||||||||||||||114472.90
F05Q10000416|200604|114341.73|0|013|347|||||5.625|0.00||||||||||||||||||||114341.73
F05Q10000416|200605|114209.95|0|014|346|||||5.625|0.00||||||||||||||||||||114209.95
F05Q10000416|200606|114077.55|0|015|345|||||5.625|0.00||||||||||||||||||||114077.55
F05Q10000416|200607|113944.53|0|016|344|||||5.625|0.00||||||||||||||||||||113944.53
F05Q10000416|200608|113810.88|0|017|343|||||5.625|0.00||||||||||||||||||||113810.88
F05Q10000416|200609|113676.61|0|018|342|||||5.625|0.00||||||||||||||||||||113676.61
F05Q10000416|200610|113541.71|0|019|341|||||5.625|0.00||||||||||||||||||||113541.71
F05Q10000416|200611|113406.18|0|020|340|||||5.625|0.00||||||||||||||||||||113406.18
F05Q10000416|200612|113253.72|0|021|339|||||5.625|0.00||||||||||||||||||||113253.72
F05Q10000416|200701|113100.55|0|022|338|||||5.625|0.00||||||||||||||||||||113100.55
F05Q10000416|200702|112946.66|0|023|337|||||5.625|0.00||||||||||||||||||||112946.66
F05Q10000416|200703|112792.05|0|024|336|||||5.625|0.00||||||||||||||||||||112792.05
F05Q10000416|200704|112636.71|0|025|335|||||5.625|0.00||||||||||||||||||||112636.71
F05Q10000416|200705|112484.21|0|026|334|||||5.625|0.00||||||||||||||||||||112484.21
F05Q10000416|200706|112331.00|0|027|333|||||5.625|0.00||||||||||||||||||||112331.00
F05Q10000416|200707|112177.07|0|028|332|||||5.625|0.00||||||||||||||||||||112177.07
F05Q10000416|200708|112022.42|0|029|331|||||5.625|0.00||||||||||||||||||||112022.42
F05Q10000416|200709|111867.05|0|030|330|||||5.625|0.00||||||||||||||||||||111867.05
F05Q10000416|200710|111710.95|0|031|329|||||5.625|0.00||||||||||||||||||||111710.95
F05Q10000416|200711|111554.12|0|032|328|||||5.625|0.00||||||||||||||||||||111554.12
F05Q10000416|200712|111396.55|0|033|327|||||5.625|0.00||||||||||||||||||||111396.55
F05Q10000416|200801|111238.24|0|034|326|||||5.625|0.00||||||||||||||||||||111238.24
F05Q10000416|200802|111079.19|0|035|325|||||5.625|0.00||||||||||||||||||||111079.19
F05Q10000416|200803|110919.39|0|036|324|||||5.625|0.00||||||||||||||||||||110919.39
F05Q10000416|200804|110771.56|0|037|323|||||5.625|0.00||||||||||||||||||||110771.56
F05Q10000416|200805|110618.69|0|038|322|||||5.625|0.00||||||||||||||||||||110618.69
F05Q10000416|200806|110469.46|0|039|321|||||5.625|0.00||||||||||||||||||||110469.46
F05Q10000416|200807|110319.53|0|040|320|||||5.625|0.00||||||||||||||||||||110319.53
F05Q10000416|200808|110168.89|0|041|319|||||5.625|0.00||||||||||||||||||||110168.89
F05Q10000416|200809|110013.20|0|042|318|||||5.625|0.00||||||||||||||||||||110013.20
F05Q10000416|200810|109856.78|0|043|317|||||5.625|0.00||||||||||||||||||||109856.78
F05Q10000416|200811|109699.62|0|044|316|||||5.625|0.00||||||||||||||||||||109699.62
F05Q10000416|200812|109546.08|0|045|315|||||5.625|0.00||||||||||||||||||||109546.08
F05Q10000416|200901|109391.82|0|046|314|||||5.625|0.00||||||||||||||||||||109391.82
F05Q10000416|200902|109236.83|0|047|313|||||5.625|0.00||||||||||||||||||||109236.83
F05Q10000416|200903|109081.12|0|048|312|||||5.625|0.00||||||||||||||||||||109081.12
F05Q10000416|200904|108924.68|0|049|311|||||5.625|0.00||||||||||||||||||||108924.68
F05Q10000416|200905|0.00|0|050|310|||01|200905|5.625|0.00|||||||||||||||108924.68|||||0.00
F05Q10000437|200502|235000.00|0|000|360|||||5.375|0.00||||||||||||||||||||235000.00
F05Q10000437|200503|234000.00|0|001|359|||||5.375|0.00||||||||||||||||||||234000.00
F05Q10000437|200504|234000.00|0|002|358|||||5.375|0.00||||||||||||||||||||234000.00
F05Q10000437|200505|234000.00|0|003|357|||||5.375|0.00||||||||||||||||||||234000.00
F05Q10000437|200506|233000.00|0|004|356|||||5.375|0.00||||||||||||||||||||233000.00
F05Q10000437|200507|233000.00|0|005|355|||||5.375|0.00||||||||||||||||||||233000.00
F05Q10000437|200508|233000.00|0|006|354|||||5.375|0.00||||||||||||||||||||233000.00
F05Q10000437|200509|232547.83|0|007|353|||||5.375|0.00||||||||||||||||||||232547.83
F05Q10000437|200510|232002.37|0|008|352|||||5.375|0.00||||||||||||||||||||232002.37
F05Q10000437|200511|232002.37|0|009|351|||||5.375|0.00||||||||||||||||||||232002.37
F05Q10000437|200512|231728.21|0|010|350|||||5.375|0.00||||||||||||||||||||231728.21
F05Q10000437|200601|231176.60|0|011|349|||||5.375|0.00||||||||||||||||||||231176.60
F05Q10000437|200602|230898.94|0|012|348|||||5.375|0.00||||||||||||||||||||230898.94
F05Q10000437|200603|230599.39|0|013|347|||||5.375|0.00||||||||||||||||||||230599.39
F05Q10000437|200604|230312.28|0|014|346|||||5.375|0.00||||||||||||||||||||230312.28
F05Q10000437|200605|230023.89|0|015|345|||||5.375|0.00||||||||||||||||||||230023.89
F05Q10000437|200606|229734.21|0|016|344|||||5.375|0.00||||||||||||||||||||229734.21
F05Q10000437|200607|229443.23|0|017|343|||||5.375|0.00||||||||||||||||||||229443.23
F05Q10000437|200608|229150.94|0|018|342|||||5.375|0.00||||||||||||||||||||229150.94
F05Q10000437|200609|228857.35|0|019|341|||||5.375|0.00||||||||||||||||||||228857.35
F05Q10000437|200610|228562.44|0|020|340|||||5.375|0.00||||||||||||||||||||228562.44
F05Q10000437|200611|228266.21|0|021|339|||||5.375|0.00||||||||||||||||||||228266.21
F05Q10000437|200612|227968.65|0|022|338|||||5.375|0.00||||||||||||||||||||227968.65
F05Q10000437|200701|227669.76|0|023|337|||||5.375|0.00||||||||||||||||||||227669.76
F05Q10000437|200702|227369.53|0|024|336|||||5.375|0.00||||||||||||||||||||227369.53
F05Q10000437|200703|227067.96|0|025|335|||||5.375|0.00||||||||||||||||||||227067.96
F05Q10000437|200704|226765.04|0|026|334|||||5.375|0.00||||||||||||||||||||226765.04
F05Q10000437|200705|226460.76|0|027|333|||||5.375|0.00||||||||||||||||||||226460.76
F05Q10000437|200706|226155.12|0|028|332|||||5.375|0.00||||||||||||||||||||226155.12
F05Q10000437|200707|225854.97|0|029|331|||||5.375|0.00||||||||||||||||||||225854.97
F05Q10000437|200708|225539.72|0|030|330|||||5.375|0.00||||||||||||||||||||225539.72
F05Q10000437|200709|225229.95|0|031|329|||||5.375|0.00||||||||||||||||||||225229.95
F05Q10000437|200710|224925.65|0|032|328|||||5.375|0.00||||||||||||||||||||224925.65
F05Q10000437|200711|224606.24|0|033|327|||||5.375|0.00||||||||||||||||||||224606.24
F05Q10000437|200712|224292.29|0|034|326|||||5.375|0.00||||||||||||||||||||224292.29
F05Q10000437|200801|223976.93|0|035|325|||||5.375|0.00||||||||||||||||||||223976.93
F05Q10000437|200802|223660.16|0|036|324|||||5.375|0.00||||||||||||||||||||223660.16
F05Q10000437|200803|223341.97|0|037|323|||||5.375|0.00||||||||||||||||||||223341.97
F05Q10000437|200804|223022.36|0|038|322|||||5.375|0.00||||||||||||||||||||223022.36
F05Q10000437|200805|222701.31|0|039|321|||||5.375|0.00||||||||||||||||||||222701.31
F05Q10000437|200806|222378.83|0|040|320|||||5.375|0.00||||||||||||||||||||222378.83
F05Q10000437|200807|222054.90|0|041|319|||||5.375|0.00||||||||||||||||||||222054.90
F05Q10000437|200808|221736.38|0|042|318|||||5.375|0.00||||||||||||||||||||221736.38
F05Q10000437|200809|221402.68|0|043|317|||||5.375|0.00||||||||||||||||||||221402.68
F05Q10000437|200810|221081.24|0|044|316|||||5.375|0.00||||||||||||||||||||221081.24
F05Q10000437|200811|220744.61|0|045|315|||||5.375|0.00||||||||||||||||||||220744.61
F05Q10000437|200812|220420.22|0|046|314|||||5.375|0.00||||||||||||||||||||220420.22
F05Q10000437|200901|220087.49|0|047|313|||||5.375|0.00||||||||||||||||||||220087.49
F05Q10000437|200902|219746.41|0|048|312|||||5.375|0.00||||||||||||||||||||219746.41
F05Q10000437|200903|219410.69|0|049|311|||||5.375|0.00||||||||||||||||||||219410.69
F05Q10000437|200904|219080.33|0|050|310|||||5.375|0.00||||||||||||||||||||219080.33
F05Q10000437|200905|218734.74|0|051|309|||||5.375|0.00||||||||||||||||||||218734.74
F05Q10000437|200906|218394.49|0|052|308|||||5.375|0.00||||||||||||||||||||218394.49
F05Q10000437|200907|218059.58|0|053|307|||||5.375|0.00||||||||||||||||||||218059.58
F05Q10000437|200908|217716.27|0|054|306|||||5.375|0.00||||||||||||||||||||217716.27
F05Q10000437|200909|217371.43|0|055|305|||||5.375|0.00||||||||||||||||||||217371.43
F05Q10000437|200910|217018.18|0|056|304|||||5.375|0.00||||||||||||||||||||217018.18
F05Q10000437|200911|216677.10|0|057|303|||||5.375|0.00||||||||||||||||||||216677.10
F05Q10000437|200912|216320.74|0|058|302|||||5.375|0.00||||||||||||||||||||216320.74
F05Q10000437|201001|215969.68|0|059|301|||||5.375|0.00||||||||||||||||||||215969.68
F05Q10000437|201002|215617.04|0|060|300|||||5.375|0.00||||||||||||||||||||215617.04
F05Q10000437|201003|215262.82|0|061|299|||||5.375|0.00||||||||||||||||||||215262.82
F05Q10000437|201004|214907.02|0|062|298|||||5.375|0.00||||||||||||||||||||214907.02
F05Q10000437|201005|214549.62|0|063|297|||||5.375|0.00||||||||||||||||||||214549.62
F05Q10000437|201006|214190.62|0|064|296|||||5.375|0.00||||||||||||||||||||214190.62
F05Q10000437|201007|213830.02|0|065|295|||||5.375|0.00||||||||||||||||||||213830.02
F05Q10000437|201008|213467.80|0|066|294|||||5.375|0.00||||||||||||||||||||213467.80
F05Q10000437|201009|213103.96|0|067|293|||||5.375|0.00||||||||||||||||||||213103.96
F05Q10000437|201010|212745.35|0|068|292|||||5.375|0.00||||||||||||||||||||212745.35
F05Q10000437|201011|212378.24|0|069|291|||||5.375|0.00||||||||||||||||||||212378.24
F05Q10000437|201012|212002.63|0|070|290|||||5.375|0.00||||||||||||||||||||212002.63
F05Q10000437|201101|211632.23|0|071|289|||||5.375|0.00||||||||||||||||||||211632.23
F05Q10000437|201102|211260.17|0|072|288|||||5.375|0.00||||||||||||||||||||211260.17
F05Q10000437|201103|210893.30|0|073|287|||||5.375|0.00||||||||||||||||||||210893.30
F05Q10000437|201104|210511.04|0|074|286|||||5.375|0.00||||||||||||||||||||210511.04
F05Q10000437|201105|210133.95|0|075|285|||||5.375|0.00||||||||||||||||||||210133.95
F05Q10000437|201106|209755.17|0|076|284|||||5.375|0.00||||||||||||||||||||209755.17
F05Q10000437|201107|209381.56|0|077|283|||||5.375|0.00||||||||||||||||||||209381.56
F05Q10000437|201108|208992.52|0|078|282|||||5.375|0.00||||||||||||||||||||208992.52
F05Q10000437|201109|208615.49|0|079|281|||||5.375|0.00||||||||||||||||||||208615.49
F05Q10000437|201110|208229.88|0|080|280|||||5.375|0.00||||||||||||||||||||208229.88
F05Q10000437|201111|207835.69|0|081|279|||||5.375|0.00||||||||||||||||||||207835.69
F05Q10000437|201112|207446.62|0|082|278|||||5.375|0.00||||||||||||||||||||207446.62
F05Q10000437|201201|207062.67|0|083|277|||||5.375|0.00||||||||||||||||||||207062.67
F05Q10000437|201202|206663.25|0|084|276|||||5.375|0.00||||||||||||||||||||206663.25
F05Q10000437|201203|206275.79|0|085|275|||||5.375|0.00||||||||||||||||||||206275.79
F05Q10000437|201204|205879.70|0|086|274|||||5.375|0.00||||||||||||||||||||205879.70
F05Q10000437|201205|205474.98|0|087|273|||||5.375|0.00||||||||||||||||||||205474.98
F05Q10000437|201206|205075.34|0|088|272|||||5.375|0.00||||||||||||||||||||205075.34
F05Q10000437|201207|204680.77|0|089|271|||||5.375|0.00||||||||||||||||||||204680.77
F05Q10000437|201208|204277.54|0|090|270|||||5.375|0.00||||||||||||||||||||204277.54
F05Q10000437|201209|203865.64|0|091|269|||||5.375|0.00||||||||||||||||||||203865.64
F05Q10000437|201210|203458.79|0|092|268|||||5.375|0.00||||||||||||||||||||203458.79
F05Q10000437|201211|203050.12|0|093|267|||||5.375|0.00||||||||||||||||||||203050.12
F05Q10000437|201212|0.00|0|094|266|||01|201212|5.375|0.00|||||||||||||||203050.12|||||0.00
F05Q10000486|200502|68000.00|0|000|180|||||5.125|0.00||||||||||||||||||||68000.00
F05Q10000486|200503|68000.00|0|001|179|||||5.125|0.00||||||||||||||||||||68000.00
F05Q10000486|200504|67000.00|0|002|178|||||5.125|0.00||||||||||||||||||||67000.00
F05Q10000486|200505|67000.00|0|003|177|||||5.125|0.00||||||||||||||||||||67000.00
F05Q10000486|200506|67000.00|0|004|176|||||5.125|0.00||||||||||||||||||||67000.00
F05Q10000486|200507|67000.00|0|005|175|||||5.125|0.00||||||||||||||||||||67000.00
F05Q10000486|200508|66000.00|0|006|174|||||5.125|0.00||||||||||||||||||||66000.00
F05Q10000486|200509|66214.92|0|007|173|||||5.125|0.00||||||||||||||||||||66214.92
F05Q10000486|200510|65955.53|0|008|172|||||5.125|0.00||||||||||||||||||||65955.53
F05Q10000486|200511|65695.04|0|009|171|||||5.125|0.00||||||||||||||||||||65695.04
F05Q10000486|200512|65433.43|0|010|170|||||5.125|0.00||||||||||||||||||||65433.43
F05Q10000486|200601|65170.71|0|011|169|||||5.125|0.00||||||||||||||||||||65170.71
F05Q10000486|200602|64906.86|0|012|168|||||5.125|0.00||||||||||||||||||||64906.86
F05Q10000486|200603|64641.89|0|013|167|||||5.125|0.00||||||||||||||||||||64641.89
F05Q10000486|200604|64375.78|0|014|166|||||5.125|0.00||||||||||||||||||||64375.78
F05Q10000486|200605|64108.54|0|015|165|||||5.125|0.00||||||||||||||||||||64108.54
F05Q10000486|200606|63840.16|0|016|164|||||5.125|0.00||||||||||||||||||||63840.16
F05Q10000486|200607|63570.63|0|017|163|||||5.125|0.00||||||||||||||||||||63570.63
F05Q10000486|200608|63299.95|0|018|162|||||5.125|0.00||||||||||||||||||||63299.95
F05Q10000486|200609|63028.11|0|019|161|||||5.125|0.00||||||||||||||||||||63028.11
F05Q10000486|200610|62755.11|0|020|160|||||5.125|0.00||||||||||||||||||||62755.11
F05Q10000486|200611|62480.95|0|021|159|||||5.125|0.00||||||||||||||||||||62480.95
F05Q10000486|200612|62205.62|0|022|158|||||5.125|0.00||||||||||||||||||||62205.62
F05Q10000486|200701|61929.11|0|023|157|||||5.125|0.00||||||||||||||||||||61929.11
F05Q10000486|200702|61651.42|0|024|156|||||5.125|0.00||||||||||||||||||||61651.42
F05Q10000486|200703|61372.54|0|025|155|||||5.125|0.00||||||||||||||||||||61372.54
F05Q10000486|200704|57741.79|0|026|154|||||5.125|0.00||||||||||||||||||||57741.79
F05Q10000486|200705|60811.21|0|027|153|||||5.125|0.00||||||||||||||||||||60811.21
F05Q10000486|200706|60528.74|0|028|152|||||5.125|0.00||||||||||||||||||||60528.74
F05Q10000486|200707|60245.07|0|029|151|||||5.125|0.00||||||||||||||||||||60245.07
F05Q10000486|200708|59960.19|0|030|150|||||5.125|0.00||||||||||||||||||||59960.19
F05Q10000486|200709|59674.09|0|031|149|||||5.125|0.00||||||||||||||||||||59674.09
F05Q10000486|200710|59386.77|0|032|148|||||5.125|0.00||||||||||||||||||||59386.77
F05Q10000486|200711|59098.22|0|033|147|||||5.125|0.00||||||||||||||||||||59098.22
F05Q10000486|200712|58808.44|0|034|146|||||5.125|0.00||||||||||||||||||||58808.44
F05Q10000486|200801|58517.42|0|035|145|||||5.125|0.00||||||||||||||||||||58517.42
F05Q10000486|200802|58225.16|0|036|144|||||5.125|0.00||||||||||||||||||||58225.16
F05Q10000486|200803|57931.65|0|037|143|||||5.125|0.00||||||||||||||||||||57931.65
F05Q10000486|200804|57636.89|0|038|142|||||5.125|0.00||||||||||||||||||||57636.89
F05Q10000486|200805|57340.87|0|039|141|||||5.125|0.00||||||||||||||||||||57340.87
F05Q10000486|200806|57043.58|0|040|140|||||5.125|0.00||||||||||||||||||||57043.58
F05Q10000486|200807|56745.02|0|041|139|||||5.125|0.00||||||||||||||||||||56745.02
F05Q10000486|200808|56445.19|0|042|138|||||5.125|0.00||||||||||||||||||||56445.19
F05Q10000486|200809|56144.08|0|043|137|||||5.125|0.00||||||||||||||||||||56144.08
F05Q10000486|200810|55841.68|0|044|136|||||5.125|0.00||||||||||||||||||||55841.68
F05Q10000486|200811|55537.99|0|045|135|||||5.125|0.00||||||||||||||||||||55537.99
F05Q10000486|200812|55233.00|0|046|134|||||5.125|0.00||||||||||||||||||||55233.00
F05Q10000486|200901|54926.71|0|047|133|||||5.125|0.00||||||||||||||||||||54926.71
F05Q10000486|200902|54619.11|0|048|132|||||5.125|0.00||||||||||||||||||||54619.11
F05Q10000486|200903|54310.20|0|049|131|||||5.125|0.00||||||||||||||||||||54310.20
F05Q10000486|200904|53999.97|0|050|130|||||5.125|0.00||||||||||||||||||||53999.97
F05Q10000486|200905|53688.41|0|051|129|||||5.125|0.00||||||||||||||||||||53688.41
F05Q10000486|200906|53375.52|0|052|128|||||5.125|0.00||||||||||||||||||||53375.52
F05Q10000486|200907|53061.30|0|053|127|||||5.125|0.00||||||||||||||||||||53061.30
F05Q10000486|200908|52745.74|0|054|126|||||5.125|0.00||||||||||||||||||||52745.74
F05Q10000486|200909|52428.83|0|055|125|||||5.125|0.00||||||||||||||||||||52428.83
F05Q10000486|200910|52110.56|0|056|124|||||5.125|0.00||||||||||||||||||||52110.56
F05Q10000486|200911|51790.94|0|057|123|||||5.125|0.00||||||||||||||||||||51790.94
F05Q10000486|200912|51469.95|0|058|122|||||5.125|0.00||||||||||||||||||||51469.95
F05Q10000486|201001|51147.59|0|059|121|||||5.125|0.00||||||||||||||||||||51147.59
F05Q10000486|201002|50823.85|0|060|120|||||5.125|0.00||||||||||||||||||||50823.85
F05Q10000486|201003|50498.73|0|061|119|||||5.125|0.00||||||||||||||||||||50498.73
F05Q10000486|201004|50172.22|0|062|118|||||5.125|0.00||||||||||||||||||||50172.22
F05Q10000486|201005|49844.32|0|063|117|||||5.125|0.00||||||||||||||||||||49844.32
F05Q10000486|201006|49515.02|0|064|116|||||5.125|0.00||||||||||||||||||||49515.02
F05Q10000486|201007|49184.31|0|065|115|||||5.125|0.00||||||||||||||||||||49184.31
F05Q10000486|201008|48852.19|0|066|114|||||5.125|0.00||||||||||||||||||||48852.19
F05Q10000486|201009|48518.65|0|067|113|||||5.125|0.00||||||||||||||||||||48518.65
F05Q10000486|201010|48183.69|0|068|112|||||5.125|0.00||||||||||||||||||||48183.69
F05Q10000486|201011|47847.29|0|069|111|||||5.125|0.00||||||||||||||||||||47847.29
F05Q10000486|201012|47509.46|0|070|110|||||5.125|0.00||||||||||||||||||||47509.46
F05Q10000486|201101|47170.18|0|071|109|||||5.125|0.00||||||||||||||||||||47170.18
F05Q10000486|201102|46829.46|0|072|108|||||5.125|0.00||||||||||||||||||||46829.46
F05Q10000486|201103|46487.28|0|073|107|||||5.125|0.00||||||||||||||||||||46487.28
F05Q10000486|201104|46143.64|0|074|106|||||5.125|0.00||||||||||||||||||||46143.64
F05Q10000486|201105|45798.53|0|075|105|||||5.125|0.00||||||||||||||||||||45798.53
F05Q10000486|201106|45451.95|0|076|104|||||5.125|0.00||||||||||||||||||||45451.95
F05Q10000486|201107|45103.89|0|077|103|||||5.125|0.00||||||||||||||||||||45103.89
F05Q10000486|201108|44754.34|0|078|102|||||5.125|0.00||||||||||||||||||||44754.34
F05Q10000486|201109|44403.30|0|079|101|||||5.125|0.00||||||||||||||||||||44403.30
F05Q10000486|201110|44050.76|0|080|100|||||5.125|0.00||||||||||||||||||||44050.76
F05Q10000486|201111|43696.71|0|081|099|||||5.125|0.00||||||||||||||||||||43696.71
F05Q10000486|201112|43341.15|0|082|098|||||5.125|0.00||||||||||||||||||||43341.15
F05Q10000486|201201|42984.07|0|083|097|||||5.125|0.00||||||||||||||||||||42984.07
F05Q10000486|201202|42625.47|0|084|096|||||5.125|0.00||||||||||||||||||||42625.47
F05Q10000486|201203|42265.34|0|085|095|||||5.125|0.00||||||||||||||||||||42265.34
F05Q10000486|201204|41903.67|0|086|094|||||5.125|0.00||||||||||||||||||||41903.67
F05Q10000486|201205|41540.45|0|087|093|||||5.125|0.00||||||||||||||||||||41540.45
F05Q10000486|201206|41175.68|0|088|092|||||5.125|0.00||||||||||||||||||||41175.68
F05Q10000486|201207|40809.35|0|089|091|||||5.125|0.00||||||||||||||||||||40809.35
F05Q10000486|201208|40441.46|0|090|090|||||5.125|0.00||||||||||||||||||||40441.46
F05Q10000486|201209|40072.00|0|091|089|||||5.125|0.00||||||||||||||||||||40072.00
F05Q10000486|201210|39700.96|0|092|088|||||5.125|0.00||||||||||||||||||||39700.96
F05Q10000486|201211|39328.34|0|093|087|||||5.125|0.00||||||||||||||||||||39328.34
F05Q10000486|201212|38954.12|0|094|086|||||5.125|0.00||||||||||||||||||||38954.12
F05Q10000486|201301|38578.31|0|095|085|||||5.125|0.00||||||||||||||||||||38578.31
F05Q10000486|201302|38200.89|0|096|084|||||5.125|0.00||||||||||||||||||||38200.89
F05Q10000486|201303|37821.86|0|097|083|||||5.125|0.00||||||||||||||||||||37821.86
F05Q10000486|201304|37441.21|0|098|082|||||5.125|0.00||||||||||||||||||||37441.21
F05Q10000486|201305|37058.94|0|099|081|||||5.125|0.00||||||||||||||||||||37058.94
F05Q10000486|201306|36675.03|0|100|080|||||5.125|0.00||||||||||||||||||||36675.03
F05Q10000486|201307|36289.48|0|101|079|||||5.125|0.00||||||||||||||||||||36289.48
F05Q10000486|201308|35902.29|0|102|078|||||5.125|0.00||||||||||||||||||||35902.29
F05Q10000486|201309|35513.44|0|103|077|||||5.125|0.00||||||||||||||||||||35513.44
F05Q10000486|201310|35122.93|0|104|076|||||5.125|0.00||||||||||||||||||||35122.93
F05Q10000486|201311|35122.93|0|105|075|||||5.125|0.00||||||||||||||||||||35122.93
F05Q10000486|201312|34336.90|0|106|074|||||5.125|0.00||||||||||||||||||||34336.90
F05Q10000486|201401|33941.37|0|107|073|||||5.125|0.00||||||||||||||||||||33941.37
F05Q10000486|201402|33941.37|0|108|072|||||5.125|0.00||||||||||||||||||||33941.37
F05Q10000486|201403|33145.23|0|109|071|||||5.125|0.00||||||||||||||||||||33145.23
F05Q10000486|201404|32744.61|0|110|070|||||5.125|0.00||||||||||||||||||||32744.61
F05Q10000486|201405|32342.28|0|111|069|||||5.125|0.00||||||||||||||||||||32342.28
F05Q10000486|201406|31938.23|0|112|068|||||5.125|0.00||||||||||||||||||||31938.23
F05Q10000486|201407|31532.45|0|113|067|||||5.125|0.00||||||||||||||||||||31532.45
F05Q10000486|201408|31124.94|0|114|066|||||5.125|0.00||||||||||||||||||||31124.94
F05Q10000486|201409|31124.94|0|115|065|||||5.125|0.00||||||||||||||||||||31124.94
F05Q10000486|201410|30715.69|0|116|064|||||5.125|0.00||||||||||||||||||||30715.69
F05Q10000486|201411|29891.94|0|117|063|||||5.125|0.00||||||||||||||||||||29891.94
F05Q10000486|201412|29477.42|0|118|062|||||5.125|0.00||||||||||||||||||||29477.42
F05Q10000486|201501|29061.13|0|119|061|||||5.125|0.00||||||||||||||||||||29061.13
F05Q10000486|201502|28643.07|0|120|060|||||5.125|0.00||||||||||||||||||||28643.07
F05Q10000486|201503|28223.22|0|121|059|||||5.125|0.00||||||||||||||||||||28223.22
F05Q10000486|201504|27801.58|0|122|058|||||5.125|0.00||||||||||||||||||||27801.58
F05Q10000486|201505|27378.14|0|123|057|||||5.125|0.00||||||||||||||||||||27378.14
F05Q10000486|201506|26952.89|0|124|056|||||5.125|0.00||||||||||||||||||||26952.89
F05Q10000486|201507|26525.82|0|125|055|||||5.125|0.00||||||||||||||||||||26525.82
F05Q10000486|201508|26096.93|0|126|054|||||5.125|0.00||||||||||||||||||||26096.93
F05Q10000486|201509|25666.21|0|127|053|||||5.125|0.00||||||||||||||||||||25666.21
F05Q10000486|201510|25233.65|0|128|052|||||5.125|0.00||||||||||||||||||||25233.65
F05Q10000486|201511|24799.24|0|129|051|||||5.125|0.00||||||||||||||||||||24799.24
F05Q10000486|201512|24362.97|0|130|050|||||5.125|0.00||||||||||||||||||||24362.97
F05Q10000486|201601|23924.84|0|131|049|||||5.125|0.00||||||||||||||||||||23924.84
F05Q10000486|201602|23484.84|0|132|048|||||5.125|0.00||||||||||||||||||||23484.84
F05Q10000486|201603|23042.96|0|133|047|||||5.125|0.00||||||||||||||||||||23042.96
F05Q10000486|201604|22599.19|0|134|046|||||5.125|0.00||||||||||||||||||||22599.19
F05Q10000486|201605|22153.53|0|135|045|||||5.125|0.00||||||||||||||||||||22153.53
F05Q10000486|201606|21705.96|0|136|044|||||5.125|0.00||||||||||||||||||||21705.96
F05Q10000486|201607|21256.48|0|137|043|||||5.125|0.00||||||||||||||||||||21256.48
F05Q10000486|201608|20805.08|0|138|042|||||5.125|0.00||||||||||||||||||||20805.08
F05Q10000486|201609|20805.08|0|139|041|||||5.125|0.00||||||||||||||||||||20805.08
F05Q10000486|201610|19896.50|0|140|040|||||5.125|0.00||||||||||||||||||||19896.50
F05Q10000486|201611|19439.29|0|141|039|||||5.125|0.00||||||||||||||||||||19439.29
F05Q10000486|201612|18980.13|0|142|038|||||5.125|0.00||||||||||||||||||||18980.13
F05Q10000486|201701|18519.01|0|143|037|||||5.125|0.00||||||||||||||||||||18519.01
F05Q10000486|201702|18055.92|0|144|036|||||5.125|0.00||||||||||||||||||||18055.92
F05Q10000486|201703|17590.85|0|145|035|||||5.125|0.00||||||||||||||||||||17590.85
F05Q10000486|201704|17123.80|0|146|034|||||5.125|0.00||||||||||||||15||||||17123.80
F05Q10000486|201705|16654.75|0|147|033|||||5.125|0.00||||||||||||||14||||||16654.75
F05Q10000486|201706|16183.70|0|148|032|||||5.125|0.00||||||||||||||14||||||16183.70
F05Q10000486|201707|15710.64|0|149|031|||||5.125|0.00||||||||||||||13||||||15710.64
F05Q10000486|201708|15235.56|0|150|030|||||5.125|0.00||||||||||||||13||||||15235.56
F05Q10000486|201709|14758.45|0|151|029|||||5.125|0.00||||||||||||||13||||||14758.45
F05Q10000486|201710|14279.30|0|152|028|||||5.125|0.00||||||||||||||12||||||14279.30
F05Q10000486|201711|0.00|0|153|027|||01|201711|5.125|0.00||||||||||||||999|14279.30|||||0.00
F05Q10000508|200502|120000.00|0|000|180|||||4.750|0.00||||||||||||||||||||120000.00
F05Q10000508|200503|120000.00|0|001|179|||||4.750|0.00||||||||||||||||||||120000.00
F05Q10000508|200504|119000.00|0|002|178|||||4.750|0.00||||||||||||||||||||119000.00
F05Q10000508|200505|119000.00|0|003|177|||||4.750|0.00||||||||||||||||||||119000.00
F05Q10000508|200506|118000.00|0|004|176|||||4.750|0.00||||||||||||||||||||118000.00
F05Q10000508|200507|118000.00|0|005|175|||||4.750|0.00||||||||||||||||||||118000.00
F05Q10000508|200508|117000.00|0|006|174|||||4.750|0.00||||||||||||||||||||117000.00
F05Q10000508|200509|116752.84|0|007|173|||||4.750|0.00||||||||||||||||||||116752.84
F05Q10000508|200510|116281.59|0|008|172|||||4.750|0.00||||||||||||||||||||116281.59
F05Q10000508|200511|115808.47|0|009|171|||||4.750|0.00||||||||||||||||||||115808.47
F05Q10000508|200512|115333.48|0|010|170|||||4.750|0.00||||||||||||||||||||115333.48
F05Q10000508|200601|114856.61|0|011|169|||||4.750|0.00||||||||||||||||||||114856.61
F05Q10000508|200602|114377.85|0|012|168|||||4.750|0.00||||||||||||||||||||114377.85
F05Q10000508|200603|113897.20|0|013|167|||||4.750|0.00||||||||||||||||||||113897.20
F05Q10000508|200604|113414.64|0|014|166|||||4.750|0.00||||||||||||||||||||113414.64
F05Q10000508|200605|112930.17|0|015|165|||||4.750|0.00||||||||||||||||||||112930.17
F05Q10000508|200606|112443.79|0|016|164|||||4.750|0.00||||||||||||||||||||112443.79
F05Q10000508|200607|111955.48|0|017|163|||||4.750|0.00||||||||||||||||||||111955.48
F05Q10000508|200608|111465.24|0|018|162|||||4.750|0.00||||||||||||||||||||111465.24
F05Q10000508|200609|110973.06|0|019|161|||||4.750|0.00||||||||||||||||||||110973.06
F05Q10000508|200610|110478.93|0|020|160|||||4.750|0.00||||||||||||||||||||110478.93
F05Q10000508|200611|109982.84|0|021|159|||||4.750|0.00||||||||||||||||||||109982.84
F05Q10000508|200612|109484.79|0|022|158|||||4.750|0.00||||||||||||||||||||109484.79
F05Q10000508|200701|108984.77|0|023|157|||||4.750|0.00||||||||||||||||||||108984.77
F05Q10000508|200702|108482.77|0|024|156|||||4.750|0.00||||||||||||||||||||108482.77
F05Q10000508|200703|107978.78|0|025|155|||||4.750|0.00||||||||||||||||||||107978.78
F05Q10000508|200704|107472.80|0|026|154|||||4.750|0.00||||||||||||||||||||107472.80
F05Q10000508|200705|106964.81|0|027|153|||||4.750|0.00||||||||||||||||||||106964.81
F05Q10000508|200706|106454.81|0|028|152|||||4.750|0.00||||||||||||||||||||106454.81
F05Q10000508|200707|105942.79|0|029|151|||||4.750|0.00||||||||||||||||||||105942.79
F05Q10000508|200708|105428.75|0|030|150|||||4.750|0.00||||||||||||||||||||105428.75
F05Q10000508|200709|104912.67|0|031|149|||||4.750|0.00||||||||||||||||||||104912.67
F05Q10000508|200710|104394.55|0|032|148|||||4.750|0.00||||||||||||||||||||104394.55
F05Q10000508|200711|103874.38|0|033|147|||||4.750|0.00||||||||||||||||||||103874.38
F05Q10000508|200712|103352.15|0|034|146|||||4.750|0.00||||||||||||||||||||103352.15
F05Q10000508|200801|102827.85|0|035|145|||||4.750|0.00||||||||||||||||||||102827.85
F05Q10000508|200802|102301.48|0|036|144|||||4.750|0.00||||||||||||||||||||102301.48
F05Q10000508|200803|101673.02|0|037|143|||||4.750|0.00||||||||||||||||||||101673.02
F05Q10000508|200804|101142.08|0|038|142|||||4.750|0.00||||||||||||||||||||101142.08
F05Q10000508|200805|100609.03|0|039|141|||||4.750|0.00||||||||||||||||||||100609.03
F05Q10000508|200806|100073.87|0|040|140|||||4.750|0.00||||||||||||||||||||100073.87
F05Q10000508|200807|99536.60|0|041|139|||||4.750|0.00||||||||||||||||||||99536.60
F05Q10000508|200808|98997.20|0|042|138|||||4.750|0.00||||||||||||||||||||98997.20
F05Q10000508|200809|98355.66|0|043|137|||||4.750|0.00||||||||||||||||||||98355.66
F05Q10000508|200810|97811.58|0|044|136|||||4.750|0.00||||||||||||||||||||97811.58
F05Q10000508|200811|97265.35|0|045|135|||||4.750|0.00||||||||||||||||||||97265.35
F05Q10000508|200812|96616.96|0|046|134|||||4.750|0.00||||||||||||||||||||96616.96
F05Q10000508|200901|96066.00|0|047|133|||||4.750|0.00||||||||||||||||||||96066.00
F05Q10000508|200902|95512.86|0|048|132|||||4.750|0.00||||||||||||||||||||95512.86
F05Q10000508|200903|94757.53|0|049|131|||||4.750|0.00||||||||||||||||||||94757.53
F05Q10000508|200904|93999.21|0|050|130|||||4.750|0.00||||||||||||||||||||93999.21
F05Q10000508|200905|93437.89|0|051|129|||||4.750|0.00||||||||||||||||||||93437.89
F05Q10000508|200906|92674.35|0|052|128|||||4.750|0.00||||||||||||||||||||92674.35
F05Q10000508|200907|91907.79|0|053|127|||||4.750|0.00||||||||||||||||||||91907.79
F05Q10000508|200908|91138.19|0|054|126|||||4.750|0.00||||||||||||||||||||91138.19
F05Q10000508|200909|90365.55|0|055|125|||||4.750|0.00||||||||||||||||||||90365.55
F05Q10000508|200910|89589.85|0|056|124|||||4.750|0.00||||||||||||||||||||89589.85
F05Q10000508|200911|88711.08|0|057|123|||||4.750|0.00||||||||||||||||||||88711.08
F05Q10000508|200912|87828.83|0|058|122|||||4.750|0.00||||||||||||||||||||87828.83
F05Q10000508|201001|86943.09|0|059|121|||||4.750|0.00||||||||||||||||||||86943.09
F05Q10000508|201002|86053.84|0|060|120|||||4.750|0.00||||||||||||||||||||86053.84
F05Q10000508|201003|85161.07|0|061|119|||||4.750|0.00||||||||||||||||||||85161.07
F05Q10000508|201004|84264.77|0|062|118|||||4.750|0.00||||||||||||||||||||84264.77
F05Q10000508|201005|83364.92|0|063|117|||||4.750|0.00||||||||||||||||||||83364.92
F05Q10000508|201006|81761.51|0|064|116|||||4.750|0.00||||||||||||||||||||81761.51
F05Q10000508|201007|80651.75|0|065|115|||||4.750|0.00||||||||||||||||||||80651.75
F05Q10000508|201008|80037.60|0|066|114|||||4.750|0.00||||||||||||||||||||80037.60
F05Q10000508|201009|79121.02|0|067|113|||||4.750|0.00||||||||||||||||||||79121.02
F05Q10000508|201010|78200.81|0|068|112|||||4.750|0.00||||||||||||||||||||78200.81
F05Q10000508|201011|77276.95|0|069|111|||||4.750|0.00||||||||||||||||||||77276.95
F05Q10000508|201012|76349.44|0|070|110|||||4.750|0.00||||||||||||||||||||76349.44
F05Q10000508|201101|75418.26|0|071|109|||||4.750|0.00||||||||||||||||||||75418.26
F05Q10000508|201102|74483.39|0|072|108|||||4.750|0.00||||||||||||||||||||74483.39
F05Q10000508|201103|73544.82|0|073|107|||||4.750|0.00||||||||||||||||||||73544.82
F05Q10000508|201104|72602.53|0|074|106|||||4.750|0.00||||||||||||||||||||72602.53
F05Q10000508|201105|71656.52|0|075|105|||||4.750|0.00||||||||||||||||||||71656.52
F05Q10000508|201106|70706.76|0|076|104|||||4.750|0.00||||||||||||||||||||70706.76
F05Q10000508|201107|69753.24|0|077|103|||||4.750|0.00||||||||||||||||||||69753.24
F05Q10000508|201108|68795.95|0|078|102|||||4.750|0.00||||||||||||||||||||68795.95
F05Q10000508|201109|67834.87|0|079|101|||||4.750|0.00||||||||||||||||||||67834.87
F05Q10000508|201110|66869.98|0|080|100|||||4.750|0.00||||||||||||||||||||66869.98
F05Q10000508|201111|65901.27|0|081|099|||||4.750|0.00||||||||||||||||||||65901.27
F05Q10000508|201112|64928.73|0|082|098|||||4.750|0.00||||||||||||||||||||64928.73
F05Q10000508|201201|63952.34|0|083|097|||||4.750|0.00||||||||||||||||||||63952.34
F05Q10000508|201202|63272.08|0|084|096|||||4.750|0.00||||||||||||||||||||63272.08
F05Q10000508|201203|62289.13|0|085|095|||||4.750|0.00||||||||||||||||||||62289.13
F05Q10000508|201204|61302.29|0|086|094|||||4.750|0.00||||||||||||||||||||61302.29
F05Q10000508|201205|60611.54|0|087|093|||||4.750|0.00||||||||||||||||||||60611.54
F05Q10000508|201206|59918.06|0|088|092|||||4.750|0.00||||||||||||||||||||59918.06
F05Q10000508|201207|59221.84|0|089|091|||||4.750|0.00||||||||||||||||||||59221.84
F05Q10000508|201208|58522.86|0|090|090|||||4.750|0.00||||||||||||||||||||58522.86
F05Q10000508|201209|57821.11|0|091|089|||||4.750|0.00||||||||||||||||||||57821.11
F05Q10000508|201210|57116.59|0|092|088|||||4.750|0.00||||||||||||||||||||57116.59
F05Q10000508|201211|56409.28|0|093|087|||||4.750|0.00||||||||||||||||||||56409.28
F05Q10000508|201212|55699.17|0|094|086|||||4.750|0.00||||||||||||||||||||55699.17
F05Q10000508|201301|54986.25|0|095|085|||||4.750|0.00||||||||||||||||||||54986.25
F05Q10000508|201302|54270.50|0|096|084|||||4.750|0.00||||||||||||||||||||54270.50
F05Q10000508|201303|53551.92|0|097|083|||||4.750|0.00||||||||||||||||||||53551.92
F05Q10000508|201304|52830.50|0|098|082|||||4.750|0.00||||||||||||||||||||52830.50
F05Q10000508|201305|52106.22|0|099|081|||||4.750|0.00||||||||||||||||||||52106.22
F05Q10000508|201306|51379.07|0|100|080|||||4.750|0.00||||||||||||||||||||51379.07
F05Q10000508|201307|50649.05|0|101|079|||||4.750|0.00||||||||||||||||||||50649.05
F05Q10000508|201308|49916.14|0|102|078|||||4.750|0.00||||||||||||||||||||49916.14
F05Q10000508|201309|49180.32|0|103|077|||||4.750|0.00||||||||||||||||||||49180.32
F05Q10000508|201310|48441.59|0|104|076|||||4.750|0.00||||||||||||||||||||48441.59
F05Q10000508|201311|47699.94|0|105|075|||||4.750|0.00||||||||||||||||||||47699.94
F05Q10000508|201312|46955.35|0|106|074|||||4.750|0.00||||||||||||||||||||46955.35
F05Q10000508|201401|46207.81|0|107|073|||||4.750|0.00||||||||||||||||||||46207.81
F05Q10000508|201402|45457.32|0|108|072|||||4.750|0.00||||||||||||||||||||45457.32
F05Q10000508|201403|44703.86|0|109|071|||||4.750|0.00||||||||||||||||||||44703.86
F05Q10000508|201404|43947.41|0|110|070|||||4.750|0.00||||||||||||||||||||43947.41
F05Q10000508|201405|43187.97|0|111|069|||||4.750|0.00||||||||||||||||||||43187.97
F05Q10000508|201406|42425.52|0|112|068|||||4.750|0.00||||||||||||||||||||42425.52
F05Q10000508|201407|41660.05|0|113|067|||||4.750|0.00||||||||||||||||||||41660.05
F05Q10000508|201408|40891.55|0|114|066|||||4.750|0.00||||||||||||||||||||40891.55
F05Q10000508|201409|40120.01|0|115|065|||||4.750|0.00||||||||||||||||||||40120.01
F05Q10000508|201410|39345.42|0|116|064|||||4.750|0.00||||||||||||||||||||39345.42
F05Q10000508|201411|38567.76|0|117|063|||||4.750|0.00||||||||||||||||||||38567.76
F05Q10000508|201412|37787.02|0|118|062|||||4.750|0.00||||||||||||||||||||37787.02
F05Q10000508|201501|37003.19|0|119|061|||||4.750|0.00||||||||||||||||||||37003.19
F05Q10000508|201502|36216.26|0|120|060|||||4.750|0.00||||||||||||||||||||36216.26
F05Q10000508|201503|35426.22|0|121|059|||||4.750|0.00||||||||||||||||||||35426.22
F05Q10000508|201504|34633.05|0|122|058|||||4.750|0.00||||||||||||||||||||34633.05
F05Q10000508|201505|33836.74|0|123|057|||||4.750|0.00||||||||||||||||||||33836.74
F05Q10000508|201506|33037.28|0|124|056|||||4.750|0.00||||||||||||||||||||33037.28
F05Q10000508|201507|32234.65|0|125|055|||||4.750|0.00||||||||||||||||||||32234.65
F05Q10000508|201508|31428.85|0|126|054|||||4.750|0.00||||||||||||||||||||31428.85
F05Q10000508|201509|30619.86|0|127|053|||||4.750|0.00||||||||||||||||||||30619.86
F05Q10000508|201510|29807.66|0|128|052|||||4.750|0.00||||||||||||||||||||29807.66
F05Q10000508|201511|28992.25|0|129|051|||||4.750|0.00||||||||||||||||||||28992.25
F05Q10000508|201512|18173.61|0|130|050|||||4.750|0.00||||||||||||||||||||18173.61
F05Q10000508|201601|17312.15|0|131|049|||||4.750|0.00||||||||||||||||||||17312.15
F05Q10000508|201602|16447.28|0|132|048|||||4.750|0.00||||||||||||||||||||16447.28
F05Q10000508|201603|15578.98|0|133|047|||||4.750|0.00||||||||||||||||||||15578.98
F05Q10000508|201604|14707.25|0|134|046|||||4.750|0.00||||||||||||||||||||14707.25
F05Q10000508|201605|11743.29|0|135|045|||||4.750|0.00||||||||||||||||||||11743.29
F05Q10000508|201606|9877.55|0|136|044|||||4.750|0.00||||||||||||||||||||9877.55
F05Q10000508|201607|0.00|0|137|043|||01|201607|4.750|0.00|||||||||||||||9877.55|||||0.00
F05Q10000540|200502|143000.00|0|000|360|||||5.750|0.00||||||||||||||||||||143000.00
F05Q10000540|200503|143000.00|0|001|359|||||5.750|0.00||||||||||||||||||||143000.00
F05Q10000540|200504|142000.00|0|002|358|||||5.750|0.00||||||||||||||||||||142000.00
F05Q10000540|200505|32000.00|0|003|357|||||5.750|0.00||||||||||||||||||||32000.00
F05Q10000540|200506|32000.00|0|004|356|||||5.750|0.00||||||||||||||||||||32000.00
F05Q10000540|200507|31000.00|0|005|355|||||5.750|0.00||||||||||||||||||||31000.00
F05Q10000540|200508|30000.00|0|006|354|||||5.750|0.00||||||||||||||||||||30000.00
F05Q10000540|200509|29583.97|0|007|353|||||5.750|0.00||||||||||||||||||||29583.97
F05Q10000540|200510|28891.22|0|008|352|||||5.750|0.00||||||||||||||||||||28891.22
F05Q10000540|200511|28195.15|0|009|351|||||5.750|0.00||||||||||||||||||||28195.15
F05Q10000540|200512|27495.74|0|010|350|||||5.750|0.00||||||||||||||||||||27495.74
F05Q10000540|200601|26792.98|0|011|349|||||5.750|0.00||||||||||||||||||||26792.98
F05Q10000540|200602|26086.85|0|012|348|||||5.750|0.00||||||||||||||||||||26086.85
F05Q10000540|200603|25377.34|0|013|347|||||5.750|0.00||||||||||||||||||||25377.34
F05Q10000540|200604|24664.43|0|014|346|||||5.750|0.00||||||||||||||||||||24664.43
F05Q10000540|200605|23948.10|0|015|345|||||5.750|0.00||||||||||||||||||||23948.10
F05Q10000540|200606|23228.34|0|016|344|||||5.750|0.00||||||||||||||||||||23228.34
F05Q10000540|200607|22505.13|0|017|343|||||5.750|0.00||||||||||||||||||||22505.13
F05Q10000540|200608|21778.46|0|018|342|||||5.750|0.00||||||||||||||||||||21778.46
F05Q10000540|200609|21048.31|0|019|341|||||5.750|0.00||||||||||||||||||||21048.31
F05Q10000540|200610|20314.66|0|020|340|||||5.750|0.00||||||||||||||||||||20314.66
F05Q10000540|200611|19577.49|0|021|339|||||5.750|0.00||||||||||||||||||||19577.49
F05Q10000540|200612|18836.79|0|022|338|||||5.750|0.00||||||||||||||||||||18836.79
F05Q10000540|200701|18092.54|0|023|337|||||5.750|0.00||||||||||||||||||||18092.54
F05Q10000540|200702|2726.04|0|024|336|||||5.750|0.00||||||||||||||||||||2726.04
F05Q10000540|200703|1904.59|0|025|335|||||5.750|0.00||||||||||||||||||||1904.59
F05Q10000540|200704|1079.21|0|026|334|||||5.750|0.00||||||||||||||||||||1079.21
F05Q10000540|200705|0.00|0|027|333|||01|200705|5.750|0.00|||||||||||||||1079.21|||||0.00
F05Q10000550|200502|120000.00|0|000|360|||||5.750|0.00||||||||||||||||||||120000.00
F05Q10000550|200503|120000.00|0|001|359|||||5.750|0.00||||||||||||||||||||120000.00
F05Q10000550|200504|120000.00|0|002|358|||||5.750|0.00||||||||||||||||||||120000.00
F05Q10000550|200505|120000.00|0|003|357|||||5.750|0.00||||||||||||||||||||120000.00
F05Q10000550|200506|119000.00|0|004|356|||||5.750|0.00||||||||||||||||||||119000.00
F05Q10000550|200507|119000.00|0|005|355|||||5.750|0.00||||||||||||||||||||119000.00
F05Q10000550|200508|119000.00|0|006|354|||||5.750|0.00||||||||||||||||||||119000.00
F05Q10000550|200509|119011.04|0|007|353|||||5.750|0.00||||||||||||||||||||119011.04
F05Q10000550|200510|118881.60|0|008|352|||||5.750|0.00||||||||||||||||||||118881.60
F05Q10000550|200511|118751.54|0|009|351|||||5.750|0.00||||||||||||||||||||118751.54
F05Q10000550|200512|118620.86|0|010|350|||||5.750|0.00||||||||||||||||||||118620.86
F05Q10000550|200601|118489.55|0|011|349|||||5.750|0.00||||||||||||||||||||118489.55
F05Q10000550|200602|118357.61|0|012|348|||||5.750|0.00||||||||||||||||||||118357.61
F05Q10000550|200603|118225.04|0|013|347|||||5.750|0.00||||||||||||||||||||118225.04
F05Q10000550|200604|118091.83|0|014|346|||||5.750|0.00||||||||||||||||||||118091.83
F05Q10000550|200605|117957.99|0|015|345|||||5.750|0.00||||||||||||||||||||117957.99
F05Q10000550|200606|117823.51|0|016|344|||||5.750|0.00||||||||||||||||||||117823.51
F05Q10000550|200607|117688.38|0|017|343|||||5.750|0.00||||||||||||||||||||117688.38
F05Q10000550|200608|117552.60|0|018|342|||||5.750|0.00||||||||||||||||||||117552.60
F05Q10000550|200609|117416.17|0|019|341|||||5.750|0.00||||||||||||||||||||117416.17
F05Q10000550|200610|117279.09|0|020|340|||||5.750|0.00||||||||||||||||||||117279.09
F05Q10000550|200611|117141.35|0|021|339|||||5.750|0.00||||||||||||||||||||117141.35
F05Q10000550|200612|117002.95|0|022|338|||||5.750|0.00||||||||||||||||||||117002.95
F05Q10000550|200701|116863.89|0|023|337|||||5.750|0.00||||||||||||||||||||116863.89
F05Q10000550|200702|116724.16|0|024|336|||||5.750|0.00||||||||||||||||||||116724.16
F05Q10000550|200703|116583.76|0|025|335|||||5.750|0.00||||||||||||||||||||116583.76
F05Q10000550|200704|116442.69|0|026|334|||||5.750|0.00||||||||||||||||||||116442.69
F05Q10000550|200705|116300.94|0|027|333|||||5.750|0.00||||||||||||||||||||116300.94
F05Q10000550|200706|115601.24|1|028|332|||||5.750|0.00||||||||||||||||||||115601.24
F05Q10000550|200707|116015.41|0|029|331|||||5.750|0.00||||||||||||||||||||116015.41
F05Q10000550|200708|115871.62|0|030|330|||||5.750|0.00||||||||||||||||||||115871.62
F05Q10000550|200709|115727.14|0|031|329|||||5.750|0.00||||||||||||||||||||115727.14
F05Q10000550|200710|115581.97|0|032|328|||||5.750|0.00||||||||||||||||||||115581.97
F05Q10000550|200711|115436.10|0|033|327|||||5.750|0.00||||||||||||||||||||115436.10
F05Q10000550|200712|115289.53|0|034|326|||||5.750|0.00||||||||||||||||||||115289.53
F05Q10000550|200801|115142.26|0|035|325|||||5.750|0.00||||||||||||||||||||115142.26
F05Q10000550|200802|114994.28|0|036|324|||||5.750|0.00||||||||||||||||||||114994.28
F05Q10000550|200803|114845.59|0|037|323|||||5.750|0.00||||||||||||||||||||114845.59
F05Q10000550|200804|114696.19|0|038|322|||||5.750|0.00||||||||||||||||||||114696.19
F05Q10000550|200805|114546.08|0|039|321|||||5.750|0.00||||||||||||||||||||114546.08
F05Q10000550|200806|114395.25|0|040|320|||||5.750|0.00||||||||||||||||||||114395.25
F05Q10000550|200807|114243.69|0|041|319|||||5.750|0.00||||||||||||||||||||114243.69
F05Q10000550|200808|114091.41|0|042|318|||||5.750|0.00||||||||||||||||||||114091.41
F05Q10000550|200809|113938.40|0|043|317|||||5.750|0.00||||||||||||||||||||113938.40
F05Q10000550|200810|113784.65|0|044|316|||||5.750|0.00||||||||||||||||||||113784.65
F05Q10000550|200811|113630.17|0|045|315|||||5.750|0.00||||||||||||||||||||113630.17
F05Q10000550|200812|113474.95|0|046|314|||||5.750|0.00||||||||||||||||||||113474.95
F05Q10000550|200901|113318.98|0|047|313|||||5.750|0.00||||||||||||||||||||113318.98
F05Q10000550|200902|113162.27|0|048|312|||||5.750|0.00||||||||||||||||||||113162.27
F05Q10000550|200903|113004.81|0|049|311|||||5.750|0.00||||||||||||||||||||113004.81
F05Q10000550|200904|112846.59|0|050|310|||||5.750|0.00||||||||||||||||||||112846.59
F05Q10000550|200905|112687.61|0|051|309|||||5.750|0.00||||||||||||||||||||112687.61
F05Q10000550|200906|112527.87|0|052|308|||||5.750|0.00||||||||||||||||||||112527.87
F05Q10000550|200907|112367.37|0|053|307|||||5.750|0.00||||||||||||||||||||112367.37
F05Q10000550|200908|112206.10|0|054|306|||||5.750|0.00||||||||||||||||||||112206.10
F05Q10000550|200909|112044.05|0|055|305|||||5.750|0.00||||||||||||||||||||112044.05
F05Q10000550|200910|111881.23|0|056|304|||||5.750|0.00||||||||||||||||||||111881.23
F05Q10000550|200911|111717.63|0|057|303|||||5.750|0.00||||||||||||||||||||111717.63
F05Q10000550|200912|111553.24|0|058|302|||||5.750|0.00||||||||||||||||||||111553.24
F05Q10000550|201001|111388.07|0|059|301|||||5.750|0.00||||||||||||||||||||111388.07
F05Q10000550|201002|111222.10|0|060|300|||||5.750|0.00||||||||||||||||||||111222.10
F05Q10000550|201003|111055.34|0|061|299|||||5.750|0.00||||||||||||||||||||111055.34
F05Q10000550|201004|110887.78|0|062|298|||||5.750|0.00||||||||||||||||||||110887.78
F05Q10000550|201005|110719.42|0|063|297|||||5.750|0.00||||||||||||||||||||110719.42
F05Q10000550|201006|110550.25|0|064|296|||||5.750|0.00||||||||||||||||||||110550.25
F05Q10000550|201007|110380.27|0|065|295|||||5.750|0.00||||||||||||||||||||110380.27
F05Q10000550|201008|110209.48|0|066|294|||||5.750|0.00||||||||||||||||||||110209.48
F05Q10000550|201009|110037.87|0|067|293|||||5.750|0.00||||||||||||||||||||110037.87
F05Q10000550|201010|109865.43|0|068|292|||||5.750|0.00||||||||||||||||||||109865.43
F05Q10000550|201011|109692.17|0|069|291|||||5.750|0.00||||||||||||||||||||109692.17
F05Q10000550|201012|109518.08|0|070|290|||||5.750|0.00||||||||||||||||||||109518.08
F05Q10000550|201101|109343.15|0|071|289|||||5.750|0.00||||||||||||||||||||109343.15
F05Q10000550|201102|109167.39|0|072|288|||||5.750|0.00||||||||||||||||||||109167.39
F05Q10000550|201103|108990.78|0|073|287|||||5.750|0.00||||||||||||||||||||108990.78
F05Q10000550|201104|108813.33|0|074|286|||||5.750|0.00||||||||||||||||||||108813.33
F05Q10000550|201105|108635.03|0|075|285|||||5.750|0.00||||||||||||||||||||108635.03
F05Q10000550|201106|108455.87|0|076|284|||||5.750|0.00||||||||||||||||||||108455.87
F05Q10000550|201107|108275.85|0|077|283|||||5.750|0.00||||||||||||||||||||108275.85
F05Q10000550|201108|108094.97|0|078|282|||||5.750|0.00||||||||||||||||||||108094.97
F05Q10000550|201109|107913.23|0|079|281|||||5.750|0.00||||||||||||||||||||107913.23
F05Q10000550|201110|107730.61|0|080|280|||||5.750|0.00||||||||||||||||||||107730.61
F05Q10000550|201111|107547.12|0|081|279|||||5.750|0.00||||||||||||||||||||107547.12
F05Q10000550|201112|107362.75|0|082|278|||||5.750|0.00||||||||||||||||||||107362.75
F05Q10000550|201201|107177.50|0|083|277|||||5.750|0.00||||||||||||||||||||107177.50
F05Q10000550|201202|106991.36|0|084|276|||||5.750|0.00||||||||||||||||||||106991.36
F05Q10000550|201203|106804.33|0|085|275|||||5.750|0.00||||||||||||||||||||106804.33
F05Q10000550|201204|106616.40|0|086|274|||||5.750|0.00||||||||||||||||||||106616.40
F05Q10000550|201205|106427.57|0|087|273|||||5.750|0.00||||||||||||||||||||106427.57
F05Q10000550|201206|106237.84|0|088|272|||||5.750|0.00||||||||||||||||||||106237.84
F05Q10000550|201207|106047.20|0|089|271|||||5.750|0.00||||||||||||||||||||106047.20
F05Q10000550|201208|105855.64|0|090|270|||||5.750|0.00||||||||||||||||||||105855.64
F05Q10000550|201209|105663.16|0|091|269|||||5.750|0.00||||||||||||||||||||105663.16
F05Q10000550|201210|105469.76|0|092|268|||||5.750|0.00||||||||||||||||||||105469.76
F05Q10000550|201211|105275.44|0|093|267|||||5.750|0.00||||||||||||||||||||105275.44
F05Q10000550|201212|105275.44|0|094|266|||||5.750|0.00||||||||||||||||||||105275.44
F05Q10000550|201301|104883.99|0|095|265|||||5.750|0.00||||||||||||||||||||104883.99
F05Q10000550|201302|104686.86|0|096|264|||||5.750|0.00||||||||||||||||||||104686.86
F05Q10000550|201303|104488.78|0|097|263|||||5.750|0.00||||||||||||||||||||104488.78
F05Q10000550|201304|104289.76|0|098|262|||||5.750|0.00||||||||||||||||||||104289.76
F05Q10000550|201305|104089.78|0|099|261|||||5.750|0.00||||||||||||||||||||104089.78
F05Q10000550|201306|103888.84|0|100|260|||||5.750|0.00||||||||||||||||||||103888.84
F05Q10000550|201307|103686.94|0|101|259|||||5.750|0.00||||||||||||||||||||103686.94
F05Q10000550|201308|103484.07|0|102|258|||||5.750|0.00||||||||||||||||||||103484.07
F05Q10000550|201309|103280.23|0|103|257|||||5.750|0.00||||||||||||||||||||103280.23
F05Q10000550|201310|103075.41|0|104|256|||||5.750|0.00||||||||||||||||||||103075.41
F05Q10000550|201311|102869.61|0|105|255|||||5.750|0.00||||||||||||||||||||102869.61
F05Q10000550|201312|102662.83|0|106|254|||||5.750|0.00||||||||||||||||||||102662.83
F05Q10000550|201401|102455.06|0|107|253|||||5.750|0.00||||||||||||||||||||102455.06
F05Q10000550|201402|102246.29|0|108|252|||||5.750|0.00||||||||||||||||||||102246.29
F05Q10000550|201403|0.00|0|109|251|||01|201403|5.750|0.00|||||||||||||||102246.29|||||0.00
F05Q10000596|200502|120000.00|0|000|180|||||5.500|0.00||||||||||||||||||||120000.00
F05Q10000596|200503|120000.00|0|001|179|||||5.500|0.00||||||||||||||||||||120000.00
F05Q10000596|200504|119000.00|0|002|178|||||5.500|0.00||||||||||||||||||||119000.00
F05Q10000596|200505|119000.00|0|003|177|||||5.500|0.00||||||||||||||||||||119000.00
F05Q10000596|200506|118000.00|0|004|176|||||5.500|0.00||||||||||||||||||||118000.00
F05Q10000596|200507|118000.00|0|005|175|||||5.500|0.00||||||||||||||||||||118000.00
F05Q10000596|200508|117000.00|0|006|174|||||5.500|0.00||||||||||||||||||||117000.00
F05Q10000596|200509|116923.45|0|007|173|||||5.500|0.00||||||||||||||||||||116923.45
F05Q10000596|200510|116475.85|0|008|172|||||5.500|0.00||||||||||||||||||||116475.85
F05Q10000596|200511|116026.20|0|009|171|||||5.500|0.00||||||||||||||||||||116026.20
F05Q10000596|200512|115574.49|0|010|170|||||5.500|0.00||||||||||||||||||||115574.49
F05Q10000596|200601|115120.71|0|011|169|||||5.500|0.00||||||||||||||||||||115120.71
F05Q10000596|200602|114664.85|0|012|168|||||5.500|0.00||||||||||||||||||||114664.85
F05Q10000596|200603|114208.45|0|013|167|||||5.500|0.00||||||||||||||||||||114208.45
F05Q10000596|200604|113749.96|0|014|166|||||5.500|0.00||||||||||||||||||||113749.96
F05Q10000596|200605|113289.36|0|015|165|||||5.500|0.00||||||||||||||||||||113289.36
F05Q10000596|200606|112826.65|0|016|164|||||5.500|0.00||||||||||||||||||||112826.65
F05Q10000596|200607|112361.82|0|017|163|||||5.500|0.00||||||||||||||||||||112361.82
F05Q10000596|200608|111894.86|0|018|162|||||5.500|0.00||||||||||||||||||||111894.86
F05Q10000596|200609|111425.76|0|019|161|||||5.500|0.00||||||||||||||||||||111425.76
F05Q10000596|200610|110954.51|0|020|160|||||5.500|0.00||||||||||||||||||||110954.51
F05Q10000596|200611|110481.10|0|021|159|||||5.500|0.00||||||||||||||||||||110481.10
F05Q10000596|200612|110005.52|0|022|158|||||5.500|0.00||||||||||||||||||||110005.52
F05Q10000596|200701|109527.76|0|023|157|||||5.500|0.00||||||||||||||||||||109527.76
F05Q10000596|200702|109047.81|0|024|156|||||5.500|0.00||||||||||||||||||||109047.81
F05Q10000596|200703|108524.45|0|025|155|||||5.500|0.00||||||||||||||||||||108524.45
F05Q10000596|200704|107998.69|0|026|154|||||5.500|0.00||||||||||||||||||||107998.69
F05Q10000596|200705|107470.52|0|027|153|||||5.500|0.00||||||||||||||||||||107470.52
F05Q10000596|200706|106939.93|0|028|152|||||5.500|0.00||||||||||||||||||||106939.93
F05Q10000596|200707|106406.91|0|029|151|||||5.500|0.00||||||||||||||||||||106406.91
F05Q10000596|200708|105871.45|0|030|150|||||5.500|0.00||||||||||||||||||||105871.45
F05Q10000596|200709|105333.53|0|031|149|||||5.500|0.00||||||||||||||||||||105333.53
F05Q10000596|200710|104793.15|0|032|148|||||5.500|0.00||||||||||||||||||||104793.15
F05Q10000596|200711|104250.29|0|033|147|||||5.500|0.00||||||||||||||||||||104250.29
F05Q10000596|200712|103704.94|0|034|146|||||5.500|0.00||||||||||||||||||||103704.94
F05Q10000596|200801|103157.09|0|035|145|||||5.500|0.00||||||||||||||||||||103157.09
F05Q10000596|200802|102606.73|0|036|144|||||5.500|0.00||||||||||||||||||||102606.73
F05Q10000596|200803|102076.03|0|037|143|||||5.500|0.00||||||||||||||||||||102076.03
F05Q10000596|200804|101542.90|0|038|142|||||5.500|0.00||||||||||||||||||||101542.90
F05Q10000596|200805|101007.32|0|039|141|||||5.500|0.00||||||||||||||||||||101007.32
F05Q10000596|200806|100469.29|0|040|140|||||5.500|0.00||||||||||||||||||||100469.29
F05Q10000596|200807|99928.79|0|041|139|||||5.500|0.00||||||||||||||||||||99928.79
F05Q10000596|200808|99385.82|0|042|138|||||5.500|0.00||||||||||||||||||||99385.82
F05Q10000596|200809|98840.36|0|043|137|||||5.500|0.00||||||||||||||||||||98840.36
F05Q10000596|200810|98292.40|0|044|136|||||5.500|0.00||||||||||||||||||||98292.40
F05Q10000596|200811|97741.93|0|045|135|||||5.500|0.00||||||||||||||||||||97741.93
F05Q10000596|200812|97188.93|0|046|134|||||5.500|0.00||||||||||||||||||||97188.93
F05Q10000596|200901|96633.40|0|047|133|||||5.500|0.00||||||||||||||||||||96633.40
F05Q10000596|200902|96075.32|0|048|132|||||5.500|0.00||||||||||||||||||||96075.32
F05Q10000596|200903|95516.64|0|049|131|||||5.500|0.00||||||||||||||||||||95516.64
F05Q10000596|200904|94955.39|0|050|130|||||5.500|0.00||||||||||||||||||||94955.39
F05Q10000596|200905|94391.57|0|051|129|||||5.500|0.00||||||||||||||||||||94391.57
F05Q10000596|200906|93825.17|0|052|128|||||5.500|0.00||||||||||||||||||||93825.17
F05Q10000596|200907|93256.17|0|053|127|||||5.500|0.00||||||||||||||||||||93256.17
F05Q10000596|200908|92684.56|0|054|126|||||5.500|0.00||||||||||||||||||||92684.56
F05Q10000596|200909|92110.33|0|055|125|||||5.500|0.00||||||||||||||||||||92110.33
F05Q10000596|200910|91533.47|0|056|124|||||5.500|0.00||||||||||||||||||||91533.47
F05Q10000596|200911|90953.97|0|057|123|||||5.500|0.00||||||||||||||||||||90953.97
F05Q10000596|200912|90371.81|0|058|122|||||5.500|0.00||||||||||||||||||||90371.81
F05Q10000596|201001|89786.98|0|059|121|||||5.500|0.00||||||||||||||||||||89786.98
F05Q10000596|201002|89199.47|0|060|120|||||5.500|0.00||||||||||||||||||||89199.47
F05Q10000596|201003|88614.21|0|061|119|||||5.500|0.00||||||||||||||||||||88614.21
F05Q10000596|201004|88026.27|0|062|118|||||5.500|0.00||||||||||||||||||||88026.27
F05Q10000596|201005|87435.63|0|063|117|||||5.500|0.00||||||||||||||||||||87435.63
F05Q10000596|201006|86842.29|0|064|116|||||5.500|0.00||||||||||||||||||||86842.29
F05Q10000596|201007|0.00|0|065|115|||01|201007|5.500|0.00|||||||||||||||86842.29|||||0.00
F05Q10000597|200504|74000.00|0|000|180|||||5.500|0.00||||||||||||||||||||74000.00
F05Q10000597|200505|73000.00|0|001|179|||||5.500|0.00||||||||||||||||||||73000.00
F05Q10000597|200506|73000.00|0|002|178|||||5.500|0.00||||||||||||||||||||73000.00
F05Q10000597|200507|73000.00|0|003|177|||||5.500|0.00||||||||||||||||||||73000.00
F05Q10000597|200508|73000.00|0|004|176|||||5.500|0.00||||||||||||||||||||73000.00
F05Q10000597|200509|72000.00|0|005|175|||||5.500|0.00||||||||||||||||||||72000.00
F05Q10000597|200510|72000.00|0|006|174|||||5.500|0.00||||||||||||||||||||72000.00
F05Q10000597|200511|71726.07|0|007|173|||||5.500|0.00||||||||||||||||||||71726.07
F05Q10000597|200512|71453.43|0|008|172|||||5.500|0.00||||||||||||||||||||71453.43
F05Q10000597|200601|71179.54|0|009|171|||||5.500|0.00||||||||||||||||||||71179.54
F05Q10000597|200602|70904.40|0|010|170|||||5.500|0.00||||||||||||||||||||70904.40
F05Q10000597|200603|70628.00|0|011|169|||||5.500|0.00||||||||||||||||||||70628.00
F05Q10000597|200604|70350.33|0|012|168|||||5.500|0.00||||||||||||||||||||70350.33
F05Q10000597|200605|70071.39|0|013|167|||||5.500|0.00||||||||||||||||||||70071.39
F05Q10000597|200606|69791.17|0|014|166|||||5.500|0.00||||||||||||||||||||69791.17
F05Q10000597|200607|69509.67|0|015|165|||||5.500|0.00||||||||||||||||||||69509.67
F05Q10000597|200608|69226.88|0|016|164|||||5.500|0.00||||||||||||||||||||69226.88
F05Q10000597|200609|68942.79|0|017|163|||||5.500|0.00||||||||||||||||||||68942.79
F05Q10000597|200610|68657.40|0|018|162|||||5.500|0.00||||||||||||||||||||68657.40
F05Q10000597|200611|68370.70|0|019|161|||||5.500|0.00||||||||||||||||||||68370.70
F05Q10000597|200612|68082.69|0|020|160|||||5.500|0.00||||||||||||||||||||68082.69
F05Q10000597|200701|67793.36|0|021|159|||||5.500|0.00||||||||||||||||||||67793.36
F05Q10000597|200702|67502.70|0|022|158|||||5.500|0.00||||||||||||||||||||67502.70
F05Q10000597|200703|67210.71|0|023|157|||||5.500|0.00||||||||||||||||||||67210.71
F05Q10000597|200704|66917.38|0|024|156|||||5.500|0.00||||||||||||||||||||66917.38
F05Q10000597|200705|66622.70|0|025|155|||||5.500|0.00||||||||||||||||||||66622.70
F05Q10000597|200706|66326.67|0|026|154|||||5.500|0.00||||||||||||||||||||66326.67
F05Q10000597|200707|66029.29|0|027|153|||||5.500|0.00||||||||||||||||||||66029.29
F05Q10000597|200708|65730.54|0|028|152|||||5.500|0.00||||||||||||||||||||65730.54
F05Q10000597|200709|65430.42|0|029|151|||||5.500|0.00||||||||||||||||||||65430.42
F05Q10000597|200710|65128.93|0|030|150|||||5.500|0.00||||||||||||||||||||65128.93
F05Q10000597|200711|64826.06|0|031|149|||||5.500|0.00||||||||||||||||||||64826.06
F05Q10000597|200712|64521.80|0|032|148|||||5.500|0.00||||||||||||||||||||64521.80
F05Q10000597|200801|64216.14|0|033|147|||||5.500|0.00||||||||||||||||||||64216.14
F05Q10000597|200802|63909.08|0|034|146|||||5.500|0.00||||||||||||||||||||63909.08
F05Q10000597|200803|63600.62|0|035|145|||||5.500|0.00||||||||||||||||||||63600.62
F05Q10000597|200804|63290.74|0|036|144|||||5.500|0.00||||||||||||||||||||63290.74
F05Q10000597|200805|62979.44|0|037|143|||||5.500|0.00||||||||||||||||||||62979.44
F05Q10000597|200806|62666.72|0|038|142|||||5.500|0.00||||||||||||||||||||62666.72
F05Q10000597|200807|62352.56|0|039|141|||||5.500|0.00||||||||||||||||||||62352.56
F05Q10000597|200808|62036.96|0|040|140|||||5.500|0.00||||||||||||||||||||62036.96
F05Q10000597|200809|61719.92|0|041|139|||||5.500|0.00||||||||||||||||||||61719.92
F05Q10000597|200810|61401.42|0|042|138|||||5.500|0.00||||||||||||||||||||61401.42
F05Q10000597|200811|61401.42|0|043|137|||||5.500|0.00||||||||||||||||||||61401.42
F05Q10000597|200812|60760.04|0|044|136|||||5.500|0.00||||||||||||||||||||60760.04
F05Q10000597|200901|60437.14|0|045|135|||||5.500|0.00||||||||||||||||||||60437.14
F05Q10000597|200902|59686.99|0|046|134|||||5.500|0.00||||||||||||||||||||59686.99
F05Q10000597|200903|59784.95|0|047|133|||||5.500|0.00||||||||||||||||||||59784.95
F05Q10000597|200904|59457.58|0|048|132|||||5.500|0.00||||||||||||||||||||59457.58
F05Q10000597|200905|59128.71|0|049|131|||||5.500|0.00||||||||||||||||||||59128.71
F05Q10000597|200906|58798.34|0|050|130|||||5.500|0.00||||||||||||||||||||58798.34
F05Q10000597|200907|58466.45|0|051|129|||||5.500|0.00||||||||||||||||||||58466.45
F05Q10000597|200908|58133.04|0|052|128|||||5.500|0.00||||||||||||||||||||58133.04
F05Q10000597|200909|0.00|0|053|127|||01|200909|5.500|0.00|||||||||||||||58133.04|||||0.00
F05Q10000625|200502|90000.00|0|000|360|||||5.875|0.00||||||||||||||||||||90000.00
F05Q10000625|200503|90000.00|0|001|359|||||5.875|0.00||||||||||||||||||||90000.00
F05Q10000625|200504|90000.00|0|002|358|||||5.875|0.00||||||||||||||||||||90000.00
F05Q10000625|200505|90000.00|0|003|357|||||5.875|0.00||||||||||||||||||||90000.00
F05Q10000625|200506|90000.00|0|004|356|||||5.875|0.00||||||||||||||||||||90000.00
F05Q10000625|200507|89000.00|0|005|355|||||5.875|0.00||||||||||||||||||||89000.00
F05Q10000625|200508|89000.00|0|006|354|||||5.875|0.00||||||||||||||||||||89000.00
F05Q10000625|200509|89229.08|0|007|353|||||5.875|0.00||||||||||||||||||||89229.08
F05Q10000625|200510|89134.26|0|008|352|||||5.875|0.00||||||||||||||||||||89134.26
F05Q10000625|200511|89038.98|0|009|351|||||5.875|0.00||||||||||||||||||||89038.98
F05Q10000625|200512|88943.23|0|010|350|||||5.875|0.00||||||||||||||||||||88943.23
F05Q10000625|200601|88847.01|0|011|349|||||5.875|0.00||||||||||||||||||||88847.01
F05Q10000625|200602|88750.32|0|012|348|||||5.875|0.00||||||||||||||||||||88750.32
F05Q10000625|200603|88653.16|0|013|347|||||5.875|0.00||||||||||||||||||||88653.16
F05Q10000625|200604|88555.52|0|014|346|||||5.875|0.00||||||||||||||||||||88555.52
F05Q10000625|200605|88457.40|0|015|345|||||5.875|0.00||||||||||||||||||||88457.40
F05Q10000625|200606|88358.80|0|016|344|||||5.875|0.00||||||||||||||||||||88358.80
F05Q10000625|200607|88259.72|0|017|343|||||5.875|0.00||||||||||||||||||||88259.72
F05Q10000625|200608|88160.15|0|018|342|||||5.875|0.00||||||||||||||||||||88160.15
F05Q10000625|200609|88060.10|0|019|341|||||5.875|0.00||||||||||||||||||||88060.10
F05Q10000625|200610|87959.56|0|020|340|||||5.875|0.00||||||||||||||||||||87959.56
F05Q10000625|200611|87858.53|0|021|339|||||5.875|0.00||||||||||||||||||||87858.53
F05Q10000625|200612|87757.00|0|022|338|||||5.875|0.00||||||||||||||||||||87757.00
F05Q10000625|200701|87654.97|0|023|337|||||5.875|0.00||||||||||||||||||||87654.97
F05Q10000625|200702|87552.44|0|024|336|||||5.875|0.00||||||||||||||||||||87552.44
F05Q10000625|200703|87449.41|0|025|335|||||5.875|0.00||||||||||||||||||||87449.41
F05Q10000625|200704|87345.88|0|026|334|||||5.875|0.00||||||||||||||||||||87345.88
F05Q10000625|200705|87241.84|0|027|333|||||5.875|0.00||||||||||||||||||||87241.84
F05Q10000625|200706|87137.29|0|028|332|||||5.875|0.00||||||||||||||||||||87137.29
F05Q10000625|200707|87032.23|0|029|331|||||5.875|0.00||||||||||||||||||||87032.23
F05Q10000625|200708|86926.66|0|030|330|||||5.875|0.00||||||||||||||||||||86926.66
F05Q10000625|200709|86820.57|0|031|329|||||5.875|0.00||||||||||||||||||||86820.57
F05Q10000625|200710|86713.96|0|032|328|||||5.875|0.00||||||||||||||||||||86713.96
F05Q10000625|200711|86606.83|0|033|327|||||5.875|0.00||||||||||||||||||||86606.83
F05Q10000625|200712|86499.17|0|034|326|||||5.875|0.00||||||||||||||||||||86499.17
F05Q10000625|200801|86390.99|0|035|325|||||5.875|0.00||||||||||||||||||||86390.99
F05Q10000625|200802|86282.28|0|036|324|||||5.875|0.00||||||||||||||||||||86282.28
F05Q10000625|200803|86173.03|0|037|323|||||5.875|0.00||||||||||||||||||||86173.03
F05Q10000625|200804|86063.25|0|038|322|||||5.875|0.00||||||||||||||||||||86063.25
F05Q10000625|200805|85952.93|0|039|321|||||5.875|0.00||||||||||||||||||||85952.93
F05Q10000625|200806|85842.07|0|040|320|||||5.875|0.00||||||||||||||||||||85842.07
F05Q10000625|200807|85730.67|0|041|319|||||5.875|0.00||||||||||||||||||||85730.67
F05Q10000625|200808|85618.72|0|042|318|||||5.875|0.00||||||||||||||||||||85618.72
F05Q10000625|200809|85506.22|0|043|317|||||5.875|0.00||||||||||||||||||||85506.22
F05Q10000625|200810|85393.17|0|044|316|||||5.875|0.00||||||||||||||||||||85393.17
F05Q10000625|200811|85279.57|0|045|315|||||5.875|0.00||||||||||||||||||||85279.57
F05Q10000625|200812|85165.41|0|046|314|||||5.875|0.00||||||||||||||||||||85165.41
F05Q10000625|200901|85050.70|0|047|313|||||5.875|0.00||||||||||||||||||||85050.70
F05Q10000625|200902|84935.42|0|048|312|||||5.875|0.00||||||||||||||||||||84935.42
F05Q10000625|200903|84819.58|0|049|311|||||5.875|0.00||||||||||||||||||||84819.58
F05Q10000625|200904|84703.17|0|050|310|||||5.875|0.00||||||||||||||||||||84703.17
F05Q10000625|200905|84586.19|0|051|309|||||5.875|0.00||||||||||||||||||||84586.19
F05Q10000625|200906|84468.64|0|052|308|||||5.875|0.00||||||||||||||||||||84468.64
F05Q10000625|200907|84350.51|0|053|307|||||5.875|0.00||||||||||||||||||||84350.51
F05Q10000625|200908|84231.81|0|054|306|||||5.875|0.00||||||||||||||||||||84231.81
F05Q10000625|200909|84112.52|0|055|305|||||5.875|0.00||||||||||||||||||||84112.52
F05Q10000625|200910|83992.65|0|056|304|||||5.875|0.00||||||||||||||||||||83992.65
F05Q10000625|200911|83872.19|0|057|303|||||5.875|0.00||||||||||||||||||||83872.19
F05Q10000625|200912|83751.14|0|058|302|||||5.875|0.00||||||||||||||||||||83751.14
F05Q10000625|201001|83629.50|0|059|301|||||5.875|0.00||||||||||||||||||||83629.50
F05Q10000625|201002|83507.27|0|060|300|||||5.875|0.00||||||||||||||||||||83507.27
F05Q10000625|201003|83384.44|0|061|299|||||5.875|0.00||||||||||||||||||||83384.44
F05Q10000625|201004|83261.01|0|062|298|||||5.875|0.00||||||||||||||||||||83261.01
F05Q10000625|201005|83136.97|0|063|297|||||5.875|0.00||||||||||||||||||||83136.97
F05Q10000625|201006|83012.32|0|064|296|||||5.875|0.00||||||||||||||||||||83012.32
F05Q10000625|201007|82887.06|0|065|295|||||5.875|0.00||||||||||||||||||||82887.06
F05Q10000625|201008|82761.19|0|066|294|||||5.875|0.00||||||||||||||||||||82761.19
F05Q10000625|201009|82634.70|0|067|293|||||5.875|0.00||||||||||||||||||||82634.70
F05Q10000625|201010|82507.60|0|068|292|||||5.875|0.00||||||||||||||||||||82507.60
F05Q10000625|201011|82379.87|0|069|291|||||5.875|0.00||||||||||||||||||||82379.87
F05Q10000625|201012|82251.52|0|070|290|||||5.875|0.00||||||||||||||||||||82251.52
F05Q10000625|201101|82122.54|0|071|289|||||5.875|0.00||||||||||||||||||||82122.54
F05Q10000625|201102|81992.93|0|072|288|||||5.875|0.00||||||||||||||||||||81992.93
F05Q10000625|201103|81862.68|0|073|287|||||5.875|0.00||||||||||||||||||||81862.68
F05Q10000625|201104|81731.80|0|074|286|||||5.875|0.00||||||||||||||||||||81731.80
F05Q10000625|201105|81600.28|0|075|285|||||5.875|0.00||||||||||||||||||||81600.28
F05Q10000625|201106|81468.11|0|076|284|||||5.875|0.00||||||||||||||||||||81468.11
F05Q10000625|201107|81335.29|0|077|283|||||5.875|0.00||||||||||||||||||||81335.29
F05Q10000625|201108|81201.82|0|078|282|||||5.875|0.00||||||||||||||||||||81201.82
F05Q10000625|201109|81067.70|0|079|281|||||5.875|0.00||||||||||||||||||||81067.70
F05Q10000625|201110|80932.92|0|080|280|||||5.875|0.00||||||||||||||||||||80932.92
F05Q10000625|201111|80797.48|0|081|279|||||5.875|0.00||||||||||||||||||||80797.48
F05Q10000625|201112|80661.38|0|082|278|||||5.875|0.00||||||||||||||||||||80661.38
F05Q10000625|201201|80524.61|0|083|277|||||5.875|0.00||||||||||||||||||||80524.61
F05Q10000625|201202|80387.18|0|084|276|||||5.875|0.00||||||||||||||||||||80387.18
F05Q10000625|201203|80249.07|0|085|275|||||5.875|0.00||||||||||||||||||||80249.07
F05Q10000625|201204|80110.29|0|086|274|||||5.875|0.00||||||||||||||||||||80110.29
F05Q10000625|201205|79970.83|0|087|273|||||5.875|0.00||||||||||||||||||||79970.83
F05Q10000625|201206|79830.68|0|088|272|||||5.875|0.00||||||||||||||||||||79830.68
F05Q10000625|201207|79689.85|0|089|271|||||5.875|0.00||||||||||||||||||||79689.85
F05Q10000625|201208|79548.33|0|090|270|||||5.875|0.00||||||||||||||||||||79548.33
F05Q10000625|201209|79406.12|0|091|269|||||5.875|0.00||||||||||||||||||||79406.12
F05Q10000625|201210|79263.21|0|092|268|||||5.875|0.00||||||||||||||||||||79263.21
F05Q10000625|201211|79119.60|0|093|267|||||5.875|0.00||||||||||||||||||||79119.60
F05Q10000625|201212|78975.29|0|094|266|||||5.875|0.00||||||||||||||||||||78975.29
F05Q10000625|201301|78830.27|0|095|265|||||5.875|0.00||||||||||||||||||||78830.27
F05Q10000625|201302|78684.54|0|096|264|||||5.875|0.00||||||||||||||||||||78684.54
F05Q10000625|201303|78538.10|0|097|263|||||5.875|0.00||||||||||||||||||||78538.10
F05Q10000625|201304|78390.94|0|098|262|||||5.875|0.00||||||||||||||||||||78390.94
F05Q10000625|201305|78243.06|0|099|261|||||5.875|0.00||||||||||||||||||||78243.06
F05Q10000625|201306|78094.45|0|100|260|||||5.875|0.00||||||||||||||||||||78094.45
F05Q10000625|201307|77945.12|0|101|259|||||5.875|0.00||||||||||||||||||||77945.12
F05Q10000625|201308|77795.06|0|102|258|||||5.875|0.00||||||||||||||||||||77795.06
F05Q10000625|201309|77644.26|0|103|257|||||5.875|0.00||||||||||||||||||||77644.26
F05Q10000625|201310|77492.72|0|104|256|||||5.875|0.00||||||||||||||||||||77492.72
F05Q10000625|201311|77340.44|0|105|255|||||5.875|0.00||||||||||||||||||||77340.44
F05Q10000625|201312|77187.42|0|106|254|||||5.875|0.00||||||||||||||||||||77187.42
F05Q10000625|201401|77033.65|0|107|253|||||5.875|0.00||||||||||||||||||||77033.65
F05Q10000625|201402|76879.12|0|108|252|||||5.875|0.00||||||||||||||||||||76879.12
F05Q10000625|201403|76723.84|0|109|251|||||5.875|0.00||||||||||||||||||||76723.84
F05Q10000625|201404|76567.80|0|110|250|||||5.875|0.00||||||||||||||||||||76567.80
F05Q10000625|201405|76410.99|0|111|249|||||5.875|0.00||||||||||||||||||||76410.99
F05Q10000625|201406|76253.42|0|112|248|||||5.875|0.00||||||||||||||||||||76253.42
F05Q10000625|201407|76095.07|0|113|247|||||5.875|0.00||||||||||||||||||||76095.07
F05Q10000625|201408|75935.95|0|114|246|||||5.875|0.00||||||||||||||||||||75935.95
F05Q10000625|201409|75776.05|0|115|245|||||5.875|0.00||||||||||||||||||||75776.05
F05Q10000625|201410|75615.37|0|116|244|||||5.875|0.00||||||||||||||||||||75615.37
F05Q10000625|201411|75453.90|0|117|243|||||5.875|0.00||||||||||||||||||||75453.90
F05Q10000625|201412|75291.64|0|118|242|||||5.875|0.00||||||||||||||||||||75291.64
F05Q10000625|201501|75128.59|0|119|241|||||5.875|0.00||||||||||||||||||||75128.59
F05Q10000625|201502|74964.74|0|120|240|||||5.875|0.00||||||||||||||||||||74964.74
F05Q10000625|201503|74800.08|0|121|239|||||5.875|0.00||||||||||||||||||||74800.08
F05Q10000625|201504|74634.62|0|122|238|||||5.875|0.00||||||||||||||||||||74634.62
F05Q10000625|201505|74468.35|0|123|237|||||5.875|0.00||||||||||||||||||||74468.35
F05Q10000625|201506|74301.26|0|124|236|||||5.875|0.00||||||||||||||||||||74301.26
F05Q10000625|201507|74133.36|0|125|235|||||5.875|0.00||||||||||||||||||||74133.36
F05Q10000625|201508|73964.63|0|126|234|||||5.875|0.00||||||||||||||||||||73964.63
F05Q10000625|201509|73795.08|0|127|233|||||5.875|0.00||||||||||||||||||||73795.08
F05Q10000625|201510|0.00|0|128|232|||01|201510|5.875|0.00|||||||||||||||73795.08|||||0.00
F05Q10000630|200502|60000.00|0|000|240|||||5.875|0.00||||||||||||||||||||60000.00
F05Q10000630|200503|60000.00|0|001|239|||||5.875|0.00||||||||||||||||||||60000.00
F05Q10000630|200504|60000.00|0|002|238|||||5.875|0.00||||||||||||||||||||60000.00
F05Q10000630|200505|60000.00|0|003|237|||||5.875|0.00||||||||||||||||||||60000.00
F05Q10000630|200506|59000.00|0|004|236|||||5.875|0.00||||||||||||||||||||59000.00
F05Q10000630|200507|59000.00|0|005|235|||||5.875|0.00||||||||||||||||||||59000.00
F05Q10000630|200508|59000.00|0|006|234|||||5.875|0.00||||||||||||||||||||59000.00
F05Q10000630|200509|59063.80|0|007|233|||||5.875|0.00||||||||||||||||||||59063.80
F05Q10000630|200510|58927.43|0|008|232|||||5.875|0.00||||||||||||||||||||58927.43
F05Q10000630|200511|58790.39|0|009|231|||||5.875|0.00||||||||||||||||||||58790.39
F05Q10000630|200512|58652.68|0|010|230|||||5.875|0.00||||||||||||||||||||58652.68
F05Q10000630|200601|58514.29|0|011|229|||||5.875|0.00||||||||||||||||||||58514.29
F05Q10000630|200602|58375.23|0|012|228|||||5.875|0.00||||||||||||||||||||58375.23
F05Q10000630|200603|58235.49|0|013|227|||||5.875|0.00||||||||||||||||||||58235.49
F05Q10000630|200604|58095.06|0|014|226|||||5.875|0.00||||||||||||||||||||58095.06
F05Q10000630|200605|57953.94|0|015|225|||||5.875|0.00||||||||||||||||||||57953.94
F05Q10000630|200606|57812.13|0|016|224|||||5.875|0.00||||||||||||||||||||57812.13
F05Q10000630|200607|57669.63|0|017|223|||||5.875|0.00||||||||||||||||||||57669.63
F05Q10000630|200608|57526.43|0|018|222|||||5.875|0.00||||||||||||||||||||57526.43
F05Q10000630|200609|57382.53|0|019|221|||||5.875|0.00||||||||||||||||||||57382.53
F05Q10000630|200610|57237.93|0|020|220|||||5.875|0.00||||||||||||||||||||57237.93
F05Q10000630|200611|57092.62|0|021|219|||||5.875|0.00||||||||||||||||||||57092.62
F05Q10000630|200612|56946.60|0|022|218|||||5.875|0.00||||||||||||||||||||56946.60
F05Q10000630|200701|56799.86|0|023|217|||||5.875|0.00||||||||||||||||||||56799.86
F05Q10000630|200702|56652.40|0|024|216|||||5.875|0.00||||||||||||||||||||56652.40
F05Q10000630|200703|56504.22|0|025|215|||||5.875|0.00||||||||||||||||||||56504.22
F05Q10000630|200704|56355.32|0|026|214|||||5.875|0.00||||||||||||||||||||56355.32
F05Q10000630|200705|56205.69|0|027|213|||||5.875|0.00||||||||||||||||||||56205.69
F05Q10000630|200706|56055.32|0|028|212|||||5.875|0.00||||||||||||||||||||56055.32
F05Q10000630|200707|55904.22|0|029|211|||||5.875|0.00||||||||||||||||||||55904.22
F05Q10000630|200708|55752.38|0|030|210|||||5.875|0.00||||||||||||||||||||55752.38
F05Q10000630|200709|55599.79|0|031|209|||||5.875|0.00||||||||||||||||||||55599.79
F05Q10000630|200710|55446.46|0|032|208|||||5.875|0.00||||||||||||||||||||55446.46
F05Q10000630|200711|55292.38|0|033|207|||||5.875|0.00||||||||||||||||||||55292.38
F05Q10000630|200712|55137.54|0|034|206|||||5.875|0.00||||||||||||||||||||55137.54
F05Q10000630|200801|54981.94|0|035|205|||||5.875|0.00||||||||||||||||||||54981.94
F05Q10000630|200802|54825.58|0|036|204|||||5.875|0.00||||||||||||||||||||54825.58
F05Q10000630|200803|54668.46|0|037|203|||||5.875|0.00||||||||||||||||||||54668.46
F05Q10000630|200804|54510.57|0|038|202|||||5.875|0.00||||||||||||||||||||54510.57
F05Q10000630|200805|54351.90|0|039|201|||||5.875|0.00||||||||||||||||||||54351.90
F05Q10000630|200806|54192.46|0|040|200|||||5.875|0.00||||||||||||||||||||54192.46
F05Q10000630|200807|0.00|0|041|199|||01|200807|5.875|0.00|||||||||||||||54192.46|||||0.00
F05Q10000692|200502|56000.00|0|000|360|||||5.875|0.00||||||||||||||||||||56000.00
F05Q10000692|200503|56000.00|0|001|359|||||5.875|0.00||||||||||||||||||||56000.00
F05Q10000692|200504|56000.00|0|002|358|||||5.875|0.00||||||||||||||||||||56000.00
F05Q10000692|200505|56000.00|0|003|357|||||5.875|0.00||||||||||||||||||||56000.00
F05Q10000692|200506|56000.00|0|004|356|||||5.875|0.00||||||||||||||||||||56000.00
F05Q10000692|200507|56000.00|0|005|355|||||5.875|0.00||||||||||||||||||||56000.00
F05Q10000692|200508|56000.00|0|006|354|||||5.875|0.00||||||||||||||||||||56000.00
F05Q10000692|200509|55644.03|0|007|353|||||5.875|0.00||||||||||||||||||||55644.03
F05Q10000692|200510|55584.90|0|008|352|||||5.875|0.00||||||||||||||||||||55584.90
F05Q10000692|200511|55525.47|0|009|351|||||5.875|0.00||||||||||||||||||||55525.47
F05Q10000692|200512|55465.76|0|010|350|||||5.875|0.00||||||||||||||||||||55465.76
F05Q10000692|200601|55405.75|0|011|349|||||5.875|0.00||||||||||||||||||||55405.75
F05Q10000692|200602|55345.44|0|012|348|||||5.875|0.00||||||||||||||||||||55345.44
F05Q10000692|200603|55284.85|0|013|347|||||5.875|0.00||||||||||||||||||||55284.85
F05Q10000692|200604|55223.95|0|014|346|||||5.875|0.00||||||||||||||||||||55223.95
F05Q10000692|200605|55157.63|0|015|345|||||5.875|0.00||||||||||||||||||||55157.63
F05Q10000692|200606|55096.11|0|016|344|||||5.875|0.00||||||||||||||||||||55096.11
F05Q10000692|200607|55034.29|0|017|343|||||5.875|0.00||||||||||||||||||||55034.29
F05Q10000692|200608|54972.17|0|018|342|||||5.875|0.00||||||||||||||||||||54972.17
F05Q10000692|200609|54909.75|0|019|341|||||5.875|0.00||||||||||||||||||||54909.75
F05Q10000692|200610|54847.02|0|020|340|||||5.875|0.00||||||||||||||||||||54847.02
F05Q10000692|200611|54783.98|0|021|339|||||5.875|0.00||||||||||||||||||||54783.98
F05Q10000692|200612|54520.63|0|022|338|||||5.875|0.00||||||||||||||||||||54520.63
F05Q10000692|200701|54455.99|0|023|337|||||5.875|0.00||||||||||||||||||||54455.99
F05Q10000692|200702|54390.91|0|024|336|||||5.875|0.00||||||||||||||||||||54390.91
F05Q10000692|200703|53585.64|0|025|335|||||5.875|0.00||||||||||||||||||||53585.64
F05Q10000692|200704|53516.43|0|026|334|||||5.875|0.00||||||||||||||||||||53516.43
F05Q10000692|200705|53044.92|0|027|333|||||5.875|0.00||||||||||||||||||||53044.92
F05Q10000692|200706|52973.06|0|028|332|||||5.875|0.00||||||||||||||||||||52973.06
F05Q10000692|200707|52900.84|0|029|331|||||5.875|0.00||||||||||||||||||||52900.84
F05Q10000692|200708|52755.35|0|030|330|||||5.875|0.00||||||||||||||||||||52755.35
F05Q10000692|200709|52755.35|0|031|329|||||5.875|0.00||||||||||||||||||||52755.35
F05Q10000692|200710|52682.07|0|032|328|||||5.875|0.00||||||||||||||||||||52682.07
F05Q10000692|200711|52608.43|0|033|327|||||5.875|0.00||||||||||||||||||||52608.43
F05Q10000692|200712|52534.43|0|034|326|||||5.875|0.00||||||||||||||||||||52534.43
F05Q10000692|200801|52445.07|0|035|325|||||5.875|0.00||||||||||||||||||||52445.07
F05Q10000692|200802|52370.24|0|036|324|||||5.875|0.00||||||||||||||||||||52370.24
F05Q10000692|200803|52295.08|0|037|323|||||5.875|0.00||||||||||||||||||||52295.08
F05Q10000692|200804|52219.55|0|038|322|||||5.875|0.00||||||||||||||||||||52219.55
F05Q10000692|200805|52143.65|0|039|321|||||5.875|0.00||||||||||||||||||||52143.65
F05Q10000692|200806|52067.38|0|040|320|||||5.875|0.00||||||||||||||||||||52067.38
F05Q10000692|200807|51990.73|0|041|319|||||5.875|0.00||||||||||||||||||||51990.73
F05Q10000692|200808|51913.71|0|042|318|||||5.875|0.00||||||||||||||||||||51913.71
F05Q10000692|200809|51836.31|0|043|317|||||5.875|0.00||||||||||||||||||||51836.31
F05Q10000692|200810|51758.53|0|044|316|||||5.875|0.00||||||||||||||||||||51758.53
F05Q10000692|200811|51680.37|0|045|315|||||5.875|0.00||||||||||||||||||||51680.37
F05Q10000692|200812|51601.83|0|046|314|||||5.875|0.00||||||||||||||||||||51601.83
F05Q10000692|200901|51522.90|0|047|313|||||5.875|0.00||||||||||||||||||||51522.90
F05Q10000692|200902|51443.59|0|048|312|||||5.875|0.00||||||||||||||||||||51443.59
F05Q10000692|200903|51363.89|0|049|311|||||5.875|0.00||||||||||||||||||||51363.89
F05Q10000692|200904|51283.80|0|050|310|||||5.875|0.00||||||||||||||||||||51283.80
F05Q10000692|200905|50903.32|0|051|309|||||5.875|0.00||||||||||||||||||||50903.32
F05Q10000692|200906|50820.63|0|052|308|||||5.875|0.00||||||||||||||||||||50820.63
F05Q10000692|200907|50737.88|0|053|307|||||5.875|0.00||||||||||||||||||||50737.88
F05Q10000692|200908|50654.72|0|054|306|||||5.875|0.00||||||||||||||||||||50654.72
F05Q10000692|200909|50571.16|0|055|305|||||5.875|0.00||||||||||||||||||||50571.16
F05Q10000692|200910|50487.19|0|056|304|||||5.875|0.00||||||||||||||||||||50487.19
F05Q10000692|200911|50402.81|0|057|303|||||5.875|0.00||||||||||||||||||||50402.81
F05Q10000692|200912|50318.01|0|058|302|||||5.875|0.00||||||||||||||||||||50318.01
F05Q10000692|201001|50232.80|0|059|301|||||5.875|0.00||||||||||||||||||||50232.80
F05Q10000692|201002|50147.17|0|060|300|||||5.875|0.00||||||||||||||||||||50147.17
F05Q10000692|201003|50061.12|0|061|299|||||5.875|0.00||||||||||||||||||||50061.12
F05Q10000692|201004|49974.65|0|062|298|||||5.875|0.00||||||||||||||||||||49974.65
F05Q10000692|201005|49887.76|0|063|297|||||5.875|0.00||||||||||||||||||||49887.76
F05Q10000692|201006|49800.44|0|064|296|||||5.875|0.00||||||||||||||||||||49800.44
F05Q10000692|201007|49712.69|0|065|295|||||5.875|0.00||||||||||||||||||||49712.69
F05Q10000692|201008|49624.52|0|066|294|||||5.875|0.00||||||||||||||||||||49624.52
F05Q10000692|201009|49535.91|0|067|293|||||5.875|0.00||||||||||||||||||||49535.91
F05Q10000692|201010|49446.87|0|068|292|||||5.875|0.00||||||||||||||||||||49446.87
F05Q10000692|201011|49357.39|0|069|291|||||5.875|0.00||||||||||||||||||||49357.39
F05Q10000692|201012|49267.48|0|070|290|||||5.875|0.00||||||||||||||||||||49267.48
F05Q10000692|201101|49086.33|0|071|289|||||5.875|0.00||||||||||||||||||||49086.33
F05Q10000692|201102|49086.33|0|072|288|||||5.875|0.00||||||||||||||||||||49086.33
F05Q10000692|201103|48995.09|0|073|287|||||5.875|0.00||||||||||||||||||||48995.09
F05Q10000692|201104|48903.40|0|074|286|||||5.875|0.00||||||||||||||||||||48903.40
F05Q10000692|201105|48811.26|0|075|285|||||5.875|0.00||||||||||||||||||||48811.26
F05Q10000692|201106|48718.67|0|076|284|||||5.875|0.00||||||||||||||||||||48718.67
F05Q10000692|201107|48625.63|0|077|283|||||5.875|0.00||||||||||||||||||||48625.63
F05Q10000692|201108|48532.13|0|078|282|||||5.875|0.00||||||||||||||||||||48532.13
F05Q10000692|201109|48438.18|0|079|281|||||5.875|0.00||||||||||||||||||||48438.18
F05Q10000692|201110|48343.77|0|080|280|||||5.875|0.00||||||||||||||||||||48343.77
F05Q10000692|201111|48248.89|0|081|279|||||5.875|0.00||||||||||||||||||||48248.89
F05Q10000692|201112|48153.55|0|082|278|||||5.875|0.00||||||||||||||||||||48153.55
F05Q10000692|201201|47961.46|0|083|277|||||5.875|0.00||||||||||||||||||||47961.46
F05Q10000692|201202|47864.71|0|084|276|||||5.875|0.00||||||||||||||||||||47864.71
F05Q10000692|201203|47864.71|0|085|275|||||5.875|0.00||||||||||||||||||||47864.71
F05Q10000692|201204|47767.49|0|086|274|||||5.875|0.00||||||||||||||||||||47767.49
F05Q10000692|201205|47669.79|0|087|273|||||5.875|0.00||||||||||||||||||||47669.79
F05Q10000692|201206|47571.61|0|088|272|||||5.875|0.00||||||||||||||||||||47571.61
F05Q10000692|201207|47472.95|0|089|271|||||5.875|0.00||||||||||||||||||||47472.95
F05Q10000692|201208|47373.81|0|090|270|||||5.875|0.00||||||||||||||||||||47373.81
F05Q10000692|201209|47274.18|0|091|269|||||5.875|0.00||||||||||||||||||||47274.18
F05Q10000692|201210|47174.07|0|092|268|||||5.875|0.00||||||||||||||||||||47174.07
F05Q10000692|201211|47073.47|0|093|267|||||5.875|0.00||||||||||||||||||||47073.47
F05Q10000692|201212|46972.37|0|094|266|||||5.875|0.00||||||||||||||||||||46972.37
F05Q10000692|201301|46768.69|0|095|265|||||5.875|0.00||||||||||||||||||||46768.69
F05Q10000692|201302|46768.69|0|096|264|||||5.875|0.00||||||||||||||||||||46768.69
F05Q10000692|201303|46666.10|0|097|263|||||5.875|0.00||||||||||||||||||||46666.10
F05Q10000692|201304|46563.01|0|098|262|||||5.875|0.00||||||||||||||||||||46563.01
F05Q10000692|201305|46459.41|0|099|261|||||5.875|0.00||||||||||||||||||||46459.41
F05Q10000692|201306|46355.31|0|100|260|||||5.875|0.00||||||||||||||||||||46355.31
F05Q10000692|201307|46250.70|0|101|259|||||5.875|0.00||||||||||||||||||||46250.70
F05Q10000692|201308|46039.94|0|102|258|||||5.875|0.00||||||||||||||||||||46039.94
F05Q10000692|201309|46039.94|0|103|257|||||5.875|0.00||||||||||||||||||||46039.94
F05Q10000692|201310|45897.15|0|104|256|||||5.875|0.00||||||||||||||||||||45897.15
F05Q10000692|201311|45790.23|0|105|255|||||5.875|0.00||||||||||||||||||||45790.23
F05Q10000692|201312|45682.85|0|106|254|||||5.875|0.00||||||||||||||||||||45682.85
F05Q10000692|201401|45574.95|0|107|253|||||5.875|0.00||||||||||||||||||||45574.95
F05Q10000692|201402|45466.52|0|108|252|||||5.875|0.00||||||||||||||||||||45466.52
F05Q10000692|201403|45357.56|0|109|251|||||5.875|0.00||||||||||||||||||||45357.56
F05Q10000692|201404|45248.06|0|110|250|||||5.875|0.00||||||||||||||||||||45248.06
F05Q10000692|201405|45138.03|0|111|249|||||5.875|0.00||||||||||||||||||||45138.03
F05Q10000692|201406|45027.46|0|112|248|||||5.875|0.00||||||||||||||||||||45027.46
F05Q10000692|201407|44804.69|0|113|247|||||5.875|0.00||||||||||||||||||||44804.69
F05Q10000692|201408|44692.49|0|114|246|||||5.875|0.00||||||||||||||||||||44692.49
F05Q10000692|201409|44692.49|0|115|245|||||5.875|0.00||||||||||||||||||||44692.49
F05Q10000692|201410|44579.74|0|116|244|||||5.875|0.00||||||||||||||||||||44579.74
F05Q10000692|201411|44466.43|0|117|243|||||5.875|0.00||||||||||||||||||||44466.43
F05Q10000692|201412|44352.57|0|118|242|||||5.875|0.00||||||||||||||||||||44352.57
F05Q10000692|201501|44238.15|0|119|241|||||5.875|0.00||||||||||||||||||||44238.15
F05Q10000692|201502|44007.63|0|120|240|||||5.875|0.00||||||||||||||||||||44007.63
F05Q10000692|201503|43891.52|0|121|239|||||5.875|0.00||||||||||||||||||||43891.52
F05Q10000692|201504|43774.85|0|122|238|||||5.875|0.00||||||||||||||||||||43774.85
F05Q10000692|201505|43421.38|0|123|237|||||5.875|0.00||||||||||||||||||||43421.38
F05Q10000692|201506|43421.38|0|124|236|||||5.875|0.00||||||||||||||||||||43421.38
F05Q10000692|201507|43302.40|0|125|235|||||5.875|0.00||||||||||||||||||||43302.40
F05Q10000692|201508|39889.60|0|126|234|||||5.875|0.00||||||||||||||||||||39889.60
F05Q10000692|201509|39889.60|0|127|233|||||5.875|0.00||||||||||||||||||||39889.60
F05Q10000692|201510|39602.04|0|128|232|||||5.875|0.00||||||||||||||||||||39602.04
F05Q10000692|201511|37455.92|0|129|231|||||5.875|0.00||||||||||||||||||||37455.92
F05Q10000692|201512|36436.93|0|130|230|||||5.875|0.00||||||||||||||||||||36436.93
F05Q10000692|201601|35506.01|0|131|229|||||5.875|0.00||||||||||||||||||||35506.01
F05Q10000692|201602|34059.08|0|132|228|||||5.875|0.00||||||||||||||||||||34059.08
F05Q10000692|201603|32515.86|0|133|227|||||5.875|0.00||||||||||||||||||||32515.86
F05Q10000692|201604|30177.69|0|134|226|||||5.875|0.00||||||||||||||||||||30177.69
F05Q10000692|201605|29311.37|0|135|225|||||5.875|0.00||||||||||||||||||||29311.37
F05Q10000692|201606|28445.05|0|136|224|||||5.875|0.00||||||||||||||||||||28445.05
F05Q10000692|201607|27578.73|0|137|223|||||5.875|0.00||||||||||||||||||||27578.73
F05Q10000692|201608|27145.57|0|138|222|||||5.875|0.00||||||||||||||||||||27145.57
F05Q10000692|201609|26513.75|0|139|221|||||5.875|0.00||||||||||||||||||||26513.75
F05Q10000692|201610|25901.63|0|140|220|||||5.875|0.00||||||||||||||||||||25901.63
F05Q10000692|201611|25252.37|0|141|219|||||5.875|0.00||||||||||||||||||||25252.37
F05Q10000692|201612|24599.93|0|142|218|||||5.875|0.00||||||||||||||||||||24599.93
F05Q10000692|201701|23710.91|0|143|217|||||5.875|0.00||||||||||||||||||||23710.91
F05Q10000692|201702|23050.92|0|144|216|||||5.875|0.00||||||||||||||||||||23050.92
F05Q10000692|201703|22387.70|0|145|215|||||5.875|0.00||||||||||||||||||||22387.70
F05Q10000692|201704|21721.24|0|146|214|||||5.875|0.00||||||||||||||999||||||21721.24
F05Q10000692|201705|21051.51|0|147|213|||||5.875|0.00||||||||||||||999||||||21051.51
F05Q10000692|201706|20823.01|0|148|212|||||5.875|0.00||||||||||||||999||||||20823.01
F05Q10000692|201707|20593.40|0|149|211|||||5.875|0.00||||||||||||||18||||||20593.40
F05Q10000692|201708|20130.79|0|150|210|||||5.875|0.00||||||||||||||18||||||20130.79
F05Q10000692|201709|19453.28|0|151|209|||||5.875|0.00||||||||||||||17||||||19453.28
F05Q10000692|201710|18797.63|0|152|208|||||5.875|0.00||||||||||||||17||||||18797.63
F05Q10000692|201711|18797.63|0|153|207|||||5.875|0.00||||||||||||||17||||||18797.63
F05Q10000692|201712|17406.83|0|154|206|||||5.875|0.00||||||||||||||22||||||17406.83
F05Q10000692|201801|16952.66|0|155|205|||||5.875|0.00||||||||||||||22||||||16952.66
F05Q10000692|201802|15543.76|0|156|204|||||5.875|0.00||||||||||||||19||||||15543.76
F05Q10000692|201803|14834.13|0|157|203|||||5.875|0.00||||||||||||||18||||||14834.13
F05Q10000692|201804|14121.03|0|158|202|||||5.875|0.00||||||||||||||13||||||14121.03
F05Q10000692|201805|13404.43|0|159|201|||||5.875|0.00||||||||||||||12||||||13404.43
F05Q10000692|201806|12684.33|0|160|200|||||5.875|0.00||||||||||||||15||||||12684.33
F05Q10000692|201807|12414.87|0|161|199|||||5.875|0.00||||||||||||||15||||||12414.87
F05Q10000692|201808|12144.09|0|162|198|||||5.875|0.00||||||||||||||15||||||12144.09
F05Q10000692|201809|11235.75|0|163|197|||||5.875|0.00||||||||||||||14||||||11235.75
F05Q10000692|201810|10672.42|0|164|196|||||5.875|0.00||||||||||||||13||||||10672.42
F05Q10000692|201811|9947.81|0|165|195|||||5.875|0.00||||||||||||||12||||||9947.81
F05Q10000692|201812|9057.21|0|166|194|||||5.875|0.00||||||||||||||10||||||9057.21
F05Q10000692|201901|8481.37|0|167|193|||||5.875|0.00||||||||||||||9||||||8481.37
F05Q10000692|201902|7590.77|0|168|192|||||5.875|0.00||||||||||||||9||||||7590.77
F05Q10000692|201903|6851.07|0|169|191|||||5.875|0.00||||||||||||||8||||||6851.07
F05Q10000692|201904|6553.05|0|170|190|||||5.875|0.00||||||||||||||8||||||6553.05
F05Q10000692|201905|5505.15|0|171|189|||||5.875|0.00||||||||||||||6||||||5505.15
F05Q10000692|201906|5200.54|0|172|188|||||5.875|0.00||||||||||||||999||||||5200.54
F05Q10000692|201907|4449.14|0|173|187|||||5.875|0.00||||||||||||||5||||||4449.14
F05Q10000692|201908|4449.14|0|174|186|||||5.875|0.00||||||||||||||999||||||4449.14
F05Q10000692|201909|3828.07|0|175|185|||||5.875|0.00||||||||||||||999||||||3828.07
F05Q10000692|201910|3515.25|0|176|184|||||5.875|0.00||||||||||||||999||||||3515.25
F05Q10000692|201911|3200.90|0|177|183|||||5.875|0.00||||||||||||||999||||||3200.90
F05Q10000692|201912|2885.01|0|178|182|||||5.875|0.00||||||||||||||999||||||2885.01
F05Q10000692|202001|2567.57|0|179|181|||||5.875|0.00||||||||||||||999||||||2567.57
F05Q10000692|202002|1782.99|0|180|180|||||5.875|0.00||||||||||||||999||||||1782.99
F05Q10000692|202003|1782.99|0|181|179|||||5.875|0.00||||||||||||||999||||||1782.99
F05Q10000692|202004|1460.16|0|182|178|||||5.875|0.00||||||||||||||999||||||1460.16
F05Q10000692|202005|809.75|0|183|177|||||5.875|0.00||||||||||||||999||||||809.75
F05Q10000692|202006|482.15|0|184|176|||||5.875|0.00||||||||||||||999||||||482.15
F05Q10000692|202007|0.00|0|185|175|||01|202007|5.875|0.00|202007|||||||||||||999|482.15|||||0.00
F05Q10000718|200502|150000.00|0|000|360|||||5.625|0.00||||||||||||||||||||150000.00
F05Q10000718|200503|150000.00|0|001|359|||||5.625|0.00||||||||||||||||||||150000.00
F05Q10000718|200504|150000.00|0|002|358|||||5.625|0.00||||||||||||||||||||150000.00
F05Q10000718|200505|150000.00|0|003|357|||||5.625|0.00||||||||||||||||||||150000.00
F05Q10000718|200506|149000.00|0|004|356|||||5.625|0.00||||||||||||||||||||149000.00
F05Q10000718|200507|149000.00|0|005|355|||||5.625|0.00||||||||||||||||||||149000.00
F05Q10000718|200508|149000.00|0|006|354|||||5.625|0.00||||||||||||||||||||149000.00
F05Q10000718|200509|148861.61|0|007|353|||||5.625|0.00||||||||||||||||||||148861.61
F05Q10000718|200510|148695.92|0|008|352|||||5.625|0.00||||||||||||||||||||148695.92
F05Q10000718|200511|148529.45|0|009|351|||||5.625|0.00||||||||||||||||||||148529.45
F05Q10000718|200512|148362.20|0|010|350|||||5.625|0.00||||||||||||||||||||148362.20
F05Q10000718|200601|148194.17|0|011|349|||||5.625|0.00||||||||||||||||||||148194.17
F05Q10000718|200602|147025.35|0|012|348|||||5.625|0.00||||||||||||||||||||147025.35
F05Q10000718|200603|146851.05|0|013|347|||||5.625|0.00||||||||||||||||||||146851.05
F05Q10000718|200604|146675.93|0|014|346|||||5.625|0.00||||||||||||||||||||146675.93
F05Q10000718|200605|146499.99|0|015|345|||||5.625|0.00||||||||||||||||||||146499.99
F05Q10000718|200606|146323.23|0|016|344|||||5.625|0.00||||||||||||||||||||146323.23
F05Q10000718|200607|146145.64|0|017|343|||||5.625|0.00||||||||||||||||||||146145.64
F05Q10000718|200608|145967.22|0|018|342|||||5.625|0.00||||||||||||||||||||145967.22
F05Q10000718|200609|145787.96|0|019|341|||||5.625|0.00||||||||||||||||||||145787.96
F05Q10000718|200610|145607.86|0|020|340|||||5.625|0.00||||||||||||||||||||145607.86
F05Q10000718|200611|145426.92|0|021|339|||||5.625|0.00||||||||||||||||||||145426.92
F05Q10000718|200612|145245.13|0|022|338|||||5.625|0.00||||||||||||||||||||145245.13
F05Q10000718|200701|145062.49|0|023|337|||||5.625|0.00||||||||||||||||||||145062.49
F05Q10000718|200702|144878.99|0|024|336|||||5.625|0.00||||||||||||||||||||144878.99
F05Q10000718|200703|144694.63|0|025|335|||||5.625|0.00||||||||||||||||||||144694.63
F05Q10000718|200704|144509.41|0|026|334|||||5.625|0.00||||||||||||||||||||144509.41
F05Q10000718|200705|144323.32|0|027|333|||||5.625|0.00||||||||||||||||||||144323.32
F05Q10000718|200706|144136.36|0|028|332|||||5.625|0.00||||||||||||||||||||144136.36
F05Q10000718|200707|143948.52|0|029|331|||||5.625|0.00||||||||||||||||||||143948.52
F05Q10000718|200708|143759.80|0|030|330|||||5.625|0.00||||||||||||||||||||143759.80
F05Q10000718|200709|143570.19|0|031|329|||||5.625|0.00||||||||||||||||||||143570.19
F05Q10000718|200710|143379.70|0|032|328|||||5.625|0.00||||||||||||||||||||143379.70
F05Q10000718|200711|143188.31|0|033|327|||||5.625|0.00||||||||||||||||||||143188.31
F05Q10000718|200712|142996.03|0|034|326|||||5.625|0.00||||||||||||||||||||142996.03
F05Q10000718|200801|142802.84|0|035|325|||||5.625|0.00||||||||||||||||||||142802.84
F05Q10000718|200802|142608.75|0|036|324|||||5.625|0.00||||||||||||||||||||142608.75
F05Q10000718|200803|142413.75|0|037|323|||||5.625|0.00||||||||||||||||||||142413.75
F05Q10000718|200804|142217.83|0|038|322|||||5.625|0.00||||||||||||||||||||142217.83
F05Q10000718|200805|142021.00|0|039|321|||||5.625|0.00||||||||||||||||||||142021.00
F05Q10000718|200806|141823.24|0|040|320|||||5.625|0.00||||||||||||||||||||141823.24
F05Q10000718|200807|141624.56|0|041|319|||||5.625|0.00||||||||||||||||||||141624.56
F05Q10000718|200808|141424.95|0|042|318|||||5.625|0.00||||||||||||||||||||141424.95
F05Q10000718|200809|141224.40|0|043|317|||||5.625|0.00||||||||||||||||||||141224.40
F05Q10000718|200810|141022.91|0|044|316|||||5.625|0.00||||||||||||||||||||141022.91
F05Q10000718|200811|140820.47|0|045|315|||||5.625|0.00||||||||||||||||||||140820.47
F05Q10000718|200812|140617.09|0|046|314|||||5.625|0.00||||||||||||||||||||140617.09
F05Q10000718|200901|140412.75|0|047|313|||||5.625|0.00||||||||||||||||||||140412.75
F05Q10000718|200902|140207.45|0|048|312|||||5.625|0.00||||||||||||||||||||140207.45
F05Q10000718|200903|140001.19|0|049|311|||||5.625|0.00||||||||||||||||||||140001.19
F05Q10000718|200904|139793.97|0|050|310|||||5.625|0.00||||||||||||||||||||139793.97
F05Q10000718|200905|139585.77|0|051|309|||||5.625|0.00||||||||||||||||||||139585.77
F05Q10000718|200906|139376.60|0|052|308|||||5.625|0.00||||||||||||||||||||139376.60
F05Q10000718|200907|139166.45|0|053|307|||||5.625|0.00||||||||||||||||||||139166.45
F05Q10000718|200908|138955.31|0|054|306|||||5.625|0.00||||||||||||||||||||138955.31
F05Q10000718|200909|138743.18|0|055|305|||||5.625|0.00||||||||||||||||||||138743.18
F05Q10000718|200910|138530.06|0|056|304|||||5.625|0.00||||||||||||||||||||138530.06
F05Q10000718|200911|138315.94|0|057|303|||||5.625|0.00||||||||||||||||||||138315.94
F05Q10000718|200912|138100.82|0|058|302|||||5.625|0.00||||||||||||||||||||138100.82
F05Q10000718|201001|137884.69|0|059|301|||||5.625|0.00||||||||||||||||||||137884.69
F05Q10000718|201002|137667.54|0|060|300|||||5.625|0.00||||||||||||||||||||137667.54
F05Q10000718|201003|137449.38|0|061|299|||||5.625|0.00||||||||||||||||||||137449.38
F05Q10000718|201004|137230.19|0|062|298|||||5.625|0.00||||||||||||||||||||137230.19
F05Q10000718|201005|137009.98|0|063|297|||||5.625|0.00||||||||||||||||||||137009.98
F05Q10000718|201006|136788.73|0|064|296|||||5.625|0.00||||||||||||||||||||136788.73
F05Q10000718|201007|136566.45|0|065|295|||||5.625|0.00||||||||||||||||||||136566.45
F05Q10000718|201008|136343.13|0|066|294|||||5.625|0.00||||||||||||||||||||136343.13
F05Q10000718|201009|136118.76|0|067|293|||||5.625|0.00||||||||||||||||||||136118.76
F05Q10000718|201010|135893.34|0|068|292|||||5.625|0.00||||||||||||||||||||135893.34
F05Q10000718|201011|135666.86|0|069|291|||||5.625|0.00||||||||||||||||||||135666.86
F05Q10000718|201012|135439.32|0|070|290|||||5.625|0.00||||||||||||||||||||135439.32
F05Q10000718|201101|135210.71|0|071|289|||||5.625|0.00||||||||||||||||||||135210.71
F05Q10000718|201102|134981.03|0|072|288|||||5.625|0.00||||||||||||||||||||134981.03
F05Q10000718|201103|134750.27|0|073|287|||||5.625|0.00||||||||||||||||||||134750.27
F05Q10000718|201104|134518.43|0|074|286|||||5.625|0.00||||||||||||||||||||134518.43
F05Q10000718|201105|134285.51|0|075|285|||||5.625|0.00||||||||||||||||||||134285.51
F05Q10000718|201106|134051.49|0|076|284|||||5.625|0.00||||||||||||||||||||134051.49
F05Q10000718|201107|133816.38|0|077|283|||||5.625|0.00||||||||||||||||||||133816.38
F05Q10000718|201108|133580.16|0|078|282|||||5.625|0.00||||||||||||||||||||133580.16
F05Q10000718|201109|133342.84|0|079|281|||||5.625|0.00||||||||||||||||||||133342.84
F05Q10000718|201110|133104.40|0|080|280|||||5.625|0.00||||||||||||||||||||133104.40
F05Q10000718|201111|132864.85|0|081|279|||||5.625|0.00||||||||||||||||||||132864.85
F05Q10000718|201112|132624.17|0|082|278|||||5.625|0.00||||||||||||||||||||132624.17
F05Q10000718|201201|132382.37|0|083|277|||||5.625|0.00||||||||||||||||||||132382.37
F05Q10000718|201202|0.00|0|084|276|||01|201202|5.625|0.00|||||||||||||||132382.37|||||0.00
F05Q10000719|200502|112000.00|0|000|240|||||6.000|0.00||||||||||||||||||||112000.00
F05Q10000719|200503|112000.00|0|001|239|||||6.000|0.00||||||||||||||||||||112000.00
F05Q10000719|200504|112000.00|0|002|238|||||6.000|0.00||||||||||||||||||||112000.00
F05Q10000719|200505|111000.00|0|003|237|||||6.000|0.00||||||||||||||||||||111000.00
F05Q10000719|200506|111000.00|0|004|236|||||6.000|0.00||||||||||||||||||||111000.00
F05Q10000719|200507|111000.00|0|005|235|||||6.000|0.00||||||||||||||||||||111000.00
F05Q10000719|200508|111000.00|0|006|234|||||6.000|0.00||||||||||||||||||||111000.00
F05Q10000719|200509|0.00|0|007|233|||01|200509|6.000|0.00|||||||||||||||110516.80|||||0.00
F05Q10000742|200502|150000.00|0|000|360|||||5.750|0.00||||||||||||||||||||150000.00
F05Q10000742|200503|150000.00|0|001|359|||||5.750|0.00||||||||||||||||||||150000.00
F05Q10000742|200504|0.00|0|002|358|||01|200504|5.750|0.00|||||||||||||||150242.98|||||0.00
F05Q10000744|200503|25000.00|0|000|360|||||5.875|0.00||||||||||||||||||||25000.00
F05Q10000744|200504|25000.00|0|001|359|||||5.875|0.00||||||||||||||||||||25000.00
F05Q10000744|200505|25000.00|0|002|358|||||5.875|0.00||||||||||||||||||||25000.00
F05Q10000744|200506|25000.00|0|003|357|||||5.875|0.00||||||||||||||||||||25000.00
F05Q10000744|200507|25000.00|0|004|356|||||5.875|0.00||||||||||||||||||||25000.00
F05Q10000744|200508|25000.00|0|005|355|||||5.875|0.00||||||||||||||||||||25000.00
F05Q10000744|200509|25000.00|0|006|354|||||5.875|0.00||||||||||||||||||||25000.00
F05Q10000744|200510|24521.11|0|007|353|||||5.875|0.00||||||||||||||||||||24521.11
F05Q10000744|200511|24495.05|0|008|352|||||5.875|0.00||||||||||||||||||||24495.05
F05Q10000744|200512|24468.86|0|009|351|||||5.875|0.00||||||||||||||||||||24468.86
F05Q10000744|200601|24442.55|0|010|350|||||5.875|0.00||||||||||||||||||||24442.55
F05Q10000744|200602|24416.11|0|011|349|||||5.875|0.00||||||||||||||||||||24416.11
F05Q10000744|200603|24389.54|0|012|348|||||5.875|0.00||||||||||||||||||||24389.54
F05Q10000744|200604|24362.84|0|013|347|||||5.875|0.00||||||||||||||||||||24362.84
F05Q10000744|200605|24336.01|0|014|346|||||5.875|0.00||||||||||||||||||||24336.01
F05Q10000744|200606|24309.05|0|015|345|||||5.875|0.00||||||||||||||||||||24309.05
F05Q10000744|200607|24281.95|0|016|344|||||5.875|0.00||||||||||||||||||||24281.95
F05Q10000744|200608|24254.72|0|017|343|||||5.875|0.00||||||||||||||||||||24254.72
F05Q10000744|200609|24227.36|0|018|342|||||5.875|0.00||||||||||||||||||||24227.36
F05Q10000744|200610|24199.86|0|019|341|||||5.875|0.00||||||||||||||||||||24199.86
F05Q10000744|200611|24172.23|0|020|340|||||5.875|0.00||||||||||||||||||||24172.23
F05Q10000744|200612|24144.46|0|021|339|||||5.875|0.00||||||||||||||||||||24144.46
F05Q10000744|200701|24116.56|0|022|338|||||5.875|0.00||||||||||||||||||||24116.56
F05Q10000744|200702|24088.52|0|023|337|||||5.875|0.00||||||||||||||||||||24088.52
F05Q10000744|200703|24060.34|0|024|336|||||5.875|0.00||||||||||||||||||||24060.34
F05Q10000744|200704|24032.03|0|025|335|||||5.875|0.00||||||||||||||||||||24032.03
F05Q10000744|200705|24003.58|0|026|334|||||5.875|0.00||||||||||||||||||||24003.58
F05Q10000744|200706|23974.99|0|027|333|||||5.875|0.00||||||||||||||||||||23974.99
F05Q10000744|200707|23946.26|0|028|332|||||5.875|0.00||||||||||||||||||||23946.26
F05Q10000744|200708|23913.30|0|029|331|||||5.875|0.00||||||||||||||||||||23913.30
F05Q10000744|200709|23880.18|0|030|330|||||5.875|0.00||||||||||||||||||||23880.18
F05Q10000744|200710|23850.98|0|031|329|||||5.875|0.00||||||||||||||||||||23850.98
F05Q10000744|200711|23816.64|0|032|328|||||5.875|0.00||||||||||||||||||||23816.64
F05Q10000744|200712|23787.13|0|033|327|||||5.875|0.00||||||||||||||||||||23787.13
F05Q10000744|200801|23757.48|0|034|326|||||5.875|0.00||||||||||||||||||||23757.48
F05Q10000744|200802|23717.88|0|035|325|||||5.875|0.00||||||||||||||||||||23717.88
F05Q10000744|200803|23687.89|0|036|324|||||5.875|0.00||||||||||||||||||||23687.89
F05Q10000744|200804|23647.95|0|037|323|||||5.875|0.00||||||||||||||||||||23647.95
F05Q10000744|200805|23607.82|0|038|322|||||5.875|0.00||||||||||||||||||||23607.82
F05Q10000744|200806|23567.49|0|039|321|||||5.875|0.00||||||||||||||||||||23567.49
F05Q10000744|200807|23536.76|0|040|320|||||5.875|0.00||||||||||||||||||||23536.76
F05Q10000744|200808|23505.88|0|041|319|||||5.875|0.00||||||||||||||||||||23505.88
F05Q10000744|200809|23474.85|0|042|318|||||5.875|0.00||||||||||||||||||||23474.85
F05Q10000744|200810|23443.67|0|043|317|||||5.875|0.00||||||||||||||||||||23443.67
F05Q10000744|200811|23443.67|0|044|316|||||5.875|0.00||||||||||||||||||||23443.67
F05Q10000744|200812|23412.34|0|045|315|||||5.875|0.00||||||||||||||||||||23412.34
F05Q10000744|200901|23349.21|0|046|314|||||5.875|0.00||||||||||||||||||||23349.21
F05Q10000744|200902|23317.41|0|047|313|||||5.875|0.00||||||||||||||||||||23317.41
F05Q10000744|200903|23285.46|0|048|312|||||5.875|0.00||||||||||||||||||||23285.46
F05Q10000744|200904|23247.11|0|049|311|||||5.875|0.00||||||||||||||||||||23247.11
F05Q10000744|200905|23247.11|0|050|310|||||5.875|0.00||||||||||||||||||||23247.11
F05Q10000744|200906|23214.81|0|051|309|||||5.875|0.00||||||||||||||||||||23214.81
F05Q10000744|200907|23175.05|0|052|308|||||5.875|0.00||||||||||||||||||||23175.05
F05Q10000744|200908|23105.64|0|053|307|||||5.875|0.00||||||||||||||||||||23105.64
F05Q10000744|200909|23105.64|0|054|306|||||5.875|0.00||||||||||||||||||||23105.64
F05Q10000744|200910|23039.50|0|055|305|||||5.875|0.00||||||||||||||||||||23039.50
F05Q10000744|200911|22994.82|0|056|304|||||5.875|0.00||||||||||||||||||||22994.82
F05Q10000744|200912|22994.82|0|057|303|||||5.875|0.00||||||||||||||||||||22994.82
F05Q10000744|201001|22961.29|1|058|302|||||5.875|0.00||||||||||||||||||||22961.29
F05Q10000744|201002|22927.59|1|059|301|||||5.875|0.00||||||||||||||||||||22927.59
F05Q10000744|201003|22893.73|1|060|300|||||5.875|0.00||||||||||||||||||||22893.73
F05Q10000744|201004|22893.73|0|061|299|||||5.875|0.00||||||||||||||||||||22893.73
F05Q10000744|201005|22825.51|0|062|298|||||5.875|0.00||||||||||||||||||||22825.51
F05Q10000744|201006|22791.15|1|063|297|||||5.875|0.00||||||||||||||||||||22791.15
F05Q10000744|201007|22791.15|2|064|296|||||5.875|0.00||||||||||||||||||||22791.15
F05Q10000744|201008|22791.15|3|065|295|||||5.875|0.00||||||||||||||||||||22791.15
F05Q10000744|201009|22791.15|4|066|294|||||5.875|0.00||||||||||||||||||||22791.15
F05Q10000744|201010|22791.15|5|067|293|||||5.875|0.00||||||||||||||||||||22791.15
F05Q10000744|201011|22791.15|6|068|292|||||5.875|0.00||||||||||||||||||||22791.15
F05Q10000744|201012|22791.15|7|069|291|||||5.875|0.00||||||||||||||||||||22791.15
F05Q10000744|201101|22791.15|8|070|290|||||5.875|0.00||||||||||||||||||||22791.15
F05Q10000744|201102|22791.15|9|071|289|||||5.875|0.00||||||||||||||||||||22791.15
F05Q10000744|201103|22791.15|10|072|288|||||5.875|0.00||||||||||||||||||||22791.15
F05Q10000744|201104|22791.15|11|073|287|||||5.875|0.00||||||||||||||||||||22791.15
F05Q10000744|201105|22791.15|RA|074|286|||||5.875|0.00||||||||||||||||||||22791.15
F05Q10000744|201106|22791.15|RA|075|285|||||5.875|0.00||||||||||||||||||||22791.15
F05Q10000744|201107|22791.15|RA|076|284|||||5.875|0.00||||||||||||||||||||22791.15
F05Q10000744|201108|22791.15|RA|077|283|||||5.875|0.00||||||||||||||||||||22791.15
F05Q10000744|201109|22791.15|RA|078|282|||||5.875|0.00||||||||||||||||||||22791.15
F05Q10000744|201110|0.00|RA|079|281|||09|201110|5.875|0.00|201005|7521.07|3036.47|704.10|-6682.28|-2888.58|-3039.85|-498.85|-255.00|-19995.67|||||22791.15|1783.88||||0.00
F05Q10000758|200502|143000.00|0|000|360|||||5.875|0.00||||||||||||||||||||143000.00
F05Q10000758|200503|143000.00|0|001|359|||||5.875|0.00||||||||||||||||||||143000.00
F05Q10000758|200504|142000.00|0|002|358|||||5.875|0.00||||||||||||||||||||142000.00
F05Q10000758|200505|142000.00|0|003|357|||||5.875|0.00||||||||||||||||||||142000.00
F05Q10000758|200506|142000.00|0|004|356|||||5.875|0.00||||||||||||||||||||142000.00
F05Q10000758|200507|142000.00|0|005|355|||||5.875|0.00||||||||||||||||||||142000.00
F05Q10000758|200508|142000.00|0|006|354|||||5.875|0.00||||||||||||||||||||142000.00
F05Q10000758|200509|141743.91|0|007|353|||||5.875|0.00||||||||||||||||||||141743.91
F05Q10000758|200510|141593.27|0|008|352|||||5.875|0.00||||||||||||||||||||141593.27
F05Q10000758|200511|141441.90|0|009|351|||||5.875|0.00||||||||||||||||||||141441.90
F05Q10000758|200512|141289.79|0|010|350|||||5.875|0.00||||||||||||||||||||141289.79
F05Q10000758|200601|141136.93|0|011|349|||||5.875|0.00||||||||||||||||||||141136.93
F05Q10000758|200602|140983.32|0|012|348|||||5.875|0.00||||||||||||||||||||140983.32
F05Q10000758|200603|140828.96|0|013|347|||||5.875|0.00||||||||||||||||||||140828.96
F05Q10000758|200604|140673.85|0|014|346|||||5.875|0.00||||||||||||||||||||140673.85
F05Q10000758|200605|140517.98|0|015|345|||||5.875|0.00||||||||||||||||||||140517.98
F05Q10000758|200606|140361.34|0|016|344|||||5.875|0.00||||||||||||||||||||140361.34
F05Q10000758|200607|140203.94|0|017|343|||||5.875|0.00||||||||||||||||||||140203.94
F05Q10000758|200608|140045.77|0|018|342|||||5.875|0.00||||||||||||||||||||140045.77
F05Q10000758|200609|139886.82|0|019|341|||||5.875|0.00||||||||||||||||||||139886.82
F05Q10000758|200610|139727.09|0|020|340|||||5.875|0.00||||||||||||||||||||139727.09
F05Q10000758|200611|139566.58|0|021|339|||||5.875|0.00||||||||||||||||||||139566.58
F05Q10000758|200612|139405.28|0|022|338|||||5.875|0.00||||||||||||||||||||139405.28
F05Q10000758|200701|139243.20|0|023|337|||||5.875|0.00||||||||||||||||||||139243.20
F05Q10000758|200702|139080.32|0|024|336|||||5.875|0.00||||||||||||||||||||139080.32
F05Q10000758|200703|138916.64|0|025|335|||||5.875|0.00||||||||||||||||||||138916.64
F05Q10000758|200704|138752.16|0|026|334|||||5.875|0.00||||||||||||||||||||138752.16
F05Q10000758|200705|138586.88|0|027|333|||||5.875|0.00||||||||||||||||||||138586.88
F05Q10000758|200706|138420.79|0|028|332|||||5.875|0.00||||||||||||||||||||138420.79
F05Q10000758|200707|138253.89|0|029|331|||||5.875|0.00||||||||||||||||||||138253.89
F05Q10000758|200708|138086.17|0|030|330|||||5.875|0.00||||||||||||||||||||138086.17
F05Q10000758|200709|137917.63|0|031|329|||||5.875|0.00||||||||||||||||||||137917.63
F05Q10000758|200710|137748.26|0|032|328|||||5.875|0.00||||||||||||||||||||137748.26
F05Q10000758|200711|137578.06|0|033|327|||||5.875|0.00||||||||||||||||||||137578.06
F05Q10000758|200712|137407.03|0|034|326|||||5.875|0.00||||||||||||||||||||137407.03
F05Q10000758|200801|137235.16|0|035|325|||||5.875|0.00||||||||||||||||||||137235.16
F05Q10000758|200802|137062.45|0|036|324|||||5.875|0.00||||||||||||||||||||137062.45
F05Q10000758|200803|136888.89|0|037|323|||||5.875|0.00||||||||||||||||||||136888.89
F05Q10000758|200804|0.00|0|038|322|||01|200804|5.875|0.00|||||||||||||||136888.89|||||0.00
F05Q10000768|200502|48000.00|0|000|180|||||5.125|0.00||||||||||||||||||||48000.00
F05Q10000768|200503|47000.00|0|001|179|||||5.125|0.00||||||||||||||||||||47000.00
F05Q10000768|200504|47000.00|0|002|178|||||5.125|0.00||||||||||||||||||||47000.00
F05Q10000768|200505|47000.00|0|003|177|||||5.125|0.00||||||||||||||||||||47000.00
F05Q10000768|200506|47000.00|0|004|176|||||5.125|0.00||||||||||||||||||||47000.00
F05Q10000768|200507|47000.00|0|005|175|||||5.125|0.00||||||||||||||||||||47000.00
F05Q10000768|200508|47000.00|0|006|174|||||5.125|0.00||||||||||||||||||||47000.00
F05Q10000768|200509|46350.48|0|007|173|||||5.125|0.00||||||||||||||||||||46350.48
F05Q10000768|200510|46350.48|0|008|172|||||5.125|0.00||||||||||||||||||||46350.48
F05Q10000768|200511|45986.58|0|009|171|||||5.125|0.00||||||||||||||||||||45986.58
F05Q10000768|200512|45803.46|0|010|170|||||5.125|0.00||||||||||||||||||||45803.46
F05Q10000768|200601|45803.46|0|011|169|||||5.125|0.00||||||||||||||||||||45803.46
F05Q10000768|200602|45434.87|0|012|168|||||5.125|0.00||||||||||||||||||||45434.87
F05Q10000768|200603|45249.39|0|013|167|||||5.125|0.00||||||||||||||||||||45249.39
F05Q10000768|200604|45249.39|0|014|166|||||5.125|0.00||||||||||||||||||||45249.39
F05Q10000768|200605|44876.06|0|015|165|||||5.125|0.00||||||||||||||||||||44876.06
F05Q10000768|200606|44688.20|0|016|164|||||5.125|0.00||||||||||||||||||||44688.20
F05Q10000768|200607|44688.20|0|017|163|||||5.125|0.00||||||||||||||||||||44688.20
F05Q10000768|200608|44310.07|0|018|162|||||5.125|0.00||||||||||||||||||||44310.07
F05Q10000768|200609|44119.79|0|019|161|||||5.125|0.00||||||||||||||||||||44119.79
F05Q10000768|200610|44119.79|0|020|160|||||5.125|0.00||||||||||||||||||||44119.79
F05Q10000768|200611|43736.79|0|021|159|||||5.125|0.00||||||||||||||||||||43736.79
F05Q10000768|200612|43544.06|0|022|158|||||5.125|0.00||||||||||||||||||||43544.06
F05Q10000768|200701|43350.51|0|023|157|||||5.125|0.00||||||||||||||||||||43350.51
F05Q10000768|200702|43156.13|0|024|156|||||5.125|0.00||||||||||||||||||||43156.13
F05Q10000768|200703|42960.92|0|025|155|||||5.125|0.00||||||||||||||||||||42960.92
F05Q10000768|200704|42960.92|0|026|154|||||5.125|0.00||||||||||||||||||||42960.92
F05Q10000768|200705|42568.00|0|027|153|||||5.125|0.00||||||||||||||||||||42568.00
F05Q10000768|200706|42370.28|0|028|152|||||5.125|0.00||||||||||||||||||||42370.28
F05Q10000768|200707|42370.28|0|029|151|||||5.125|0.00||||||||||||||||||||42370.28
F05Q10000768|200708|41972.31|0|030|150|||||5.125|0.00||||||||||||||||||||41972.31
F05Q10000768|200709|41972.31|0|031|149|||||5.125|0.00||||||||||||||||||||41972.31
F05Q10000768|200710|41570.93|0|032|148|||||5.125|0.00||||||||||||||||||||41570.93
F05Q10000768|200711|41368.95|0|033|147|||||5.125|0.00||||||||||||||||||||41368.95
F05Q10000768|200712|41368.95|0|034|146|||||5.125|0.00||||||||||||||||||||41368.95
F05Q10000768|200801|40962.40|0|035|145|||||5.125|0.00||||||||||||||||||||40962.40
F05Q10000768|200802|40757.82|0|036|144|||||5.125|0.00||||||||||||||||||||40757.82
F05Q10000768|200803|40757.82|0|037|143|||||5.125|0.00||||||||||||||||||||40757.82
F05Q10000768|200804|40346.04|0|038|142|||||5.125|0.00||||||||||||||||||||40346.04
F05Q10000768|200805|40138.83|0|039|141|||||5.125|0.00||||||||||||||||||||40138.83
F05Q10000768|200806|40138.83|0|040|140|||||5.125|0.00||||||||||||||||||||40138.83
F05Q10000768|200807|39721.76|0|041|139|||||5.125|0.00||||||||||||||||||||39721.76
F05Q10000768|200808|39511.89|0|042|138|||||5.125|0.00||||||||||||||||||||39511.89
F05Q10000768|200809|39301.12|0|043|137|||||5.125|0.00||||||||||||||||||||39301.12
F05Q10000768|200810|39089.45|0|044|136|||||5.125|0.00||||||||||||||||||||39089.45
F05Q10000768|200811|39089.45|0|045|135|||||5.125|0.00||||||||||||||||||||39089.45
F05Q10000768|200812|38663.39|0|046|134|||||5.125|0.00||||||||||||||||||||38663.39
F05Q10000768|200901|38448.99|0|047|133|||||5.125|0.00||||||||||||||||||||38448.99
F05Q10000768|200902|38448.99|0|048|132|||||5.125|0.00||||||||||||||||||||38448.99
F05Q10000768|200903|38233.68|0|049|131|||||5.125|0.00||||||||||||||||||||38233.68
F05Q10000768|200904|37800.30|0|050|130|||||5.125|0.00||||||||||||||||||||37800.30
F05Q10000768|200905|37582.22|0|051|129|||||5.125|0.00||||||||||||||||||||37582.22
F05Q10000768|200906|37363.21|0|052|128|||||5.125|0.00||||||||||||||||||||37363.21
F05Q10000768|200907|37143.26|0|053|127|||||5.125|0.00||||||||||||||||||||37143.26
F05Q10000768|200908|37143.26|0|054|126|||||5.125|0.00||||||||||||||||||||37143.26
F05Q10000768|200909|36700.54|0|055|125|||||5.125|0.00||||||||||||||||||||36700.54
F05Q10000768|200910|36477.76|0|056|124|||||5.125|0.00||||||||||||||||||||36477.76
F05Q10000768|200911|36477.76|0|057|123|||||5.125|0.00||||||||||||||||||||36477.76
F05Q10000768|200912|36029.34|0|058|122|||||5.125|0.00||||||||||||||||||||36029.34
F05Q10000768|201001|35803.70|0|059|121|||||5.125|0.00||||||||||||||||||||35803.70
F05Q10000768|201002|35577.09|0|060|120|||||5.125|0.00||||||||||||||||||||35577.09
F05Q10000768|201003|35349.51|0|061|119|||||5.125|0.00||||||||||||||||||||35349.51
F05Q10000768|201004|35120.96|0|062|118|||||5.125|0.00||||||||||||||||||||35120.96
F05Q10000768|201005|35120.96|0|063|117|||||5.125|0.00||||||||||||||||||||35120.96
F05Q10000768|201006|34660.94|0|064|116|||||5.125|0.00||||||||||||||||||||34660.94
F05Q10000768|201007|34429.45|0|065|115|||||5.125|0.00||||||||||||||||||||34429.45
F05Q10000768|201008|34429.45|0|066|114|||||5.125|0.00||||||||||||||||||||34429.45
F05Q10000768|201009|33963.50|0|067|113|||||5.125|0.00||||||||||||||||||||33963.50
F05Q10000768|201010|33729.03|0|068|112|||||5.125|0.00||||||||||||||||||||33729.03
F05Q10000768|201011|33493.56|0|069|111|||||5.125|0.00||||||||||||||||||||33493.56
F05Q10000768|201012|33257.09|0|070|110|||||5.125|0.00||||||||||||||||||||33257.09
F05Q10000768|201101|33257.09|1|071|109|||||5.125|0.00||||||||||||||||||||33257.09
F05Q10000768|201102|33257.09|2|072|108|||||5.125|0.00||||||||||||||||||||33257.09
F05Q10000768|201103|33257.09|0|073|107|||||5.125|0.00||||||||||||||||||||33257.09
F05Q10000768|201104|32301.05|0|074|106|||||5.125|0.00||||||||||||||||||||32301.05
F05Q10000768|201105|32301.05|0|075|105|||||5.125|0.00||||||||||||||||||||32301.05
F05Q10000768|201106|31797.90|0|076|104|||||5.125|0.00||||||||||||||||||||31797.90
F05Q10000768|201107|31554.18|0|077|103|||||5.125|0.00||||||||||||||||||||31554.18
F05Q10000768|201108|31309.42|0|078|102|||||5.125|0.00||||||||||||||||||||31309.42
F05Q10000768|201109|31063.62|0|079|101|||||5.125|0.00||||||||||||||||||||31063.62
F05Q10000768|201110|30816.77|0|080|100|||||5.125|0.00||||||||||||||||||||30816.77
F05Q10000768|201111|30568.86|0|081|099|||||5.125|0.00||||||||||||||||||||30568.86
F05Q10000768|201112|30319.89|0|082|098|||||5.125|0.00||||||||||||||||||||30319.89
F05Q10000768|201201|30069.86|0|083|097|||||5.125|0.00||||||||||||||||||||30069.86
F05Q10000768|201202|29818.76|0|084|096|||||5.125|0.00||||||||||||||||||||29818.76
F05Q10000768|201203|29566.59|0|085|095|||||5.125|0.00||||||||||||||||||||29566.59
F05Q10000768|201204|29313.34|0|086|094|||||5.125|0.00||||||||||||||||||||29313.34
F05Q10000768|201205|29059.01|0|087|093|||||5.125|0.00||||||||||||||||||||29059.01
F05Q10000768|201206|28803.60|0|088|092|||||5.125|0.00||||||||||||||||||||28803.60
F05Q10000768|201207|28547.10|0|089|091|||||5.125|0.00||||||||||||||||||||28547.10
F05Q10000768|201208|28289.50|0|090|090|||||5.125|0.00||||||||||||||||||||28289.50
F05Q10000768|201209|28030.80|0|091|089|||||5.125|0.00||||||||||||||||||||28030.80
F05Q10000768|201210|27770.99|0|092|088|||||5.125|0.00||||||||||||||||||||27770.99
F05Q10000768|201211|27510.08|0|093|087|||||5.125|0.00||||||||||||||||||||27510.08
F05Q10000768|201212|27248.05|0|094|086|||||5.125|0.00||||||||||||||||||||27248.05
F05Q10000768|201301|26984.90|0|095|085|||||5.125|0.00||||||||||||||||||||26984.90
F05Q10000768|201302|26720.63|0|096|084|||||5.125|0.00||||||||||||||||||||26720.63
F05Q10000768|201303|26455.23|0|097|083|||||5.125|0.00||||||||||||||||||||26455.23
F05Q10000768|201304|26188.70|0|098|082|||||5.125|0.00||||||||||||||||||||26188.70
F05Q10000768|201305|25921.03|0|099|081|||||5.125|0.00||||||||||||||||||||25921.03
F05Q10000768|201306|25652.21|0|100|080|||||5.125|0.00||||||||||||||||||||25652.21
F05Q10000768|201307|25652.21|0|101|079|||||5.125|0.00||||||||||||||||||||25652.21
F05Q10000768|201308|25111.13|0|102|078|||||5.125|0.00||||||||||||||||||||25111.13
F05Q10000768|201309|24838.86|0|103|077|||||5.125|0.00||||||||||||||||||||24838.86
F05Q10000768|201310|24565.42|0|104|076|||||5.125|0.00||||||||||||||||||||24565.42
F05Q10000768|201311|24290.81|0|105|075|||||5.125|0.00||||||||||||||||||||24290.81
F05Q10000768|201312|24015.03|0|106|074|||||5.125|0.00||||||||||||||||||||24015.03
F05Q10000768|201401|23738.07|0|107|073|||||5.125|0.00||||||||||||||||||||23738.07
F05Q10000768|201402|23459.93|0|108|072|||||5.125|0.00||||||||||||||||||||23459.93
F05Q10000768|201403|23180.60|0|109|071|||||5.125|0.00||||||||||||||||||||23180.60
F05Q10000768|201404|22900.08|0|110|070|||||5.125|0.00||||||||||||||||||||22900.08
F05Q10000768|201405|22618.36|0|111|069|||||5.125|0.00||||||||||||||||||||22618.36
F05Q10000768|201406|22335.44|0|112|068|||||5.125|0.00||||||||||||||||||||22335.44
F05Q10000768|201407|0.00|0|113|067|||01|201407|5.125|0.00|||||||||||||||22335.44|||||0.00
F05Q10000815|200502|166000.00|0|000|360|||||5.875|0.00||||||||||||||||||||166000.00
F05Q10000815|200503|166000.00|0|001|359|||||5.875|0.00||||||||||||||||||||166000.00
F05Q10000815|200504|166000.00|0|002|358|||||5.875|0.00||||||||||||||||||||166000.00
F05Q10000815|200505|165000.00|0|003|357|||||5.875|0.00||||||||||||||||||||165000.00
F05Q10000815|200506|165000.00|0|004|356|||||5.875|0.00||||||||||||||||||||165000.00
F05Q10000815|200507|165000.00|0|005|355|||||5.875|0.00||||||||||||||||||||165000.00
F05Q10000815|200508|65000.00|0|006|354|||||5.875|0.00||||||||||||||||||||65000.00
F05Q10000815|200509|64308.18|0|007|353|||||5.875|0.00||||||||||||||||||||64308.18
F05Q10000815|200510|63641.07|0|008|352|||||5.875|0.00||||||||||||||||||||63641.07
F05Q10000815|200511|62970.70|0|009|351|||||5.875|0.00||||||||||||||||||||62970.70
F05Q10000815|200512|62297.04|0|010|350|||||5.875|0.00||||||||||||||||||||62297.04
F05Q10000815|200601|61620.09|0|011|349|||||5.875|0.00||||||||||||||||||||61620.09
F05Q10000815|200602|60939.82|0|012|348|||||5.875|0.00||||||||||||||||||||60939.82
F05Q10000815|200603|60256.22|0|013|347|||||5.875|0.00||||||||||||||||||||60256.22
F05Q10000815|200604|59569.27|0|014|346|||||5.875|0.00||||||||||||||||||||59569.27
F05Q10000815|200605|58878.96|0|015|345|||||5.875|0.00||||||||||||||||||||58878.96
F05Q10000815|200606|58185.27|0|016|344|||||5.875|0.00||||||||||||||||||||58185.27
F05Q10000815|200607|57488.19|0|017|343|||||5.875|0.00||||||||||||||||||||57488.19
F05Q10000815|200608|56787.69|0|018|342|||||5.875|0.00||||||||||||||||||||56787.69
F05Q10000815|200609|56083.76|0|019|341|||||5.875|0.00||||||||||||||||||||56083.76
F05Q10000815|200610|55376.39|0|020|340|||||5.875|0.00||||||||||||||||||||55376.39
F05Q10000815|200611|54665.55|0|021|339|||||5.875|0.00||||||||||||||||||||54665.55
F05Q10000815|200612|53951.23|0|022|338|||||5.875|0.00||||||||||||||||||||53951.23
F05Q10000815|200701|53233.42|0|023|337|||||5.875|0.00||||||||||||||||||||53233.42
F05Q10000815|200702|52512.09|0|024|336|||||5.875|0.00||||||||||||||||||||52512.09
F05Q10000815|200703|42769.18|0|025|335|||||5.875|0.00||||||||||||||||||||42769.18
F05Q10000815|200704|41996.62|0|026|334|||||5.875|0.00||||||||||||||||||||41996.62
F05Q10000815|200705|41220.28|0|027|333|||||5.875|0.00||||||||||||||||||||41220.28
F05Q10000815|200706|40440.14|0|028|332|||||5.875|0.00||||||||||||||||||||40440.14
F05Q10000815|200707|39656.18|0|029|331|||||5.875|0.00||||||||||||||||||||39656.18
F05Q10000815|200708|0.00|0|030|330|||01|200708|5.875|0.00|||||||||||||||39656.18|||||0.00
F05Q10000843|200503|238000.00|0|000|360|||||5.625|0.00||||||||||||||||||||238000.00
F05Q10000843|200504|237000.00|0|001|359|||||5.625|0.00||||||||||||||||||||237000.00
F05Q10000843|200505|237000.00|0|002|358|||||5.625|0.00||||||||||||||||||||237000.00
F05Q10000843|200506|237000.00|0|003|357|||||5.625|0.00||||||||||||||||||||237000.00
F05Q10000843|200507|236000.00|0|004|356|||||5.625|0.00||||||||||||||||||||236000.00
F05Q10000843|200508|236000.00|0|005|355|||||5.625|0.00||||||||||||||||||||236000.00
F05Q10000843|200509|236000.00|0|006|354|||||5.625|0.00||||||||||||||||||||236000.00
F05Q10000843|200510|235568.32|0|007|353|||||5.625|0.00||||||||||||||||||||235568.32
F05Q10000843|200511|235272.70|0|008|352|||||5.625|0.00||||||||||||||||||||235272.70
F05Q10000843|200512|234975.69|0|009|351|||||5.625|0.00||||||||||||||||||||234975.69
F05Q10000843|200601|234677.29|0|010|350|||||5.625|0.00||||||||||||||||||||234677.29
F05Q10000843|200602|234377.34|0|011|349|||||5.625|0.00||||||||||||||||||||234377.34
F05Q10000843|200603|234076.13|0|012|348|||||5.625|0.00||||||||||||||||||||234076.13
F05Q10000843|200604|233773.51|0|013|347|||||5.625|0.00||||||||||||||||||||233773.51
F05Q10000843|200605|233469.47|0|014|346|||||5.625|0.00||||||||||||||||||||233469.47
F05Q10000843|200606|233164.01|0|015|345|||||5.625|0.00||||||||||||||||||||233164.01
F05Q10000843|200607|232857.12|0|016|344|||||5.625|0.00||||||||||||||||||||232857.12
F05Q10000843|200608|232548.79|0|017|343|||||5.625|0.00||||||||||||||||||||232548.79
F05Q10000843|200609|232239.01|0|018|342|||||5.625|0.00||||||||||||||||||||232239.01
F05Q10000843|200610|231927.78|0|019|341|||||5.625|0.00||||||||||||||||||||231927.78
F05Q10000843|200611|231615.09|0|020|340|||||5.625|0.00||||||||||||||||||||231615.09
F05Q10000843|200612|231300.94|0|021|339|||||5.625|0.00||||||||||||||||||||231300.94
F05Q10000843|200701|230985.31|0|022|338|||||5.625|0.00||||||||||||||||||||230985.31
F05Q10000843|200702|230668.20|0|023|337|||||5.625|0.00||||||||||||||||||||230668.20
F05Q10000843|200703|230349.61|0|024|336|||||5.625|0.00||||||||||||||||||||230349.61
F05Q10000843|200704|230029.52|0|025|335|||||5.625|0.00||||||||||||||||||||230029.52
F05Q10000843|200705|229707.93|0|026|334|||||5.625|0.00||||||||||||||||||||229707.93
F05Q10000843|200706|229384.84|0|027|333|||||5.625|0.00||||||||||||||||||||229384.84
F05Q10000843|200707|229060.23|0|028|332|||||5.625|0.00||||||||||||||||||||229060.23
F05Q10000843|200708|228734.10|0|029|331|||||5.625|0.00||||||||||||||||||||228734.10
F05Q10000843|200709|0.00|0|030|330|||01|200709|5.625|0.00|||||||||||||||228734.10|||||0.00
F05Q10000848|200502|82000.00|0|000|360|||||6.000|0.00||||||||||||||||||||82000.00
F05Q10000848|200503|82000.00|0|001|359|||||6.000|0.00||||||||||||||||||||82000.00
F05Q10000848|200504|82000.00|0|002|358|||||6.000|0.00||||||||||||||||||||82000.00
F05Q10000848|200505|82000.00|0|003|357|||||6.000|0.00||||||||||||||||||||82000.00
F05Q10000848|200506|82000.00|0|004|356|||||6.000|0.00||||||||||||||||||||82000.00
F05Q10000848|200507|82000.00|0|005|355|||||6.000|0.00||||||||||||||||||||82000.00
F05Q10000848|200508|82000.00|0|006|354|||||6.000|0.00||||||||||||||||||||82000.00
F05Q10000848|200509|81419.95|0|007|353|||||6.000|0.00||||||||||||||||||||81419.95
F05Q10000848|200510|81335.42|0|008|352|||||6.000|0.00||||||||||||||||||||81335.42
F05Q10000848|200511|81250.47|0|009|351|||||6.000|0.00||||||||||||||||||||81250.47
F05Q10000848|200512|81165.09|0|010|350|||||6.000|0.00||||||||||||||||||||81165.09
F05Q10000848|200601|80879.29|0|011|349|||||6.000|0.00||||||||||||||||||||80879.29
F05Q10000848|200602|80791.96|0|012|348|||||6.000|0.00||||||||||||||||||||80791.96
F05Q10000848|200603|80704.29|0|013|347|||||6.000|0.00||||||||||||||||||||80704.29
F05Q10000848|200604|80616.18|0|014|346|||||6.000|0.00||||||||||||||||||||80616.18
F05Q10000848|200605|80527.63|0|015|345|||||6.000|0.00||||||||||||||||||||80527.63
F05Q10000848|200606|80438.64|0|016|344|||||6.000|0.00||||||||||||||||||||80438.64
F05Q10000848|200607|80349.20|0|017|343|||||6.000|0.00||||||||||||||||||||80349.20
F05Q10000848|200608|80259.32|0|018|342|||||6.000|0.00||||||||||||||||||||80259.32
F05Q10000848|200609|80168.99|0|019|341|||||6.000|0.00||||||||||||||||||||80168.99
F05Q10000848|200610|80078.20|0|020|340|||||6.000|0.00||||||||||||||||||||80078.20
F05Q10000848|200611|79986.96|0|021|339|||||6.000|0.00||||||||||||||||||||79986.96
F05Q10000848|200612|79895.26|0|022|338|||||6.000|0.00||||||||||||||||||||79895.26
F05Q10000848|200701|79803.11|0|023|337|||||6.000|0.00||||||||||||||||||||79803.11
F05Q10000848|200702|79710.50|0|024|336|||||6.000|0.00||||||||||||||||||||79710.50
F05Q10000848|200703|79617.42|0|025|335|||||6.000|0.00||||||||||||||||||||79617.42
F05Q10000848|200704|79523.88|0|026|334|||||6.000|0.00||||||||||||||||||||79523.88
F05Q10000848|200705|79429.87|0|027|333|||||6.000|0.00||||||||||||||||||||79429.87
F05Q10000848|200706|79335.39|0|028|332|||||6.000|0.00||||||||||||||||||||79335.39
F05Q10000848|200707|79240.44|0|029|331|||||6.000|0.00||||||||||||||||||||79240.44
F05Q10000848|200708|79145.01|0|030|330|||||6.000|0.00||||||||||||||||||||79145.01
F05Q10000848|200709|79049.11|0|031|329|||||6.000|0.00||||||||||||||||||||79049.11
F05Q10000848|200710|78952.73|0|032|328|||||6.000|0.00||||||||||||||||||||78952.73
F05Q10000848|200711|78855.86|0|033|327|||||6.000|0.00||||||||||||||||||||78855.86
F05Q10000848|200712|78758.51|0|034|326|||||6.000|0.00||||||||||||||||||||78758.51
F05Q10000848|200801|78660.67|0|035|325|||||6.000|0.00||||||||||||||||||||78660.67
F05Q10000848|200802|78562.34|0|036|324|||||6.000|0.00||||||||||||||||||||78562.34
F05Q10000848|200803|78463.52|0|037|323|||||6.000|0.00||||||||||||||||||||78463.52
F05Q10000848|200804|78364.21|0|038|322|||||6.000|0.00||||||||||||||||||||78364.21
F05Q10000848|200805|78264.40|0|039|321|||||6.000|0.00||||||||||||||||||||78264.40
F05Q10000848|200806|78164.09|0|040|320|||||6.000|0.00||||||||||||||||||||78164.09
F05Q10000848|200807|78063.28|0|041|319|||||6.000|0.00||||||||||||||||||||78063.28
F05Q10000848|200808|77961.97|0|042|318|||||6.000|0.00||||||||||||||||||||77961.97
F05Q10000848|200809|77860.15|0|043|317|||||6.000|0.00||||||||||||||||||||77860.15
F05Q10000848|200810|77757.82|0|044|316|||||6.000|0.00||||||||||||||||||||77757.82
F05Q10000848|200811|77654.98|0|045|315|||||6.000|0.00||||||||||||||||||||77654.98
F05Q10000848|200812|77551.62|0|046|314|||||6.000|0.00||||||||||||||||||||77551.62
F05Q10000848|200901|77447.75|0|047|313|||||6.000|0.00||||||||||||||||||||77447.75
F05Q10000848|200902|77343.36|0|048|312|||||6.000|0.00||||||||||||||||||||77343.36
F05Q10000848|200903|77238.45|0|049|311|||||6.000|0.00||||||||||||||||||||77238.45
F05Q10000848|200904|77133.01|0|050|310|||||6.000|0.00||||||||||||||||||||77133.01
F05Q10000848|200905|77027.05|0|051|309|||||6.000|0.00||||||||||||||||||||77027.05
F05Q10000848|200906|76813.53|0|052|308|||||6.000|0.00||||||||||||||||||||76813.53
F05Q10000848|200907|76705.97|0|053|307|||||6.000|0.00||||||||||||||||||||76705.97
F05Q10000848|200908|76705.97|0|054|306|||||6.000|0.00||||||||||||||||||||76705.97
F05Q10000848|200909|76597.87|0|055|305|||||6.000|0.00||||||||||||||||||||76597.87
F05Q10000848|200910|76380.05|0|056|304|||||6.000|0.00||||||||||||||||||||76380.05
F05Q10000848|200911|76380.05|0|057|303|||||6.000|0.00||||||||||||||||||||76380.05
F05Q10000848|200912|76270.32|0|058|302|||||6.000|0.00||||||||||||||||||||76270.32
F05Q10000848|201001|76160.04|0|059|301|||||6.000|0.00||||||||||||||||||||76160.04
F05Q10000848|201002|76049.21|0|060|300|||||6.000|0.00||||||||||||||||||||76049.21
F05Q10000848|201003|75937.83|0|061|299|||||6.000|0.00||||||||||||||||||||75937.83
F05Q10000848|201004|75825.89|0|062|298|||||6.000|0.00||||||||||||||||||||75825.89
F05Q10000848|201005|75713.39|0|063|297|||||6.000|0.00||||||||||||||||||||75713.39
F05Q10000848|201006|75600.33|0|064|296|||||6.000|0.00||||||||||||||||||||75600.33
F05Q10000848|201007|75486.70|0|065|295|||||6.000|0.00||||||||||||||||||||75486.70
F05Q10000848|201008|75372.50|0|066|294|||||6.000|0.00||||||||||||||||||||75372.50
F05Q10000848|201009|75257.73|0|067|293|||||6.000|0.00||||||||||||||||||||75257.73
F05Q10000848|201010|0.00|0|068|292|||01|201010|6.000|0.00|||||||||||||||75257.73|||||0.00
F05Q10000855|200502|160000.00|0|000|180|||||5.375|0.00||||||||||||||||||||160000.00
F05Q10000855|200503|157000.00|0|001|179|||||5.375|0.00||||||||||||||||||||157000.00
F05Q10000855|200504|154000.00|0|002|178|||||5.375|0.00||||||||||||||||||||154000.00
F05Q10000855|200505|151000.00|0|003|177|||||5.375|0.00||||||||||||||||||||151000.00
F05Q10000855|200506|148000.00|0|004|176|||||5.375|0.00||||||||||||||||||||148000.00
F05Q10000855|200507|144000.00|0|005|175|||||5.375|0.00||||||||||||||||||||144000.00
F05Q10000855|200508|141000.00|0|006|174|||||5.375|0.00||||||||||||||||||||141000.00
F05Q10000855|200509|138147.60|0|007|173|||||5.375|0.00||||||||||||||||||||138147.60
F05Q10000855|200510|134969.65|0|008|172|||||5.375|0.00||||||||||||||||||||134969.65
F05Q10000855|200511|131777.46|0|009|171|||||5.375|0.00||||||||||||||||||||131777.46
F05Q10000855|200512|128570.97|0|010|170|||||5.375|0.00||||||||||||||||||||128570.97
F05Q10000855|200601|125350.12|0|011|169|||||5.375|0.00||||||||||||||||||||125350.12
F05Q10000855|200602|122114.84|0|012|168|||||5.375|0.00||||||||||||||||||||122114.84
F05Q10000855|200603|118865.07|0|013|167|||||5.375|0.00||||||||||||||||||||118865.07
F05Q10000855|200604|115600.75|0|014|166|||||5.375|0.00||||||||||||||||||||115600.75
F05Q10000855|200605|112321.81|0|015|165|||||5.375|0.00||||||||||||||||||||112321.81
F05Q10000855|200606|109028.18|0|016|164|||||5.375|0.00||||||||||||||||||||109028.18
F05Q10000855|200607|105719.80|0|017|163|||||5.375|0.00||||||||||||||||||||105719.80
F05Q10000855|200608|102396.60|0|018|162|||||5.375|0.00||||||||||||||||||||102396.60
F05Q10000855|200609|99058.51|0|019|161|||||5.375|0.00||||||||||||||||||||99058.51
F05Q10000855|200610|95705.47|0|020|160|||||5.375|0.00||||||||||||||||||||95705.47
F05Q10000855|200611|92337.41|0|021|159|||||5.375|0.00||||||||||||||||||||92337.41
F05Q10000855|200612|88954.26|0|022|158|||||5.375|0.00||||||||||||||||||||88954.26
F05Q10000855|200701|85555.96|0|023|157|||||5.375|0.00||||||||||||||||||||85555.96
F05Q10000855|200702|82142.48|0|024|156|||||5.375|0.00||||||||||||||||||||82142.48
F05Q10000855|200703|80213.67|0|025|155|||||5.375|0.00||||||||||||||||||||80213.67
F05Q10000855|200704|77276.22|0|026|154|||||5.375|0.00||||||||||||||||||||77276.22
F05Q10000855|200705|73825.61|0|027|153|||||5.375|0.00||||||||||||||||||||73825.61
F05Q10000855|200706|70359.55|0|028|152|||||5.375|0.00||||||||||||||||||||70359.55
F05Q10000855|200707|66877.96|0|029|151|||||5.375|0.00||||||||||||||||||||66877.96
F05Q10000855|200708|63380.78|0|030|150|||||5.375|0.00||||||||||||||||||||63380.78
F05Q10000855|200709|59867.93|0|031|149|||||5.375|0.00||||||||||||||||||||59867.93
F05Q10000855|200710|55839.35|0|032|148|||||5.375|0.00||||||||||||||||||||55839.35
F05Q10000855|200711|52292.72|0|033|147|||||5.375|0.00||||||||||||||||||||52292.72
F05Q10000855|200712|48730.21|0|034|146|||||5.375|0.00||||||||||||||||||||48730.21
F05Q10000855|200801|45151.74|0|035|145|||||5.375|0.00||||||||||||||||||||45151.74
F05Q10000855|200802|42057.24|0|036|144|||||5.375|0.00||||||||||||||||||||42057.24
F05Q10000855|200803|38448.88|0|037|143|||||5.375|0.00||||||||||||||||||||38448.88
F05Q10000855|200804|34824.36|0|038|142|||||5.375|0.00||||||||||||||||||||34824.36
F05Q10000855|200805|31183.60|0|039|141|||||5.375|0.00||||||||||||||||||||31183.60
F05Q10000855|200806|27526.54|0|040|140|||||5.375|0.00||||||||||||||||||||27526.54
F05Q10000855|200807|23853.10|0|041|139|||||5.375|0.00||||||||||||||||||||23853.10
F05Q10000855|200808|20163.20|0|042|138|||||5.375|0.00||||||||||||||||||||20163.20
F05Q10000855|200809|16456.77|0|043|137|||||5.375|0.00||||||||||||||||||||16456.77
F05Q10000855|200810|12233.74|0|044|136|||||5.375|0.00||||||||||||||||||||12233.74
F05Q10000855|200811|7991.80|0|045|135|||||5.375|0.00||||||||||||||||||||7991.80
F05Q10000855|200812|3730.86|0|046|134|||||5.375|0.00||||||||||||||||||||3730.86
F05Q10000855|200901|0.00|0|047|133|||01|200901|5.375|0.00|||||||||||||||3730.86|||||0.00
F05Q10000872|200502|75000.00|0|000|180|||||5.125|0.00||||||||||||||||||||75000.00
F05Q10000872|200503|74000.00|0|001|179|||||5.125|0.00||||||||||||||||||||74000.00
F05Q10000872|200504|74000.00|0|002|178|||||5.125|0.00||||||||||||||||||||74000.00
F05Q10000872|200505|74000.00|0|003|177|||||5.125|0.00||||||||||||||||||||74000.00
F05Q10000872|200506|73000.00|0|004|176|||||5.125|0.00||||||||||||||||||||73000.00
F05Q10000872|200507|73000.00|0|005|175|||||5.125|0.00||||||||||||||||||||73000.00
F05Q10000872|200508|73000.00|0|006|174|||||5.125|0.00||||||||||||||||||||73000.00
F05Q10000872|200509|72322.72|0|007|173|||||5.125|0.00||||||||||||||||||||72322.72
F05Q10000872|200510|71933.61|0|008|172|||||5.125|0.00||||||||||||||||||||71933.61
F05Q10000872|200511|71542.84|0|009|171|||||5.125|0.00||||||||||||||||||||71542.84
F05Q10000872|200512|71150.40|0|010|170|||||5.125|0.00||||||||||||||||||||71150.40
F05Q10000872|200601|70806.27|0|011|169|||||5.125|0.00||||||||||||||||||||70806.27
F05Q10000872|200602|70806.27|0|012|168|||||5.125|0.00||||||||||||||||||||70806.27
F05Q10000872|200603|70460.67|0|013|167|||||5.125|0.00||||||||||||||||||||70460.67
F05Q10000872|200604|70111.60|0|014|166|||||5.125|0.00||||||||||||||||||||70111.60
F05Q10000872|200605|69761.03|0|015|165|||||5.125|0.00||||||||||||||||||||69761.03
F05Q10000872|200606|69408.97|0|016|164|||||5.125|0.00||||||||||||||||||||69408.97
F05Q10000872|200607|69055.40|0|017|163|||||5.125|0.00||||||||||||||||||||69055.40
F05Q10000872|200608|68343.73|0|018|162|||||5.125|0.00||||||||||||||||||||68343.73
F05Q10000872|200609|67985.61|0|019|161|||||5.125|0.00||||||||||||||||||||67985.61
F05Q10000872|200610|67985.61|0|020|160|||||5.125|0.00||||||||||||||||||||67985.61
F05Q10000872|200611|67264.79|0|021|159|||||5.125|0.00||||||||||||||||||||67264.79
F05Q10000872|200612|66954.08|0|022|158|||||5.125|0.00||||||||||||||||||||66954.08
F05Q10000872|200701|66954.08|0|023|157|||||5.125|0.00||||||||||||||||||||66954.08
F05Q10000872|200702|66224.42|0|024|156|||||5.125|0.00||||||||||||||||||||66224.42
F05Q10000872|200703|65857.25|0|025|155|||||5.125|0.00||||||||||||||||||||65857.25
F05Q10000872|200704|65488.52|0|026|154|||||5.125|0.00||||||||||||||||||||65488.52
F05Q10000872|200705|65488.52|0|027|153|||||5.125|0.00||||||||||||||||||||65488.52
F05Q10000872|200706|64850.56|0|028|152|||||5.125|0.00||||||||||||||||||||64850.56
F05Q10000872|200707|64529.54|0|029|151|||||5.125|0.00||||||||||||||||||||64529.54
F05Q10000872|200708|64207.14|0|030|150|||||5.125|0.00||||||||||||||||||||64207.14
F05Q10000872|200709|63883.37|0|031|149|||||5.125|0.00||||||||||||||||||||63883.37
F05Q10000872|200710|63556.21|0|032|148|||||5.125|0.00||||||||||||||||||||63556.21
F05Q10000872|200711|63227.65|0|033|147|||||5.125|0.00||||||||||||||||||||63227.65
F05Q10000872|200712|62899.69|0|034|146|||||5.125|0.00||||||||||||||||||||62899.69
F05Q10000872|200801|62570.33|0|035|145|||||5.125|0.00||||||||||||||||||||62570.33
F05Q10000872|200802|62237.56|0|036|144|||||5.125|0.00||||||||||||||||||||62237.56
F05Q10000872|200803|61903.37|0|037|143|||||5.125|0.00||||||||||||||||||||61903.37
F05Q10000872|200804|61567.75|0|038|142|||||5.125|0.00||||||||||||||||||||61567.75
F05Q10000872|200805|61567.75|0|039|141|||||5.125|0.00||||||||||||||||||||61567.75
F05Q10000872|200806|61230.70|0|040|140|||||5.125|0.00||||||||||||||||||||61230.70
F05Q10000872|200807|60892.21|0|041|139|||||5.125|0.00||||||||||||||||||||60892.21
F05Q10000872|200808|60210.88|0|042|138|||||5.125|0.00||||||||||||||||||||60210.88
F05Q10000872|200809|59868.03|0|043|137|||||5.125|0.00||||||||||||||||||||59868.03
F05Q10000872|200810|59523.72|0|044|136|||||5.125|0.00||||||||||||||||||||59523.72
F05Q10000872|200811|59523.72|0|045|135|||||5.125|0.00||||||||||||||||||||59523.72
F05Q10000872|200812|58830.68|0|046|134|||||5.125|0.00||||||||||||||||||||58830.68
F05Q10000872|200901|58481.94|0|047|133|||||5.125|0.00||||||||||||||||||||58481.94
F05Q10000872|200902|58131.71|0|048|132|||||5.125|0.00||||||||||||||||||||58131.71
F05Q10000872|200903|57779.98|0|049|131|||||5.125|0.00||||||||||||||||||||57779.98
F05Q10000872|200904|57426.75|0|050|130|||||5.125|0.00||||||||||||||||||||57426.75
F05Q10000872|200905|57072.01|0|051|129|||||5.125|0.00||||||||||||||||||||57072.01
F05Q10000872|200906|57072.01|0|052|128|||||5.125|0.00||||||||||||||||||||57072.01
F05Q10000872|200907|56357.98|0|053|127|||||5.125|0.00||||||||||||||||||||56357.98
F05Q10000872|200908|56357.98|0|054|126|||||5.125|0.00||||||||||||||||||||56357.98
F05Q10000872|200909|55637.84|0|055|125|||||5.125|0.00||||||||||||||||||||55637.84
F05Q10000872|200910|55275.46|0|056|124|||||5.125|0.00||||||||||||||||||||55275.46
F05Q10000872|200911|54911.53|0|057|123|||||5.125|0.00||||||||||||||||||||54911.53
F05Q10000872|200912|54546.05|0|058|122|||||5.125|0.00||||||||||||||||||||54546.05
F05Q10000872|201001|54179.01|0|059|121|||||5.125|0.00||||||||||||||||||||54179.01
F05Q10000872|201002|53810.40|0|060|120|||||5.125|0.00||||||||||||||||||||53810.40
F05Q10000872|201003|53810.40|0|061|119|||||5.125|0.00||||||||||||||||||||53810.40
F05Q10000872|201004|53068.45|0|062|118|||||5.125|0.00||||||||||||||||||||53068.45
F05Q10000872|201005|52695.10|0|063|117|||||5.125|0.00||||||||||||||||||||52695.10
F05Q10000872|201006|52320.15|0|064|116|||||5.125|0.00||||||||||||||||||||52320.15
F05Q10000872|201007|51943.60|0|065|115|||||5.125|0.00||||||||||||||||||||51943.60
F05Q10000872|201008|0.00|0|066|114|||01|201008|5.125|0.00|||||||||||||||51943.60|||||0.00
F05Q10000909|200502|91000.00|0|000|300|||||5.750|0.00||||||||||||||||||||91000.00
F05Q10000909|200503|91000.00|0|001|299|||||5.750|0.00||||||||||||||||||||91000.00
F05Q10000909|200504|91000.00|0|002|298|||||5.750|0.00||||||||||||||||||||91000.00
F05Q10000909|200505|91000.00|0|003|297|||||5.750|0.00||||||||||||||||||||91000.00
F05Q10000909|200506|90000.00|0|004|296|||||5.750|0.00||||||||||||||||||||90000.00
F05Q10000909|200507|90000.00|0|005|295|||||5.750|0.00||||||||||||||||||||90000.00
F05Q10000909|200508|90000.00|0|006|294|||||5.750|0.00||||||||||||||||||||90000.00
F05Q10000909|200509|90032.39|0|007|293|||||5.750|0.00||||||||||||||||||||90032.39
F05Q10000909|200510|89889.43|0|008|292|||||5.750|0.00||||||||||||||||||||89889.43
F05Q10000909|200511|89745.78|0|009|291|||||5.750|0.00||||||||||||||||||||89745.78
F05Q10000909|200512|89601.44|0|010|290|||||5.750|0.00||||||||||||||||||||89601.44
F05Q10000909|200601|89456.41|0|011|289|||||5.750|0.00||||||||||||||||||||89456.41
F05Q10000909|200602|89310.69|0|012|288|||||5.750|0.00||||||||||||||||||||89310.69
F05Q10000909|200603|89164.27|0|013|287|||||5.750|0.00||||||||||||||||||||89164.27
F05Q10000909|200604|89017.15|0|014|286|||||5.750|0.00||||||||||||||||||||89017.15
F05Q10000909|200605|88869.32|0|015|285|||||5.750|0.00||||||||||||||||||||88869.32
F05Q10000909|200606|88720.78|0|016|284|||||5.750|0.00||||||||||||||||||||88720.78
F05Q10000909|200607|88571.53|0|017|283|||||5.750|0.00||||||||||||||||||||88571.53
F05Q10000909|200608|88421.57|0|018|282|||||5.750|0.00||||||||||||||||||||88421.57
F05Q10000909|200609|88270.89|0|019|281|||||5.750|0.00||||||||||||||||||||88270.89
F05Q10000909|200610|88119.48|0|020|280|||||5.750|0.00||||||||||||||||||||88119.48
F05Q10000909|200611|87967.35|0|021|279|||||5.750|0.00||||||||||||||||||||87967.35
F05Q10000909|200612|87814.49|0|022|278|||||5.750|0.00||||||||||||||||||||87814.49
F05Q10000909|200701|87660.90|0|023|277|||||5.750|0.00||||||||||||||||||||87660.90
F05Q10000909|200702|87506.57|0|024|276|||||5.750|0.00||||||||||||||||||||87506.57
F05Q10000909|200703|87351.50|0|025|275|||||5.750|0.00||||||||||||||||||||87351.50
F05Q10000909|200704|87195.69|0|026|274|||||5.750|0.00||||||||||||||||||||87195.69
F05Q10000909|200705|87039.13|0|027|273|||||5.750|0.00||||||||||||||||||||87039.13
F05Q10000909|200706|86881.82|0|028|272|||||5.750|0.00||||||||||||||||||||86881.82
F05Q10000909|200707|86723.76|0|029|271|||||5.750|0.00||||||||||||||||||||86723.76
F05Q10000909|200708|86564.94|0|030|270|||||5.750|0.00||||||||||||||||||||86564.94
F05Q10000909|200709|86405.36|0|031|269|||||5.750|0.00||||||||||||||||||||86405.36
F05Q10000909|200710|86245.02|0|032|268|||||5.750|0.00||||||||||||||||||||86245.02
F05Q10000909|200711|86083.91|0|033|267|||||5.750|0.00||||||||||||||||||||86083.91
F05Q10000909|200712|85922.03|0|034|266|||||5.750|0.00||||||||||||||||||||85922.03
F05Q10000909|200801|85759.37|0|035|265|||||5.750|0.00||||||||||||||||||||85759.37
F05Q10000909|200802|85595.93|0|036|264|||||5.750|0.00||||||||||||||||||||85595.93
F05Q10000909|200803|85431.71|0|037|263|||||5.750|0.00||||||||||||||||||||85431.71
F05Q10000909|200804|85266.70|0|038|262|||||5.750|0.00||||||||||||||||||||85266.70
F05Q10000909|200805|85100.90|0|039|261|||||5.750|0.00||||||||||||||||||||85100.90
F05Q10000909|200806|84934.31|0|040|260|||||5.750|0.00||||||||||||||||||||84934.31
F05Q10000909|200807|84766.92|0|041|259|||||5.750|0.00||||||||||||||||||||84766.92
F05Q10000909|200808|84598.72|0|042|258|||||5.750|0.00||||||||||||||||||||84598.72
F05Q10000909|200809|84429.72|0|043|257|||||5.750|0.00||||||||||||||||||||84429.72
F05Q10000909|200810|84259.91|0|044|256|||||5.750|0.00||||||||||||||||||||84259.91
F05Q10000909|200811|84089.29|0|045|255|||||5.750|0.00||||||||||||||||||||84089.29
F05Q10000909|200812|83917.85|0|046|254|||||5.750|0.00||||||||||||||||||||83917.85
F05Q10000909|200901|83745.59|0|047|253|||||5.750|0.00||||||||||||||||||||83745.59
F05Q10000909|200902|83572.50|0|048|252|||||5.750|0.00||||||||||||||||||||83572.50
F05Q10000909|200903|83398.58|0|049|251|||||5.750|0.00||||||||||||||||||||83398.58
F05Q10000909|200904|83223.83|0|050|250|||||5.750|0.00||||||||||||||||||||83223.83
F05Q10000909|200905|83048.24|0|051|249|||||5.750|0.00||||||||||||||||||||83048.24
F05Q10000909|200906|82871.81|0|052|248|||||5.750|0.00||||||||||||||||||||82871.81
F05Q10000909|200907|82694.53|0|053|247|||||5.750|0.00||||||||||||||||||||82694.53
F05Q10000909|200908|82516.40|0|054|246|||||5.750|0.00||||||||||||||||||||82516.40
F05Q10000909|200909|82337.42|0|055|245|||||5.750|0.00||||||||||||||||||||82337.42
F05Q10000909|200910|82157.58|0|056|244|||||5.750|0.00||||||||||||||||||||82157.58
F05Q10000909|200911|81976.88|0|057|243|||||5.750|0.00||||||||||||||||||||81976.88
F05Q10000909|200912|81795.32|0|058|242|||||5.750|0.00||||||||||||||||||||81795.32
F05Q10000909|201001|81612.89|0|059|241|||||5.750|0.00||||||||||||||||||||81612.89
F05Q10000909|201002|81429.58|0|060|240|||||5.750|0.00||||||||||||||||||||81429.58
F05Q10000909|201003|81245.39|0|061|239|||||5.750|0.00||||||||||||||||||||81245.39
F05Q10000909|201004|81060.32|0|062|238|||||5.750|0.00||||||||||||||||||||81060.32
F05Q10000909|201005|80874.36|0|063|237|||||5.750|0.00||||||||||||||||||||80874.36
F05Q10000909|201006|80687.51|0|064|236|||||5.750|0.00||||||||||||||||||||80687.51
F05Q10000909|201007|80499.77|0|065|235|||||5.750|0.00||||||||||||||||||||80499.77
F05Q10000909|201008|80311.13|0|066|234|||||5.750|0.00||||||||||||||||||||80311.13
F05Q10000909|201009|80121.58|0|067|233|||||5.750|0.00||||||||||||||||||||80121.58
F05Q10000909|201010|79931.13|0|068|232|||||5.750|0.00||||||||||||||||||||79931.13
F05Q10000909|201011|79739.76|0|069|231|||||5.750|0.00||||||||||||||||||||79739.76
F05Q10000909|201012|79547.48|0|070|230|||||5.750|0.00||||||||||||||||||||79547.48
F05Q10000909|201101|79354.28|0|071|229|||||5.750|0.00||||||||||||||||||||79354.28
F05Q10000909|201102|79160.15|0|072|228|||||5.750|0.00||||||||||||||||||||79160.15
F05Q10000909|201103|78965.09|0|073|227|||||5.750|0.00||||||||||||||||||||78965.09
F05Q10000909|201104|78290.95|0|074|226|||||5.750|0.00||||||||||||||||||||78290.95
F05Q10000909|201105|78091.72|0|075|225|||||5.750|0.00||||||||||||||||||||78091.72
F05Q10000909|201106|0.00|0|076|224|||01|201106|5.750|0.00|||||||||||||||78091.72|||||0.00
F05Q10000959|200502|125000.00|0|000|360|||||5.875|0.00||||||||||||||||||||125000.00
F05Q10000959|200503|125000.00|0|001|359|||||5.875|0.00||||||||||||||||||||125000.00
F05Q10000959|200504|125000.00|0|002|358|||||5.875|0.00||||||||||||||||||||125000.00
F05Q10000959|200505|125000.00|0|003|357|||||5.875|0.00||||||||||||||||||||125000.00
F05Q10000959|200506|124000.00|0|004|356|||||5.875|0.00||||||||||||||||||||124000.00
F05Q10000959|200507|124000.00|0|005|355|||||5.875|0.00||||||||||||||||||||124000.00
F05Q10000959|200508|124000.00|0|006|354|||||5.875|0.00||||||||||||||||||||124000.00
F05Q10000959|200509|124094.72|0|007|353|||||5.875|0.00||||||||||||||||||||124094.72
F05Q10000959|200510|123962.85|0|008|352|||||5.875|0.00||||||||||||||||||||123962.85
F05Q10000959|200511|123830.33|0|009|351|||||5.875|0.00||||||||||||||||||||123830.33
F05Q10000959|200512|123697.16|0|010|350|||||5.875|0.00||||||||||||||||||||123697.16
F05Q10000959|200601|123563.34|0|011|349|||||5.875|0.00||||||||||||||||||||123563.34
F05Q10000959|200602|123428.87|0|012|348|||||5.875|0.00||||||||||||||||||||123428.87
F05Q10000959|200603|123293.74|0|013|347|||||5.875|0.00||||||||||||||||||||123293.74
F05Q10000959|200604|123157.95|0|014|346|||||5.875|0.00||||||||||||||||||||123157.95
F05Q10000959|200605|123021.49|0|015|345|||||5.875|0.00||||||||||||||||||||123021.49
F05Q10000959|200606|122884.36|0|016|344|||||5.875|0.00||||||||||||||||||||122884.36
F05Q10000959|200607|122746.56|0|017|343|||||5.875|0.00||||||||||||||||||||122746.56
F05Q10000959|200608|122608.09|0|018|342|||||5.875|0.00||||||||||||||||||||122608.09
F05Q10000959|200609|122468.94|0|019|341|||||5.875|0.00||||||||||||||||||||122468.94
F05Q10000959|200610|122329.11|0|020|340|||||5.875|0.00||||||||||||||||||||122329.11
F05Q10000959|200611|122188.59|0|021|339|||||5.875|0.00||||||||||||||||||||122188.59
F05Q10000959|200612|122047.38|0|022|338|||||5.875|0.00||||||||||||||||||||122047.38
F05Q10000959|200701|122047.38|0|023|337|||||5.875|0.00||||||||||||||||||||122047.38
F05Q10000959|200702|121762.89|0|024|336|||||5.875|0.00||||||||||||||||||||121762.89
F05Q10000959|200703|121762.89|1|025|335|||||5.875|0.00||||||||||||||||||||121762.89
F05Q10000959|200704|121619.60|0|026|334|||||5.875|0.00||||||||||||||||||||121619.60
F05Q10000959|200705|121330.91|0|027|333|||||5.875|0.00||||||||||||||||||||121330.91
F05Q10000959|200706|121185.51|0|028|332|||||5.875|0.00||||||||||||||||||||121185.51
F05Q10000959|200707|121185.51|0|029|331|||||5.875|0.00||||||||||||||||||||121185.51
F05Q10000959|200708|120892.56|0|030|330|||||5.875|0.00||||||||||||||||||||120892.56
F05Q10000959|200709|120745.01|0|031|329|||||5.875|0.00||||||||||||||||||||120745.01
F05Q10000959|200710|120596.74|0|032|328|||||5.875|0.00||||||||||||||||||||120596.74
F05Q10000959|200711|120447.74|0|033|327|||||5.875|0.00||||||||||||||||||||120447.74
F05Q10000959|200712|120298.01|0|034|326|||||5.875|0.00||||||||||||||||||||120298.01
F05Q10000959|200801|120147.55|0|035|325|||||5.875|0.00||||||||||||||||||||120147.55
F05Q10000959|200802|119996.35|0|036|324|||||5.875|0.00||||||||||||||||||||119996.35
F05Q10000959|200803|119844.41|0|037|323|||||5.875|0.00||||||||||||||||||||119844.41
F05Q10000959|200804|119691.73|0|038|322|||||5.875|0.00||||||||||||||||||||119691.73
F05Q10000959|200805|119538.30|0|039|321|||||5.875|0.00||||||||||||||||||||119538.30
F05Q10000959|200806|119538.30|0|040|320|||||5.875|0.00||||||||||||||||||||119538.30
F05Q10000959|200807|119229.18|0|041|319|||||5.875|0.00||||||||||||||||||||119229.18
F05Q10000959|200808|119073.49|0|042|318|||||5.875|0.00||||||||||||||||||||119073.49
F05Q10000959|200809|118917.03|0|043|317|||||5.875|0.00||||||||||||||||||||118917.03
F05Q10000959|200810|118759.81|0|044|316|||||5.875|0.00||||||||||||||||||||118759.81
F05Q10000959|200811|118601.82|0|045|315|||||5.875|0.00||||||||||||||||||||118601.82
F05Q10000959|200812|118443.05|0|046|314|||||5.875|0.00||||||||||||||||||||118443.05
F05Q10000959|200901|118283.51|0|047|313|||||5.875|0.00||||||||||||||||||||118283.51
F05Q10000959|200902|118283.51|0|048|312|||||5.875|0.00||||||||||||||||||||118283.51
F05Q10000959|200903|118123.19|0|049|311|||||5.875|0.00||||||||||||||||||||118123.19
F05Q10000959|200904|117800.18|0|050|310|||||5.875|0.00||||||||||||||||||||117800.18
F05Q10000959|200905|117637.49|0|051|309|||||5.875|0.00||||||||||||||||||||117637.49
F05Q10000959|200906|117474.00|0|052|308|||||5.875|0.00||||||||||||||||||||117474.00
F05Q10000959|200907|117309.71|0|053|307|||||5.875|0.00||||||||||||||||||||117309.71
F05Q10000959|200908|117144.62|0|054|306|||||5.875|0.00||||||||||||||||||||117144.62
F05Q10000959|200909|116978.72|0|055|305|||||5.875|0.00||||||||||||||||||||116978.72
F05Q10000959|200910|116812.01|0|056|304|||||5.875|0.00||||||||||||||||||||116812.01
F05Q10000959|200911|116812.01|0|057|303|||||5.875|0.00||||||||||||||||||||116812.01
F05Q10000959|200912|116476.13|0|058|302|||||5.875|0.00||||||||||||||||||||116476.13
F05Q10000959|201001|116306.96|0|059|301|||||5.875|0.00||||||||||||||||||||116306.96
F05Q10000959|201002|116136.96|0|060|300|||||5.875|0.00||||||||||||||||||||116136.96
F05Q10000959|201003|115966.13|0|061|299|||||5.875|0.00||||||||||||||||||||115966.13
F05Q10000959|201004|115794.46|0|062|298|||||5.875|0.00||||||||||||||||||||115794.46
F05Q10000959|201005|115621.95|0|063|297|||||5.875|0.00||||||||||||||||||||115621.95
F05Q10000959|201006|115448.60|0|064|296|||||5.875|0.00||||||||||||||||||||115448.60
F05Q10000959|201007|115274.40|0|065|295|||||5.875|0.00||||||||||||||||||||115274.40
F05Q10000959|201008|115274.40|0|066|294|||||5.875|0.00||||||||||||||||||||115274.40
F05Q10000959|201009|114923.43|0|067|293|||||5.875|0.00||||||||||||||||||||114923.43
F05Q10000959|201010|114746.66|0|068|292|||||5.875|0.00||||||||||||||||||||114746.66
F05Q10000959|201011|114569.02|0|069|291|||||5.875|0.00||||||||||||||||||||114569.02
F05Q10000959|201012|114390.51|0|070|290|||||5.875|0.00||||||||||||||||||||114390.51
F05Q10000959|201101|114211.13|0|071|289|||||5.875|0.00||||||||||||||||||||114211.13
F05Q10000959|201102|114030.87|0|072|288|||||5.875|0.00||||||||||||||||||||114030.87
F05Q10000959|201103|113849.73|0|073|287|||||5.875|0.00||||||||||||||||||||113849.73
F05Q10000959|201104|113667.70|0|074|286|||||5.875|0.00||||||||||||||||||||113667.70
F05Q10000959|201105|113667.70|0|075|285|||||5.875|0.00||||||||||||||||||||113667.70
F05Q10000959|201106|113300.96|0|076|284|||||5.875|0.00||||||||||||||||||||113300.96
F05Q10000959|201107|113116.24|0|077|283|||||5.875|0.00||||||||||||||||||||113116.24
F05Q10000959|201108|112930.62|0|078|282|||||5.875|0.00||||||||||||||||||||112930.62
F05Q10000959|201109|112744.09|0|079|281|||||5.875|0.00||||||||||||||||||||112744.09
F05Q10000959|201110|112556.65|0|080|280|||||5.875|0.00||||||||||||||||||||112556.65
F05Q10000959|201111|112368.29|0|081|279|||||5.875|0.00||||||||||||||||||||112368.29
F05Q10000959|201112|112179.01|0|082|278|||||5.875|0.00||||||||||||||||||||112179.01
F05Q10000959|201201|112179.01|0|083|277|||||5.875|0.00||||||||||||||||||||112179.01
F05Q10000959|201202|111797.66|0|084|276|||||5.875|0.00||||||||||||||||||||111797.66
F05Q10000959|201203|111605.58|0|085|275|||||5.875|0.00||||||||||||||||||||111605.58
F05Q10000959|201204|111605.58|0|086|274|||||5.875|0.00||||||||||||||||||||111605.58
F05Q10000959|201205|111218.60|0|087|273|||||5.875|0.00||||||||||||||||||||111218.60
F05Q10000959|201206|111023.69|0|088|272|||||5.875|0.00||||||||||||||||||||111023.69
F05Q10000959|201207|111023.69|0|089|271|||||5.875|0.00||||||||||||||||||||111023.69
F05Q10000959|201208|110630.99|0|090|270|||||5.875|0.00||||||||||||||||||||110630.99
F05Q10000959|201209|110433.20|0|091|269|||||5.875|0.00||||||||||||||||||||110433.20
F05Q10000959|201210|110234.44|0|092|268|||||5.875|0.00||||||||||||||||||||110234.44
F05Q10000959|201211|110034.71|0|093|267|||||5.875|0.00||||||||||||||||||||110034.71
F05Q10000959|201212|109834.00|0|094|266|||||5.875|0.00||||||||||||||||||||109834.00
F05Q10000959|201301|109632.31|0|095|265|||||5.875|0.00||||||||||||||||||||109632.31
F05Q10000959|201302|109429.63|0|096|264|||||5.875|0.00||||||||||||||||||||109429.63
F05Q10000959|201303|109225.96|0|097|263|||||5.875|0.00||||||||||||||||||||109225.96
F05Q10000959|201304|109021.29|0|098|262|||||5.875|0.00||||||||||||||||||||109021.29
F05Q10000959|201305|108815.62|0|099|261|||||5.875|0.00||||||||||||||||||||108815.62
F05Q10000959|201306|108608.94|0|100|260|||||5.875|0.00||||||||||||||||||||108608.94
F05Q10000959|201307|108401.25|0|101|259|||||5.875|0.00||||||||||||||||||||108401.25
F05Q10000959|201308|108192.54|0|102|258|||||5.875|0.00||||||||||||||||||||108192.54
F05Q10000959|201309|108192.54|0|103|257|||||5.875|0.00||||||||||||||||||||108192.54
F05Q10000959|201310|107772.06|0|104|256|||||5.875|0.00||||||||||||||||||||107772.06
F05Q10000959|201311|107560.27|0|105|255|||||5.875|0.00||||||||||||||||||||107560.27
F05Q10000959|201312|107560.27|0|106|254|||||5.875|0.00||||||||||||||||||||107560.27
F05Q10000959|201401|107133.59|0|107|253|||||5.875|0.00||||||||||||||||||||107133.59
F05Q10000959|201402|106918.68|0|108|252|||||5.875|0.00||||||||||||||||||||106918.68
F05Q10000959|201403|106702.72|0|109|251|||||5.875|0.00||||||||||||||||||||106702.72
F05Q10000959|201404|106485.70|0|110|250|||||5.875|0.00||||||||||||||||||||106485.70
F05Q10000959|201405|106267.62|0|111|249|||||5.875|0.00||||||||||||||||||||106267.62
F05Q10000959|201406|106267.62|0|112|248|||||5.875|0.00||||||||||||||||||||106267.62
F05Q10000959|201407|105828.25|0|113|247|||||5.875|0.00||||||||||||||||||||105828.25
F05Q10000959|201408|105606.95|0|114|246|||||5.875|0.00||||||||||||||||||||105606.95
F05Q10000959|201409|105384.56|0|115|245|||||5.875|0.00||||||||||||||||||||105384.56
F05Q10000959|201410|105161.09|0|116|244|||||5.875|0.00||||||||||||||||||||105161.09
F05Q10000959|201411|104936.52|0|117|243|||||5.875|0.00||||||||||||||||||||104936.52
F05Q10000959|201412|104710.85|0|118|242|||||5.875|0.00||||||||||||||||||||104710.85
F05Q10000959|201501|104484.08|0|119|241|||||5.875|0.00||||||||||||||||||||104484.08
F05Q10000959|201502|104484.08|0|120|240|||||5.875|0.00||||||||||||||||||||104484.08
F05Q10000959|201503|104256.20|0|121|239|||||5.875|0.00||||||||||||||||||||104256.20
F05Q10000959|201504|103797.08|0|122|238|||||5.875|0.00||||||||||||||||||||103797.08
F05Q10000959|201505|103565.83|0|123|237|||||5.875|0.00||||||||||||||||||||103565.83
F05Q10000959|201506|103333.45|0|124|236|||||5.875|0.00||||||||||||||||||||103333.45
F05Q10000959|201507|103099.93|0|125|235|||||5.875|0.00||||||||||||||||||||103099.93
F05Q10000959|201508|102865.27|0|126|234|||||5.875|0.00||||||||||||||||||||102865.27
F05Q10000959|201509|102629.46|0|127|233|||||5.875|0.00||||||||||||||||||||102629.46
F05Q10000959|201510|102392.50|0|128|232|||||5.875|0.00||||||||||||||||||||102392.50
F05Q10000959|201511|102392.50|0|129|231|||||5.875|0.00||||||||||||||||||||102392.50
F05Q10000959|201512|101915.09|0|130|230|||||5.875|0.00||||||||||||||||||||101915.09
F05Q10000959|201601|101674.63|0|131|229|||||5.875|0.00||||||||||||||||||||101674.63
F05Q10000959|201602|101674.63|0|132|228|||||5.875|0.00||||||||||||||||||||101674.63
F05Q10000959|201603|101190.17|0|133|227|||||5.875|0.00||||||||||||||||||||101190.17
F05Q10000959|201604|100946.16|0|134|226|||||5.875|0.00||||||||||||||||||||100946.16
F05Q10000959|201605|100946.16|0|135|225|||||5.875|0.00||||||||||||||||||||100946.16
F05Q10000959|201606|100454.56|0|136|224|||||5.875|0.00||||||||||||||||||||100454.56
F05Q10000959|201607|100206.95|0|137|223|||||5.875|0.00||||||||||||||||||||100206.95
F05Q10000959|201608|99958.13|0|138|222|||||5.875|0.00||||||||||||||||||||99958.13
F05Q10000959|201609|99708.09|0|139|221|||||5.875|0.00||||||||||||||||||||99708.09
F05Q10000959|201610|99456.82|0|140|220|||||5.875|0.00||||||||||||||||||||99456.82
F05Q10000959|201611|99204.32|0|141|219|||||5.875|0.00||||||||||||||||||||99204.32
F05Q10000959|201612|98950.59|0|142|218|||||5.875|0.00||||||||||||||||||||98950.59
F05Q10000959|201701|98950.59|0|143|217|||||5.875|0.00||||||||||||||||||||98950.59
F05Q10000959|201702|98439.40|0|144|216|||||5.875|0.00||||||||||||||||||||98439.40
F05Q10000959|201703|98181.92|0|145|215|||||5.875|0.00||||||||||||||||||||98181.92
F05Q10000959|201704|97923.18|0|146|214|||||5.875|0.00||||||||||||||77||||||97923.18
F05Q10000959|201705|97663.18|0|147|213|||||5.875|0.00||||||||||||||76||||||97663.18
F05Q10000959|201706|97401.90|0|148|212|||||5.875|0.00||||||||||||||73||||||97401.90
F05Q10000959|201707|97139.34|0|149|211|||||5.875|0.00||||||||||||||73||||||97139.34
F05Q10000959|201708|96875.50|0|150|210|||||5.875|0.00||||||||||||||73||||||96875.50
F05Q10000959|201709|96610.37|0|151|209|||||5.875|0.00||||||||||||||999||||||96610.37
F05Q10000959|201710|96610.37|0|152|208|||||5.875|0.00||||||||||||||999||||||96610.37
F05Q10000959|201711|96076.20|0|153|207|||||5.875|0.00||||||||||||||999||||||96076.20
F05Q10000959|201712|95807.15|0|154|206|||||5.875|0.00||||||||||||||999||||||95807.15
F05Q10000959|201801|95807.15|0|155|205|||||5.875|0.00||||||||||||||999||||||95807.15
F05Q10000959|201802|95265.10|0|156|204|||||5.875|0.00||||||||||||||999||||||95265.10
F05Q10000959|201803|94992.08|0|157|203|||||5.875|0.00||||||||||||||999||||||94992.08
F05Q10000959|201804|94992.08|0|158|202|||||5.875|0.00||||||||||||||999||||||94992.08
F05Q10000959|201805|94442.03|0|159|201|||||5.875|0.00||||||||||||||999||||||94442.03
F05Q10000959|201806|94164.98|0|160|200|||||5.875|0.00||||||||||||||999||||||94164.98
F05Q10000959|201807|94164.98|0|161|199|||||5.875|0.00||||||||||||||999||||||94164.98
F05Q10000959|201808|93606.81|0|162|198|||||5.875|0.00||||||||||||||999||||||93606.81
F05Q10000959|201809|93325.67|0|163|197|||||5.875|0.00||||||||||||||999||||||93325.67
F05Q10000959|201810|93043.16|0|164|196|||||5.875|0.00||||||||||||||999||||||93043.16
F05Q10000959|201811|92759.26|0|165|195|||||5.875|0.00||||||||||||||999||||||92759.26
F05Q10000959|201812|92473.97|0|166|194|||||5.875|0.00||||||||||||||64||||||92473.97
F05Q10000959|201901|92187.29|0|167|193|||||5.875|0.00||||||||||||||64||||||92187.29
F05Q10000959|201902|91899.20|0|168|192|||||5.875|0.00||||||||||||||66||||||91899.20
F05Q10000959|201903|0.00|0|169|191|||01|201903|5.875|0.00||||||||||||||999|91899.20|||||0.00
F05Q10000960|200502|100000.00|0|000|360|||||6.000|0.00||||||||||||||||||||100000.00
F05Q10000960|200503|0.00|0|001|359|||01|200503|6.000|0.00|||||||||||||||99900.45|||||0.00
F05Q10001004|200502|77000.00|0|000|360|||||5.875|0.00||||||||||||||||||||77000.00
F05Q10001004|200503|76000.00|0|001|359|||||5.875|0.00||||||||||||||||||||76000.00
F05Q10001004|200504|76000.00|0|002|358|||||5.875|0.00||||||||||||||||||||76000.00
F05Q10001004|200505|76000.00|0|003|357|||||5.875|0.00||||||||||||||||||||76000.00
F05Q10001004|200506|76000.00|0|004|356|||||5.875|0.00||||||||||||||||||||76000.00
F05Q10001004|200507|76000.00|0|005|355|||||5.875|0.00||||||||||||||||||||76000.00
F05Q10001004|200508|76000.00|0|006|354|||||5.875|0.00||||||||||||||||||||76000.00
F05Q10001004|200509|75587.39|0|007|353|||||5.875|0.00||||||||||||||||||||75587.39
F05Q10001004|200510|75496.50|0|008|352|||||5.875|0.00||||||||||||||||||||75496.50
F05Q10001004|200511|75405.16|0|009|351|||||5.875|0.00||||||||||||||||||||75405.16
F05Q10001004|200512|75320.99|0|010|350|||||5.875|0.00||||||||||||||||||||75320.99
F05Q10001004|200601|74925.26|0|011|349|||||5.875|0.00||||||||||||||||||||74925.26
F05Q10001004|200602|74831.06|0|012|348|||||5.875|0.00||||||||||||||||||||74831.06
F05Q10001004|200603|74736.46|0|013|347|||||5.875|0.00||||||||||||||||||||74736.46
F05Q10001004|200604|74641.41|0|014|346|||||5.875|0.00||||||||||||||||||||74641.41
F05Q10001004|200605|74545.87|0|015|345|||||5.875|0.00||||||||||||||||||||74545.87
F05Q10001004|200606|74449.84|0|016|344|||||5.875|0.00||||||||||||||||||||74449.84
F05Q10001004|200607|74052.08|0|017|343|||||5.875|0.00||||||||||||||||||||74052.08
F05Q10001004|200608|73953.62|0|018|342|||||5.875|0.00||||||||||||||||||||73953.62
F05Q10001004|200609|73854.72|0|019|341|||||5.875|0.00||||||||||||||||||||73854.72
F05Q10001004|200610|73755.34|0|020|340|||||5.875|0.00||||||||||||||||||||73755.34
F05Q10001004|200611|73655.46|0|021|339|||||5.875|0.00||||||||||||||||||||73655.46
F05Q10001004|200612|73253.81|0|022|338|||||5.875|0.00||||||||||||||||||||73253.81
F05Q10001004|200701|73151.45|0|023|337|||||5.875|0.00||||||||||||||||||||73151.45
F05Q10001004|200702|73048.65|0|024|336|||||5.875|0.00||||||||||||||||||||73048.65
F05Q10001004|200703|72945.32|0|025|335|||||5.875|0.00||||||||||||||||||||72945.32
F05Q10001004|200704|0.00|0|026|334|||01|200704|5.875|0.00|||||||||||||||72945.32|||||0.00
F05Q10001092|200502|95000.00|0|000|360|||||5.875|0.00||||||||||||||||||||95000.00
F05Q10001092|200503|95000.00|0|001|359|||||5.875|0.00||||||||||||||||||||95000.00
F05Q10001092|200504|95000.00|0|002|358|||||5.875|0.00||||||||||||||||||||95000.00
F05Q10001092|200505|95000.00|0|003|357|||||5.875|0.00||||||||||||||||||||95000.00
F05Q10001092|200506|95000.00|0|004|356|||||5.875|0.00||||||||||||||||||||95000.00
F05Q10001092|200507|95000.00|0|005|355|||||5.875|0.00||||||||||||||||||||95000.00
F05Q10001092|200508|94000.00|0|006|354|||||5.875|0.00||||||||||||||||||||94000.00
F05Q10001092|200509|94232.14|0|007|353|||||5.875|0.00||||||||||||||||||||94232.14
F05Q10001092|200510|94048.64|0|008|352|||||5.875|0.00||||||||||||||||||||94048.64
F05Q10001092|200511|93945.65|0|009|351|||||5.875|0.00||||||||||||||||||||93945.65
F05Q10001092|200512|93842.15|0|010|350|||||5.875|0.00||||||||||||||||||||93842.15
F05Q10001092|200601|93738.15|0|011|349|||||5.875|0.00||||||||||||||||||||93738.15
F05Q10001092|200602|93633.64|0|012|348|||||5.875|0.00||||||||||||||||||||93633.64
F05Q10001092|200603|93528.61|0|013|347|||||5.875|0.00||||||||||||||||||||93528.61
F05Q10001092|200604|93372.33|0|014|346|||||5.875|0.00||||||||||||||||||||93372.33
F05Q10001092|200605|93266.03|0|015|345|||||5.875|0.00||||||||||||||||||||93266.03
F05Q10001092|200606|93159.20|0|016|344|||||5.875|0.00||||||||||||||||||||93159.20
F05Q10001092|200607|93001.11|0|017|343|||||5.875|0.00||||||||||||||||||||93001.11
F05Q10001092|200608|92792.99|0|018|342|||||5.875|0.00||||||||||||||||||||92792.99
F05Q10001092|200609|92633.11|0|019|341|||||5.875|0.00||||||||||||||||||||92633.11
F05Q10001092|200610|92472.45|0|020|340|||||5.875|0.00||||||||||||||||||||92472.45
F05Q10001092|200611|92311.00|0|021|339|||||5.875|0.00||||||||||||||||||||92311.00
F05Q10001092|200612|92199.50|0|022|338|||||5.875|0.00||||||||||||||||||||92199.50
F05Q10001092|200701|92046.71|0|023|337|||||5.875|0.00||||||||||||||||||||92046.71
F05Q10001092|200702|91933.92|0|024|336|||||5.875|0.00||||||||||||||||||||91933.92
F05Q10001092|200703|91820.57|0|025|335|||||5.875|0.00||||||||||||||||||||91820.57
F05Q10001092|200704|91706.67|0|026|334|||||5.875|0.00||||||||||||||||||||91706.67
F05Q10001092|200705|91592.21|0|027|333|||||5.875|0.00||||||||||||||||||||91592.21
F05Q10001092|200706|91477.19|0|028|332|||||5.875|0.00||||||||||||||||||||91477.19
F05Q10001092|200707|91361.61|0|029|331|||||5.875|0.00||||||||||||||||||||91361.61
F05Q10001092|200708|91245.46|0|030|330|||||5.875|0.00||||||||||||||||||||91245.46
F05Q10001092|200709|91128.74|0|031|329|||||5.875|0.00||||||||||||||||||||91128.74
F05Q10001092|200710|91011.45|0|032|328|||||5.875|0.00||||||||||||||||||||91011.45
F05Q10001092|200711|90893.59|0|033|327|||||5.875|0.00||||||||||||||||||||90893.59
F05Q10001092|200712|90775.15|0|034|326|||||5.875|0.00||||||||||||||||||||90775.15
F05Q10001092|200801|90656.13|0|035|325|||||5.875|0.00||||||||||||||||||||90656.13
F05Q10001092|200802|90536.53|0|036|324|||||5.875|0.00||||||||||||||||||||90536.53
F05Q10001092|200803|90416.34|0|037|323|||||5.875|0.00||||||||||||||||||||90416.34
F05Q10001092|200804|90295.56|0|038|322|||||5.875|0.00||||||||||||||||||||90295.56
F05Q10001092|200805|90174.19|0|039|321|||||5.875|0.00||||||||||||||||||||90174.19
F05Q10001092|200806|90052.23|0|040|320|||||5.875|0.00||||||||||||||||||||90052.23
F05Q10001092|200807|89879.43|0|041|319|||||5.875|0.00||||||||||||||||||||89879.43
F05Q10001092|200808|89705.78|0|042|318|||||5.875|0.00||||||||||||||||||||89705.78
F05Q10001092|200809|89531.28|0|043|317|||||5.875|0.00||||||||||||||||||||89531.28
F05Q10001092|200810|89355.93|0|044|316|||||5.875|0.00||||||||||||||||||||89355.93
F05Q10001092|200811|89179.72|0|045|315|||||5.875|0.00||||||||||||||||||||89179.72
F05Q10001092|200812|89052.89|0|046|314|||||5.875|0.00||||||||||||||||||||89052.89
F05Q10001092|200901|88875.20|0|047|313|||||5.875|0.00||||||||||||||||||||88875.20
F05Q10001092|200902|88696.64|0|048|312|||||5.875|0.00||||||||||||||||||||88696.64
F05Q10001092|200903|88567.44|0|049|311|||||5.875|0.00||||||||||||||||||||88567.44
F05Q10001092|200904|88437.61|0|050|310|||||5.875|0.00||||||||||||||||||||88437.61
F05Q10001092|200905|88307.15|0|051|309|||||5.875|0.00||||||||||||||||||||88307.15
F05Q10001092|200906|88148.38|0|052|308|||||5.875|0.00||||||||||||||||||||88148.38
F05Q10001092|200907|87988.83|0|053|307|||||5.875|0.00||||||||||||||||||||87988.83
F05Q10001092|200908|87856.17|0|054|306|||||5.875|0.00||||||||||||||||||||87856.17
F05Q10001092|200909|87695.19|0|055|305|||||5.875|0.00||||||||||||||||||||87695.19
F05Q10001092|200910|87533.42|0|056|304|||||5.875|0.00||||||||||||||||||||87533.42
F05Q10001092|200911|87370.86|0|057|303|||||5.875|0.00||||||||||||||||||||87370.86
F05Q10001092|200912|87207.50|0|058|302|||||5.875|0.00||||||||||||||||||||87207.50
F05Q10001092|201001|87071.01|0|059|301|||||5.875|0.00||||||||||||||||||||87071.01
F05Q10001092|201002|86906.19|0|060|300|||||5.875|0.00||||||||||||||||||||86906.19
F05Q10001092|201003|86768.23|0|061|299|||||5.875|0.00||||||||||||||||||||86768.23
F05Q10001092|201004|86629.59|0|062|298|||||5.875|0.00||||||||||||||||||||86629.59
F05Q10001092|201005|86490.27|0|063|297|||||5.875|0.00||||||||||||||||||||86490.27
F05Q10001092|201006|86350.27|0|064|296|||||5.875|0.00||||||||||||||||||||86350.27
F05Q10001092|201007|86209.59|0|065|295|||||5.875|0.00||||||||||||||||||||86209.59
F05Q10001092|201008|86068.22|0|066|294|||||5.875|0.00||||||||||||||||||||86068.22
F05Q10001092|201009|85926.16|0|067|293|||||5.875|0.00||||||||||||||||||||85926.16
F05Q10001092|201010|85783.40|0|068|292|||||5.875|0.00||||||||||||||||||||85783.40
F05Q10001092|201011|85639.94|0|069|291|||||5.875|0.00||||||||||||||||||||85639.94
F05Q10001092|201012|85495.78|0|070|290|||||5.875|0.00||||||||||||||||||||85495.78
F05Q10001092|201101|85350.91|0|071|289|||||5.875|0.00||||||||||||||||||||85350.91
F05Q10001092|201102|85205.33|0|072|288|||||5.875|0.00||||||||||||||||||||85205.33
F05Q10001092|201103|85059.04|0|073|287|||||5.875|0.00||||||||||||||||||||85059.04
F05Q10001092|201104|84912.03|0|074|286|||||5.875|0.00||||||||||||||||||||84912.03
F05Q10001092|201105|84764.31|0|075|285|||||5.875|0.00||||||||||||||||||||84764.31
F05Q10001092|201106|84615.86|0|076|284|||||5.875|0.00||||||||||||||||||||84615.86
F05Q10001092|201107|84466.69|0|077|283|||||5.875|0.00||||||||||||||||||||84466.69
F05Q10001092|201108|84316.78|0|078|282|||||5.875|0.00||||||||||||||||||||84316.78
F05Q10001092|201109|84166.14|0|079|281|||||5.875|0.00||||||||||||||||||||84166.14
F05Q10001092|201110|84014.76|0|080|280|||||5.875|0.00||||||||||||||||||||84014.76
F05Q10001092|201111|83862.64|0|081|279|||||5.875|0.00||||||||||||||||||||83862.64
F05Q10001092|201112|83709.78|0|082|278|||||5.875|0.00||||||||||||||||||||83709.78
F05Q10001092|201201|83556.17|0|083|277|||||5.875|0.00||||||||||||||||||||83556.17
F05Q10001092|201202|83401.81|0|084|276|||||5.875|0.00||||||||||||||||||||83401.81
F05Q10001092|201203|83246.69|0|085|275|||||5.875|0.00||||||||||||||||||||83246.69
F05Q10001092|201204|83090.81|0|086|274|||||5.875|0.00||||||||||||||||||||83090.81
F05Q10001092|201205|82934.17|0|087|273|||||5.875|0.00||||||||||||||||||||82934.17
F05Q10001092|201206|82776.76|0|088|272|||||5.875|0.00||||||||||||||||||||82776.76
F05Q10001092|201207|82618.58|0|089|271|||||5.875|0.00||||||||||||||||||||82618.58
F05Q10001092|201208|82459.63|0|090|270|||||5.875|0.00||||||||||||||||||||82459.63
F05Q10001092|201209|82299.90|0|091|269|||||5.875|0.00||||||||||||||||||||82299.90
F05Q10001092|201210|82139.39|0|092|268|||||5.875|0.00||||||||||||||||||||82139.39
F05Q10001092|201211|81978.09|0|093|267|||||5.875|0.00||||||||||||||||||||81978.09
F05Q10001092|201212|81816.00|0|094|266|||||5.875|0.00||||||||||||||||||||81816.00
F05Q10001092|201301|81653.12|0|095|265|||||5.875|0.00||||||||||||||||||||81653.12
F05Q10001092|201302|81489.44|0|096|264|||||5.875|0.00||||||||||||||||||||81489.44
F05Q10001092|201303|81324.96|0|097|263|||||5.875|0.00||||||||||||||||||||81324.96
F05Q10001092|201304|81159.67|0|098|262|||||5.875|0.00||||||||||||||||||||81159.67
F05Q10001092|201305|80993.57|0|099|261|||||5.875|0.00||||||||||||||||||||80993.57
F05Q10001092|201306|80826.66|0|100|260|||||5.875|0.00||||||||||||||||||||80826.66
F05Q10001092|201307|80658.93|0|101|259|||||5.875|0.00||||||||||||||||||||80658.93
F05Q10001092|201308|80490.38|0|102|258|||||5.875|0.00||||||||||||||||||||80490.38
F05Q10001092|201309|80321.01|0|103|257|||||5.875|0.00||||||||||||||||||||80321.01
F05Q10001092|201310|80150.81|0|104|256|||||5.875|0.00||||||||||||||||||||80150.81
F05Q10001092|201311|79979.77|0|105|255|||||5.875|0.00||||||||||||||||||||79979.77
F05Q10001092|201312|79807.90|0|106|254|||||5.875|0.00||||||||||||||||||||79807.90
F05Q10001092|201401|79635.19|0|107|253|||||5.875|0.00||||||||||||||||||||79635.19
F05Q10001092|201402|79461.63|0|108|252|||||5.875|0.00||||||||||||||||||||79461.63
F05Q10001092|201403|79287.22|0|109|251|||||5.875|0.00||||||||||||||||||||79287.22
F05Q10001092|201404|79111.96|0|110|250|||||5.875|0.00||||||||||||||||||||79111.96
F05Q10001092|201405|78935.84|0|111|249|||||5.875|0.00||||||||||||||||||||78935.84
F05Q10001092|201406|78758.86|0|112|248|||||5.875|0.00||||||||||||||||||||78758.86
F05Q10001092|201407|78581.01|0|113|247|||||5.875|0.00||||||||||||||||||||78581.01
F05Q10001092|201408|78402.29|0|114|246|||||5.875|0.00||||||||||||||||||||78402.29
F05Q10001092|201409|78222.69|0|115|245|||||5.875|0.00||||||||||||||||||||78222.69
F05Q10001092|201410|78042.22|0|116|244|||||5.875|0.00||||||||||||||||||||78042.22
F05Q10001092|201411|77860.86|0|117|243|||||5.875|0.00||||||||||||||||||||77860.86
F05Q10001092|201412|77678.61|0|118|242|||||5.875|0.00||||||||||||||||||||77678.61
F05Q10001092|201501|77495.47|0|119|241|||||5.875|0.00||||||||||||||||||||77495.47
F05Q10001092|201502|77311.43|0|120|240|||||5.875|0.00||||||||||||||||||||77311.43
F05Q10001092|201503|77126.49|0|121|239|||||5.875|0.00||||||||||||||||||||77126.49
F05Q10001092|201504|76940.65|0|122|238|||||5.875|0.00||||||||||||||||||||76940.65
F05Q10001092|201505|76753.90|0|123|237|||||5.875|0.00||||||||||||||||||||76753.90
F05Q10001092|201506|76566.23|0|124|236|||||5.875|0.00||||||||||||||||||||76566.23
F05Q10001092|201507|76377.65|0|125|235|||||5.875|0.00||||||||||||||||||||76377.65
F05Q10001092|201508|76188.14|0|126|234|||||5.875|0.00||||||||||||||||||||76188.14
F05Q10001092|201509|75997.70|0|127|233|||||5.875|0.00||||||||||||||||||||75997.70
F05Q10001092|201510|75806.33|0|128|232|||||5.875|0.00||||||||||||||||||||75806.33
F05Q10001092|201511|75614.03|0|129|231|||||5.875|0.00||||||||||||||||||||75614.03
F05Q10001092|201512|75420.78|0|130|230|||||5.875|0.00||||||||||||||||||||75420.78
F05Q10001092|201601|75226.59|0|131|229|||||5.875|0.00||||||||||||||||||||75226.59
F05Q10001092|201602|75031.45|0|132|228|||||5.875|0.00||||||||||||||||||||75031.45
F05Q10001092|201603|74835.35|0|133|227|||||5.875|0.00||||||||||||||||||||74835.35
F05Q10001092|201604|74638.29|0|134|226|||||5.875|0.00||||||||||||||||||||74638.29
F05Q10001092|201605|74440.27|0|135|225|||||5.875|0.00||||||||||||||||||||74440.27
F05Q10001092|201606|74241.28|0|136|224|||||5.875|0.00||||||||||||||||||||74241.28
F05Q10001092|201607|74041.31|0|137|223|||||5.875|0.00||||||||||||||||||||74041.31
F05Q10001092|201608|73840.36|0|138|222|||||5.875|0.00||||||||||||||||||||73840.36
F05Q10001092|201609|73638.43|0|139|221|||||5.875|0.00||||||||||||||||||||73638.43
F05Q10001092|201610|73435.51|0|140|220|||||5.875|0.00||||||||||||||||||||73435.51
F05Q10001092|201611|73231.60|0|141|219|||||5.875|0.00||||||||||||||||||||73231.60
F05Q10001092|201612|73026.69|0|142|218|||||5.875|0.00||||||||||||||||||||73026.69
F05Q10001092|201701|72820.78|0|143|217|||||5.875|0.00||||||||||||||||||||72820.78
F05Q10001092|201702|72613.86|0|144|216|||||5.875|0.00||||||||||||||||||||72613.86
F05Q10001092|201703|72405.93|0|145|215|||||5.875|0.00||||||||||||||||||||72405.93
F05Q10001092|201704|72196.98|0|146|214|||||5.875|0.00||||||||||||||999||||||72196.98
F05Q10001092|201705|0.00|0|147|213|||01|201705|5.875|0.00||||||||||||||999|72196.98|||||0.00
F05Q10001103|200502|350000.00|0|000|180|||||4.875|0.00||||||||||||||||||||350000.00
F05Q10001103|200503|349000.00|0|001|179|||||4.875|0.00||||||||||||||||||||349000.00
F05Q10001103|200504|347000.00|0|002|178|||||4.875|0.00||||||||||||||||||||347000.00
F05Q10001103|200505|346000.00|0|003|177|||||4.875|0.00||||||||||||||||||||346000.00
F05Q10001103|200506|345000.00|0|004|176|||||4.875|0.00||||||||||||||||||||345000.00
F05Q10001103|200507|343000.00|0|005|175|||||4.875|0.00||||||||||||||||||||343000.00
F05Q10001103|200508|342000.00|0|006|174|||||4.875|0.00||||||||||||||||||||342000.00
F05Q10001103|200509|340624.12|0|007|173|||||4.875|0.00||||||||||||||||||||340624.12
F05Q10001103|200510|339262.86|0|008|172|||||4.875|0.00||||||||||||||||||||339262.86
F05Q10001103|200511|337896.07|0|009|171|||||4.875|0.00||||||||||||||||||||337896.07
F05Q10001103|200512|336297.31|0|010|170|||||4.875|0.00||||||||||||||||||||336297.31
F05Q10001103|200601|334918.47|0|011|169|||||4.875|0.00||||||||||||||||||||334918.47
F05Q10001103|200602|333534.03|0|012|168|||||4.875|0.00||||||||||||||||||||333534.03
F05Q10001103|200603|332143.96|0|013|167|||||4.875|0.00||||||||||||||||||||332143.96
F05Q10001103|200604|330748.24|0|014|166|||||4.875|0.00||||||||||||||||||||330748.24
F05Q10001103|200605|329346.85|0|015|165|||||4.875|0.00||||||||||||||||||||329346.85
F05Q10001103|200606|327939.77|0|016|164|||||4.875|0.00||||||||||||||||||||327939.77
F05Q10001103|200607|326526.98|0|017|163|||||4.875|0.00||||||||||||||||||||326526.98
F05Q10001103|200608|325108.45|0|018|162|||||4.875|0.00||||||||||||||||||||325108.45
F05Q10001103|200609|323684.15|0|019|161|||||4.875|0.00||||||||||||||||||||323684.15
F05Q10001103|200610|322254.07|0|020|160|||||4.875|0.00||||||||||||||||||||322254.07
F05Q10001103|200611|320818.18|0|021|159|||||4.875|0.00||||||||||||||||||||320818.18
F05Q10001103|200612|319376.45|0|022|158|||||4.875|0.00||||||||||||||||||||319376.45
F05Q10001103|200701|317928.87|0|023|157|||||4.875|0.00||||||||||||||||||||317928.87
F05Q10001103|200702|316475.41|0|024|156|||||4.875|0.00||||||||||||||||||||316475.41
F05Q10001103|200703|315016.04|0|025|155|||||4.875|0.00||||||||||||||||||||315016.04
F05Q10001103|200704|313550.74|0|026|154|||||4.875|0.00||||||||||||||||||||313550.74
F05Q10001103|200705|312079.49|0|027|153|||||4.875|0.00||||||||||||||||||||312079.49
F05Q10001103|200706|310602.26|0|028|152|||||4.875|0.00||||||||||||||||||||310602.26
F05Q10001103|200707|309119.03|0|029|151|||||4.875|0.00||||||||||||||||||||309119.03
F05Q10001103|200708|307629.78|0|030|150|||||4.875|0.00||||||||||||||||||||307629.78
F05Q10001103|200709|306134.48|0|031|149|||||4.875|0.00||||||||||||||||||||306134.48
F05Q10001103|200710|304633.10|0|032|148|||||4.875|0.00||||||||||||||||||||304633.10
F05Q10001103|200711|303125.62|0|033|147|||||4.875|0.00||||||||||||||||||||303125.62
F05Q10001103|200712|301612.02|0|034|146|||||4.875|0.00||||||||||||||||||||301612.02
F05Q10001103|200801|300092.27|0|035|145|||||4.875|0.00||||||||||||||||||||300092.27
F05Q10001103|200802|298566.34|0|036|144|||||4.875|0.00||||||||||||||||||||298566.34
F05Q10001103|200803|297034.22|0|037|143|||||4.875|0.00||||||||||||||||||||297034.22
F05Q10001103|200804|295495.87|0|038|142|||||4.875|0.00||||||||||||||||||||295495.87
F05Q10001103|200805|293951.27|0|039|141|||||4.875|0.00||||||||||||||||||||293951.27
F05Q10001103|200806|292400.40|0|040|140|||||4.875|0.00||||||||||||||||||||292400.40
F05Q10001103|200807|290843.23|0|041|139|||||4.875|0.00||||||||||||||||||||290843.23
F05Q10001103|200808|289279.73|0|042|138|||||4.875|0.00||||||||||||||||||||289279.73
F05Q10001103|200809|287709.88|0|043|137|||||4.875|0.00||||||||||||||||||||287709.88
F05Q10001103|200810|286133.65|0|044|136|||||4.875|0.00||||||||||||||||||||286133.65
F05Q10001103|200811|284551.02|0|045|135|||||4.875|0.00||||||||||||||||||||284551.02
F05Q10001103|200812|282961.96|0|046|134|||||4.875|0.00||||||||||||||||||||282961.96
F05Q10001103|200901|281366.44|0|047|133|||||4.875|0.00||||||||||||||||||||281366.44
F05Q10001103|200902|279764.44|0|048|132|||||4.875|0.00||||||||||||||||||||279764.44
F05Q10001103|200903|278155.93|0|049|131|||||4.875|0.00||||||||||||||||||||278155.93
F05Q10001103|200904|274919.29|0|050|130|||||4.875|0.00||||||||||||||||||||274919.29
F05Q10001103|200905|273291.10|0|051|129|||||4.875|0.00||||||||||||||||||||273291.10
F05Q10001103|200906|271656.30|0|052|128|||||4.875|0.00||||||||||||||||||||271656.30
F05Q10001103|200907|270014.85|0|053|127|||||4.875|0.00||||||||||||||||||||270014.85
F05Q10001103|200908|268366.74|0|054|126|||||4.875|0.00||||||||||||||||||||268366.74
F05Q10001103|200909|266711.93|0|055|125|||||4.875|0.00||||||||||||||||||||266711.93
F05Q10001103|200910|265050.40|0|056|124|||||4.875|0.00||||||||||||||||||||265050.40
F05Q10001103|200911|263382.12|0|057|123|||||4.875|0.00||||||||||||||||||||263382.12
F05Q10001103|200912|261707.06|0|058|122|||||4.875|0.00||||||||||||||||||||261707.06
F05Q10001103|201001|260025.19|0|059|121|||||4.875|0.00||||||||||||||||||||260025.19
F05Q10001103|201002|258336.49|0|060|120|||||4.875|0.00||||||||||||||||||||258336.49
F05Q10001103|201003|256640.93|0|061|119|||||4.875|0.00||||||||||||||||||||256640.93
F05Q10001103|201004|254938.48|0|062|118|||||4.875|0.00||||||||||||||||||||254938.48
F05Q10001103|201005|253229.12|0|063|117|||||4.875|0.00||||||||||||||||||||253229.12
F05Q10001103|201006|251512.81|0|064|116|||||4.875|0.00||||||||||||||||||||251512.81
F05Q10001103|201007|249789.53|0|065|115|||||4.875|0.00||||||||||||||||||||249789.53
F05Q10001103|201008|248059.25|0|066|114|||||4.875|0.00||||||||||||||||||||248059.25
F05Q10001103|201009|246321.94|0|067|113|||||4.875|0.00||||||||||||||||||||246321.94
F05Q10001103|201010|244577.57|0|068|112|||||4.875|0.00||||||||||||||||||||244577.57
F05Q10001103|201011|242826.12|0|069|111|||||4.875|0.00||||||||||||||||||||242826.12
F05Q10001103|201012|241067.55|0|070|110|||||4.875|0.00||||||||||||||||||||241067.55
F05Q10001103|201101|239301.84|0|071|109|||||4.875|0.00||||||||||||||||||||239301.84
F05Q10001103|201102|235748.86|0|072|108|||||4.875|0.00||||||||||||||||||||235748.86
F05Q10001103|201103|235748.86|0|073|107|||||4.875|0.00||||||||||||||||||||235748.86
F05Q10001103|201104|233961.54|0|074|106|||||4.875|0.00||||||||||||||||||||233961.54
F05Q10001103|201105|230365.09|0|075|105|||||4.875|0.00||||||||||||||||||||230365.09
F05Q10001103|201106|230365.09|0|076|104|||||4.875|0.00||||||||||||||||||||230365.09
F05Q10001103|201107|228555.90|0|077|103|||||4.875|0.00||||||||||||||||||||228555.90
F05Q10001103|201108|226739.36|0|078|102|||||4.875|0.00||||||||||||||||||||226739.36
F05Q10001103|201109|224915.44|0|079|101|||||4.875|0.00||||||||||||||||||||224915.44
F05Q10001103|201110|223084.11|0|080|100|||||4.875|0.00||||||||||||||||||||223084.11
F05Q10001103|201111|221245.34|0|081|099|||||4.875|0.00||||||||||||||||||||221245.34
F05Q10001103|201112|219399.10|0|082|098|||||4.875|0.00||||||||||||||||||||219399.10
F05Q10001103|201201|219399.10|0|083|097|||||4.875|0.00||||||||||||||||||||219399.10
F05Q10001103|201202|217545.36|0|084|096|||||4.875|0.00||||||||||||||||||||217545.36
F05Q10001103|201203|215684.09|0|085|095|||||4.875|0.00||||||||||||||||||||215684.09
F05Q10001103|201204|213815.26|0|086|094|||||4.875|0.00||||||||||||||||||||213815.26
F05Q10001103|201205|211938.83|0|087|093|||||4.875|0.00||||||||||||||||||||211938.83
F05Q10001103|201206|210054.78|0|088|092|||||4.875|0.00||||||||||||||||||||210054.78
F05Q10001103|201207|208163.08|0|089|091|||||4.875|0.00||||||||||||||||||||208163.08
F05Q10001103|201208|206263.69|0|090|090|||||4.875|0.00||||||||||||||||||||206263.69
F05Q10001103|201209|204356.59|0|091|089|||||4.875|0.00||||||||||||||||||||204356.59
F05Q10001103|201210|202441.74|0|092|088|||||4.875|0.00||||||||||||||||||||202441.74
F05Q10001103|201211|200519.11|0|093|087|||||4.875|0.00||||||||||||||||||||200519.11
F05Q10001103|201212|198588.67|0|094|086|||||4.875|0.00||||||||||||||||||||198588.67
F05Q10001103|201301|194704.23|0|095|085|||||4.875|0.00||||||||||||||||||||194704.23
F05Q10001103|201302|194704.23|0|096|084|||||4.875|0.00||||||||||||||||||||194704.23
F05Q10001103|201303|192750.17|0|097|083|||||4.875|0.00||||||||||||||||||||192750.17
F05Q10001103|201304|190788.17|0|098|082|||||4.875|0.00||||||||||||||||||||190788.17
F05Q10001103|201305|188818.20|0|099|081|||||4.875|0.00||||||||||||||||||||188818.20
F05Q10001103|201306|186840.22|0|100|080|||||4.875|0.00||||||||||||||||||||186840.22
F05Q10001103|201307|184854.21|0|101|079|||||4.875|0.00||||||||||||||||||||184854.21
F05Q10001103|201308|182860.13|0|102|078|||||4.875|0.00||||||||||||||||||||182860.13
F05Q10001103|201309|180857.95|0|103|077|||||4.875|0.00||||||||||||||||||||180857.95
F05Q10001103|201310|178847.64|0|104|076|||||4.875|0.00||||||||||||||||||||178847.64
F05Q10001103|201311|176829.16|0|105|075|||||4.875|0.00||||||||||||||||||||176829.16
F05Q10001103|201312|174802.48|0|106|074|||||4.875|0.00||||||||||||||||||||174802.48
F05Q10001103|201401|172767.57|0|107|073|||||4.875|0.00||||||||||||||||||||172767.57
F05Q10001103|201402|170724.39|0|108|072|||||4.875|0.00||||||||||||||||||||170724.39
F05Q10001103|201403|168672.91|0|109|071|||||4.875|0.00||||||||||||||||||||168672.91
F05Q10001103|201404|164544.91|0|110|070|||||4.875|0.00||||||||||||||||||||164544.91
F05Q10001103|201405|164544.91|0|111|069|||||4.875|0.00||||||||||||||||||||164544.91
F05Q10001103|201406|162468.32|0|112|068|||||4.875|0.00||||||||||||||||||||162468.32
F05Q10001103|201407|158289.81|0|113|067|||||4.875|0.00||||||||||||||||||||158289.81
F05Q10001103|201408|158289.81|0|114|066|||||4.875|0.00||||||||||||||||||||158289.81
F05Q10001103|201409|154077.27|0|115|065|||||4.875|0.00||||||||||||||||||||154077.27
F05Q10001103|201410|151958.16|0|116|064|||||4.875|0.00||||||||||||||||||||151958.16
F05Q10001103|201411|147694.08|0|117|063|||||4.875|0.00||||||||||||||||||||147694.08
F05Q10001103|201412|147694.08|0|118|062|||||4.875|0.00||||||||||||||||||||147694.08
F05Q10001103|201501|145549.04|0|119|061|||||4.875|0.00||||||||||||||||||||145549.04
F05Q10001103|201502|143395.28|0|120|060|||||4.875|0.00||||||||||||||||||||143395.28
F05Q10001103|201503|140395.28|0|121|059|||||4.875|0.00||||||||||||||||||||140395.28
F05Q10001103|201504|138220.59|0|122|058|||||4.875|0.00||||||||||||||||||||138220.59
F05Q10001103|201505|133844.66|0|123|057|||||4.875|0.00||||||||||||||||||||133844.66
F05Q10001103|201506|131643.35|0|124|056|||||4.875|0.00||||||||||||||||||||131643.35
F05Q10001103|201507|129433.10|0|125|055|||||4.875|0.00||||||||||||||||||||129433.10
F05Q10001103|201508|129433.10|0|126|054|||||4.875|0.00||||||||||||||||||||129433.10
F05Q10001103|201509|124985.63|0|127|053|||||4.875|0.00||||||||||||||||||||124985.63
F05Q10001103|201510|122748.33|0|128|052|||||4.875|0.00||||||||||||||||||||122748.33
F05Q10001103|201511|120501.95|0|129|051|||||4.875|0.00||||||||||||||||||||120501.95
F05Q10001103|201512|118246.44|0|130|050|||||4.875|0.00||||||||||||||||||||118246.44
F05Q10001103|201601|115981.77|0|131|049|||||4.875|0.00||||||||||||||||||||115981.77
F05Q10001103|201602|113707.90|0|132|048|||||4.875|0.00||||||||||||||||||||113707.90
F05Q10001103|201603|111424.79|0|133|047|||||4.875|0.00||||||||||||||||||||111424.79
F05Q10001103|201604|111424.79|0|134|046|||||4.875|0.00||||||||||||||||||||111424.79
F05Q10001103|201605|106830.70|0|135|045|||||4.875|0.00||||||||||||||||||||106830.70
F05Q10001103|201606|104519.65|0|136|044|||||4.875|0.00||||||||||||||||||||104519.65
F05Q10001103|201607|102199.21|0|137|043|||||4.875|0.00||||||||||||||||||||102199.21
F05Q10001103|201608|102199.21|0|138|042|||||4.875|0.00||||||||||||||||||||102199.21
F05Q10001103|201609|99869.34|0|139|041|||||4.875|0.00||||||||||||||||||||99869.34
F05Q10001103|201610|97530.01|0|140|040|||||4.875|0.00||||||||||||||||||||97530.01
F05Q10001103|201611|97530.01|1|141|039|||||4.875|0.00||||||||||||||||||||97530.01
F05Q10001103|201612|92822.80|0|142|038|||||4.875|0.00||||||||||||||||||||92822.80
F05Q10001103|201701|90317.59|0|143|037|||||4.875|0.00||||||||||||||||||||90317.59
F05Q10001103|201702|87939.46|0|144|036|||||4.875|0.00||||||||||||||||||||87939.46
F05Q10001103|201703|85551.66|0|145|035|||||4.875|0.00||||||||||||||||||||85551.66
F05Q10001103|201704|83154.16|0|146|034|||||4.875|0.00||||||||||||||18||||||83154.16
F05Q10001103|201705|83154.16|0|147|033|||||4.875|0.00||||||||||||||18||||||83154.16
F05Q10001103|201706|75903.07|0|148|032|||||4.875|0.00||||||||||||||16||||||75903.07
F05Q10001103|201707|73466.38|0|149|031|||||4.875|0.00||||||||||||||16||||||73466.38
F05Q10001103|201708|71019.79|0|150|030|||||4.875|0.00||||||||||||||16||||||71019.79
F05Q10001103|201709|68563.26|0|151|029|||||4.875|0.00||||||||||||||15||||||68563.26
F05Q10001103|201710|66096.75|0|152|028|||||4.875|0.00||||||||||||||15||||||66096.75
F05Q10001103|201711|63620.22|0|153|027|||||4.875|0.00||||||||||||||14||||||63620.22
F05Q10001103|201712|61133.63|0|154|026|||||4.875|0.00||||||||||||||14||||||61133.63
F05Q10001103|201801|58636.94|0|155|025|||||4.875|0.00||||||||||||||13||||||58636.94
F05Q10001103|201802|56130.10|0|156|024|||||4.875|0.00||||||||||||||12||||||56130.10
F05Q10001103|201803|53613.08|0|157|023|||||4.875|0.00||||||||||||||12||||||53613.08
F05Q10001103|201804|51085.83|0|158|022|||||4.875|0.00||||||||||||||11||||||51085.83
F05Q10001103|201805|48548.32|0|159|021|||||4.875|0.00||||||||||||||11||||||48548.32
F05Q10001103|201806|46000.50|0|160|020|||||4.875|0.00||||||||||||||10||||||46000.50
F05Q10001103|201807|43442.33|0|161|019|||||4.875|0.00||||||||||||||9||||||43442.33
F05Q10001103|201808|40873.76|0|162|018|||||4.875|0.00||||||||||||||8||||||40873.76
F05Q10001103|201809|38294.76|0|163|017|||||4.875|0.00||||||||||||||8||||||38294.76
F05Q10001103|201810|35085.92|0|164|016|||||4.875|0.00||||||||||||||8||||||35085.92
F05Q10001103|201811|32483.41|0|165|015|||||4.875|0.00||||||||||||||7||||||32483.41
F05Q10001103|201812|29870.32|0|166|014|||||4.875|0.00||||||||||||||6||||||29870.32
F05Q10001103|201901|27246.62|0|167|013|||||4.875|0.00||||||||||||||5||||||27246.62
F05Q10001103|201902|24612.26|0|168|012|||||4.875|0.00||||||||||||||5||||||24612.26
F05Q10001103|201903|21967.20|0|169|011|||||4.875|0.00||||||||||||||5||||||21967.20
F05Q10001103|201904|19311.39|0|170|010|||||4.875|0.00||||||||||||||4||||||19311.39
F05Q10001103|201905|13967.36|0|171|009|||||4.875|0.00||||||||||||||3||||||13967.36
F05Q10001103|201906|11279.05|0|172|008|||||4.875|0.00||||||||||||||2||||||11279.05
F05Q10001103|201907|11279.05|0|173|007|||||4.875|0.00||||||||||||||2||||||11279.05
F05Q10001103|201908|5869.63|0|174|006|||||4.875|0.00||||||||||||||1||||||5869.63
F05Q10001103|201909|0.00|0|175|005|||01|201909|4.875|0.00|201910|||||||||||||999|5869.63|||||0.00
F05Q10001106|200503|78000.00|0|000|180|||||4.875|0.00||||||||||||||||||||78000.00
F05Q10001106|200504|77000.00|0|001|179|||||4.875|0.00||||||||||||||||||||77000.00
F05Q10001106|200505|76000.00|0|002|178|||||4.875|0.00||||||||||||||||||||76000.00
F05Q10001106|200506|75000.00|0|003|177|||||4.875|0.00||||||||||||||||||||75000.00
F05Q10001106|200507|75000.00|0|004|176|||||4.875|0.00||||||||||||||||||||75000.00
F05Q10001106|200508|74000.00|0|005|175|||||4.875|0.00||||||||||||||||||||74000.00
F05Q10001106|200509|74000.00|0|006|174|||||4.875|0.00||||||||||||||||||||74000.00
F05Q10001106|200510|73234.88|0|007|173|||||4.875|0.00||||||||||||||||||||73234.88
F05Q10001106|200511|72774.04|0|008|172|||||4.875|0.00||||||||||||||||||||72774.04
F05Q10001106|200512|72193.92|0|009|171|||||4.875|0.00||||||||||||||||||||72193.92
F05Q10001106|200601|71875.45|0|010|170|||||4.875|0.00||||||||||||||||||||71875.45
F05Q10001106|200602|71555.68|0|011|169|||||4.875|0.00||||||||||||||||||||71555.68
F05Q10001106|200603|71234.61|0|012|168|||||4.875|0.00||||||||||||||||||||71234.61
F05Q10001106|200604|70912.24|0|013|167|||||4.875|0.00||||||||||||||||||||70912.24
F05Q10001106|200605|70588.56|0|014|166|||||4.875|0.00||||||||||||||||||||70588.56
F05Q10001106|200606|70263.57|0|015|165|||||4.875|0.00||||||||||||||||||||70263.57
F05Q10001106|200607|69937.26|0|016|164|||||4.875|0.00||||||||||||||||||||69937.26
F05Q10001106|200608|69609.62|0|017|163|||||4.875|0.00||||||||||||||||||||69609.62
F05Q10001106|200609|69280.65|0|018|162|||||4.875|0.00||||||||||||||||||||69280.65
F05Q10001106|200610|68950.34|0|019|161|||||4.875|0.00||||||||||||||||||||68950.34
F05Q10001106|200611|68618.69|0|020|160|||||4.875|0.00||||||||||||||||||||68618.69
F05Q10001106|200612|68285.69|0|021|159|||||4.875|0.00||||||||||||||||||||68285.69
F05Q10001106|200701|67951.34|0|022|158|||||4.875|0.00||||||||||||||||||||67951.34
F05Q10001106|200702|67615.63|0|023|157|||||4.875|0.00||||||||||||||||||||67615.63
F05Q10001106|200703|67278.56|0|024|156|||||4.875|0.00||||||||||||||||||||67278.56
F05Q10001106|200704|66940.12|0|025|155|||||4.875|0.00||||||||||||||||||||66940.12
F05Q10001106|200705|66600.30|0|026|154|||||4.875|0.00||||||||||||||||||||66600.30
F05Q10001106|200706|66259.10|0|027|153|||||4.875|0.00||||||||||||||||||||66259.10
F05Q10001106|200707|65916.52|0|028|152|||||4.875|0.00||||||||||||||||||||65916.52
F05Q10001106|200708|65572.55|0|029|151|||||4.875|0.00||||||||||||||||||||65572.55
F05Q10001106|200709|65227.18|0|030|150|||||4.875|0.00||||||||||||||||||||65227.18
F05Q10001106|200710|64880.41|0|031|149|||||4.875|0.00||||||||||||||||||||64880.41
F05Q10001106|200711|64532.23|0|032|148|||||4.875|0.00||||||||||||||||||||64532.23
F05Q10001106|200712|64182.63|0|033|147|||||4.875|0.00||||||||||||||||||||64182.63
F05Q10001106|200801|63831.61|0|034|146|||||4.875|0.00||||||||||||||||||||63831.61
F05Q10001106|200802|63479.17|0|035|145|||||4.875|0.00||||||||||||||||||||63479.17
F05Q10001106|200803|63125.29|0|036|144|||||4.875|0.00||||||||||||||||||||63125.29
F05Q10001106|200804|62769.98|0|037|143|||||4.875|0.00||||||||||||||||||||62769.98
F05Q10001106|200805|62413.22|0|038|142|||||4.875|0.00||||||||||||||||||||62413.22
F05Q10001106|200806|62055.01|0|039|141|||||4.875|0.00||||||||||||||||||||62055.01
F05Q10001106|200807|61695.35|0|040|140|||||4.875|0.00||||||||||||||||||||61695.35
F05Q10001106|200808|61334.23|0|041|139|||||4.875|0.00||||||||||||||||||||61334.23
F05Q10001106|200809|60971.64|0|042|138|||||4.875|0.00||||||||||||||||||||60971.64
F05Q10001106|200810|60607.58|0|043|137|||||4.875|0.00||||||||||||||||||||60607.58
F05Q10001106|200811|60242.04|0|044|136|||||4.875|0.00||||||||||||||||||||60242.04
F05Q10001106|200812|59875.01|0|045|135|||||4.875|0.00||||||||||||||||||||59875.01
F05Q10001106|200901|59506.49|0|046|134|||||4.875|0.00||||||||||||||||||||59506.49
F05Q10001106|200902|59136.48|0|047|133|||||4.875|0.00||||||||||||||||||||59136.48
F05Q10001106|200903|58764.96|0|048|132|||||4.875|0.00||||||||||||||||||||58764.96
F05Q10001106|200904|58391.93|0|049|131|||||4.875|0.00||||||||||||||||||||58391.93
F05Q10001106|200905|58017.39|0|050|130|||||4.875|0.00||||||||||||||||||||58017.39
F05Q10001106|200906|57641.33|0|051|129|||||4.875|0.00||||||||||||||||||||57641.33
F05Q10001106|200907|57263.74|0|052|128|||||4.875|0.00||||||||||||||||||||57263.74
F05Q10001106|200908|56884.61|0|053|127|||||4.875|0.00||||||||||||||||||||56884.61
F05Q10001106|200909|56303.54|0|054|126|||||4.875|0.00||||||||||||||||||||56303.54
F05Q10001106|200910|55720.11|0|055|125|||||4.875|0.00||||||||||||||||||||55720.11
F05Q10001106|200911|55084.31|0|056|124|||||4.875|0.00||||||||||||||||||||55084.31
F05Q10001106|200912|54395.72|0|057|123|||||4.875|0.00||||||||||||||||||||54395.72
F05Q10001106|201001|53704.33|0|058|122|||||4.875|0.00||||||||||||||||||||53704.33
F05Q10001106|201002|53010.13|0|059|121|||||4.875|0.00||||||||||||||||||||53010.13
F05Q10001106|201003|52112.71|0|060|120|||||4.875|0.00||||||||||||||||||||52112.71
F05Q10001106|201004|51211.64|0|061|119|||||4.875|0.00||||||||||||||||||||51211.64
F05Q10001106|201005|50306.91|0|062|118|||||4.875|0.00||||||||||||||||||||50306.91
F05Q10001106|201006|49398.51|0|063|117|||||4.875|0.00||||||||||||||||||||49398.51
F05Q10001106|201007|48486.42|0|064|116|||||4.875|0.00||||||||||||||||||||48486.42
F05Q10001106|201008|47520.62|0|065|115|||||4.875|0.00||||||||||||||||||||47520.62
F05Q10001106|201009|46300.69|0|066|114|||||4.875|0.00||||||||||||||||||||46300.69
F05Q10001106|201010|45377.03|0|067|113|||||4.875|0.00||||||||||||||||||||45377.03
F05Q10001106|201011|44949.61|0|068|112|||||4.875|0.00||||||||||||||||||||44949.61
F05Q10001106|201012|44520.46|0|069|111|||||4.875|0.00||||||||||||||||||||44520.46
F05Q10001106|201101|43087.53|0|070|110|||||4.875|0.00||||||||||||||||||||43087.53
F05Q10001106|201102|41646.75|0|071|109|||||4.875|0.00||||||||||||||||||||41646.75
F05Q10001106|201103|40200.12|0|072|108|||||4.875|0.00||||||||||||||||||||40200.12
F05Q10001106|201104|38747.61|0|073|107|||||4.875|0.00||||||||||||||||||||38747.61
F05Q10001106|201105|37791.23|0|074|106|||||4.875|0.00||||||||||||||||||||37791.23
F05Q10001106|201106|36944.76|0|075|105|||||4.875|0.00||||||||||||||||||||36944.76
F05Q10001106|201107|35483.09|0|076|104|||||4.875|0.00||||||||||||||||||||35483.09
F05Q10001106|201108|34015.48|0|077|103|||||4.875|0.00||||||||||||||||||||34015.48
F05Q10001106|201109|32541.91|0|078|102|||||4.875|0.00||||||||||||||||||||32541.91
F05Q10001106|201110|31562.35|0|079|101|||||4.875|0.00||||||||||||||||||||31562.35
F05Q10001106|201111|30576.78|0|080|100|||||4.875|0.00||||||||||||||||||||30576.78
F05Q10001106|201112|30089.24|0|081|099|||||4.875|0.00||||||||||||||||||||30089.24
F05Q10001106|201201|29599.72|0|082|098|||||4.875|0.00||||||||||||||||||||29599.72
F05Q10001106|201202|27604.15|0|083|097|||||4.875|0.00||||||||||||||||||||27604.15
F05Q10001106|201203|27104.53|0|084|096|||||4.875|0.00||||||||||||||||||||27104.53
F05Q10001106|201204|0.00|0|085|095|||01|201204|4.875|0.00|||||||||||||||27104.53|||||0.00
F05Q10001177|200503|88000.00|0|000|360|||||5.875|0.00||||||||||||||||||||88000.00
F05Q10001177|200504|88000.00|0|001|359|||||5.875|0.00||||||||||||||||||||88000.00
F05Q10001177|200505|88000.00|0|002|358|||||5.875|0.00||||||||||||||||||||88000.00
F05Q10001177|200506|88000.00|0|003|357|||||5.875|0.00||||||||||||||||||||88000.00
F05Q10001177|200507|88000.00|0|004|356|||||5.875|0.00||||||||||||||||||||88000.00
F05Q10001177|200508|88000.00|0|005|355|||||5.875|0.00||||||||||||||||||||88000.00
F05Q10001177|200509|87000.00|0|006|354|||||5.875|0.00||||||||||||||||||||87000.00
F05Q10001177|200510|87362.61|0|007|353|||||5.875|0.00||||||||||||||||||||87362.61
F05Q10001177|200511|87269.76|0|008|352|||||5.875|0.00||||||||||||||||||||87269.76
F05Q10001177|200512|87176.46|0|009|351|||||5.875|0.00||||||||||||||||||||87176.46
F05Q10001177|200601|87082.70|0|010|350|||||5.875|0.00||||||||||||||||||||87082.70
F05Q10001177|200602|86988.48|0|011|349|||||5.875|0.00||||||||||||||||||||86988.48
F05Q10001177|200603|86893.80|0|012|348|||||5.875|0.00||||||||||||||||||||86893.80
F05Q10001177|200604|86798.66|0|013|347|||||5.875|0.00||||||||||||||||||||86798.66
F05Q10001177|200605|86703.05|0|014|346|||||5.875|0.00||||||||||||||||||||86703.05
F05Q10001177|200606|86606.97|0|015|345|||||5.875|0.00||||||||||||||||||||86606.97
F05Q10001177|200607|86510.42|0|016|344|||||5.875|0.00||||||||||||||||||||86510.42
F05Q10001177|200608|86413.40|0|017|343|||||5.875|0.00||||||||||||||||||||86413.40
F05Q10001177|200609|86315.91|0|018|342|||||5.875|0.00||||||||||||||||||||86315.91
F05Q10001177|200610|86217.94|0|019|341|||||5.875|0.00||||||||||||||||||||86217.94
F05Q10001177|200611|86119.49|0|020|340|||||5.875|0.00||||||||||||||||||||86119.49
F05Q10001177|200612|86020.56|0|021|339|||||5.875|0.00||||||||||||||||||||86020.56
F05Q10001177|200701|85921.14|0|022|338|||||5.875|0.00||||||||||||||||||||85921.14
F05Q10001177|200702|85821.24|0|023|337|||||5.875|0.00||||||||||||||||||||85821.24
F05Q10001177|200703|85720.85|0|024|336|||||5.875|0.00||||||||||||||||||||85720.85
F05Q10001177|200704|85619.96|0|025|335|||||5.875|0.00||||||||||||||||||||85619.96
F05Q10001177|200705|85518.58|0|026|334|||||5.875|0.00||||||||||||||||||||85518.58
F05Q10001177|200706|85416.70|0|027|333|||||5.875|0.00||||||||||||||||||||85416.70
F05Q10001177|200707|85314.33|0|028|332|||||5.875|0.00||||||||||||||||||||85314.33
F05Q10001177|200708|85211.45|0|029|331|||||5.875|0.00||||||||||||||||||||85211.45
F05Q10001177|200709|85108.07|0|030|330|||||5.875|0.00||||||||||||||||||||85108.07
F05Q10001177|200710|85004.18|0|031|329|||||5.875|0.00||||||||||||||||||||85004.18
F05Q10001177|200711|84899.79|0|032|328|||||5.875|0.00||||||||||||||||||||84899.79
F05Q10001177|200712|84794.89|0|033|327|||||5.875|0.00||||||||||||||||||||84794.89
F05Q10001177|200801|84689.47|0|034|326|||||5.875|0.00||||||||||||||||||||84689.47
F05Q10001177|200802|84583.54|0|035|325|||||5.875|0.00||||||||||||||||||||84583.54
F05Q10001177|200803|84447.09|0|036|324|||||5.875|0.00||||||||||||||||||||84447.09
F05Q10001177|200804|84339.97|0|037|323|||||5.875|0.00||||||||||||||||||||84339.97
F05Q10001177|200805|84232.32|0|038|322|||||5.875|0.00||||||||||||||||||||84232.32
F05Q10001177|200806|84124.15|0|039|321|||||5.875|0.00||||||||||||||||||||84124.15
F05Q10001177|200807|84015.45|0|040|320|||||5.875|0.00||||||||||||||||||||84015.45
F05Q10001177|200808|84015.45|1|041|319|||||5.875|0.00||||||||||||||||||||84015.45
F05Q10001177|200809|0.00|2|042|318|||01|200809|5.875|0.00|200807||||||||||||||84015.45|||||0.00
F05Q10001195|200503|113000.00|0|000|360|||||5.875|0.00||||||||||||||||||||113000.00
F05Q10001195|200504|113000.00|0|001|359|||||5.875|0.00||||||||||||||||||||113000.00
F05Q10001195|200505|112000.00|0|002|358|||||5.875|0.00||||||||||||||||||||112000.00
F05Q10001195|200506|112000.00|0|003|357|||||5.875|0.00||||||||||||||||||||112000.00
F05Q10001195|200507|112000.00|0|004|356|||||5.875|0.00||||||||||||||||||||112000.00
F05Q10001195|200508|112000.00|0|005|355|||||5.875|0.00||||||||||||||||||||112000.00
F05Q10001195|200509|112000.00|0|006|354|||||5.875|0.00||||||||||||||||||||112000.00
F05Q10001195|200510|111809.31|0|007|353|||||5.875|0.00||||||||||||||||||||111809.31
F05Q10001195|200511|111690.49|0|008|352|||||5.875|0.00||||||||||||||||||||111690.49
F05Q10001195|200512|111571.09|0|009|351|||||5.875|0.00||||||||||||||||||||111571.09
F05Q10001195|200601|111368.50|0|010|350|||||5.875|0.00||||||||||||||||||||111368.50
F05Q10001195|200602|111247.52|0|011|349|||||5.875|0.00||||||||||||||||||||111247.52
F05Q10001195|200603|111012.69|0|012|348|||||5.875|0.00||||||||||||||||||||111012.69
F05Q10001195|200604|110789.97|0|013|347|||||5.875|0.00||||||||||||||||||||110789.97
F05Q10001195|200605|110666.16|0|014|346|||||5.875|0.00||||||||||||||||||||110666.16
F05Q10001195|200606|110541.74|0|015|345|||||5.875|0.00||||||||||||||||||||110541.74
F05Q10001195|200607|110416.71|0|016|344|||||5.875|0.00||||||||||||||||||||110416.71
F05Q10001195|200608|110291.07|0|017|343|||||5.875|0.00||||||||||||||||||||110291.07
F05Q10001195|200609|110164.82|0|018|342|||||5.875|0.00||||||||||||||||||||110164.82
F05Q10001195|200610|110037.95|0|019|341|||||5.875|0.00||||||||||||||||||||110037.95
F05Q10001195|200611|109910.46|0|020|340|||||5.875|0.00||||||||||||||||||||109910.46
F05Q10001195|200612|109782.34|0|021|339|||||5.875|0.00||||||||||||||||||||109782.34
F05Q10001195|200701|109653.60|0|022|338|||||5.875|0.00||||||||||||||||||||109653.60
F05Q10001195|200702|109524.23|0|023|337|||||5.875|0.00||||||||||||||||||||109524.23
F05Q10001195|200703|109394.22|0|024|336|||||5.875|0.00||||||||||||||||||||109394.22
F05Q10001195|200704|109263.58|0|025|335|||||5.875|0.00||||||||||||||||||||109263.58
F05Q10001195|200705|109132.30|0|026|334|||||5.875|0.00||||||||||||||||||||109132.30
F05Q10001195|200706|109000.37|0|027|333|||||5.875|0.00||||||||||||||||||||109000.37
F05Q10001195|200707|108867.80|0|028|332|||||5.875|0.00||||||||||||||||||||108867.80
F05Q10001195|200708|108734.58|0|029|331|||||5.875|0.00||||||||||||||||||||108734.58
F05Q10001195|200709|108600.71|0|030|330|||||5.875|0.00||||||||||||||||||||108600.71
F05Q10001195|200710|108466.18|0|031|329|||||5.875|0.00||||||||||||||||||||108466.18
F05Q10001195|200711|108330.99|0|032|328|||||5.875|0.00||||||||||||||||||||108330.99
F05Q10001195|200712|108195.14|0|033|327|||||5.875|0.00||||||||||||||||||||108195.14
F05Q10001195|200801|108058.63|0|034|326|||||5.875|0.00||||||||||||||||||||108058.63
F05Q10001195|200802|107921.45|0|035|325|||||5.875|0.00||||||||||||||||||||107921.45
F05Q10001195|200803|107781.96|0|036|324|||||5.875|0.00||||||||||||||||||||107781.96
F05Q10001195|200804|107641.78|0|037|323|||||5.875|0.00||||||||||||||||||||107641.78
F05Q10001195|200805|107500.92|0|038|322|||||5.875|0.00||||||||||||||||||||107500.92
F05Q10001195|200806|107359.37|0|039|321|||||5.875|0.00||||||||||||||||||||107359.37
F05Q10001195|200807|107359.37|0|040|320|||||5.875|0.00||||||||||||||||||||107359.37
F05Q10001195|200808|107075.82|0|041|319|||||5.875|0.00||||||||||||||||||||107075.82
F05Q10001195|200809|107075.82|0|042|318|||||5.875|0.00||||||||||||||||||||107075.82
F05Q10001195|200810|106756.19|0|043|317|||||5.875|0.00||||||||||||||||||||106756.19
F05Q10001195|200811|106610.99|0|044|316|||||5.875|0.00||||||||||||||||||||106610.99
F05Q10001195|200812|106465.08|0|045|315|||||5.875|0.00||||||||||||||||||||106465.08
F05Q10001195|200901|106318.46|0|046|314|||||5.875|0.00||||||||||||||||||||106318.46
F05Q10001195|200902|106171.12|0|047|313|||||5.875|0.00||||||||||||||||||||106171.12
F05Q10001195|200903|106024.70|0|048|312|||||5.875|0.00||||||||||||||||||||106024.70
F05Q10001195|200904|105877.56|0|049|311|||||5.875|0.00||||||||||||||||||||105877.56
F05Q10001195|200905|105729.70|0|050|310|||||5.875|0.00||||||||||||||||||||105729.70
F05Q10001195|200906|105581.11|0|051|309|||||5.875|0.00||||||||||||||||||||105581.11
F05Q10001195|200907|105431.80|0|052|308|||||5.875|0.00||||||||||||||||||||105431.80
F05Q10001195|200908|105281.76|0|053|307|||||5.875|0.00||||||||||||||||||||105281.76
F05Q10001195|200909|105281.76|0|054|306|||||5.875|0.00||||||||||||||||||||105281.76
F05Q10001195|200910|104946.15|0|055|305|||||5.875|0.00||||||||||||||||||||104946.15
F05Q10001195|200911|104793.73|0|056|304|||||5.875|0.00||||||||||||||||||||104793.73
F05Q10001195|200912|104640.56|0|057|303|||||5.875|0.00||||||||||||||||||||104640.56
F05Q10001195|201001|104640.56|0|058|302|||||5.875|0.00||||||||||||||||||||104640.56
F05Q10001195|201002|104331.97|0|059|301|||||5.875|0.00||||||||||||||||||||104331.97
F05Q10001195|201003|104331.97|0|060|300|||||5.875|0.00||||||||||||||||||||104331.97
F05Q10001195|201004|104020.35|0|061|299|||||5.875|0.00||||||||||||||||||||104020.35
F05Q10001195|201005|103863.40|0|062|298|||||5.875|0.00||||||||||||||||||||103863.40
F05Q10001195|201006|103863.40|0|063|297|||||5.875|0.00||||||||||||||||||||103863.40
F05Q10001195|201007|103705.68|1|064|296|||||5.875|0.00||||||||||||||||||||103705.68
F05Q10001195|201008|103547.19|1|065|295|||||5.875|0.00||||||||||||||||||||103547.19
F05Q10001195|201009|103387.92|0|066|294|||||5.875|0.00||||||||||||||||||||103387.92
F05Q10001195|201010|103227.87|0|067|293|||||5.875|0.00||||||||||||||||||||103227.87
F05Q10001195|201011|103067.04|0|068|292|||||5.875|0.00||||||||||||||||||||103067.04
F05Q10001195|201012|102905.42|0|069|291|||||5.875|0.00||||||||||||||||||||102905.42
F05Q10001195|201101|102743.01|0|070|290|||||5.875|0.00||||||||||||||||||||102743.01
F05Q10001195|201102|102579.80|1|071|289|||||5.875|0.00||||||||||||||||||||102579.80
F05Q10001195|201103|102415.79|0|072|288|||||5.875|0.00||||||||||||||||||||102415.79
F05Q10001195|201104|102085.36|0|073|287|||||5.875|0.00||||||||||||||||||||102085.36
F05Q10001195|201105|101918.93|0|074|286|||||5.875|0.00||||||||||||||||||||101918.93
F05Q10001195|201106|101751.69|0|075|285|||||5.875|0.00||||||||||||||||||||101751.69
F05Q10001195|201107|101751.69|0|076|284|||||5.875|0.00||||||||||||||||||||101751.69
F05Q10001195|201108|101583.63|0|077|283|||||5.875|0.00||||||||||||||||||||101583.63
F05Q10001195|201109|101414.75|0|078|282|||||5.875|0.00||||||||||||||||||||101414.75
F05Q10001195|201110|101245.04|0|079|281|||||5.875|0.00||||||||||||||||||||101245.04
F05Q10001195|201111|101074.50|1|080|280|||||5.875|0.00||||||||||||||||||||101074.50
F05Q10001195|201112|100903.12|0|081|279|||||5.875|0.00||||||||||||||||||||100903.12
F05Q10001195|201201|100730.90|0|082|278|||||5.875|0.00||||||||||||||||||||100730.90
F05Q10001195|201202|100557.84|0|083|277|||||5.875|0.00||||||||||||||||||||100557.84
F05Q10001195|201203|100209.17|0|084|276|||||5.875|0.00||||||||||||||||||||100209.17
F05Q10001195|201204|100033.56|0|085|275|||||5.875|0.00||||||||||||||||||||100033.56
F05Q10001195|201205|99857.09|0|086|274|||||5.875|0.00||||||||||||||||||||99857.09
F05Q10001195|201206|99857.09|0|087|273|||||5.875|0.00||||||||||||||||||||99857.09
F05Q10001195|201207|99679.75|0|088|272|||||5.875|0.00||||||||||||||||||||99679.75
F05Q10001195|201208|99501.55|0|089|271|||||5.875|0.00||||||||||||||||||||99501.55
F05Q10001195|201209|99322.47|0|090|270|||||5.875|0.00||||||||||||||||||||99322.47
F05Q10001195|201210|99142.52|0|091|269|||||5.875|0.00||||||||||||||||||||99142.52
F05Q10001195|201211|98961.69|1|092|268|||||5.875|0.00||||||||||||||||||||98961.69
F05Q10001195|201212|98779.97|1|093|267|||||5.875|0.00||||||||||||||||||||98779.97
F05Q10001195|201301|98597.36|1|094|266|||||5.875|0.00||||||||||||||||||||98597.36
F05Q10001195|201302|98413.86|0|095|265|||||5.875|0.00||||||||||||||||||||98413.86
F05Q10001195|201303|98229.46|0|096|264|||||5.875|0.00||||||||||||||||||||98229.46
F05Q10001195|201304|97857.95|0|097|263|||||5.875|0.00||||||||||||||||||||97857.95
F05Q10001195|201305|97857.95|1|098|262|||||5.875|0.00||||||||||||||||||||97857.95
F05Q10001195|201306|97670.83|1|099|261|||||5.875|0.00||||||||||||||||||||97670.83
F05Q10001195|201307|97482.79|1|100|260|||||5.875|0.00||||||||||||||||||||97482.79
F05Q10001195|201308|97293.83|0|101|259|||||5.875|0.00||||||||||||||||||||97293.83
F05Q10001195|201309|97103.94|1|102|258|||||5.875|0.00||||||||||||||||||||97103.94
F05Q10001195|201310|96913.12|1|103|257|||||5.875|0.00||||||||||||||||||||96913.12
F05Q10001195|201311|96721.37|1|104|256|||||5.875|0.00||||||||||||||||||||96721.37
F05Q10001195|201312|96528.68|1|105|255|||||5.875|0.00||||||||||||||||||||96528.68
F05Q10001195|201401|96335.05|1|106|254|||||5.875|0.00||||||||||||||||||||96335.05
F05Q10001195|201402|96140.47|0|107|253|||||5.875|0.00||||||||||||||||||||96140.47
F05Q10001195|201403|95748.45|0|108|252|||||5.875|0.00||||||||||||||||||||95748.45
F05Q10001195|201404|95551.00|0|109|251|||||5.875|0.00||||||||||||||||||||95551.00
F05Q10001195|201405|95551.00|0|110|250|||||5.875|0.00||||||||||||||||||||95551.00
F05Q10001195|201406|95352.58|0|111|249|||||5.875|0.00||||||||||||||||||||95352.58
F05Q10001195|201407|94952.82|0|112|248|||||5.875|0.00||||||||||||||||||||94952.82
F05Q10001195|201408|94952.82|0|113|247|||||5.875|0.00||||||||||||||||||||94952.82
F05Q10001195|201409|94751.47|0|114|246|||||5.875|0.00||||||||||||||||||||94751.47
F05Q10001195|201410|94549.14|0|115|245|||||5.875|0.00||||||||||||||||||||94549.14
F05Q10001195|201411|94345.82|1|116|244|||||5.875|0.00||||||||||||||||||||94345.82
F05Q10001195|201412|94141.50|1|117|243|||||5.875|0.00||||||||||||||||||||94141.50
F05Q10001195|201501|93936.18|1|118|242|||||5.875|0.00||||||||||||||||||||93936.18
F05Q10001195|201502|93729.86|0|119|241|||||5.875|0.00||||||||||||||||||||93729.86
F05Q10001195|201503|93522.53|1|120|240|||||5.875|0.00||||||||||||||||||||93522.53
F05Q10001195|201504|93314.18|1|121|239|||||5.875|0.00||||||||||||||||||||93314.18
F05Q10001195|201505|93104.81|1|122|238|||||5.875|0.00||||||||||||||||||||93104.81
F05Q10001195|201506|92894.42|1|123|237|||||5.875|0.00||||||||||||||||||||92894.42
F05Q10001195|201507|92683.00|1|124|236|||||5.875|0.00||||||||||||||||||||92683.00
F05Q10001195|201508|92470.54|1|125|235|||||5.875|0.00||||||||||||||||||||92470.54
F05Q10001195|201509|92257.04|1|126|234|||||5.875|0.00||||||||||||||||||||92257.04
F05Q10001195|201510|92042.50|1|127|233|||||5.875|0.00||||||||||||||||||||92042.50
F05Q10001195|201511|90851.36|0|128|232|||||5.875|0.00||||||||||||||||||||90851.36
F05Q10001195|201512|91610.25|0|129|231|||||5.875|0.00||||||||||||||||||||91610.25
F05Q10001195|201601|91173.76|0|130|230|||||5.875|0.00||||||||||||||||||||91173.76
F05Q10001195|201602|91173.76|0|131|229|||||5.875|0.00||||||||||||||||||||91173.76
F05Q10001195|201603|90953.91|0|132|228|||||5.875|0.00||||||||||||||||||||90953.91
F05Q10001195|201604|90510.98|0|133|227|||||5.875|0.00||||||||||||||||||||90510.98
F05Q10001195|201605|90287.89|0|134|226|||||5.875|0.00||||||||||||||||||||90287.89
F05Q10001195|201606|90287.89|0|135|225|||||5.875|0.00||||||||||||||||||||90287.89
F05Q10001195|201607|89838.42|0|136|224|||||5.875|0.00||||||||||||||||||||89838.42
F05Q10001195|201608|89838.42|0|137|223|||||5.875|0.00||||||||||||||||||||89838.42
F05Q10001195|201609|89612.03|0|138|222|||||5.875|0.00||||||||||||||||||||89612.03
F05Q10001195|201610|89155.93|0|139|221|||||5.875|0.00||||||||||||||||||||89155.93
F05Q10001195|201611|89155.93|0|140|220|||||5.875|0.00||||||||||||||||||||89155.93
F05Q10001195|201612|88695.35|0|141|219|||||5.875|0.00||||||||||||||||||||88695.35
F05Q10001195|201701|0.00|0|142|218|||01|201701|5.875|0.00|||||||||||||||88695.35|||||0.00
F05Q10001231|200502|173000.00|0|000|360|||||5.875|0.00||||||||||||||||||||173000.00
F05Q10001231|200503|172000.00|0|001|359|||||5.875|0.00||||||||||||||||||||172000.00
F05Q10001231|200504|172000.00|0|002|358|||||5.875|0.00||||||||||||||||||||172000.00
F05Q10001231|200505|172000.00|0|003|357|||||5.875|0.00||||||||||||||||||||172000.00
F05Q10001231|200506|172000.00|0|004|356|||||5.875|0.00||||||||||||||||||||172000.00
F05Q10001231|200507|172000.00|0|005|355|||||5.875|0.00||||||||||||||||||||172000.00
F05Q10001231|200508|172000.00|0|006|354|||||5.875|0.00||||||||||||||||||||172000.00
F05Q10001231|200509|171431.78|0|007|353|||||5.875|0.00||||||||||||||||||||171431.78
F05Q10001231|200510|171250.68|0|008|352|||||5.875|0.00||||||||||||||||||||171250.68
F05Q10001231|200511|170885.81|0|009|351|||||5.875|0.00||||||||||||||||||||170885.81
F05Q10001231|200512|170702.04|0|010|350|||||5.875|0.00||||||||||||||||||||170702.04
F05Q10001231|200601|170517.37|0|011|349|||||5.875|0.00||||||||||||||||||||170517.37
F05Q10001231|200602|170331.79|0|012|348|||||5.875|0.00||||||||||||||||||||170331.79
F05Q10001231|200603|170145.31|0|013|347|||||5.875|0.00||||||||||||||||||||170145.31
F05Q10001231|200604|169957.91|0|014|346|||||5.875|0.00||||||||||||||||||||169957.91
F05Q10001231|200605|169769.60|0|015|345|||||5.875|0.00||||||||||||||||||||169769.60
F05Q10001231|200606|169580.36|0|016|344|||||5.875|0.00||||||||||||||||||||169580.36
F05Q10001231|200607|169390.20|0|017|343|||||5.875|0.00||||||||||||||||||||169390.20
F05Q10001231|200608|169199.11|0|018|342|||||5.875|0.00||||||||||||||||||||169199.11
F05Q10001231|200609|169199.11|0|019|341|||||5.875|0.00||||||||||||||||||||169199.11
F05Q10001231|200610|169007.08|0|020|340|||||5.875|0.00||||||||||||||||||||169007.08
F05Q10001231|200611|168620.20|0|021|339|||||5.875|0.00||||||||||||||||||||168620.20
F05Q10001231|200612|168383.79|0|022|338|||||5.875|0.00||||||||||||||||||||168383.79
F05Q10001231|200701|168169.49|0|023|337|||||5.875|0.00||||||||||||||||||||168169.49
F05Q10001231|200702|167954.14|0|024|336|||||5.875|0.00||||||||||||||||||||167954.14
F05Q10001231|200703|167756.02|0|025|335|||||5.875|0.00||||||||||||||||||||167756.02
F05Q10001231|200704|167756.02|0|026|334|||||5.875|0.00||||||||||||||||||||167756.02
F05Q10001231|200705|167536.38|0|027|333|||||5.875|0.00||||||||||||||||||||167536.38
F05Q10001231|200706|167093.86|0|028|332|||||5.875|0.00||||||||||||||||||||167093.86
F05Q10001231|200707|166870.97|0|029|331|||||5.875|0.00||||||||||||||||||||166870.97
F05Q10001231|200708|166646.99|0|030|330|||||5.875|0.00||||||||||||||||||||166646.99
F05Q10001231|200709|166646.99|0|031|329|||||5.875|0.00||||||||||||||||||||166646.99
F05Q10001231|200710|166421.92|0|032|328|||||5.875|0.00||||||||||||||||||||166421.92
F05Q10001231|200711|165893.91|0|033|327|||||5.875|0.00||||||||||||||||||||165893.91
F05Q10001231|200712|165685.70|0|034|326|||||5.875|0.00||||||||||||||||||||165685.70
F05Q10001231|200801|165451.02|0|035|325|||||5.875|0.00||||||||||||||||||||165451.02
F05Q10001231|200802|165215.19|0|036|324|||||5.875|0.00||||||||||||||||||||165215.19
F05Q10001231|200803|164978.21|0|037|323|||||5.875|0.00||||||||||||||||||||164978.21
F05Q10001231|200804|164740.07|0|038|322|||||5.875|0.00||||||||||||||||||||164740.07
F05Q10001231|200805|164500.76|0|039|321|||||5.875|0.00||||||||||||||||||||164500.76
F05Q10001231|200806|164260.28|0|040|320|||||5.875|0.00||||||||||||||||||||164260.28
F05Q10001231|200807|164018.62|0|041|319|||||5.875|0.00||||||||||||||||||||164018.62
F05Q10001231|200808|164018.62|0|042|318|||||5.875|0.00||||||||||||||||||||164018.62
F05Q10001231|200809|163775.78|0|043|317|||||5.875|0.00||||||||||||||||||||163775.78
F05Q10001231|200810|163186.28|0|044|316|||||5.875|0.00||||||||||||||||||||163186.28
F05Q10001231|200811|163186.28|0|045|315|||||5.875|0.00||||||||||||||||||||163186.28
F05Q10001231|200812|162716.68|0|046|314|||||5.875|0.00||||||||||||||||||||162716.68
F05Q10001231|200901|162716.68|0|047|313|||||5.875|0.00||||||||||||||||||||162716.68
F05Q10001231|200902|0.00|0|048|312|||01|200902|5.875|0.00|||||||||||||||162716.68|||||0.00
F05Q10001270|200502|77000.00|0|000|240|||||5.750|0.00||||||||||||||||||||77000.00
F05Q10001270|200503|76000.00|0|001|239|||||5.750|0.00||||||||||||||||||||76000.00
F05Q10001270|200504|76000.00|0|002|238|||||5.750|0.00||||||||||||||||||||76000.00
F05Q10001270|200505|76000.00|0|003|237|||||5.750|0.00||||||||||||||||||||76000.00
F05Q10001270|200506|76000.00|0|004|236|||||5.750|0.00||||||||||||||||||||76000.00
F05Q10001270|200507|76000.00|0|005|235|||||5.750|0.00||||||||||||||||||||76000.00
F05Q10001270|200508|75000.00|0|006|234|||||5.750|0.00||||||||||||||||||||75000.00
F05Q10001270|200509|75289.01|0|007|233|||||5.750|0.00||||||||||||||||||||75289.01
F05Q10001270|200510|75112.68|0|008|232|||||5.750|0.00||||||||||||||||||||75112.68
F05Q10001270|200511|74935.50|0|009|231|||||5.750|0.00||||||||||||||||||||74935.50
F05Q10001270|200512|74757.48|0|010|230|||||5.750|0.00||||||||||||||||||||74757.48
F05Q10001270|200601|74578.60|0|011|229|||||5.750|0.00||||||||||||||||||||74578.60
F05Q10001270|200602|74398.87|0|012|228|||||5.750|0.00||||||||||||||||||||74398.87
F05Q10001270|200603|74218.27|0|013|227|||||5.750|0.00||||||||||||||||||||74218.27
F05Q10001270|200604|74036.81|0|014|226|||||5.750|0.00||||||||||||||||||||74036.81
F05Q10001270|200605|73854.48|0|015|225|||||5.750|0.00||||||||||||||||||||73854.48
F05Q10001270|200606|73671.28|0|016|224|||||5.750|0.00||||||||||||||||||||73671.28
F05Q10001270|200607|73487.20|0|017|223|||||5.750|0.00||||||||||||||||||||73487.20
F05Q10001270|200608|73302.24|0|018|222|||||5.750|0.00||||||||||||||||||||73302.24
F05Q10001270|200609|73116.39|0|019|221|||||5.750|0.00||||||||||||||||||||73116.39
F05Q10001270|200610|72929.65|0|020|220|||||5.750|0.00||||||||||||||||||||72929.65
F05Q10001270|200611|72739.01|0|021|219|||||5.750|0.00||||||||||||||||||||72739.01
F05Q10001270|200612|72550.46|0|022|218|||||5.750|0.00||||||||||||||||||||72550.46
F05Q10001270|200701|72361.01|0|023|217|||||5.750|0.00||||||||||||||||||||72361.01
F05Q10001270|200702|72170.65|0|024|216|||||5.750|0.00||||||||||||||||||||72170.65
F05Q10001270|200703|71979.38|0|025|215|||||5.750|0.00||||||||||||||||||||71979.38
F05Q10001270|200704|71787.19|0|026|214|||||5.750|0.00||||||||||||||||||||71787.19
F05Q10001270|200705|71594.08|0|027|213|||||5.750|0.00||||||||||||||||||||71594.08
F05Q10001270|200706|71392.22|0|028|212|||||5.750|0.00||||||||||||||||||||71392.22
F05Q10001270|200707|71197.22|0|029|211|||||5.750|0.00||||||||||||||||||||71197.22
F05Q10001270|200708|71001.28|0|030|210|||||5.750|0.00||||||||||||||||||||71001.28
F05Q10001270|200709|70804.40|0|031|209|||||5.750|0.00||||||||||||||||||||70804.40
F05Q10001270|200710|70606.58|0|032|208|||||5.750|0.00||||||||||||||||||||70606.58
F05Q10001270|200711|70407.81|0|033|207|||||5.750|0.00||||||||||||||||||||70407.81
F05Q10001270|200712|70208.09|0|034|206|||||5.750|0.00||||||||||||||||||||70208.09
F05Q10001270|200801|70007.41|0|035|205|||||5.750|0.00||||||||||||||||||||70007.41
F05Q10001270|200802|69805.77|0|036|204|||||5.750|0.00||||||||||||||||||||69805.77
F05Q10001270|200803|69603.17|0|037|203|||||5.750|0.00||||||||||||||||||||69603.17
F05Q10001270|200804|69399.60|0|038|202|||||5.750|0.00||||||||||||||||||||69399.60
F05Q10001270|200805|69195.05|0|039|201|||||5.750|0.00||||||||||||||||||||69195.05
F05Q10001270|200806|68989.52|0|040|200|||||5.750|0.00||||||||||||||||||||68989.52
F05Q10001270|200807|68783.00|0|041|199|||||5.750|0.00||||||||||||||||||||68783.00
F05Q10001270|200808|68575.50|0|042|198|||||5.750|0.00||||||||||||||||||||68575.50
F05Q10001270|200809|68367.00|0|043|197|||||5.750|0.00||||||||||||||||||||68367.00
F05Q10001270|200810|68157.50|0|044|196|||||5.750|0.00||||||||||||||||||||68157.50
F05Q10001270|200811|67947.00|0|045|195|||||5.750|0.00||||||||||||||||||||67947.00
F05Q10001270|200812|67735.49|0|046|194|||||5.750|0.00||||||||||||||||||||67735.49
F05Q10001270|200901|67522.97|0|047|193|||||5.750|0.00||||||||||||||||||||67522.97
F05Q10001270|200902|67309.43|0|048|192|||||5.750|0.00||||||||||||||||||||67309.43
F05Q10001270|200903|67094.86|0|049|191|||||5.750|0.00||||||||||||||||||||67094.86
F05Q10001270|200904|66879.27|0|050|190|||||5.750|0.00||||||||||||||||||||66879.27
F05Q10001270|200905|66662.64|0|051|189|||||5.750|0.00||||||||||||||||||||66662.64
F05Q10001270|200906|66444.98|0|052|188|||||5.750|0.00||||||||||||||||||||66444.98
F05Q10001270|200907|0.00|0|053|187|||01|200907|5.750|0.00|||||||||||||||66444.98|||||0.00
F05Q10001277|200502|63000.00|0|000|180|||||5.125|0.00||||||||||||||||||||63000.00
F05Q10001277|200503|63000.00|0|001|179|||||5.125|0.00||||||||||||||||||||63000.00
F05Q10001277|200504|63000.00|0|002|178|||||5.125|0.00||||||||||||||||||||63000.00
F05Q10001277|200505|62000.00|0|003|177|||||5.125|0.00||||||||||||||||||||62000.00
F05Q10001277|200506|62000.00|0|004|176|||||5.125|0.00||||||||||||||||||||62000.00
F05Q10001277|200507|62000.00|0|005|175|||||5.125|0.00||||||||||||||||||||62000.00
F05Q10001277|200508|62000.00|0|006|174|||||5.125|0.00||||||||||||||||||||62000.00
F05Q10001277|200509|61346.20|0|007|173|||||5.125|0.00||||||||||||||||||||61346.20
F05Q10001277|200510|61105.89|0|008|172|||||5.125|0.00||||||||||||||||||||61105.89
F05Q10001277|200511|60864.55|0|009|171|||||5.125|0.00||||||||||||||||||||60864.55
F05Q10001277|200512|0.00|0|010|170|||01|200512|5.125|0.00|||||||||||||||60864.55|||||0.00
F05Q10001291|200502|54000.00|0|000|360|||||5.875|0.00||||||||||||||||||||54000.00
F05Q10001291|200503|54000.00|0|001|359|||||5.875|0.00||||||||||||||||||||54000.00
F05Q10001291|200504|53000.00|0|002|358|||||5.875|0.00||||||||||||||||||||53000.00
F05Q10001291|200505|53000.00|0|003|357|||||5.875|0.00||||||||||||||||||||53000.00
F05Q10001291|200506|53000.00|0|004|356|||||5.875|0.00||||||||||||||||||||53000.00
F05Q10001291|200507|53000.00|0|005|355|||||5.875|0.00||||||||||||||||||||53000.00
F05Q10001291|200508|53000.00|0|006|354|||||5.875|0.00||||||||||||||||||||53000.00
F05Q10001291|200509|53054.97|0|007|353|||||5.875|0.00||||||||||||||||||||53054.97
F05Q10001291|200510|52991.61|0|008|352|||||5.875|0.00||||||||||||||||||||52991.61
F05Q10001291|200511|52832.20|0|009|351|||||5.875|0.00||||||||||||||||||||52832.20
F05Q10001291|200512|52832.20|0|010|350|||||5.875|0.00||||||||||||||||||||52832.20
F05Q10001291|200601|52774.45|0|011|349|||||5.875|0.00||||||||||||||||||||52774.45
F05Q10001291|200602|52693.83|0|012|348|||||5.875|0.00||||||||||||||||||||52693.83
F05Q10001291|200603|52576.62|0|013|347|||||5.875|0.00||||||||||||||||||||52576.62
F05Q10001291|200604|52517.56|0|014|346|||||5.875|0.00||||||||||||||||||||52517.56
F05Q10001291|200605|0.00|0|015|345|||01|200605|5.875|0.00|||||||||||||||52517.56|||||0.00
F05Q10001318|200502|280000.00|0|000|360|||||5.750|0.00||||||||||||||||||||280000.00
F05Q10001318|200503|280000.00|0|001|359|||||5.750|0.00||||||||||||||||||||280000.00
F05Q10001318|200504|279000.00|0|002|358|||||5.750|0.00||||||||||||||||||||279000.00
F05Q10001318|200505|279000.00|0|003|357|||||5.750|0.00||||||||||||||||||||279000.00
F05Q10001318|200506|279000.00|0|004|356|||||5.750|0.00||||||||||||||||||||279000.00
F05Q10001318|200507|279000.00|0|005|355|||||5.750|0.00||||||||||||||||||||279000.00
F05Q10001318|200508|278000.00|0|006|354|||||5.750|0.00||||||||||||||||||||278000.00
F05Q10001318|200509|277956.18|0|007|353|||||5.750|0.00||||||||||||||||||||277956.18
F05Q10001318|200510|277654.05|0|008|352|||||5.750|0.00||||||||||||||||||||277654.05
F05Q10001318|200511|277350.48|0|009|351|||||5.750|0.00||||||||||||||||||||277350.48
F05Q10001318|200512|277045.45|0|010|350|||||5.750|0.00||||||||||||||||||||277045.45
F05Q10001318|200601|276738.96|0|011|349|||||5.750|0.00||||||||||||||||||||276738.96
F05Q10001318|200602|276431.00|0|012|348|||||5.750|0.00||||||||||||||||||||276431.00
F05Q10001318|200603|276121.57|0|013|347|||||5.750|0.00||||||||||||||||||||276121.57
F05Q10001318|200604|275810.65|0|014|346|||||5.750|0.00||||||||||||||||||||275810.65
F05Q10001318|200605|275498.24|0|015|345|||||5.750|0.00||||||||||||||||||||275498.24
F05Q10001318|200606|275184.34|0|016|344|||||5.750|0.00||||||||||||||||||||275184.34
F05Q10001318|200607|274868.93|0|017|343|||||5.750|0.00||||||||||||||||||||274868.93
F05Q10001318|200608|274552.01|0|018|342|||||5.750|0.00||||||||||||||||||||274552.01
F05Q10001318|200609|273733.57|0|019|341|||||5.750|0.00||||||||||||||||||||273733.57
F05Q10001318|200610|272411.21|0|020|340|||||5.750|0.00||||||||||||||||||||272411.21
F05Q10001318|200611|272082.51|0|021|339|||||5.750|0.00||||||||||||||||||||272082.51
F05Q10001318|200612|271252.24|0|022|338|||||5.750|0.00||||||||||||||||||||271252.24
F05Q10001318|200701|270582.14|0|023|337|||||5.750|0.00||||||||||||||||||||270582.14
F05Q10001318|200702|270582.14|0|024|336|||||5.750|0.00||||||||||||||||||||270582.14
F05Q10001318|200703|270244.68|0|025|335|||||5.750|0.00||||||||||||||||||||270244.68
F05Q10001318|200704|269905.60|0|026|334|||||5.750|0.00||||||||||||||||||||269905.60
F05Q10001318|200705|268564.90|0|027|333|||||5.750|0.00||||||||||||||||||||268564.90
F05Q10001318|200706|267217.77|0|028|332|||||5.750|0.00||||||||||||||||||||267217.77
F05Q10001318|200707|266864.19|0|029|331|||||5.750|0.00||||||||||||||||||||266864.19
F05Q10001318|200708|266508.91|0|030|330|||||5.750|0.00||||||||||||||||||||266508.91
F05Q10001318|200709|266151.93|0|031|329|||||5.750|0.00||||||||||||||||||||266151.93
F05Q10001318|200710|265793.24|0|032|328|||||5.750|0.00||||||||||||||||||||265793.24
F05Q10001318|200711|265432.83|0|033|327|||||5.750|0.00||||||||||||||||||||265432.83
F05Q10001318|200712|264570.70|0|034|326|||||5.750|0.00||||||||||||||||||||264570.70
F05Q10001318|200801|264204.43|0|035|325|||||5.750|0.00||||||||||||||||||||264204.43
F05Q10001318|200802|263836.41|0|036|324|||||5.750|0.00||||||||||||||||||||263836.41
F05Q10001318|200803|263466.63|0|037|323|||||5.750|0.00||||||||||||||||||||263466.63
F05Q10001318|200804|263095.07|0|038|322|||||5.750|0.00||||||||||||||||||||263095.07
F05Q10001318|200805|262721.73|0|039|321|||||5.750|0.00||||||||||||||||||||262721.73
F05Q10001318|200806|262346.60|0|040|320|||||5.750|0.00||||||||||||||||||||262346.60
F05Q10001318|200807|261969.68|0|041|319|||||5.750|0.00||||||||||||||||||||261969.68
F05Q10001318|200808|261590.95|0|042|318|||||5.750|0.00||||||||||||||||||||261590.95
F05Q10001318|200809|261210.41|0|043|317|||||5.750|0.00||||||||||||||||||||261210.41
F05Q10001318|200810|260828.04|0|044|316|||||5.750|0.00||||||||||||||||||||260828.04
F05Q10001318|200811|260443.84|0|045|315|||||5.750|0.00||||||||||||||||||||260443.84
F05Q10001318|200812|260057.80|0|046|314|||||5.750|0.00||||||||||||||||||||260057.80
F05Q10001318|200901|259669.91|0|047|313|||||5.750|0.00||||||||||||||||||||259669.91
F05Q10001318|200902|259280.16|0|048|312|||||5.750|0.00||||||||||||||||||||259280.16
F05Q10001318|200903|258888.54|0|049|311|||||5.750|0.00||||||||||||||||||||258888.54
F05Q10001318|200904|258495.05|0|050|310|||||5.750|0.00||||||||||||||||||||258495.05
F05Q10001318|200905|258099.67|0|051|309|||||5.750|0.00||||||||||||||||||||258099.67
F05Q10001318|200906|257702.40|0|052|308|||||5.750|0.00||||||||||||||||||||257702.40
F05Q10001318|200907|257303.22|0|053|307|||||5.750|0.00||||||||||||||||||||257303.22
F05Q10001318|200908|256902.13|0|054|306|||||5.750|0.00||||||||||||||||||||256902.13
F05Q10001318|200909|256499.12|0|055|305|||||5.750|0.00||||||||||||||||||||256499.12
F05Q10001318|200910|256094.18|0|056|304|||||5.750|0.00||||||||||||||||||||256094.18
F05Q10001318|200911|255687.30|0|057|303|||||5.750|0.00||||||||||||||||||||255687.30
F05Q10001318|200912|255278.47|0|058|302|||||5.750|0.00||||||||||||||||||||255278.47
F05Q10001318|201001|254867.68|0|059|301|||||5.750|0.00||||||||||||||||||||254867.68
F05Q10001318|201002|254454.92|0|060|300|||||5.750|0.00||||||||||||||||||||254454.92
F05Q10001318|201003|254040.18|0|061|299|||||5.750|0.00||||||||||||||||||||254040.18
F05Q10001318|201004|253623.46|0|062|298|||||5.750|0.00||||||||||||||||||||253623.46
F05Q10001318|201005|253204.74|0|063|297|||||5.750|0.00||||||||||||||||||||253204.74
F05Q10001318|201006|252784.01|0|064|296|||||5.750|0.00||||||||||||||||||||252784.01
F05Q10001318|201007|252361.27|0|065|295|||||5.750|0.00||||||||||||||||||||252361.27
F05Q10001318|201008|0.00|0|066|294|||01|201008|5.750|0.00|||||||||||||||252361.27|||||0.00
F05Q10001319|200502|145000.00|0|000|240|||||5.875|0.00||||||||||||||||||||145000.00
F05Q10001319|200503|144000.00|0|001|239|||||5.875|0.00||||||||||||||||||||144000.00
F05Q10001319|200504|144000.00|0|002|238|||||5.875|0.00||||||||||||||||||||144000.00
F05Q10001319|200505|143000.00|0|003|237|||||5.875|0.00||||||||||||||||||||143000.00
F05Q10001319|200506|143000.00|0|004|236|||||5.875|0.00||||||||||||||||||||143000.00
F05Q10001319|200507|143000.00|0|005|235|||||5.875|0.00||||||||||||||||||||143000.00
F05Q10001319|200508|142000.00|0|006|234|||||5.875|0.00||||||||||||||||||||142000.00
F05Q10001319|200509|142142.50|0|007|233|||||5.875|0.00||||||||||||||||||||142142.50
F05Q10001319|200510|142142.50|0|008|232|||||5.875|0.00||||||||||||||||||||142142.50
F05Q10001319|200511|141514.45|0|009|231|||||5.875|0.00||||||||||||||||||||141514.45
F05Q10001319|200512|141514.45|0|010|230|||||5.875|0.00||||||||||||||||||||141514.45
F05Q10001319|200601|141223.67|0|011|229|||||5.875|0.00||||||||||||||||||||141223.67
F05Q10001319|200602|140931.47|0|012|228|||||5.875|0.00||||||||||||||||||||140931.47
F05Q10001319|200603|140637.84|0|013|227|||||5.875|0.00||||||||||||||||||||140637.84
F05Q10001319|200604|140302.62|0|014|226|||||5.875|0.00||||||||||||||||||||140302.62
F05Q10001319|200605|139609.69|0|015|225|||||5.875|0.00||||||||||||||||||||139609.69
F05Q10001319|200606|139609.69|0|016|224|||||5.875|0.00||||||||||||||||||||139609.69
F05Q10001319|200607|138976.83|0|017|223|||||5.875|0.00||||||||||||||||||||138976.83
F05Q10001319|200608|138632.39|0|018|222|||||5.875|0.00||||||||||||||||||||138632.39
F05Q10001319|200609|138286.26|0|019|221|||||5.875|0.00||||||||||||||||||||138286.26
F05Q10001319|200610|137938.44|0|020|220|||||5.875|0.00||||||||||||||||||||137938.44
F05Q10001319|200611|137563.76|0|021|219|||||5.875|0.00||||||||||||||||||||137563.76
F05Q10001319|200612|137212.40|0|022|218|||||5.875|0.00||||||||||||||||||||137212.40
F05Q10001319|200701|136859.32|0|023|217|||||5.875|0.00||||||||||||||||||||136859.32
F05Q10001319|200702|136504.51|0|024|216|||||5.875|0.00||||||||||||||||||||136504.51
F05Q10001319|200703|136504.51|0|025|215|||||5.875|0.00||||||||||||||||||||136504.51
F05Q10001319|200704|136147.96|0|026|214|||||5.875|0.00||||||||||||||||||||136147.96
F05Q10001319|200705|135429.62|0|027|213|||||5.875|0.00||||||||||||||||||||135429.62
F05Q10001319|200706|135067.81|0|028|212|||||5.875|0.00||||||||||||||||||||135067.81
F05Q10001319|200707|134694.23|0|029|211|||||5.875|0.00||||||||||||||||||||134694.23
F05Q10001319|200708|134328.82|0|030|210|||||5.875|0.00||||||||||||||||||||134328.82
F05Q10001319|200709|133961.62|0|031|209|||||5.875|0.00||||||||||||||||||||133961.62
F05Q10001319|200710|133592.62|0|032|208|||||5.875|0.00||||||||||||||||||||133592.62
F05Q10001319|200711|133221.82|0|033|207|||||5.875|0.00||||||||||||||||||||133221.82
F05Q10001319|200712|132849.20|0|034|206|||||5.875|0.00||||||||||||||||||||132849.20
F05Q10001319|200801|132849.20|0|035|205|||||5.875|0.00||||||||||||||||||||132849.20
F05Q10001319|200802|132474.76|0|036|204|||||5.875|0.00||||||||||||||||||||132474.76
F05Q10001319|200803|131720.36|0|037|203|||||5.875|0.00||||||||||||||||||||131720.36
F05Q10001319|200804|131340.39|0|038|202|||||5.875|0.00||||||||||||||||||||131340.39
F05Q10001319|200805|130958.56|0|039|201|||||5.875|0.00||||||||||||||||||||130958.56
F05Q10001319|200806|130958.56|0|040|200|||||5.875|0.00||||||||||||||||||||130958.56
F05Q10001319|200807|130574.71|0|041|199|||||5.875|0.00||||||||||||||||||||130574.71
F05Q10001319|200808|129801.66|0|042|198|||||5.875|0.00||||||||||||||||||||129801.66
F05Q10001319|200809|129412.30|0|043|197|||||5.875|0.00||||||||||||||||||||129412.30
F05Q10001319|200810|129412.30|0|044|196|||||5.875|0.00||||||||||||||||||||129412.30
F05Q10001319|200811|128627.85|0|045|195|||||5.875|0.00||||||||||||||||||||128627.85
F05Q10001319|200812|128232.74|0|046|194|||||5.875|0.00||||||||||||||||||||128232.74
F05Q10001319|200901|127835.70|0|047|193|||||5.875|0.00||||||||||||||||||||127835.70
F05Q10001319|200902|127835.70|0|048|192|||||5.875|0.00||||||||||||||||||||127835.70
F05Q10001319|200903|127035.77|0|049|191|||||5.875|0.00||||||||||||||||||||127035.77
F05Q10001319|200904|126632.87|0|050|190|||||5.875|0.00||||||||||||||||||||126632.87
F05Q10001319|200905|126227.99|0|051|189|||||5.875|0.00||||||||||||||||||||126227.99
F05Q10001319|200906|125821.13|0|052|188|||||5.875|0.00||||||||||||||||||||125821.13
F05Q10001319|200907|125412.28|0|053|187|||||5.875|0.00||||||||||||||||||||125412.28
F05Q10001319|200908|125001.43|0|054|186|||||5.875|0.00||||||||||||||||||||125001.43
F05Q10001319|200909|0.00|0|055|185|||01|200909|5.875|0.00|||||||||||||||125001.43|||||0.00
F05Q10001432|200503|252000.00|0|000|360|||||5.875|0.00||||||||||||||||||||252000.00
F05Q10001432|200504|251000.00|0|001|359|||||5.875|0.00||||||||||||||||||||251000.00
F05Q10001432|200505|251000.00|0|002|358|||||5.875|0.00||||||||||||||||||||251000.00
F05Q10001432|200506|251000.00|0|003|357|||||5.875|0.00||||||||||||||||||||251000.00
F05Q10001432|200507|251000.00|0|004|356|||||5.875|0.00||||||||||||||||||||251000.00
F05Q10001432|200508|250000.00|0|005|355|||||5.875|0.00||||||||||||||||||||250000.00
F05Q10001432|200509|250000.00|0|006|354|||||5.875|0.00||||||||||||||||||||250000.00
F05Q10001432|200510|249908.99|0|007|353|||||5.875|0.00||||||||||||||||||||249908.99
F05Q10001432|200511|249641.82|0|008|352|||||5.875|0.00||||||||||||||||||||249641.82
F05Q10001432|200512|249641.82|0|009|351|||||5.875|0.00||||||||||||||||||||249641.82
F05Q10001432|200601|249373.34|0|010|350|||||5.875|0.00||||||||||||||||||||249373.34
F05Q10001432|200602|248832.44|0|011|349|||||5.875|0.00||||||||||||||||||||248832.44
F05Q10001432|200603|248560.00|0|012|348|||||5.875|0.00||||||||||||||||||||248560.00
F05Q10001432|200604|248286.23|0|013|347|||||5.875|0.00||||||||||||||||||||248286.23
F05Q10001432|200605|248011.12|0|014|346|||||5.875|0.00||||||||||||||||||||248011.12
F05Q10001432|200606|247734.66|0|015|345|||||5.875|0.00||||||||||||||||||||247734.66
F05Q10001432|200607|247734.66|0|016|344|||||5.875|0.00||||||||||||||||||||247734.66
F05Q10001432|200608|247456.85|0|017|343|||||5.875|0.00||||||||||||||||||||247456.85
F05Q10001432|200609|246897.14|0|018|342|||||5.875|0.00||||||||||||||||||||246897.14
F05Q10001432|200610|246615.23|0|019|341|||||5.875|0.00||||||||||||||||||||246615.23
F05Q10001432|200611|246331.94|0|020|340|||||5.875|0.00||||||||||||||||||||246331.94
F05Q10001432|200612|246047.26|0|021|339|||||5.875|0.00||||||||||||||||||||246047.26
F05Q10001432|200701|245761.19|0|022|338|||||5.875|0.00||||||||||||||||||||245761.19
F05Q10001432|200702|245473.72|0|023|337|||||5.875|0.00||||||||||||||||||||245473.72
F05Q10001432|200703|245184.84|0|024|336|||||5.875|0.00||||||||||||||||||||245184.84
F05Q10001432|200704|244894.54|0|025|335|||||5.875|0.00||||||||||||||||||||244894.54
F05Q10001432|200705|244602.82|0|026|334|||||5.875|0.00||||||||||||||||||||244602.82
F05Q10001432|200706|244309.67|0|027|333|||||5.875|0.00||||||||||||||||||||244309.67
F05Q10001432|200707|244015.09|0|028|332|||||5.875|0.00||||||||||||||||||||244015.09
F05Q10001432|200708|243719.07|0|029|331|||||5.875|0.00||||||||||||||||||||243719.07
F05Q10001432|200709|243421.60|0|030|330|||||5.875|0.00||||||||||||||||||||243421.60
F05Q10001432|200710|243122.67|0|031|329|||||5.875|0.00||||||||||||||||||||243122.67
F05Q10001432|200711|242822.28|0|032|328|||||5.875|0.00||||||||||||||||||||242822.28
F05Q10001432|200712|242822.28|0|033|327|||||5.875|0.00||||||||||||||||||||242822.28
F05Q10001432|200801|242217.08|0|034|326|||||5.875|0.00||||||||||||||||||||242217.08
F05Q10001432|200802|241912.25|0|035|325|||||5.875|0.00||||||||||||||||||||241912.25
F05Q10001432|200803|241605.93|0|036|324|||||5.875|0.00||||||||||||||||||||241605.93
F05Q10001432|200804|241298.11|0|037|323|||||5.875|0.00||||||||||||||||||||241298.11
F05Q10001432|200805|240988.79|0|038|322|||||5.875|0.00||||||||||||||||||||240988.79
F05Q10001432|200806|240677.95|0|039|321|||||5.875|0.00||||||||||||||||||||240677.95
F05Q10001432|200807|240365.59|0|040|320|||||5.875|0.00||||||||||||||||||||240365.59
F05Q10001432|200808|240051.70|0|041|319|||||5.875|0.00||||||||||||||||||||240051.70
F05Q10001432|200809|239736.27|0|042|318|||||5.875|0.00||||||||||||||||||||239736.27
F05Q10001432|200810|239419.30|0|043|317|||||5.875|0.00||||||||||||||||||||239419.30
F05Q10001432|200811|239100.78|0|044|316|||||5.875|0.00||||||||||||||||||||239100.78
F05Q10001432|200812|238780.70|0|045|315|||||5.875|0.00||||||||||||||||||||238780.70
F05Q10001432|200901|238459.05|0|046|314|||||5.875|0.00||||||||||||||||||||238459.05
F05Q10001432|200902|238135.83|0|047|313|||||5.875|0.00||||||||||||||||||||238135.83
F05Q10001432|200903|237811.02|0|048|312|||||5.875|0.00||||||||||||||||||||237811.02
F05Q10001432|200904|237484.62|0|049|311|||||5.875|0.00||||||||||||||||||||237484.62
F05Q10001432|200905|237156.63|0|050|310|||||5.875|0.00||||||||||||||||||||237156.63
F05Q10001432|200906|236827.03|0|051|309|||||5.875|0.00||||||||||||||||||||236827.03
F05Q10001432|200907|236495.82|0|052|308|||||5.875|0.00||||||||||||||||||||236495.82
F05Q10001432|200908|236162.98|0|053|307|||||5.875|0.00||||||||||||||||||||236162.98
F05Q10001432|200909|235828.51|0|054|306|||||5.875|0.00||||||||||||||||||||235828.51
F05Q10001432|200910|235492.41|0|055|305|||||5.875|0.00||||||||||||||||||||235492.41
F05Q10001432|200911|235154.66|0|056|304|||||5.875|0.00||||||||||||||||||||235154.66
F05Q10001432|200912|234815.26|0|057|303|||||5.875|0.00||||||||||||||||||||234815.26
F05Q10001432|201001|234474.20|0|058|302|||||5.875|0.00||||||||||||||||||||234474.20
F05Q10001432|201002|234131.47|0|059|301|||||5.875|0.00||||||||||||||||||||234131.47
F05Q10001432|201003|233787.06|0|060|300|||||5.875|0.00||||||||||||||||||||233787.06
F05Q10001432|201004|233440.96|0|061|299|||||5.875|0.00||||||||||||||||||||233440.96
F05Q10001432|201005|233093.17|0|062|298|||||5.875|0.00||||||||||||||||||||233093.17
F05Q10001432|201006|232743.68|0|063|297|||||5.875|0.00||||||||||||||||||||232743.68
F05Q10001432|201007|232392.47|0|064|296|||||5.875|0.00||||||||||||||||||||232392.47
F05Q10001432|201008|232039.54|0|065|295|||||5.875|0.00||||||||||||||||||||232039.54
F05Q10001432|201009|231684.89|0|066|294|||||5.875|0.00||||||||||||||||||||231684.89
F05Q10001432|201010|231328.50|0|067|293|||||5.875|0.00||||||||||||||||||||231328.50
F05Q10001432|201011|230970.37|0|068|292|||||5.875|0.00||||||||||||||||||||230970.37
F05Q10001432|201012|230610.48|0|069|291|||||5.875|0.00||||||||||||||||||||230610.48
F05Q10001432|201101|230248.83|0|070|290|||||5.875|0.00||||||||||||||||||||230248.83
F05Q10001432|201102|229885.41|0|071|289|||||5.875|0.00||||||||||||||||||||229885.41
F05Q10001432|201103|229520.21|0|072|288|||||5.875|0.00||||||||||||||||||||229520.21
F05Q10001432|201104|229153.22|0|073|287|||||5.875|0.00||||||||||||||||||||229153.22
F05Q10001432|201105|228784.44|0|074|286|||||5.875|0.00||||||||||||||||||||228784.44
F05Q10001432|201106|228784.44|0|075|285|||||5.875|0.00||||||||||||||||||||228784.44
F05Q10001432|201107|228041.45|0|076|284|||||5.875|0.00||||||||||||||||||||228041.45
F05Q10001432|201108|228041.45|0|077|283|||||5.875|0.00||||||||||||||||||||228041.45
F05Q10001432|201109|227291.16|0|078|282|||||5.875|0.00||||||||||||||||||||227291.16
F05Q10001432|201110|226913.26|0|079|281|||||5.875|0.00||||||||||||||||||||226913.26
F05Q10001432|201111|226533.51|0|080|280|||||5.875|0.00||||||||||||||||||||226533.51
F05Q10001432|201112|226151.90|0|081|279|||||5.875|0.00||||||||||||||||||||226151.90
F05Q10001432|201201|225768.42|0|082|278|||||5.875|0.00||||||||||||||||||||225768.42
F05Q10001432|201202|225383.06|0|083|277|||||5.875|0.00||||||||||||||||||||225383.06
F05Q10001432|201203|225383.06|0|084|276|||||5.875|0.00||||||||||||||||||||225383.06
F05Q10001432|201204|224606.68|0|085|275|||||5.875|0.00||||||||||||||||||||224606.68
F05Q10001432|201205|224215.64|0|086|274|||||5.875|0.00||||||||||||||||||||224215.64
F05Q10001432|201206|223822.68|0|087|273|||||5.875|0.00||||||||||||||||||||223822.68
F05Q10001432|201207|223427.80|0|088|272|||||5.875|0.00||||||||||||||||||||223427.80
F05Q10001432|201208|223030.99|0|089|271|||||5.875|0.00||||||||||||||||||||223030.99
F05Q10001432|201209|222632.23|0|090|270|||||5.875|0.00||||||||||||||||||||222632.23
F05Q10001432|201210|222231.52|0|091|269|||||5.875|0.00||||||||||||||||||||222231.52
F05Q10001432|201211|221828.85|0|092|268|||||5.875|0.00||||||||||||||||||||221828.85
F05Q10001432|201212|221424.21|0|093|267|||||5.875|0.00||||||||||||||||||||221424.21
F05Q10001432|201301|221017.59|0|094|266|||||5.875|0.00||||||||||||||||||||221017.59
F05Q10001432|201302|220608.98|0|095|265|||||5.875|0.00||||||||||||||||||||220608.98
F05Q10001432|201303|0.00|0|096|264|||01|201303|5.875|0.00|||||||||||||||220608.98|||||0.00
F05Q10001475|200502|109000.00|0|000|360|||||6.250|0.00||||||||||||||||||||109000.00
F05Q10001475|200503|109000.00|0|001|359|||||6.250|0.00||||||||||||||||||||109000.00
F05Q10001475|200504|109000.00|0|002|358|||||6.250|0.00||||||||||||||||||||109000.00
F05Q10001475|200505|109000.00|0|003|357|||||6.250|0.00||||||||||||||||||||109000.00
F05Q10001475|200506|108000.00|0|004|356|||||6.250|0.00||||||||||||||||||||108000.00
F05Q10001475|200507|108000.00|0|005|355|||||6.250|0.00||||||||||||||||||||108000.00
F05Q10001475|200508|108000.00|0|006|354|||||6.250|0.00||||||||||||||||||||108000.00
F05Q10001475|200509|108145.76|0|007|353|||||6.250|0.00||||||||||||||||||||108145.76
F05Q10001475|200510|108038.50|0|008|352|||||6.250|0.00||||||||||||||||||||108038.50
F05Q10001475|200511|107930.68|0|009|351|||||6.250|0.00||||||||||||||||||||107930.68
F05Q10001475|200512|107822.30|0|010|350|||||6.250|0.00||||||||||||||||||||107822.30
F05Q10001475|200601|107713.35|0|011|349|||||6.250|0.00||||||||||||||||||||107713.35
F05Q10001475|200602|107603.84|0|012|348|||||6.250|0.00||||||||||||||||||||107603.84
F05Q10001475|200603|107493.76|0|013|347|||||6.250|0.00||||||||||||||||||||107493.76
F05Q10001475|200604|107383.10|0|014|346|||||6.250|0.00||||||||||||||||||||107383.10
F05Q10001475|200605|107271.87|0|015|345|||||6.250|0.00||||||||||||||||||||107271.87
F05Q10001475|200606|107160.06|0|016|344|||||6.250|0.00||||||||||||||||||||107160.06
F05Q10001475|200607|107047.67|0|017|343|||||6.250|0.00||||||||||||||||||||107047.67
F05Q10001475|200608|106934.69|0|018|342|||||6.250|0.00||||||||||||||||||||106934.69
F05Q10001475|200609|106821.12|0|019|341|||||6.250|0.00||||||||||||||||||||106821.12
F05Q10001475|200610|106706.96|0|020|340|||||6.250|0.00||||||||||||||||||||106706.96
F05Q10001475|200611|106592.21|0|021|339|||||6.250|0.00||||||||||||||||||||106592.21
F05Q10001475|200612|106476.86|0|022|338|||||6.250|0.00||||||||||||||||||||106476.86
F05Q10001475|200701|106360.91|0|023|337|||||6.250|0.00||||||||||||||||||||106360.91
F05Q10001475|200702|106234.60|0|024|336|||||6.250|0.00||||||||||||||||||||106234.60
F05Q10001475|200703|106107.64|0|025|335|||||6.250|0.00||||||||||||||||||||106107.64
F05Q10001475|200704|105980.01|0|026|334|||||6.250|0.00||||||||||||||||||||105980.01
F05Q10001475|200705|105851.72|0|027|333|||||6.250|0.00||||||||||||||||||||105851.72
F05Q10001475|200706|105722.76|0|028|332|||||6.250|0.00||||||||||||||||||||105722.76
F05Q10001475|200707|105593.13|0|029|331|||||6.250|0.00||||||||||||||||||||105593.13
F05Q10001475|200708|105462.82|0|030|330|||||6.250|0.00||||||||||||||||||||105462.82
F05Q10001475|200709|105331.84|0|031|329|||||6.250|0.00||||||||||||||||||||105331.84
F05Q10001475|200710|105200.17|0|032|328|||||6.250|0.00||||||||||||||||||||105200.17
F05Q10001475|200711|105067.82|0|033|327|||||6.250|0.00||||||||||||||||||||105067.82
F05Q10001475|200712|104934.78|0|034|326|||||6.250|0.00||||||||||||||||||||104934.78
F05Q10001475|200801|104801.05|0|035|325|||||6.250|0.00||||||||||||||||||||104801.05
F05Q10001475|200802|104666.62|0|036|324|||||6.250|0.00||||||||||||||||||||104666.62
F05Q10001475|200803|104656.87|0|037|323|||||6.250|0.00||||||||||||||||||||104656.87
F05Q10001475|200804|104405.40|0|038|322|||||6.250|0.00||||||||||||||||||||104405.40
F05Q10001475|200805|104278.66|0|039|321|||||6.250|0.00||||||||||||||||||||104278.66
F05Q10001475|200806|104151.26|0|040|320|||||6.250|0.00||||||||||||||||||||104151.26
F05Q10001475|200807|104023.19|0|041|319|||||6.250|0.00||||||||||||||||||||104023.19
F05Q10001475|200808|103894.46|0|042|318|||||6.250|0.00||||||||||||||||||||103894.46
F05Q10001475|200809|103765.06|0|043|317|||||6.250|0.00||||||||||||||||||||103765.06
F05Q10001475|200810|103634.98|0|044|316|||||6.250|0.00||||||||||||||||||||103634.98
F05Q10001475|200811|103504.23|0|045|315|||||6.250|0.00||||||||||||||||||||103504.23
F05Q10001475|200812|103372.79|0|046|314|||||6.250|0.00||||||||||||||||||||103372.79
F05Q10001475|200901|103240.67|0|047|313|||||6.250|0.00||||||||||||||||||||103240.67
F05Q10001475|200902|103107.86|0|048|312|||||6.250|0.00||||||||||||||||||||103107.86
F05Q10001475|200903|102974.36|0|049|311|||||6.250|0.00||||||||||||||||||||102974.36
F05Q10001475|200904|102840.16|0|050|310|||||6.250|0.00||||||||||||||||||||102840.16
F05Q10001475|200905|0.00|0|051|309|||01|200905|6.250|0.00|||||||||||||||102840.16|||||0.00
F05Q10001492|200502|240000.00|0|000|240|||||5.530|0.00||||||||||||||||||||240000.00
F05Q10001492|200503|239000.00|0|001|239|||||5.530|0.00||||||||||||||||||||239000.00
F05Q10001492|200504|239000.00|0|002|238|||||5.530|0.00||||||||||||||||||||239000.00
F05Q10001492|200505|238000.00|0|003|237|||||5.530|0.00||||||||||||||||||||238000.00
F05Q10001492|200506|238000.00|0|004|236|||||5.530|0.00||||||||||||||||||||238000.00
F05Q10001492|200507|237000.00|0|005|235|||||5.530|0.00||||||||||||||||||||237000.00
F05Q10001492|200508|237000.00|0|006|234|||||5.530|0.00||||||||||||||||||||237000.00
F05Q10001492|200509|236103.46|0|007|233|||||5.530|0.00||||||||||||||||||||236103.46
F05Q10001492|200510|235536.50|0|008|232|||||5.530|0.00||||||||||||||||||||235536.50
F05Q10001492|200511|234966.93|0|009|231|||||5.530|0.00||||||||||||||||||||234966.93
F05Q10001492|200512|234394.74|0|010|230|||||5.530|0.00||||||||||||||||||||234394.74
F05Q10001492|200601|233819.91|0|011|229|||||5.530|0.00||||||||||||||||||||233819.91
F05Q10001492|200602|233242.43|0|012|228|||||5.530|0.00||||||||||||||||||||233242.43
F05Q10001492|200603|232662.29|0|013|227|||||5.530|0.00||||||||||||||||||||232662.29
F05Q10001492|200604|232079.48|0|014|226|||||5.530|0.00||||||||||||||||||||232079.48
F05Q10001492|200605|231493.98|0|015|225|||||5.530|0.00||||||||||||||||||||231493.98
F05Q10001492|200606|230905.78|0|016|224|||||5.530|0.00||||||||||||||||||||230905.78
F05Q10001492|200607|230314.87|0|017|223|||||5.530|0.00||||||||||||||||||||230314.87
F05Q10001492|200608|229721.24|0|018|222|||||5.530|0.00||||||||||||||||||||229721.24
F05Q10001492|200609|229124.87|0|019|221|||||5.530|0.00||||||||||||||||||||229124.87
F05Q10001492|200610|228525.75|0|020|220|||||5.530|0.00||||||||||||||||||||228525.75
F05Q10001492|200611|224923.87|0|021|219|||||5.530|0.00||||||||||||||||||||224923.87
F05Q10001492|200612|224305.39|0|022|218|||||5.530|0.00||||||||||||||||||||224305.39
F05Q10001492|200701|223684.06|0|023|217|||||5.530|0.00||||||||||||||||||||223684.06
F05Q10001492|200702|223059.87|0|024|216|||||5.530|0.00||||||||||||||||||||223059.87
F05Q10001492|200703|222432.81|0|025|215|||||5.530|0.00||||||||||||||||||||222432.81
F05Q10001492|200704|221802.86|0|026|214|||||5.530|0.00||||||||||||||||||||221802.86
F05Q10001492|200705|221170.00|0|027|213|||||5.530|0.00||||||||||||||||||||221170.00
F05Q10001492|200706|220534.23|0|028|212|||||5.530|0.00||||||||||||||||||||220534.23
F05Q10001492|200707|219895.53|0|029|211|||||5.530|0.00||||||||||||||||||||219895.53
F05Q10001492|200708|219253.88|0|030|210|||||5.530|0.00||||||||||||||||||||219253.88
F05Q10001492|200709|218609.27|0|031|209|||||5.530|0.00||||||||||||||||||||218609.27
F05Q10001492|200710|217961.69|0|032|208|||||5.530|0.00||||||||||||||||||||217961.69
F05Q10001492|200711|217311.13|0|033|207|||||5.530|0.00||||||||||||||||||||217311.13
F05Q10001492|200712|216657.57|0|034|206|||||5.530|0.00||||||||||||||||||||216657.57
F05Q10001492|200801|216001.00|0|035|205|||||5.530|0.00||||||||||||||||||||216001.00
F05Q10001492|200802|215341.41|0|036|204|||||5.530|0.00||||||||||||||||||||215341.41
F05Q10001492|200803|214641.81|0|037|203|||||5.530|0.00||||||||||||||||||||214641.81
F05Q10001492|200804|213975.95|0|038|202|||||5.530|0.00||||||||||||||||||||213975.95
F05Q10001492|200805|213307.02|0|039|201|||||5.530|0.00||||||||||||||||||||213307.02
F05Q10001492|200806|212635.01|0|040|200|||||5.530|0.00||||||||||||||||||||212635.01
F05Q10001492|200807|211959.90|0|041|199|||||5.530|0.00||||||||||||||||||||211959.90
F05Q10001492|200808|211281.68|0|042|198|||||5.530|0.00||||||||||||||||||||211281.68
F05Q10001492|200809|210600.34|0|043|197|||||5.530|0.00||||||||||||||||||||210600.34
F05Q10001492|200810|209915.86|0|044|196|||||5.530|0.00||||||||||||||||||||209915.86
F05Q10001492|200811|209228.22|0|045|195|||||5.530|0.00||||||||||||||||||||209228.22
F05Q10001492|200812|208537.41|0|046|194|||||5.530|0.00||||||||||||||||||||208537.41
F05Q10001492|200901|207843.42|0|047|193|||||5.530|0.00||||||||||||||||||||207843.42
F05Q10001492|200902|207146.23|0|048|192|||||5.530|0.00||||||||||||||||||||207146.23
F05Q10001492|200903|206445.83|0|049|191|||||5.530|0.00||||||||||||||||||||206445.83
F05Q10001492|200904|205742.20|0|050|190|||||5.530|0.00||||||||||||||||||||205742.20
F05Q10001492|200905|205035.33|0|051|189|||||5.530|0.00||||||||||||||||||||205035.33
F05Q10001492|200906|204325.20|0|052|188|||||5.530|0.00||||||||||||||||||||204325.20
F05Q10001492|200907|203611.80|0|053|187|||||5.530|0.00||||||||||||||||||||203611.80
F05Q10001492|200908|202895.11|0|054|186|||||5.530|0.00||||||||||||||||||||202895.11
F05Q10001492|200909|202175.12|0|055|185|||||5.530|0.00||||||||||||||||||||202175.12
F05Q10001492|200910|201451.81|0|056|184|||||5.530|0.00||||||||||||||||||||201451.81
F05Q10001492|200911|200725.17|0|057|183|||||5.530|0.00||||||||||||||||||||200725.17
F05Q10001492|200912|199995.18|0|058|182|||||5.530|0.00||||||||||||||||||||199995.18
F05Q10001492|201001|199261.82|0|059|181|||||5.530|0.00||||||||||||||||||||199261.82
F05Q10001492|201002|198525.08|0|060|180|||||5.530|0.00||||||||||||||||||||198525.08
F05Q10001492|201003|197784.95|0|061|179|||||5.530|0.00||||||||||||||||||||197784.95
F05Q10001492|201004|197041.41|0|062|178|||||5.530|0.00||||||||||||||||||||197041.41
F05Q10001492|201005|196294.44|0|063|177|||||5.530|0.00||||||||||||||||||||196294.44
F05Q10001492|201006|195544.03|0|064|176|||||5.530|0.00||||||||||||||||||||195544.03
F05Q10001492|201007|194790.16|0|065|175|||||5.530|0.00||||||||||||||||||||194790.16
F05Q10001492|201008|194032.82|0|066|174|||||5.530|0.00||||||||||||||||||||194032.82
F05Q10001492|201009|193271.99|0|067|173|||||5.530|0.00||||||||||||||||||||193271.99
F05Q10001492|201010|192424.90|0|068|172|||||5.530|0.00||||||||||||||||||||192424.90
F05Q10001492|201011|191656.66|0|069|171|||||5.530|0.00||||||||||||||||||||191656.66
F05Q10001492|201012|190884.88|0|070|170|||||5.530|0.00||||||||||||||||||||190884.88
F05Q10001492|201101|190084.09|0|071|169|||||5.530|0.00||||||||||||||||||||190084.09
F05Q10001492|201102|188421.42|0|072|168|||||5.530|0.00||||||||||||||||||||188421.42
F05Q10001492|201103|188421.42|0|073|167|||||5.530|0.00||||||||||||||||||||188421.42
F05Q10001492|201104|187634.73|0|074|166|||||5.530|0.00||||||||||||||||||||187634.73
F05Q10001492|201105|186693.17|0|075|165|||||5.530|0.00||||||||||||||||||||186693.17
F05Q10001492|201106|185823.06|0|076|164|||||5.530|0.00||||||||||||||||||||185823.06
F05Q10001492|201107|184948.94|0|077|163|||||5.530|0.00||||||||||||||||||||184948.94
F05Q10001492|201108|184070.80|0|078|162|||||5.530|0.00||||||||||||||||||||184070.80
F05Q10001492|201109|183188.61|0|079|161|||||5.530|0.00||||||||||||||||||||183188.61
F05Q10001492|201110|182302.35|0|080|160|||||5.530|0.00||||||||||||||||||||182302.35
F05Q10001492|201111|181416.84|0|081|159|||||5.530|0.00||||||||||||||||||||181416.84
F05Q10001492|201112|180527.25|0|082|158|||||5.530|0.00||||||||||||||||||||180527.25
F05Q10001492|201201|179633.56|0|083|157|||||5.530|0.00||||||||||||||||||||179633.56
F05Q10001492|201202|178735.75|0|084|156|||||5.530|0.00||||||||||||||||||||178735.75
F05Q10001492|201203|177833.80|0|085|155|||||5.530|0.00||||||||||||||||||||177833.80
F05Q10001492|201204|176927.70|0|086|154|||||5.530|0.00||||||||||||||||||||176927.70
F05Q10001492|201205|0.00|0|087|153|||01|201205|5.530|0.00|||||||||||||||176927.70|||||0.00
F05Q10001536|200502|280000.00|0|000|360|||||5.875|0.00||||||||||||||||||||280000.00
F05Q10001536|200503|280000.00|0|001|359|||||5.875|0.00||||||||||||||||||||280000.00
F05Q10001536|200504|279000.00|0|002|358|||||5.875|0.00||||||||||||||||||||279000.00
F05Q10001536|200505|279000.00|0|003|357|||||5.875|0.00||||||||||||||||||||279000.00
F05Q10001536|200506|279000.00|0|004|356|||||5.875|0.00||||||||||||||||||||279000.00
F05Q10001536|200507|279000.00|0|005|355|||||5.875|0.00||||||||||||||||||||279000.00
F05Q10001536|200508|278000.00|0|006|354|||||5.875|0.00||||||||||||||||||||278000.00
F05Q10001536|200509|277967.33|0|007|353|||||5.875|0.00||||||||||||||||||||277967.33
F05Q10001536|200510|277670.96|0|008|352|||||5.875|0.00||||||||||||||||||||277670.96
F05Q10001536|200511|277373.14|0|009|351|||||5.875|0.00||||||||||||||||||||277373.14
F05Q10001536|200512|277073.86|0|010|350|||||5.875|0.00||||||||||||||||||||277073.86
F05Q10001536|200601|276773.12|0|011|349|||||5.875|0.00||||||||||||||||||||276773.12
F05Q10001536|200602|276470.91|0|012|348|||||5.875|0.00||||||||||||||||||||276470.91
F05Q10001536|200603|276164.19|0|013|347|||||5.875|0.00||||||||||||||||||||276164.19
F05Q10001536|200604|275858.96|0|014|346|||||5.875|0.00||||||||||||||||||||275858.96
F05Q10001536|200605|275520.08|0|015|345|||||5.875|0.00||||||||||||||||||||275520.08
F05Q10001536|200606|275203.70|0|016|344|||||5.875|0.00||||||||||||||||||||275203.70
F05Q10001536|200607|274885.77|0|017|343|||||5.875|0.00||||||||||||||||||||274885.77
F05Q10001536|200608|274566.28|0|018|342|||||5.875|0.00||||||||||||||||||||274566.28
F05Q10001536|200609|274245.23|0|019|341|||||5.875|0.00||||||||||||||||||||274245.23
F05Q10001536|200610|273922.61|0|020|340|||||5.875|0.00||||||||||||||||||||273922.61
F05Q10001536|200611|273598.41|0|021|339|||||5.875|0.00||||||||||||||||||||273598.41
F05Q10001536|200612|273272.62|0|022|338|||||5.875|0.00||||||||||||||||||||273272.62
F05Q10001536|200701|272945.24|0|023|337|||||5.875|0.00||||||||||||||||||||272945.24
F05Q10001536|200702|272616.25|0|024|336|||||5.875|0.00||||||||||||||||||||272616.25
F05Q10001536|200703|272285.65|0|025|335|||||5.875|0.00||||||||||||||||||||272285.65
F05Q10001536|200704|271953.44|0|026|334|||||5.875|0.00||||||||||||||||||||271953.44
F05Q10001536|200705|271619.60|0|027|333|||||5.875|0.00||||||||||||||||||||271619.60
F05Q10001536|200706|271284.12|0|028|332|||||5.875|0.00||||||||||||||||||||271284.12
F05Q10001536|200707|270947.00|0|029|331|||||5.875|0.00||||||||||||||||||||270947.00
F05Q10001536|200708|270608.23|0|030|330|||||5.875|0.00||||||||||||||||||||270608.23
F05Q10001536|200709|270267.80|0|031|329|||||5.875|0.00||||||||||||||||||||270267.80
F05Q10001536|200710|269925.71|0|032|328|||||5.875|0.00||||||||||||||||||||269925.71
F05Q10001536|200711|269581.94|0|033|327|||||5.875|0.00||||||||||||||||||||269581.94
F05Q10001536|200712|269236.49|0|034|326|||||5.875|0.00||||||||||||||||||||269236.49
F05Q10001536|200801|268889.35|0|035|325|||||5.875|0.00||||||||||||||||||||268889.35
F05Q10001536|200802|268540.51|0|036|324|||||5.875|0.00||||||||||||||||||||268540.51
F05Q10001536|200803|268198.93|0|037|323|||||5.875|0.00||||||||||||||||||||268198.93
F05Q10001536|200804|267855.68|0|038|322|||||5.875|0.00||||||||||||||||||||267855.68
F05Q10001536|200805|267510.75|0|039|321|||||5.875|0.00||||||||||||||||||||267510.75
F05Q10001536|200806|267070.86|0|040|320|||||5.875|0.00||||||||||||||||||||267070.86
F05Q10001536|200807|266628.81|0|041|319|||||5.875|0.00||||||||||||||||||||266628.81
F05Q10001536|200808|266184.60|0|042|318|||||5.875|0.00||||||||||||||||||||266184.60
F05Q10001536|200809|265738.22|0|043|317|||||5.875|0.00||||||||||||||||||||265738.22
F05Q10001536|200810|265289.65|0|044|316|||||5.875|0.00||||||||||||||||||||265289.65
F05Q10001536|200811|264838.88|0|045|315|||||5.875|0.00||||||||||||||||||||264838.88
F05Q10001536|200812|264385.91|0|046|314|||||5.875|0.00||||||||||||||||||||264385.91
F05Q10001536|200901|263930.72|0|047|313|||||5.875|0.00||||||||||||||||||||263930.72
F05Q10001536|200902|263566.57|0|048|312|||||5.875|0.00||||||||||||||||||||263566.57
F05Q10001536|200903|263200.64|0|049|311|||||5.875|0.00||||||||||||||||||||263200.64
F05Q10001536|200904|262832.92|0|050|310|||||5.875|0.00||||||||||||||||||||262832.92
F05Q10001536|200905|262463.40|0|051|309|||||5.875|0.00||||||||||||||||||||262463.40
F05Q10001536|200906|262092.07|0|052|308|||||5.875|0.00||||||||||||||||||||262092.07
F05Q10001536|200907|261718.92|0|053|307|||||5.875|0.00||||||||||||||||||||261718.92
F05Q10001536|200908|261343.94|0|054|306|||||5.875|0.00||||||||||||||||||||261343.94
F05Q10001536|200909|260967.13|0|055|305|||||5.875|0.00||||||||||||||||||||260967.13
F05Q10001536|200910|260967.13|0|056|304|||||5.875|0.00||||||||||||||||||||260967.13
F05Q10001536|200911|260207.96|0|057|303|||||5.875|0.00||||||||||||||||||||260207.96
F05Q10001536|200912|260207.96|0|058|302|||||5.875|0.00||||||||||||||||||||260207.96
F05Q10001536|201001|259441.33|0|059|301|||||5.875|0.00||||||||||||||||||||259441.33
F05Q10001536|201002|259441.33|0|060|300|||||5.875|0.00||||||||||||||||||||259441.33
F05Q10001536|201003|258656.46|0|061|299|||||5.875|0.00||||||||||||||||||||258656.46
F05Q10001536|201004|258255.83|0|062|298|||||5.875|0.00||||||||||||||||||||258255.83
F05Q10001536|201005|257853.24|0|063|297|||||5.875|0.00||||||||||||||||||||257853.24
F05Q10001536|201006|257448.68|0|064|296|||||5.875|0.00||||||||||||||||||||257448.68
F05Q10001536|201007|257448.68|0|065|295|||||5.875|0.00||||||||||||||||||||257448.68
F05Q10001536|201008|257052.80|0|066|294|||||5.875|0.00||||||||||||||||||||257052.80
F05Q10001536|201009|256255.21|0|067|293|||||5.875|0.00||||||||||||||||||||256255.21
F05Q10001536|201010|255810.69|0|068|292|||||5.875|0.00||||||||||||||||||||255810.69
F05Q10001536|201011|255396.13|0|069|291|||||5.875|0.00||||||||||||||||||||255396.13
F05Q10001536|201012|254979.54|0|070|290|||||5.875|0.00||||||||||||||||||||254979.54
F05Q10001536|201101|254560.91|0|071|289|||||5.875|0.00||||||||||||||||||||254560.91
F05Q10001536|201102|254140.23|0|072|288|||||5.875|0.00||||||||||||||||||||254140.23
F05Q10001536|201103|253717.49|0|073|287|||||5.875|0.00||||||||||||||||||||253717.49
F05Q10001536|201104|253292.68|0|074|286|||||5.875|0.00||||||||||||||||||||253292.68
F05Q10001536|201105|252865.79|0|075|285|||||5.875|0.00||||||||||||||||||||252865.79
F05Q10001536|201106|252436.81|0|076|284|||||5.875|0.00||||||||||||||||||||252436.81
F05Q10001536|201107|252005.73|0|077|283|||||5.875|0.00||||||||||||||||||||252005.73
F05Q10001536|201108|251572.54|0|078|282|||||5.875|0.00||||||||||||||||||||251572.54
F05Q10001536|201109|251137.23|0|079|281|||||5.875|0.00||||||||||||||||||||251137.23
F05Q10001536|201110|250699.79|0|080|280|||||5.875|0.00||||||||||||||||||||250699.79
F05Q10001536|201111|250260.20|0|081|279|||||5.875|0.00||||||||||||||||||||250260.20
F05Q10001536|201112|249818.46|0|082|278|||||5.875|0.00||||||||||||||||||||249818.46
F05Q10001536|201201|249374.56|0|083|277|||||5.875|0.00||||||||||||||||||||249374.56
F05Q10001536|201202|248928.49|0|084|276|||||5.875|0.00||||||||||||||||||||248928.49
F05Q10001536|201203|248478.52|0|085|275|||||5.875|0.00||||||||||||||||||||248478.52
F05Q10001536|201204|248026.35|0|086|274|||||5.875|0.00||||||||||||||||||||248026.35
F05Q10001536|201205|247571.97|0|087|273|||||5.875|0.00||||||||||||||||||||247571.97
F05Q10001536|201206|247115.36|0|088|272|||||5.875|0.00||||||||||||||||||||247115.36
F05Q10001536|201207|247115.36|0|089|271|||||5.875|0.00||||||||||||||||||||247115.36
F05Q10001536|201208|246195.43|0|090|270|||||5.875|0.00||||||||||||||||||||246195.43
F05Q10001536|201209|245732.08|0|091|269|||||5.875|0.00||||||||||||||||||||245732.08
F05Q10001536|201210|245266.46|0|092|268|||||5.875|0.00||||||||||||||||||||245266.46
F05Q10001536|201211|244798.56|0|093|267|||||5.875|0.00||||||||||||||||||||244798.56
F05Q10001536|201212|244328.37|0|094|266|||||5.875|0.00||||||||||||||||||||244328.37
F05Q10001536|201301|243855.88|0|095|265|||||5.875|0.00||||||||||||||||||||243855.88
F05Q10001536|201302|243360.75|0|096|264|||||5.875|0.00||||||||||||||||||||243360.75
F05Q10001536|201303|242895.89|0|097|263|||||5.875|0.00||||||||||||||||||||242895.89
F05Q10001536|201304|242428.76|0|098|262|||||5.875|0.00||||||||||||||||||||242428.76
F05Q10001536|201305|241959.34|0|099|261|||||5.875|0.00||||||||||||||||||||241959.34
F05Q10001536|201306|241487.62|0|100|260|||||5.875|0.00||||||||||||||||||||241487.62
F05Q10001536|201307|241013.59|0|101|259|||||5.875|0.00||||||||||||||||||||241013.59
F05Q10001536|201308|240537.24|0|102|258|||||5.875|0.00||||||||||||||||||||240537.24
F05Q10001536|201309|240058.56|0|103|257|||||5.875|0.00||||||||||||||||||||240058.56
F05Q10001536|201310|239577.54|0|104|256|||||5.875|0.00||||||||||||||||||||239577.54
F05Q10001536|201311|239094.16|0|105|255|||||5.875|0.00||||||||||||||||||||239094.16
F05Q10001536|201312|238608.42|0|106|254|||||5.875|0.00||||||||||||||||||||238608.42
F05Q10001536|201401|238120.30|0|107|253|||||5.875|0.00||||||||||||||||||||238120.30
F05Q10001536|201402|237531.08|0|108|252|||||5.875|0.00||||||||||||||||||||237531.08
F05Q10001536|201403|237531.08|0|109|251|||||5.875|0.00||||||||||||||||||||237531.08
F05Q10001536|201404|236541.87|0|110|250|||||5.875|0.00||||||||||||||||||||236541.87
F05Q10001536|201405|236043.63|0|111|249|||||5.875|0.00||||||||||||||||||||236043.63
F05Q10001536|201406|235542.95|0|112|248|||||5.875|0.00||||||||||||||||||||235542.95
F05Q10001536|201407|235039.82|0|113|247|||||5.875|0.00||||||||||||||||||||235039.82
F05Q10001536|201408|234534.23|0|114|246|||||5.875|0.00||||||||||||||||||||234534.23
F05Q10001536|201409|234026.16|0|115|245|||||5.875|0.00||||||||||||||||||||234026.16
F05Q10001536|201410|233515.60|0|116|244|||||5.875|0.00||||||||||||||||||||233515.60
F05Q10001536|201411|233002.54|0|117|243|||||5.875|0.00||||||||||||||||||||233002.54
F05Q10001536|201412|232486.97|0|118|242|||||5.875|0.00||||||||||||||||||||232486.97
F05Q10001536|201501|231968.88|0|119|241|||||5.875|0.00||||||||||||||||||||231968.88
F05Q10001536|201502|231968.88|0|120|240|||||5.875|0.00||||||||||||||||||||231968.88
F05Q10001536|201503|230908.44|0|121|239|||||5.875|0.00||||||||||||||||||||230908.44
F05Q10001536|201504|230365.99|0|122|238|||||5.875|0.00||||||||||||||||||||230365.99
F05Q10001536|201505|229820.88|0|123|237|||||5.875|0.00||||||||||||||||||||229820.88
F05Q10001536|201506|229273.10|0|124|236|||||5.875|0.00||||||||||||||||||||229273.10
F05Q10001536|201507|228722.64|0|125|235|||||5.875|0.00||||||||||||||||||||228722.64
F05Q10001536|201508|228169.49|0|126|234|||||5.875|0.00||||||||||||||||||||228169.49
F05Q10001536|201509|227613.63|0|127|233|||||5.875|0.00||||||||||||||||||||227613.63
F05Q10001536|201510|227055.05|0|128|232|||||5.875|0.00||||||||||||||||||||227055.05
F05Q10001536|201511|226493.73|0|129|231|||||5.875|0.00||||||||||||||||||||226493.73
F05Q10001536|201512|225929.67|0|130|230|||||5.875|0.00||||||||||||||||||||225929.67
F05Q10001536|201601|225362.84|0|131|229|||||5.875|0.00||||||||||||||||||||225362.84
F05Q10001536|201602|224793.24|0|132|228|||||5.875|0.00||||||||||||||||||||224793.24
F05Q10001536|201603|224220.85|0|133|227|||||5.875|0.00||||||||||||||||||||224220.85
F05Q10001536|201604|223645.66|0|134|226|||||5.875|0.00||||||||||||||||||||223645.66
F05Q10001536|201605|223067.65|0|135|225|||||5.875|0.00||||||||||||||||||||223067.65
F05Q10001536|201606|222486.81|0|136|224|||||5.875|0.00||||||||||||||||||||222486.81
F05Q10001536|201607|221903.13|0|137|223|||||5.875|0.00||||||||||||||||||||221903.13
F05Q10001536|201608|221316.59|0|138|222|||||5.875|0.00||||||||||||||||||||221316.59
F05Q10001536|201609|220727.18|0|139|221|||||5.875|0.00||||||||||||||||||||220727.18
F05Q10001536|201610|220727.18|0|140|220|||||5.875|0.00||||||||||||||||||||220727.18
F05Q10001536|201611|219539.68|0|141|219|||||5.875|0.00||||||||||||||||||||219539.68
F05Q10001536|201612|218941.57|0|142|218|||||5.875|0.00||||||||||||||||||||218941.57
F05Q10001536|201701|218941.57|0|143|217|||||5.875|0.00||||||||||||||||||||218941.57
F05Q10001536|201702|218357.16|0|144|216|||||5.875|0.00||||||||||||||||||||218357.16
F05Q10001536|201703|217150.09|0|145|215|||||5.875|0.00||||||||||||||||||||217150.09
F05Q10001536|201704|216544.88|0|146|214|||||5.875|0.00||||||||||||||999||||||216544.88
F05Q10001536|201705|215936.71|0|147|213|||||5.875|0.00||||||||||||||999||||||215936.71
F05Q10001536|201706|215325.56|0|148|212|||||5.875|0.00||||||||||||||999||||||215325.56
F05Q10001536|201707|214711.42|0|149|211|||||5.875|0.00||||||||||||||999||||||214711.42
F05Q10001536|201708|214094.27|0|150|210|||||5.875|0.00||||||||||||||999||||||214094.27
F05Q10001536|201709|213474.10|0|151|209|||||5.875|0.00||||||||||||||999||||||213474.10
F05Q10001536|201710|212850.89|0|152|208|||||5.875|0.00||||||||||||||999||||||212850.89
F05Q10001536|201711|212224.63|0|153|207|||||5.875|0.00||||||||||||||999||||||212224.63
F05Q10001536|201712|211595.31|0|154|206|||||5.875|0.00||||||||||||||999||||||211595.31
F05Q10001536|201801|210962.91|0|155|205|||||5.875|0.00||||||||||||||999||||||210962.91
F05Q10001536|201802|210295.41|0|156|204|||||5.875|0.00||||||||||||||999||||||210295.41
F05Q10001536|201803|209668.67|0|157|203|||||5.875|0.00||||||||||||||999||||||209668.67
F05Q10001536|201804|209038.86|0|158|202|||||5.875|0.00||||||||||||||999||||||209038.86
F05Q10001536|201805|208405.83|0|159|201|||||5.875|0.00||||||||||||||999||||||208405.83
F05Q10001536|201806|207769.70|0|160|200|||||5.875|0.00||||||||||||||999||||||207769.70
F05Q10001536|201807|207130.60|0|161|199|||||5.875|0.00||||||||||||||999||||||207130.60
F05Q10001536|201808|206488.37|0|162|198|||||5.875|0.00||||||||||||||999||||||206488.37
F05Q10001536|201809|205842.99|0|163|197|||||5.875|0.00||||||||||||||999||||||205842.99
F05Q10001536|201810|205194.45|0|164|196|||||5.875|0.00||||||||||||||66||||||205194.45
F05Q10001536|201811|204542.74|0|165|195|||||5.875|0.00||||||||||||||67||||||204542.74
F05Q10001536|201812|203887.84|0|166|194|||||5.875|0.00||||||||||||||999||||||203887.84
F05Q10001536|201901|203229.73|0|167|193|||||5.875|0.00||||||||||||||999||||||203229.73
F05Q10001536|201902|202568.40|0|168|192|||||5.875|0.00||||||||||||||999||||||202568.40
F05Q10001536|201903|201903.83|0|169|191|||||5.875|0.00||||||||||||||999||||||201903.83
F05Q10001536|201904|201236.01|0|170|190|||||5.875|0.00||||||||||||||999||||||201236.01
F05Q10001536|201905|200564.92|0|171|189|||||5.875|0.00||||||||||||||999||||||200564.92
F05Q10001536|201906|199890.54|0|172|188|||||5.875|0.00||||||||||||||999||||||199890.54
F05Q10001536|201907|199212.86|0|173|187|||||5.875|0.00||||||||||||||999||||||199212.86
F05Q10001536|201908|198531.86|0|174|186|||||5.875|0.00||||||||||||||999||||||198531.86
F05Q10001536|201909|197847.53|0|175|185|||||5.875|0.00||||||||||||||999||||||197847.53
F05Q10001536|201910|197159.85|0|176|184|||||5.875|0.00||||||||||||||999||||||197159.85
F05Q10001536|201911|196468.80|0|177|183|||||5.875|0.00||||||||||||||999||||||196468.80
F05Q10001536|201912|195774.37|0|178|182|||||5.875|0.00||||||||||||||999||||||195774.37
F05Q10001536|202001|195076.54|0|179|181|||||5.875|0.00||||||||||||||999||||||195076.54
F05Q10001536|202002|194375.29|0|180|180|||||5.875|0.00||||||||||||||999||||||194375.29
F05Q10001536|202003|193654.45|0|181|179|||||5.875|0.00||||||||||||||999||||||193654.45
F05Q10001536|202004|192930.08|0|182|178|||||5.875|0.00||||||||||||||999||||||192930.08
F05Q10001536|202005|192202.16|0|183|177|||||5.875|0.00||||||||||||||999||||||192202.16
F05Q10001536|202006|191486.84|0|184|176|||||5.875|0.00||||||||||||||999||||||191486.84
F05Q10001536|202007|190768.02|0|185|175|||||5.875|0.00||||||||||||||999||||||190768.02
F05Q10001536|202008|190045.68|0|186|174|||||5.875|0.00||||||||||||||999||||||190045.68
F05Q10001536|202009|189319.80|0|187|173|||||5.875|0.00||||||||||||||999||||||189319.80
F05Q10001536|202010|188590.37|0|188|172|||||5.875|0.00||||||||||||||999||||||188590.37
F05Q10001536|202011|187857.37|0|189|171|||||5.875|0.00||||||||||||||999||||||187857.37
F05Q10001536|202012|187120.78|0|190|170|||||5.875|0.00||||||||||||||999||||||187120.78
F05Q10001536|202101|186380.58|0|191|169|||||5.875|0.00||||||||||||||999||||||186380.58
F05Q10001536|202102|185636.76|0|192|168|||||5.875|0.00||||||||||||||999||||||185636.76
F05Q10001536|202103|184775.81|0|193|167|||||5.875|0.00||||||||||||||999||||||184775.81
F05Q10001536|202104|183910.64|0|194|166|||||5.875|0.00||||||||||||||999||||||183910.64
F05Q10001536|202105|183041.24|0|195|165|||||5.875|0.00||||||||||||||999||||||183041.24
F05Q10001536|202106|182167.58|0|196|164|||||5.875|0.00||||||||||||||999||||||182167.58
F05Q10001536|202107|181289.64|0|197|163|||||5.875|0.00||||||||||||||999||||||181289.64
F05Q10001536|202108|180407.40|0|198|162|||||5.875|0.00||||||||||||||999||||||180407.40
F05Q10001536|202109|179520.84|0|199|161|||||5.875|0.00||||||||||||||999||||||179520.84
F05Q10001536|202110|178629.94|0|200|160|||||5.875|0.00||||||||||||||999||||||178629.94
F05Q10001536|202111|177734.68|0|201|159|||||5.875|0.00||||||||||||||999||||||177734.68
F05Q10001536|202112|176835.04|0|202|158|||||5.875|0.00||||||||||||||999||||||176835.04
F05Q10001536|202201|175930.99|0|203|157|||||5.875|0.00||||||||||||||999||||||175930.99
F05Q10001536|202202|175022.52|0|204|156|||||5.875|0.00||||||||||||||999||||||175022.52
F05Q10001536|202203|174214.12|0|205|155|||||5.875|0.00||||||||||||||999||||||174214.12
F05Q10001536|202204|173401.76|0|206|154|||||5.875|0.00||||||||||||||999||||||173401.76
F05Q10001536|202205|172585.43|0|207|153|||||5.875|0.00||||||||||||||999||||||172585.43
F05Q10001536|202206|171765.10|0|208|152|||||5.875|0.00||||||||||||||999||||||171765.10
F05Q10001536|202207|170940.75|0|209|151|||||5.875|0.00||||||||||||||999||||||170940.75
F05Q10001536|202208|170112.37|0|210|150|||||5.875|0.00||||||||||||||999||||||170112.37
F05Q10001536|202209|169279.93|0|211|149|||||5.875|0.00||||||||||||||999||||||169279.93
F05Q10001536|202210|168443.42|0|212|148|||||5.875|0.00||||||||||||||999||||||168443.42
F05Q10001536|202211|167602.81|0|213|147|||||5.875|0.00||||||||||||||999||||||167602.81
F05Q10001536|202212|166758.09|0|214|146|||||5.875|0.00||||||||||||||999||||||166758.09
F05Q10001536|202301|165909.23|0|215|145|||||5.875|0.00||||||||||||||999||||||165909.23
F05Q10001536|202302|165056.21|0|216|144|||||5.875|0.00||||||||||||||999||||||165056.21
F05Q10001536|202303|164205.33|0|217|143|||||5.875|0.00||||||||||||||999||||||164205.33
F05Q10001536|202304|163350.28|0|218|142|||||5.875|0.00||||||||||||||999||||||163350.28
F05Q10001536|202305|162491.05|0|219|141|||||5.875|0.00||||||||||||||999||||||162491.05
F05Q10001536|202306|161627.61|0|220|140|||||5.875|0.00||||||||||||||999||||||161627.61
F05Q10001536|202307|160759.94|0|221|139|||||5.875|0.00||||||||||||||999||||||160759.94
F05Q10001536|202308|159888.02|0|222|138|||||5.875|0.00||||||||||||||999||||||159888.02
F05Q10001536|202309|159011.84|0|223|137|||||5.875|0.00||||||||||||||999||||||159011.84
F05Q10001536|202310|158131.37|0|224|136|||||5.875|0.00||||||||||||||999||||||158131.37
F05Q10001536|202311|157246.58|0|225|135|||||5.875|0.00||||||||||||||999||||||157246.58
F05Q10001536|202312|156357.46|0|226|134|||||5.875|0.00||||||||||||||999||||||156357.46
F05Q10001536|202401|155463.99|0|227|133|||||5.875|0.00||||||||||||||999||||||155463.99
F05Q10001536|202402|154566.15|0|228|132|||||5.875|0.00||||||||||||||999||||||154566.15
F05Q10001536|202403|153637.34|0|229|131|||||5.875|0.00||||||||||||||999||||||153637.34
F05Q10001536|202404|152703.98|0|230|130|||||5.875|0.00||||||||||||||999||||||152703.98
F05Q10001536|202405|150823.53|0|231|129|||||5.875|0.00||||||||||||||999||||||150823.53
F05Q10001536|202406|150823.53|0|232|128|||||5.875|0.00||||||||||||||999||||||150823.53
F05Q10001536|202407|149876.40|0|233|127|||||5.875|0.00||||||||||||||999||||||149876.40
F05Q10001536|202408|148924.63|0|234|126|||||5.875|0.00||||||||||||||999||||||148924.63
F05Q10001536|202409|147968.20|0|235|125|||||5.875|0.00||||||||||||||999||||||147968.20
F05Q10001536|202410|146041.27|0|236|124|||||5.875|0.00||||||||||||||999||||||146041.27
F05Q10001536|202411|146041.27|0|237|123|||||5.875|0.00||||||||||||||999||||||146041.27
F05Q10001536|202412|144095.42|0|238|122|||||5.875|0.00||||||||||||||999||||||144095.42
F05Q10001536|202501|144095.42|0|239|121|||||5.875|0.00||||||||||||||999||||||144095.42
F05Q10001536|202502|143115.35|0|240|120|||||5.875|0.00||||||||||||||999||||||143115.35
F05Q10001536|202503|142157.90|0|241|119|||||5.875|0.00||||||||||||||999||||||142157.90
F05Q10001536|202504|140228.91|0|242|118|||||5.875|0.00||||||||||||||999||||||140228.91
F05Q10001536|202505|140228.91|0|243|117|||||5.875|0.00||||||||||||||999||||||140228.91
F05Q10001536|202506|139257.33|0|244|116|||||5.875|0.00||||||||||||||999||||||139257.33
F05Q10001536|202507|138280.99|0|245|115|||||5.875|0.00||||||||||||||999||||||138280.99
F05Q10001536|202508|137299.87|0|246|114|||||5.875|0.00||||||||||||||999||||||137299.87
F05Q10001536|202509|136313.95|0|247|113|||||5.875|0.00||||||||||||||999||||||136313.95
F05Q10001543|200502|241000.00|0|000|180|||||5.250|0.00||||||||||||||||||||241000.00
F05Q10001543|200503|240000.00|0|001|179|||||5.250|0.00||||||||||||||||||||240000.00
F05Q10001543|200504|239000.00|0|002|178|||||5.250|0.00||||||||||||||||||||239000.00
F05Q10001543|200505|238000.00|0|003|177|||||5.250|0.00||||||||||||||||||||238000.00
F05Q10001543|200506|237000.00|0|004|176|||||5.250|0.00||||||||||||||||||||237000.00
F05Q10001543|200507|236000.00|0|005|175|||||5.250|0.00||||||||||||||||||||236000.00
F05Q10001543|200508|235000.00|0|006|174|||||5.250|0.00||||||||||||||||||||235000.00
F05Q10001543|200509|234346.67|0|007|173|||||5.250|0.00||||||||||||||||||||234346.67
F05Q10001543|200510|233437.81|0|008|172|||||5.250|0.00||||||||||||||||||||233437.81
F05Q10001543|200511|232524.97|0|009|171|||||5.250|0.00||||||||||||||||||||232524.97
F05Q10001543|200512|231608.14|0|010|170|||||5.250|0.00||||||||||||||||||||231608.14
F05Q10001543|200601|230687.30|0|011|169|||||5.250|0.00||||||||||||||||||||230687.30
F05Q10001543|200602|229762.43|0|012|168|||||5.250|0.00||||||||||||||||||||229762.43
F05Q10001543|200603|228833.51|0|013|167|||||5.250|0.00||||||||||||||||||||228833.51
F05Q10001543|200604|227900.53|0|014|166|||||5.250|0.00||||||||||||||||||||227900.53
F05Q10001543|200605|226963.46|0|015|165|||||5.250|0.00||||||||||||||||||||226963.46
F05Q10001543|200606|226022.30|0|016|164|||||5.250|0.00||||||||||||||||||||226022.30
F05Q10001543|200607|225077.02|0|017|163|||||5.250|0.00||||||||||||||||||||225077.02
F05Q10001543|200608|224084.57|0|018|162|||||5.250|0.00||||||||||||||||||||224084.57
F05Q10001543|200609|223130.81|0|019|161|||||5.250|0.00||||||||||||||||||||223130.81
F05Q10001543|200610|222172.88|0|020|160|||||5.250|0.00||||||||||||||||||||222172.88
F05Q10001543|200611|221210.76|0|021|159|||||5.250|0.00||||||||||||||||||||221210.76
F05Q10001543|200612|220244.43|0|022|158|||||5.250|0.00||||||||||||||||||||220244.43
F05Q10001543|200701|219273.87|0|023|157|||||5.250|0.00||||||||||||||||||||219273.87
F05Q10001543|200702|218299.06|0|024|156|||||5.250|0.00||||||||||||||||||||218299.06
F05Q10001543|200703|217319.99|0|025|155|||||5.250|0.00||||||||||||||||||||217319.99
F05Q10001543|200704|216336.63|0|026|154|||||5.250|0.00||||||||||||||||||||216336.63
F05Q10001543|200705|215348.97|0|027|153|||||5.250|0.00||||||||||||||||||||215348.97
F05Q10001543|200706|214356.99|0|028|152|||||5.250|0.00||||||||||||||||||||214356.99
F05Q10001543|200707|213360.67|0|029|151|||||5.250|0.00||||||||||||||||||||213360.67
F05Q10001543|200708|212359.99|0|030|150|||||5.250|0.00||||||||||||||||||||212359.99
F05Q10001543|200709|211354.93|0|031|149|||||5.250|0.00||||||||||||||||||||211354.93
F05Q10001543|200710|210345.48|0|032|148|||||5.250|0.00||||||||||||||||||||210345.48
F05Q10001543|200711|209331.61|0|033|147|||||5.250|0.00||||||||||||||||||||209331.61
F05Q10001543|200712|208313.31|0|034|146|||||5.250|0.00||||||||||||||||||||208313.31
F05Q10001543|200801|207290.55|0|035|145|||||5.250|0.00||||||||||||||||||||207290.55
F05Q10001543|200802|206263.32|0|036|144|||||5.250|0.00||||||||||||||||||||206263.32
F05Q10001543|200803|205231.59|0|037|143|||||5.250|0.00||||||||||||||||||||205231.59
F05Q10001543|200804|204195.35|0|038|142|||||5.250|0.00||||||||||||||||||||204195.35
F05Q10001543|200805|203154.57|0|039|141|||||5.250|0.00||||||||||||||||||||203154.57
F05Q10001543|200806|202109.24|0|040|140|||||5.250|0.00||||||||||||||||||||202109.24
F05Q10001543|200807|201059.34|0|041|139|||||5.250|0.00||||||||||||||||||||201059.34
F05Q10001543|200808|200004.84|0|042|138|||||5.250|0.00||||||||||||||||||||200004.84
F05Q10001543|200809|198945.73|0|043|137|||||5.250|0.00||||||||||||||||||||198945.73
F05Q10001543|200810|197881.99|0|044|136|||||5.250|0.00||||||||||||||||||||197881.99
F05Q10001543|200811|196813.59|0|045|135|||||5.250|0.00||||||||||||||||||||196813.59
F05Q10001543|200812|195740.52|0|046|134|||||5.250|0.00||||||||||||||||||||195740.52
F05Q10001543|200901|194662.75|0|047|133|||||5.250|0.00||||||||||||||||||||194662.75
F05Q10001543|200902|193580.27|0|048|132|||||5.250|0.00||||||||||||||||||||193580.27
F05Q10001543|200903|193580.27|0|049|131|||||5.250|0.00||||||||||||||||||||193580.27
F05Q10001543|200904|191401.08|0|050|130|||||5.250|0.00||||||||||||||||||||191401.08
F05Q10001543|200905|190304.33|0|051|129|||||5.250|0.00||||||||||||||||||||190304.33
F05Q10001543|200906|189202.78|0|052|128|||||5.250|0.00||||||||||||||||||||189202.78
F05Q10001543|200907|188096.41|0|053|127|||||5.250|0.00||||||||||||||||||||188096.41
F05Q10001543|200908|186985.20|0|054|126|||||5.250|0.00||||||||||||||||||||186985.20
F05Q10001543|200909|185869.13|0|055|125|||||5.250|0.00||||||||||||||||||||185869.13
F05Q10001543|200910|184748.18|0|056|124|||||5.250|0.00||||||||||||||||||||184748.18
F05Q10001543|200911|183622.32|0|057|123|||||5.250|0.00||||||||||||||||||||183622.32
F05Q10001543|200912|182491.54|0|058|122|||||5.250|0.00||||||||||||||||||||182491.54
F05Q10001543|201001|181355.81|0|059|121|||||5.250|0.00||||||||||||||||||||181355.81
F05Q10001543|201002|181355.81|0|060|120|||||5.250|0.00||||||||||||||||||||181355.81
F05Q10001543|201003|179069.42|0|061|119|||||5.250|0.00||||||||||||||||||||179069.42
F05Q10001543|201004|177918.72|0|062|118|||||5.250|0.00||||||||||||||||||||177918.72
F05Q10001543|201005|176762.98|0|063|117|||||5.250|0.00||||||||||||||||||||176762.98
F05Q10001543|201006|175602.19|0|064|116|||||5.250|0.00||||||||||||||||||||175602.19
F05Q10001543|201007|174436.32|0|065|115|||||5.250|0.00||||||||||||||||||||174436.32
F05Q10001543|201008|173265.35|0|066|114|||||5.250|0.00||||||||||||||||||||173265.35
F05Q10001543|201009|172089.26|0|067|113|||||5.250|0.00||||||||||||||||||||172089.26
F05Q10001543|201010|0.00|0|068|112|||01|201010|5.250|0.00|||||||||||||||172089.26|||||0.00
F05Q10001583|200502|99000.00|0|000|360|||||6.250|0.00||||||||||||||||||||99000.00
F05Q10001583|200503|99000.00|0|001|359|||||6.250|0.00||||||||||||||||||||99000.00
F05Q10001583|200504|99000.00|0|002|358|||||6.250|0.00||||||||||||||||||||99000.00
F05Q10001583|200505|99000.00|0|003|357|||||6.250|0.00||||||||||||||||||||99000.00
F05Q10001583|200506|99000.00|0|004|356|||||6.250|0.00||||||||||||||||||||99000.00
F05Q10001583|200507|98000.00|0|005|355|||||6.250|0.00||||||||||||||||||||98000.00
F05Q10001583|200508|98000.00|0|006|354|||||6.250|0.00||||||||||||||||||||98000.00
F05Q10001583|200509|98239.14|0|007|353|||||6.250|0.00||||||||||||||||||||98239.14
F05Q10001583|200510|98239.14|0|008|352|||||6.250|0.00||||||||||||||||||||98239.14
F05Q10001583|200511|98043.94|0|009|351|||||6.250|0.00||||||||||||||||||||98043.94
F05Q10001583|200512|98043.94|0|010|350|||||6.250|0.00||||||||||||||||||||98043.94
F05Q10001583|200601|97945.58|0|011|349|||||6.250|0.00||||||||||||||||||||97945.58
F05Q10001583|200602|97846.70|0|012|348|||||6.250|0.00||||||||||||||||||||97846.70
F05Q10001583|200603|0.00|0|013|347|||01|200603|6.250|0.00|||||||||||||||97846.70|||||0.00
F05Q10001683|200502|50000.00|0|000|180|||||5.500|0.00||||||||||||||||||||50000.00
F05Q10001683|200503|50000.00|0|001|179|||||5.500|0.00||||||||||||||||||||50000.00
F05Q10001683|200504|50000.00|0|002|178|||||5.500|0.00||||||||||||||||||||50000.00
F05Q10001683|200505|49000.00|0|003|177|||||5.500|0.00||||||||||||||||||||49000.00
F05Q10001683|200506|49000.00|0|004|176|||||5.500|0.00||||||||||||||||||||49000.00
F05Q10001683|200507|49000.00|0|005|175|||||5.500|0.00||||||||||||||||||||49000.00
F05Q10001683|200508|49000.00|0|006|174|||||5.500|0.00||||||||||||||||||||49000.00
F05Q10001683|200509|48701.24|0|007|173|||||5.500|0.00||||||||||||||||||||48701.24
F05Q10001683|200510|48515.91|0|008|172|||||5.500|0.00||||||||||||||||||||48515.91
F05Q10001683|200511|48329.74|0|009|171|||||5.500|0.00||||||||||||||||||||48329.74
F05Q10001683|200512|48142.71|0|010|170|||||5.500|0.00||||||||||||||||||||48142.71
F05Q10001683|200601|47754.82|0|011|169|||||5.500|0.00||||||||||||||||||||47754.82
F05Q10001683|200602|47365.16|0|012|168|||||5.500|0.00||||||||||||||||||||47365.16
F05Q10001683|200603|46973.71|0|013|167|||||5.500|0.00||||||||||||||||||||46973.71
F05Q10001683|200604|46580.47|0|014|166|||||5.500|0.00||||||||||||||||||||46580.47
F05Q10001683|200605|46185.42|0|015|165|||||5.500|0.00||||||||||||||||||||46185.42
F05Q10001683|200606|45788.56|0|016|164|||||5.500|0.00||||||||||||||||||||45788.56
F05Q10001683|200607|45389.89|0|017|163|||||5.500|0.00||||||||||||||||||||45389.89
F05Q10001683|200608|45189.26|0|018|162|||||5.500|0.00||||||||||||||||||||45189.26
F05Q10001683|200609|44787.84|0|019|161|||||5.500|0.00||||||||||||||||||||44787.84
F05Q10001683|200610|44384.58|0|020|160|||||5.500|0.00||||||||||||||||||||44384.58
F05Q10001683|200611|43979.47|0|021|159|||||5.500|0.00||||||||||||||||||||43979.47
F05Q10001683|200612|43572.50|0|022|158|||||5.500|0.00||||||||||||||||||||43572.50
F05Q10001683|200701|43163.67|0|023|157|||||5.500|0.00||||||||||||||||||||43163.67
F05Q10001683|200702|42752.96|0|024|156|||||5.500|0.00||||||||||||||||||||42752.96
F05Q10001683|200703|42340.37|0|025|155|||||5.500|0.00||||||||||||||||||||42340.37
F05Q10001683|200704|41925.89|0|026|154|||||5.500|0.00||||||||||||||||||||41925.89
F05Q10001683|200705|41509.51|0|027|153|||||5.500|0.00||||||||||||||||||||41509.51
F05Q10001683|200706|41091.22|0|028|152|||||5.500|0.00||||||||||||||||||||41091.22
F05Q10001683|200707|40671.02|0|029|151|||||5.500|0.00||||||||||||||||||||40671.02
F05Q10001683|200708|40248.89|0|030|150|||||5.500|0.00||||||||||||||||||||40248.89
F05Q10001683|200709|39824.82|0|031|149|||||5.500|0.00||||||||||||||||||||39824.82
F05Q10001683|200710|39398.81|0|032|148|||||5.500|0.00||||||||||||||||||||39398.81
F05Q10001683|200711|38970.85|0|033|147|||||5.500|0.00||||||||||||||||||||38970.85
F05Q10001683|200712|38540.93|0|034|146|||||5.500|0.00||||||||||||||||||||38540.93
F05Q10001683|200801|38109.03|0|035|145|||||5.500|0.00||||||||||||||||||||38109.03
F05Q10001683|200802|37675.16|0|036|144|||||5.500|0.00||||||||||||||||||||37675.16
F05Q10001683|200803|37239.30|0|037|143|||||5.500|0.00||||||||||||||||||||37239.30
F05Q10001683|200804|36801.44|0|038|142|||||5.500|0.00||||||||||||||||||||36801.44
F05Q10001683|200805|36361.57|0|039|141|||||5.500|0.00||||||||||||||||||||36361.57
F05Q10001683|200806|35919.69|0|040|140|||||5.500|0.00||||||||||||||||||||35919.69
F05Q10001683|200807|35475.78|0|041|139|||||5.500|0.00||||||||||||||||||||35475.78
F05Q10001683|200808|35029.84|0|042|138|||||5.500|0.00||||||||||||||||||||35029.84
F05Q10001683|200809|34581.85|0|043|137|||||5.500|0.00||||||||||||||||||||34581.85
F05Q10001683|200810|34131.81|0|044|136|||||5.500|0.00||||||||||||||||||||34131.81
F05Q10001683|200811|33679.71|0|045|135|||||5.500|0.00||||||||||||||||||||33679.71
F05Q10001683|200812|33225.53|0|046|134|||||5.500|0.00||||||||||||||||||||33225.53
F05Q10001683|200901|32769.28|0|047|133|||||5.500|0.00||||||||||||||||||||32769.28
F05Q10001683|200902|32310.93|0|048|132|||||5.500|0.00||||||||||||||||||||32310.93
F05Q10001683|200903|31850.48|0|049|131|||||5.500|0.00||||||||||||||||||||31850.48
F05Q10001683|200904|31387.92|0|050|130|||||5.500|0.00||||||||||||||||||||31387.92
F05Q10001683|200905|30923.24|0|051|129|||||5.500|0.00||||||||||||||||||||30923.24
F05Q10001683|200906|30456.43|0|052|128|||||5.500|0.00||||||||||||||||||||30456.43
F05Q10001683|200907|29987.49|0|053|127|||||5.500|0.00||||||||||||||||||||29987.49
F05Q10001683|200908|29516.39|0|054|126|||||5.500|0.00||||||||||||||||||||29516.39
F05Q10001683|200909|29043.13|0|055|125|||||5.500|0.00||||||||||||||||||||29043.13
F05Q10001683|200910|28567.71|0|056|124|||||5.500|0.00||||||||||||||||||||28567.71
F05Q10001683|200911|28090.10|0|057|123|||||5.500|0.00||||||||||||||||||||28090.10
F05Q10001683|200912|27610.31|0|058|122|||||5.500|0.00||||||||||||||||||||27610.31
F05Q10001683|201001|27128.31|0|059|121|||||5.500|0.00||||||||||||||||||||27128.31
F05Q10001683|201002|26644.11|0|060|120|||||5.500|0.00||||||||||||||||||||26644.11
F05Q10001683|201003|26157.69|0|061|119|||||5.500|0.00||||||||||||||||||||26157.69
F05Q10001683|201004|20869.04|0|062|118|||||5.500|0.00||||||||||||||||||||20869.04
F05Q10001683|201005|20356.15|0|063|117|||||5.500|0.00||||||||||||||||||||20356.15
F05Q10001683|201006|19840.91|0|064|116|||||5.500|0.00||||||||||||||||||||19840.91
F05Q10001683|201007|19323.31|0|065|115|||||5.500|0.00||||||||||||||||||||19323.31
F05Q10001683|201008|9003.33|0|066|114|||||5.500|0.00||||||||||||||||||||9003.33
F05Q10001683|201009|8434.53|0|067|113|||||5.500|0.00||||||||||||||||||||8434.53
F05Q10001683|201010|7864.65|0|068|112|||||5.500|0.00||||||||||||||||||||7864.65
F05Q10001683|201011|7292.15|0|069|111|||||5.500|0.00||||||||||||||||||||7292.15
F05Q10001683|201012|6717.04|0|070|110|||||5.500|0.00||||||||||||||||||||6717.04
F05Q10001683|201101|6139.28|0|071|109|||||5.500|0.00||||||||||||||||||||6139.28
F05Q10001683|201102|5558.88|0|072|108|||||5.500|0.00||||||||||||||||||||5558.88
F05Q10001683|201103|4975.82|0|073|107|||||5.500|0.00||||||||||||||||||||4975.82
F05Q10001683|201104|4390.09|0|074|106|||||5.500|0.00||||||||||||||||||||4390.09
F05Q10001683|201105|3801.67|0|075|105|||||5.500|0.00||||||||||||||||||||3801.67
F05Q10001683|201106|3210.55|0|076|104|||||5.500|0.00||||||||||||||||||||3210.55
F05Q10001683|201107|2616.73|0|077|103|||||5.500|0.00||||||||||||||||||||2616.73
F05Q10001683|201108|2020.18|0|078|102|||||5.500|0.00||||||||||||||||||||2020.18
F05Q10001683|201109|0.00|0|079|101|||01|201109|5.500|0.00|||||||||||||||2020.18|||||0.00
F05Q10001689|200502|72000.00|0|000|180|||||5.160|0.00||||||||||||||||||||72000.00
F05Q10001689|200503|72000.00|0|001|179|||||5.160|0.00||||||||||||||||||||72000.00
F05Q10001689|200504|71000.00|0|002|178|||||5.160|0.00||||||||||||||||||||71000.00
F05Q10001689|200505|71000.00|0|003|177|||||5.160|0.00||||||||||||||||||||71000.00
F05Q10001689|200506|71000.00|0|004|176|||||5.160|0.00||||||||||||||||||||71000.00
F05Q10001689|200507|71000.00|0|005|175|||||5.160|0.00||||||||||||||||||||71000.00
F05Q10001689|200508|70000.00|0|006|174|||||5.160|0.00||||||||||||||||||||70000.00
F05Q10001689|200509|70115.31|0|007|173|||||5.160|0.00||||||||||||||||||||70115.31
F05Q10001689|200510|69841.42|0|008|172|||||5.160|0.00||||||||||||||||||||69841.42
F05Q10001689|200511|69566.35|0|009|171|||||5.160|0.00||||||||||||||||||||69566.35
F05Q10001689|200512|69290.10|0|010|170|||||5.160|0.00||||||||||||||||||||69290.10
F05Q10001689|200601|69012.66|0|011|169|||||5.160|0.00||||||||||||||||||||69012.66
F05Q10001689|200602|68734.02|0|012|168|||||5.160|0.00||||||||||||||||||||68734.02
F05Q10001689|200603|68454.19|0|013|167|||||5.160|0.00||||||||||||||||||||68454.19
F05Q10001689|200604|68173.15|0|014|166|||||5.160|0.00||||||||||||||||||||68173.15
F05Q10001689|200605|67890.91|0|015|165|||||5.160|0.00||||||||||||||||||||67890.91
F05Q10001689|200606|67607.45|0|016|164|||||5.160|0.00||||||||||||||||||||67607.45
F05Q10001689|200607|67322.77|0|017|163|||||5.160|0.00||||||||||||||||||||67322.77
F05Q10001689|200608|67036.87|0|018|162|||||5.160|0.00||||||||||||||||||||67036.87
F05Q10001689|200609|66749.74|0|019|161|||||5.160|0.00||||||||||||||||||||66749.74
F05Q10001689|200610|66461.38|0|020|160|||||5.160|0.00||||||||||||||||||||66461.38
F05Q10001689|200611|66171.77|0|021|159|||||5.160|0.00||||||||||||||||||||66171.77
F05Q10001689|200612|65880.92|0|022|158|||||5.160|0.00||||||||||||||||||||65880.92
F05Q10001689|200701|65588.82|0|023|157|||||5.160|0.00||||||||||||||||||||65588.82
F05Q10001689|200702|65295.46|0|024|156|||||5.160|0.00||||||||||||||||||||65295.46
F05Q10001689|200703|65000.84|0|025|155|||||5.160|0.00||||||||||||||||||||65000.84
F05Q10001689|200704|64704.95|0|026|154|||||5.160|0.00||||||||||||||||||||64704.95
F05Q10001689|200705|64407.79|0|027|153|||||5.160|0.00||||||||||||||||||||64407.79
F05Q10001689|200706|64109.35|0|028|152|||||5.160|0.00||||||||||||||||||||64109.35
F05Q10001689|200707|63809.63|0|029|151|||||5.160|0.00||||||||||||||||||||63809.63
F05Q10001689|200708|63508.62|0|030|150|||||5.160|0.00||||||||||||||||||||63508.62
F05Q10001689|200709|63206.32|0|031|149|||||5.160|0.00||||||||||||||||||||63206.32
F05Q10001689|200710|62902.72|0|032|148|||||5.160|0.00||||||||||||||||||||62902.72
F05Q10001689|200711|62597.81|0|033|147|||||5.160|0.00||||||||||||||||||||62597.81
F05Q10001689|200712|62291.59|0|034|146|||||5.160|0.00||||||||||||||||||||62291.59
F05Q10001689|200801|61984.06|0|035|145|||||5.160|0.00||||||||||||||||||||61984.06
F05Q10001689|200802|61675.20|0|036|144|||||5.160|0.00||||||||||||||||||||61675.20
F05Q10001689|200803|61354.67|0|037|143|||||5.160|0.00||||||||||||||||||||61354.67
F05Q10001689|200804|61043.11|0|038|142|||||5.160|0.00||||||||||||||||||||61043.11
F05Q10001689|200805|60730.21|0|039|141|||||5.160|0.00||||||||||||||||||||60730.21
F05Q10001689|200806|60415.96|0|040|140|||||5.160|0.00||||||||||||||||||||60415.96
F05Q10001689|200807|60100.36|0|041|139|||||5.160|0.00||||||||||||||||||||60100.36
F05Q10001689|200808|59783.40|0|042|138|||||5.160|0.00||||||||||||||||||||59783.40
F05Q10001689|200809|59465.08|0|043|137|||||5.160|0.00||||||||||||||||||||59465.08
F05Q10001689|200810|59145.39|0|044|136|||||5.160|0.00||||||||||||||||||||59145.39
F05Q10001689|200811|58824.33|0|045|135|||||5.160|0.00||||||||||||||||||||58824.33
F05Q10001689|200812|58501.88|0|046|134|||||5.160|0.00||||||||||||||||||||58501.88
F05Q10001689|200901|58178.05|0|047|133|||||5.160|0.00||||||||||||||||||||58178.05
F05Q10001689|200902|57852.83|0|048|132|||||5.160|0.00||||||||||||||||||||57852.83
F05Q10001689|200903|57526.21|0|049|131|||||5.160|0.00||||||||||||||||||||57526.21
F05Q10001689|200904|57198.18|0|050|130|||||5.160|0.00||||||||||||||||||||57198.18
F05Q10001689|200905|56868.74|0|051|129|||||5.160|0.00||||||||||||||||||||56868.74
F05Q10001689|200906|56537.89|0|052|128|||||5.160|0.00||||||||||||||||||||56537.89
F05Q10001689|200907|56205.61|0|053|127|||||5.160|0.00||||||||||||||||||||56205.61
F05Q10001689|200908|55871.90|0|054|126|||||5.160|0.00||||||||||||||||||||55871.90
F05Q10001689|200909|55536.76|0|055|125|||||5.160|0.00||||||||||||||||||||55536.76
F05Q10001689|200910|55200.18|0|056|124|||||5.160|0.00||||||||||||||||||||55200.18
F05Q10001689|200911|54862.15|0|057|123|||||5.160|0.00||||||||||||||||||||54862.15
F05Q10001689|200912|54522.67|0|058|122|||||5.160|0.00||||||||||||||||||||54522.67
F05Q10001689|201001|54181.73|0|059|121|||||5.160|0.00||||||||||||||||||||54181.73
F05Q10001689|201002|53839.32|0|060|120|||||5.160|0.00||||||||||||||||||||53839.32
F05Q10001689|201003|53495.44|0|061|119|||||5.160|0.00||||||||||||||||||||53495.44
F05Q10001689|201004|53150.08|0|062|118|||||5.160|0.00||||||||||||||||||||53150.08
F05Q10001689|201005|52803.24|0|063|117|||||5.160|0.00||||||||||||||||||||52803.24
F05Q10001689|201006|52454.90|0|064|116|||||5.160|0.00||||||||||||||||||||52454.90
F05Q10001689|201007|52105.07|0|065|115|||||5.160|0.00||||||||||||||||||||52105.07
F05Q10001689|201008|51753.73|0|066|114|||||5.160|0.00||||||||||||||||||||51753.73
F05Q10001689|201009|51400.88|0|067|113|||||5.160|0.00||||||||||||||||||||51400.88
F05Q10001689|201010|51046.51|0|068|112|||||5.160|0.00||||||||||||||||||||51046.51
F05Q10001689|201011|50690.62|0|069|111|||||5.160|0.00||||||||||||||||||||50690.62
F05Q10001689|201012|50333.20|0|070|110|||||5.160|0.00||||||||||||||||||||50333.20
F05Q10001689|201101|49974.24|0|071|109|||||5.160|0.00||||||||||||||||||||49974.24
F05Q10001689|201102|49613.74|0|072|108|||||5.160|0.00||||||||||||||||||||49613.74
F05Q10001689|201103|49251.69|0|073|107|||||5.160|0.00||||||||||||||||||||49251.69
F05Q10001689|201104|48888.08|0|074|106|||||5.160|0.00||||||||||||||||||||48888.08
F05Q10001689|201105|48522.91|0|075|105|||||5.160|0.00||||||||||||||||||||48522.91
F05Q10001689|201106|48156.17|0|076|104|||||5.160|0.00||||||||||||||||||||48156.17
F05Q10001689|201107|47787.85|0|077|103|||||5.160|0.00||||||||||||||||||||47787.85
F05Q10001689|201108|47417.95|0|078|102|||||5.160|0.00||||||||||||||||||||47417.95
F05Q10001689|201109|47046.46|0|079|101|||||5.160|0.00||||||||||||||||||||47046.46
F05Q10001689|201110|46673.37|0|080|100|||||5.160|0.00||||||||||||||||||||46673.37
F05Q10001689|201111|46298.68|0|081|099|||||5.160|0.00||||||||||||||||||||46298.68
F05Q10001689|201112|45922.37|0|082|098|||||5.160|0.00||||||||||||||||||||45922.37
F05Q10001689|201201|45544.45|0|083|097|||||5.160|0.00||||||||||||||||||||45544.45
F05Q10001689|201202|45164.90|0|084|096|||||5.160|0.00||||||||||||||||||||45164.90
F05Q10001689|201203|44783.72|0|085|095|||||5.160|0.00||||||||||||||||||||44783.72
F05Q10001689|201204|44400.90|0|086|094|||||5.160|0.00||||||||||||||||||||44400.90
F05Q10001689|201205|44016.43|0|087|093|||||5.160|0.00||||||||||||||||||||44016.43
F05Q10001689|201206|43630.31|0|088|092|||||5.160|0.00||||||||||||||||||||43630.31
F05Q10001689|201207|43242.53|0|089|091|||||5.160|0.00||||||||||||||||||||43242.53
F05Q10001689|201208|42853.08|0|090|090|||||5.160|0.00||||||||||||||||||||42853.08
F05Q10001689|201209|42461.96|0|091|089|||||5.160|0.00||||||||||||||||||||42461.96
F05Q10001689|201210|42069.16|0|092|088|||||5.160|0.00||||||||||||||||||||42069.16
F05Q10001689|201211|41674.67|0|093|087|||||5.160|0.00||||||||||||||||||||41674.67
F05Q10001689|201212|41278.48|0|094|086|||||5.160|0.00||||||||||||||||||||41278.48
F05Q10001689|201301|40880.59|0|095|085|||||5.160|0.00||||||||||||||||||||40880.59
F05Q10001689|201302|40480.99|0|096|084|||||5.160|0.00||||||||||||||||||||40480.99
F05Q10001689|201303|40079.67|0|097|083|||||5.160|0.00||||||||||||||||||||40079.67
F05Q10001689|201304|39676.62|0|098|082|||||5.160|0.00||||||||||||||||||||39676.62
F05Q10001689|201305|39271.84|0|099|081|||||5.160|0.00||||||||||||||||||||39271.84
F05Q10001689|201306|38865.32|0|100|080|||||5.160|0.00||||||||||||||||||||38865.32
F05Q10001689|201307|38457.05|0|101|079|||||5.160|0.00||||||||||||||||||||38457.05
F05Q10001689|201308|38047.03|0|102|078|||||5.160|0.00||||||||||||||||||||38047.03
F05Q10001689|201309|37635.24|0|103|077|||||5.160|0.00||||||||||||||||||||37635.24
F05Q10001689|201310|37221.68|0|104|076|||||5.160|0.00||||||||||||||||||||37221.68
F05Q10001689|201311|36806.34|0|105|075|||||5.160|0.00||||||||||||||||||||36806.34
F05Q10001689|201312|36389.22|0|106|074|||||5.160|0.00||||||||||||||||||||36389.22
F05Q10001689|201401|35970.30|0|107|073|||||5.160|0.00||||||||||||||||||||35970.30
F05Q10001689|201402|35549.58|0|108|072|||||5.160|0.00||||||||||||||||||||35549.58
F05Q10001689|201403|35127.05|0|109|071|||||5.160|0.00||||||||||||||||||||35127.05
F05Q10001689|201404|34702.71|0|110|070|||||5.160|0.00||||||||||||||||||||34702.71
F05Q10001689|201405|34276.54|0|111|069|||||5.160|0.00||||||||||||||||||||34276.54
F05Q10001689|201406|33848.54|0|112|068|||||5.160|0.00||||||||||||||||||||33848.54
F05Q10001689|201407|33418.70|0|113|067|||||5.160|0.00||||||||||||||||||||33418.70
F05Q10001689|201408|32987.01|0|114|066|||||5.160|0.00||||||||||||||||||||32987.01
F05Q10001689|201409|32553.46|0|115|065|||||5.160|0.00||||||||||||||||||||32553.46
F05Q10001689|201410|32118.05|0|116|064|||||5.160|0.00||||||||||||||||||||32118.05
F05Q10001689|201411|31680.77|0|117|063|||||5.160|0.00||||||||||||||||||||31680.77
F05Q10001689|201412|31241.61|0|118|062|||||5.160|0.00||||||||||||||||||||31241.61
F05Q10001689|201501|30800.56|0|119|061|||||5.160|0.00||||||||||||||||||||30800.56
F05Q10001689|201502|30357.61|0|120|060|||||5.160|0.00||||||||||||||||||||30357.61
F05Q10001689|201503|29912.76|0|121|059|||||5.160|0.00||||||||||||||||||||29912.76
F05Q10001689|201504|29465.99|0|122|058|||||5.160|0.00||||||||||||||||||||29465.99
F05Q10001689|201505|29017.30|0|123|057|||||5.160|0.00||||||||||||||||||||29017.30
F05Q10001689|201506|28566.68|0|124|056|||||5.160|0.00||||||||||||||||||||28566.68
F05Q10001689|201507|28114.13|0|125|055|||||5.160|0.00||||||||||||||||||||28114.13
F05Q10001689|201508|27659.63|0|126|054|||||5.160|0.00||||||||||||||||||||27659.63
F05Q10001689|201509|27203.18|0|127|053|||||5.160|0.00||||||||||||||||||||27203.18
F05Q10001689|201510|26744.76|0|128|052|||||5.160|0.00||||||||||||||||||||26744.76
F05Q10001689|201511|26284.37|0|129|051|||||5.160|0.00||||||||||||||||||||26284.37
F05Q10001689|201512|25822.00|0|130|050|||||5.160|0.00||||||||||||||||||||25822.00
F05Q10001689|201601|25357.64|0|131|049|||||5.160|0.00||||||||||||||||||||25357.64
F05Q10001689|201602|24891.29|0|132|048|||||5.160|0.00||||||||||||||||||||24891.29
F05Q10001689|201603|24422.93|0|133|047|||||5.160|0.00||||||||||||||||||||24422.93
F05Q10001689|201604|23952.56|0|134|046|||||5.160|0.00||||||||||||||||||||23952.56
F05Q10001689|201605|23480.17|0|135|045|||||5.160|0.00||||||||||||||||||||23480.17
F05Q10001689|201606|23005.74|0|136|044|||||5.160|0.00||||||||||||||||||||23005.74
F05Q10001689|201607|22529.27|0|137|043|||||5.160|0.00||||||||||||||||||||22529.27
F05Q10001689|201608|22050.76|0|138|042|||||5.160|0.00||||||||||||||||||||22050.76
F05Q10001689|201609|21570.19|0|139|041|||||5.160|0.00||||||||||||||||||||21570.19
F05Q10001689|201610|21087.55|0|140|040|||||5.160|0.00||||||||||||||||||||21087.55
F05Q10001689|201611|20602.84|0|141|039|||||5.160|0.00||||||||||||||||||||20602.84
F05Q10001689|201612|20116.04|0|142|038|||||5.160|0.00||||||||||||||||||||20116.04
F05Q10001689|201701|19627.15|0|143|037|||||5.160|0.00||||||||||||||||||||19627.15
F05Q10001689|201702|19136.16|0|144|036|||||5.160|0.00||||||||||||||||||||19136.16
F05Q10001689|201703|18643.06|0|145|035|||||5.160|0.00||||||||||||||||||||18643.06
F05Q10001689|201704|18147.84|0|146|034|||||5.160|0.00||||||||||||||999||||||18147.84
F05Q10001689|201705|17650.49|0|147|033|||||5.160|0.00||||||||||||||999||||||17650.49
F05Q10001689|201706|17151.00|0|148|032|||||5.160|0.00||||||||||||||999||||||17151.00
F05Q10001689|201707|16649.36|0|149|031|||||5.160|0.00||||||||||||||999||||||16649.36
F05Q10001689|201708|16145.56|0|150|030|||||5.160|0.00||||||||||||||999||||||16145.56
F05Q10001689|201709|15639.60|0|151|029|||||5.160|0.00||||||||||||||999||||||15639.60
F05Q10001689|201710|15131.46|0|152|028|||||5.160|0.00||||||||||||||999||||||15131.46
F05Q10001689|201711|14621.14|0|153|027|||||5.160|0.00||||||||||||||999||||||14621.14
F05Q10001689|201712|14108.62|0|154|026|||||5.160|0.00||||||||||||||999||||||14108.62
F05Q10001689|201801|13593.90|0|155|025|||||5.160|0.00||||||||||||||999||||||13593.90
F05Q10001689|201802|13076.96|0|156|024|||||5.160|0.00||||||||||||||999||||||13076.96
F05Q10001689|201803|12557.80|0|157|023|||||5.160|0.00||||||||||||||999||||||12557.80
F05Q10001689|201804|12036.41|0|158|022|||||5.160|0.00||||||||||||||999||||||12036.41
F05Q10001689|201805|11512.78|0|159|021|||||5.160|0.00||||||||||||||999||||||11512.78
F05Q10001689|201806|10986.89|0|160|020|||||5.160|0.00||||||||||||||999||||||10986.89
F05Q10001689|201807|10458.74|0|161|019|||||5.160|0.00||||||||||||||999||||||10458.74
F05Q10001689|201808|9928.32|0|162|018|||||5.160|0.00||||||||||||||999||||||9928.32
F05Q10001689|201809|9395.62|0|163|017|||||5.160|0.00||||||||||||||999||||||9395.62
F05Q10001689|201810|8860.63|0|164|016|||||5.160|0.00||||||||||||||999||||||8860.63
F05Q10001689|201811|8323.34|0|165|015|||||5.160|0.00||||||||||||||999||||||8323.34
F05Q10001689|201812|7783.74|0|166|014|||||5.160|0.00||||||||||||||999||||||7783.74
F05Q10001689|201901|7241.82|0|167|013|||||5.160|0.00||||||||||||||999||||||7241.82
F05Q10001689|201902|6697.57|0|168|012|||||5.160|0.00||||||||||||||999||||||6697.57
F05Q10001689|201903|6150.98|0|169|011|||||5.160|0.00||||||||||||||999||||||6150.98
F05Q10001689|201904|5602.04|0|170|010|||||5.160|0.00||||||||||||||999||||||5602.04
F05Q10001689|201905|3846.45|0|171|009|||||5.160|0.00||||||||||||||999||||||3846.45
F05Q10001689|201906|3846.45|0|172|008|||||5.160|0.00||||||||||||||999||||||3846.45
F05Q10001689|201907|0.00|0|173|007|||01|201907|5.160|0.00|201906|||||||||||||999|3846.45|||||0.00
F05Q10001722|200502|80000.00|0|000|360|||||5.875|0.00||||||||||||||||||||80000.00
F05Q10001722|200503|80000.00|0|001|359|||||5.875|0.00||||||||||||||||||||80000.00
F05Q10001722|200504|80000.00|0|002|358|||||5.875|0.00||||||||||||||||||||80000.00
F05Q10001722|200505|80000.00|0|003|357|||||5.875|0.00||||||||||||||||||||80000.00
F05Q10001722|200506|80000.00|0|004|356|||||5.875|0.00||||||||||||||||||||80000.00
F05Q10001722|200507|80000.00|0|005|355|||||5.875|0.00||||||||||||||||||||80000.00
F05Q10001722|200508|80000.00|0|006|354|||||5.875|0.00||||||||||||||||||||80000.00
F05Q10001722|200509|79420.61|0|007|353|||||5.875|0.00||||||||||||||||||||79420.61
F05Q10001722|200510|79336.21|0|008|352|||||5.875|0.00||||||||||||||||||||79336.21
F05Q10001722|200511|79251.40|0|009|351|||||5.875|0.00||||||||||||||||||||79251.40
F05Q10001722|200512|79166.17|0|010|350|||||5.875|0.00||||||||||||||||||||79166.17
F05Q10001722|200601|79080.52|0|011|349|||||5.875|0.00||||||||||||||||||||79080.52
F05Q10001722|200602|78994.46|0|012|348|||||5.875|0.00||||||||||||||||||||78994.46
F05Q10001722|200603|78907.97|0|013|347|||||5.875|0.00||||||||||||||||||||78907.97
F05Q10001722|200604|78821.06|0|014|346|||||5.875|0.00||||||||||||||||||||78821.06
F05Q10001722|200605|78733.72|0|015|345|||||5.875|0.00||||||||||||||||||||78733.72
F05Q10001722|200606|78645.96|0|016|344|||||5.875|0.00||||||||||||||||||||78645.96
F05Q10001722|200607|78557.77|0|017|343|||||5.875|0.00||||||||||||||||||||78557.77
F05Q10001722|200608|78469.15|0|018|342|||||5.875|0.00||||||||||||||||||||78469.15
F05Q10001722|200609|78380.09|0|019|341|||||5.875|0.00||||||||||||||||||||78380.09
F05Q10001722|200610|78290.60|0|020|340|||||5.875|0.00||||||||||||||||||||78290.60
F05Q10001722|200611|78200.67|0|021|339|||||5.875|0.00||||||||||||||||||||78200.67
F05Q10001722|200612|78110.30|0|022|338|||||5.875|0.00||||||||||||||||||||78110.30
F05Q10001722|200701|78019.49|0|023|337|||||5.875|0.00||||||||||||||||||||78019.49
F05Q10001722|200702|77928.23|0|024|336|||||5.875|0.00||||||||||||||||||||77928.23
F05Q10001722|200703|77836.52|0|025|335|||||5.875|0.00||||||||||||||||||||77836.52
F05Q10001722|200704|77744.36|0|026|334|||||5.875|0.00||||||||||||||||||||77744.36
F05Q10001722|200705|77651.75|0|027|333|||||5.875|0.00||||||||||||||||||||77651.75
F05Q10001722|200706|77558.69|0|028|332|||||5.875|0.00||||||||||||||||||||77558.69
F05Q10001722|200707|77465.17|0|029|331|||||5.875|0.00||||||||||||||||||||77465.17
F05Q10001722|200708|77371.20|0|030|330|||||5.875|0.00||||||||||||||||||||77371.20
F05Q10001722|200709|77276.77|0|031|329|||||5.875|0.00||||||||||||||||||||77276.77
F05Q10001722|200710|77181.87|0|032|328|||||5.875|0.00||||||||||||||||||||77181.87
F05Q10001722|200711|77086.51|0|033|327|||||5.875|0.00||||||||||||||||||||77086.51
F05Q10001722|200712|76990.68|0|034|326|||||5.875|0.00||||||||||||||||||||76990.68
F05Q10001722|200801|76894.38|0|035|325|||||5.875|0.00||||||||||||||||||||76894.38
F05Q10001722|200802|76797.61|0|036|324|||||5.875|0.00||||||||||||||||||||76797.61
F05Q10001722|200803|76700.37|0|037|323|||||5.875|0.00||||||||||||||||||||76700.37
F05Q10001722|200804|76602.65|0|038|322|||||5.875|0.00||||||||||||||||||||76602.65
F05Q10001722|200805|76504.45|0|039|321|||||5.875|0.00||||||||||||||||||||76504.45
F05Q10001722|200806|76405.77|0|040|320|||||5.875|0.00||||||||||||||||||||76405.77
F05Q10001722|200807|76306.61|0|041|319|||||5.875|0.00||||||||||||||||||||76306.61
F05Q10001722|200808|0.00|0|042|318|||01|200808|5.875|0.00|||||||||||||||76306.61|||||0.00
F05Q10001778|200502|48000.00|0|000|360|||||6.000|0.00||||||||||||||||||||48000.00
F05Q10001778|200503|47000.00|0|001|359|||||6.000|0.00||||||||||||||||||||47000.00
F05Q10001778|200504|47000.00|0|002|358|||||6.000|0.00||||||||||||||||||||47000.00
F05Q10001778|200505|47000.00|0|003|357|||||6.000|0.00||||||||||||||||||||47000.00
F05Q10001778|200506|47000.00|0|004|356|||||6.000|0.00||||||||||||||||||||47000.00
F05Q10001778|200507|47000.00|0|005|355|||||6.000|0.00||||||||||||||||||||47000.00
F05Q10001778|200508|47000.00|0|006|354|||||6.000|0.00||||||||||||||||||||47000.00
F05Q10001778|200509|47163.97|0|007|353|||||6.000|0.00||||||||||||||||||||47163.97
F05Q10001778|200510|47115.00|0|008|352|||||6.000|0.00||||||||||||||||||||47115.00
F05Q10001778|200511|47065.79|0|009|351|||||6.000|0.00||||||||||||||||||||47065.79
F05Q10001778|200512|47016.33|0|010|350|||||6.000|0.00||||||||||||||||||||47016.33
F05Q10001778|200601|46966.62|0|011|349|||||6.000|0.00||||||||||||||||||||46966.62
F05Q10001778|200602|46916.66|0|012|348|||||6.000|0.00||||||||||||||||||||46916.66
F05Q10001778|200603|46866.45|0|013|347|||||6.000|0.00||||||||||||||||||||46866.45
F05Q10001778|200604|46815.99|0|014|346|||||6.000|0.00||||||||||||||||||||46815.99
F05Q10001778|200605|46765.28|0|015|345|||||6.000|0.00||||||||||||||||||||46765.28
F05Q10001778|200606|46714.32|0|016|344|||||6.000|0.00||||||||||||||||||||46714.32
F05Q10001778|200607|46663.10|0|017|343|||||6.000|0.00||||||||||||||||||||46663.10
F05Q10001778|200608|46611.63|0|018|342|||||6.000|0.00||||||||||||||||||||46611.63
F05Q10001778|200609|46559.90|0|019|341|||||6.000|0.00||||||||||||||||||||46559.90
F05Q10001778|200610|46507.91|0|020|340|||||6.000|0.00||||||||||||||||||||46507.91
F05Q10001778|200611|46455.66|0|021|339|||||6.000|0.00||||||||||||||||||||46455.66
F05Q10001778|200612|46455.66|0|022|338|||||6.000|0.00||||||||||||||||||||46455.66
F05Q10001778|200701|46350.38|0|023|337|||||6.000|0.00||||||||||||||||||||46350.38
F05Q10001778|200702|46297.34|0|024|336|||||6.000|0.00||||||||||||||||||||46297.34
F05Q10001778|200703|46244.04|0|025|335|||||6.000|0.00||||||||||||||||||||46244.04
F05Q10001778|200704|46190.47|0|026|334|||||6.000|0.00||||||||||||||||||||46190.47
F05Q10001778|200705|46136.63|0|027|333|||||6.000|0.00||||||||||||||||||||46136.63
F05Q10001778|200706|46082.52|0|028|332|||||6.000|0.00||||||||||||||||||||46082.52
F05Q10001778|200707|46028.14|0|029|331|||||6.000|0.00||||||||||||||||||||46028.14
F05Q10001778|200708|46028.14|1|030|330|||||6.000|0.00||||||||||||||||||||46028.14
F05Q10001778|200709|45973.49|0|031|329|||||6.000|0.00||||||||||||||||||||45973.49
F05Q10001778|200710|45863.37|0|032|328|||||6.000|0.00||||||||||||||||||||45863.37
F05Q10001778|200711|45807.90|0|033|327|||||6.000|0.00||||||||||||||||||||45807.90
F05Q10001778|200712|45752.15|0|034|326|||||6.000|0.00||||||||||||||||||||45752.15
F05Q10001778|200801|45696.12|0|035|325|||||6.000|0.00||||||||||||||||||||45696.12
F05Q10001778|200802|45639.81|0|036|324|||||6.000|0.00||||||||||||||||||||45639.81
F05Q10001778|200803|45583.22|0|037|323|||||6.000|0.00||||||||||||||||||||45583.22
F05Q10001778|200804|45409.99|0|038|322|||||6.000|0.00||||||||||||||||||||45409.99
F05Q10001778|200805|45352.25|0|039|321|||||6.000|0.00||||||||||||||||||||45352.25
F05Q10001778|200806|45294.22|0|040|320|||||6.000|0.00||||||||||||||||||||45294.22
F05Q10001778|200807|45235.90|0|041|319|||||6.000|0.00||||||||||||||||||||45235.90
F05Q10001778|200808|45177.29|0|042|318|||||6.000|0.00||||||||||||||||||||45177.29
F05Q10001778|200809|45118.39|0|043|317|||||6.000|0.00||||||||||||||||||||45118.39
F05Q10001778|200810|45059.19|0|044|316|||||6.000|0.00||||||||||||||||||||45059.19
F05Q10001778|200811|44999.70|0|045|315|||||6.000|0.00||||||||||||||||||||44999.70
F05Q10001778|200812|44779.82|0|046|314|||||6.000|0.00||||||||||||||||||||44779.82
F05Q10001778|200901|44618.93|0|047|313|||||6.000|0.00||||||||||||||||||||44618.93
F05Q10001778|200902|44557.23|0|048|312|||||6.000|0.00||||||||||||||||||||44557.23
F05Q10001778|200903|44495.23|0|049|311|||||6.000|0.00||||||||||||||||||||44495.23
F05Q10001778|200904|44370.29|0|050|310|||||6.000|0.00||||||||||||||||||||44370.29
F05Q10001778|200905|44307.35|0|051|309|||||6.000|0.00||||||||||||||||||||44307.35
F05Q10001778|200906|43940.45|0|052|308|||||6.000|0.00||||||||||||||||||||43940.45
F05Q10001778|200907|43773.94|0|053|307|||||6.000|0.00||||||||||||||||||||43773.94
F05Q10001778|200908|43773.94|0|054|306|||||6.000|0.00||||||||||||||||||||43773.94
F05Q10001778|200909|43606.60|0|055|305|||||6.000|0.00||||||||||||||||||||43606.60
F05Q10001778|200910|43539.84|0|056|304|||||6.000|0.00||||||||||||||||||||43539.84
F05Q10001778|200911|43355.18|0|057|303|||||6.000|0.00||||||||||||||||||||43355.18
F05Q10001778|200912|43355.18|0|058|302|||||6.000|0.00||||||||||||||||||||43355.18
F05Q10001778|201001|43287.17|0|059|301|||||6.000|0.00||||||||||||||||||||43287.17
F05Q10001778|201002|43218.82|0|060|300|||||6.000|0.00||||||||||||||||||||43218.82
F05Q10001778|201003|43150.12|0|061|299|||||6.000|0.00||||||||||||||||||||43150.12
F05Q10001778|201004|43081.08|0|062|298|||||6.000|0.00||||||||||||||||||||43081.08
F05Q10001778|201005|43011.70|0|063|297|||||6.000|0.00||||||||||||||||||||43011.70
F05Q10001778|201006|42941.97|0|064|296|||||6.000|0.00||||||||||||||||||||42941.97
F05Q10001778|201007|42871.89|0|065|295|||||6.000|0.00||||||||||||||||||||42871.89
F05Q10001778|201008|42746.46|0|066|294|||||6.000|0.00||||||||||||||||||||42746.46
F05Q10001778|201009|42675.40|0|067|293|||||6.000|0.00||||||||||||||||||||42675.40
F05Q10001778|201010|42603.99|0|068|292|||||6.000|0.00||||||||||||||||||||42603.99
F05Q10001778|201011|42532.22|0|069|291|||||6.000|0.00||||||||||||||||||||42532.22
F05Q10001778|201012|42460.09|0|070|290|||||6.000|0.00||||||||||||||||||||42460.09
F05Q10001778|201101|42357.60|0|071|289|||||6.000|0.00||||||||||||||||||||42357.60
F05Q10001778|201102|42254.59|0|072|288|||||6.000|0.00||||||||||||||||||||42254.59
F05Q10001778|201103|42151.04|0|073|287|||||6.000|0.00||||||||||||||||||||42151.04
F05Q10001778|201104|42077.01|0|074|286|||||6.000|0.00||||||||||||||||||||42077.01
F05Q10001778|201105|42002.61|0|075|285|||||6.000|0.00||||||||||||||||||||42002.61
F05Q10001778|201106|41897.83|0|076|284|||||6.000|0.00||||||||||||||||||||41897.83
F05Q10001778|201107|41782.50|0|077|283|||||6.000|0.00||||||||||||||||||||41782.50
F05Q10001778|201108|41638.62|0|078|282|||||6.000|0.00||||||||||||||||||||41638.62
F05Q10001778|201109|41494.05|0|079|281|||||6.000|0.00||||||||||||||||||||41494.05
F05Q10001778|201110|41248.93|0|080|280|||||6.000|0.00||||||||||||||||||||41248.93
F05Q10001778|201111|41012.26|0|081|279|||||6.000|0.00||||||||||||||||||||41012.26
F05Q10001778|201112|40874.56|0|082|278|||||6.000|0.00||||||||||||||||||||40874.56
F05Q10001778|201201|40635.93|0|083|277|||||6.000|0.00||||||||||||||||||||40635.93
F05Q10001778|201202|40454.25|0|084|276|||||6.000|0.00||||||||||||||||||||40454.25
F05Q10001778|201203|40029.70|0|085|275|||||6.000|0.00||||||||||||||||||||40029.70
F05Q10001778|201204|40029.70|0|086|274|||||6.000|0.00||||||||||||||||||||40029.70
F05Q10001778|201205|39444.64|0|087|273|||||6.000|0.00||||||||||||||||||||39444.64
F05Q10001778|201206|38620.55|0|088|272|||||6.000|0.00||||||||||||||||||||38620.55
F05Q10001778|201207|38288.14|0|089|271|||||6.000|0.00||||||||||||||||||||38288.14
F05Q10001778|201208|38288.14|0|090|270|||||6.000|0.00||||||||||||||||||||38288.14
F05Q10001778|201209|37906.08|0|091|269|||||6.000|0.00||||||||||||||||||||37906.08
F05Q10001778|201210|37219.89|0|092|268|||||6.000|0.00||||||||||||||||||||37219.89
F05Q10001778|201211|37219.89|0|093|267|||||6.000|0.00||||||||||||||||||||37219.89
F05Q10001778|201212|36901.01|0|094|266|||||6.000|0.00||||||||||||||||||||36901.01
F05Q10001778|201301|35996.25|0|095|265|||||6.000|0.00||||||||||||||||||||35996.25
F05Q10001778|201302|35391.44|0|096|264|||||6.000|0.00||||||||||||||||||||35391.44
F05Q10001778|201303|34891.71|0|097|263|||||6.000|0.00||||||||||||||||||||34891.71
F05Q10001778|201304|33885.42|0|098|262|||||6.000|0.00||||||||||||||||||||33885.42
F05Q10001778|201305|33885.42|0|099|261|||||6.000|0.00||||||||||||||||||||33885.42
F05Q10001778|201306|33369.19|0|100|260|||||6.000|0.00||||||||||||||||||||33369.19
F05Q10001778|201307|32881.50|0|101|259|||||6.000|0.00||||||||||||||||||||32881.50
F05Q10001778|201308|31877.20|0|102|258|||||6.000|0.00||||||||||||||||||||31877.20
F05Q10001778|201309|30873.42|0|103|257|||||6.000|0.00||||||||||||||||||||30873.42
F05Q10001778|201310|29869.29|0|104|256|||||6.000|0.00||||||||||||||||||||29869.29
F05Q10001778|201311|28568.92|0|105|255|||||6.000|0.00||||||||||||||||||||28568.92
F05Q10001778|201312|28568.92|0|106|254|||||6.000|0.00||||||||||||||||||||28568.92
F05Q10001778|201401|28382.18|0|107|253|||||6.000|0.00||||||||||||||||||||28382.18
F05Q10001778|201402|28096.41|0|108|252|||||6.000|0.00||||||||||||||||||||28096.41
F05Q10001778|201403|27807.60|0|109|251|||||6.000|0.00||||||||||||||||||||27807.60
F05Q10001778|201404|27371.84|0|110|250|||||6.000|0.00||||||||||||||||||||27371.84
F05Q10001778|201405|0.00|0|111|249|||01|201405|6.000|0.00|||||||||||||||27371.84|||||0.00
F05Q10001780|200502|41000.00|0|000|360|||||6.125|0.00||||||||||||||||||||41000.00
F05Q10001780|200503|41000.00|0|001|359|||||6.125|0.00||||||||||||||||||||41000.00
F05Q10001780|200504|41000.00|0|002|358|||||6.125|0.00||||||||||||||||||||41000.00
F05Q10001780|200505|41000.00|0|003|357|||||6.125|0.00||||||||||||||||||||41000.00
F05Q10001780|200506|41000.00|0|004|356|||||6.125|0.00||||||||||||||||||||41000.00
F05Q10001780|200507|41000.00|0|005|355|||||6.125|0.00||||||||||||||||||||41000.00
F05Q10001780|200508|40000.00|0|006|354|||||6.125|0.00||||||||||||||||||||40000.00
F05Q10001780|200509|40287.42|0|007|353|||||6.125|0.00||||||||||||||||||||40287.42
F05Q10001780|200510|40215.42|0|008|352|||||6.125|0.00||||||||||||||||||||40215.42
F05Q10001780|200511|40054.23|0|009|351|||||6.125|0.00||||||||||||||||||||40054.23
F05Q10001780|200512|40054.23|0|010|350|||||6.125|0.00||||||||||||||||||||40054.23
F05Q10001780|200601|39981.76|0|011|349|||||6.125|0.00||||||||||||||||||||39981.76
F05Q10001780|200602|39981.76|0|012|348|||||6.125|0.00||||||||||||||||||||39981.76
F05Q10001780|200603|39908.20|1|013|347|||||6.125|0.00||||||||||||||||||||39908.20
F05Q10001780|200604|39864.27|0|014|346|||||6.125|0.00||||||||||||||||||||39864.27
F05Q10001780|200605|39703.13|0|015|345|||||6.125|0.00||||||||||||||||||||39703.13
F05Q10001780|200606|39628.15|0|016|344|||||6.125|0.00||||||||||||||||||||39628.15
F05Q10001780|200607|39562.79|0|017|343|||||6.125|0.00||||||||||||||||||||39562.79
F05Q10001780|200608|39562.79|1|018|342|||||6.125|0.00||||||||||||||||||||39562.79
F05Q10001780|200609|39418.79|0|019|341|||||6.125|0.00||||||||||||||||||||39418.79
F05Q10001780|200610|39342.36|0|020|340|||||6.125|0.00||||||||||||||||||||39342.36
F05Q10001780|200611|39188.33|0|021|339|||||6.125|0.00||||||||||||||||||||39188.33
F05Q10001780|200612|39188.33|0|022|338|||||6.125|0.00||||||||||||||||||||39188.33
F05Q10001780|200701|39120.72|0|023|337|||||6.125|0.00||||||||||||||||||||39120.72
F05Q10001780|200702|39052.77|0|024|336|||||6.125|0.00||||||||||||||||||||39052.77
F05Q10001780|200703|38984.47|0|025|335|||||6.125|0.00||||||||||||||||||||38984.47
F05Q10001780|200704|38915.82|0|026|334|||||6.125|0.00||||||||||||||||||||38915.82
F05Q10001780|200705|38846.82|0|027|333|||||6.125|0.00||||||||||||||||||||38846.82
F05Q10001780|200706|38846.82|0|028|332|||||6.125|0.00||||||||||||||||||||38846.82
F05Q10001780|200707|38787.47|0|029|331|||||6.125|0.00||||||||||||||||||||38787.47
F05Q10001780|200708|38717.82|0|030|330|||||6.125|0.00||||||||||||||||||||38717.82
F05Q10001780|200709|38597.50|0|031|329|||||6.125|0.00||||||||||||||||||||38597.50
F05Q10001780|200710|38526.88|0|032|328|||||6.125|0.00||||||||||||||||||||38526.88
F05Q10001780|200711|38526.88|0|033|327|||||6.125|0.00||||||||||||||||||||38526.88
F05Q10001780|200712|38453.52|0|034|326|||||6.125|0.00||||||||||||||||||||38453.52
F05Q10001780|200801|38330.49|0|035|325|||||6.125|0.00||||||||||||||||||||38330.49
F05Q10001780|200802|38228.51|0|036|324|||||6.125|0.00||||||||||||||||||||38228.51
F05Q10001780|200803|38155.52|0|037|323|||||6.125|0.00||||||||||||||||||||38155.52
F05Q10001780|200804|38082.64|0|038|322|||||6.125|0.00||||||||||||||||||||38082.64
F05Q10001780|200805|38006.91|0|039|321|||||6.125|0.00||||||||||||||||||||38006.91
F05Q10001780|200806|37933.27|0|040|320|||||6.125|0.00||||||||||||||||||||37933.27
F05Q10001780|200807|37856.78|0|041|319|||||6.125|0.00||||||||||||||||||||37856.78
F05Q10001780|200808|37779.90|0|042|318|||||6.125|0.00||||||||||||||||||||37779.90
F05Q10001780|200809|37702.62|0|043|317|||||6.125|0.00||||||||||||||||||||37702.62
F05Q10001780|200810|37624.95|0|044|316|||||6.125|0.00||||||||||||||||||||37624.95
F05Q10001780|200811|37624.95|0|045|315|||||6.125|0.00||||||||||||||||||||37624.95
F05Q10001780|200812|37566.88|0|046|314|||||6.125|0.00||||||||||||||||||||37566.88
F05Q10001780|200901|37434.58|0|047|313|||||6.125|0.00||||||||||||||||||||37434.58
F05Q10001780|200902|37434.58|0|048|312|||||6.125|0.00||||||||||||||||||||37434.58
F05Q10001780|200903|37298.11|0|049|311|||||6.125|0.00||||||||||||||||||||37298.11
F05Q10001780|200904|37298.11|0|050|310|||||6.125|0.00||||||||||||||||||||37298.11
F05Q10001780|200905|37240.75|0|051|309|||||6.125|0.00||||||||||||||||||||37240.75
F05Q10001780|200906|37160.71|0|052|308|||||6.125|0.00||||||||||||||||||||37160.71
F05Q10001780|200907|37023.73|0|053|307|||||6.125|0.00||||||||||||||||||||37023.73
F05Q10001780|200908|36952.59|0|054|306|||||6.125|0.00||||||||||||||||||||36952.59
F05Q10001780|200909|36880.57|0|055|305|||||6.125|0.00||||||||||||||||||||36880.57
F05Q10001780|200910|36810.69|0|056|304|||||6.125|0.00||||||||||||||||||||36810.69
F05Q10001780|200911|36740.48|0|057|303|||||6.125|0.00||||||||||||||||||||36740.48
F05Q10001780|200912|36598.37|0|058|302|||||6.125|0.00||||||||||||||||||||36598.37
F05Q10001780|201001|36526.49|0|059|301|||||6.125|0.00||||||||||||||||||||36526.49
F05Q10001780|201002|36526.49|0|060|300|||||6.125|0.00||||||||||||||||||||36526.49
F05Q10001780|201003|36454.27|0|061|299|||||6.125|0.00||||||||||||||||||||36454.27
F05Q10001780|201004|36392.22|0|062|298|||||6.125|0.00||||||||||||||||||||36392.22
F05Q10001780|201005|36329.85|0|063|297|||||6.125|0.00||||||||||||||||||||36329.85
F05Q10001780|201006|36257.65|0|064|296|||||6.125|0.00||||||||||||||||||||36257.65
F05Q10001780|201007|36184.60|0|065|295|||||6.125|0.00||||||||||||||||||||36184.60
F05Q10001780|201008|36111.19|0|066|294|||||6.125|0.00||||||||||||||||||||36111.19
F05Q10001780|201009|36037.39|0|067|293|||||6.125|0.00||||||||||||||||||||36037.39
F05Q10001780|201010|35865.31|0|068|292|||||6.125|0.00||||||||||||||||||||35865.31
F05Q10001780|201011|35865.31|0|069|291|||||6.125|0.00||||||||||||||||||||35865.31
F05Q10001780|201012|35778.66|0|070|290|||||6.125|0.00||||||||||||||||||||35778.66
F05Q10001780|201101|35691.58|0|071|289|||||6.125|0.00||||||||||||||||||||35691.58
F05Q10001780|201102|35604.07|0|072|288|||||6.125|0.00||||||||||||||||||||35604.07
F05Q10001780|201103|35516.10|0|073|287|||||6.125|0.00||||||||||||||||||||35516.10
F05Q10001780|201104|35427.68|0|074|286|||||6.125|0.00||||||||||||||||||||35427.68
F05Q10001780|201105|35338.82|0|075|285|||||6.125|0.00||||||||||||||||||||35338.82
F05Q10001780|201106|35249.50|0|076|284|||||6.125|0.00||||||||||||||||||||35249.50
F05Q10001780|201107|35159.74|0|077|283|||||6.125|0.00||||||||||||||||||||35159.74
F05Q10001780|201108|35089.50|0|078|282|||||6.125|0.00||||||||||||||||||||35089.50
F05Q10001780|201109|35018.89|0|079|281|||||6.125|0.00||||||||||||||||||||35018.89
F05Q10001780|201110|34946.83|0|080|280|||||6.125|0.00||||||||||||||||||||34946.83
F05Q10001780|201111|34877.57|0|081|279|||||6.125|0.00||||||||||||||||||||34877.57
F05Q10001780|201112|34804.78|0|082|278|||||6.125|0.00||||||||||||||||||||34804.78
F05Q10001780|201201|34731.62|0|083|277|||||6.125|0.00||||||||||||||||||||34731.62
F05Q10001780|201202|34648.09|0|084|276|||||6.125|0.00||||||||||||||||||||34648.09
F05Q10001780|201203|34574.13|0|085|275|||||6.125|0.00||||||||||||||||||||34574.13
F05Q10001780|201204|34499.79|0|086|274|||||6.125|0.00||||||||||||||||||||34499.79
F05Q10001780|201205|34425.07|0|087|273|||||6.125|0.00||||||||||||||||||||34425.07
F05Q10001780|201206|34349.98|0|088|272|||||6.125|0.00||||||||||||||||||||34349.98
F05Q10001780|201207|34277.68|0|089|271|||||6.125|0.00||||||||||||||||||||34277.68
F05Q10001780|201208|34201.83|0|090|270|||||6.125|0.00||||||||||||||||||||34201.83
F05Q10001780|201209|34125.59|0|091|269|||||6.125|0.00||||||||||||||||||||34125.59
F05Q10001780|201210|34051.63|0|092|268|||||6.125|0.00||||||||||||||||||||34051.63
F05Q10001780|201211|33977.28|0|093|267|||||6.125|0.00||||||||||||||||||||33977.28
F05Q10001780|201212|33902.55|0|094|266|||||6.125|0.00||||||||||||||||||||33902.55
F05Q10001780|201301|33827.45|0|095|265|||||6.125|0.00||||||||||||||||||||33827.45
F05Q10001780|201302|33751.96|0|096|264|||||6.125|0.00||||||||||||||||||||33751.96
F05Q10001780|201303|33676.09|0|097|263|||||6.125|0.00||||||||||||||||||||33676.09
F05Q10001780|201304|33599.83|0|098|262|||||6.125|0.00||||||||||||||||||||33599.83
F05Q10001780|201305|33599.83|0|099|261|||||6.125|0.00||||||||||||||||||||33599.83
F05Q10001780|201306|33446.14|0|100|260|||||6.125|0.00||||||||||||||||||||33446.14
F05Q10001780|201307|33368.70|0|101|259|||||6.125|0.00||||||||||||||||||||33368.70
F05Q10001780|201308|33290.87|0|102|258|||||6.125|0.00||||||||||||||||||||33290.87
F05Q10001780|201309|33212.64|0|103|257|||||6.125|0.00||||||||||||||||||||33212.64
F05Q10001780|201310|33134.15|0|104|256|||||6.125|0.00||||||||||||||||||||33134.15
F05Q10001780|201311|33055.27|0|105|255|||||6.125|0.00||||||||||||||||||||33055.27
F05Q10001780|201312|32975.98|0|106|254|||||6.125|0.00||||||||||||||||||||32975.98
F05Q10001780|201401|32896.28|0|107|253|||||6.125|0.00||||||||||||||||||||32896.28
F05Q10001780|201402|32896.28|1|108|252|||||6.125|0.00||||||||||||||||||||32896.28
F05Q10001780|201403|32816.56|0|109|251|||||6.125|0.00||||||||||||||||||||32816.56
F05Q10001780|201404|32655.51|0|110|250|||||6.125|0.00||||||||||||||||||||32655.51
F05Q10001780|201405|32574.18|0|111|249|||||6.125|0.00||||||||||||||||||||32574.18
F05Q10001780|201406|32492.43|0|112|248|||||6.125|0.00||||||||||||||||||||32492.43
F05Q10001780|201407|32410.27|0|113|247|||||6.125|0.00||||||||||||||||||||32410.27
F05Q10001780|201408|32327.69|0|114|246|||||6.125|0.00||||||||||||||||||||32327.69
F05Q10001780|201409|32244.68|0|115|245|||||6.125|0.00||||||||||||||||||||32244.68
F05Q10001780|201410|32160.70|0|116|244|||||6.125|0.00||||||||||||||||||||32160.70
F05Q10001780|201411|32076.29|0|117|243|||||6.125|0.00||||||||||||||||||||32076.29
F05Q10001780|201412|31991.45|0|118|242|||||6.125|0.00||||||||||||||||||||31991.45
F05Q10001780|201501|31906.17|0|119|241|||||6.125|0.00||||||||||||||||||||31906.17
F05Q10001780|201502|31820.46|0|120|240|||||6.125|0.00||||||||||||||||||||31820.46
F05Q10001780|201503|31820.46|0|121|239|||||6.125|0.00||||||||||||||||||||31820.46
F05Q10001780|201504|31647.72|0|122|238|||||6.125|0.00||||||||||||||||||||31647.72
F05Q10001780|201505|31560.68|0|123|237|||||6.125|0.00||||||||||||||||||||31560.68
F05Q10001780|201506|31473.20|0|124|236|||||6.125|0.00||||||||||||||||||||31473.20
F05Q10001780|201507|31385.27|0|125|235|||||6.125|0.00||||||||||||||||||||31385.27
F05Q10001780|201508|31296.90|0|126|234|||||6.125|0.00||||||||||||||||||||31296.90
F05Q10001780|201509|31208.07|0|127|233|||||6.125|0.00||||||||||||||||||||31208.07
F05Q10001780|201510|31119.43|0|128|232|||||6.125|0.00||||||||||||||||||||31119.43
F05Q10001780|201511|31030.34|0|129|231|||||6.125|0.00||||||||||||||||||||31030.34
F05Q10001780|201512|30940.80|0|130|230|||||6.125|0.00||||||||||||||||||||30940.80
F05Q10001780|201601|30850.80|0|131|229|||||6.125|0.00||||||||||||||||||||30850.80
F05Q10001780|201602|30850.80|0|132|228|||||6.125|0.00||||||||||||||||||||30850.80
F05Q10001780|201603|30668.50|0|133|227|||||6.125|0.00||||||||||||||||||||30668.50
F05Q10001780|201604|30576.19|0|134|226|||||6.125|0.00||||||||||||||||||||30576.19
F05Q10001780|201605|30483.41|0|135|225|||||6.125|0.00||||||||||||||||||||30483.41
F05Q10001780|201606|30390.16|0|136|224|||||6.125|0.00||||||||||||||||||||30390.16
F05Q10001780|201607|30296.43|0|137|223|||||6.125|0.00||||||||||||||||||||30296.43
F05Q10001780|201608|30202.22|0|138|222|||||6.125|0.00||||||||||||||||||||30202.22
F05Q10001780|201609|30107.53|0|139|221|||||6.125|0.00||||||||||||||||||||30107.53
F05Q10001780|201610|30107.53|1|140|220|||||6.125|0.00||||||||||||||||||||30107.53
F05Q10001780|201611|30013.58|1|141|219|||||6.125|0.00||||||||||||||||||||30013.58
F05Q10001780|201612|29919.14|1|142|218|||||6.125|0.00||||||||||||||||||||29919.14
F05Q10001780|201701|29824.22|1|143|217|||||6.125|0.00||||||||||||||||||||29824.22
F05Q10001780|201702|29728.82|1|144|216|||||6.125|0.00||||||||||||||||||||29728.82
F05Q10001780|201703|29632.93|1|145|215|||||6.125|0.00||||||||||||||||||||29632.93
F05Q10001780|201704|29536.55|1|146|214|||||6.125|0.00||||||||||||||49||||||29536.55
F05Q10001780|201705|29439.68|1|147|213|||||6.125|0.00||||||||||||||50||||||29439.68
F05Q10001780|201706|29244.46|0|148|212|||||6.125|0.00||||||||||||||48||||||29244.46
F05Q10001780|201707|29133.37|0|149|211|||||6.125|0.00||||||||||||||47||||||29133.37
F05Q10001780|201708|29021.72|0|150|210|||||6.125|0.00||||||||||||||48||||||29021.72
F05Q10001780|201709|28921.51|0|151|209|||||6.125|0.00||||||||||||||48||||||28921.51
F05Q10001780|201710|28921.51|0|152|208|||||6.125|0.00||||||||||||||48||||||28921.51
F05Q10001780|201711|28694.12|0|153|207|||||6.125|0.00||||||||||||||48||||||28694.12
F05Q10001780|201712|28580.07|0|154|206|||||6.125|0.00||||||||||||||51||||||28580.07
F05Q10001780|201801|28580.07|0|155|205|||||6.125|0.00||||||||||||||52||||||28580.07
F05Q10001780|201802|28350.21|0|156|204|||||6.125|0.00||||||||||||||50||||||28350.21
F05Q10001780|201803|28350.21|0|157|203|||||6.125|0.00||||||||||||||50||||||28350.21
F05Q10001780|201804|28130.03|0|158|202|||||6.125|0.00||||||||||||||47||||||28130.03
F05Q10001780|201805|28130.03|0|159|201|||||6.125|0.00||||||||||||||46||||||28130.03
F05Q10001780|201806|27894.47|0|160|200|||||6.125|0.00||||||||||||||47||||||27894.47
F05Q10001780|201807|27788.31|0|161|199|||||6.125|0.00||||||||||||||46||||||27788.31
F05Q10001780|201808|27681.61|0|162|198|||||6.125|0.00||||||||||||||46||||||27681.61
F05Q10001780|201809|27574.36|0|163|197|||||6.125|0.00||||||||||||||46||||||27574.36
F05Q10001780|201810|27467.35|0|164|196|||||6.125|0.00||||||||||||||46||||||27467.35
F05Q10001780|201811|27359.79|0|165|195|||||6.125|0.00||||||||||||||46||||||27359.79
F05Q10001780|201812|27251.68|0|166|194|||||6.125|0.00||||||||||||||46||||||27251.68
F05Q10001780|201901|27143.02|0|167|193|||||6.125|0.00||||||||||||||46||||||27143.02
F05Q10001780|201902|27033.80|0|168|192|||||6.125|0.00||||||||||||||46||||||27033.80
F05Q10001780|201903|26924.03|0|169|191|||||6.125|0.00||||||||||||||45||||||26924.03
F05Q10001780|201904|26813.69|0|170|190|||||6.125|0.00||||||||||||||44||||||26813.69
F05Q10001780|201905|26702.79|0|171|189|||||6.125|0.00||||||||||||||40||||||26702.79
F05Q10001780|201906|26591.32|0|172|188|||||6.125|0.00||||||||||||||42||||||26591.32
F05Q10001780|201907|26479.29|0|173|187|||||6.125|0.00||||||||||||||39||||||26479.29
F05Q10001780|201908|26366.69|0|174|186|||||6.125|0.00||||||||||||||40||||||26366.69
F05Q10001780|201909|26248.51|0|175|185|||||6.125|0.00||||||||||||||41||||||26248.51
F05Q10001780|201910|26132.02|0|176|184|||||6.125|0.00||||||||||||||41||||||26132.02
F05Q10001780|201911|26014.93|0|177|183|||||6.125|0.00||||||||||||||40||||||26014.93
F05Q10001780|201912|25897.24|0|178|182|||||6.125|0.00||||||||||||||39||||||25897.24
F05Q10001780|202001|25778.94|0|179|181|||||6.125|0.00||||||||||||||37||||||25778.94
F05Q10001780|202002|25660.04|0|180|180|||||6.125|0.00||||||||||||||36||||||25660.04
F05Q10001780|202003|25540.54|0|181|179|||||6.125|0.00||||||||||||||34||||||25540.54
F05Q10001780|202004|25420.43|0|182|178|||||6.125|0.00||||||||||||||33||||||25420.43
F05Q10001780|202005|25302.56|0|183|177|||||6.125|0.00||||||||||||||31||||||25302.56
F05Q10001780|202006|25184.08|0|184|176|||||6.125|0.00||||||||||||||32||||||25184.08
F05Q10001780|202007|25062.14|0|185|175|||||6.125|0.00||||||||||||||34||||||25062.14
F05Q10001780|202008|24942.43|0|186|174|||||6.125|0.00||||||||||||||36||||||24942.43
F05Q10001780|202009|24942.43|1|187|173|||||6.125|0.00||||||||||||||35||||||24942.43
F05Q10001780|202010|24822.11|1|188|172|||||6.125|0.00||||||||||||||36||||||24822.11
F05Q10001780|202011|24573.36|0|189|171|||||6.125|0.00||||||||||||||35||||||24573.36
F05Q10001780|202012|24436.23|0|190|170|||||6.125|0.00||||||||||||||35||||||24436.23
F05Q10001780|202101|24303.40|0|191|169|||||6.125|0.00||||||||||||||33||||||24303.40
F05Q10001780|202102|24169.89|0|192|168|||||6.125|0.00||||||||||||||32||||||24169.89
F05Q10001780|202103|24035.70|0|193|167|||||6.125|0.00||||||||||||||31||||||24035.70
F05Q10001780|202104|23905.82|0|194|166|||||6.125|0.00||||||||||||||30||||||23905.82
F05Q10001780|202105|23775.28|0|195|165|||||6.125|0.00||||||||||||||35||||||23775.28
F05Q10001780|202106|23644.07|0|196|164|||||6.125|0.00||||||||||||||30||||||23644.07
F05Q10001780|202107|23512.19|0|197|163|||||6.125|0.00||||||||||||||29||||||23512.19
F05Q10001780|202108|23379.64|0|198|162|||||6.125|0.00||||||||||||||27||||||23379.64
F05Q10001780|202109|23246.41|0|199|161|||||6.125|0.00||||||||||||||29||||||23246.41
F05Q10001780|202110|23117.40|0|200|160|||||6.125|0.00||||||||||||||33||||||23117.40
F05Q10001780|202111|22987.74|0|201|159|||||6.125|0.00||||||||||||||36||||||22987.74
F05Q10001780|202112|22857.41|0|202|158|||||6.125|0.00||||||||||||||36||||||22857.41
F05Q10001780|202201|22726.42|0|203|157|||||6.125|0.00||||||||||||||31||||||22726.42
F05Q10001780|202202|22594.76|0|204|156|||||6.125|0.00||||||||||||||31||||||22594.76
F05Q10001780|202203|22462.43|0|205|155|||||6.125|0.00||||||||||||||29||||||22462.43
F05Q10001780|202204|22329.42|0|206|154|||||6.125|0.00||||||||||||||27||||||22329.42
F05Q10001780|202205|22195.73|0|207|153|||||6.125|0.00||||||||||||||27||||||22195.73
F05Q10001780|202206|22061.36|0|208|152|||||6.125|0.00||||||||||||||24||||||22061.36
F05Q10001780|202207|21926.30|0|209|151|||||6.125|0.00||||||||||||||23||||||21926.30
F05Q10001780|202208|21790.56|0|210|150|||||6.125|0.00||||||||||||||26||||||21790.56
F05Q10001780|202209|21654.12|0|211|149|||||6.125|0.00||||||||||||||30||||||21654.12
F05Q10001780|202210|21515.33|0|212|148|||||6.125|0.00||||||||||||||26||||||21515.33
F05Q10001780|202211|21375.83|0|213|147|||||6.125|0.00||||||||||||||26||||||21375.83
F05Q10001780|202212|21235.62|0|214|146|||||6.125|0.00||||||||||||||27||||||21235.62
F05Q10001780|202301|21094.69|0|215|145|||||6.125|0.00||||||||||||||27||||||21094.69
F05Q10001780|202302|20953.04|0|216|144|||||6.125|0.00||||||||||||||27||||||20953.04
F05Q10001780|202303|20810.67|0|217|143|||||6.125|0.00||||||||||||||21||||||20810.67
F05Q10001780|202304|20667.57|0|218|142|||||6.125|0.00||||||||||||||22||||||20667.57
F05Q10001780|202305|20523.74|0|219|141|||||6.125|0.00||||||||||||||20||||||20523.74
F05Q10001780|202306|20379.18|0|220|140|||||6.125|0.00||||||||||||||20||||||20379.18
F05Q10001780|202307|20233.88|0|221|139|||||6.125|0.00||||||||||||||20||||||20233.88
F05Q10001780|202308|20087.84|0|222|138|||||6.125|0.00||||||||||||||20||||||20087.84
F05Q10001780|202309|19941.05|0|223|137|||||6.125|0.00||||||||||||||16||||||19941.05
F05Q10001780|202310|19794.57|0|224|136|||||6.125|0.00||||||||||||||17||||||19794.57
F05Q10001780|202311|19642.34|0|225|135|||||6.125|0.00||||||||||||||19||||||19642.34
F05Q10001780|202312|19494.34|0|226|134|||||6.125|0.00||||||||||||||17||||||19494.34
F05Q10001780|202401|19345.58|0|227|133|||||6.125|0.00||||||||||||||17||||||19345.58
F05Q10001780|202402|19196.06|0|228|132|||||6.125|0.00||||||||||||||15||||||19196.06
F05Q10001780|202403|19045.78|0|229|131|||||6.125|0.00||||||||||||||14||||||19045.78
F05Q10001780|202404|18894.73|0|230|130|||||6.125|0.00||||||||||||||14||||||18894.73
F05Q10001780|202405|18742.91|0|231|129|||||6.125|0.00||||||||||||||16||||||18742.91
F05Q10001780|202406|18590.32|0|232|128|||||6.125|0.00||||||||||||||14||||||18590.32
F05Q10001780|202407|18436.95|0|233|127|||||6.125|0.00||||||||||||||13||||||18436.95
F05Q10001780|202408|18282.80|0|234|126|||||6.125|0.00||||||||||||||15||||||18282.80
F05Q10001780|202409|18127.86|0|235|125|||||6.125|0.00||||||||||||||18||||||18127.86
F05Q10001780|202410|17971.89|0|236|124|||||6.125|0.00||||||||||||||17||||||17971.89
F05Q10001780|202411|17815.12|0|237|123|||||6.125|0.00||||||||||||||16||||||17815.12
F05Q10001780|202412|17657.55|0|238|122|||||6.125|0.00||||||||||||||15||||||17657.55
F05Q10001780|202501|17499.18|0|239|121|||||6.125|0.00||||||||||||||13||||||17499.18
F05Q10001780|202502|17340.00|0|240|120|||||6.125|0.00||||||||||||||14||||||17340.00
F05Q10001780|202503|17180.01|0|241|119|||||6.125|0.00||||||||||||||15||||||17180.01
F05Q10001780|202504|17019.20|0|242|118|||||6.125|0.00||||||||||||||15||||||17019.20
F05Q10001780|202505|16857.57|0|243|117|||||6.125|0.00||||||||||||||13||||||16857.57
F05Q10001780|202506|16695.11|0|244|116|||||6.125|0.00||||||||||||||12||||||16695.11
F05Q10001780|202507|16531.82|0|245|115|||||6.125|0.00||||||||||||||12||||||16531.82
F05Q10001780|202508|16367.70|0|246|114|||||6.125|0.00||||||||||||||12||||||16367.70
F05Q10001780|202509|16202.74|0|247|113|||||6.125|0.00||||||||||||||12||||||16202.74
F05Q10001811|200502|100000.00|0|000|360|||||5.750|0.00||||||||||||||||||||100000.00
F05Q10001811|200503|100000.00|0|001|359|||||5.750|0.00||||||||||||||||||||100000.00
F05Q10001811|200504|99000.00|0|002|358|||||5.750|0.00||||||||||||||||||||99000.00
F05Q10001811|200505|99000.00|0|003|357|||||5.750|0.00||||||||||||||||||||99000.00
F05Q10001811|200506|99000.00|0|004|356|||||5.750|0.00||||||||||||||||||||99000.00
F05Q10001811|200507|99000.00|0|005|355|||||5.750|0.00||||||||||||||||||||99000.00
F05Q10001811|200508|99000.00|0|006|354|||||5.750|0.00||||||||||||||||||||99000.00
F05Q10001811|200509|98933.06|0|007|353|||||5.750|0.00||||||||||||||||||||98933.06
F05Q10001811|200510|98823.54|0|008|352|||||5.750|0.00||||||||||||||||||||98823.54
F05Q10001811|200511|98713.49|0|009|351|||||5.750|0.00||||||||||||||||||||98713.49
F05Q10001811|200512|98713.49|0|010|350|||||5.750|0.00||||||||||||||||||||98713.49
F05Q10001811|200601|98713.49|0|011|349|||||5.750|0.00||||||||||||||||||||98713.49
F05Q10001811|200602|98602.91|0|012|348|||||5.750|0.00||||||||||||||||||||98602.91
F05Q10001811|200603|98491.80|0|013|347|||||5.750|0.00||||||||||||||||||||98491.80
F05Q10001811|200604|98380.16|0|014|346|||||5.750|0.00||||||||||||||||||||98380.16
F05Q10001811|200605|98267.99|0|015|345|||||5.750|0.00||||||||||||||||||||98267.99
F05Q10001811|200606|98155.27|0|016|344|||||5.750|0.00||||||||||||||||||||98155.27
F05Q10001811|200607|98042.02|0|017|343|||||5.750|0.00||||||||||||||||||||98042.02
F05Q10001811|200608|97928.23|0|018|342|||||5.750|0.00||||||||||||||||||||97928.23
F05Q10001811|200609|97813.89|0|019|341|||||5.750|0.00||||||||||||||||||||97813.89
F05Q10001811|200610|97699.00|0|020|340|||||5.750|0.00||||||||||||||||||||97699.00
F05Q10001811|200611|97583.56|0|021|339|||||5.750|0.00||||||||||||||||||||97583.56
F05Q10001811|200612|97583.56|0|022|338|||||5.750|0.00||||||||||||||||||||97583.56
F05Q10001811|200701|97583.56|0|023|337|||||5.750|0.00||||||||||||||||||||97583.56
F05Q10001811|200702|97351.02|0|024|336|||||5.750|0.00||||||||||||||||||||97351.02
F05Q10001811|200703|97233.91|0|025|335|||||5.750|0.00||||||||||||||||||||97233.91
F05Q10001811|200704|97116.25|0|026|334|||||5.750|0.00||||||||||||||||||||97116.25
F05Q10001811|200705|96998.01|0|027|333|||||5.750|0.00||||||||||||||||||||96998.01
F05Q10001811|200706|96879.22|0|028|332|||||5.750|0.00||||||||||||||||||||96879.22
F05Q10001811|200707|96759.85|0|029|331|||||5.750|0.00||||||||||||||||||||96759.85
F05Q10001811|200708|96639.91|0|030|330|||||5.750|0.00||||||||||||||||||||96639.91
F05Q10001811|200709|96519.40|0|031|329|||||5.750|0.00||||||||||||||||||||96519.40
F05Q10001811|200710|96398.31|0|032|328|||||5.750|0.00||||||||||||||||||||96398.31
F05Q10001811|200711|96276.64|0|033|327|||||5.750|0.00||||||||||||||||||||96276.64
F05Q10001811|200712|96154.39|0|034|326|||||5.750|0.00||||||||||||||||||||96154.39
F05Q10001811|200801|96031.55|0|035|325|||||5.750|0.00||||||||||||||||||||96031.55
F05Q10001811|200802|95908.12|0|036|324|||||5.750|0.00||||||||||||||||||||95908.12
F05Q10001811|200803|95784.10|0|037|323|||||5.750|0.00||||||||||||||||||||95784.10
F05Q10001811|200804|95659.49|0|038|322|||||5.750|0.00||||||||||||||||||||95659.49
F05Q10001811|200805|95534.28|0|039|321|||||5.750|0.00||||||||||||||||||||95534.28
F05Q10001811|200806|95408.47|0|040|320|||||5.750|0.00||||||||||||||||||||95408.47
F05Q10001811|200807|95282.06|0|041|319|||||5.750|0.00||||||||||||||||||||95282.06
F05Q10001811|200808|95155.04|0|042|318|||||5.750|0.00||||||||||||||||||||95155.04
F05Q10001811|200809|95027.41|0|043|317|||||5.750|0.00||||||||||||||||||||95027.41
F05Q10001811|200810|94899.17|0|044|316|||||5.750|0.00||||||||||||||||||||94899.17
F05Q10001811|200811|94770.32|0|045|315|||||5.750|0.00||||||||||||||||||||94770.32
F05Q10001811|200812|94640.85|0|046|314|||||5.750|0.00||||||||||||||||||||94640.85
F05Q10001811|200901|94510.76|0|047|313|||||5.750|0.00||||||||||||||||||||94510.76
F05Q10001811|200902|94380.04|0|048|312|||||5.750|0.00||||||||||||||||||||94380.04
F05Q10001811|200903|94248.70|0|049|311|||||5.750|0.00||||||||||||||||||||94248.70
F05Q10001811|200904|94116.73|0|050|310|||||5.750|0.00||||||||||||||||||||94116.73
F05Q10001811|200905|93984.13|0|051|309|||||5.750|0.00||||||||||||||||||||93984.13
F05Q10001811|200906|93850.89|0|052|308|||||5.750|0.00||||||||||||||||||||93850.89
F05Q10001811|200907|93717.01|0|053|307|||||5.750|0.00||||||||||||||||||||93717.01
F05Q10001811|200908|93582.49|0|054|306|||||5.750|0.00||||||||||||||||||||93582.49
F05Q10001811|200909|93447.33|0|055|305|||||5.750|0.00||||||||||||||||||||93447.33
F05Q10001811|200910|93311.52|0|056|304|||||5.750|0.00||||||||||||||||||||93311.52
F05Q10001811|200911|93175.06|0|057|303|||||5.750|0.00||||||||||||||||||||93175.06
F05Q10001811|200912|93037.94|0|058|302|||||5.750|0.00||||||||||||||||||||93037.94
F05Q10001811|201001|92900.17|0|059|301|||||5.750|0.00||||||||||||||||||||92900.17
F05Q10001811|201002|92761.74|0|060|300|||||5.750|0.00||||||||||||||||||||92761.74
F05Q10001811|201003|92622.64|0|061|299|||||5.750|0.00||||||||||||||||||||92622.64
F05Q10001811|201004|92482.88|0|062|298|||||5.750|0.00||||||||||||||||||||92482.88
F05Q10001811|201005|92342.45|0|063|297|||||5.750|0.00||||||||||||||||||||92342.45
F05Q10001811|201006|92201.34|0|064|296|||||5.750|0.00||||||||||||||||||||92201.34
F05Q10001811|201007|92059.56|0|065|295|||||5.750|0.00||||||||||||||||||||92059.56
F05Q10001811|201008|91917.10|0|066|294|||||5.750|0.00||||||||||||||||||||91917.10
F05Q10001811|201009|91773.96|0|067|293|||||5.750|0.00||||||||||||||||||||91773.96
F05Q10001811|201010|91630.13|0|068|292|||||5.750|0.00||||||||||||||||||||91630.13
F05Q10001811|201011|91485.61|0|069|291|||||5.750|0.00||||||||||||||||||||91485.61
F05Q10001811|201012|91340.40|0|070|290|||||5.750|0.00||||||||||||||||||||91340.40
F05Q10001811|201101|91194.49|0|071|289|||||5.750|0.00||||||||||||||||||||91194.49
F05Q10001811|201102|91047.88|0|072|288|||||5.750|0.00||||||||||||||||||||91047.88
F05Q10001811|201103|90900.57|0|073|287|||||5.750|0.00||||||||||||||||||||90900.57
F05Q10001811|201104|90752.56|0|074|286|||||5.750|0.00||||||||||||||||||||90752.56
F05Q10001811|201105|90603.84|0|075|285|||||5.750|0.00||||||||||||||||||||90603.84
F05Q10001811|201106|90454.40|0|076|284|||||5.750|0.00||||||||||||||||||||90454.40
F05Q10001811|201107|90304.25|0|077|283|||||5.750|0.00||||||||||||||||||||90304.25
F05Q10001811|201108|0.00|0|078|282|||01|201108|5.750|0.00|||||||||||||||90304.25|||||0.00
F05Q10001958|200502|154000.00|0|000|360|||||5.875|0.00||||||||||||||||||||154000.00
F05Q10001958|200503|154000.00|0|001|359|||||5.875|0.00||||||||||||||||||||154000.00
F05Q10001958|200504|154000.00|0|002|358|||||5.875|0.00||||||||||||||||||||154000.00
F05Q10001958|200505|154000.00|0|003|357|||||5.875|0.00||||||||||||||||||||154000.00
F05Q10001958|200506|153000.00|0|004|356|||||5.875|0.00||||||||||||||||||||153000.00
F05Q10001958|200507|153000.00|0|005|355|||||5.875|0.00||||||||||||||||||||153000.00
F05Q10001958|200508|153000.00|0|006|354|||||5.875|0.00||||||||||||||||||||153000.00
F05Q10001958|200509|152887.80|0|007|353|||||5.875|0.00||||||||||||||||||||152887.80
F05Q10001958|200510|152724.77|0|008|352|||||5.875|0.00||||||||||||||||||||152724.77
F05Q10001958|200511|152560.95|0|009|351|||||5.875|0.00||||||||||||||||||||152560.95
F05Q10001958|200512|152396.32|0|010|350|||||5.875|0.00||||||||||||||||||||152396.32
F05Q10001958|200601|152230.89|0|011|349|||||5.875|0.00||||||||||||||||||||152230.89
F05Q10001958|200602|152064.65|0|012|348|||||5.875|0.00||||||||||||||||||||152064.65
F05Q10001958|200603|151897.59|0|013|347|||||5.875|0.00||||||||||||||||||||151897.59
F05Q10001958|200604|151729.72|0|014|346|||||5.875|0.00||||||||||||||||||||151729.72
F05Q10001958|200605|151561.02|0|015|345|||||5.875|0.00||||||||||||||||||||151561.02
F05Q10001958|200606|151391.50|0|016|344|||||5.875|0.00||||||||||||||||||||151391.50
F05Q10001958|200607|151221.15|0|017|343|||||5.875|0.00||||||||||||||||||||151221.15
F05Q10001958|200608|151049.96|0|018|342|||||5.875|0.00||||||||||||||||||||151049.96
F05Q10001958|200609|150877.94|0|019|341|||||5.875|0.00||||||||||||||||||||150877.94
F05Q10001958|200610|150705.07|0|020|340|||||5.875|0.00||||||||||||||||||||150705.07
F05Q10001958|200611|150531.36|0|021|339|||||5.875|0.00||||||||||||||||||||150531.36
F05Q10001958|200612|150356.80|0|022|338|||||5.875|0.00||||||||||||||||||||150356.80
F05Q10001958|200701|150181.38|0|023|337|||||5.875|0.00||||||||||||||||||||150181.38
F05Q10001958|200702|150005.10|0|024|336|||||5.875|0.00||||||||||||||||||||150005.10
F05Q10001958|200703|149827.96|0|025|335|||||5.875|0.00||||||||||||||||||||149827.96
F05Q10001958|200704|149649.95|0|026|334|||||5.875|0.00||||||||||||||||||||149649.95
F05Q10001958|200705|149471.07|0|027|333|||||5.875|0.00||||||||||||||||||||149471.07
F05Q10001958|200706|149291.32|0|028|332|||||5.875|0.00||||||||||||||||||||149291.32
F05Q10001958|200707|149291.32|0|029|331|||||5.875|0.00||||||||||||||||||||149291.32
F05Q10001958|200708|148929.17|0|030|330|||||5.875|0.00||||||||||||||||||||148929.17
F05Q10001958|200709|148746.76|0|031|329|||||5.875|0.00||||||||||||||||||||148746.76
F05Q10001958|200710|148563.46|0|032|328|||||5.875|0.00||||||||||||||||||||148563.46
F05Q10001958|200711|148379.26|0|033|327|||||5.875|0.00||||||||||||||||||||148379.26
F05Q10001958|200712|148194.16|0|034|326|||||5.875|0.00||||||||||||||||||||148194.16
F05Q10001958|200801|148008.15|0|035|325|||||5.875|0.00||||||||||||||||||||148008.15
F05Q10001958|200802|147821.23|0|036|324|||||5.875|0.00||||||||||||||||||||147821.23
F05Q10001958|200803|147633.40|0|037|323|||||5.875|0.00||||||||||||||||||||147633.40
F05Q10001958|200804|147633.40|0|038|322|||||5.875|0.00||||||||||||||||||||147633.40
F05Q10001958|200805|147254.97|0|039|321|||||5.875|0.00||||||||||||||||||||147254.97
F05Q10001958|200806|147064.37|0|040|320|||||5.875|0.00||||||||||||||||||||147064.37
F05Q10001958|200807|146872.83|0|041|319|||||5.875|0.00||||||||||||||||||||146872.83
F05Q10001958|200808|146680.35|0|042|318|||||5.875|0.00||||||||||||||||||||146680.35
F05Q10001958|200809|146486.93|0|043|317|||||5.875|0.00||||||||||||||||||||146486.93
F05Q10001958|200810|146292.57|0|044|316|||||5.875|0.00||||||||||||||||||||146292.57
F05Q10001958|200811|146097.25|0|045|315|||||5.875|0.00||||||||||||||||||||146097.25
F05Q10001958|200812|145900.98|0|046|314|||||5.875|0.00||||||||||||||||||||145900.98
F05Q10001958|200901|145703.75|0|047|313|||||5.875|0.00||||||||||||||||||||145703.75
F05Q10001958|200902|145505.55|0|048|312|||||5.875|0.00||||||||||||||||||||145505.55
F05Q10001958|200903|145505.55|0|049|311|||||5.875|0.00||||||||||||||||||||145505.55
F05Q10001958|200904|145106.24|0|050|310|||||5.875|0.00||||||||||||||||||||145106.24
F05Q10001958|200905|144905.12|0|051|309|||||5.875|0.00||||||||||||||||||||144905.12
F05Q10001958|200906|144703.01|0|052|308|||||5.875|0.00||||||||||||||||||||144703.01
F05Q10001958|200907|144499.91|0|053|307|||||5.875|0.00||||||||||||||||||||144499.91
F05Q10001958|200908|144295.82|0|054|306|||||5.875|0.00||||||||||||||||||||144295.82
F05Q10001958|200909|144090.73|0|055|305|||||5.875|0.00||||||||||||||||||||144090.73
F05Q10001958|200910|143884.63|0|056|304|||||5.875|0.00||||||||||||||||||||143884.63
F05Q10001958|200911|143884.63|0|057|303|||||5.875|0.00||||||||||||||||||||143884.63
F05Q10001958|200912|143469.41|0|058|302|||||5.875|0.00||||||||||||||||||||143469.41
F05Q10001958|201001|143469.41|0|059|301|||||5.875|0.00||||||||||||||||||||143469.41
F05Q10001958|201002|143050.11|0|060|300|||||5.875|0.00||||||||||||||||||||143050.11
F05Q10001958|201003|142834.92|0|061|299|||||5.875|0.00||||||||||||||||||||142834.92
F05Q10001958|201004|142622.68|0|062|298|||||5.875|0.00||||||||||||||||||||142622.68
F05Q10001958|201005|142409.40|0|063|297|||||5.875|0.00||||||||||||||||||||142409.40
F05Q10001958|201006|142195.07|0|064|296|||||5.875|0.00||||||||||||||||||||142195.07
F05Q10001958|201007|141979.69|0|065|295|||||5.875|0.00||||||||||||||||||||141979.69
F05Q10001958|201008|141979.69|0|066|294|||||5.875|0.00||||||||||||||||||||141979.69
F05Q10001958|201009|141545.77|0|067|293|||||5.875|0.00||||||||||||||||||||141545.77
F05Q10001958|201010|141327.21|0|068|292|||||5.875|0.00||||||||||||||||||||141327.21
F05Q10001958|201011|141103.89|0|069|291|||||5.875|0.00||||||||||||||||||||141103.89
F05Q10001958|201012|140879.48|0|070|290|||||5.875|0.00||||||||||||||||||||140879.48
F05Q10001958|201101|140653.97|0|071|289|||||5.875|0.00||||||||||||||||||||140653.97
F05Q10001958|201102|140431.05|0|072|288|||||5.875|0.00||||||||||||||||||||140431.05
F05Q10001958|201103|140199.65|0|073|287|||||5.875|0.00||||||||||||||||||||140199.65
F05Q10001958|201104|139970.81|0|074|286|||||5.875|0.00||||||||||||||||||||139970.81
F05Q10001958|201105|139740.85|0|075|285|||||5.875|0.00||||||||||||||||||||139740.85
F05Q10001958|201106|139509.77|0|076|284|||||5.875|0.00||||||||||||||||||||139509.77
F05Q10001958|201107|139279.48|0|077|283|||||5.875|0.00||||||||||||||||||||139279.48
F05Q10001958|201108|139049.83|0|078|282|||||5.875|0.00||||||||||||||||||||139049.83
F05Q10001958|201109|138819.05|0|079|281|||||5.875|0.00||||||||||||||||||||138819.05
F05Q10001958|201110|0.00|0|080|280|||01|201110|5.875|0.00|||||||||||||||138819.05|||||0.00
F05Q10001965|200502|121000.00|0|000|360|||||6.135|0.00||||||||||||||||||||121000.00
F05Q10001965|200503|121000.00|0|001|359|||||6.135|0.00||||||||||||||||||||121000.00
F05Q10001965|200504|121000.00|0|002|358|||||6.135|0.00||||||||||||||||||||121000.00
F05Q10001965|200505|120000.00|0|003|357|||||6.135|0.00||||||||||||||||||||120000.00
F05Q10001965|200506|120000.00|0|004|356|||||6.135|0.00||||||||||||||||||||120000.00
F05Q10001965|200507|120000.00|0|005|355|||||6.135|0.00||||||||||||||||||||120000.00
F05Q10001965|200508|0.00|0|006|354|||01|200508|6.135|0.00|||||||||||||||120208.08|||||0.00
F05Q10001974|200502|192000.00|0|000|360|||||5.625|0.00||||||||||||||||||||192000.00
F05Q10001974|200503|192000.00|0|001|359|||||5.625|0.00||||||||||||||||||||192000.00
F05Q10001974|200504|192000.00|0|002|358|||||5.625|0.00||||||||||||||||||||192000.00
F05Q10001974|200505|191000.00|0|003|357|||||5.625|0.00||||||||||||||||||||191000.00
F05Q10001974|200506|191000.00|0|004|356|||||5.625|0.00||||||||||||||||||||191000.00
F05Q10001974|200507|191000.00|0|005|355|||||5.625|0.00||||||||||||||||||||191000.00
F05Q10001974|200508|191000.00|0|006|354|||||5.625|0.00||||||||||||||||||||191000.00
F05Q10001974|200509|190542.81|0|007|353|||||5.625|0.00||||||||||||||||||||190542.81
F05Q10001974|200510|190321.15|0|008|352|||||5.625|0.00||||||||||||||||||||190321.15
F05Q10001974|200511|190108.02|0|009|351|||||5.625|0.00||||||||||||||||||||190108.02
F05Q10001974|200512|189893.89|0|010|350|||||5.625|0.00||||||||||||||||||||189893.89
F05Q10001974|200601|189678.76|0|011|349|||||5.625|0.00||||||||||||||||||||189678.76
F05Q10001974|200602|189462.62|0|012|348|||||5.625|0.00||||||||||||||||||||189462.62
F05Q10001974|200603|189245.47|0|013|347|||||5.625|0.00||||||||||||||||||||189245.47
F05Q10001974|200604|188974.97|0|014|346|||||5.625|0.00||||||||||||||||||||188974.97
F05Q10001974|200605|188753.20|0|015|345|||||5.625|0.00||||||||||||||||||||188753.20
F05Q10001974|200606|188530.39|0|016|344|||||5.625|0.00||||||||||||||||||||188530.39
F05Q10001974|200607|188306.54|0|017|343|||||5.625|0.00||||||||||||||||||||188306.54
F05Q10001974|200608|188081.64|0|018|342|||||5.625|0.00||||||||||||||||||||188081.64
F05Q10001974|200609|187855.68|0|019|341|||||5.625|0.00||||||||||||||||||||187855.68
F05Q10001974|200610|187628.66|0|020|340|||||5.625|0.00||||||||||||||||||||187628.66
F05Q10001974|200611|187402.91|0|021|339|||||5.625|0.00||||||||||||||||||||187402.91
F05Q10001974|200612|187176.10|0|022|338|||||5.625|0.00||||||||||||||||||||187176.10
F05Q10001974|200701|186948.23|0|023|337|||||5.625|0.00||||||||||||||||||||186948.23
F05Q10001974|200702|186719.29|0|024|336|||||5.625|0.00||||||||||||||||||||186719.29
F05Q10001974|200703|186489.28|0|025|335|||||5.625|0.00||||||||||||||||||||186489.28
F05Q10001974|200704|186258.19|0|026|334|||||5.625|0.00||||||||||||||||||||186258.19
F05Q10001974|200705|186026.02|0|027|333|||||5.625|0.00||||||||||||||||||||186026.02
F05Q10001974|200706|185792.76|0|028|332|||||5.625|0.00||||||||||||||||||||185792.76
F05Q10001974|200707|185558.40|0|029|331|||||5.625|0.00||||||||||||||||||||185558.40
F05Q10001974|200708|185322.95|0|030|330|||||5.625|0.00||||||||||||||||||||185322.95
F05Q10001974|200709|185086.39|0|031|329|||||5.625|0.00||||||||||||||||||||185086.39
F05Q10001974|200710|184848.72|0|032|328|||||5.625|0.00||||||||||||||||||||184848.72
F05Q10001974|200711|184586.99|0|033|327|||||5.625|0.00||||||||||||||||||||184586.99
F05Q10001974|200712|184344.03|0|034|326|||||5.625|0.00||||||||||||||||||||184344.03
F05Q10001974|200801|184099.93|0|035|325|||||5.625|0.00||||||||||||||||||||184099.93
F05Q10001974|200802|183854.69|0|036|324|||||5.625|0.00||||||||||||||||||||183854.69
F05Q10001974|200803|183608.30|0|037|323|||||5.625|0.00||||||||||||||||||||183608.30
F05Q10001974|200804|183360.75|0|038|322|||||5.625|0.00||||||||||||||||||||183360.75
F05Q10001974|200805|183112.04|0|039|321|||||5.625|0.00||||||||||||||||||||183112.04
F05Q10001974|200806|182862.17|0|040|320|||||5.625|0.00||||||||||||||||||||182862.17
F05Q10001974|200807|182611.13|0|041|319|||||5.625|0.00||||||||||||||||||||182611.13
F05Q10001974|200808|182358.91|0|042|318|||||5.625|0.00||||||||||||||||||||182358.91
F05Q10001974|200809|182105.51|0|043|317|||||5.625|0.00||||||||||||||||||||182105.51
F05Q10001974|200810|181850.92|0|044|316|||||5.625|0.00||||||||||||||||||||181850.92
F05Q10001974|200811|181598.09|0|045|315|||||5.625|0.00||||||||||||||||||||181598.09
F05Q10001974|200812|181344.07|0|046|314|||||5.625|0.00||||||||||||||||||||181344.07
F05Q10001974|200901|181088.86|0|047|313|||||5.625|0.00||||||||||||||||||||181088.86
F05Q10001974|200902|180832.45|0|048|312|||||5.625|0.00||||||||||||||||||||180832.45
F05Q10001974|200903|180521.95|0|049|311|||||5.625|0.00||||||||||||||||||||180521.95
F05Q10001974|200904|180210.00|0|050|310|||||5.625|0.00||||||||||||||||||||180210.00
F05Q10001974|200905|179916.58|0|051|309|||||5.625|0.00||||||||||||||||||||179916.58
F05Q10001974|200906|179621.79|0|052|308|||||5.625|0.00||||||||||||||||||||179621.79
F05Q10001974|200907|179325.62|0|053|307|||||5.625|0.00||||||||||||||||||||179325.62
F05Q10001974|200908|179028.06|0|054|306|||||5.625|0.00||||||||||||||||||||179028.06
F05Q10001974|200909|178729.10|0|055|305|||||5.625|0.00||||||||||||||||||||178729.10
F05Q10001974|200910|178428.74|0|056|304|||||5.625|0.00||||||||||||||||||||178428.74
F05Q10001974|200911|178139.94|0|057|303|||||5.625|0.00||||||||||||||||||||178139.94
F05Q10001974|200912|177849.79|0|058|302|||||5.625|0.00||||||||||||||||||||177849.79
F05Q10001974|201001|177518.28|0|059|301|||||5.625|0.00||||||||||||||||||||177518.28
F05Q10001974|201002|177238.88|0|060|300|||||5.625|0.00||||||||||||||||||||177238.88
F05Q10001974|201003|176964.43|0|061|299|||||5.625|0.00||||||||||||||||||||176964.43
F05Q10001974|201004|176652.43|0|062|298|||||5.625|0.00||||||||||||||||||||176652.43
F05Q10001974|201005|0.00|0|063|297|||01|201005|5.625|0.00|||||||||||||||176652.43|||||0.00
F05Q10001992|200502|121000.00|0|000|360|||||5.875|0.00||||||||||||||||||||121000.00
F05Q10001992|200503|121000.00|0|001|359|||||5.875|0.00||||||||||||||||||||121000.00
F05Q10001992|200504|121000.00|0|002|358|||||5.875|0.00||||||||||||||||||||121000.00
F05Q10001992|200505|121000.00|0|003|357|||||5.875|0.00||||||||||||||||||||121000.00
F05Q10001992|200506|121000.00|0|004|356|||||5.875|0.00||||||||||||||||||||121000.00
F05Q10001992|200507|121000.00|0|005|355|||||5.875|0.00||||||||||||||||||||121000.00
F05Q10001992|200508|121000.00|0|006|354|||||5.875|0.00||||||||||||||||||||121000.00
F05Q10001992|200509|120548.39|0|007|353|||||5.875|0.00||||||||||||||||||||120548.39
F05Q10001992|200510|120419.26|0|008|352|||||5.875|0.00||||||||||||||||||||120419.26
F05Q10001992|200511|120289.50|0|009|351|||||5.875|0.00||||||||||||||||||||120289.50
F05Q10001992|200512|120159.11|0|010|350|||||5.875|0.00||||||||||||||||||||120159.11
F05Q10001992|200601|120028.08|0|011|349|||||5.875|0.00||||||||||||||||||||120028.08
F05Q10001992|200602|119896.41|0|012|348|||||5.875|0.00||||||||||||||||||||119896.41
F05Q10001992|200603|119764.09|0|013|347|||||5.875|0.00||||||||||||||||||||119764.09
F05Q10001992|200604|119631.13|0|014|346|||||5.875|0.00||||||||||||||||||||119631.13
F05Q10001992|200605|119497.51|0|015|345|||||5.875|0.00||||||||||||||||||||119497.51
F05Q10001992|200606|119363.24|0|016|344|||||5.875|0.00||||||||||||||||||||119363.24
F05Q10001992|200607|119228.31|0|017|343|||||5.875|0.00||||||||||||||||||||119228.31
F05Q10001992|200608|119092.72|0|018|342|||||5.875|0.00||||||||||||||||||||119092.72
F05Q10001992|200609|118956.47|0|019|341|||||5.875|0.00||||||||||||||||||||118956.47
F05Q10001992|200610|118819.55|0|020|340|||||5.875|0.00||||||||||||||||||||118819.55
F05Q10001992|200611|118681.96|0|021|339|||||5.875|0.00||||||||||||||||||||118681.96
F05Q10001992|200612|118543.70|0|022|338|||||5.875|0.00||||||||||||||||||||118543.70
F05Q10001992|200701|118404.76|0|023|337|||||5.875|0.00||||||||||||||||||||118404.76
F05Q10001992|200702|118265.14|0|024|336|||||5.875|0.00||||||||||||||||||||118265.14
F05Q10001992|200703|118124.84|1|025|335|||||5.875|0.00||||||||||||||||||||118124.84
F05Q10001992|200704|117983.85|0|026|334|||||5.875|0.00||||||||||||||||||||117983.85
F05Q10001992|200705|117842.17|0|027|333|||||5.875|0.00||||||||||||||||||||117842.17
F05Q10001992|200706|117676.80|0|028|332|||||5.875|0.00||||||||||||||||||||117676.80
F05Q10001992|200707|0.00|0|029|331|||01|200707|5.875|0.00|||||||||||||||117676.80|||||0.00
F05Q10002092|200503|69000.00|0|000|360|||||5.750|0.00||||||||||||||||||||69000.00
F05Q10002092|200504|68000.00|0|001|359|||||5.750|0.00||||||||||||||||||||68000.00
F05Q10002092|200505|68000.00|0|002|358|||||5.750|0.00||||||||||||||||||||68000.00
F05Q10002092|200506|68000.00|0|003|357|||||5.750|0.00||||||||||||||||||||68000.00
F05Q10002092|200507|68000.00|0|004|356|||||5.750|0.00||||||||||||||||||||68000.00
F05Q10002092|200508|68000.00|0|005|355|||||5.750|0.00||||||||||||||||||||68000.00
F05Q10002092|200509|68000.00|0|006|354|||||5.750|0.00||||||||||||||||||||68000.00
F05Q10002092|200510|67992.11|0|007|353|||||5.750|0.00||||||||||||||||||||67992.11
F05Q10002092|200511|67918.16|0|008|352|||||5.750|0.00||||||||||||||||||||67918.16
F05Q10002092|200512|67843.85|0|009|351|||||5.750|0.00||||||||||||||||||||67843.85
F05Q10002092|200601|67769.19|0|010|350|||||5.750|0.00||||||||||||||||||||67769.19
F05Q10002092|200602|67694.17|0|011|349|||||5.750|0.00||||||||||||||||||||67694.17
F05Q10002092|200603|67618.79|0|012|348|||||5.750|0.00||||||||||||||||||||67618.79
F05Q10002092|200604|67543.05|0|013|347|||||5.750|0.00||||||||||||||||||||67543.05
F05Q10002092|200605|67466.94|0|014|346|||||5.750|0.00||||||||||||||||||||67466.94
F05Q10002092|200606|67390.47|0|015|345|||||5.750|0.00||||||||||||||||||||67390.47
F05Q10002092|200607|67313.63|0|016|344|||||5.750|0.00||||||||||||||||||||67313.63
F05Q10002092|200608|67236.42|0|017|343|||||5.750|0.00||||||||||||||||||||67236.42
F05Q10002092|200609|67158.84|0|018|342|||||5.750|0.00||||||||||||||||||||67158.84
F05Q10002092|200610|67080.89|0|019|341|||||5.750|0.00||||||||||||||||||||67080.89
F05Q10002092|200611|67002.57|0|020|340|||||5.750|0.00||||||||||||||||||||67002.57
F05Q10002092|200612|66923.87|0|021|339|||||5.750|0.00||||||||||||||||||||66923.87
F05Q10002092|200701|66844.80|0|022|338|||||5.750|0.00||||||||||||||||||||66844.80
F05Q10002092|200702|66765.35|0|023|337|||||5.750|0.00||||||||||||||||||||66765.35
F05Q10002092|200703|66685.52|0|024|336|||||5.750|0.00||||||||||||||||||||66685.52
F05Q10002092|200704|66605.30|0|025|335|||||5.750|0.00||||||||||||||||||||66605.30
F05Q10002092|200705|66524.70|0|026|334|||||5.750|0.00||||||||||||||||||||66524.70
F05Q10002092|200706|66443.71|0|027|333|||||5.750|0.00||||||||||||||||||||66443.71
F05Q10002092|200707|66362.34|0|028|332|||||5.750|0.00||||||||||||||||||||66362.34
F05Q10002092|200708|66280.58|0|029|331|||||5.750|0.00||||||||||||||||||||66280.58
F05Q10002092|200709|66198.42|0|030|330|||||5.750|0.00||||||||||||||||||||66198.42
F05Q10002092|200710|66115.87|0|031|329|||||5.750|0.00||||||||||||||||||||66115.87
F05Q10002092|200711|66032.93|0|032|328|||||5.750|0.00||||||||||||||||||||66032.93
F05Q10002092|200712|65949.59|0|033|327|||||5.750|0.00||||||||||||||||||||65949.59
F05Q10002092|200801|65865.85|0|034|326|||||5.750|0.00||||||||||||||||||||65865.85
F05Q10002092|200802|65781.71|0|035|325|||||5.750|0.00||||||||||||||||||||65781.71
F05Q10002092|200803|65697.16|0|036|324|||||5.750|0.00||||||||||||||||||||65697.16
F05Q10002092|200804|65612.21|0|037|323|||||5.750|0.00||||||||||||||||||||65612.21
F05Q10002092|200805|65526.85|0|038|322|||||5.750|0.00||||||||||||||||||||65526.85
F05Q10002092|200806|65441.08|0|039|321|||||5.750|0.00||||||||||||||||||||65441.08
F05Q10002092|200807|65354.90|0|040|320|||||5.750|0.00||||||||||||||||||||65354.90
F05Q10002092|200808|65268.31|0|041|319|||||5.750|0.00||||||||||||||||||||65268.31
F05Q10002092|200809|65181.30|0|042|318|||||5.750|0.00||||||||||||||||||||65181.30
F05Q10002092|200810|65093.88|0|043|317|||||5.750|0.00||||||||||||||||||||65093.88
F05Q10002092|200811|65006.04|0|044|316|||||5.750|0.00||||||||||||||||||||65006.04
F05Q10002092|200812|64917.78|0|045|315|||||5.750|0.00||||||||||||||||||||64917.78
F05Q10002092|200901|64829.09|0|046|314|||||5.750|0.00||||||||||||||||||||64829.09
F05Q10002092|200902|64739.98|0|047|313|||||5.750|0.00||||||||||||||||||||64739.98
F05Q10002092|200903|64650.44|0|048|312|||||5.750|0.00||||||||||||||||||||64650.44
F05Q10002092|200904|64560.47|0|049|311|||||5.750|0.00||||||||||||||||||||64560.47
F05Q10002092|200905|64470.07|0|050|310|||||5.750|0.00||||||||||||||||||||64470.07
F05Q10002092|200906|64379.24|0|051|309|||||5.750|0.00||||||||||||||||||||64379.24
F05Q10002092|200907|64287.97|0|052|308|||||5.750|0.00||||||||||||||||||||64287.97
F05Q10002092|200908|64194.27|0|053|307|||||5.750|0.00||||||||||||||||||||64194.27
F05Q10002092|200909|64102.12|0|054|306|||||5.750|0.00||||||||||||||||||||64102.12
F05Q10002092|200910|64009.53|0|055|305|||||5.750|0.00||||||||||||||||||||64009.53
F05Q10002092|200911|63916.49|0|056|304|||||5.750|0.00||||||||||||||||||||63916.49
F05Q10002092|200912|63823.01|0|057|303|||||5.750|0.00||||||||||||||||||||63823.01
F05Q10002092|201001|63729.08|0|058|302|||||5.750|0.00||||||||||||||||||||63729.08
F05Q10002092|201002|63634.70|0|059|301|||||5.750|0.00||||||||||||||||||||63634.70
F05Q10002092|201003|63539.87|0|060|300|||||5.750|0.00||||||||||||||||||||63539.87
F05Q10002092|201004|63444.58|0|061|299|||||5.750|0.00||||||||||||||||||||63444.58
F05Q10002092|201005|63348.84|0|062|298|||||5.750|0.00||||||||||||||||||||63348.84
F05Q10002092|201006|63252.64|0|063|297|||||5.750|0.00||||||||||||||||||||63252.64
F05Q10002092|201007|63155.98|0|064|296|||||5.750|0.00||||||||||||||||||||63155.98
F05Q10002092|201008|63058.85|0|065|295|||||5.750|0.00||||||||||||||||||||63058.85
F05Q10002092|201009|62961.26|0|066|294|||||5.750|0.00||||||||||||||||||||62961.26
F05Q10002092|201010|62863.20|0|067|293|||||5.750|0.00||||||||||||||||||||62863.20
F05Q10002092|201011|62764.67|0|068|292|||||5.750|0.00||||||||||||||||||||62764.67
F05Q10002092|201012|62665.67|0|069|291|||||5.750|0.00||||||||||||||||||||62665.67
F05Q10002092|201101|62566.19|0|070|290|||||5.750|0.00||||||||||||||||||||62566.19
F05Q10002092|201102|62466.24|0|071|289|||||5.750|0.00||||||||||||||||||||62466.24
F05Q10002092|201103|62365.81|0|072|288|||||5.750|0.00||||||||||||||||||||62365.81
F05Q10002092|201104|62264.90|0|073|287|||||5.750|0.00||||||||||||||||||||62264.90
F05Q10002092|201105|62163.50|0|074|286|||||5.750|0.00||||||||||||||||||||62163.50
F05Q10002092|201106|62061.62|0|075|285|||||5.750|0.00||||||||||||||||||||62061.62
F05Q10002092|201107|61959.25|0|076|284|||||5.750|0.00||||||||||||||||||||61959.25
F05Q10002092|201108|61856.39|0|077|283|||||5.750|0.00||||||||||||||||||||61856.39
F05Q10002092|201109|61753.04|0|078|282|||||5.750|0.00||||||||||||||||||||61753.04
F05Q10002092|201110|61649.19|0|079|281|||||5.750|0.00||||||||||||||||||||61649.19
F05Q10002092|201111|61544.84|0|080|280|||||5.750|0.00||||||||||||||||||||61544.84
F05Q10002092|201112|61439.99|0|081|279|||||5.750|0.00||||||||||||||||||||61439.99
F05Q10002092|201201|61334.64|0|082|278|||||5.750|0.00||||||||||||||||||||61334.64
F05Q10002092|201202|61228.79|0|083|277|||||5.750|0.00||||||||||||||||||||61228.79
F05Q10002092|201203|61122.43|0|084|276|||||5.750|0.00||||||||||||||||||||61122.43
F05Q10002092|201204|61015.56|0|085|275|||||5.750|0.00||||||||||||||||||||61015.56
F05Q10002092|201205|60908.18|0|086|274|||||5.750|0.00||||||||||||||||||||60908.18
F05Q10002092|201206|60800.28|0|087|273|||||5.750|0.00||||||||||||||||||||60800.28
F05Q10002092|201207|60691.86|0|088|272|||||5.750|0.00||||||||||||||||||||60691.86
F05Q10002092|201208|60582.93|0|089|271|||||5.750|0.00||||||||||||||||||||60582.93
F05Q10002092|201209|60473.47|0|090|270|||||5.750|0.00||||||||||||||||||||60473.47
F05Q10002092|201210|60363.49|0|091|269|||||5.750|0.00||||||||||||||||||||60363.49
F05Q10002092|201211|60252.98|0|092|268|||||5.750|0.00||||||||||||||||||||60252.98
F05Q10002092|201212|60141.94|0|093|267|||||5.750|0.00||||||||||||||||||||60141.94
F05Q10002092|201301|60030.37|0|094|266|||||5.750|0.00||||||||||||||||||||60030.37
F05Q10002092|201302|59918.27|0|095|265|||||5.750|0.00||||||||||||||||||||59918.27
F05Q10002092|201303|59805.63|0|096|264|||||5.750|0.00||||||||||||||||||||59805.63
F05Q10002092|201304|59692.45|0|097|263|||||5.750|0.00||||||||||||||||||||59692.45
F05Q10002092|201305|59578.73|0|098|262|||||5.750|0.00||||||||||||||||||||59578.73
F05Q10002092|201306|59464.46|0|099|261|||||5.750|0.00||||||||||||||||||||59464.46
F05Q10002092|201307|59349.64|0|100|260|||||5.750|0.00||||||||||||||||||||59349.64
F05Q10002092|201308|59234.27|0|101|259|||||5.750|0.00||||||||||||||||||||59234.27
F05Q10002092|201309|59118.35|0|102|258|||||5.750|0.00||||||||||||||||||||59118.35
F05Q10002092|201310|59001.88|0|103|257|||||5.750|0.00||||||||||||||||||||59001.88
F05Q10002092|201311|58884.85|0|104|256|||||5.750|0.00||||||||||||||||||||58884.85
F05Q10002092|201312|58767.26|0|105|255|||||5.750|0.00||||||||||||||||||||58767.26
F05Q10002092|201401|58649.10|0|106|254|||||5.750|0.00||||||||||||||||||||58649.10
F05Q10002092|201402|58530.38|0|107|253|||||5.750|0.00||||||||||||||||||||58530.38
F05Q10002092|201403|58411.09|0|108|252|||||5.750|0.00||||||||||||||||||||58411.09
F05Q10002092|201404|58291.23|0|109|251|||||5.750|0.00||||||||||||||||||||58291.23
F05Q10002092|201405|58170.79|0|110|250|||||5.750|0.00||||||||||||||||||||58170.79
F05Q10002092|201406|58049.78|0|111|249|||||5.750|0.00||||||||||||||||||||58049.78
F05Q10002092|201407|57928.19|0|112|248|||||5.750|0.00||||||||||||||||||||57928.19
F05Q10002092|201408|57806.01|0|113|247|||||5.750|0.00||||||||||||||||||||57806.01
F05Q10002092|201409|57683.25|0|114|246|||||5.750|0.00||||||||||||||||||||57683.25
F05Q10002092|201410|57559.90|0|115|245|||||5.750|0.00||||||||||||||||||||57559.90
F05Q10002092|201411|57435.96|0|116|244|||||5.750|0.00||||||||||||||||||||57435.96
F05Q10002092|201412|57311.42|0|117|243|||||5.750|0.00||||||||||||||||||||57311.42
F05Q10002092|201501|57186.29|0|118|242|||||5.750|0.00||||||||||||||||||||57186.29
F05Q10002092|201502|57060.56|0|119|241|||||5.750|0.00||||||||||||||||||||57060.56
F05Q10002092|201503|56934.23|0|120|240|||||5.750|0.00||||||||||||||||||||56934.23
F05Q10002092|201504|56807.29|0|121|239|||||5.750|0.00||||||||||||||||||||56807.29
F05Q10002092|201505|56679.74|0|122|238|||||5.750|0.00||||||||||||||||||||56679.74
F05Q10002092|201506|56551.58|0|123|237|||||5.750|0.00||||||||||||||||||||56551.58
F05Q10002092|201507|56422.81|0|124|236|||||5.750|0.00||||||||||||||||||||56422.81
F05Q10002092|201508|56293.42|0|125|235|||||5.750|0.00||||||||||||||||||||56293.42
F05Q10002092|201509|56163.41|0|126|234|||||5.750|0.00||||||||||||||||||||56163.41
F05Q10002092|201510|56032.78|0|127|233|||||5.750|0.00||||||||||||||||||||56032.78
F05Q10002092|201511|55901.52|0|128|232|||||5.750|0.00||||||||||||||||||||55901.52
F05Q10002092|201512|55769.63|0|129|231|||||5.750|0.00||||||||||||||||||||55769.63
F05Q10002092|201601|55637.11|0|130|230|||||5.750|0.00||||||||||||||||||||55637.11
F05Q10002092|201602|55503.95|0|131|229|||||5.750|0.00||||||||||||||||||||55503.95
F05Q10002092|201603|55370.16|0|132|228|||||5.750|0.00||||||||||||||||||||55370.16
F05Q10002092|201604|55235.73|0|133|227|||||5.750|0.00||||||||||||||||||||55235.73
F05Q10002092|201605|55100.65|0|134|226|||||5.750|0.00||||||||||||||||||||55100.65
F05Q10002092|201606|54964.92|0|135|225|||||5.750|0.00||||||||||||||||||||54964.92
F05Q10002092|201607|54828.54|0|136|224|||||5.750|0.00||||||||||||||||||||54828.54
F05Q10002092|201608|54691.51|0|137|223|||||5.750|0.00||||||||||||||||||||54691.51
F05Q10002092|201609|54553.82|0|138|222|||||5.750|0.00||||||||||||||||||||54553.82
F05Q10002092|201610|54415.47|0|139|221|||||5.750|0.00||||||||||||||||||||54415.47
F05Q10002092|201611|54276.46|0|140|220|||||5.750|0.00||||||||||||||||||||54276.46
F05Q10002092|201612|54136.78|0|141|219|||||5.750|0.00||||||||||||||||||||54136.78
F05Q10002092|201701|53996.44|0|142|218|||||5.750|0.00||||||||||||||||||||53996.44
F05Q10002092|201702|53855.42|0|143|217|||||5.750|0.00||||||||||||||||||||53855.42
F05Q10002092|201703|53713.73|0|144|216|||||5.750|0.00||||||||||||||||||||53713.73
F05Q10002092|201704|53571.36|0|145|215|||||5.750|0.00||||||||||||||27||||||53571.36
F05Q10002092|201705|53428.31|0|146|214|||||5.750|0.00||||||||||||||27||||||53428.31
F05Q10002092|201706|53284.57|0|147|213|||||5.750|0.00||||||||||||||27||||||53284.57
F05Q10002092|201707|53140.14|0|148|212|||||5.750|0.00||||||||||||||26||||||53140.14
F05Q10002092|201708|52995.02|0|149|211|||||5.750|0.00||||||||||||||26||||||52995.02
F05Q10002092|201709|52849.20|0|150|210|||||5.750|0.00||||||||||||||26||||||52849.20
F05Q10002092|201710|52702.69|0|151|209|||||5.750|0.00||||||||||||||26||||||52702.69
F05Q10002092|201711|52555.47|0|152|208|||||5.750|0.00||||||||||||||27||||||52555.47
F05Q10002092|201712|52407.55|0|153|207|||||5.750|0.00||||||||||||||28||||||52407.55
F05Q10002092|201801|52258.92|0|154|206|||||5.750|0.00||||||||||||||27||||||52258.92
F05Q10002092|201802|52109.58|0|155|205|||||5.750|0.00||||||||||||||27||||||52109.58
F05Q10002092|201803|51959.52|0|156|204|||||5.750|0.00||||||||||||||27||||||51959.52
F05Q10002092|201804|51808.74|0|157|203|||||5.750|0.00||||||||||||||26||||||51808.74
F05Q10002092|201805|51657.24|0|158|202|||||5.750|0.00||||||||||||||25||||||51657.24
F05Q10002092|201806|51505.01|0|159|201|||||5.750|0.00||||||||||||||25||||||51505.01
F05Q10002092|201807|51352.05|0|160|200|||||5.750|0.00||||||||||||||24||||||51352.05
F05Q10002092|201808|51198.36|0|161|199|||||5.750|0.00||||||||||||||24||||||51198.36
F05Q10002092|201809|51043.94|0|162|198|||||5.750|0.00||||||||||||||24||||||51043.94
F05Q10002092|201810|50888.78|0|163|197|||||5.750|0.00||||||||||||||24||||||50888.78
F05Q10002092|201811|50732.87|0|164|196|||||5.750|0.00||||||||||||||25||||||50732.87
F05Q10002092|201812|50576.22|0|165|195|||||5.750|0.00||||||||||||||25||||||50576.22
F05Q10002092|201901|50418.81|0|166|194|||||5.750|0.00||||||||||||||25||||||50418.81
F05Q10002092|201902|50260.65|0|167|193|||||5.750|0.00||||||||||||||25||||||50260.65
F05Q10002092|201903|50101.73|0|168|192|||||5.750|0.00||||||||||||||25||||||50101.73
F05Q10002092|201904|49942.05|0|169|191|||||5.750|0.00||||||||||||||24||||||49942.05
F05Q10002092|201905|49781.61|0|170|190|||||5.750|0.00||||||||||||||24||||||49781.61
F05Q10002092|201906|49620.40|0|171|189|||||5.750|0.00||||||||||||||24||||||49620.40
F05Q10002092|201907|49295.65|0|172|188|||||5.750|0.00||||||||||||||23||||||49295.65
F05Q10002092|201908|49295.65|0|173|187|||||5.750|0.00||||||||||||||23||||||49295.65
F05Q10002092|201909|49132.11|0|174|186|||||5.750|0.00||||||||||||||23||||||49132.11
F05Q10002092|201910|48967.78|0|175|185|||||5.750|0.00||||||||||||||23||||||48967.78
F05Q10002092|201911|48636.77|0|176|184|||||5.750|0.00||||||||||||||23||||||48636.77
F05Q10002092|201912|48636.77|0|177|183|||||5.750|0.00||||||||||||||23||||||48636.77
F05Q10002092|202001|48302.57|0|178|182|||||5.750|0.00||||||||||||||22||||||48302.57
F05Q10002092|202002|48302.57|0|179|181|||||5.750|0.00||||||||||||||22||||||48302.57
F05Q10002092|202003|48134.27|0|180|180|||||5.750|0.00||||||||||||||22||||||48134.27
F05Q10002092|202004|47795.24|0|181|179|||||5.750|0.00||||||||||||||21||||||47795.24
F05Q10002092|202005|47795.24|0|182|178|||||5.750|0.00||||||||||||||21||||||47795.24
F05Q10002092|202006|47452.96|0|183|177|||||5.750|0.00||||||||||||||21||||||47452.96
F05Q10002092|202007|47452.96|0|184|176|||||5.750|0.00||||||||||||||21||||||47452.96
F05Q10002092|202008|47107.39|0|185|175|||||5.750|0.00||||||||||||||21||||||47107.39
F05Q10002092|202009|46933.36|0|186|174|||||5.750|0.00||||||||||||||21||||||46933.36
F05Q10002092|202010|46758.50|0|187|173|||||5.750|0.00||||||||||||||19||||||46758.50
