F07Q10000023|200701|195000.00|0|000|360|||||6.125|0.00||||||||||||||||||||195000.00
F07Q10000023|200702|195000.00|0|001|359|||||6.125|0.00||||||||||||||||||||195000.00
F07Q10000023|200703|195000.00|0|002|358|||||6.125|0.00||||||||||||||||||||195000.00
F07Q10000023|200704|195000.00|0|003|357|||||6.125|0.00||||||||||||||||||||195000.00
F07Q10000023|200705|194000.00|0|004|356|||||6.125|0.00||||||||||||||||||||194000.00
F07Q10000023|200706|194000.00|0|005|355|||||6.125|0.00||||||||||||||||||||194000.00
F07Q10000023|200707|194000.00|0|006|354|||||6.125|0.00||||||||||||||||||||194000.00
F07Q10000023|200708|193851.39|0|007|353|||||6.125|0.00||||||||||||||||||||193851.39
F07Q10000023|200709|193654.78|0|008|352|||||6.125|0.00||||||||||||||||||||193654.78
F07Q10000023|200710|193457.17|0|009|351|||||6.125|0.00||||||||||||||||||||193457.17
F07Q10000023|200711|193258.55|0|010|350|||||6.125|0.00||||||||||||||||||||193258.55
F07Q10000023|200712|193058.91|0|011|349|||||6.125|0.00||||||||||||||||||||193058.91
F07Q10000023|200801|192858.25|0|012|348|||||6.125|0.00||||||||||||||||||||192858.25
F07Q10000023|200802|192656.57|0|013|347|||||6.125|0.00||||||||||||||||||||192656.57
F07Q10000023|200803|192453.86|0|014|346|||||6.125|0.00||||||||||||||||||||192453.86
F07Q10000023|200804|192250.12|0|015|345|||||6.125|0.00||||||||||||||||||||192250.12
F07Q10000023|200805|192045.34|0|016|344|||||6.125|0.00||||||||||||||||||||192045.34
F07Q10000023|200806|191839.51|0|017|343|||||6.125|0.00||||||||||||||||||||191839.51
F07Q10000023|200807|191632.63|0|018|342|||||6.125|0.00||||||||||||||||||||191632.63
F07Q10000023|200808|191424.69|0|019|341|||||6.125|0.00||||||||||||||||||||191424.69
F07Q10000023|200809|191215.69|0|020|340|||||6.125|0.00||||||||||||||||||||191215.69
F07Q10000023|200810|191005.63|0|021|339|||||6.125|0.00||||||||||||||||||||191005.63
F07Q10000023|200811|190794.49|0|022|338|||||6.125|0.00||||||||||||||||||||190794.49
F07Q10000023|200812|190582.28|0|023|337|||||6.125|0.00||||||||||||||||||||190582.28
F07Q10000023|200901|0.00|0|024|336|||01|200901|6.125|0.00|||||||||||||||190582.28|||||0.00
F07Q10000059|200702|136000.00|0|000|360|||||6.000|0.00||||||||||||||||||||136000.00
F07Q10000059|200703|136000.00|0|001|359|||||6.000|0.00||||||||||||||||||||136000.00
F07Q10000059|200704|135000.00|0|002|358|||||6.000|0.00||||||||||||||||||||135000.00
F07Q10000059|200705|135000.00|0|003|357|||||6.000|0.00||||||||||||||||||||135000.00
F07Q10000059|200706|135000.00|0|004|356|||||6.000|0.00||||||||||||||||||||135000.00
F07Q10000059|200707|135000.00|0|005|355|||||6.000|0.00||||||||||||||||||||135000.00
F07Q10000059|200708|135000.00|0|006|354|||||6.000|0.00||||||||||||||||||||135000.00
F07Q10000059|200709|134771.34|0|007|353|||||6.000|0.00||||||||||||||||||||134771.34
F07Q10000059|200710|134631.01|0|008|352|||||6.000|0.00||||||||||||||||||||134631.01
F07Q10000059|200711|134489.98|0|009|351|||||6.000|0.00||||||||||||||||||||134489.98
F07Q10000059|200712|134348.24|0|010|350|||||6.000|0.00||||||||||||||||||||134348.24
F07Q10000059|200801|134205.79|0|011|349|||||6.000|0.00||||||||||||||||||||134205.79
F07Q10000059|200802|134062.63|0|012|348|||||6.000|0.00||||||||||||||||||||134062.63
F07Q10000059|200803|133918.75|0|013|347|||||6.000|0.00||||||||||||||||||||133918.75
F07Q10000059|200804|133774.15|0|014|346|||||6.000|0.00||||||||||||||||||||133774.15
F07Q10000059|200805|133628.83|0|015|345|||||6.000|0.00||||||||||||||||||||133628.83
F07Q10000059|200806|133482.78|0|016|344|||||6.000|0.00||||||||||||||||||||133482.78
F07Q10000059|200807|133336.00|0|017|343|||||6.000|0.00||||||||||||||||||||133336.00
F07Q10000059|200808|133188.49|0|018|342|||||6.000|0.00||||||||||||||||||||133188.49
F07Q10000059|200809|133040.24|0|019|341|||||6.000|0.00||||||||||||||||||||133040.24
F07Q10000059|200810|132891.25|0|020|340|||||6.000|0.00||||||||||||||||||||132891.25
F07Q10000059|200811|132741.52|0|021|339|||||6.000|0.00||||||||||||||||||||132741.52
F07Q10000059|200812|132591.04|0|022|338|||||6.000|0.00||||||||||||||||||||132591.04
F07Q10000059|200901|132439.81|0|023|337|||||6.000|0.00||||||||||||||||||||132439.81
F07Q10000059|200902|132287.82|0|024|336|||||6.000|0.00||||||||||||||||||||132287.82
F07Q10000059|200903|132135.07|0|025|335|||||6.000|0.00||||||||||||||||||||132135.07
F07Q10000059|200904|131981.56|0|026|334|||||6.000|0.00||||||||||||||||||||131981.56
F07Q10000059|200905|131827.28|0|027|333|||||6.000|0.00||||||||||||||||||||131827.28
F07Q10000059|200906|131672.23|0|028|332|||||6.000|0.00||||||||||||||||||||131672.23
F07Q10000059|200907|131516.40|0|029|331|||||6.000|0.00||||||||||||||||||||131516.40
F07Q10000059|200908|131359.79|0|030|330|||||6.000|0.00||||||||||||||||||||131359.79
F07Q10000059|200909|131202.40|0|031|329|||||6.000|0.00||||||||||||||||||||131202.40
F07Q10000059|200910|131044.22|0|032|328|||||6.000|0.00||||||||||||||||||||131044.22
F07Q10000059|200911|130885.25|0|033|327|||||6.000|0.00||||||||||||||||||||130885.25
F07Q10000059|200912|130725.49|0|034|326|||||6.000|0.00||||||||||||||||||||130725.49
F07Q10000059|201001|130564.93|0|035|325|||||6.000|0.00||||||||||||||||||||130564.93
F07Q10000059|201002|130403.56|0|036|324|||||6.000|0.00||||||||||||||||||||130403.56
F07Q10000059|201003|130241.39|0|037|323|||||6.000|0.00||||||||||||||||||||130241.39
F07Q10000059|201004|130078.41|0|038|322|||||6.000|0.00||||||||||||||||||||130078.41
F07Q10000059|201005|129914.61|0|039|321|||||6.000|0.00||||||||||||||||||||129914.61
F07Q10000059|201006|129749.99|0|040|320|||||6.000|0.00||||||||||||||||||||129749.99
F07Q10000059|201007|129584.55|0|041|319|||||6.000|0.00||||||||||||||||||||129584.55
F07Q10000059|201008|129418.28|0|042|318|||||6.000|0.00||||||||||||||||||||129418.28
F07Q10000059|201009|129251.18|0|043|317|||||6.000|0.00||||||||||||||||||||129251.18
F07Q10000059|201010|129083.25|0|044|316|||||6.000|0.00||||||||||||||||||||129083.25
F07Q10000059|201011|128914.48|0|045|315|||||6.000|0.00||||||||||||||||||||128914.48
F07Q10000059|201012|128744.86|0|046|314|||||6.000|0.00||||||||||||||||||||128744.86
F07Q10000059|201101|128574.39|0|047|313|||||6.000|0.00||||||||||||||||||||128574.39
F07Q10000059|201102|128403.07|0|048|312|||||6.000|0.00||||||||||||||||||||128403.07
F07Q10000059|201103|128230.90|0|049|311|||||6.000|0.00||||||||||||||||||||128230.90
F07Q10000059|201104|128057.86|0|050|310|||||6.000|0.00||||||||||||||||||||128057.86
F07Q10000059|201105|127883.96|0|051|309|||||6.000|0.00||||||||||||||||||||127883.96
F07Q10000059|201106|127709.19|0|052|308|||||6.000|0.00||||||||||||||||||||127709.19
F07Q10000059|201107|127533.55|0|053|307|||||6.000|0.00||||||||||||||||||||127533.55
F07Q10000059|201108|127357.03|0|054|306|||||6.000|0.00||||||||||||||||||||127357.03
F07Q10000059|201109|127179.63|0|055|305|||||6.000|0.00||||||||||||||||||||127179.63
F07Q10000059|201110|127001.34|0|056|304|||||6.000|0.00||||||||||||||||||||127001.34
F07Q10000059|201111|126822.16|0|057|303|||||6.000|0.00||||||||||||||||||||126822.16
F07Q10000059|201112|126642.08|0|058|302|||||6.000|0.00||||||||||||||||||||126642.08
F07Q10000059|201201|126642.08|0|059|301|||||6.000|0.00||||||||||||||||||||126642.08
F07Q10000059|201202|0.00|0|060|300|||01|201202|6.000|0.00|||||||||||||||126642.08|||||0.00
F07Q10000092|200702|137000.00|0|000|360|||||5.750|0.00||||||||||||||||||||137000.00
F07Q10000092|200703|137000.00|0|001|359|||||5.750|0.00||||||||||||||||||||137000.00
F07Q10000092|200704|137000.00|0|002|358|||||5.750|0.00||||||||||||||||||||137000.00
F07Q10000092|200705|137000.00|0|003|357|||||5.750|0.00||||||||||||||||||||137000.00
F07Q10000092|200706|136000.00|0|004|356|||||5.750|0.00||||||||||||||||||||136000.00
F07Q10000092|200707|136000.00|0|005|355|||||5.750|0.00||||||||||||||||||||136000.00
F07Q10000092|200708|136000.00|0|006|354|||||5.750|0.00||||||||||||||||||||136000.00
F07Q10000092|200709|135836.37|0|007|353|||||5.750|0.00||||||||||||||||||||135836.37
F07Q10000092|200710|135687.76|0|008|352|||||5.750|0.00||||||||||||||||||||135687.76
F07Q10000092|200711|135687.76|0|009|351|||||5.750|0.00||||||||||||||||||||135687.76
F07Q10000092|200712|135538.44|0|010|350|||||5.750|0.00||||||||||||||||||||135538.44
F07Q10000092|200801|135154.66|0|011|349|||||5.750|0.00||||||||||||||||||||135154.66
F07Q10000092|200802|135154.66|0|012|348|||||5.750|0.00||||||||||||||||||||135154.66
F07Q10000092|200803|134919.79|0|013|347|||||5.750|0.00||||||||||||||||||||134919.79
F07Q10000092|200804|134683.79|0|014|346|||||5.750|0.00||||||||||||||||||||134683.79
F07Q10000092|200805|134446.66|0|015|345|||||5.750|0.00||||||||||||||||||||134446.66
F07Q10000092|200806|134208.39|0|016|344|||||5.750|0.00||||||||||||||||||||134208.39
F07Q10000092|200807|133968.98|0|017|343|||||5.750|0.00||||||||||||||||||||133968.98
F07Q10000092|200808|133480.70|0|018|342|||||5.750|0.00||||||||||||||||||||133480.70
F07Q10000092|200809|133234.81|0|019|341|||||5.750|0.00||||||||||||||||||||133234.81
F07Q10000092|200810|133234.81|0|020|340|||||5.750|0.00||||||||||||||||||||133234.81
F07Q10000092|200811|132987.74|0|021|339|||||5.750|0.00||||||||||||||||||||132987.74
F07Q10000092|200812|132739.48|0|022|338|||||5.750|0.00||||||||||||||||||||132739.48
F07Q10000092|200901|132239.39|0|023|337|||||5.750|0.00||||||||||||||||||||132239.39
F07Q10000092|200902|131987.55|0|024|336|||||5.750|0.00||||||||||||||||||||131987.55
F07Q10000092|200903|131480.24|0|025|335|||||5.750|0.00||||||||||||||||||||131480.24
F07Q10000092|200904|131480.24|0|026|334|||||5.750|0.00||||||||||||||||||||131480.24
F07Q10000092|200905|131480.24|0|027|333|||||5.750|0.00||||||||||||||||||||131480.24
F07Q10000092|200906|0.00|0|028|332|||01|200906|5.750|0.00|||||||||||||||131480.24|||||0.00
F07Q10000141|200702|285000.00|0|000|360|||||6.250|0.00||||||||||||||||||||285000.00
F07Q10000141|200703|285000.00|0|001|359|||||6.250|0.00||||||||||||||||||||285000.00
F07Q10000141|200704|285000.00|0|002|358|||||6.250|0.00||||||||||||||||||||285000.00
F07Q10000141|200705|284000.00|0|003|357|||||6.250|0.00||||||||||||||||||||284000.00
F07Q10000141|200706|284000.00|0|004|356|||||6.250|0.00||||||||||||||||||||284000.00
F07Q10000141|200707|284000.00|0|005|355|||||6.250|0.00||||||||||||||||||||284000.00
F07Q10000141|200708|283000.00|0|006|354|||||6.250|0.00||||||||||||||||||||283000.00
F07Q10000141|200709|283077.27|0|007|353|||||6.250|0.00||||||||||||||||||||283077.27
F07Q10000141|200710|282796.84|0|008|352|||||6.250|0.00||||||||||||||||||||282796.84
F07Q10000141|200711|282514.95|0|009|351|||||6.250|0.00||||||||||||||||||||282514.95
F07Q10000141|200712|282231.59|0|010|350|||||6.250|0.00||||||||||||||||||||282231.59
F07Q10000141|200801|281946.76|0|011|349|||||6.250|0.00||||||||||||||||||||281946.76
F07Q10000141|200802|281660.44|0|012|348|||||6.250|0.00||||||||||||||||||||281660.44
F07Q10000141|200803|281372.63|0|013|347|||||6.250|0.00||||||||||||||||||||281372.63
F07Q10000141|200804|281083.32|0|014|346|||||6.250|0.00||||||||||||||||||||281083.32
F07Q10000141|200805|280792.51|0|015|345|||||6.250|0.00||||||||||||||||||||280792.51
F07Q10000141|200806|280792.51|0|016|344|||||6.250|0.00||||||||||||||||||||280792.51
F07Q10000141|200807|280206.33|0|017|343|||||6.250|0.00||||||||||||||||||||280206.33
F07Q10000141|200808|279910.95|0|018|342|||||6.250|0.00||||||||||||||||||||279910.95
F07Q10000141|200809|279614.03|0|019|341|||||6.250|0.00||||||||||||||||||||279614.03
F07Q10000141|200810|279315.56|0|020|340|||||6.250|0.00||||||||||||||||||||279315.56
F07Q10000141|200811|279015.54|0|021|339|||||6.250|0.00||||||||||||||||||||279015.54
F07Q10000141|200812|278713.96|0|022|338|||||6.250|0.00||||||||||||||||||||278713.96
F07Q10000141|200901|0.00|0|023|337|||01|200901|6.250|0.00|||||||||||||||278713.96|||||0.00
F07Q10000187|200702|224000.00|0|000|360|||||6.000|0.00||||||||||||||||||||224000.00
F07Q10000187|200703|224000.00|0|001|359|||||6.000|0.00||||||||||||||||||||224000.00
F07Q10000187|200704|224000.00|0|002|358|||||6.000|0.00||||||||||||||||||||224000.00
F07Q10000187|200705|223000.00|0|003|357|||||6.000|0.00||||||||||||||||||||223000.00
F07Q10000187|200706|223000.00|0|004|356|||||6.000|0.00||||||||||||||||||||223000.00
F07Q10000187|200707|223000.00|0|005|355|||||6.000|0.00||||||||||||||||||||223000.00
F07Q10000187|200708|223000.00|0|006|354|||||6.000|0.00||||||||||||||||||||223000.00
F07Q10000187|200709|222377.70|0|007|353|||||6.000|0.00||||||||||||||||||||222377.70
F07Q10000187|200710|222146.60|0|008|352|||||6.000|0.00||||||||||||||||||||222146.60
F07Q10000187|200711|221914.34|0|009|351|||||6.000|0.00||||||||||||||||||||221914.34
F07Q10000187|200712|221680.92|0|010|350|||||6.000|0.00||||||||||||||||||||221680.92
F07Q10000187|200801|221446.33|0|011|349|||||6.000|0.00||||||||||||||||||||221446.33
F07Q10000187|200802|221210.57|0|012|348|||||6.000|0.00||||||||||||||||||||221210.57
F07Q10000187|200803|220973.63|0|013|347|||||6.000|0.00||||||||||||||||||||220973.63
F07Q10000187|200804|220735.51|0|014|346|||||6.000|0.00||||||||||||||||||||220735.51
F07Q10000187|200805|220496.20|0|015|345|||||6.000|0.00||||||||||||||||||||220496.20
F07Q10000187|200806|220255.69|0|016|344|||||6.000|0.00||||||||||||||||||||220255.69
F07Q10000187|200807|220013.98|0|017|343|||||6.000|0.00||||||||||||||||||||220013.98
F07Q10000187|200808|219771.06|0|018|342|||||6.000|0.00||||||||||||||||||||219771.06
F07Q10000187|200809|219526.93|0|019|341|||||6.000|0.00||||||||||||||||||||219526.93
F07Q10000187|200810|219281.57|0|020|340|||||6.000|0.00||||||||||||||||||||219281.57
F07Q10000187|200811|219034.99|0|021|339|||||6.000|0.00||||||||||||||||||||219034.99
F07Q10000187|200812|218787.17|0|022|338|||||6.000|0.00||||||||||||||||||||218787.17
F07Q10000187|200901|218538.12|0|023|337|||||6.000|0.00||||||||||||||||||||218538.12
F07Q10000187|200902|218287.82|0|024|336|||||6.000|0.00||||||||||||||||||||218287.82
F07Q10000187|200903|218036.27|0|025|335|||||6.000|0.00||||||||||||||||||||218036.27
F07Q10000187|200904|217783.46|0|026|334|||||6.000|0.00||||||||||||||||||||217783.46
F07Q10000187|200905|217529.39|0|027|333|||||6.000|0.00||||||||||||||||||||217529.39
F07Q10000187|200906|217274.05|0|028|332|||||6.000|0.00||||||||||||||||||||217274.05
F07Q10000187|200907|217017.43|0|029|331|||||6.000|0.00||||||||||||||||||||217017.43
F07Q10000187|200908|216759.53|0|030|330|||||6.000|0.00||||||||||||||||||||216759.53
F07Q10000187|200909|216500.34|0|031|329|||||6.000|0.00||||||||||||||||||||216500.34
F07Q10000187|200910|216239.85|0|032|328|||||6.000|0.00||||||||||||||||||||216239.85
F07Q10000187|200911|215978.06|0|033|327|||||6.000|0.00||||||||||||||||||||215978.06
F07Q10000187|200912|215714.96|0|034|326|||||6.000|0.00||||||||||||||||||||215714.96
F07Q10000187|201001|0.00|0|035|325|||01|201001|6.000|0.00|||||||||||||||215714.96|||||0.00
F07Q10000196|200701|132000.00|0|000|360|||||7.250|0.00||||||||||||||||||||132000.00
F07Q10000196|200702|132000.00|0|001|359|||||7.250|0.00||||||||||||||||||||132000.00
F07Q10000196|200703|132000.00|0|002|358|||||7.250|0.00||||||||||||||||||||132000.00
F07Q10000196|200704|132000.00|0|003|357|||||7.250|0.00||||||||||||||||||||132000.00
F07Q10000196|200705|132000.00|0|004|356|||||7.250|0.00||||||||||||||||||||132000.00
F07Q10000196|200706|132000.00|0|005|355|||||7.250|0.00||||||||||||||||||||132000.00
F07Q10000196|200707|132000.00|0|006|354|||||7.250|0.00||||||||||||||||||||132000.00
F07Q10000196|200708|131564.32|0|007|353|||||7.250|0.00||||||||||||||||||||131564.32
F07Q10000196|200709|131456.67|0|008|352|||||7.250|0.00||||||||||||||||||||131456.67
F07Q10000196|200710|131348.37|0|009|351|||||7.250|0.00||||||||||||||||||||131348.37
F07Q10000196|200711|131239.41|0|010|350|||||7.250|0.00||||||||||||||||||||131239.41
F07Q10000196|200712|131129.79|0|011|349|||||7.250|0.00||||||||||||||||||||131129.79
F07Q10000196|200801|131129.79|0|012|348|||||7.250|0.00||||||||||||||||||||131129.79
F07Q10000196|200802|131019.51|0|013|347|||||7.250|0.00||||||||||||||||||||131019.51
F07Q10000196|200803|130796.96|0|014|346|||||7.250|0.00||||||||||||||||||||130796.96
F07Q10000196|200804|0.00|0|015|345|||01|200804|7.250|0.00|||||||||||||||130796.96|||||0.00
F07Q10000256|200702|133000.00|0|000|180|||||6.000|0.00||||||||||||||||||||133000.00
F07Q10000256|200703|133000.00|0|001|179|||||6.000|0.00||||||||||||||||||||133000.00
F07Q10000256|200704|132000.00|0|002|178|||||6.000|0.00||||||||||||||||||||132000.00
F07Q10000256|200705|132000.00|0|003|177|||||6.000|0.00||||||||||||||||||||132000.00
F07Q10000256|200706|131000.00|0|004|176|||||6.000|0.00||||||||||||||||||||131000.00
F07Q10000256|200707|131000.00|0|005|175|||||6.000|0.00||||||||||||||||||||131000.00
F07Q10000256|200708|130000.00|0|006|174|||||6.000|0.00||||||||||||||||||||130000.00
F07Q10000256|200709|129692.72|0|007|173|||||6.000|0.00||||||||||||||||||||129692.72
F07Q10000256|200710|129218.85|0|008|172|||||6.000|0.00||||||||||||||||||||129218.85
F07Q10000256|200711|128742.61|0|009|171|||||6.000|0.00||||||||||||||||||||128742.61
F07Q10000256|200712|128263.99|0|010|170|||||6.000|0.00||||||||||||||||||||128263.99
F07Q10000256|200801|127782.98|0|011|169|||||6.000|0.00||||||||||||||||||||127782.98
F07Q10000256|200802|127299.56|0|012|168|||||6.000|0.00||||||||||||||||||||127299.56
F07Q10000256|200803|126813.73|0|013|167|||||6.000|0.00||||||||||||||||||||126813.73
F07Q10000256|200804|126325.47|0|014|166|||||6.000|0.00||||||||||||||||||||126325.47
F07Q10000256|200805|125834.77|0|015|165|||||6.000|0.00||||||||||||||||||||125834.77
F07Q10000256|200806|125341.61|0|016|164|||||6.000|0.00||||||||||||||||||||125341.61
F07Q10000256|200807|124845.99|0|017|163|||||6.000|0.00||||||||||||||||||||124845.99
F07Q10000256|200808|124347.89|0|018|162|||||6.000|0.00||||||||||||||||||||124347.89
F07Q10000256|200809|123847.30|0|019|161|||||6.000|0.00||||||||||||||||||||123847.30
F07Q10000256|200810|123344.21|0|020|160|||||6.000|0.00||||||||||||||||||||123344.21
F07Q10000256|200811|122838.60|0|021|159|||||6.000|0.00||||||||||||||||||||122838.60
F07Q10000256|200812|122330.46|0|022|158|||||6.000|0.00||||||||||||||||||||122330.46
F07Q10000256|200901|121819.78|0|023|157|||||6.000|0.00||||||||||||||||||||121819.78
F07Q10000256|200902|121306.55|0|024|156|||||6.000|0.00||||||||||||||||||||121306.55
F07Q10000256|200903|120790.75|0|025|155|||||6.000|0.00||||||||||||||||||||120790.75
F07Q10000256|200904|120272.37|0|026|154|||||6.000|0.00||||||||||||||||||||120272.37
F07Q10000256|200905|119751.40|0|027|153|||||6.000|0.00||||||||||||||||||||119751.40
F07Q10000256|200906|119227.83|0|028|152|||||6.000|0.00||||||||||||||||||||119227.83
F07Q10000256|200907|118701.64|0|029|151|||||6.000|0.00||||||||||||||||||||118701.64
F07Q10000256|200908|118172.82|0|030|150|||||6.000|0.00||||||||||||||||||||118172.82
F07Q10000256|200909|117641.35|0|031|149|||||6.000|0.00||||||||||||||||||||117641.35
F07Q10000256|200910|117107.23|0|032|148|||||6.000|0.00||||||||||||||||||||117107.23
F07Q10000256|200911|116570.44|0|033|147|||||6.000|0.00||||||||||||||||||||116570.44
F07Q10000256|200912|116030.96|0|034|146|||||6.000|0.00||||||||||||||||||||116030.96
F07Q10000256|201001|115488.78|0|035|145|||||6.000|0.00||||||||||||||||||||115488.78
F07Q10000256|201002|114943.89|0|036|144|||||6.000|0.00||||||||||||||||||||114943.89
F07Q10000256|201003|114396.28|0|037|143|||||6.000|0.00||||||||||||||||||||114396.28
F07Q10000256|201004|113845.93|0|038|142|||||6.000|0.00||||||||||||||||||||113845.93
F07Q10000256|201005|113845.93|0|039|141|||||6.000|0.00||||||||||||||||||||113845.93
F07Q10000256|201006|112736.96|0|040|140|||||6.000|0.00||||||||||||||||||||112736.96
F07Q10000256|201007|112178.31|0|041|139|||||6.000|0.00||||||||||||||||||||112178.31
F07Q10000256|201008|111616.87|0|042|138|||||6.000|0.00||||||||||||||||||||111616.87
F07Q10000256|201009|111052.62|0|043|137|||||6.000|0.00||||||||||||||||||||111052.62
F07Q10000256|201010|110485.55|0|044|136|||||6.000|0.00||||||||||||||||||||110485.55
F07Q10000256|201011|109915.65|0|045|135|||||6.000|0.00||||||||||||||||||||109915.65
F07Q10000256|201012|109342.90|0|046|134|||||6.000|0.00||||||||||||||||||||109342.90
F07Q10000256|201101|108767.28|0|047|133|||||6.000|0.00||||||||||||||||||||108767.28
F07Q10000256|201102|108188.79|0|048|132|||||6.000|0.00||||||||||||||||||||108188.79
F07Q10000256|201103|107607.40|0|049|131|||||6.000|0.00||||||||||||||||||||107607.40
F07Q10000256|201104|107023.11|0|050|130|||||6.000|0.00||||||||||||||||||||107023.11
F07Q10000256|201105|106435.90|0|051|129|||||6.000|0.00||||||||||||||||||||106435.90
F07Q10000256|201106|105845.75|0|052|128|||||6.000|0.00||||||||||||||||||||105845.75
F07Q10000256|201107|105252.65|0|053|127|||||6.000|0.00||||||||||||||||||||105252.65
F07Q10000256|201108|104656.58|0|054|126|||||6.000|0.00||||||||||||||||||||104656.58
F07Q10000256|201109|104057.53|0|055|125|||||6.000|0.00||||||||||||||||||||104057.53
F07Q10000256|201110|103455.49|0|056|124|||||6.000|0.00||||||||||||||||||||103455.49
F07Q10000256|201111|102850.44|0|057|123|||||6.000|0.00||||||||||||||||||||102850.44
F07Q10000256|201112|102242.36|0|058|122|||||6.000|0.00||||||||||||||||||||102242.36
F07Q10000256|201201|101631.24|0|059|121|||||6.000|0.00||||||||||||||||||||101631.24
F07Q10000256|201202|0.00|0|060|120|||01|201202|6.000|0.00|||||||||||||||101631.24|||||0.00
F07Q10000269|200702|200000.00|0|000|360|||||6.500|0.00||||||||||||||||||||200000.00
F07Q10000269|200703|200000.00|0|001|359|||||6.500|0.00||||||||||||||||||||200000.00
F07Q10000269|200704|200000.00|0|002|358|||||6.500|0.00||||||||||||||||||||200000.00
F07Q10000269|200705|199000.00|0|003|357|||||6.500|0.00||||||||||||||||||||199000.00
F07Q10000269|200706|199000.00|0|004|356|||||6.500|0.00||||||||||||||||||||199000.00
F07Q10000269|200707|199000.00|0|005|355|||||6.500|0.00||||||||||||||||||||199000.00
F07Q10000269|200708|199000.00|0|006|354|||||6.500|0.00||||||||||||||||||||199000.00
F07Q10000269|200709|198713.59|0|007|353|||||6.500|0.00||||||||||||||||||||198713.59
F07Q10000269|200710|198525.82|0|008|352|||||6.500|0.00||||||||||||||||||||198525.82
F07Q10000269|200711|198337.03|0|009|351|||||6.500|0.00||||||||||||||||||||198337.03
F07Q10000269|200712|198147.22|0|010|350|||||6.500|0.00||||||||||||||||||||198147.22
F07Q10000269|200801|197956.38|0|011|349|||||6.500|0.00||||||||||||||||||||197956.38
F07Q10000269|200802|197764.50|0|012|348|||||6.500|0.00||||||||||||||||||||197764.50
F07Q10000269|200803|197571.58|0|013|347|||||6.500|0.00||||||||||||||||||||197571.58
F07Q10000269|200804|197377.62|0|014|346|||||6.500|0.00||||||||||||||||||||197377.62
F07Q10000269|200805|197182.61|0|015|345|||||6.500|0.00||||||||||||||||||||197182.61
F07Q10000269|200806|196986.54|0|016|344|||||6.500|0.00||||||||||||||||||||196986.54
F07Q10000269|200807|196789.41|0|017|343|||||6.500|0.00||||||||||||||||||||196789.41
F07Q10000269|200808|196591.21|0|018|342|||||6.500|0.00||||||||||||||||||||196591.21
F07Q10000269|200809|196391.94|0|019|341|||||6.500|0.00||||||||||||||||||||196391.94
F07Q10000269|200810|196191.59|0|020|340|||||6.500|0.00||||||||||||||||||||196191.59
F07Q10000269|200811|195990.15|0|021|339|||||6.500|0.00||||||||||||||||||||195990.15
F07Q10000269|200812|195787.62|0|022|338|||||6.500|0.00||||||||||||||||||||195787.62
F07Q10000269|200901|195584.00|0|023|337|||||6.500|0.00||||||||||||||||||||195584.00
F07Q10000269|200902|195379.27|0|024|336|||||6.500|0.00||||||||||||||||||||195379.27
F07Q10000269|200903|195173.43|0|025|335|||||6.500|0.00||||||||||||||||||||195173.43
F07Q10000269|200904|194966.48|0|026|334|||||6.500|0.00||||||||||||||||||||194966.48
F07Q10000269|200905|194758.41|0|027|333|||||6.500|0.00||||||||||||||||||||194758.41
F07Q10000269|200906|194549.21|0|028|332|||||6.500|0.00||||||||||||||||||||194549.21
F07Q10000269|200907|194338.88|0|029|331|||||6.500|0.00||||||||||||||||||||194338.88
F07Q10000269|200908|194127.41|0|030|330|||||6.500|0.00||||||||||||||||||||194127.41
F07Q10000269|200909|193914.79|0|031|329|||||6.500|0.00||||||||||||||||||||193914.79
F07Q10000269|200910|193701.02|0|032|328|||||6.500|0.00||||||||||||||||||||193701.02
F07Q10000269|200911|193486.09|0|033|327|||||6.500|0.00||||||||||||||||||||193486.09
F07Q10000269|200912|193270.00|0|034|326|||||6.500|0.00||||||||||||||||||||193270.00
F07Q10000269|201001|193052.74|0|035|325|||||6.500|0.00||||||||||||||||||||193052.74
F07Q10000269|201002|192834.30|0|036|324|||||6.500|0.00||||||||||||||||||||192834.30
F07Q10000269|201003|192614.68|0|037|323|||||6.500|0.00||||||||||||||||||||192614.68
F07Q10000269|201004|192393.87|0|038|322|||||6.500|0.00||||||||||||||||||||192393.87
F07Q10000269|201005|192171.86|0|039|321|||||6.500|0.00||||||||||||||||||||192171.86
F07Q10000269|201006|191948.65|0|040|320|||||6.500|0.00||||||||||||||||||||191948.65
F07Q10000269|201007|191724.23|0|041|319|||||6.500|0.00||||||||||||||||||||191724.23
F07Q10000269|201008|191498.60|0|042|318|||||6.500|0.00||||||||||||||||||||191498.60
F07Q10000269|201009|191271.74|0|043|317|||||6.500|0.00||||||||||||||||||||191271.74
F07Q10000269|201010|191043.66|0|044|316|||||6.500|0.00||||||||||||||||||||191043.66
F07Q10000269|201011|190814.34|0|045|315|||||6.500|0.00||||||||||||||||||||190814.34
F07Q10000269|201012|190583.78|0|046|314|||||6.500|0.00||||||||||||||||||||190583.78
F07Q10000269|201101|190351.97|0|047|313|||||6.500|0.00||||||||||||||||||||190351.97
F07Q10000269|201102|190118.90|0|048|312|||||6.500|0.00||||||||||||||||||||190118.90
F07Q10000269|201103|189884.57|0|049|311|||||6.500|0.00||||||||||||||||||||189884.57
F07Q10000269|201104|189648.97|0|050|310|||||6.500|0.00||||||||||||||||||||189648.97
F07Q10000269|201105|189412.10|0|051|309|||||6.500|0.00||||||||||||||||||||189412.10
F07Q10000269|201106|189173.94|0|052|308|||||6.500|0.00||||||||||||||||||||189173.94
F07Q10000269|201107|188934.49|0|053|307|||||6.500|0.00||||||||||||||||||||188934.49
F07Q10000269|201108|188693.75|0|054|306|||||6.500|0.00||||||||||||||||||||188693.75
F07Q10000269|201109|188451.70|0|055|305|||||6.500|0.00||||||||||||||||||||188451.70
F07Q10000269|201110|188208.34|0|056|304|||||6.500|0.00||||||||||||||||||||188208.34
F07Q10000269|201111|187963.66|0|057|303|||||6.500|0.00||||||||||||||||||||187963.66
F07Q10000269|201112|187717.66|0|058|302|||||6.500|0.00||||||||||||||||||||187717.66
F07Q10000269|201201|187470.32|0|059|301|||||6.500|0.00||||||||||||||||||||187470.32
F07Q10000269|201202|187221.64|0|060|300|||||6.500|0.00||||||||||||||||||||187221.64
F07Q10000269|201203|186971.62|0|061|299|||||6.500|0.00||||||||||||||||||||186971.62
F07Q10000269|201204|186720.24|0|062|298|||||6.500|0.00||||||||||||||||||||186720.24
F07Q10000269|201205|186467.50|0|063|297|||||6.500|0.00||||||||||||||||||||186467.50
F07Q10000269|201206|0.00|0|064|296|||01|201206|6.500|0.00|||||||||||||||186467.50|||||0.00
F07Q10000270|200701|216000.00|0|000|360|||||6.250|0.00||||||||||||||||||||216000.00
F07Q10000270|200702|216000.00|0|001|359|||||6.250|0.00||||||||||||||||||||216000.00
F07Q10000270|200703|216000.00|0|002|358|||||6.250|0.00||||||||||||||||||||216000.00
F07Q10000270|200704|215000.00|0|003|357|||||6.250|0.00||||||||||||||||||||215000.00
F07Q10000270|200705|215000.00|0|004|356|||||6.250|0.00||||||||||||||||||||215000.00
F07Q10000270|200706|215000.00|0|005|355|||||6.250|0.00||||||||||||||||||||215000.00
F07Q10000270|200707|215000.00|0|006|354|||||6.250|0.00||||||||||||||||||||215000.00
F07Q10000270|200708|214542.74|0|007|353|||||6.250|0.00||||||||||||||||||||214542.74
F07Q10000270|200709|214330.20|0|008|352|||||6.250|0.00||||||||||||||||||||214330.20
F07Q10000270|200710|214116.55|0|009|351|||||6.250|0.00||||||||||||||||||||214116.55
F07Q10000270|200711|213901.79|0|010|350|||||6.250|0.00||||||||||||||||||||213901.79
F07Q10000270|200712|213685.91|0|011|349|||||6.250|0.00||||||||||||||||||||213685.91
F07Q10000270|200801|213468.91|0|012|348|||||6.250|0.00||||||||||||||||||||213468.91
F07Q10000270|200802|213250.78|0|013|347|||||6.250|0.00||||||||||||||||||||213250.78
F07Q10000270|200803|213031.51|0|014|346|||||6.250|0.00||||||||||||||||||||213031.51
F07Q10000270|200804|212811.10|0|015|345|||||6.250|0.00||||||||||||||||||||212811.10
F07Q10000270|200805|212589.54|0|016|344|||||6.250|0.00||||||||||||||||||||212589.54
F07Q10000270|200806|212366.83|0|017|343|||||6.250|0.00||||||||||||||||||||212366.83
F07Q10000270|200807|212142.96|0|018|342|||||6.250|0.00||||||||||||||||||||212142.96
F07Q10000270|200808|211917.92|0|019|341|||||6.250|0.00||||||||||||||||||||211917.92
F07Q10000270|200809|211691.71|0|020|340|||||6.250|0.00||||||||||||||||||||211691.71
F07Q10000270|200810|211463.36|0|021|339|||||6.250|0.00||||||||||||||||||||211463.36
F07Q10000270|200811|211234.78|0|022|338|||||6.250|0.00||||||||||||||||||||211234.78
F07Q10000270|200812|211005.01|0|023|337|||||6.250|0.00||||||||||||||||||||211005.01
F07Q10000270|200901|210774.04|0|024|336|||||6.250|0.00||||||||||||||||||||210774.04
F07Q10000270|200902|210541.87|0|025|335|||||6.250|0.00||||||||||||||||||||210541.87
F07Q10000270|200903|210308.49|0|026|334|||||6.250|0.00||||||||||||||||||||210308.49
F07Q10000270|200904|210073.90|0|027|333|||||6.250|0.00||||||||||||||||||||210073.90
F07Q10000270|200905|0.00|0|028|332|||01|200905|6.250|0.00|||||||||||||||210073.90|||||0.00
F07Q10000365|200702|79000.00|0|000|240|||||6.250|0.00||||||||||||||||||||79000.00
F07Q10000365|200703|79000.00|0|001|239|||||6.250|0.00||||||||||||||||||||79000.00
F07Q10000365|200704|79000.00|0|002|238|||||6.250|0.00||||||||||||||||||||79000.00
F07Q10000365|200705|78000.00|0|003|237|||||6.250|0.00||||||||||||||||||||78000.00
F07Q10000365|200706|78000.00|0|004|236|||||6.250|0.00||||||||||||||||||||78000.00
F07Q10000365|200707|78000.00|0|005|235|||||6.250|0.00||||||||||||||||||||78000.00
F07Q10000365|200708|78000.00|0|006|234|||||6.250|0.00||||||||||||||||||||78000.00
F07Q10000365|200709|77670.05|0|007|233|||||6.250|0.00||||||||||||||||||||77670.05
F07Q10000365|200710|77467.49|0|008|232|||||6.250|0.00||||||||||||||||||||77467.49
F07Q10000365|200711|77263.88|0|009|231|||||6.250|0.00||||||||||||||||||||77263.88
F07Q10000365|200712|77059.21|0|010|230|||||6.250|0.00||||||||||||||||||||77059.21
F07Q10000365|200801|76853.47|0|011|229|||||6.250|0.00||||||||||||||||||||76853.47
F07Q10000365|200802|76646.66|0|012|228|||||6.250|0.00||||||||||||||||||||76646.66
F07Q10000365|200803|76468.43|0|013|227|||||6.250|0.00||||||||||||||||||||76468.43
F07Q10000365|200804|76289.27|0|014|226|||||6.250|0.00||||||||||||||||||||76289.27
F07Q10000365|200805|76109.18|0|015|225|||||6.250|0.00||||||||||||||||||||76109.18
F07Q10000365|200806|75928.15|0|016|224|||||6.250|0.00||||||||||||||||||||75928.15
F07Q10000365|200807|75746.18|0|017|223|||||6.250|0.00||||||||||||||||||||75746.18
F07Q10000365|200808|0.00|0|018|222|||01|200808|6.250|0.00|||||||||||||||75746.18|||||0.00
F07Q10000382|200702|25000.00|0|000|180|||||6.000|0.00||||||||||||||||||||25000.00
F07Q10000382|200703|25000.00|0|001|179|||||6.000|0.00||||||||||||||||||||25000.00
F07Q10000382|200704|25000.00|0|002|178|||||6.000|0.00||||||||||||||||||||25000.00
F07Q10000382|200705|25000.00|0|003|177|||||6.000|0.00||||||||||||||||||||25000.00
F07Q10000382|200706|25000.00|0|004|176|||||6.000|0.00||||||||||||||||||||25000.00
F07Q10000382|200707|25000.00|0|005|175|||||6.000|0.00||||||||||||||||||||25000.00
F07Q10000382|200708|25000.00|0|006|174|||||6.000|0.00||||||||||||||||||||25000.00
F07Q10000382|200709|24427.67|0|007|173|||||6.000|0.00||||||||||||||||||||24427.67
F07Q10000382|200710|24221.61|0|008|172|||||6.000|0.00||||||||||||||||||||24221.61
F07Q10000382|200711|24221.61|0|009|171|||||6.000|0.00||||||||||||||||||||24221.61
F07Q10000382|200712|24022.15|0|010|170|||||6.000|0.00||||||||||||||||||||24022.15
F07Q10000382|200801|23916.38|0|011|169|||||6.000|0.00||||||||||||||||||||23916.38
F07Q10000382|200802|23916.38|0|012|168|||||6.000|0.00||||||||||||||||||||23916.38
F07Q10000382|200803|23820.63|0|013|167|||||6.000|0.00||||||||||||||||||||23820.63
F07Q10000382|200804|23713.85|0|014|166|||||6.000|0.00||||||||||||||||||||23713.85
F07Q10000382|200805|23509.30|0|015|165|||||6.000|0.00||||||||||||||||||||23509.30
F07Q10000382|200806|23410.97|0|016|164|||||6.000|0.00||||||||||||||||||||23410.97
F07Q10000382|200807|23302.14|0|017|163|||||6.000|0.00||||||||||||||||||||23302.14
F07Q10000382|200808|23207.69|0|018|162|||||6.000|0.00||||||||||||||||||||23207.69
F07Q10000382|200809|23047.85|0|019|161|||||6.000|0.00||||||||||||||||||||23047.85
F07Q10000382|200810|22937.21|0|020|160|||||6.000|0.00||||||||||||||||||||22937.21
F07Q10000382|200811|22822.15|0|021|159|||||6.000|0.00||||||||||||||||||||22822.15
F07Q10000382|200812|22706.51|0|022|158|||||6.000|0.00||||||||||||||||||||22706.51
F07Q10000382|200901|22590.29|0|023|157|||||6.000|0.00||||||||||||||||||||22590.29
F07Q10000382|200902|22590.29|0|024|156|||||6.000|0.00||||||||||||||||||||22590.29
F07Q10000382|200903|22473.49|0|025|155|||||6.000|0.00||||||||||||||||||||22473.49
F07Q10000382|200904|22366.66|0|026|154|||||6.000|0.00||||||||||||||||||||22366.66
F07Q10000382|200905|22259.29|0|027|153|||||6.000|0.00||||||||||||||||||||22259.29
F07Q10000382|200906|22032.40|0|028|152|||||6.000|0.00||||||||||||||||||||22032.40
F07Q10000382|200907|22032.40|0|029|151|||||6.000|0.00||||||||||||||||||||22032.40
F07Q10000382|200908|21923.36|0|030|150|||||6.000|0.00||||||||||||||||||||21923.36
F07Q10000382|200909|21682.50|0|031|149|||||6.000|0.00||||||||||||||||||||21682.50
F07Q10000382|200910|21682.50|0|032|148|||||6.000|0.00||||||||||||||||||||21682.50
F07Q10000382|200911|21456.91|0|033|147|||||6.000|0.00||||||||||||||||||||21456.91
F07Q10000382|200912|21456.91|0|034|146|||||6.000|0.00||||||||||||||||||||21456.91
F07Q10000382|201001|21236.18|0|035|145|||||6.000|0.00||||||||||||||||||||21236.18
F07Q10000382|201002|21236.18|0|036|144|||||6.000|0.00||||||||||||||||||||21236.18
F07Q10000382|201003|21130.25|0|037|143|||||6.000|0.00||||||||||||||||||||21130.25
F07Q10000382|201004|20906.25|0|038|142|||||6.000|0.00||||||||||||||||||||20906.25
F07Q10000382|201005|20906.25|0|039|141|||||6.000|0.00||||||||||||||||||||20906.25
F07Q10000382|201006|20788.12|0|040|140|||||6.000|0.00||||||||||||||||||||20788.12
F07Q10000382|201007|20679.95|0|041|139|||||6.000|0.00||||||||||||||||||||20679.95
F07Q10000382|201008|20571.24|0|042|138|||||6.000|0.00||||||||||||||||||||20571.24
F07Q10000382|201009|20461.99|0|043|137|||||6.000|0.00||||||||||||||||||||20461.99
F07Q10000382|201010|20352.19|0|044|136|||||6.000|0.00||||||||||||||||||||20352.19
F07Q10000382|201011|20231.29|0|045|135|||||6.000|0.00||||||||||||||||||||20231.29
F07Q10000382|201012|20106.76|0|046|134|||||6.000|0.00||||||||||||||||||||20106.76
F07Q10000382|201101|19992.15|0|047|133|||||6.000|0.00||||||||||||||||||||19992.15
F07Q10000382|201102|19859.86|0|048|132|||||6.000|0.00||||||||||||||||||||19859.86
F07Q10000382|201103|19726.91|0|049|131|||||6.000|0.00||||||||||||||||||||19726.91
F07Q10000382|201104|19448.46|0|050|130|||||6.000|0.00||||||||||||||||||||19448.46
F07Q10000382|201105|19302.90|0|051|129|||||6.000|0.00||||||||||||||||||||19302.90
F07Q10000382|201106|19302.90|0|052|128|||||6.000|0.00||||||||||||||||||||19302.90
F07Q10000382|201107|19167.16|0|053|127|||||6.000|0.00||||||||||||||||||||19167.16
F07Q10000382|201108|19030.75|0|054|126|||||6.000|0.00||||||||||||||||||||19030.75
F07Q10000382|201109|18883.10|0|055|125|||||6.000|0.00||||||||||||||||||||18883.10
F07Q10000382|201110|18596.20|0|056|124|||||6.000|0.00||||||||||||||||||||18596.20
F07Q10000382|201111|18446.97|0|057|123|||||6.000|0.00||||||||||||||||||||18446.97
F07Q10000382|201112|18296.99|0|058|122|||||6.000|0.00||||||||||||||||||||18296.99
F07Q10000382|201201|18146.26|0|059|121|||||6.000|0.00||||||||||||||||||||18146.26
F07Q10000382|201202|17994.78|0|060|120|||||6.000|0.00||||||||||||||||||||17994.78
F07Q10000382|201203|17842.54|0|061|119|||||6.000|0.00||||||||||||||||||||17842.54
F07Q10000382|201204|17689.54|0|062|118|||||6.000|0.00||||||||||||||||||||17689.54
F07Q10000382|201205|17535.78|0|063|117|||||6.000|0.00||||||||||||||||||||17535.78
F07Q10000382|201206|17381.25|0|064|116|||||6.000|0.00||||||||||||||||||||17381.25
F07Q10000382|201207|17175.95|0|065|115|||||6.000|0.00||||||||||||||||||||17175.95
F07Q10000382|201208|16919.62|0|066|114|||||6.000|0.00||||||||||||||||||||16919.62
F07Q10000382|201209|16662.01|0|067|113|||||6.000|0.00||||||||||||||||||||16662.01
F07Q10000382|201210|16403.11|0|068|112|||||6.000|0.00||||||||||||||||||||16403.11
F07Q10000382|201211|16142.09|0|069|111|||||6.000|0.00||||||||||||||||||||16142.09
F07Q10000382|201212|15879.76|0|070|110|||||6.000|0.00||||||||||||||||||||15879.76
F07Q10000382|201301|15616.12|0|071|109|||||6.000|0.00||||||||||||||||||||15616.12
F07Q10000382|201302|15353.24|0|072|108|||||6.000|0.00||||||||||||||||||||15353.24
F07Q10000382|201303|15089.05|0|073|107|||||6.000|0.00||||||||||||||||||||15089.05
F07Q10000382|201304|14823.54|0|074|106|||||6.000|0.00||||||||||||||||||||14823.54
F07Q10000382|201305|14556.70|0|075|105|||||6.000|0.00||||||||||||||||||||14556.70
F07Q10000382|201306|14288.52|0|076|104|||||6.000|0.00||||||||||||||||||||14288.52
F07Q10000382|201307|14090.30|0|077|103|||||6.000|0.00||||||||||||||||||||14090.30
F07Q10000382|201308|13891.09|0|078|102|||||6.000|0.00||||||||||||||||||||13891.09
F07Q10000382|201309|13690.89|0|079|101|||||6.000|0.00||||||||||||||||||||13690.89
F07Q10000382|201310|13489.68|0|080|100|||||6.000|0.00||||||||||||||||||||13489.68
F07Q10000382|201311|13287.47|0|081|099|||||6.000|0.00||||||||||||||||||||13287.47
F07Q10000382|201312|13084.25|0|082|098|||||6.000|0.00||||||||||||||||||||13084.25
F07Q10000382|201401|12880.01|0|083|097|||||6.000|0.00||||||||||||||||||||12880.01
F07Q10000382|201402|12674.75|0|084|096|||||6.000|0.00||||||||||||||||||||12674.75
F07Q10000382|201403|12468.46|0|085|095|||||6.000|0.00||||||||||||||||||||12468.46
F07Q10000382|201404|12188.36|0|086|094|||||6.000|0.00||||||||||||||||||||12188.36
F07Q10000382|201405|11906.86|0|087|093|||||6.000|0.00||||||||||||||||||||11906.86
F07Q10000382|201406|11623.95|0|088|092|||||6.000|0.00||||||||||||||||||||11623.95
F07Q10000382|201407|11339.63|0|089|091|||||6.000|0.00||||||||||||||||||||11339.63
F07Q10000382|201408|11053.89|0|090|090|||||6.000|0.00||||||||||||||||||||11053.89
F07Q10000382|201409|10766.72|0|091|089|||||6.000|0.00||||||||||||||||||||10766.72
F07Q10000382|201410|10478.11|0|092|088|||||6.000|0.00||||||||||||||||||||10478.11
F07Q10000382|201411|10188.06|0|093|087|||||6.000|0.00||||||||||||||||||||10188.06
F07Q10000382|201412|9896.56|0|094|086|||||6.000|0.00||||||||||||||||||||9896.56
F07Q10000382|201501|9603.60|0|095|085|||||6.000|0.00||||||||||||||||||||9603.60
F07Q10000382|201502|9309.18|0|096|084|||||6.000|0.00||||||||||||||||||||9309.18
F07Q10000382|201503|0.00|0|097|083|||01|201503|6.000|0.00|||||||||||||||9309.18|||||0.00
F07Q10000414|200702|178000.00|0|000|360|||||6.250|0.00||||||||||||||||||||178000.00
F07Q10000414|200703|178000.00|0|001|359|||||6.250|0.00||||||||||||||||||||178000.00
F07Q10000414|200704|177000.00|0|002|358|||||6.250|0.00||||||||||||||||||||177000.00
F07Q10000414|200705|177000.00|0|003|357|||||6.250|0.00||||||||||||||||||||177000.00
F07Q10000414|200706|177000.00|0|004|356|||||6.250|0.00||||||||||||||||||||177000.00
F07Q10000414|200707|177000.00|0|005|355|||||6.250|0.00||||||||||||||||||||177000.00
F07Q10000414|200708|177000.00|0|006|354|||||6.250|0.00||||||||||||||||||||177000.00
F07Q10000414|200709|176550.77|0|007|353|||||6.250|0.00||||||||||||||||||||176550.77
F07Q10000414|200710|176375.87|0|008|352|||||6.250|0.00||||||||||||||||||||176375.87
F07Q10000414|200711|176200.05|0|009|351|||||6.250|0.00||||||||||||||||||||176200.05
F07Q10000414|200712|176023.32|0|010|350|||||6.250|0.00||||||||||||||||||||176023.32
F07Q10000414|200801|175845.67|0|011|349|||||6.250|0.00||||||||||||||||||||175845.67
F07Q10000414|200802|175667.09|0|012|348|||||6.250|0.00||||||||||||||||||||175667.09
F07Q10000414|200803|175487.58|0|013|347|||||6.250|0.00||||||||||||||||||||175487.58
F07Q10000414|200804|175307.14|0|014|346|||||6.250|0.00||||||||||||||||||||175307.14
F07Q10000414|200805|175125.76|0|015|345|||||6.250|0.00||||||||||||||||||||175125.76
F07Q10000414|200806|174760.15|0|016|344|||||6.250|0.00||||||||||||||||||||174760.15
F07Q10000414|200807|174760.15|0|017|343|||||6.250|0.00||||||||||||||||||||174760.15
F07Q10000414|200808|174575.92|0|018|342|||||6.250|0.00||||||||||||||||||||174575.92
F07Q10000414|200809|174390.73|0|019|341|||||6.250|0.00||||||||||||||||||||174390.73
F07Q10000414|200810|174204.57|0|020|340|||||6.250|0.00||||||||||||||||||||174204.57
F07Q10000414|200811|174017.45|0|021|339|||||6.250|0.00||||||||||||||||||||174017.45
F07Q10000414|200812|173829.35|0|022|338|||||6.250|0.00||||||||||||||||||||173829.35
F07Q10000414|200901|173640.27|0|023|337|||||6.250|0.00||||||||||||||||||||173640.27
F07Q10000414|200902|173450.21|0|024|336|||||6.250|0.00||||||||||||||||||||173450.21
F07Q10000414|200903|173259.16|0|025|335|||||6.250|0.00||||||||||||||||||||173259.16
F07Q10000414|200904|173067.11|0|026|334|||||6.250|0.00||||||||||||||||||||173067.11
F07Q10000414|200905|172874.06|0|027|333|||||6.250|0.00||||||||||||||||||||172874.06
F07Q10000414|200906|172680.01|0|028|332|||||6.250|0.00||||||||||||||||||||172680.01
F07Q10000414|200907|172484.94|0|029|331|||||6.250|0.00||||||||||||||||||||172484.94
F07Q10000414|200908|172276.34|0|030|330|||||6.250|0.00||||||||||||||||||||172276.34
F07Q10000414|200909|172057.01|0|031|329|||||6.250|0.00||||||||||||||||||||172057.01
F07Q10000414|200910|171836.54|0|032|328|||||6.250|0.00||||||||||||||||||||171836.54
F07Q10000414|200911|171614.92|0|033|327|||||6.250|0.00||||||||||||||||||||171614.92
F07Q10000414|200912|171392.15|0|034|326|||||6.250|0.00||||||||||||||||||||171392.15
F07Q10000414|201001|171168.22|0|035|325|||||6.250|0.00||||||||||||||||||||171168.22
F07Q10000414|201002|170943.12|0|036|324|||||6.250|0.00||||||||||||||||||||170943.12
F07Q10000414|201003|170716.85|0|037|323|||||6.250|0.00||||||||||||||||||||170716.85
F07Q10000414|201004|170489.40|0|038|322|||||6.250|0.00||||||||||||||||||||170489.40
F07Q10000414|201005|170260.54|0|039|321|||||6.250|0.00||||||||||||||||||||170260.54
F07Q10000414|201006|170030.48|0|040|320|||||6.250|0.00||||||||||||||||||||170030.48
F07Q10000414|201007|169799.23|0|041|319|||||6.250|0.00||||||||||||||||||||169799.23
F07Q10000414|201008|169506.58|0|042|318|||||6.250|0.00||||||||||||||||||||169506.58
F07Q10000414|201009|169212.41|0|043|317|||||6.250|0.00||||||||||||||||||||169212.41
F07Q10000414|201010|168916.56|0|044|316|||||6.250|0.00||||||||||||||||||||168916.56
F07Q10000414|201011|168619.17|0|045|315|||||6.250|0.00||||||||||||||||||||168619.17
F07Q10000414|201012|168320.23|0|046|314|||||6.250|0.00||||||||||||||||||||168320.23
F07Q10000414|201101|168072.46|0|047|313|||||6.250|0.00||||||||||||||||||||168072.46
F07Q10000414|201102|167823.40|0|048|312|||||6.250|0.00||||||||||||||||||||167823.40
F07Q10000414|201103|167573.14|0|049|311|||||6.250|0.00||||||||||||||||||||167573.14
F07Q10000414|201104|167573.14|0|050|310|||||6.250|0.00||||||||||||||||||||167573.14
F07Q10000414|201105|167123.58|0|051|309|||||6.250|0.00||||||||||||||||||||167123.58
F07Q10000414|201106|166869.68|0|052|308|||||6.250|0.00||||||||||||||||||||166869.68
F07Q10000414|201107|166614.45|0|053|307|||||6.250|0.00||||||||||||||||||||166614.45
F07Q10000414|201108|166330.52|0|054|306|||||6.250|0.00||||||||||||||||||||166330.52
F07Q10000414|201109|166045.11|0|055|305|||||6.250|0.00||||||||||||||||||||166045.11
F07Q10000414|201110|165758.22|0|056|304|||||6.250|0.00||||||||||||||||||||165758.22
F07Q10000414|201111|165469.83|0|057|303|||||6.250|0.00||||||||||||||||||||165469.83
F07Q10000414|201112|165179.94|0|058|302|||||6.250|0.00||||||||||||||||||||165179.94
F07Q10000414|201201|164888.54|0|059|301|||||6.250|0.00||||||||||||||||||||164888.54
F07Q10000414|201202|164595.62|0|060|300|||||6.250|0.00||||||||||||||||||||164595.62
F07Q10000414|201203|164301.18|0|061|299|||||6.250|0.00||||||||||||||||||||164301.18
F07Q10000414|201204|164005.21|0|062|298|||||6.250|0.00||||||||||||||||||||164005.21
F07Q10000414|201205|163707.69|0|063|297|||||6.250|0.00||||||||||||||||||||163707.69
F07Q10000414|201206|163408.62|0|064|296|||||6.250|0.00||||||||||||||||||||163408.62
F07Q10000414|201207|163108.00|0|065|295|||||6.250|0.00||||||||||||||||||||163108.00
F07Q10000414|201208|162863.08|0|066|294|||||6.250|0.00||||||||||||||||||||162863.08
F07Q10000414|201209|162616.89|0|067|293|||||6.250|0.00||||||||||||||||||||162616.89
F07Q10000414|201210|162369.41|0|068|292|||||6.250|0.00||||||||||||||||||||162369.41
F07Q10000414|201211|162120.64|0|069|291|||||6.250|0.00||||||||||||||||||||162120.64
F07Q10000414|201212|161870.58|0|070|290|||||6.250|0.00||||||||||||||||||||161870.58
F07Q10000414|201301|161619.22|0|071|289|||||6.250|0.00||||||||||||||||||||161619.22
F07Q10000414|201302|0.00|0|072|288|||01|201302|6.250|0.00|||||||||||||||161619.22|||||0.00
F07Q10000455|200702|192000.00|0|000|240|||||6.125|0.00||||||||||||||||||||192000.00
F07Q10000455|200703|192000.00|0|001|239|||||6.125|0.00||||||||||||||||||||192000.00
F07Q10000455|200704|191000.00|0|002|238|||||6.125|0.00||||||||||||||||||||191000.00
F07Q10000455|200705|191000.00|0|003|237|||||6.125|0.00||||||||||||||||||||191000.00
F07Q10000455|200706|190000.00|0|004|236|||||6.125|0.00||||||||||||||||||||190000.00
F07Q10000455|200707|190000.00|0|005|235|||||6.125|0.00||||||||||||||||||||190000.00
F07Q10000455|200708|190000.00|0|006|234|||||6.125|0.00||||||||||||||||||||190000.00
F07Q10000455|200709|189089.73|0|007|233|||||6.125|0.00||||||||||||||||||||189089.73
F07Q10000455|200710|188665.45|0|008|232|||||6.125|0.00||||||||||||||||||||188665.45
F07Q10000455|200711|188239.00|0|009|231|||||6.125|0.00||||||||||||||||||||188239.00
F07Q10000455|200712|187810.37|0|010|230|||||6.125|0.00||||||||||||||||||||187810.37
F07Q10000455|200801|0.00|0|011|229|||01|200801|6.125|0.00|||||||||||||||187810.37|||||0.00
F07Q10000495|200702|85000.00|0|000|180|||||6.150|0.00||||||||||||||||||||85000.00
F07Q10000495|200703|84000.00|0|001|179|||||6.150|0.00||||||||||||||||||||84000.00
F07Q10000495|200704|84000.00|0|002|178|||||6.150|0.00||||||||||||||||||||84000.00
F07Q10000495|200705|84000.00|0|003|177|||||6.150|0.00||||||||||||||||||||84000.00
F07Q10000495|200706|83000.00|0|004|176|||||6.150|0.00||||||||||||||||||||83000.00
F07Q10000495|200707|83000.00|0|005|175|||||6.150|0.00||||||||||||||||||||83000.00
F07Q10000495|200708|83000.00|0|006|174|||||6.150|0.00||||||||||||||||||||83000.00
F07Q10000495|200709|82545.01|0|007|173|||||6.150|0.00||||||||||||||||||||82545.01
F07Q10000495|200710|82243.88|0|008|172|||||6.150|0.00||||||||||||||||||||82243.88
F07Q10000495|200711|81941.20|0|009|171|||||6.150|0.00||||||||||||||||||||81941.20
F07Q10000495|200712|81636.97|0|010|170|||||6.150|0.00||||||||||||||||||||81636.97
F07Q10000495|200801|81331.17|0|011|169|||||6.150|0.00||||||||||||||||||||81331.17
F07Q10000495|200802|81023.82|0|012|168|||||6.150|0.00||||||||||||||||||||81023.82
F07Q10000495|200803|80714.88|0|013|167|||||6.150|0.00||||||||||||||||||||80714.88
F07Q10000495|200804|80404.37|0|014|166|||||6.150|0.00||||||||||||||||||||80404.37
F07Q10000495|200805|80092.26|0|015|165|||||6.150|0.00||||||||||||||||||||80092.26
F07Q10000495|200806|79778.55|0|016|164|||||6.150|0.00||||||||||||||||||||79778.55
F07Q10000495|200807|79463.24|0|017|163|||||6.150|0.00||||||||||||||||||||79463.24
F07Q10000495|200808|79146.31|0|018|162|||||6.150|0.00||||||||||||||||||||79146.31
F07Q10000495|200809|78827.75|0|019|161|||||6.150|0.00||||||||||||||||||||78827.75
F07Q10000495|200810|78507.56|0|020|160|||||6.150|0.00||||||||||||||||||||78507.56
F07Q10000495|200811|78185.74|0|021|159|||||6.150|0.00||||||||||||||||||||78185.74
F07Q10000495|200812|77862.26|0|022|158|||||6.150|0.00||||||||||||||||||||77862.26
F07Q10000495|200901|77537.12|0|023|157|||||6.150|0.00||||||||||||||||||||77537.12
F07Q10000495|200902|77210.32|0|024|156|||||6.150|0.00||||||||||||||||||||77210.32
F07Q10000495|200903|76881.84|0|025|155|||||6.150|0.00||||||||||||||||||||76881.84
F07Q10000495|200904|76551.68|0|026|154|||||6.150|0.00||||||||||||||||||||76551.68
F07Q10000495|200905|76219.83|0|027|153|||||6.150|0.00||||||||||||||||||||76219.83
F07Q10000495|200906|75886.28|0|028|152|||||6.150|0.00||||||||||||||||||||75886.28
F07Q10000495|200907|75551.01|0|029|151|||||6.150|0.00||||||||||||||||||||75551.01
F07Q10000495|200908|75214.03|0|030|150|||||6.150|0.00||||||||||||||||||||75214.03
F07Q10000495|200909|74875.32|0|031|149|||||6.150|0.00||||||||||||||||||||74875.32
F07Q10000495|200910|74509.06|0|032|148|||||6.150|0.00||||||||||||||||||||74509.06
F07Q10000495|200911|74166.80|0|033|147|||||6.150|0.00||||||||||||||||||||74166.80
F07Q10000495|200912|73822.72|0|034|146|||||6.150|0.00||||||||||||||||||||73822.72
F07Q10000495|201001|73476.88|0|035|145|||||6.150|0.00||||||||||||||||||||73476.88
F07Q10000495|201002|73129.27|0|036|144|||||6.150|0.00||||||||||||||||||||73129.27
F07Q10000495|201003|72779.88|0|037|143|||||6.150|0.00||||||||||||||||||||72779.88
F07Q10000495|201004|72402.88|0|038|142|||||6.150|0.00||||||||||||||||||||72402.88
F07Q10000495|201005|72049.82|0|039|141|||||6.150|0.00||||||||||||||||||||72049.82
F07Q10000495|201006|71694.89|0|040|140|||||6.150|0.00||||||||||||||||||||71694.89
F07Q10000495|201007|71338.15|0|041|139|||||6.150|0.00||||||||||||||||||||71338.15
F07Q10000495|201008|70979.58|0|042|138|||||6.150|0.00||||||||||||||||||||70979.58
F07Q10000495|201009|70619.17|0|043|137|||||6.150|0.00||||||||||||||||||||70619.17
F07Q10000495|201010|70256.91|0|044|136|||||6.150|0.00||||||||||||||||||||70256.91
F07Q10000495|201011|69892.80|0|045|135|||||6.150|0.00||||||||||||||||||||69892.80
F07Q10000495|201012|69526.82|0|046|134|||||6.150|0.00||||||||||||||||||||69526.82
F07Q10000495|201101|69158.96|0|047|133|||||6.150|0.00||||||||||||||||||||69158.96
F07Q10000495|201102|68789.22|0|048|132|||||6.150|0.00||||||||||||||||||||68789.22
F07Q10000495|201103|68417.59|0|049|131|||||6.150|0.00||||||||||||||||||||68417.59
F07Q10000495|201104|68044.05|0|050|130|||||6.150|0.00||||||||||||||||||||68044.05
F07Q10000495|201105|67668.59|0|051|129|||||6.150|0.00||||||||||||||||||||67668.59
F07Q10000495|201106|67291.21|0|052|128|||||6.150|0.00||||||||||||||||||||67291.21
F07Q10000495|201107|66911.90|0|053|127|||||6.150|0.00||||||||||||||||||||66911.90
F07Q10000495|201108|66530.65|0|054|126|||||6.150|0.00||||||||||||||||||||66530.65
F07Q10000495|201109|66147.43|0|055|125|||||6.150|0.00||||||||||||||||||||66147.43
F07Q10000495|201110|65762.26|0|056|124|||||6.150|0.00||||||||||||||||||||65762.26
F07Q10000495|201111|65375.11|0|057|123|||||6.150|0.00||||||||||||||||||||65375.11
F07Q10000495|201112|64985.98|0|058|122|||||6.150|0.00||||||||||||||||||||64985.98
F07Q10000495|201201|64985.98|0|059|121|||||6.150|0.00||||||||||||||||||||64985.98
F07Q10000495|201202|64201.72|0|060|120|||||6.150|0.00||||||||||||||||||||64201.72
F07Q10000495|201203|63806.57|0|061|119|||||6.150|0.00||||||||||||||||||||63806.57
F07Q10000495|201204|63409.40|0|062|118|||||6.150|0.00||||||||||||||||||||63409.40
F07Q10000495|201205|63010.20|0|063|117|||||6.150|0.00||||||||||||||||||||63010.20
F07Q10000495|201206|62608.94|0|064|116|||||6.150|0.00||||||||||||||||||||62608.94
F07Q10000495|201207|62205.63|0|065|115|||||6.150|0.00||||||||||||||||||||62205.63
F07Q10000495|201208|61800.26|0|066|114|||||6.150|0.00||||||||||||||||||||61800.26
F07Q10000495|201209|61392.81|0|067|113|||||6.150|0.00||||||||||||||||||||61392.81
F07Q10000495|201210|60932.44|0|068|112|||||6.150|0.00||||||||||||||||||||60932.44
F07Q10000495|201211|60520.54|0|069|111|||||6.150|0.00||||||||||||||||||||60520.54
F07Q10000495|201212|60106.53|0|070|110|||||6.150|0.00||||||||||||||||||||60106.53
F07Q10000495|201301|59614.58|0|071|109|||||6.150|0.00||||||||||||||||||||59614.58
F07Q10000495|201302|59120.20|0|072|108|||||6.150|0.00||||||||||||||||||||59120.20
F07Q10000495|201303|58623.19|0|073|107|||||6.150|0.00||||||||||||||||||||58623.19
F07Q10000495|201304|58123.63|0|074|106|||||6.150|0.00||||||||||||||||||||58123.63
F07Q10000495|201305|57621.51|0|075|105|||||6.150|0.00||||||||||||||||||||57621.51
F07Q10000495|201306|57116.82|0|076|104|||||6.150|0.00||||||||||||||||||||57116.82
F07Q10000495|201307|56609.54|0|077|103|||||6.150|0.00||||||||||||||||||||56609.54
F07Q10000495|201308|56099.66|0|078|102|||||6.150|0.00||||||||||||||||||||56099.66
F07Q10000495|201309|55587.17|0|079|101|||||6.150|0.00||||||||||||||||||||55587.17
F07Q10000495|201310|54872.05|0|080|100|||||6.150|0.00||||||||||||||||||||54872.05
F07Q10000495|201311|54153.27|0|081|099|||||6.150|0.00||||||||||||||||||||54153.27
F07Q10000495|201312|53430.81|0|082|098|||||6.150|0.00||||||||||||||||||||53430.81
F07Q10000495|201401|52704.64|0|083|097|||||6.150|0.00||||||||||||||||||||52704.64
F07Q10000495|201402|4199.75|0|084|096|||||6.150|0.00||||||||||||||||||||4199.75
F07Q10000495|201403|3021.27|0|085|095|||||6.150|0.00||||||||||||||||||||3021.27
F07Q10000495|201404|2036.75|0|086|094|||||6.150|0.00||||||||||||||||||||2036.75
F07Q10000495|201405|0.00|0|087|093|||01|201405|6.150|0.00|||||||||||||||2036.75|||||0.00
F07Q10000555|200702|93000.00|0|000|360|||||6.250|0.00||||||||||||||||||||93000.00
F07Q10000555|200703|92000.00|0|001|359|||||6.250|0.00||||||||||||||||||||92000.00
F07Q10000555|200704|92000.00|0|002|358|||||6.250|0.00||||||||||||||||||||92000.00
F07Q10000555|200705|92000.00|0|003|357|||||6.250|0.00||||||||||||||||||||92000.00
F07Q10000555|200706|92000.00|0|004|356|||||6.250|0.00||||||||||||||||||||92000.00
F07Q10000555|200707|92000.00|0|005|355|||||6.250|0.00||||||||||||||||||||92000.00
F07Q10000555|200708|92000.00|0|006|354|||||6.250|0.00||||||||||||||||||||92000.00
F07Q10000555|200709|91875.92|0|007|353|||||6.250|0.00||||||||||||||||||||91875.92
F07Q10000555|200710|91784.90|0|008|352|||||6.250|0.00||||||||||||||||||||91784.90
F07Q10000555|200711|91693.41|0|009|351|||||6.250|0.00||||||||||||||||||||91693.41
F07Q10000555|200712|91570.98|0|010|350|||||6.250|0.00||||||||||||||||||||91570.98
F07Q10000555|200801|91447.91|0|011|349|||||6.250|0.00||||||||||||||||||||91447.91
F07Q10000555|200802|91274.20|0|012|348|||||6.250|0.00||||||||||||||||||||91274.20
F07Q10000555|200803|91149.59|0|013|347|||||6.250|0.00||||||||||||||||||||91149.59
F07Q10000555|200804|91024.33|0|014|346|||||6.250|0.00||||||||||||||||||||91024.33
F07Q10000555|200805|90898.42|0|015|345|||||6.250|0.00||||||||||||||||||||90898.42
F07Q10000555|200806|90771.85|0|016|344|||||6.250|0.00||||||||||||||||||||90771.85
F07Q10000555|200807|90644.62|0|017|343|||||6.250|0.00||||||||||||||||||||90644.62
F07Q10000555|200808|90547.19|0|018|342|||||6.250|0.00||||||||||||||||||||90547.19
F07Q10000555|200809|90418.79|0|019|341|||||6.250|0.00||||||||||||||||||||90418.79
F07Q10000555|200810|90289.72|0|020|340|||||6.250|0.00||||||||||||||||||||90289.72
F07Q10000555|200811|90159.98|0|021|339|||||6.250|0.00||||||||||||||||||||90159.98
F07Q10000555|200812|90029.56|0|022|338|||||6.250|0.00||||||||||||||||||||90029.56
F07Q10000555|200901|89848.46|0|023|337|||||6.250|0.00||||||||||||||||||||89848.46
F07Q10000555|200902|89848.46|0|024|336|||||6.250|0.00||||||||||||||||||||89848.46
F07Q10000555|200903|89671.42|0|025|335|||||6.250|0.00||||||||||||||||||||89671.42
F07Q10000555|200904|89538.46|0|026|334|||||6.250|0.00||||||||||||||||||||89538.46
F07Q10000555|200905|89270.46|0|027|333|||||6.250|0.00||||||||||||||||||||89270.46
F07Q10000555|200906|89135.41|0|028|332|||||6.250|0.00||||||||||||||||||||89135.41
F07Q10000555|200907|89135.41|0|029|331|||||6.250|0.00||||||||||||||||||||89135.41
F07Q10000555|200908|88863.20|0|030|330|||||6.250|0.00||||||||||||||||||||88863.20
F07Q10000555|200909|88676.03|0|031|329|||||6.250|0.00||||||||||||||||||||88676.03
F07Q10000555|200910|88537.88|0|032|328|||||6.250|0.00||||||||||||||||||||88537.88
F07Q10000555|200911|88537.88|0|033|327|||||6.250|0.00||||||||||||||||||||88537.88
F07Q10000555|200912|88427.49|0|034|326|||||6.250|0.00||||||||||||||||||||88427.49
F07Q10000555|201001|88316.53|0|035|325|||||6.250|0.00||||||||||||||||||||88316.53
F07Q10000555|201002|87964.13|0|036|324|||||6.250|0.00||||||||||||||||||||87964.13
F07Q10000555|201003|87772.28|0|037|323|||||6.250|0.00||||||||||||||||||||87772.28
F07Q10000555|201004|87772.28|0|038|322|||||6.250|0.00||||||||||||||||||||87772.28
F07Q10000555|201005|87414.20|0|039|321|||||6.250|0.00||||||||||||||||||||87414.20
F07Q10000555|201006|87414.20|0|040|320|||||6.250|0.00||||||||||||||||||||87414.20
F07Q10000555|201007|87157.64|0|041|319|||||6.250|0.00||||||||||||||||||||87157.64
F07Q10000555|201008|87157.64|0|042|318|||||6.250|0.00||||||||||||||||||||87157.64
F07Q10000555|201009|86869.80|0|043|317|||||6.250|0.00||||||||||||||||||||86869.80
F07Q10000555|201010|86722.25|0|044|316|||||6.250|0.00||||||||||||||||||||86722.25
F07Q10000555|201011|86722.25|0|045|315|||||6.250|0.00||||||||||||||||||||86722.25
F07Q10000555|201012|86604.39|0|046|314|||||6.250|0.00||||||||||||||||||||86604.39
F07Q10000555|201101|86458.47|0|047|313|||||6.250|0.00||||||||||||||||||||86458.47
F07Q10000555|201102|86186.92|0|048|312|||||6.250|0.00||||||||||||||||||||86186.92
F07Q10000555|201103|86186.92|0|049|311|||||6.250|0.00||||||||||||||||||||86186.92
F07Q10000555|201104|86066.27|0|050|310|||||6.250|0.00||||||||||||||||||||86066.27
F07Q10000555|201105|85793.66|0|051|309|||||6.250|0.00||||||||||||||||||||85793.66
F07Q10000555|201106|85793.66|0|052|308|||||6.250|0.00||||||||||||||||||||85793.66
F07Q10000555|201107|85668.98|0|053|307|||||6.250|0.00||||||||||||||||||||85668.98
F07Q10000555|201108|85419.65|0|054|306|||||6.250|0.00||||||||||||||||||||85419.65
F07Q10000555|201109|0.00|0|055|305|||01|201109|6.250|0.00|||||||||||||||85419.65|||||0.00
F07Q10000581|200702|45000.00|0|000|180|||||6.125|0.00||||||||||||||||||||45000.00
F07Q10000581|200703|45000.00|0|001|179|||||6.125|0.00||||||||||||||||||||45000.00
F07Q10000581|200704|45000.00|0|002|178|||||6.125|0.00||||||||||||||||||||45000.00
F07Q10000581|200705|45000.00|0|003|177|||||6.125|0.00||||||||||||||||||||45000.00
F07Q10000581|200706|44000.00|0|004|176|||||6.125|0.00||||||||||||||||||||44000.00
F07Q10000581|200707|44000.00|0|005|175|||||6.125|0.00||||||||||||||||||||44000.00
F07Q10000581|200708|44000.00|0|006|174|||||6.125|0.00||||||||||||||||||||44000.00
F07Q10000581|200709|43892.47|0|007|173|||||6.125|0.00||||||||||||||||||||43892.47
F07Q10000581|200710|43733.72|0|008|172|||||6.125|0.00||||||||||||||||||||43733.72
F07Q10000581|200711|43574.16|0|009|171|||||6.125|0.00||||||||||||||||||||43574.16
F07Q10000581|200712|43413.79|0|010|170|||||6.125|0.00||||||||||||||||||||43413.79
F07Q10000581|200801|43252.60|0|011|169|||||6.125|0.00||||||||||||||||||||43252.60
F07Q10000581|200802|43252.60|0|012|168|||||6.125|0.00||||||||||||||||||||43252.60
F07Q10000581|200803|42927.75|0|013|167|||||6.125|0.00||||||||||||||||||||42927.75
F07Q10000581|200804|42764.08|0|014|166|||||6.125|0.00||||||||||||||||||||42764.08
F07Q10000581|200805|42599.57|0|015|165|||||6.125|0.00||||||||||||||||||||42599.57
F07Q10000581|200806|42599.57|0|016|164|||||6.125|0.00||||||||||||||||||||42599.57
F07Q10000581|200807|42434.23|1|017|163|||||6.125|0.00||||||||||||||||||||42434.23
F07Q10000581|200808|42248.90|1|018|162|||||6.125|0.00||||||||||||||||||||42248.90
F07Q10000581|200809|42081.77|1|019|161|||||6.125|0.00||||||||||||||||||||42081.77
F07Q10000581|200810|41894.56|1|020|160|||||6.125|0.00||||||||||||||||||||41894.56
F07Q10000581|200811|41894.56|1|021|159|||||6.125|0.00||||||||||||||||||||41894.56
F07Q10000581|200812|41536.67|1|022|158|||||6.125|0.00||||||||||||||||||||41536.67
F07Q10000581|200901|41365.90|0|023|157|||||6.125|0.00||||||||||||||||||||41365.90
F07Q10000581|200902|41002.50|0|024|156|||||6.125|0.00||||||||||||||||||||41002.50
F07Q10000581|200903|41002.50|0|025|155|||||6.125|0.00||||||||||||||||||||41002.50
F07Q10000581|200904|40829.00|0|026|154|||||6.125|0.00||||||||||||||||||||40829.00
F07Q10000581|200905|40586.99|1|027|153|||||6.125|0.00||||||||||||||||||||40586.99
F07Q10000581|200906|40586.99|0|028|152|||||6.125|0.00||||||||||||||||||||40586.99
F07Q10000581|200907|40234.64|1|029|151|||||6.125|0.00||||||||||||||||||||40234.64
F07Q10000581|200908|40057.22|1|030|150|||||6.125|0.00||||||||||||||||||||40057.22
F07Q10000581|200909|39859.76|1|031|149|||||6.125|0.00||||||||||||||||||||39859.76
F07Q10000581|200910|39859.76|1|032|148|||||6.125|0.00||||||||||||||||||||39859.76
F07Q10000581|200911|39461.81|1|033|147|||||6.125|0.00||||||||||||||||||||39461.81
F07Q10000581|200912|39261.31|0|034|146|||||6.125|0.00||||||||||||||||||||39261.31
F07Q10000581|201001|39039.79|0|035|145|||||6.125|0.00||||||||||||||||||||39039.79
F07Q10000581|201002|38856.28|1|036|144|||||6.125|0.00||||||||||||||||||||38856.28
F07Q10000581|201003|38652.69|0|037|143|||||6.125|0.00||||||||||||||||||||38652.69
F07Q10000581|201004|38467.20|0|038|142|||||6.125|0.00||||||||||||||||||||38467.20
F07Q10000581|201005|38467.20|0|039|141|||||6.125|0.00||||||||||||||||||||38467.20
F07Q10000581|201006|38093.37|0|040|140|||||6.125|0.00||||||||||||||||||||38093.37
F07Q10000581|201007|37905.02|1|041|139|||||6.125|0.00||||||||||||||||||||37905.02
F07Q10000581|201008|37696.57|0|042|138|||||6.125|0.00||||||||||||||||||||37696.57
F07Q10000581|201009|37506.20|0|043|137|||||6.125|0.00||||||||||||||||||||37506.20
F07Q10000581|201010|37122.54|0|044|136|||||6.125|0.00||||||||||||||||||||37122.54
F07Q10000581|201011|36929.24|0|045|135|||||6.125|0.00||||||||||||||||||||36929.24
F07Q10000581|201012|36734.95|0|046|134|||||6.125|0.00||||||||||||||||||||36734.95
F07Q10000581|201101|36539.67|0|047|133|||||6.125|0.00||||||||||||||||||||36539.67
F07Q10000581|201102|36539.67|0|048|132|||||6.125|0.00||||||||||||||||||||36539.67
F07Q10000581|201103|36146.11|0|049|131|||||6.125|0.00||||||||||||||||||||36146.11
F07Q10000581|201104|35947.83|0|050|130|||||6.125|0.00||||||||||||||||||||35947.83
F07Q10000581|201105|35748.53|0|051|129|||||6.125|0.00||||||||||||||||||||35748.53
F07Q10000581|201106|35548.22|0|052|128|||||6.125|0.00||||||||||||||||||||35548.22
F07Q10000581|201107|35346.88|0|053|127|||||6.125|0.00||||||||||||||||||||35346.88
F07Q10000581|201108|35144.52|0|054|126|||||6.125|0.00||||||||||||||||||||35144.52
F07Q10000581|201109|35144.52|0|055|125|||||6.125|0.00||||||||||||||||||||35144.52
F07Q10000581|201110|34940.89|0|056|124|||||6.125|0.00||||||||||||||||||||34940.89
F07Q10000581|201111|34530.97|0|057|123|||||6.125|0.00||||||||||||||||||||34530.97
F07Q10000581|201112|34324.44|0|058|122|||||6.125|0.00||||||||||||||||||||34324.44
F07Q10000581|201201|34324.44|0|059|121|||||6.125|0.00||||||||||||||||||||34324.44
F07Q10000581|201202|33907.12|0|060|120|||||6.125|0.00||||||||||||||||||||33907.12
F07Q10000581|201203|33697.41|0|061|119|||||6.125|0.00||||||||||||||||||||33697.41
F07Q10000581|201204|33486.63|0|062|118|||||6.125|0.00||||||||||||||||||||33486.63
F07Q10000581|201205|33274.77|0|063|117|||||6.125|0.00||||||||||||||||||||33274.77
F07Q10000581|201206|33274.77|0|064|116|||||6.125|0.00||||||||||||||||||||33274.77
F07Q10000581|201207|32847.80|0|065|115|||||6.125|0.00||||||||||||||||||||32847.80
F07Q10000581|201208|32632.68|0|066|114|||||6.125|0.00||||||||||||||||||||32632.68
F07Q10000581|201209|32632.68|0|067|113|||||6.125|0.00||||||||||||||||||||32632.68
F07Q10000581|201210|32397.52|0|068|112|||||6.125|0.00||||||||||||||||||||32397.52
F07Q10000581|201211|31961.57|0|069|111|||||6.125|0.00||||||||||||||||||||31961.57
F07Q10000581|201212|31741.93|0|070|110|||||6.125|0.00||||||||||||||||||||31741.93
F07Q10000581|201301|31521.17|0|071|109|||||6.125|0.00||||||||||||||||||||31521.17
F07Q10000581|201302|31521.17|0|072|108|||||6.125|0.00||||||||||||||||||||31521.17
F07Q10000581|201303|31299.28|0|073|107|||||6.125|0.00||||||||||||||||||||31299.28
F07Q10000581|201304|31076.26|0|074|106|||||6.125|0.00||||||||||||||||||||31076.26
F07Q10000581|201305|30626.79|0|075|105|||||6.125|0.00||||||||||||||||||||30626.79
F07Q10000581|201306|30400.33|0|076|104|||||6.125|0.00||||||||||||||||||||30400.33
F07Q10000581|201307|30400.33|0|077|103|||||6.125|0.00||||||||||||||||||||30400.33
F07Q10000581|201308|30172.72|0|078|102|||||6.125|0.00||||||||||||||||||||30172.72
F07Q10000581|201309|29924.81|0|079|101|||||6.125|0.00||||||||||||||||||||29924.81
F07Q10000581|201310|29675.63|0|080|100|||||6.125|0.00||||||||||||||||||||29675.63
F07Q10000581|201311|29444.32|0|081|099|||||6.125|0.00||||||||||||||||||||29444.32
F07Q10000581|201312|29211.83|0|082|098|||||6.125|0.00||||||||||||||||||||29211.83
F07Q10000581|201401|28978.15|0|083|097|||||6.125|0.00||||||||||||||||||||28978.15
F07Q10000581|201402|28743.28|0|084|096|||||6.125|0.00||||||||||||||||||||28743.28
F07Q10000581|201403|28488.07|0|085|095|||||6.125|0.00||||||||||||||||||||28488.07
F07Q10000581|201404|28250.70|0|086|094|||||6.125|0.00||||||||||||||||||||28250.70
F07Q10000581|201405|28012.12|0|087|093|||||6.125|0.00||||||||||||||||||||28012.12
F07Q10000581|201406|27753.18|1|088|092|||||6.125|0.00||||||||||||||||||||27753.18
F07Q10000581|201407|27492.92|1|089|091|||||6.125|0.00||||||||||||||||||||27492.92
F07Q10000581|201408|27492.92|0|090|090|||||6.125|0.00||||||||||||||||||||27492.92
F07Q10000581|201409|26995.74|0|091|089|||||6.125|0.00||||||||||||||||||||26995.74
F07Q10000581|201410|26750.75|1|092|088|||||6.125|0.00||||||||||||||||||||26750.75
F07Q10000581|201411|26504.51|0|093|087|||||6.125|0.00||||||||||||||||||||26504.51
F07Q10000581|201412|26232.35|0|094|086|||||6.125|0.00||||||||||||||||||||26232.35
F07Q10000581|201501|25983.46|1|095|085|||||6.125|0.00||||||||||||||||||||25983.46
F07Q10000581|201502|25733.30|1|096|084|||||6.125|0.00||||||||||||||||||||25733.30
F07Q10000581|201503|25733.30|0|097|083|||||6.125|0.00||||||||||||||||||||25733.30
F07Q10000581|201504|25204.83|0|098|082|||||6.125|0.00||||||||||||||||||||25204.83
F07Q10000581|201505|24950.70|1|099|081|||||6.125|0.00||||||||||||||||||||24950.70
F07Q10000581|201506|24694.91|0|100|080|||||6.125|0.00||||||||||||||||||||24694.91
F07Q10000581|201507|24438.18|0|101|079|||||6.125|0.00||||||||||||||||||||24438.18
F07Q10000581|201508|24180.14|1|102|078|||||6.125|0.00||||||||||||||||||||24180.14
F07Q10000581|201509|23919.10|1|103|077|||||6.125|0.00||||||||||||||||||||23919.10
F07Q10000581|201510|23658.41|0|104|076|||||6.125|0.00||||||||||||||||||||23658.41
F07Q10000581|201511|23133.03|0|105|075|||||6.125|0.00||||||||||||||||||||23133.03
F07Q10000581|201512|22868.32|0|106|074|||||6.125|0.00||||||||||||||||||||22868.32
F07Q10000581|201601|22868.32|1|107|073|||||6.125|0.00||||||||||||||||||||22868.32
F07Q10000581|201602|22601.58|1|108|072|||||6.125|0.00||||||||||||||||||||22601.58
F07Q10000581|201603|22013.29|0|109|071|||||6.125|0.00||||||||||||||||||||22013.29
F07Q10000581|201604|22013.29|0|110|070|||||6.125|0.00||||||||||||||||||||22013.29
F07Q10000581|201605|21742.87|0|111|069|||||6.125|0.00||||||||||||||||||||21742.87
F07Q10000581|201606|21197.88|0|112|068|||||6.125|0.00||||||||||||||||||||21197.88
F07Q10000581|201607|20923.30|0|113|067|||||6.125|0.00||||||||||||||||||||20923.30
F07Q10000581|201608|20647.32|0|114|066|||||6.125|0.00||||||||||||||||||||20647.32
F07Q10000581|201609|20647.32|1|115|065|||||6.125|0.00||||||||||||||||||||20647.32
F07Q10000581|201610|20647.32|2|116|064|||||6.125|0.00||||||||||||||||||||20647.32
F07Q10000581|201611|20647.32|3|117|063|||||6.125|0.00||||||||||||||||||||20647.32
F07Q10000581|201612|20647.32|4|118|062|||||6.125|0.00||||||||||||||||||||20647.32
F07Q10000581|201701|20647.32|5|119|061|||||6.125|0.00||||||||||||||||||T||20647.32
F07Q10000581|201702|20369.93|5|120|060|||||6.125|0.00||||||||||||||||||T||20369.93
F07Q10000581|201703|23918.70|0|121|059|||||6.125|0.00||||||||||||||||||T||23918.70
F07Q10000581|201704|23918.70|1|001|479||Y|||6.125|0.00||||||||||||N||12||||T|0.00|23918.70
F07Q10000581|201705|23918.70|2|002|478||P|||6.125|0.00||||||||||||N||11||||T|0.00|23918.70
F07Q10000581|201706|23918.70|3|003|477||P|||6.125|0.00||||||||||||N||11|||||0.00|23918.70
F07Q10000581|201707|23918.70|4|004|476||P|||6.125|0.00||||||||||||N||12|||||0.00|23918.70
F07Q10000581|201708|23918.70|5|005|475||P|||6.125|0.00||||||||||||N||11|||||0.00|23918.70
F07Q10000581|201709|23848.20|0|006|474||P|||6.125|0.00||||||||||||N||12|||||0.00|23848.20
F07Q10000581|201710|23834.80|0|007|473||P|||6.125|0.00||||||||||||N||12|||||0.00|23834.80
F07Q10000581|201711|23834.80|1|008|472||P|||6.125|0.00||||||||||||N||12|||||0.00|23834.80
F07Q10000581|201712|23834.80|2|009|471||P|||6.125|0.00||||||||||||N||11|||||0.00|23834.80
F07Q10000581|201801|23822.77|2|010|470||P|||6.125|0.00||||||||||||N||11|||||0.00|23822.77
F07Q10000581|201802|23822.77|3|011|469||P|||6.125|0.00||||||||||||N||999|||||0.00|23822.77
F07Q10000581|201803|23822.77|4|012|468||P|||6.125|0.00||||||||||||N||999|||||0.00|23822.77
F07Q10000581|201804|23822.77|5|013|467||P|||6.125|0.00||||||||||||N||999|||||0.00|23822.77
F07Q10000581|201805|23822.77|6|014|466||P|||6.125|0.00||||||||||||N||999|||||0.00|23822.77
F07Q10000581|201806|23822.77|7|015|465||P|||6.125|0.00||||||||||||N||10|||||0.00|23822.77
F07Q10000581|201807|23822.77|8|016|464||P|||6.125|0.00||||||||||||N||999|||||0.00|23822.77
F07Q10000581|201808|23822.77|9|017|463||P|||6.125|0.00||||||||||||N||999|||||0.00|23822.77
F07Q10000581|201809|23822.77|10|018|462||P|||6.125|0.00||||||||||||N||999|||||0.00|23822.77
F07Q10000581|201810|23822.77|11|019|461||P|||6.125|0.00||||||||||||N||11|||||0.00|23822.77
F07Q10000581|201811|23822.77|12|020|460||P|||6.125|0.00||||||||||||N||11|||||0.00|23822.77
F07Q10000581|201812|23822.77|13|021|459||P|||6.125|0.00||||||||||||N||11|||||0.00|23822.77
F07Q10000581|201901|23822.77|14|022|458||P|||6.125|0.00||||||||||||N||11|||||0.00|23822.77
F07Q10000581|201902|23822.77|15|023|457||P|||6.125|0.00||||||||||||N||11|||||0.00|23822.77
F07Q10000581|201903|23822.77|16|024|456||P|||6.125|0.00||||||||||||N||11|||||0.00|23822.77
F07Q10000581|201904|23822.77|17|025|455||P|||6.125|0.00||||||||||||N||11|||||0.00|23822.77
F07Q10000581|201905|0.00|0|026|454||P|01|201905|6.125|0.00|201711|||||||||||N||999|23822.77||||0.00|0.00
F07Q10000653|200703|149000.00|0|000|360|||||6.500|0.00||||||||||||||||||||149000.00
F07Q10000653|200704|149000.00|0|001|359|||||6.500|0.00||||||||||||||||||||149000.00
F07Q10000653|200705|149000.00|0|002|358|||||6.500|0.00||||||||||||||||||||149000.00
F07Q10000653|200706|149000.00|0|003|357|||||6.500|0.00||||||||||||||||||||149000.00
F07Q10000653|200707|149000.00|0|004|356|||||6.500|0.00||||||||||||||||||||149000.00
F07Q10000653|200708|148000.00|0|005|355|||||6.500|0.00||||||||||||||||||||148000.00
F07Q10000653|200709|148000.00|0|006|354|||||6.500|0.00||||||||||||||||||||148000.00
F07Q10000653|200710|148096.25|0|007|353|||||6.500|0.00||||||||||||||||||||148096.25
F07Q10000653|200711|147956.30|0|008|352|||||6.500|0.00||||||||||||||||||||147956.30
F07Q10000653|200712|147815.59|0|009|351|||||6.500|0.00||||||||||||||||||||147815.59
F07Q10000653|200801|147674.13|0|010|350|||||6.500|0.00||||||||||||||||||||147674.13
F07Q10000653|200802|147531.90|0|011|349|||||6.500|0.00||||||||||||||||||||147531.90
F07Q10000653|200803|147388.90|0|012|348|||||6.500|0.00||||||||||||||||||||147388.90
F07Q10000653|200804|147245.13|0|013|347|||||6.500|0.00||||||||||||||||||||147245.13
F07Q10000653|200805|147100.58|0|014|346|||||6.500|0.00||||||||||||||||||||147100.58
F07Q10000653|200806|146955.24|0|015|345|||||6.500|0.00||||||||||||||||||||146955.24
F07Q10000653|200807|146809.12|0|016|344|||||6.500|0.00||||||||||||||||||||146809.12
F07Q10000653|200808|146662.21|0|017|343|||||6.500|0.00||||||||||||||||||||146662.21
F07Q10000653|200809|146513.57|0|018|342|||||6.500|0.00||||||||||||||||||||146513.57
F07Q10000653|200810|146364.13|0|019|341|||||6.500|0.00||||||||||||||||||||146364.13
F07Q10000653|200811|146213.88|0|020|340|||||6.500|0.00||||||||||||||||||||146213.88
F07Q10000653|200812|146063.74|0|021|339|||||6.500|0.00||||||||||||||||||||146063.74
F07Q10000653|200901|145912.79|0|022|338|||||6.500|0.00||||||||||||||||||||145912.79
F07Q10000653|200902|145912.79|0|023|337|||||6.500|0.00||||||||||||||||||||145912.79
F07Q10000653|200903|145608.43|0|024|336|||||6.500|0.00||||||||||||||||||||145608.43
F07Q10000653|200904|145455.01|0|025|335|||||6.500|0.00||||||||||||||||||||145455.01
F07Q10000653|200905|145300.76|0|026|334|||||6.500|0.00||||||||||||||||||||145300.76
F07Q10000653|200906|145145.68|0|027|333|||||6.500|0.00||||||||||||||||||||145145.68
F07Q10000653|200907|144989.76|0|028|332|||||6.500|0.00||||||||||||||||||||144989.76
F07Q10000653|200908|144832.76|0|029|331|||||6.500|0.00||||||||||||||||||||144832.76
F07Q10000653|200909|144675.14|0|030|330|||||6.500|0.00||||||||||||||||||||144675.14
F07Q10000653|200910|144516.67|0|031|329|||||6.500|0.00||||||||||||||||||||144516.67
F07Q10000653|200911|144357.11|0|032|328|||||6.500|0.00||||||||||||||||||||144357.11
F07Q10000653|200912|144196.68|0|033|327|||||6.500|0.00||||||||||||||||||||144196.68
F07Q10000653|201001|144035.62|0|034|326|||||6.500|0.00||||||||||||||||||||144035.62
F07Q10000653|201002|143873.68|0|035|325|||||6.500|0.00||||||||||||||||||||143873.68
F07Q10000653|201003|143710.87|0|036|324|||||6.500|0.00||||||||||||||||||||143710.87
F07Q10000653|201004|143547.17|0|037|323|||||6.500|0.00||||||||||||||||||||143547.17
F07Q10000653|201005|143382.59|0|038|322|||||6.500|0.00||||||||||||||||||||143382.59
F07Q10000653|201006|143217.12|0|039|321|||||6.500|0.00||||||||||||||||||||143217.12
F07Q10000653|201007|143050.75|0|040|320|||||6.500|0.00||||||||||||||||||||143050.75
F07Q10000653|201008|142883.48|0|041|319|||||6.500|0.00||||||||||||||||||||142883.48
F07Q10000653|201009|142715.30|0|042|318|||||6.500|0.00||||||||||||||||||||142715.30
F07Q10000653|201010|142545.71|0|043|317|||||6.500|0.00||||||||||||||||||||142545.71
F07Q10000653|201011|142375.70|0|044|316|||||6.500|0.00||||||||||||||||||||142375.70
F07Q10000653|201012|142204.77|0|045|315|||||6.500|0.00||||||||||||||||||||142204.77
F07Q10000653|201101|142032.92|0|046|314|||||6.500|0.00||||||||||||||||||||142032.92
F07Q10000653|201102|141860.14|0|047|313|||||6.500|0.00||||||||||||||||||||141860.14
F07Q10000653|201103|141686.42|0|048|312|||||6.500|0.00||||||||||||||||||||141686.42
F07Q10000653|201104|141511.76|0|049|311|||||6.500|0.00||||||||||||||||||||141511.76
F07Q10000653|201105|141336.15|0|050|310|||||6.500|0.00||||||||||||||||||||141336.15
F07Q10000653|201106|141158.97|0|051|309|||||6.500|0.00||||||||||||||||||||141158.97
F07Q10000653|201107|140981.45|0|052|308|||||6.500|0.00||||||||||||||||||||140981.45
F07Q10000653|201108|140802.97|0|053|307|||||6.500|0.00||||||||||||||||||||140802.97
F07Q10000653|201109|140623.52|0|054|306|||||6.500|0.00||||||||||||||||||||140623.52
F07Q10000653|201110|140443.10|0|055|305|||||6.500|0.00||||||||||||||||||||140443.10
F07Q10000653|201111|140261.70|0|056|304|||||6.500|0.00||||||||||||||||||||140261.70
F07Q10000653|201112|140079.32|0|057|303|||||6.500|0.00||||||||||||||||||||140079.32
F07Q10000653|201201|139895.95|0|058|302|||||6.500|0.00||||||||||||||||||||139895.95
F07Q10000653|201202|139711.59|0|059|301|||||6.500|0.00||||||||||||||||||||139711.59
F07Q10000653|201203|139526.23|0|060|300|||||6.500|0.00||||||||||||||||||||139526.23
F07Q10000653|201204|139339.87|0|061|299|||||6.500|0.00||||||||||||||||||||139339.87
F07Q10000653|201205|139152.50|0|062|298|||||6.500|0.00||||||||||||||||||||139152.50
F07Q10000653|201206|138964.11|0|063|297|||||6.500|0.00||||||||||||||||||||138964.11
F07Q10000653|201207|138774.70|0|064|296|||||6.500|0.00||||||||||||||||||||138774.70
F07Q10000653|201208|138584.27|0|065|295|||||6.500|0.00||||||||||||||||||||138584.27
F07Q10000653|201209|138584.27|0|066|294|||||6.500|0.00||||||||||||||||||||138584.27
F07Q10000653|201210|138200.30|0|067|293|||||6.500|0.00||||||||||||||||||||138200.30
F07Q10000653|201211|138006.76|0|068|292|||||6.500|0.00||||||||||||||||||||138006.76
F07Q10000653|201212|138006.76|0|069|291|||||6.500|0.00||||||||||||||||||||138006.76
F07Q10000653|201301|137616.52|0|070|290|||||6.500|0.00||||||||||||||||||||137616.52
F07Q10000653|201302|137419.81|0|071|289|||||6.500|0.00||||||||||||||||||||137419.81
F07Q10000653|201303|137222.04|0|072|288|||||6.500|0.00||||||||||||||||||||137222.04
F07Q10000653|201304|137222.04|0|073|287|||||6.500|0.00||||||||||||||||||||137222.04
F07Q10000653|201305|136823.28|0|074|286|||||6.500|0.00||||||||||||||||||||136823.28
F07Q10000653|201306|136420.19|0|075|285|||||6.500|0.00||||||||||||||||||||136420.19
F07Q10000653|201307|136420.19|0|076|284|||||6.500|0.00||||||||||||||||||||136420.19
F07Q10000653|201308|136217.00|0|077|283|||||6.500|0.00||||||||||||||||||||136217.00
F07Q10000653|201309|136012.71|0|078|282|||||6.500|0.00||||||||||||||||||||136012.71
F07Q10000653|201310|135807.32|0|079|281|||||6.500|0.00||||||||||||||||||||135807.32
F07Q10000653|201311|135600.81|0|080|280|||||6.500|0.00||||||||||||||||||||135600.81
F07Q10000653|201312|135393.18|0|081|279|||||6.500|0.00||||||||||||||||||||135393.18
F07Q10000653|201401|135184.43|0|082|278|||||6.500|0.00||||||||||||||||||||135184.43
F07Q10000653|201402|134974.55|0|083|277|||||6.500|0.00||||||||||||||||||||134974.55
F07Q10000653|201403|134763.53|0|084|276|||||6.500|0.00||||||||||||||||||||134763.53
F07Q10000653|201404|134551.37|0|085|275|||||6.500|0.00||||||||||||||||||||134551.37
F07Q10000653|201405|134338.06|0|086|274|||||6.500|0.00||||||||||||||||||||134338.06
F07Q10000653|201406|134123.59|0|087|273|||||6.500|0.00||||||||||||||||||||134123.59
F07Q10000653|201407|133907.96|0|088|272|||||6.500|0.00||||||||||||||||||||133907.96
F07Q10000653|201408|133691.16|0|089|271|||||6.500|0.00||||||||||||||||||||133691.16
F07Q10000653|201409|133473.19|0|090|270|||||6.500|0.00||||||||||||||||||||133473.19
F07Q10000653|201410|133254.04|0|091|269|||||6.500|0.00||||||||||||||||||||133254.04
F07Q10000653|201411|133033.70|0|092|268|||||6.500|0.00||||||||||||||||||||133033.70
F07Q10000653|201412|132812.17|0|093|267|||||6.500|0.00||||||||||||||||||||132812.17
F07Q10000653|201501|132589.44|0|094|266|||||6.500|0.00||||||||||||||||||||132589.44
F07Q10000653|201502|132365.50|0|095|265|||||6.500|0.00||||||||||||||||||||132365.50
F07Q10000653|201503|132140.35|0|096|264|||||6.500|0.00||||||||||||||||||||132140.35
F07Q10000653|201504|0.00|0|097|263|||01|201504|6.500|0.00|||||||||||||||132140.35|||||0.00
F07Q10000685|200702|343000.00|0|000|360|||||6.125|0.00||||||||||||||||||||343000.00
F07Q10000685|200703|343000.00|0|001|359|||||6.125|0.00||||||||||||||||||||343000.00
F07Q10000685|200704|342000.00|0|002|358|||||6.125|0.00||||||||||||||||||||342000.00
F07Q10000685|200705|342000.00|0|003|357|||||6.125|0.00||||||||||||||||||||342000.00
F07Q10000685|200706|342000.00|0|004|356|||||6.125|0.00||||||||||||||||||||342000.00
F07Q10000685|200707|341000.00|0|005|355|||||6.125|0.00||||||||||||||||||||341000.00
F07Q10000685|200708|341000.00|0|006|354|||||6.125|0.00||||||||||||||||||||341000.00
F07Q10000685|200709|340630.37|0|007|353|||||6.125|0.00||||||||||||||||||||340630.37
F07Q10000685|200710|340284.90|0|008|352|||||6.125|0.00||||||||||||||||||||340284.90
F07Q10000685|200711|339937.67|0|009|351|||||6.125|0.00||||||||||||||||||||339937.67
F07Q10000685|200712|339588.67|0|010|350|||||6.125|0.00||||||||||||||||||||339588.67
F07Q10000685|200801|339237.89|0|011|349|||||6.125|0.00||||||||||||||||||||339237.89
F07Q10000685|200802|338885.32|0|012|348|||||6.125|0.00||||||||||||||||||||338885.32
F07Q10000685|200803|338530.95|0|013|347|||||6.125|0.00||||||||||||||||||||338530.95
F07Q10000685|200804|338174.77|0|014|346|||||6.125|0.00||||||||||||||||||||338174.77
F07Q10000685|200805|337816.77|0|015|345|||||6.125|0.00||||||||||||||||||||337816.77
F07Q10000685|200806|337456.94|0|016|344|||||6.125|0.00||||||||||||||||||||337456.94
F07Q10000685|200807|337095.28|0|017|343|||||6.125|0.00||||||||||||||||||||337095.28
F07Q10000685|200808|336731.77|0|018|342|||||6.125|0.00||||||||||||||||||||336731.77
F07Q10000685|200809|336365.46|0|019|341|||||6.125|0.00||||||||||||||||||||336365.46
F07Q10000685|200810|335998.23|0|020|340|||||6.125|0.00||||||||||||||||||||335998.23
F07Q10000685|200811|335628.17|0|021|339|||||6.125|0.00||||||||||||||||||||335628.17
F07Q10000685|200812|335256.22|0|022|338|||||6.125|0.00||||||||||||||||||||335256.22
F07Q10000685|200901|334882.37|0|023|337|||||6.125|0.00||||||||||||||||||||334882.37
F07Q10000685|200902|334506.62|0|024|336|||||6.125|0.00||||||||||||||||||||334506.62
F07Q10000685|200903|334128.95|0|025|335|||||6.125|0.00||||||||||||||||||||334128.95
F07Q10000685|200904|333750.30|0|026|334|||||6.125|0.00||||||||||||||||||||333750.30
F07Q10000685|200905|333369.72|0|027|333|||||6.125|0.00||||||||||||||||||||333369.72
F07Q10000685|200906|332987.19|0|028|332|||||6.125|0.00||||||||||||||||||||332987.19
F07Q10000685|200907|332602.71|0|029|331|||||6.125|0.00||||||||||||||||||||332602.71
F07Q10000685|200908|332215.27|0|030|330|||||6.125|0.00||||||||||||||||||||332215.27
F07Q10000685|200909|331826.85|0|031|329|||||6.125|0.00||||||||||||||||||||331826.85
F07Q10000685|200910|331826.85|0|032|328|||||6.125|0.00||||||||||||||||||||331826.85
F07Q10000685|200911|331436.45|0|033|327|||||6.125|0.00||||||||||||||||||||331436.45
F07Q10000685|200912|331044.06|0|034|326|||||6.125|0.00||||||||||||||||||||331044.06
F07Q10000685|201001|330649.55|0|035|325|||||6.125|0.00||||||||||||||||||||330649.55
F07Q10000685|201002|330253.14|0|036|324|||||6.125|0.00||||||||||||||||||||330253.14
F07Q10000685|201003|329854.71|0|037|323|||||6.125|0.00||||||||||||||||||||329854.71
F07Q10000685|201004|329454.24|0|038|322|||||6.125|0.00||||||||||||||||||||329454.24
F07Q10000685|201005|329051.73|0|039|321|||||6.125|0.00||||||||||||||||||||329051.73
F07Q10000685|201006|328647.16|0|040|320|||||6.125|0.00||||||||||||||||||||328647.16
F07Q10000685|201007|0.00|0|041|319|||01|201007|6.125|0.00|||||||||||||||328647.16|||||0.00
F07Q10000732|200702|152000.00|0|000|360|||||6.000|0.00||||||||||||||||||||152000.00
F07Q10000732|200703|152000.00|0|001|359|||||6.000|0.00||||||||||||||||||||152000.00
F07Q10000732|200704|152000.00|0|002|358|||||6.000|0.00||||||||||||||||||||152000.00
F07Q10000732|200705|151000.00|0|003|357|||||6.000|0.00||||||||||||||||||||151000.00
F07Q10000732|200706|151000.00|0|004|356|||||6.000|0.00||||||||||||||||||||151000.00
F07Q10000732|200707|151000.00|0|005|355|||||6.000|0.00||||||||||||||||||||151000.00
F07Q10000732|200708|151000.00|0|006|354|||||6.000|0.00||||||||||||||||||||151000.00
F07Q10000732|200709|150845.30|0|007|353|||||6.000|0.00||||||||||||||||||||150845.30
F07Q10000732|200710|150688.69|0|008|352|||||6.000|0.00||||||||||||||||||||150688.69
F07Q10000732|200711|150531.29|0|009|351|||||6.000|0.00||||||||||||||||||||150531.29
F07Q10000732|200712|150373.11|0|010|350|||||6.000|0.00||||||||||||||||||||150373.11
F07Q10000732|200801|150214.14|0|011|349|||||6.000|0.00||||||||||||||||||||150214.14
F07Q10000732|200802|150054.37|0|012|348|||||6.000|0.00||||||||||||||||||||150054.37
F07Q10000732|200803|149893.80|0|013|347|||||6.000|0.00||||||||||||||||||||149893.80
F07Q10000732|200804|149732.43|0|014|346|||||6.000|0.00||||||||||||||||||||149732.43
F07Q10000732|200805|149570.25|0|015|345|||||6.000|0.00||||||||||||||||||||149570.25
F07Q10000732|200806|149407.26|0|016|344|||||6.000|0.00||||||||||||||||||||149407.26
F07Q10000732|200807|149243.46|0|017|343|||||6.000|0.00||||||||||||||||||||149243.46
F07Q10000732|200808|149078.84|0|018|342|||||6.000|0.00||||||||||||||||||||149078.84
F07Q10000732|200809|148913.39|0|019|341|||||6.000|0.00||||||||||||||||||||148913.39
F07Q10000732|200810|148747.12|0|020|340|||||6.000|0.00||||||||||||||||||||148747.12
F07Q10000732|200811|148580.02|0|021|339|||||6.000|0.00||||||||||||||||||||148580.02
F07Q10000732|200812|148412.08|0|022|338|||||6.000|0.00||||||||||||||||||||148412.08
F07Q10000732|200901|148243.30|0|023|337|||||6.000|0.00||||||||||||||||||||148243.30
F07Q10000732|200902|148073.68|0|024|336|||||6.000|0.00||||||||||||||||||||148073.68
F07Q10000732|200903|147903.21|0|025|335|||||6.000|0.00||||||||||||||||||||147903.21
F07Q10000732|200904|147731.89|0|026|334|||||6.000|0.00||||||||||||||||||||147731.89
F07Q10000732|200905|147559.71|0|027|333|||||6.000|0.00||||||||||||||||||||147559.71
F07Q10000732|200906|147386.67|0|028|332|||||6.000|0.00||||||||||||||||||||147386.67
F07Q10000732|200907|147212.76|0|029|331|||||6.000|0.00||||||||||||||||||||147212.76
F07Q10000732|200908|147037.98|0|030|330|||||6.000|0.00||||||||||||||||||||147037.98
F07Q10000732|200909|146862.33|0|031|329|||||6.000|0.00||||||||||||||||||||146862.33
F07Q10000732|200910|146685.80|0|032|328|||||6.000|0.00||||||||||||||||||||146685.80
F07Q10000732|200911|146508.39|0|033|327|||||6.000|0.00||||||||||||||||||||146508.39
F07Q10000732|200912|146330.09|0|034|326|||||6.000|0.00||||||||||||||||||||146330.09
F07Q10000732|201001|146150.90|0|035|325|||||6.000|0.00||||||||||||||||||||146150.90
F07Q10000732|201002|145970.81|0|036|324|||||6.000|0.00||||||||||||||||||||145970.81
F07Q10000732|201003|145789.82|0|037|323|||||6.000|0.00||||||||||||||||||||145789.82
F07Q10000732|201004|145607.93|0|038|322|||||6.000|0.00||||||||||||||||||||145607.93
F07Q10000732|201005|145425.13|0|039|321|||||6.000|0.00||||||||||||||||||||145425.13
F07Q10000732|201006|145241.42|0|040|320|||||6.000|0.00||||||||||||||||||||145241.42
F07Q10000732|201007|145056.79|0|041|319|||||6.000|0.00||||||||||||||||||||145056.79
F07Q10000732|201008|144871.23|0|042|318|||||6.000|0.00||||||||||||||||||||144871.23
F07Q10000732|201009|144684.75|0|043|317|||||6.000|0.00||||||||||||||||||||144684.75
F07Q10000732|201010|144497.33|0|044|316|||||6.000|0.00||||||||||||||||||||144497.33
F07Q10000732|201011|144308.98|0|045|315|||||6.000|0.00||||||||||||||||||||144308.98
F07Q10000732|201012|144119.68|0|046|314|||||6.000|0.00||||||||||||||||||||144119.68
F07Q10000732|201101|143929.44|0|047|313|||||6.000|0.00||||||||||||||||||||143929.44
F07Q10000732|201102|143738.25|0|048|312|||||6.000|0.00||||||||||||||||||||143738.25
F07Q10000732|201103|143546.10|0|049|311|||||6.000|0.00||||||||||||||||||||143546.10
F07Q10000732|201104|143352.99|0|050|310|||||6.000|0.00||||||||||||||||||||143352.99
F07Q10000732|201105|143158.91|0|051|309|||||6.000|0.00||||||||||||||||||||143158.91
F07Q10000732|201106|142963.86|0|052|308|||||6.000|0.00||||||||||||||||||||142963.86
F07Q10000732|201107|142767.84|0|053|307|||||6.000|0.00||||||||||||||||||||142767.84
F07Q10000732|201108|142570.84|0|054|306|||||6.000|0.00||||||||||||||||||||142570.84
F07Q10000732|201109|142372.85|0|055|305|||||6.000|0.00||||||||||||||||||||142372.85
F07Q10000732|201110|142173.87|0|056|304|||||6.000|0.00||||||||||||||||||||142173.87
F07Q10000732|201111|141973.90|0|057|303|||||6.000|0.00||||||||||||||||||||141973.90
F07Q10000732|201112|141772.93|0|058|302|||||6.000|0.00||||||||||||||||||||141772.93
F07Q10000732|201201|141570.95|0|059|301|||||6.000|0.00||||||||||||||||||||141570.95
F07Q10000732|201202|141367.96|0|060|300|||||6.000|0.00||||||||||||||||||||141367.96
F07Q10000732|201203|141163.96|0|061|299|||||6.000|0.00||||||||||||||||||||141163.96
F07Q10000732|201204|140958.94|0|062|298|||||6.000|0.00||||||||||||||||||||140958.94
F07Q10000732|201205|140752.89|0|063|297|||||6.000|0.00||||||||||||||||||||140752.89
F07Q10000732|201206|140545.81|0|064|296|||||6.000|0.00||||||||||||||||||||140545.81
F07Q10000732|201207|140337.70|0|065|295|||||6.000|0.00||||||||||||||||||||140337.70
F07Q10000732|201208|140128.55|0|066|294|||||6.000|0.00||||||||||||||||||||140128.55
F07Q10000732|201209|0.00|0|067|293|||01|201209|6.000|0.00|||||||||||||||140128.55|||||0.00
F07Q10000749|200702|131000.00|0|000|360|||||6.250|0.00||||||||||||||||||||131000.00
F07Q10000749|200703|131000.00|0|001|359|||||6.250|0.00||||||||||||||||||||131000.00
F07Q10000749|200704|131000.00|0|002|358|||||6.250|0.00||||||||||||||||||||131000.00
F07Q10000749|200705|131000.00|0|003|357|||||6.250|0.00||||||||||||||||||||131000.00
F07Q10000749|200706|131000.00|0|004|356|||||6.250|0.00||||||||||||||||||||131000.00
F07Q10000749|200707|131000.00|0|005|355|||||6.250|0.00||||||||||||||||||||131000.00
F07Q10000749|200708|130000.00|0|006|354|||||6.250|0.00||||||||||||||||||||130000.00
F07Q10000749|200709|130314.85|0|007|353|||||6.250|0.00||||||||||||||||||||130314.85
F07Q10000749|200710|130185.75|0|008|352|||||6.250|0.00||||||||||||||||||||130185.75
F07Q10000749|200711|130055.98|0|009|351|||||6.250|0.00||||||||||||||||||||130055.98
F07Q10000749|200712|129925.53|0|010|350|||||6.250|0.00||||||||||||||||||||129925.53
F07Q10000749|200801|129794.41|0|011|349|||||6.250|0.00||||||||||||||||||||129794.41
F07Q10000749|200802|129662.60|0|012|348|||||6.250|0.00||||||||||||||||||||129662.60
F07Q10000749|200803|129530.11|0|013|347|||||6.250|0.00||||||||||||||||||||129530.11
F07Q10000749|200804|129396.93|0|014|346|||||6.250|0.00||||||||||||||||||||129396.93
F07Q10000749|200805|129263.05|0|015|345|||||6.250|0.00||||||||||||||||||||129263.05
F07Q10000749|200806|129128.48|0|016|344|||||6.250|0.00||||||||||||||||||||129128.48
F07Q10000749|200807|128993.20|0|017|343|||||6.250|0.00||||||||||||||||||||128993.20
F07Q10000749|200808|128857.22|0|018|342|||||6.250|0.00||||||||||||||||||||128857.22
F07Q10000749|200809|128720.53|0|019|341|||||6.250|0.00||||||||||||||||||||128720.53
F07Q10000749|200810|128583.13|0|020|340|||||6.250|0.00||||||||||||||||||||128583.13
F07Q10000749|200811|128445.01|0|021|339|||||6.250|0.00||||||||||||||||||||128445.01
F07Q10000749|200812|128306.17|0|022|338|||||6.250|0.00||||||||||||||||||||128306.17
F07Q10000749|200901|128166.61|0|023|337|||||6.250|0.00||||||||||||||||||||128166.61
F07Q10000749|200902|128026.32|0|024|336|||||6.250|0.00||||||||||||||||||||128026.32
F07Q10000749|200903|127885.30|0|025|335|||||6.250|0.00||||||||||||||||||||127885.30
F07Q10000749|200904|127743.55|0|026|334|||||6.250|0.00||||||||||||||||||||127743.55
F07Q10000749|200905|127601.06|0|027|333|||||6.250|0.00||||||||||||||||||||127601.06
F07Q10000749|200906|127457.83|0|028|332|||||6.250|0.00||||||||||||||||||||127457.83
F07Q10000749|200907|127313.85|0|029|331|||||6.250|0.00||||||||||||||||||||127313.85
F07Q10000749|200908|127169.12|0|030|330|||||6.250|0.00||||||||||||||||||||127169.12
F07Q10000749|200909|127023.64|0|031|329|||||6.250|0.00||||||||||||||||||||127023.64
F07Q10000749|200910|126877.40|0|032|328|||||6.250|0.00||||||||||||||||||||126877.40
F07Q10000749|200911|126730.40|0|033|327|||||6.250|0.00||||||||||||||||||||126730.40
F07Q10000749|200912|126582.63|0|034|326|||||6.250|0.00||||||||||||||||||||126582.63
F07Q10000749|201001|126434.09|0|035|325|||||6.250|0.00||||||||||||||||||||126434.09
F07Q10000749|201002|126284.78|0|036|324|||||6.250|0.00||||||||||||||||||||126284.78
F07Q10000749|201003|126134.69|0|037|323|||||6.250|0.00||||||||||||||||||||126134.69
F07Q10000749|201004|125983.82|0|038|322|||||6.250|0.00||||||||||||||||||||125983.82
F07Q10000749|201005|125832.17|0|039|321|||||6.250|0.00||||||||||||||||||||125832.17
F07Q10000749|201006|125679.73|0|040|320|||||6.250|0.00||||||||||||||||||||125679.73
F07Q10000749|201007|125526.49|0|041|319|||||6.250|0.00||||||||||||||||||||125526.49
F07Q10000749|201008|125372.45|0|042|318|||||6.250|0.00||||||||||||||||||||125372.45
F07Q10000749|201009|125217.61|0|043|317|||||6.250|0.00||||||||||||||||||||125217.61
F07Q10000749|201010|125061.97|0|044|316|||||6.250|0.00||||||||||||||||||||125061.97
F07Q10000749|201011|124905.51|0|045|315|||||6.250|0.00||||||||||||||||||||124905.51
F07Q10000749|201012|124748.24|0|046|314|||||6.250|0.00||||||||||||||||||||124748.24
F07Q10000749|201101|124431.24|0|047|313|||||6.250|0.00||||||||||||||||||||124431.24
F07Q10000749|201102|124431.24|0|048|312|||||6.250|0.00||||||||||||||||||||124431.24
F07Q10000749|201103|124271.50|0|049|311|||||6.250|0.00||||||||||||||||||||124271.50
F07Q10000749|201104|124110.93|0|050|310|||||6.250|0.00||||||||||||||||||||124110.93
F07Q10000749|201105|123949.52|0|051|309|||||6.250|0.00||||||||||||||||||||123949.52
F07Q10000749|201106|123787.27|0|052|308|||||6.250|0.00||||||||||||||||||||123787.27
F07Q10000749|201107|123624.18|0|053|307|||||6.250|0.00||||||||||||||||||||123624.18
F07Q10000749|201108|123460.24|0|054|306|||||6.250|0.00||||||||||||||||||||123460.24
F07Q10000749|201109|123295.44|0|055|305|||||6.250|0.00||||||||||||||||||||123295.44
F07Q10000749|201110|123129.78|0|056|304|||||6.250|0.00||||||||||||||||||||123129.78
F07Q10000749|201111|122963.26|0|057|303|||||6.250|0.00||||||||||||||||||||122963.26
F07Q10000749|201112|122795.87|0|058|302|||||6.250|0.00||||||||||||||||||||122795.87
F07Q10000749|201201|122627.61|0|059|301|||||6.250|0.00||||||||||||||||||||122627.61
F07Q10000749|201202|122458.48|0|060|300|||||6.250|0.00||||||||||||||||||||122458.48
F07Q10000749|201203|122288.46|0|061|299|||||6.250|0.00||||||||||||||||||||122288.46
F07Q10000749|201204|122117.56|0|062|298|||||6.250|0.00||||||||||||||||||||122117.56
F07Q10000749|201205|121945.77|0|063|297|||||6.250|0.00||||||||||||||||||||121945.77
F07Q10000749|201206|121773.08|0|064|296|||||6.250|0.00||||||||||||||||||||121773.08
F07Q10000749|201207|121599.49|0|065|295|||||6.250|0.00||||||||||||||||||||121599.49
F07Q10000749|201208|121425.00|0|066|294|||||6.250|0.00||||||||||||||||||||121425.00
F07Q10000749|201209|121249.60|0|067|293|||||6.250|0.00||||||||||||||||||||121249.60
F07Q10000749|201210|121073.29|0|068|292|||||6.250|0.00||||||||||||||||||||121073.29
F07Q10000749|201211|120896.06|0|069|291|||||6.250|0.00||||||||||||||||||||120896.06
F07Q10000749|201212|120717.91|0|070|290|||||6.250|0.00||||||||||||||||||||120717.91
F07Q10000749|201301|120538.83|0|071|289|||||6.250|0.00||||||||||||||||||||120538.83
F07Q10000749|201302|120358.82|0|072|288|||||6.250|0.00||||||||||||||||||||120358.82
F07Q10000749|201303|120177.87|0|073|287|||||6.250|0.00||||||||||||||||||||120177.87
F07Q10000749|201304|119995.98|0|074|286|||||6.250|0.00||||||||||||||||||||119995.98
F07Q10000749|201305|119813.14|0|075|285|||||6.250|0.00||||||||||||||||||||119813.14
F07Q10000749|201306|119629.35|0|076|284|||||6.250|0.00||||||||||||||||||||119629.35
F07Q10000749|201307|119444.60|0|077|283|||||6.250|0.00||||||||||||||||||||119444.60
F07Q10000749|201308|119258.89|0|078|282|||||6.250|0.00||||||||||||||||||||119258.89
F07Q10000749|201309|119072.21|0|079|281|||||6.250|0.00||||||||||||||||||||119072.21
F07Q10000749|201310|118884.56|0|080|280|||||6.250|0.00||||||||||||||||||||118884.56
F07Q10000749|201311|118695.93|0|081|279|||||6.250|0.00||||||||||||||||||||118695.93
F07Q10000749|201312|118506.32|0|082|278|||||6.250|0.00||||||||||||||||||||118506.32
F07Q10000749|201401|0.00|0|083|277|||01|201401|6.250|0.00|||||||||||||||118506.32|||||0.00
F07Q10000756|200702|342000.00|0|000|360|||||6.375|0.00||||||||||||||||||||342000.00
F07Q10000756|200703|342000.00|1|001|359|||||6.375|0.00||||||||||||||||||||342000.00
F07Q10000756|200704|341000.00|0|002|358|||||6.375|0.00||||||||||||||||||||341000.00
F07Q10000756|200705|340000.00|0|003|357|||||6.375|0.00||||||||||||||||||||340000.00
F07Q10000756|200706|340000.00|0|004|356|||||6.375|0.00||||||||||||||||||||340000.00
F07Q10000756|200707|339000.00|0|005|355|||||6.375|0.00||||||||||||||||||||339000.00
F07Q10000756|200708|339000.00|0|006|354|||||6.375|0.00||||||||||||||||||||339000.00
F07Q10000756|200709|339347.97|0|007|353|||||6.375|0.00||||||||||||||||||||339347.97
F07Q10000756|200710|339014.62|0|008|352|||||6.375|0.00||||||||||||||||||||339014.62
F07Q10000756|200711|338679.50|0|009|351|||||6.375|0.00||||||||||||||||||||338679.50
F07Q10000756|200712|338342.59|0|010|350|||||6.375|0.00||||||||||||||||||||338342.59
F07Q10000756|200801|338003.90|0|011|349|||||6.375|0.00||||||||||||||||||||338003.90
F07Q10000756|200802|337663.41|0|012|348|||||6.375|0.00||||||||||||||||||||337663.41
F07Q10000756|200803|337321.11|0|013|347|||||6.375|0.00||||||||||||||||||||337321.11
F07Q10000756|200804|336976.99|0|014|346|||||6.375|0.00||||||||||||||||||||336976.99
F07Q10000756|200805|336631.04|0|015|345|||||6.375|0.00||||||||||||||||||||336631.04
F07Q10000756|200806|336283.25|0|016|344|||||6.375|0.00||||||||||||||||||||336283.25
F07Q10000756|200807|335933.61|0|017|343|||||6.375|0.00||||||||||||||||||||335933.61
F07Q10000756|200808|335582.12|0|018|342|||||6.375|0.00||||||||||||||||||||335582.12
F07Q10000756|200809|335228.76|0|019|341|||||6.375|0.00||||||||||||||||||||335228.76
F07Q10000756|200810|334873.52|0|020|340|||||6.375|0.00||||||||||||||||||||334873.52
F07Q10000756|200811|334516.40|0|021|339|||||6.375|0.00||||||||||||||||||||334516.40
F07Q10000756|200812|334157.38|0|022|338|||||6.375|0.00||||||||||||||||||||334157.38
F07Q10000756|200901|333796.45|0|023|337|||||6.375|0.00||||||||||||||||||||333796.45
F07Q10000756|200902|333433.60|0|024|336|||||6.375|0.00||||||||||||||||||||333433.60
F07Q10000756|200903|333068.83|0|025|335|||||6.375|0.00||||||||||||||||||||333068.83
F07Q10000756|200904|332702.12|0|026|334|||||6.375|0.00||||||||||||||||||||332702.12
F07Q10000756|200905|332702.12|0|027|333|||||6.375|0.00||||||||||||||||||||332702.12
F07Q10000756|200906|332241.36|0|028|332|||||6.375|0.00||||||||||||||||||||332241.36
F07Q10000756|200907|331778.15|0|029|331|||||6.375|0.00||||||||||||||||||||331778.15
F07Q10000756|200908|331778.15|1|030|330|||||6.375|0.00||||||||||||||||||||331778.15
F07Q10000756|200909|331778.15|2|031|329|||||6.375|0.00||||||||||||||||||||331778.15
F07Q10000756|200910|331778.15|3|032|328|||||6.375|0.00||||||||||||||||||||331778.15
F07Q10000756|200911|331778.15|4|033|327|||||6.375|0.00||||||||||||||||||||331778.15
F07Q10000756|200912|331778.15|5|034|326|||||6.375|0.00||||||||||||||||||||331778.15
F07Q10000756|201001|331778.15|6|035|325|||||6.375|0.00||||||||||||||||||||331778.15
F07Q10000756|201002|331778.15|7|036|324|||||6.375|0.00||||||||||||||||||||331778.15
F07Q10000756|201003|331778.15|7|037|323|||||6.375|0.00||||||||||||||||||||331778.15
F07Q10000756|201004|331404.58|8|038|322|||||6.375|0.00||||||||||||||||||||331404.58
F07Q10000756|201005|331404.58|9|039|321|||||6.375|0.00||||||||||||||||||||331404.58
F07Q10000756|201006|348268.98|0|040|320|||||6.375|82700.00||||||||||||||||||||265568.98
F07Q10000756|201007|348268.98|0|003|477||Y|||2.000|82700.00||||||||||||Y|||||||1383.44|265568.98
F07Q10000756|201008|346818.98|0|004|476||P|||2.000|82700.00||||||||||||Y|||||||1383.44|264118.98
F07Q10000756|201009|346454.97|0|005|475||P|||2.000|82700.00||||||||||||Y|||||||1378.16|263754.97
F07Q10000756|201010|346090.35|0|006|474||P|||2.000|82700.00||||||||||||Y|||||||1376.83|263390.35
F07Q10000756|201011|345725.12|0|007|473||P|||2.000|82700.00||||||||||||Y|||||||1375.50|263025.12
F07Q10000756|201012|345359.29|0|008|472||P|||2.000|82700.00||||||||||||Y|||||||1374.17|262659.29
F07Q10000756|201101|344992.85|0|009|471||P|||2.000|82700.00||||||||||||Y|||||||1372.83|262292.85
F07Q10000756|201102|344625.79|0|010|470||P|||2.000|82700.00||||||||||||Y|||||||1371.50|261925.79
F07Q10000756|201103|344256.60|0|011|469||P|||2.000|82700.00||||||||||||Y|||||||1370.16|261556.60
F07Q10000756|201104|342970.12|0|012|468||P|||2.000|82700.00||||||||||||Y|||||||1368.81|260270.12
F07Q10000756|201105|342599.69|0|013|467||P|||2.000|82700.00||||||||||||Y|||||||1364.12|259899.69
F07Q10000756|201106|342228.65|0|014|466||P|||2.000|82700.00||||||||||||Y|||||||1362.77|259528.65
F07Q10000756|201107|341856.99|0|015|465||P|||2.000|82700.00||||||||||||Y|||||||1361.42|259156.99
F07Q10000756|201108|341484.71|0|016|464||P|||2.000|82700.00||||||||||||Y|||||||1360.07|258784.71
F07Q10000756|201109|341111.81|0|017|463||P|||2.000|82700.00||||||||||||Y|||||||1358.71|258411.81
F07Q10000756|201110|340654.96|0|018|462||P|||2.000|82700.00||||||||||||Y|||||||1357.35|257954.96
F07Q10000756|201111|340280.68|0|019|461||P|||2.000|82700.00||||||||||||Y|||||||1355.68|257580.68
F07Q10000756|201112|339905.77|0|020|460||P|||2.000|82700.00||||||||||||Y|||||||1354.32|257205.77
F07Q10000756|201201|339530.24|0|021|459||P|||2.000|82700.00||||||||||||Y|||||||1352.95|256830.24
F07Q10000756|201202|339153.09|0|022|458||P|||2.000|82700.00||||||||||||Y|||||||1351.58|256453.09
F07Q10000756|201203|338775.31|0|023|457||P|||2.000|82700.00||||||||||||Y|||||||1350.21|256075.31
F07Q10000756|201204|338396.90|0|024|456||P|||2.000|82700.00||||||||||||Y|||||||1348.83|255696.90
F07Q10000756|201205|337018.85|0|025|455||P|||2.000|82700.00||||||||||||Y|||||||1347.45|254318.85
F07Q10000756|201206|336638.50|0|026|454||P|||2.000|82700.00||||||||||||Y|||||||1342.43|253938.50
F07Q10000756|201207|336257.08|0|027|453||P|||2.000|82700.00||||||||||||Y|||||||1341.04|253557.08
F07Q10000756|201208|335875.47|0|028|452||P|||2.000|82700.00||||||||||||Y|||||||1339.65|253175.47
F07Q10000756|201209|335493.22|0|029|451||P|||2.000|82700.00||||||||||||Y|||||||1338.26|252793.22
F07Q10000756|201210|335110.33|0|030|450||P|||2.000|82700.00||||||||||||Y|||||||1336.86|252410.33
F07Q10000756|201211|334726.80|0|031|449||P|||2.000|82700.00||||||||||||Y|||||||1335.47|252026.80
F07Q10000756|201212|334342.63|0|032|448||P|||2.000|82700.00||||||||||||Y|||||||1334.07|251642.63
F07Q10000756|201301|333957.82|0|033|447||P|||2.000|82700.00||||||||||||Y|||||||1332.67|251257.82
F07Q10000756|201302|332570.71|0|034|446||P|||2.000|82700.00||||||||||||Y|||||||1331.27|249870.71
F07Q10000756|201303|332182.95|0|035|445||P|||2.000|82700.00||||||||||||Y|||||||1326.21|249482.95
F07Q10000756|201304|331794.54|0|036|444||P|||2.000|82700.00||||||||||||Y|||||||1324.80|249094.54
F07Q10000756|201305|331391.52|0|037|443||P|||2.000|82700.00||||||||||||Y|||||||1323.38|248691.52
F07Q10000756|201306|330987.83|0|038|442||P|||2.000|82700.00||||||||||||Y|||||||1321.91|248287.83
F07Q10000756|201307|330583.46|0|039|441||P|||2.000|82700.00||||||||||||Y|||||||1320.44|247883.46
F07Q10000756|201308|330178.42|0|040|440||P|||2.000|82700.00||||||||||||Y|||||||1318.96|247478.42
F07Q10000756|201309|329772.70|0|041|439||P|||2.000|82700.00||||||||||||Y|||||||1317.49|247072.70
F07Q10000756|201310|329366.31|0|042|438||P|||2.000|82700.00||||||||||||Y|||||||1316.01|246666.31
F07Q10000756|201311|328959.24|0|043|437||P|||2.000|82700.00||||||||||||Y|||||||1314.53|246259.24
F07Q10000756|201312|328551.49|0|044|436||P|||2.000|82700.00||||||||||||Y|||||||1313.04|245851.49
F07Q10000756|201401|328143.06|0|045|435||P|||2.000|82700.00||||||||||||Y|||||||1311.56|245443.06
F07Q10000756|201402|326733.95|0|046|434||P|||2.000|82700.00||||||||||||Y|||||||1310.07|244033.95
F07Q10000756|201403|326322.49|0|047|433||P|||2.000|82700.00||||||||||||Y|||||||1304.93|243622.49
F07Q10000756|201404|325910.35|0|048|432||P|||2.000|82700.00||||||||||||Y|||||||1303.43|243210.35
F07Q10000756|201405|325493.22|0|049|431||P|||2.000|82700.00||||||||||||Y|||||||1301.93|242793.22
F07Q10000756|201406|325075.40|0|050|430||P|||2.000|82700.00||||||||||||Y|||||||1300.41|242375.40
F07Q10000756|201407|324656.88|0|051|429||P|||2.000|82700.00||||||||||||Y|||||||1298.88|241956.88
F07Q10000756|201408|324237.66|0|052|428||P|||2.000|82700.00||||||||||||Y|||||||1297.36|241537.66
F07Q10000756|201409|323817.74|0|053|427||P|||2.000|82700.00||||||||||||Y|||||||1295.83|241117.74
F07Q10000756|201410|323397.12|0|054|426||P|||2.000|82700.00||||||||||||Y|||||||1294.30|240697.12
F07Q10000756|201411|322975.80|0|055|425||P|||2.000|82700.00||||||||||||Y|||||||1292.76|240275.80
F07Q10000756|201412|322553.78|0|056|424||P|||2.000|82700.00||||||||||||Y|||||||1291.23|239853.78
F07Q10000756|201501|322131.06|0|057|423||P|||2.000|82700.00||||||||||||Y|||||||1289.69|239431.06
F07Q10000756|201502|320707.63|0|058|422||P|||2.000|82700.00||||||||||||Y|||||||1288.15|238007.63
F07Q10000756|201503|320281.83|0|059|421||P|||2.000|82700.00||||||||||||Y|||||||1282.96|237581.83
F07Q10000756|201504|319855.32|0|060|420||P|||2.000|82700.00||||||||||||Y|||||||1281.41|237155.32
F07Q10000756|201505|319400.59|0|061|419||P|||3.000|82700.00||||||||||||Y|||||||1082.22|236700.59
F07Q10000756|201506|319031.89|0|062|418||P|||3.000|82700.00||||||||||||Y|||||||1080.94|236331.89
F07Q10000756|201507|318688.41|0|063|417||P|||3.000|82700.00||||||||||||Y|||||||1079.91|235988.41
F07Q10000756|201508|318205.81|0|064|416||P|||3.000|82700.00||||||||||||Y|||||||1078.94|235505.81
F07Q10000756|201509|317834.12|0|065|415||P|||3.000|82700.00||||||||||||Y|||||||1077.58|235134.12
F07Q10000756|201510|317461.51|0|066|414||P|||3.000|82700.00||||||||||||Y|||||||1076.54|234761.51
F07Q10000756|201511|317087.96|0|067|413||P|||3.000|82700.00||||||||||||Y|||||||1075.49|234387.96
F07Q10000756|201512|316713.48|0|068|412||P|||3.000|82700.00||||||||||||Y|||||||1074.44|234013.48
F07Q10000756|201601|316338.06|0|069|411||P|||3.000|82700.00||||||||||||Y|||||||1073.39|233638.06
F07Q10000756|201602|315961.71|0|070|410||P|||3.000|82700.00||||||||||||Y|||||||1072.33|233261.71
F07Q10000756|201603|315584.41|0|071|409||P|||3.000|82700.00||||||||||||Y|||||||1071.27|232884.41
F07Q10000756|201604|315206.17|0|072|408||P|||3.000|82700.00||||||||||||Y|||||||1070.21|232506.17
F07Q10000756|201605|314909.56|0|073|407||P|||4.000|82700.00||||||||||||Y|||||||875.39|232209.56
F07Q10000756|201606|314611.96|0|074|406||P|||4.000|82700.00||||||||||||Y|||||||874.80|231911.96
F07Q10000756|201607|314313.37|0|075|405||P|||4.000|82700.00||||||||||||Y|||||||874.22|231613.37
F07Q10000756|201608|314013.78|0|076|404||P|||4.000|82700.00||||||||||||Y|||||||873.62|231313.78
F07Q10000756|201609|313713.20|0|077|403||P|||4.000|82700.00||||||||||||Y|||||||873.03|231013.20
F07Q10000756|201610|313411.61|0|078|402||P|||4.000|82700.00||||||||||||Y|||||||872.44|230711.61
F07Q10000756|201611|313109.02|0|079|401||P|||4.000|82700.00||||||||||||Y|||||||871.84|230409.02
F07Q10000756|201612|312805.42|0|080|400||P|||4.000|82700.00||||||||||||Y|||||||871.24|230105.42
F07Q10000756|201701|312500.81|0|081|399||P|||4.000|82700.00||||||||||||Y|||||||870.64|229800.81
F07Q10000756|201702|312195.18|0|082|398||P|||4.000|82700.00||||||||||||Y|||||||870.04|229495.18
F07Q10000756|201703|311888.53|0|083|397||P|||4.000|82700.00||||||||||||Y|||||||869.43|229188.53
F07Q10000756|201704|311580.86|0|084|396||P|||4.000|82700.00||||||||||||Y||88|||||868.83|228880.86
F07Q10000756|201705|311308.45|0|085|395||P|||4.750|82700.00||||||||||||Y||89|||||725.17|228608.45
F07Q10000756|201706|311034.96|0|086|394||P|||4.750|82700.00||||||||||||Y||89|||||724.80|228334.96
F07Q10000756|201707|310760.39|0|087|393||P|||4.750|82700.00||||||||||||Y||90|||||724.43|228060.39
F07Q10000756|201708|310484.73|0|088|392||P|||4.750|82700.00||||||||||||Y||91|||||724.05|227784.73
F07Q10000756|201709|310207.98|0|089|391||P|||4.750|82700.00||||||||||||Y||91|||||723.68|227507.98
F07Q10000756|201710|309930.13|0|090|390||P|||4.750|82700.00||||||||||||Y||91|||||723.31|227230.13
F07Q10000756|201711|309651.18|0|091|389||P|||4.750|82700.00||||||||||||Y||92|||||722.93|226951.18
F07Q10000756|201712|309371.13|0|092|388||P|||4.750|82700.00||||||||||||Y||93|||||722.55|226671.13
F07Q10000756|201801|309089.97|0|093|387||P|||4.750|82700.00||||||||||||Y||92|||||722.17|226389.97
F07Q10000756|201802|308807.70|0|094|386||P|||4.750|82700.00||||||||||||Y||90|||||721.79|226107.70
F07Q10000756|201803|308524.31|0|095|385||P|||4.750|82700.00||||||||||||Y||89|||||721.41|225824.31
F07Q10000756|201804|308239.80|0|096|384||P|||4.750|82700.00||||||||||||Y||86|||||721.03|225539.80
F07Q10000756|201805|307952.09|0|097|383||P|||4.750|82700.00||||||||||||Y||85|||||720.64|225252.09
F07Q10000756|201806|307665.31|0|098|382||P|||4.750|82700.00||||||||||||Y||87|||||720.25|224965.31
F07Q10000756|201807|307377.40|0|099|381||P|||4.750|82700.00||||||||||||Y||87|||||719.86|224677.40
F07Q10000756|201808|307088.35|0|100|380||P|||4.750|82700.00||||||||||||Y||88|||||719.47|224388.35
F07Q10000756|201809|306798.15|0|101|379||P|||4.750|82700.00||||||||||||Y||87|||||719.08|224098.15
F07Q10000756|201810|306506.81|0|102|378||P|||4.750|82700.00||||||||||||Y||88|||||718.69|223806.81
F07Q10000756|201811|306214.31|0|103|377||P|||4.750|82700.00||||||||||||Y||85|||||718.29|223514.31
F07Q10000756|201812|305920.65|0|104|376||P|||4.750|82700.00||||||||||||Y||85|||||717.90|223220.65
F07Q10000756|201901|305625.83|0|105|375||P|||4.750|82700.00||||||||||||Y||85|||||717.50|222925.83
F07Q10000756|201902|305329.84|0|106|374||P|||4.750|82700.00||||||||||||Y||83|||||717.10|222629.84
F07Q10000756|201903|305032.68|0|107|373||P|||4.750|82700.00||||||||||||Y||83|||||716.70|222332.68
F07Q10000756|201904|304734.27|0|108|372||P|||4.750|82700.00||||||||||||Y||82|||||716.30|222034.27
F07Q10000756|201905|304434.14|0|109|371||P|||4.750|82700.00||||||||||||Y||83|||||715.89|221734.14
F07Q10000756|201906|304133.44|0|110|370||P|||4.750|82700.00||||||||||||Y||82|||||715.49|221433.44
F07Q10000756|201907|303831.55|0|111|369||P|||4.750|82700.00||||||||||||Y||83|||||715.08|221131.55
F07Q10000756|201908|303522.48|0|112|368||P|||4.750|82700.00||||||||||||Y||84|||||714.67|220822.48
F07Q10000756|201909|303199.51|0|113|367||P|||4.750|82700.00||||||||||||Y||84|||||714.25|220499.51
F07Q10000756|201910|302875.26|0|114|366||P|||4.750|82700.00||||||||||||Y||84|||||713.82|220175.26
F07Q10000756|201911|302568.39|0|115|365||P|||4.750|82700.00||||||||||||Y||84|||||713.38|219868.39
F07Q10000756|201912|302260.30|0|116|364||P|||4.750|82700.00||||||||||||Y||83|||||712.96|219560.30
F07Q10000756|202001|301950.99|0|117|363||P|||4.750|82700.00||||||||||||Y||82|||||712.54|219250.99
F07Q10000756|202002|301621.80|0|118|362||P|||4.750|82700.00||||||||||||Y||80|||||712.13|218921.80
F07Q10000756|202003|301309.97|0|119|361||P|||4.750|82700.00||||||||||||Y||80|||||711.68|218609.97
F07Q10000756|202004|301309.97|1|120|360||P|||4.750|82700.00||||||||||||Y||79|||Y|F|711.26|218609.97
F07Q10000756|202005|301309.97|2|121|359||P|||4.750|82700.00||||||||||||Y||78|||Y|F|711.26|218609.97
F07Q10000756|202006|301309.97|3|122|358||P|||4.750|82700.00||||||||||||Y||78|||Y|F|711.26|218609.97
F07Q10000756|202007|301309.97|4|123|357||P|||4.750|82700.00||||||||||||Y||79|||Y|F|711.26|218609.97
F07Q10000756|202008|301309.97|5|124|356||P|||4.750|82700.00||||||||||||Y||79|||Y|F|711.26|218609.97
F07Q10000756|202009|301309.97|6|125|355||P|||4.750|82700.00||||||||||||Y||78|||Y|F|711.26|218609.97
F07Q10000756|202010|301309.97|7|126|354||P|||4.750|82700.00||||||||||||Y||76|||Y|F|711.26|218609.97
F07Q10000756|202011|0.00|0|127|353||P|01|202011|4.750|0.00|202003||||||||||131573.54|Y||999|301309.97||||711.26|0.00
F07Q10000814|200702|122000.00|0|000|360|||||6.375|0.00||||||||||||||||||||122000.00
F07Q10000814|200703|122000.00|0|001|359|||||6.375|0.00||||||||||||||||||||122000.00
F07Q10000814|200704|122000.00|0|002|358|||||6.375|0.00||||||||||||||||||||122000.00
F07Q10000814|200705|122000.00|0|003|357|||||6.375|0.00||||||||||||||||||||122000.00
F07Q10000814|200706|122000.00|0|004|356|||||6.375|0.00||||||||||||||||||||122000.00
F07Q10000814|200707|121000.00|0|005|355|||||6.375|0.00||||||||||||||||||||121000.00
F07Q10000814|200708|121000.00|0|006|354|||||6.375|0.00||||||||||||||||||||121000.00
F07Q10000814|200709|121079.05|0|007|353|||||6.375|0.00||||||||||||||||||||121079.05
F07Q10000814|200710|120961.16|0|008|352|||||6.375|0.00||||||||||||||||||||120961.16
F07Q10000814|200711|120842.65|0|009|351|||||6.375|0.00||||||||||||||||||||120842.65
F07Q10000814|200712|120603.73|0|010|350|||||6.375|0.00||||||||||||||||||||120603.73
F07Q10000814|200801|120603.73|0|011|349|||||6.375|0.00||||||||||||||||||||120603.73
F07Q10000814|200802|120483.32|0|012|348|||||6.375|0.00||||||||||||||||||||120483.32
F07Q10000814|200803|120483.32|0|013|347|||||6.375|0.00||||||||||||||||||||120483.32
F07Q10000814|200804|120362.27|0|014|346|||||6.375|0.00||||||||||||||||||||120362.27
F07Q10000814|200805|120240.57|0|015|345|||||6.375|0.00||||||||||||||||||||120240.57
F07Q10000814|200806|0.00|0|016|344|||01|200806|6.375|0.00|||||||||||||||120240.57|||||0.00
F07Q10000828|200702|70000.00|0|000|180|||||6.000|0.00||||||||||||||||||||70000.00
F07Q10000828|200703|70000.00|0|001|179|||||6.000|0.00||||||||||||||||||||70000.00
F07Q10000828|200704|70000.00|0|002|178|||||6.000|0.00||||||||||||||||||||70000.00
F07Q10000828|200705|69000.00|0|003|177|||||6.000|0.00||||||||||||||||||||69000.00
F07Q10000828|200706|69000.00|0|004|176|||||6.000|0.00||||||||||||||||||||69000.00
F07Q10000828|200707|69000.00|0|005|175|||||6.000|0.00||||||||||||||||||||69000.00
F07Q10000828|200708|69000.00|0|006|174|||||6.000|0.00||||||||||||||||||||69000.00
F07Q10000828|200709|68289.62|0|007|173|||||6.000|0.00||||||||||||||||||||68289.62
F07Q10000828|200710|68040.37|0|008|172|||||6.000|0.00||||||||||||||||||||68040.37
F07Q10000828|200711|68040.37|0|009|171|||||6.000|0.00||||||||||||||||||||68040.37
F07Q10000828|200712|67508.59|0|010|170|||||6.000|0.00||||||||||||||||||||67508.59
F07Q10000828|200801|66955.43|0|011|169|||||6.000|0.00||||||||||||||||||||66955.43
F07Q10000828|200802|66399.51|0|012|168|||||6.000|0.00||||||||||||||||||||66399.51
F07Q10000828|200803|65840.81|0|013|167|||||6.000|0.00||||||||||||||||||||65840.81
F07Q10000828|200804|65279.31|0|014|166|||||6.000|0.00||||||||||||||||||||65279.31
F07Q10000828|200805|64715.01|0|015|165|||||6.000|0.00||||||||||||||||||||64715.01
F07Q10000828|200806|64147.89|0|016|164|||||6.000|0.00||||||||||||||||||||64147.89
F07Q10000828|200807|63577.93|0|017|163|||||6.000|0.00||||||||||||||||||||63577.93
F07Q10000828|200808|63005.12|0|018|162|||||6.000|0.00||||||||||||||||||||63005.12
F07Q10000828|200809|62429.45|0|019|161|||||6.000|0.00||||||||||||||||||||62429.45
F07Q10000828|200810|61850.90|0|020|160|||||6.000|0.00||||||||||||||||||||61850.90
F07Q10000828|200811|61269.45|0|021|159|||||6.000|0.00||||||||||||||||||||61269.45
F07Q10000828|200812|60685.10|0|022|158|||||6.000|0.00||||||||||||||||||||60685.10
F07Q10000828|200901|60097.83|0|023|157|||||6.000|0.00||||||||||||||||||||60097.83
F07Q10000828|200902|59507.62|0|024|156|||||6.000|0.00||||||||||||||||||||59507.62
F07Q10000828|200903|58914.46|0|025|155|||||6.000|0.00||||||||||||||||||||58914.46
F07Q10000828|200904|58318.33|0|026|154|||||6.000|0.00||||||||||||||||||||58318.33
F07Q10000828|200905|57719.22|0|027|153|||||6.000|0.00||||||||||||||||||||57719.22
F07Q10000828|200906|57417.12|0|028|152|||||6.000|0.00||||||||||||||||||||57417.12
F07Q10000828|200907|0.00|0|029|151|||01|200907|6.000|0.00|||||||||||||||57417.12|||||0.00
F07Q10000847|200702|50000.00|0|000|360|||||6.875|0.00||||||||||||||||||||50000.00
F07Q10000847|200703|50000.00|0|001|359|||||6.875|0.00||||||||||||||||||||50000.00
F07Q10000847|200704|50000.00|0|002|358|||||6.875|0.00||||||||||||||||||||50000.00
F07Q10000847|200705|50000.00|0|003|357|||||6.875|0.00||||||||||||||||||||50000.00
F07Q10000847|200706|50000.00|0|004|356|||||6.875|0.00||||||||||||||||||||50000.00
F07Q10000847|200707|50000.00|0|005|355|||||6.875|0.00||||||||||||||||||||50000.00
F07Q10000847|200708|50000.00|0|006|354|||||6.875|0.00||||||||||||||||||||50000.00
F07Q10000847|200709|49700.89|0|007|353|||||6.875|0.00||||||||||||||||||||49700.89
F07Q10000847|200710|49657.17|0|008|352|||||6.875|0.00||||||||||||||||||||49657.17
F07Q10000847|200711|49613.20|0|009|351|||||6.875|0.00||||||||||||||||||||49613.20
F07Q10000847|200712|49568.98|0|010|350|||||6.875|0.00||||||||||||||||||||49568.98
F07Q10000847|200801|49524.51|0|011|349|||||6.875|0.00||||||||||||||||||||49524.51
F07Q10000847|200802|49479.78|0|012|348|||||6.875|0.00||||||||||||||||||||49479.78
F07Q10000847|200803|49434.80|0|013|347|||||6.875|0.00||||||||||||||||||||49434.80
F07Q10000847|200804|49389.56|0|014|346|||||6.875|0.00||||||||||||||||||||49389.56
F07Q10000847|200805|49344.06|0|015|345|||||6.875|0.00||||||||||||||||||||49344.06
F07Q10000847|200806|49298.30|0|016|344|||||6.875|0.00||||||||||||||||||||49298.30
F07Q10000847|200807|49252.28|0|017|343|||||6.875|0.00||||||||||||||||||||49252.28
F07Q10000847|200808|49205.99|0|018|342|||||6.875|0.00||||||||||||||||||||49205.99
F07Q10000847|200809|49159.44|0|019|341|||||6.875|0.00||||||||||||||||||||49159.44
F07Q10000847|200810|49112.62|0|020|340|||||6.875|0.00||||||||||||||||||||49112.62
F07Q10000847|200811|49112.62|0|021|339|||||6.875|0.00||||||||||||||||||||49112.62
F07Q10000847|200812|49018.17|0|022|338|||||6.875|0.00||||||||||||||||||||49018.17
F07Q10000847|200901|48970.54|0|023|337|||||6.875|0.00||||||||||||||||||||48970.54
F07Q10000847|200902|48970.54|0|024|336|||||6.875|0.00||||||||||||||||||||48970.54
F07Q10000847|200903|48874.47|0|025|335|||||6.875|0.00||||||||||||||||||||48874.47
F07Q10000847|200904|48826.02|0|026|334|||||6.875|0.00||||||||||||||||||||48826.02
F07Q10000847|200905|48826.02|0|027|333|||||6.875|0.00||||||||||||||||||||48826.02
F07Q10000847|200906|48728.28|0|028|332|||||6.875|0.00||||||||||||||||||||48728.28
F07Q10000847|200907|48678.99|0|029|331|||||6.875|0.00||||||||||||||||||||48678.99
F07Q10000847|200908|48629.42|0|030|330|||||6.875|0.00||||||||||||||||||||48629.42
F07Q10000847|200909|48579.57|0|031|329|||||6.875|0.00||||||||||||||||||||48579.57
F07Q10000847|200910|48529.41|0|032|328|||||6.875|0.00||||||||||||||||||||48529.41
F07Q10000847|200911|48478.98|0|033|327|||||6.875|0.00||||||||||||||||||||48478.98
F07Q10000847|200912|48428.26|0|034|326|||||6.875|0.00||||||||||||||||||||48428.26
F07Q10000847|201001|48377.25|0|035|325|||||6.875|0.00||||||||||||||||||||48377.25
F07Q10000847|201002|48325.95|0|036|324|||||6.875|0.00||||||||||||||||||||48325.95
F07Q10000847|201003|48274.36|0|037|323|||||6.875|0.00||||||||||||||||||||48274.36
F07Q10000847|201004|48222.47|0|038|322|||||6.875|0.00||||||||||||||||||||48222.47
F07Q10000847|201005|48170.28|0|039|321|||||6.875|0.00||||||||||||||||||||48170.28
F07Q10000847|201006|48117.80|0|040|320|||||6.875|0.00||||||||||||||||||||48117.80
F07Q10000847|201007|48065.01|0|041|319|||||6.875|0.00||||||||||||||||||||48065.01
F07Q10000847|201008|48065.01|0|042|318|||||6.875|0.00||||||||||||||||||||48065.01
F07Q10000847|201009|48011.92|0|043|317|||||6.875|0.00||||||||||||||||||||48011.92
F07Q10000847|201010|47958.53|0|044|316|||||6.875|0.00||||||||||||||||||||47958.53
F07Q10000847|201011|47904.83|0|045|315|||||6.875|0.00||||||||||||||||||||47904.83
F07Q10000847|201012|47850.82|0|046|314|||||6.875|0.00||||||||||||||||||||47850.82
F07Q10000847|201101|47796.51|0|047|313|||||6.875|0.00||||||||||||||||||||47796.51
F07Q10000847|201102|47741.88|0|048|312|||||6.875|0.00||||||||||||||||||||47741.88
F07Q10000847|201103|47631.69|0|049|311|||||6.875|0.00||||||||||||||||||||47631.69
F07Q10000847|201104|47631.69|0|050|310|||||6.875|0.00||||||||||||||||||||47631.69
F07Q10000847|201105|47576.12|0|051|309|||||6.875|0.00||||||||||||||||||||47576.12
F07Q10000847|201106|47520.23|0|052|308|||||6.875|0.00||||||||||||||||||||47520.23
F07Q10000847|201107|47464.02|0|053|307|||||6.875|0.00||||||||||||||||||||47464.02
F07Q10000847|201108|47407.49|0|054|306|||||6.875|0.00||||||||||||||||||||47407.49
F07Q10000847|201109|47350.64|0|055|305|||||6.875|0.00||||||||||||||||||||47350.64
F07Q10000847|201110|47293.46|0|056|304|||||6.875|0.00||||||||||||||||||||47293.46
F07Q10000847|201111|47178.11|0|057|303|||||6.875|0.00||||||||||||||||||||47178.11
F07Q10000847|201112|47119.94|0|058|302|||||6.875|0.00||||||||||||||||||||47119.94
F07Q10000847|201201|47119.94|0|059|301|||||6.875|0.00||||||||||||||||||||47119.94
F07Q10000847|201202|47061.44|0|060|300|||||6.875|0.00||||||||||||||||||||47061.44
F07Q10000847|201203|47002.60|0|061|299|||||6.875|0.00||||||||||||||||||||47002.60
F07Q10000847|201204|46883.92|0|062|298|||||6.875|0.00||||||||||||||||||||46883.92
F07Q10000847|201205|46824.07|0|063|297|||||6.875|0.00||||||||||||||||||||46824.07
F07Q10000847|201206|46763.87|0|064|296|||||6.875|0.00||||||||||||||||||||46763.87
F07Q10000847|201207|46703.33|0|065|295|||||6.875|0.00||||||||||||||||||||46703.33
F07Q10000847|201208|46642.44|0|066|294|||||6.875|0.00||||||||||||||||||||46642.44
F07Q10000847|201209|46581.20|0|067|293|||||6.875|0.00||||||||||||||||||||46581.20
F07Q10000847|201210|46519.61|0|068|292|||||6.875|0.00||||||||||||||||||||46519.61
F07Q10000847|201211|46457.67|0|069|291|||||6.875|0.00||||||||||||||||||||46457.67
F07Q10000847|201212|46457.67|0|070|290|||||6.875|0.00||||||||||||||||||||46457.67
F07Q10000847|201301|46332.72|0|071|289|||||6.875|0.00||||||||||||||||||||46332.72
F07Q10000847|201302|46332.72|0|072|288|||||6.875|0.00||||||||||||||||||||46332.72
F07Q10000847|201303|46269.71|0|073|287|||||6.875|0.00||||||||||||||||||||46269.71
F07Q10000847|201304|46126.09|0|074|286|||||6.875|0.00||||||||||||||||||||46126.09
F07Q10000847|201305|46061.89|0|075|285|||||6.875|0.00||||||||||||||||||||46061.89
F07Q10000847|201306|46061.89|0|076|284|||||6.875|0.00||||||||||||||||||||46061.89
F07Q10000847|201307|45932.40|0|077|283|||||6.875|0.00||||||||||||||||||||45932.40
F07Q10000847|201308|45932.40|0|078|282|||||6.875|0.00||||||||||||||||||||45932.40
F07Q10000847|201309|45867.09|0|079|281|||||6.875|0.00||||||||||||||||||||45867.09
F07Q10000847|201310|45735.35|0|080|280|||||6.875|0.00||||||||||||||||||||45735.35
F07Q10000847|201311|45735.35|0|081|279|||||6.875|0.00||||||||||||||||||||45735.35
F07Q10000847|201312|45668.92|0|082|278|||||6.875|0.00||||||||||||||||||||45668.92
F07Q10000847|201401|45534.90|0|083|277|||||6.875|0.00||||||||||||||||||||45534.90
F07Q10000847|201402|45467.32|0|084|276|||||6.875|0.00||||||||||||||||||||45467.32
F07Q10000847|201403|45399.35|0|085|275|||||6.875|0.00||||||||||||||||||||45399.35
F07Q10000847|201404|45330.99|0|086|274|||||6.875|0.00||||||||||||||||||||45330.99
F07Q10000847|201405|45330.99|0|087|273|||||6.875|0.00||||||||||||||||||||45330.99
F07Q10000847|201406|45262.24|0|088|272|||||6.875|0.00||||||||||||||||||||45262.24
F07Q10000847|201407|45123.55|0|089|271|||||6.875|0.00||||||||||||||||||||45123.55
F07Q10000847|201408|45053.61|0|090|270|||||6.875|0.00||||||||||||||||||||45053.61
F07Q10000847|201409|44983.27|0|091|269|||||6.875|0.00||||||||||||||||||||44983.27
F07Q10000847|201410|44983.27|0|092|268|||||6.875|0.00||||||||||||||||||||44983.27
F07Q10000847|201411|44912.53|0|093|267|||||6.875|0.00||||||||||||||||||||44912.53
F07Q10000847|201412|44769.82|0|094|266|||||6.875|0.00||||||||||||||||||||44769.82
F07Q10000847|201501|44697.85|0|095|265|||||6.875|0.00||||||||||||||||||||44697.85
F07Q10000847|201502|44625.47|0|096|264|||||6.875|0.00||||||||||||||||||||44625.47
F07Q10000847|201503|44625.47|0|097|263|||||6.875|0.00||||||||||||||||||||44625.47
F07Q10000847|201504|44552.68|0|098|262|||||6.875|0.00||||||||||||||||||||44552.68
F07Q10000847|201505|44479.47|0|099|261|||||6.875|0.00||||||||||||||||||||44479.47
F07Q10000847|201506|44331.79|0|100|260|||||6.875|0.00||||||||||||||||||||44331.79
F07Q10000847|201507|44257.31|0|101|259|||||6.875|0.00||||||||||||||||||||44257.31
F07Q10000847|201508|44257.31|0|102|258|||||6.875|0.00||||||||||||||||||||44257.31
F07Q10000847|201509|44107.08|0|103|257|||||6.875|0.00||||||||||||||||||||44107.08
F07Q10000847|201510|44107.08|0|104|256|||||6.875|0.00||||||||||||||||||||44107.08
F07Q10000847|201511|44031.32|0|105|255|||||6.875|0.00||||||||||||||||||||44031.32
F07Q10000847|201512|43878.49|0|106|254|||||6.875|0.00||||||||||||||||||||43878.49
F07Q10000847|201601|43878.49|0|107|253|||||6.875|0.00||||||||||||||||||||43878.49
F07Q10000847|201602|43801.42|0|108|252|||||6.875|0.00||||||||||||||||||||43801.42
F07Q10000847|201603|43723.91|0|109|251|||||6.875|0.00||||||||||||||||||||43723.91
F07Q10000847|201604|43645.95|0|110|250|||||6.875|0.00||||||||||||||||||||43645.95
F07Q10000847|201605|43567.54|0|111|249|||||6.875|0.00||||||||||||||||||||43567.54
F07Q10000847|201606|43409.38|0|112|248|||||6.875|0.00||||||||||||||||||||43409.38
F07Q10000847|201607|43329.62|0|113|247|||||6.875|0.00||||||||||||||||||||43329.62
F07Q10000847|201608|43329.62|0|114|246|||||6.875|0.00||||||||||||||||||||43329.62
F07Q10000847|201609|43168.72|0|115|245|||||6.875|0.00||||||||||||||||||||43168.72
F07Q10000847|201610|43168.72|0|116|244|||||6.875|0.00||||||||||||||||||||43168.72
F07Q10000847|201611|43087.58|0|117|243|||||6.875|0.00||||||||||||||||||||43087.58
F07Q10000847|201612|42923.91|0|118|242|||||6.875|0.00||||||||||||||||||||42923.91
F07Q10000847|201701|42923.91|0|119|241|||||6.875|0.00||||||||||||||||||||42923.91
F07Q10000847|201702|42758.36|0|120|240|||||6.875|0.00||||||||||||||||||||42758.36
F07Q10000847|201703|42758.36|0|121|239|||||6.875|0.00||||||||||||||||||||42758.36
F07Q10000847|201704|42674.87|0|122|238|||||6.875|0.00||||||||||||||34||||||42674.87
F07Q10000847|201705|42490.03|0|123|237|||||6.875|0.00||||||||||||||33||||||42490.03
F07Q10000847|201706|42388.58|0|124|236|||||6.875|0.00||||||||||||||34||||||42388.58
F07Q10000847|201707|42388.58|0|125|235|||||6.875|0.00||||||||||||||35||||||42388.58
F07Q10000847|201708|42200.36|0|126|234|||||6.875|0.00||||||||||||||35||||||42200.36
F07Q10000847|201709|42200.36|0|127|233|||||6.875|0.00||||||||||||||35||||||42200.36
F07Q10000847|201710|42113.67|0|128|232|||||6.875|0.00||||||||||||||35||||||42113.67
F07Q10000847|201711|42026.49|0|129|231|||||6.875|0.00||||||||||||||35||||||42026.49
F07Q10000847|201712|41938.81|0|130|230|||||6.875|0.00||||||||||||||35||||||41938.81
F07Q10000847|201801|41834.20|0|131|229|||||6.875|0.00||||||||||||||36||||||41834.20
F07Q10000847|201802|41745.42|0|132|228|||||6.875|0.00||||||||||||||36||||||41745.42
F07Q10000847|201803|41656.13|0|133|227|||||6.875|0.00||||||||||||||35||||||41656.13
F07Q10000847|201804|41566.32|0|134|226|||||6.875|0.00||||||||||||||35||||||41566.32
F07Q10000847|201805|41459.58|0|135|225|||||6.875|0.00||||||||||||||34||||||41459.58
F07Q10000847|201806|41368.65|0|136|224|||||6.875|0.00||||||||||||||33||||||41368.65
F07Q10000847|201807|41260.78|0|137|223|||||6.875|0.00||||||||||||||33||||||41260.78
F07Q10000847|201808|41043.18|0|138|222|||||6.875|0.00||||||||||||||34||||||41043.18
F07Q10000847|201809|41043.18|0|139|221|||||6.875|0.00||||||||||||||34||||||41043.18
F07Q10000847|201810|40933.44|0|140|220|||||6.875|0.00||||||||||||||35||||||40933.44
F07Q10000847|201811|40712.07|0|141|219|||||6.875|0.00||||||||||||||34||||||40712.07
F07Q10000847|201812|40712.07|0|142|218|||||6.875|0.00||||||||||||||34||||||40712.07
F07Q10000847|201901|40488.17|0|143|217|||||6.875|0.00||||||||||||||35||||||40488.17
F07Q10000847|201902|40488.17|0|144|216|||||6.875|0.00||||||||||||||35||||||40488.17
F07Q10000847|201903|40391.67|0|145|215|||||6.875|0.00||||||||||||||34||||||40391.67
F07Q10000847|201904|40278.20|0|146|214|||||6.875|0.00||||||||||||||34||||||40278.20
F07Q10000847|201905|40065.82|0|147|213|||||6.875|0.00||||||||||||||33||||||40065.82
F07Q10000847|201906|39966.90|0|148|212|||||6.875|0.00||||||||||||||33||||||39966.90
F07Q10000847|201907|39851.00|0|149|211|||||6.875|0.00||||||||||||||33||||||39851.00
F07Q10000847|201908|39734.43|0|150|210|||||6.875|0.00||||||||||||||32||||||39734.43
F07Q10000847|201909|39633.62|0|151|209|||||6.875|0.00||||||||||||||32||||||39633.62
F07Q10000847|201910|39532.23|0|152|208|||||6.875|0.00||||||||||||||32||||||39532.23
F07Q10000847|201911|39430.26|0|153|207|||||6.875|0.00||||||||||||||32||||||39430.26
F07Q10000847|201912|39311.28|0|154|206|||||6.875|0.00||||||||||||||33||||||39311.28
F07Q10000847|202001|39208.04|0|155|205|||||6.875|0.00||||||||||||||33||||||39208.04
F07Q10000847|202002|39087.79|0|156|204|||||6.875|0.00||||||||||||||33||||||39087.79
F07Q10000847|202003|38966.85|0|157|203|||||6.875|0.00||||||||||||||32||||||38966.85
F07Q10000847|202004|38845.22|0|158|202|||||6.875|0.00||||||||||||||32||||||38845.22
F07Q10000847|202005|38722.89|0|159|201|||||6.875|0.00||||||||||||||30||||||38722.89
F07Q10000847|202006|38616.28|0|160|200|||||6.875|0.00||||||||||||||29||||||38616.28
F07Q10000847|202007|38509.06|0|161|199|||||6.875|0.00||||||||||||||30||||||38509.06
F07Q10000847|202008|38401.22|0|162|198|||||6.875|0.00||||||||||||||29||||||38401.22
F07Q10000847|202009|38249.65|0|163|197|||||6.875|0.00||||||||||||||29||||||38249.65
F07Q10000847|202010|38123.91|0|164|196|||||6.875|0.00||||||||||||||28||||||38123.91
F07Q10000847|202011|37997.45|0|165|195|||||6.875|0.00||||||||||||||28||||||37997.45
F07Q10000847|202012|37870.26|0|166|194|||||6.875|0.00||||||||||||||28||||||37870.26
F07Q10000847|202101|37758.77|0|167|193|||||6.875|0.00||||||||||||||28||||||37758.77
F07Q10000847|202102|37646.64|0|168|192|||||6.875|0.00||||||||||||||27||||||37646.64
F07Q10000847|202103|37517.44|0|169|191|||||6.875|0.00||||||||||||||27||||||37517.44
F07Q10000847|202104|37403.92|0|170|190|||||6.875|0.00||||||||||||||27||||||37403.92
F07Q10000847|202105|37273.33|0|171|189|||||6.875|0.00||||||||||||||25||||||37273.33
F07Q10000847|202106|37158.42|0|172|188|||||6.875|0.00||||||||||||||24||||||37158.42
F07Q10000847|202107|37026.43|0|173|187|||||6.875|0.00||||||||||||||23||||||37026.43
F07Q10000847|202108|36905.10|0|174|186|||||6.875|0.00||||||||||||||24||||||36905.10
F07Q10000847|202109|36771.66|0|175|185|||||6.875|0.00||||||||||||||24||||||36771.66
F07Q10000847|202110|36653.87|0|176|184|||||6.875|0.00||||||||||||||26||||||36653.87
F07Q10000847|202111|36535.41|0|177|183|||||6.875|0.00||||||||||||||26||||||36535.41
F07Q10000847|202112|0.00|0|178|182|||01|202112|6.875|0.00|202112|||||||||||||999|36535.41|||||0.00
F07Q10000900|200702|200000.00|0|000|360|||||6.125|0.00||||||||||||||||||||200000.00
F07Q10000900|200703|199000.00|0|001|359|||||6.125|0.00||||||||||||||||||||199000.00
F07Q10000900|200704|199000.00|0|002|358|||||6.125|0.00||||||||||||||||||||199000.00
F07Q10000900|200705|199000.00|0|003|357|||||6.125|0.00||||||||||||||||||||199000.00
F07Q10000900|200706|199000.00|0|004|356|||||6.125|0.00||||||||||||||||||||199000.00
F07Q10000900|200707|199000.00|0|005|355|||||6.125|0.00||||||||||||||||||||199000.00
F07Q10000900|200708|198000.00|0|006|354|||||6.125|0.00||||||||||||||||||||198000.00
F07Q10000900|200709|198121.68|0|007|353|||||6.125|0.00||||||||||||||||||||198121.68
F07Q10000900|200710|197920.74|0|008|352|||||6.125|0.00||||||||||||||||||||197920.74
F07Q10000900|200711|197920.74|0|009|351|||||6.125|0.00||||||||||||||||||||197920.74
F07Q10000900|200712|197515.77|0|010|350|||||6.125|0.00||||||||||||||||||||197515.77
F07Q10000900|200801|197515.77|1|011|349|||||6.125|0.00||||||||||||||||||||197515.77
F07Q10000900|200802|197106.65|0|012|348|||||6.125|0.00||||||||||||||||||||197106.65
F07Q10000900|200803|196900.53|0|013|347|||||6.125|0.00||||||||||||||||||||196900.53
F07Q10000900|200804|196693.35|0|014|346|||||6.125|0.00||||||||||||||||||||196693.35
F07Q10000900|200805|196485.12|0|015|345|||||6.125|0.00||||||||||||||||||||196485.12
F07Q10000900|200806|196275.82|0|016|344|||||6.125|0.00||||||||||||||||||||196275.82
F07Q10000900|200807|196065.45|0|017|343|||||6.125|0.00||||||||||||||||||||196065.45
F07Q10000900|200808|195854.01|0|018|342|||||6.125|0.00||||||||||||||||||||195854.01
F07Q10000900|200809|195641.49|0|019|341|||||6.125|0.00||||||||||||||||||||195641.49
F07Q10000900|200810|195427.89|0|020|340|||||6.125|0.00||||||||||||||||||||195427.89
F07Q10000900|200811|195427.89|0|021|339|||||6.125|0.00||||||||||||||||||||195427.89
F07Q10000900|200812|194997.41|0|022|338|||||6.125|0.00||||||||||||||||||||194997.41
F07Q10000900|200901|194780.52|0|023|337|||||6.125|0.00||||||||||||||||||||194780.52
F07Q10000900|200902|194562.52|0|024|336|||||6.125|0.00||||||||||||||||||||194562.52
F07Q10000900|200903|194562.52|0|025|335|||||6.125|0.00||||||||||||||||||||194562.52
F07Q10000900|200904|0.00|0|026|334|||01|200904|6.125|0.00|||||||||||||||194562.52|||||0.00
F07Q10000902|200701|360000.00|0|000|360|||||6.125|0.00||||||||||||||||||||360000.00
F07Q10000902|200702|360000.00|0|001|359|||||6.125|0.00||||||||||||||||||||360000.00
F07Q10000902|200703|359000.00|0|002|358|||||6.125|0.00||||||||||||||||||||359000.00
F07Q10000902|200704|359000.00|0|003|357|||||6.125|0.00||||||||||||||||||||359000.00
F07Q10000902|200705|359000.00|0|004|356|||||6.125|0.00||||||||||||||||||||359000.00
F07Q10000902|200706|358000.00|0|005|355|||||6.125|0.00||||||||||||||||||||358000.00
F07Q10000902|200707|358000.00|0|006|354|||||6.125|0.00||||||||||||||||||||358000.00
F07Q10000902|200708|357512.87|0|007|353|||||6.125|0.00||||||||||||||||||||357512.87
F07Q10000902|200709|357150.28|0|008|352|||||6.125|0.00||||||||||||||||||||357150.28
F07Q10000902|200710|356785.83|0|009|351|||||6.125|0.00||||||||||||||||||||356785.83
F07Q10000902|200711|356419.52|0|010|350|||||6.125|0.00||||||||||||||||||||356419.52
F07Q10000902|200712|356051.34|0|011|349|||||6.125|0.00||||||||||||||||||||356051.34
F07Q10000902|200801|355681.29|0|012|348|||||6.125|0.00||||||||||||||||||||355681.29
F07Q10000902|200802|355309.35|0|013|347|||||6.125|0.00||||||||||||||||||||355309.35
F07Q10000902|200803|354935.51|0|014|346|||||6.125|0.00||||||||||||||||||||354935.51
F07Q10000902|200804|354559.76|0|015|345|||||6.125|0.00||||||||||||||||||||354559.76
F07Q10000902|200805|354182.09|0|016|344|||||6.125|0.00||||||||||||||||||||354182.09
F07Q10000902|200806|353802.49|0|017|343|||||6.125|0.00||||||||||||||||||||353802.49
F07Q10000902|200807|353420.96|0|018|342|||||6.125|0.00||||||||||||||||||||353420.96
F07Q10000902|200808|353037.48|0|019|341|||||6.125|0.00||||||||||||||||||||353037.48
F07Q10000902|200809|352652.04|0|020|340|||||6.125|0.00||||||||||||||||||||352652.04
F07Q10000902|200810|352264.63|0|021|339|||||6.125|0.00||||||||||||||||||||352264.63
F07Q10000902|200811|351875.25|0|022|338|||||6.125|0.00||||||||||||||||||||351875.25
F07Q10000902|200812|351483.88|0|023|337|||||6.125|0.00||||||||||||||||||||351483.88
F07Q10000902|200901|351090.51|0|024|336|||||6.125|0.00||||||||||||||||||||351090.51
F07Q10000902|200902|0.00|0|025|335|||01|200902|6.125|0.00|||||||||||||||351090.51|||||0.00
F07Q10000934|200702|79000.00|0|000|360|||||6.250|0.00||||||||||||||||||||79000.00
F07Q10000934|200703|79000.00|0|001|359|||||6.250|0.00||||||||||||||||||||79000.00
F07Q10000934|200704|79000.00|0|002|358|||||6.250|0.00||||||||||||||||||||79000.00
F07Q10000934|200705|79000.00|0|003|357|||||6.250|0.00||||||||||||||||||||79000.00
F07Q10000934|200706|79000.00|0|004|356|||||6.250|0.00||||||||||||||||||||79000.00
F07Q10000934|200707|79000.00|0|005|355|||||6.250|0.00||||||||||||||||||||79000.00
F07Q10000934|200708|79000.00|0|006|354|||||6.250|0.00||||||||||||||||||||79000.00
F07Q10000934|200709|78467.01|0|007|353|||||6.250|0.00||||||||||||||||||||78467.01
F07Q10000934|200710|78389.27|0|008|352|||||6.250|0.00||||||||||||||||||||78389.27
F07Q10000934|200711|78311.13|0|009|351|||||6.250|0.00||||||||||||||||||||78311.13
F07Q10000934|200712|78232.58|0|010|350|||||6.250|0.00||||||||||||||||||||78232.58
F07Q10000934|200801|78153.62|0|011|349|||||6.250|0.00||||||||||||||||||||78153.62
F07Q10000934|200802|78074.25|0|012|348|||||6.250|0.00||||||||||||||||||||78074.25
F07Q10000934|200803|77994.47|0|013|347|||||6.250|0.00||||||||||||||||||||77994.47
F07Q10000934|200804|77914.27|0|014|346|||||6.250|0.00||||||||||||||||||||77914.27
F07Q10000934|200805|77833.65|0|015|345|||||6.250|0.00||||||||||||||||||||77833.65
F07Q10000934|200806|77752.61|0|016|344|||||6.250|0.00||||||||||||||||||||77752.61
F07Q10000934|200807|77671.15|0|017|343|||||6.250|0.00||||||||||||||||||||77671.15
F07Q10000934|200808|77589.27|0|018|342|||||6.250|0.00||||||||||||||||||||77589.27
F07Q10000934|200809|77506.96|0|019|341|||||6.250|0.00||||||||||||||||||||77506.96
F07Q10000934|200810|77424.22|0|020|340|||||6.250|0.00||||||||||||||||||||77424.22
F07Q10000934|200811|77341.05|0|021|339|||||6.250|0.00||||||||||||||||||||77341.05
F07Q10000934|200812|77257.45|0|022|338|||||6.250|0.00||||||||||||||||||||77257.45
F07Q10000934|200901|77173.41|0|023|337|||||6.250|0.00||||||||||||||||||||77173.41
F07Q10000934|200902|77088.93|0|024|336|||||6.250|0.00||||||||||||||||||||77088.93
F07Q10000934|200903|77004.01|0|025|335|||||6.250|0.00||||||||||||||||||||77004.01
F07Q10000934|200904|76918.65|0|026|334|||||6.250|0.00||||||||||||||||||||76918.65
F07Q10000934|200905|76832.85|0|027|333|||||6.250|0.00||||||||||||||||||||76832.85
F07Q10000934|200906|76746.60|0|028|332|||||6.250|0.00||||||||||||||||||||76746.60
F07Q10000934|200907|76659.90|0|029|331|||||6.250|0.00||||||||||||||||||||76659.90
F07Q10000934|200908|76572.75|0|030|330|||||6.250|0.00||||||||||||||||||||76572.75
F07Q10000934|200909|76485.15|0|031|329|||||6.250|0.00||||||||||||||||||||76485.15
F07Q10000934|200910|76397.09|0|032|328|||||6.250|0.00||||||||||||||||||||76397.09
F07Q10000934|200911|76308.57|0|033|327|||||6.250|0.00||||||||||||||||||||76308.57
F07Q10000934|200912|76219.59|0|034|326|||||6.250|0.00||||||||||||||||||||76219.59
F07Q10000934|201001|76130.15|0|035|325|||||6.250|0.00||||||||||||||||||||76130.15
F07Q10000934|201002|76040.24|0|036|324|||||6.250|0.00||||||||||||||||||||76040.24
F07Q10000934|201003|75949.86|0|037|323|||||6.250|0.00||||||||||||||||||||75949.86
F07Q10000934|201004|75859.01|0|038|322|||||6.250|0.00||||||||||||||||||||75859.01
F07Q10000934|201005|75767.69|0|039|321|||||6.250|0.00||||||||||||||||||||75767.69
F07Q10000934|201006|75675.89|0|040|320|||||6.250|0.00||||||||||||||||||||75675.89
F07Q10000934|201007|75583.62|0|041|319|||||6.250|0.00||||||||||||||||||||75583.62
F07Q10000934|201008|75490.86|0|042|318|||||6.250|0.00||||||||||||||||||||75490.86
F07Q10000934|201009|75397.62|0|043|317|||||6.250|0.00||||||||||||||||||||75397.62
F07Q10000934|201010|75303.90|0|044|316|||||6.250|0.00||||||||||||||||||||75303.90
F07Q10000934|201011|75209.69|0|045|315|||||6.250|0.00||||||||||||||||||||75209.69
F07Q10000934|201012|75114.99|0|046|314|||||6.250|0.00||||||||||||||||||||75114.99
F07Q10000934|201101|75019.79|0|047|313|||||6.250|0.00||||||||||||||||||||75019.79
F07Q10000934|201102|74924.10|0|048|312|||||6.250|0.00||||||||||||||||||||74924.10
F07Q10000934|201103|74827.91|0|049|311|||||6.250|0.00||||||||||||||||||||74827.91
F07Q10000934|201104|74731.22|0|050|310|||||6.250|0.00||||||||||||||||||||74731.22
F07Q10000934|201105|74634.03|0|051|309|||||6.250|0.00||||||||||||||||||||74634.03
F07Q10000934|201106|74536.33|0|052|308|||||6.250|0.00||||||||||||||||||||74536.33
F07Q10000934|201107|74438.12|0|053|307|||||6.250|0.00||||||||||||||||||||74438.12
F07Q10000934|201108|74339.40|0|054|306|||||6.250|0.00||||||||||||||||||||74339.40
F07Q10000934|201109|74240.16|0|055|305|||||6.250|0.00||||||||||||||||||||74240.16
F07Q10000934|201110|74140.41|0|056|304|||||6.250|0.00||||||||||||||||||||74140.41
F07Q10000934|201111|74040.14|0|057|303|||||6.250|0.00||||||||||||||||||||74040.14
F07Q10000934|201112|73939.35|0|058|302|||||6.250|0.00||||||||||||||||||||73939.35
F07Q10000934|201201|73838.03|0|059|301|||||6.250|0.00||||||||||||||||||||73838.03
F07Q10000934|201202|73736.18|0|060|300|||||6.250|0.00||||||||||||||||||||73736.18
F07Q10000934|201203|73633.80|0|061|299|||||6.250|0.00||||||||||||||||||||73633.80
F07Q10000934|201204|73530.89|0|062|298|||||6.250|0.00||||||||||||||||||||73530.89
F07Q10000934|201205|73427.44|0|063|297|||||6.250|0.00||||||||||||||||||||73427.44
F07Q10000934|201206|73323.45|0|064|296|||||6.250|0.00||||||||||||||||||||73323.45
F07Q10000934|201207|73218.92|0|065|295|||||6.250|0.00||||||||||||||||||||73218.92
F07Q10000934|201208|73113.85|0|066|294|||||6.250|0.00||||||||||||||||||||73113.85
F07Q10000934|201209|73008.23|0|067|293|||||6.250|0.00||||||||||||||||||||73008.23
F07Q10000934|201210|72902.06|0|068|292|||||6.250|0.00||||||||||||||||||||72902.06
F07Q10000934|201211|72795.34|0|069|291|||||6.250|0.00||||||||||||||||||||72795.34
F07Q10000934|201212|72688.06|0|070|290|||||6.250|0.00||||||||||||||||||||72688.06
F07Q10000934|201301|72580.22|0|071|289|||||6.250|0.00||||||||||||||||||||72580.22
F07Q10000934|201302|72471.82|0|072|288|||||6.250|0.00||||||||||||||||||||72471.82
F07Q10000934|201303|72362.86|0|073|287|||||6.250|0.00||||||||||||||||||||72362.86
F07Q10000934|201304|72253.33|0|074|286|||||6.250|0.00||||||||||||||||||||72253.33
F07Q10000934|201305|72143.23|0|075|285|||||6.250|0.00||||||||||||||||||||72143.23
F07Q10000934|201306|72032.56|0|076|284|||||6.250|0.00||||||||||||||||||||72032.56
F07Q10000934|201307|71921.31|0|077|283|||||6.250|0.00||||||||||||||||||||71921.31
F07Q10000934|201308|71809.48|0|078|282|||||6.250|0.00||||||||||||||||||||71809.48
F07Q10000934|201309|71697.07|0|079|281|||||6.250|0.00||||||||||||||||||||71697.07
F07Q10000934|201310|71584.07|0|080|280|||||6.250|0.00||||||||||||||||||||71584.07
F07Q10000934|201311|71470.48|0|081|279|||||6.250|0.00||||||||||||||||||||71470.48
F07Q10000934|201312|71356.30|0|082|278|||||6.250|0.00||||||||||||||||||||71356.30
F07Q10000934|201401|71241.53|0|083|277|||||6.250|0.00||||||||||||||||||||71241.53
F07Q10000934|201402|71126.16|0|084|276|||||6.250|0.00||||||||||||||||||||71126.16
F07Q10000934|201403|71010.19|0|085|275|||||6.250|0.00||||||||||||||||||||71010.19
F07Q10000934|201404|70893.61|0|086|274|||||6.250|0.00||||||||||||||||||||70893.61
F07Q10000934|201405|70776.43|0|087|273|||||6.250|0.00||||||||||||||||||||70776.43
F07Q10000934|201406|70658.64|0|088|272|||||6.250|0.00||||||||||||||||||||70658.64
F07Q10000934|201407|70540.23|0|089|271|||||6.250|0.00||||||||||||||||||||70540.23
F07Q10000934|201408|70421.21|0|090|270|||||6.250|0.00||||||||||||||||||||70421.21
F07Q10000934|201409|70301.57|0|091|269|||||6.250|0.00||||||||||||||||||||70301.57
F07Q10000934|201410|70181.30|0|092|268|||||6.250|0.00||||||||||||||||||||70181.30
F07Q10000934|201411|70060.41|0|093|267|||||6.250|0.00||||||||||||||||||||70060.41
F07Q10000934|201412|69938.89|0|094|266|||||6.250|0.00||||||||||||||||||||69938.89
F07Q10000934|201501|69816.74|0|095|265|||||6.250|0.00||||||||||||||||||||69816.74
F07Q10000934|201502|69693.95|0|096|264|||||6.250|0.00||||||||||||||||||||69693.95
F07Q10000934|201503|69570.52|0|097|263|||||6.250|0.00||||||||||||||||||||69570.52
F07Q10000934|201504|69446.45|0|098|262|||||6.250|0.00||||||||||||||||||||69446.45
F07Q10000934|201505|69321.73|0|099|261|||||6.250|0.00||||||||||||||||||||69321.73
F07Q10000934|201506|69196.36|0|100|260|||||6.250|0.00||||||||||||||||||||69196.36
F07Q10000934|201507|69070.34|0|101|259|||||6.250|0.00||||||||||||||||||||69070.34
F07Q10000934|201508|68943.66|0|102|258|||||6.250|0.00||||||||||||||||||||68943.66
F07Q10000934|201509|68816.32|0|103|257|||||6.250|0.00||||||||||||||||||||68816.32
F07Q10000934|201510|68688.32|0|104|256|||||6.250|0.00||||||||||||||||||||68688.32
F07Q10000934|201511|68559.65|0|105|255|||||6.250|0.00||||||||||||||||||||68559.65
F07Q10000934|201512|68430.31|0|106|254|||||6.250|0.00||||||||||||||||||||68430.31
F07Q10000934|201601|68300.30|0|107|253|||||6.250|0.00||||||||||||||||||||68300.30
F07Q10000934|201602|68169.61|0|108|252|||||6.250|0.00||||||||||||||||||||68169.61
F07Q10000934|201603|68038.24|0|109|251|||||6.250|0.00||||||||||||||||||||68038.24
F07Q10000934|201604|68038.24|0|110|250|||||6.250|0.00||||||||||||||||||||68038.24
F07Q10000934|201605|67773.45|0|111|249|||||6.250|0.00||||||||||||||||||||67773.45
F07Q10000934|201606|67640.02|0|112|248|||||6.250|0.00||||||||||||||||||||67640.02
F07Q10000934|201607|67505.89|0|113|247|||||6.250|0.00||||||||||||||||||||67505.89
F07Q10000934|201608|67371.06|0|114|246|||||6.250|0.00||||||||||||||||||||67371.06
F07Q10000934|201609|67235.53|0|115|245|||||6.250|0.00||||||||||||||||||||67235.53
F07Q10000934|201610|67099.30|0|116|244|||||6.250|0.00||||||||||||||||||||67099.30
F07Q10000934|201611|66962.36|0|117|243|||||6.250|0.00||||||||||||||||||||66962.36
F07Q10000934|201612|66824.70|0|118|242|||||6.250|0.00||||||||||||||||||||66824.70
F07Q10000934|201701|66686.33|0|119|241|||||6.250|0.00||||||||||||||||||||66686.33
F07Q10000934|201702|66547.23|0|120|240|||||6.250|0.00||||||||||||||||||||66547.23
F07Q10000934|201703|66407.41|0|121|239|||||6.250|0.00||||||||||||||||||||66407.41
F07Q10000934|201704|66266.86|0|122|238|||||6.250|0.00||||||||||||||74||||||66266.86
F07Q10000934|201705|66125.58|0|123|237|||||6.250|0.00||||||||||||||73||||||66125.58
F07Q10000934|201706|65983.56|0|124|236|||||6.250|0.00||||||||||||||73||||||65983.56
F07Q10000934|201707|65840.80|0|125|235|||||6.250|0.00||||||||||||||73||||||65840.80
F07Q10000934|201708|65697.30|0|126|234|||||6.250|0.00||||||||||||||73||||||65697.30
F07Q10000934|201709|65553.05|0|127|233|||||6.250|0.00||||||||||||||72||||||65553.05
F07Q10000934|201710|65408.05|0|128|232|||||6.250|0.00||||||||||||||72||||||65408.05
F07Q10000934|201711|65262.30|0|129|231|||||6.250|0.00||||||||||||||73||||||65262.30
F07Q10000934|201712|65115.79|0|130|230|||||6.250|0.00||||||||||||||72||||||65115.79
F07Q10000934|201801|64968.51|0|131|229|||||6.250|0.00||||||||||||||73||||||64968.51
F07Q10000934|201802|64820.47|0|132|228|||||6.250|0.00||||||||||||||73||||||64820.47
F07Q10000934|201803|64671.66|0|133|227|||||6.250|0.00||||||||||||||73||||||64671.66
F07Q10000934|201804|64522.07|0|134|226|||||6.250|0.00||||||||||||||71||||||64522.07
F07Q10000934|201805|64371.70|0|135|225|||||6.250|0.00||||||||||||||70||||||64371.70
F07Q10000934|201806|64220.55|0|136|224|||||6.250|0.00||||||||||||||69||||||64220.55
F07Q10000934|201807|64068.61|0|137|223|||||6.250|0.00||||||||||||||68||||||64068.61
F07Q10000934|201808|63915.88|0|138|222|||||6.250|0.00||||||||||||||68||||||63915.88
F07Q10000934|201809|63762.36|0|139|221|||||6.250|0.00||||||||||||||68||||||63762.36
F07Q10000934|201810|63608.04|0|140|220|||||6.250|0.00||||||||||||||73||||||63608.04
F07Q10000934|201811|63452.91|0|141|219|||||6.250|0.00||||||||||||||71||||||63452.91
F07Q10000934|201812|63296.97|0|142|218|||||6.250|0.00||||||||||||||70||||||63296.97
F07Q10000934|201901|63140.22|0|143|217|||||6.250|0.00||||||||||||||70||||||63140.22
F07Q10000934|201902|62982.66|0|144|216|||||6.250|0.00||||||||||||||68||||||62982.66
F07Q10000934|201903|62824.27|0|145|215|||||6.250|0.00||||||||||||||67||||||62824.27
F07Q10000934|201904|62665.06|0|146|214|||||6.250|0.00||||||||||||||68||||||62665.06
F07Q10000934|201905|62505.02|0|147|213|||||6.250|0.00||||||||||||||67||||||62505.02
F07Q10000934|201906|62182.44|0|148|212|||||6.250|0.00||||||||||||||66||||||62182.44
F07Q10000934|201907|62182.44|0|149|211|||||6.250|0.00||||||||||||||65||||||62182.44
F07Q10000934|201908|62019.89|0|150|210|||||6.250|0.00||||||||||||||63||||||62019.89
F07Q10000934|201909|61692.24|0|151|209|||||6.250|0.00||||||||||||||62||||||61692.24
F07Q10000934|201910|61692.24|0|152|208|||||6.250|0.00||||||||||||||61||||||61692.24
F07Q10000934|201911|61361.16|0|153|207|||||6.250|0.00||||||||||||||62||||||61361.16
F07Q10000934|201912|61361.16|0|154|206|||||6.250|0.00||||||||||||||61||||||61361.16
F07Q10000934|202001|61026.63|0|155|205|||||6.250|0.00||||||||||||||61||||||61026.63
F07Q10000934|202002|60858.06|0|156|204|||||6.250|0.00||||||||||||||60||||||60858.06
F07Q10000934|202003|60858.06|0|157|203|||||6.250|0.00||||||||||||||59||||||60858.06
F07Q10000934|202004|60688.61|0|158|202|||||6.250|0.00||||||||||||||58||||||60688.61
F07Q10000934|202005|60347.06|0|159|201|||||6.250|0.00||||||||||||||59||||||60347.06
F07Q10000934|202006|60347.06|0|160|200|||||6.250|0.00||||||||||||||55||||||60347.06
F07Q10000934|202007|59998.95|0|161|199|||||6.250|0.00||||||||||||||56||||||59998.95
F07Q10000934|202008|59824.53|0|162|198|||||6.250|0.00||||||||||||||56||||||59824.53
F07Q10000934|202009|59824.53|0|163|197|||||6.250|0.00||||||||||||||54||||||59824.53
F07Q10000934|202010|59649.70|0|164|196|||||6.250|0.00||||||||||||||54||||||59649.70
F07Q10000934|202011|59297.30|0|165|195|||||6.250|0.00||||||||||||||53||||||59297.30
F07Q10000934|202012|59297.30|0|166|194|||||6.250|0.00||||||||||||||51||||||59297.30
F07Q10000934|202101|59119.72|0|167|193|||||6.250|0.00||||||||||||||50||||||59119.72
F07Q10000934|202102|58941.22|0|168|192|||||6.250|0.00||||||||||||||52||||||58941.22
F07Q10000934|202103|58761.79|0|169|191|||||6.250|0.00||||||||||||||52||||||58761.79
F07Q10000934|202104|58400.11|0|170|190|||||6.250|0.00||||||||||||||52||||||58400.11
F07Q10000934|202105|58217.86|0|171|189|||||6.250|0.00||||||||||||||44||||||58217.86
F07Q10000934|202106|58034.66|0|172|188|||||6.250|0.00||||||||||||||43||||||58034.66
F07Q10000934|202107|57850.50|0|173|187|||||6.250|0.00||||||||||||||46||||||57850.50
F07Q10000934|202108|57850.50|0|174|186|||||6.250|0.00||||||||||||||41||||||57850.50
F07Q10000934|202109|57665.38|0|175|185|||||6.250|0.00||||||||||||||42||||||57665.38
F07Q10000934|202110|57292.25|0|176|184|||||6.250|0.00||||||||||||||44||||||57292.25
F07Q10000934|202111|57292.25|0|177|183|||||6.250|0.00||||||||||||||43||||||57292.25
F07Q10000934|202112|56915.23|0|178|182|||||6.250|0.00||||||||||||||45||||||56915.23
F07Q10000934|202201|56915.23|0|179|181|||||6.250|0.00||||||||||||||43||||||56915.23
F07Q10000934|202202|56534.26|0|180|180|||||6.250|0.00||||||||||||||41||||||56534.26
F07Q10000934|202203|56342.29|0|181|179|||||6.250|0.00||||||||||||||40||||||56342.29
F07Q10000934|202204|56342.29|0|182|178|||||6.250|0.00||||||||||||||41||||||56342.29
F07Q10000934|202205|56149.32|0|183|177|||||6.250|0.00||||||||||||||43||||||56149.32
F07Q10000934|202206|55760.35|0|184|176|||||6.250|0.00||||||||||||||40||||||55760.35
F07Q10000934|202207|55564.35|0|185|175|||||6.250|0.00||||||||||||||37||||||55564.35
F07Q10000934|202208|55367.33|0|186|174|||||6.250|0.00||||||||||||||41||||||55367.33
F07Q10000934|202209|55169.28|0|187|173|||||6.250|0.00||||||||||||||43||||||55169.28
F07Q10000934|202210|54970.20|0|188|172|||||6.250|0.00||||||||||||||37||||||54970.20
F07Q10000934|202211|54970.20|0|189|171|||||6.250|0.00||||||||||||||46||||||54970.20
F07Q10000934|202212|54568.92|0|190|170|||||6.250|0.00||||||||||||||48||||||54568.92
F07Q10000934|202301|54366.71|0|191|169|||||6.250|0.00||||||||||||||39||||||54366.71
F07Q10000934|202302|54163.45|0|192|168|||||6.250|0.00||||||||||||||36||||||54163.45
F07Q10000934|202303|54163.45|0|193|167|||||6.250|0.00||||||||||||||41||||||54163.45
F07Q10000934|202304|53753.75|0|194|166|||||6.250|0.00||||||||||||||39||||||53753.75
F07Q10000934|202305|53547.30|0|195|165|||||6.250|0.00||||||||||||||34||||||53547.30
F07Q10000934|202306|53547.30|0|196|164|||||6.250|0.00||||||||||||||39||||||53547.30
F07Q10000934|202307|53131.16|0|197|163|||||6.250|0.00||||||||||||||37||||||53131.16
F07Q10000934|202308|53131.16|0|198|162|||||6.250|0.00||||||||||||||37||||||53131.16
F07Q10000934|202309|52710.67|0|199|161|||||6.250|0.00||||||||||||||37||||||52710.67
F07Q10000934|202310|52498.78|0|200|160|||||6.250|0.00||||||||||||||36||||||52498.78
F07Q10000934|202311|52285.79|0|201|159|||||6.250|0.00||||||||||||||38||||||52285.79
F07Q10000934|202312|52071.69|0|202|158|||||6.250|0.00||||||||||||||37||||||52071.69
F07Q10000934|202401|52071.69|0|203|157|||||6.250|0.00||||||||||||||37||||||52071.69
F07Q10000934|202402|51856.48|0|204|156|||||6.250|0.00||||||||||||||33||||||51856.48
F07Q10000934|202403|51422.69|0|205|155|||||6.250|0.00||||||||||||||35||||||51422.69
F07Q10000934|202404|51204.10|0|206|154|||||6.250|0.00||||||||||||||32||||||51204.10
F07Q10000934|202405|50984.37|0|207|153|||||6.250|0.00||||||||||||||33||||||50984.37
F07Q10000934|202406|50763.49|0|208|152|||||6.250|0.00||||||||||||||34||||||50763.49
F07Q10000934|202407|50541.46|0|209|151|||||6.250|0.00||||||||||||||33||||||50541.46
F07Q10000934|202408|50318.28|0|210|150|||||6.250|0.00||||||||||||||32||||||50318.28
F07Q10000934|202409|50318.28|0|211|149|||||6.250|0.00||||||||||||||35||||||50318.28
F07Q10000934|202410|49868.42|0|212|148|||||6.250|0.00||||||||||||||32||||||49868.42
F07Q10000934|202411|49641.73|0|213|147|||||6.250|0.00||||||||||||||33||||||49641.73
F07Q10000934|202412|49641.73|0|214|146|||||6.250|0.00||||||||||||||32||||||49641.73
F07Q10000934|202501|49184.80|0|215|145|||||6.250|0.00||||||||||||||32||||||49184.80
F07Q10000934|202502|48954.55|0|216|144|||||6.250|0.00||||||||||||||33||||||48954.55
F07Q10000934|202503|48954.55|0|217|143|||||6.250|0.00||||||||||||||33||||||48954.55
F07Q10000934|202504|0.00|0|218|142|||01|202504|6.250|0.00|202503|||||||||||||999|48954.55|||||0.00
F07Q10000951|200702|133000.00|0|000|360|||||5.875|0.00||||||||||||||||||||133000.00
F07Q10000951|200703|133000.00|0|001|359|||||5.875|0.00||||||||||||||||||||133000.00
F07Q10000951|200704|133000.00|0|002|358|||||5.875|0.00||||||||||||||||||||133000.00
F07Q10000951|200705|133000.00|0|003|357|||||5.875|0.00||||||||||||||||||||133000.00
F07Q10000951|200706|132000.00|0|004|356|||||5.875|0.00||||||||||||||||||||132000.00
F07Q10000951|200707|132000.00|0|005|355|||||5.875|0.00||||||||||||||||||||132000.00
F07Q10000951|200708|132000.00|0|006|354|||||5.875|0.00||||||||||||||||||||132000.00
F07Q10000951|200709|132014.39|0|007|353|||||5.875|0.00||||||||||||||||||||132014.39
F07Q10000951|200710|131760.71|0|008|352|||||5.875|0.00||||||||||||||||||||131760.71
F07Q10000951|200711|131419.19|0|009|351|||||5.875|0.00||||||||||||||||||||131419.19
F07Q10000951|200712|131275.88|0|010|350|||||5.875|0.00||||||||||||||||||||131275.88
F07Q10000951|200801|130931.83|0|011|349|||||5.875|0.00||||||||||||||||||||130931.83
F07Q10000951|200802|130586.20|0|012|348|||||5.875|0.00||||||||||||||||||||130586.20
F07Q10000951|200803|130238.88|0|013|347|||||5.875|0.00||||||||||||||||||||130238.88
F07Q10000951|200804|129889.86|0|014|346|||||5.875|0.00||||||||||||||||||||129889.86
F07Q10000951|200805|129539.02|0|015|345|||||5.875|0.00||||||||||||||||||||129539.02
F07Q10000951|200806|129186.48|0|016|344|||||5.875|0.00||||||||||||||||||||129186.48
F07Q10000951|200807|128832.27|0|017|343|||||5.875|0.00||||||||||||||||||||128832.27
F07Q10000951|200808|128476.52|0|018|342|||||5.875|0.00||||||||||||||||||||128476.52
F07Q10000951|200809|128118.77|0|019|341|||||5.875|0.00||||||||||||||||||||128118.77
F07Q10000951|200810|127759.40|0|020|340|||||5.875|0.00||||||||||||||||||||127759.40
F07Q10000951|200811|127398.17|0|021|339|||||5.875|0.00||||||||||||||||||||127398.17
F07Q10000951|200812|127235.20|0|022|338|||||5.875|0.00||||||||||||||||||||127235.20
F07Q10000951|200901|127071.38|0|023|337|||||5.875|0.00||||||||||||||||||||127071.38
F07Q10000951|200902|126706.75|0|024|336|||||5.875|0.00||||||||||||||||||||126706.75
F07Q10000951|200903|126340.49|0|025|335|||||5.875|0.00||||||||||||||||||||126340.49
F07Q10000951|200904|125972.38|0|026|334|||||5.875|0.00||||||||||||||||||||125972.38
F07Q10000951|200905|125602.44|0|027|333|||||5.875|0.00||||||||||||||||||||125602.44
F07Q10000951|200906|125230.75|0|028|332|||||5.875|0.00||||||||||||||||||||125230.75
F07Q10000951|200907|124857.14|0|029|331|||||5.875|0.00||||||||||||||||||||124857.14
F07Q10000951|200908|124481.83|0|030|330|||||5.875|0.00||||||||||||||||||||124481.83
F07Q10000951|200909|124104.59|0|031|329|||||5.875|0.00||||||||||||||||||||124104.59
F07Q10000951|200910|123925.47|0|032|328|||||5.875|0.00||||||||||||||||||||123925.47
F07Q10000951|200911|123545.44|0|033|327|||||5.875|0.00||||||||||||||||||||123545.44
F07Q10000951|200912|123163.71|0|034|326|||||5.875|0.00||||||||||||||||||||123163.71
F07Q10000951|201001|122780.18|0|035|325|||||5.875|0.00||||||||||||||||||||122780.18
F07Q10000951|201002|122394.64|0|036|324|||||5.875|0.00||||||||||||||||||||122394.64
F07Q10000951|201003|122007.14|0|037|323|||||5.875|0.00||||||||||||||||||||122007.14
F07Q10000951|201004|121617.78|0|038|322|||||5.875|0.00||||||||||||||||||||121617.78
F07Q10000951|201005|121226.65|0|039|321|||||5.875|0.00||||||||||||||||||||121226.65
F07Q10000951|201006|120833.50|0|040|320|||||5.875|0.00||||||||||||||||||||120833.50
F07Q10000951|201007|120438.43|0|041|319|||||5.875|0.00||||||||||||||||||||120438.43
F07Q10000951|201008|120241.49|0|042|318|||||5.875|0.00||||||||||||||||||||120241.49
F07Q10000951|201009|120043.42|0|043|317|||||5.875|0.00||||||||||||||||||||120043.42
F07Q10000951|201010|119844.39|0|044|316|||||5.875|0.00||||||||||||||||||||119844.39
F07Q10000951|201011|119644.37|0|045|315|||||5.875|0.00||||||||||||||||||||119644.37
F07Q10000951|201012|119443.38|0|046|314|||||5.875|0.00||||||||||||||||||||119443.38
F07Q10000951|201101|119241.41|0|047|313|||||5.875|0.00||||||||||||||||||||119241.41
F07Q10000951|201102|119038.44|0|048|312|||||5.875|0.00||||||||||||||||||||119038.44
F07Q10000951|201103|118621.24|0|049|311|||||5.875|0.00||||||||||||||||||||118621.24
F07Q10000951|201104|118215.24|0|050|310|||||5.875|0.00||||||||||||||||||||118215.24
F07Q10000951|201105|117807.25|0|051|309|||||5.875|0.00||||||||||||||||||||117807.25
F07Q10000951|201106|117597.26|0|052|308|||||5.875|0.00||||||||||||||||||||117597.26
F07Q10000951|201107|117386.25|0|053|307|||||5.875|0.00||||||||||||||||||||117386.25
F07Q10000951|201108|116974.86|0|054|306|||||5.875|0.00||||||||||||||||||||116974.86
F07Q10000951|201109|116760.80|0|055|305|||||5.875|0.00||||||||||||||||||||116760.80
F07Q10000951|201110|116545.69|0|056|304|||||5.875|0.00||||||||||||||||||||116545.69
F07Q10000951|201111|116329.53|0|057|303|||||5.875|0.00||||||||||||||||||||116329.53
F07Q10000951|201112|116112.31|0|058|302|||||5.875|0.00||||||||||||||||||||116112.31
F07Q10000951|201201|115894.03|0|059|301|||||5.875|0.00||||||||||||||||||||115894.03
F07Q10000951|201202|115674.68|0|060|300|||||5.875|0.00||||||||||||||||||||115674.68
F07Q10000951|201203|115254.25|0|061|299|||||5.875|0.00||||||||||||||||||||115254.25
F07Q10000951|201204|115031.77|0|062|298|||||5.875|0.00||||||||||||||||||||115031.77
F07Q10000951|201205|114808.19|0|063|297|||||5.875|0.00||||||||||||||||||||114808.19
F07Q10000951|201206|114583.52|0|064|296|||||5.875|0.00||||||||||||||||||||114583.52
F07Q10000951|201207|114357.76|0|065|295|||||5.875|0.00||||||||||||||||||||114357.76
F07Q10000951|201208|114130.69|0|066|294|||||5.875|0.00||||||||||||||||||||114130.69
F07Q10000951|201209|113902.71|0|067|293|||||5.875|0.00||||||||||||||||||||113902.71
F07Q10000951|201210|113673.61|0|068|292|||||5.875|0.00||||||||||||||||||||113673.61
F07Q10000951|201211|113443.38|0|069|291|||||5.875|0.00||||||||||||||||||||113443.38
F07Q10000951|201212|113212.03|0|070|290|||||5.875|0.00||||||||||||||||||||113212.03
F07Q10000951|201301|112979.55|0|071|289|||||5.875|0.00||||||||||||||||||||112979.55
F07Q10000951|201302|112745.93|0|072|288|||||5.875|0.00||||||||||||||||||||112745.93
F07Q10000951|201303|112511.16|0|073|287|||||5.875|0.00||||||||||||||||||||112511.16
F07Q10000951|201304|112275.25|0|074|286|||||5.875|0.00||||||||||||||||||||112275.25
F07Q10000951|201305|112038.18|0|075|285|||||5.875|0.00||||||||||||||||||||112038.18
F07Q10000951|201306|111799.95|0|076|284|||||5.875|0.00||||||||||||||||||||111799.95
F07Q10000951|201307|111560.56|0|077|283|||||5.875|0.00||||||||||||||||||||111560.56
F07Q10000951|201308|111319.99|0|078|282|||||5.875|0.00||||||||||||||||||||111319.99
F07Q10000951|201309|111078.24|0|079|281|||||5.875|0.00||||||||||||||||||||111078.24
F07Q10000951|201310|110835.31|0|080|280|||||5.875|0.00||||||||||||||||||||110835.31
F07Q10000951|201311|110590.94|0|081|279|||||5.875|0.00||||||||||||||||||||110590.94
F07Q10000951|201312|110345.63|0|082|278|||||5.875|0.00||||||||||||||||||||110345.63
F07Q10000951|201401|110099.11|0|083|277|||||5.875|0.00||||||||||||||||||||110099.11
F07Q10000951|201402|109851.39|0|084|276|||||5.875|0.00||||||||||||||||||||109851.39
F07Q10000951|201403|109602.45|0|085|275|||||5.875|0.00||||||||||||||||||||109602.45
F07Q10000951|201404|109352.30|0|086|274|||||5.875|0.00||||||||||||||||||||109352.30
F07Q10000951|201405|109100.92|0|087|273|||||5.875|0.00||||||||||||||||||||109100.92
F07Q10000951|201406|108848.31|0|088|272|||||5.875|0.00||||||||||||||||||||108848.31
F07Q10000951|201407|108594.46|0|089|271|||||5.875|0.00||||||||||||||||||||108594.46
F07Q10000951|201408|108339.37|0|090|270|||||5.875|0.00||||||||||||||||||||108339.37
F07Q10000951|201409|108083.03|0|091|269|||||5.875|0.00||||||||||||||||||||108083.03
F07Q10000951|201410|107825.44|0|092|268|||||5.875|0.00||||||||||||||||||||107825.44
F07Q10000951|201411|0.00|0|093|267|||01|201411|5.875|0.00|||||||||||||||107825.44|||||0.00
F07Q10000957|200703|78000.00|0|000|360|||||6.375|0.00||||||||||||||||||||78000.00
F07Q10000957|200704|77000.00|0|001|359|||||6.375|0.00||||||||||||||||||||77000.00
F07Q10000957|200705|77000.00|0|002|358|||||6.375|0.00||||||||||||||||||||77000.00
F07Q10000957|200706|77000.00|0|003|357|||||6.375|0.00||||||||||||||||||||77000.00
F07Q10000957|200707|0.00|0|004|356|||01|200707|6.375|0.00|||||||||||||||77283.51|||||0.00
F07Q10000986|200702|29000.00|0|000|360|||||7.250|0.00||||||||||||||||||||29000.00
F07Q10000986|200703|28000.00|0|001|359|||||7.250|0.00||||||||||||||||||||28000.00
F07Q10000986|200704|28000.00|0|002|358|||||7.250|0.00||||||||||||||||||||28000.00
F07Q10000986|200705|28000.00|0|003|357|||||7.250|0.00||||||||||||||||||||28000.00
F07Q10000986|200706|28000.00|0|004|356|||||7.250|0.00||||||||||||||||||||28000.00
F07Q10000986|200707|28000.00|0|005|355|||||7.250|0.00||||||||||||||||||||28000.00
F07Q10000986|200708|28000.00|0|006|354|||||7.250|0.00||||||||||||||||||||28000.00
F07Q10000986|200709|28341.53|0|007|353|||||7.250|0.00||||||||||||||||||||28341.53
F07Q10000986|200710|28281.24|0|008|352|||||7.250|0.00||||||||||||||||||||28281.24
F07Q10000986|200711|28220.59|0|009|351|||||7.250|0.00||||||||||||||||||||28220.59
F07Q10000986|200712|28196.67|0|010|350|||||7.250|0.00||||||||||||||||||||28196.67
F07Q10000986|200801|28172.60|0|011|349|||||7.250|0.00||||||||||||||||||||28172.60
F07Q10000986|200802|28148.39|0|012|348|||||7.250|0.00||||||||||||||||||||28148.39
F07Q10000986|200803|28124.03|0|013|347|||||7.250|0.00||||||||||||||||||||28124.03
F07Q10000986|200804|28099.53|0|014|346|||||7.250|0.00||||||||||||||||||||28099.53
F07Q10000986|200805|28074.88|0|015|345|||||7.250|0.00||||||||||||||||||||28074.88
F07Q10000986|200806|28050.08|0|016|344|||||7.250|0.00||||||||||||||||||||28050.08
F07Q10000986|200807|27991.13|0|017|343|||||7.250|0.00||||||||||||||||||||27991.13
F07Q10000986|200808|27931.82|0|018|342|||||7.250|0.00||||||||||||||||||||27931.82
F07Q10000986|200809|27872.15|0|019|341|||||7.250|0.00||||||||||||||||||||27872.15
F07Q10000986|200810|27812.12|0|020|340|||||7.250|0.00||||||||||||||||||||27812.12
F07Q10000986|200811|27751.73|0|021|339|||||7.250|0.00||||||||||||||||||||27751.73
F07Q10000986|200812|27690.98|0|022|338|||||7.250|0.00||||||||||||||||||||27690.98
F07Q10000986|200901|27629.86|0|023|337|||||7.250|0.00||||||||||||||||||||27629.86
F07Q10000986|200902|27602.37|0|024|336|||||7.250|0.00||||||||||||||||||||27602.37
F07Q10000986|200903|27543.71|0|025|335|||||7.250|0.00||||||||||||||||||||27543.71
F07Q10000986|200904|27484.70|0|026|334|||||7.250|0.00||||||||||||||||||||27484.70
F07Q10000986|200905|27425.33|0|027|333|||||7.250|0.00||||||||||||||||||||27425.33
F07Q10000986|200906|27365.60|0|028|332|||||7.250|0.00||||||||||||||||||||27365.60
F07Q10000986|200907|27305.51|0|029|331|||||7.250|0.00||||||||||||||||||||27305.51
F07Q10000986|200908|27276.06|0|030|330|||||7.250|0.00||||||||||||||||||||27276.06
F07Q10000986|200909|27246.43|0|031|329|||||7.250|0.00||||||||||||||||||||27246.43
F07Q10000986|200910|27208.84|0|032|328|||||7.250|0.00||||||||||||||||||||27208.84
F07Q10000986|200911|27178.81|0|033|327|||||7.250|0.00||||||||||||||||||||27178.81
F07Q10000986|200912|27148.60|0|034|326|||||7.250|0.00||||||||||||||||||||27148.60
F07Q10000986|201001|27118.20|0|035|325|||||7.250|0.00||||||||||||||||||||27118.20
F07Q10000986|201002|27087.62|0|036|324|||||7.250|0.00||||||||||||||||||||27087.62
F07Q10000986|201003|27056.85|0|037|323|||||7.250|0.00||||||||||||||||||||27056.85
F07Q10000986|201004|27025.90|0|038|322|||||7.250|0.00||||||||||||||||||||27025.90
F07Q10000986|201005|26986.98|0|039|321|||||7.250|0.00||||||||||||||||||||26986.98
F07Q10000986|201006|26930.61|0|040|320|||||7.250|0.00||||||||||||||||||||26930.61
F07Q10000986|201007|26873.12|0|041|319|||||7.250|0.00||||||||||||||||||||26873.12
F07Q10000986|201008|26841.06|0|042|318|||||7.250|0.00||||||||||||||||||||26841.06
F07Q10000986|201009|26808.80|0|043|317|||||7.250|0.00||||||||||||||||||||26808.80
F07Q10000986|201010|26776.35|0|044|316|||||7.250|0.00||||||||||||||||||||26776.35
F07Q10000986|201011|26743.70|0|045|315|||||7.250|0.00||||||||||||||||||||26743.70
F07Q10000986|201012|26710.86|0|046|314|||||7.250|0.00||||||||||||||||||||26710.86
F07Q10000986|201101|26677.82|0|047|313|||||7.250|0.00||||||||||||||||||||26677.82
F07Q10000986|201102|26644.58|0|048|312|||||7.250|0.00||||||||||||||||||||26644.58
F07Q10000986|201103|26611.14|0|049|311|||||7.250|0.00||||||||||||||||||||26611.14
F07Q10000986|201104|26577.50|0|050|310|||||7.250|0.00||||||||||||||||||||26577.50
F07Q10000986|201105|26543.65|0|051|309|||||7.250|0.00||||||||||||||||||||26543.65
F07Q10000986|201106|26501.82|0|052|308|||||7.250|0.00||||||||||||||||||||26501.82
F07Q10000986|201107|26459.74|0|053|307|||||7.250|0.00||||||||||||||||||||26459.74
F07Q10000986|201108|26417.40|0|054|306|||||7.250|0.00||||||||||||||||||||26417.40
F07Q10000986|201109|26374.81|0|055|305|||||7.250|0.00||||||||||||||||||||26374.81
F07Q10000986|201110|26339.74|0|056|304|||||7.250|0.00||||||||||||||||||||26339.74
F07Q10000986|201111|26304.46|0|057|303|||||7.250|0.00||||||||||||||||||||26304.46
F07Q10000986|201112|26268.96|0|058|302|||||7.250|0.00||||||||||||||||||||26268.96
F07Q10000986|201201|26225.47|0|059|301|||||7.250|0.00||||||||||||||||||||26225.47
F07Q10000986|201202|26181.50|0|060|300|||||7.250|0.00||||||||||||||||||||26181.50
F07Q10000986|201203|26137.26|0|061|299|||||7.250|0.00||||||||||||||||||||26137.26
F07Q10000986|201204|26099.75|0|062|298|||||7.250|0.00||||||||||||||||||||26099.75
F07Q10000986|201205|26055.02|0|063|297|||||7.250|0.00||||||||||||||||||||26055.02
F07Q10000986|201206|26017.02|0|064|296|||||7.250|0.00||||||||||||||||||||26017.02
F07Q10000986|201207|25971.79|0|065|295|||||7.250|0.00||||||||||||||||||||25971.79
F07Q10000986|201208|25933.28|0|066|294|||||7.250|0.00||||||||||||||||||||25933.28
F07Q10000986|201209|25894.54|0|067|293|||||7.250|0.00||||||||||||||||||||25894.54
F07Q10000986|201210|25855.57|0|068|292|||||7.250|0.00||||||||||||||||||||25855.57
F07Q10000986|201211|25816.36|0|069|291|||||7.250|0.00||||||||||||||||||||25816.36
F07Q10000986|201212|25776.91|0|070|290|||||7.250|0.00||||||||||||||||||||25776.91
F07Q10000986|201301|25737.23|0|071|289|||||7.250|0.00||||||||||||||||||||25737.23
F07Q10000986|201302|25697.31|0|072|288|||||7.250|0.00||||||||||||||||||||25697.31
F07Q10000986|201303|25658.14|0|073|287|||||7.250|0.00||||||||||||||||||||25658.14
F07Q10000986|201304|25618.74|0|074|286|||||7.250|0.00||||||||||||||||||||25618.74
F07Q10000986|201305|25539.22|0|075|285|||||7.250|0.00||||||||||||||||||||25539.22
F07Q10000986|201306|25539.22|0|076|284|||||7.250|0.00||||||||||||||||||||25539.22
F07Q10000986|201307|25499.10|0|077|283|||||7.250|0.00||||||||||||||||||||25499.10
F07Q10000986|201308|25458.74|0|078|282|||||7.250|0.00||||||||||||||||||||25458.74
F07Q10000986|201309|25418.13|0|079|281|||||7.250|0.00||||||||||||||||||||25418.13
F07Q10000986|201310|25376.50|0|080|280|||||7.250|0.00||||||||||||||||||||25376.50
F07Q10000986|201311|25335.40|0|081|279|||||7.250|0.00||||||||||||||||||||25335.40
F07Q10000986|201312|25294.05|0|082|278|||||7.250|0.00||||||||||||||||||||25294.05
F07Q10000986|201401|25252.45|0|083|277|||||7.250|0.00||||||||||||||||||||25252.45
F07Q10000986|201402|25210.60|0|084|276|||||7.250|0.00||||||||||||||||||||25210.60
F07Q10000986|201403|25168.49|0|085|275|||||7.250|0.00||||||||||||||||||||25168.49
F07Q10000986|201404|25101.13|0|086|274|||||7.250|0.00||||||||||||||||||||25101.13
F07Q10000986|201405|25033.36|0|087|273|||||7.250|0.00||||||||||||||||||||25033.36
F07Q10000986|201406|24965.18|0|088|272|||||7.250|0.00||||||||||||||||||||24965.18
F07Q10000986|201407|24896.59|0|089|271|||||7.250|0.00||||||||||||||||||||24896.59
F07Q10000986|201408|24827.59|0|090|270|||||7.250|0.00||||||||||||||||||||24827.59
F07Q10000986|201409|24758.17|0|091|269|||||7.250|0.00||||||||||||||||||||24758.17
F07Q10000986|201410|24688.33|0|092|268|||||7.250|0.00||||||||||||||||||||24688.33
F07Q10000986|201411|24618.07|0|093|267|||||7.250|0.00||||||||||||||||||||24618.07
F07Q10000986|201412|24547.38|0|094|266|||||7.250|0.00||||||||||||||||||||24547.38
F07Q10000986|201501|24476.27|0|095|265|||||7.250|0.00||||||||||||||||||||24476.27
F07Q10000986|201502|24404.73|0|096|264|||||7.250|0.00||||||||||||||||||||24404.73
F07Q10000986|201503|24324.76|0|097|263|||||7.250|0.00||||||||||||||||||||24324.76
F07Q10000986|201504|24244.30|0|098|262|||||7.250|0.00||||||||||||||||||||24244.30
F07Q10000986|201505|24163.36|0|099|261|||||7.250|0.00||||||||||||||||||||24163.36
F07Q10000986|201506|24081.93|0|100|260|||||7.250|0.00||||||||||||||||||||24081.93
F07Q10000986|201507|24000.00|0|101|259|||||7.250|0.00||||||||||||||||||||24000.00
F07Q10000986|201508|23917.58|0|102|258|||||7.250|0.00||||||||||||||||||||23917.58
F07Q10000986|201509|23834.66|0|103|257|||||7.250|0.00||||||||||||||||||||23834.66
F07Q10000986|201510|23751.24|0|104|256|||||7.250|0.00||||||||||||||||||||23751.24
F07Q10000986|201511|23667.32|0|105|255|||||7.250|0.00||||||||||||||||||||23667.32
F07Q10000986|201512|23582.89|0|106|254|||||7.250|0.00||||||||||||||||||||23582.89
F07Q10000986|201601|23497.95|0|107|253|||||7.250|0.00||||||||||||||||||||23497.95
F07Q10000986|201602|23497.95|0|108|252|||||7.250|0.00||||||||||||||||||||23497.95
F07Q10000986|201603|23352.73|0|109|251|||||7.250|0.00||||||||||||||||||||23352.73
F07Q10000986|201604|23292.40|0|110|250|||||7.250|0.00||||||||||||||||||||23292.40
F07Q10000986|201605|23212.94|0|111|249|||||7.250|0.00||||||||||||||||||||23212.94
F07Q10000986|201606|23133.00|0|112|248|||||7.250|0.00||||||||||||||||||||23133.00
F07Q10000986|201607|23052.58|0|113|247|||||7.250|0.00||||||||||||||||||||23052.58
F07Q10000986|201608|22971.68|0|114|246|||||7.250|0.00||||||||||||||||||||22971.68
F07Q10000986|201609|22890.29|0|115|245|||||7.250|0.00||||||||||||||||||||22890.29
F07Q10000986|201610|22808.41|0|116|244|||||7.250|0.00||||||||||||||||||||22808.41
F07Q10000986|201611|22726.03|0|117|243|||||7.250|0.00||||||||||||||||||||22726.03
F07Q10000986|201612|22643.15|0|118|242|||||7.250|0.00||||||||||||||||||||22643.15
F07Q10000986|201701|22559.77|0|119|241|||||7.250|0.00||||||||||||||||||||22559.77
F07Q10000986|201702|22475.89|0|120|240|||||7.250|0.00||||||||||||||||||||22475.89
F07Q10000986|201703|22415.26|0|121|239|||||7.250|0.00||||||||||||||||||||22415.26
F07Q10000986|201704|22354.27|0|122|238|||||7.250|0.00||||||||||||||999||||||22354.27
F07Q10000986|201705|22267.91|0|123|237|||||7.250|0.00||||||||||||||999||||||22267.91
F07Q10000986|201706|22200.25|0|124|236|||||7.250|0.00||||||||||||||999||||||22200.25
F07Q10000986|201707|22137.96|0|125|235|||||7.250|0.00||||||||||||||999||||||22137.96
F07Q10000986|201708|22070.29|0|126|234|||||7.250|0.00||||||||||||||999||||||22070.29
F07Q10000986|201709|22002.21|0|127|233|||||7.250|0.00||||||||||||||999||||||22002.21
F07Q10000986|201710|21938.72|0|128|232|||||7.250|0.00||||||||||||||999||||||21938.72
F07Q10000986|201711|21874.85|0|129|231|||||7.250|0.00||||||||||||||999||||||21874.85
F07Q10000986|201712|21810.59|0|130|230|||||7.250|0.00||||||||||||||999||||||21810.59
F07Q10000986|201801|21745.94|0|131|229|||||7.250|0.00||||||||||||||999||||||21745.94
F07Q10000986|201802|21680.90|0|132|228|||||7.250|0.00||||||||||||||999||||||21680.90
F07Q10000986|201803|21592.47|0|133|227|||||7.250|0.00||||||||||||||999||||||21592.47
F07Q10000986|201804|21503.50|0|134|226|||||7.250|0.00||||||||||||||999||||||21503.50
F07Q10000986|201805|21414.00|0|135|225|||||7.250|0.00||||||||||||||999||||||21414.00
F07Q10000986|201806|21323.96|0|136|224|||||7.250|0.00||||||||||||||999||||||21323.96
F07Q10000986|201807|21323.96|0|137|223|||||7.250|0.00||||||||||||||999||||||21323.96
F07Q10000986|201808|21142.39|0|138|222|||||7.250|0.00||||||||||||||999||||||21142.39
F07Q10000986|201809|21050.71|0|139|221|||||7.250|0.00||||||||||||||999||||||21050.71
F07Q10000986|201810|20958.47|0|140|220|||||7.250|0.00||||||||||||||999||||||20958.47
F07Q10000986|201811|20865.67|0|141|219|||||7.250|0.00||||||||||||||999||||||20865.67
F07Q10000986|201812|20772.31|0|142|218|||||7.250|0.00||||||||||||||999||||||20772.31
F07Q10000986|201901|20678.39|0|143|217|||||7.250|0.00||||||||||||||999||||||20678.39
F07Q10000986|201902|20583.90|0|144|216|||||7.250|0.00||||||||||||||999||||||20583.90
F07Q10000986|201903|20501.84|0|145|215|||||7.250|0.00||||||||||||||999||||||20501.84
F07Q10000986|201904|20419.29|0|146|214|||||7.250|0.00||||||||||||||999||||||20419.29
F07Q10000986|201905|20336.24|0|147|213|||||7.250|0.00||||||||||||||999||||||20336.24
F07Q10000986|201906|20252.68|0|148|212|||||7.250|0.00||||||||||||||999||||||20252.68
F07Q10000986|201907|20168.62|0|149|211|||||7.250|0.00||||||||||||||999||||||20168.62
F07Q10000986|201908|20084.05|0|150|210|||||7.250|0.00||||||||||||||999||||||20084.05
F07Q10000986|201909|19913.38|0|151|209|||||7.250|0.00||||||||||||||999||||||19913.38
F07Q10000986|201910|19827.27|0|152|208|||||7.250|0.00||||||||||||||999||||||19827.27
F07Q10000986|201911|19740.64|0|153|207|||||7.250|0.00||||||||||||||999||||||19740.64
F07Q10000986|201912|19653.49|0|154|206|||||7.250|0.00||||||||||||||999||||||19653.49
F07Q10000986|202001|19465.81|0|155|205|||||7.250|0.00||||||||||||||999||||||19465.81
F07Q10000986|202002|19465.81|0|156|204|||||7.250|0.00||||||||||||||999||||||19465.81
F07Q10000986|202003|19081.03|0|157|203|||||7.250|0.00||||||||||||||999||||||19081.03
F07Q10000986|202004|18886.89|0|158|202|||||7.250|0.00||||||||||||||999||||||18886.89
F07Q10000986|202005|18691.58|0|159|201|||||7.250|0.00||||||||||||||999||||||18691.58
F07Q10000986|202006|18495.09|0|160|200|||||7.250|0.00||||||||||||||999||||||18495.09
F07Q10000986|202007|18495.09|0|161|199|||||7.250|0.00||||||||||||||999||||||18495.09
F07Q10000986|202008|18197.41|0|162|198|||||7.250|0.00||||||||||||||999||||||18197.41
F07Q10000986|202009|17697.93|0|163|197|||||7.250|0.00||||||||||||||999||||||17697.93
F07Q10000986|202010|17195.43|0|164|196|||||7.250|0.00||||||||||||||999||||||17195.43
F07Q10000986|202011|16181.31|0|165|195|||||7.250|0.00||||||||||||||999||||||16181.31
F07Q10000986|202012|16181.31|0|166|194|||||7.250|0.00||||||||||||||999||||||16181.31
F07Q10000986|202101|15154.90|0|167|193|||||7.250|0.00||||||||||||||999||||||15154.90
F07Q10000986|202102|15154.90|0|168|192|||||7.250|0.00||||||||||||||999||||||15154.90
F07Q10000986|202103|13950.15|0|169|191|||||7.250|0.00||||||||||||||999||||||13950.15
F07Q10000986|202104|13950.15|0|170|190|||||7.250|0.00||||||||||||||999||||||13950.15
F07Q10000986|202105|12525.98|0|171|189|||||7.250|0.00||||||||||||||999||||||12525.98
F07Q10000986|202106|11805.62|0|172|188|||||7.250|0.00||||||||||||||999||||||11805.62
F07Q10000986|202107|11080.91|0|173|187|||||7.250|0.00||||||||||||||999||||||11080.91
F07Q10000986|202108|10351.82|0|174|186|||||7.250|0.00||||||||||||||999||||||10351.82
F07Q10000986|202109|9618.33|0|175|185|||||7.250|0.00||||||||||||||999||||||9618.33
F07Q10000986|202110|8880.41|0|176|184|||||7.250|0.00||||||||||||||999||||||8880.41
F07Q10000986|202111|8141.64|0|177|183|||||7.250|0.00||||||||||||||999||||||8141.64
F07Q10000986|202112|7654.30|0|178|182|||||7.250|0.00||||||||||||||999||||||7654.30
F07Q10000986|202201|6909.31|0|179|181|||||7.250|0.00||||||||||||||999||||||6909.31
F07Q10000986|202202|6154.58|0|180|180|||||7.250|0.00||||||||||||||999||||||6154.58
F07Q10000986|202203|5395.29|0|181|179|||||7.250|0.00||||||||||||||999||||||5395.29
F07Q10000986|202204|4631.41|0|182|178|||||7.250|0.00||||||||||||||999||||||4631.41
F07Q10000986|202205|3862.92|0|183|177|||||7.250|0.00||||||||||||||999||||||3862.92
F07Q10000986|202206|3089.78|0|184|176|||||7.250|0.00||||||||||||||999||||||3089.78
F07Q10000986|202207|0.00|0|185|175|||01|202207|7.250|0.00|202208|||||||||||||999|3089.78|||||0.00
F07Q10001048|200702|139000.00|0|000|360|||||6.250|0.00||||||||||||||||||||139000.00
F07Q10001048|200703|60000.00|0|001|359|||||6.250|0.00||||||||||||||||||||60000.00
F07Q10001048|200704|59000.00|0|002|358|||||6.250|0.00||||||||||||||||||||59000.00
F07Q10001048|200705|59000.00|0|003|357|||||6.250|0.00||||||||||||||||||||59000.00
F07Q10001048|200706|58000.00|0|004|356|||||6.250|0.00||||||||||||||||||||58000.00
F07Q10001048|200707|49000.00|0|005|355|||||6.250|0.00||||||||||||||||||||49000.00
F07Q10001048|200708|48000.00|0|006|354|||||6.250|0.00||||||||||||||||||||48000.00
F07Q10001048|200709|47290.59|0|007|353|||||6.250|0.00||||||||||||||||||||47290.59
F07Q10001048|200710|46680.28|0|008|352|||||6.250|0.00||||||||||||||||||||46680.28
F07Q10001048|200711|41981.58|0|009|351|||||6.250|0.00||||||||||||||||||||41981.58
F07Q10001048|200712|41343.61|0|010|350|||||6.250|0.00||||||||||||||||||||41343.61
F07Q10001048|200801|40702.32|0|011|349|||||6.250|0.00||||||||||||||||||||40702.32
F07Q10001048|200802|40057.69|0|012|348|||||6.250|0.00||||||||||||||||||||40057.69
F07Q10001048|200803|34676.71|0|013|347|||||6.250|0.00||||||||||||||||||||34676.71
F07Q10001048|200804|34000.70|0|014|346|||||6.250|0.00||||||||||||||||||||34000.70
F07Q10001048|200805|33321.17|0|015|345|||||6.250|0.00||||||||||||||||||||33321.17
F07Q10001048|200806|32638.10|0|016|344|||||6.250|0.00||||||||||||||||||||32638.10
F07Q10001048|200807|27869.84|0|017|343|||||6.250|0.00||||||||||||||||||||27869.84
F07Q10001048|200808|27158.38|0|018|342|||||6.250|0.00||||||||||||||||||||27158.38
F07Q10001048|200809|26443.21|0|019|341|||||6.250|0.00||||||||||||||||||||26443.21
F07Q10001048|200810|21642.69|0|020|340|||||6.250|0.00||||||||||||||||||||21642.69
F07Q10001048|200811|11817.16|0|021|339|||||6.250|0.00||||||||||||||||||||11817.16
F07Q10001048|200812|11022.09|0|022|338|||||6.250|0.00||||||||||||||||||||11022.09
F07Q10001048|200901|10222.88|0|023|337|||||6.250|0.00||||||||||||||||||||10222.88
F07Q10001048|200902|9419.50|0|024|336|||||6.250|0.00||||||||||||||||||||9419.50
F07Q10001048|200903|8611.94|0|025|335|||||6.250|0.00||||||||||||||||||||8611.94
F07Q10001048|200904|7800.17|0|026|334|||||6.250|0.00||||||||||||||||||||7800.17
F07Q10001048|200905|6984.18|0|027|333|||||6.250|0.00||||||||||||||||||||6984.18
F07Q10001048|200906|6163.94|0|028|332|||||6.250|0.00||||||||||||||||||||6163.94
F07Q10001048|200907|0.00|0|029|331|||01|200907|6.250|0.00|||||||||||||||6163.94|||||0.00
F07Q10001059|200702|203000.00|0|000|360|||||6.250|0.00||||||||||||||||||||203000.00
F07Q10001059|200703|202000.00|0|001|359|||||6.250|0.00||||||||||||||||||||202000.00
F07Q10001059|200704|202000.00|0|002|358|||||6.250|0.00||||||||||||||||||||202000.00
F07Q10001059|200705|202000.00|0|003|357|||||6.250|0.00||||||||||||||||||||202000.00
F07Q10001059|200706|202000.00|0|004|356|||||6.250|0.00||||||||||||||||||||202000.00
F07Q10001059|200707|202000.00|0|005|355|||||6.250|0.00||||||||||||||||||||202000.00
F07Q10001059|200708|201000.00|0|006|354|||||6.250|0.00||||||||||||||||||||201000.00
F07Q10001059|200709|201114.50|0|007|353|||||6.250|0.00||||||||||||||||||||201114.50
F07Q10001059|200710|200911.98|0|008|352|||||6.250|0.00||||||||||||||||||||200911.98
F07Q10001059|200711|200708.41|0|009|351|||||6.250|0.00||||||||||||||||||||200708.41
F07Q10001059|200712|200503.78|0|010|350|||||6.250|0.00||||||||||||||||||||200503.78
F07Q10001059|200801|200298.08|0|011|349|||||6.250|0.00||||||||||||||||||||200298.08
F07Q10001059|200802|200091.31|0|012|348|||||6.250|0.00||||||||||||||||||||200091.31
F07Q10001059|200803|199883.59|0|013|347|||||6.250|0.00||||||||||||||||||||199883.59
F07Q10001059|200804|199674.79|0|014|346|||||6.250|0.00||||||||||||||||||||199674.79
F07Q10001059|200805|199462.16|0|015|345|||||6.250|0.00||||||||||||||||||||199462.16
F07Q10001059|200806|199254.20|0|016|344|||||6.250|0.00||||||||||||||||||||199254.20
F07Q10001059|200807|199045.15|0|017|343|||||6.250|0.00||||||||||||||||||||199045.15
F07Q10001059|200808|198829.24|0|018|342|||||6.250|0.00||||||||||||||||||||198829.24
F07Q10001059|200809|198612.21|0|019|341|||||6.250|0.00||||||||||||||||||||198612.21
F07Q10001059|200810|198394.05|0|020|340|||||6.250|0.00||||||||||||||||||||198394.05
F07Q10001059|200811|198174.75|0|021|339|||||6.250|0.00||||||||||||||||||||198174.75
F07Q10001059|200812|197954.31|0|022|338|||||6.250|0.00||||||||||||||||||||197954.31
F07Q10001059|200901|197732.72|0|023|337|||||6.250|0.00||||||||||||||||||||197732.72
F07Q10001059|200902|197509.98|0|024|336|||||6.250|0.00||||||||||||||||||||197509.98
F07Q10001059|200903|197286.08|0|025|335|||||6.250|0.00||||||||||||||||||||197286.08
F07Q10001059|200904|197061.01|0|026|334|||||6.250|0.00||||||||||||||||||||197061.01
F07Q10001059|200905|196840.54|0|027|333|||||6.250|0.00||||||||||||||||||||196840.54
F07Q10001059|200906|196609.96|0|028|332|||||6.250|0.00||||||||||||||||||||196609.96
F07Q10001059|200907|196378.18|0|029|331|||||6.250|0.00||||||||||||||||||||196378.18
F07Q10001059|200908|196152.00|0|030|330|||||6.250|0.00||||||||||||||||||||196152.00
F07Q10001059|200909|195924.65|0|031|329|||||6.250|0.00||||||||||||||||||||195924.65
F07Q10001059|200910|195698.26|0|032|328|||||6.250|0.00||||||||||||||||||||195698.26
F07Q10001059|200911|195468.54|0|033|327|||||6.250|0.00||||||||||||||||||||195468.54
F07Q10001059|200912|195237.63|0|034|326|||||6.250|0.00||||||||||||||||||||195237.63
F07Q10001059|201001|195005.52|0|035|325|||||6.250|0.00||||||||||||||||||||195005.52
F07Q10001059|201002|194772.19|0|036|324|||||6.250|0.00||||||||||||||||||||194772.19
F07Q10001059|201003|194537.65|0|037|323|||||6.250|0.00||||||||||||||||||||194537.65
F07Q10001059|201004|194303.89|0|038|322|||||6.250|0.00||||||||||||||||||||194303.89
F07Q10001059|201005|194066.91|0|039|321|||||6.250|0.00||||||||||||||||||||194066.91
F07Q10001059|201006|193828.69|0|040|320|||||6.250|0.00||||||||||||||||||||193828.69
F07Q10001059|201007|193828.69|0|041|319|||||6.250|0.00||||||||||||||||||||193828.69
F07Q10001059|201008|193352.85|0|042|318|||||6.250|0.00||||||||||||||||||||193352.85
F07Q10001059|201009|193113.07|0|043|317|||||6.250|0.00||||||||||||||||||||193113.07
F07Q10001059|201010|192872.04|0|044|316|||||6.250|0.00||||||||||||||||||||192872.04
F07Q10001059|201011|192629.75|0|045|315|||||6.250|0.00||||||||||||||||||||192629.75
F07Q10001059|201012|192386.20|0|046|314|||||6.250|0.00||||||||||||||||||||192386.20
F07Q10001059|201101|192141.38|0|047|313|||||6.250|0.00||||||||||||||||||||192141.38
F07Q10001059|201102|191895.29|0|048|312|||||6.250|0.00||||||||||||||||||||191895.29
F07Q10001059|201103|191647.91|0|049|311|||||6.250|0.00||||||||||||||||||||191647.91
F07Q10001059|201104|191399.25|0|050|310|||||6.250|0.00||||||||||||||||||||191399.25
F07Q10001059|201105|191149.29|0|051|309|||||6.250|0.00||||||||||||||||||||191149.29
F07Q10001059|201106|190898.03|0|052|308|||||6.250|0.00||||||||||||||||||||190898.03
F07Q10001059|201107|190645.46|0|053|307|||||6.250|0.00||||||||||||||||||||190645.46
F07Q10001059|201108|190391.58|0|054|306|||||6.250|0.00||||||||||||||||||||190391.58
F07Q10001059|201109|190136.37|0|055|305|||||6.250|0.00||||||||||||||||||||190136.37
F07Q10001059|201110|189879.83|0|056|304|||||6.250|0.00||||||||||||||||||||189879.83
F07Q10001059|201111|189621.96|0|057|303|||||6.250|0.00||||||||||||||||||||189621.96
F07Q10001059|201112|189362.74|0|058|302|||||6.250|0.00||||||||||||||||||||189362.74
F07Q10001059|201201|189102.17|0|059|301|||||6.250|0.00||||||||||||||||||||189102.17
F07Q10001059|201202|188840.25|0|060|300|||||6.250|0.00||||||||||||||||||||188840.25
F07Q10001059|201203|188576.96|0|061|299|||||6.250|0.00||||||||||||||||||||188576.96
F07Q10001059|201204|188312.30|0|062|298|||||6.250|0.00||||||||||||||||||||188312.30
F07Q10001059|201205|188046.26|0|063|297|||||6.250|0.00||||||||||||||||||||188046.26
F07Q10001059|201206|187778.84|0|064|296|||||6.250|0.00||||||||||||||||||||187778.84
F07Q10001059|201207|187510.02|0|065|295|||||6.250|0.00||||||||||||||||||||187510.02
F07Q10001059|201208|187239.80|0|066|294|||||6.250|0.00||||||||||||||||||||187239.80
F07Q10001059|201209|186968.18|0|067|293|||||6.250|0.00||||||||||||||||||||186968.18
F07Q10001059|201210|186695.14|0|068|292|||||6.250|0.00||||||||||||||||||||186695.14
F07Q10001059|201211|186420.68|0|069|291|||||6.250|0.00||||||||||||||||||||186420.68
F07Q10001059|201212|186144.79|0|070|290|||||6.250|0.00||||||||||||||||||||186144.79
F07Q10001059|201301|185867.46|0|071|289|||||6.250|0.00||||||||||||||||||||185867.46
F07Q10001059|201302|185588.69|0|072|288|||||6.250|0.00||||||||||||||||||||185588.69
F07Q10001059|201303|185308.47|0|073|287|||||6.250|0.00||||||||||||||||||||185308.47
F07Q10001059|201304|185026.79|0|074|286|||||6.250|0.00||||||||||||||||||||185026.79
F07Q10001059|201305|184743.64|0|075|285|||||6.250|0.00||||||||||||||||||||184743.64
F07Q10001059|201306|184459.02|0|076|284|||||6.250|0.00||||||||||||||||||||184459.02
F07Q10001059|201307|0.00|0|077|283|||01|201307|6.250|0.00|||||||||||||||184459.02|||||0.00
F07Q10001075|200702|105000.00|0|000|360|||||5.875|0.00||||||||||||||||||||105000.00
F07Q10001075|200703|105000.00|0|001|359|||||5.875|0.00||||||||||||||||||||105000.00
F07Q10001075|200704|105000.00|0|002|358|||||5.875|0.00||||||||||||||||||||105000.00
F07Q10001075|200705|105000.00|0|003|357|||||5.875|0.00||||||||||||||||||||105000.00
F07Q10001075|200706|105000.00|0|004|356|||||5.875|0.00||||||||||||||||||||105000.00
F07Q10001075|200707|104000.00|0|005|355|||||5.875|0.00||||||||||||||||||||104000.00
F07Q10001075|200708|104000.00|0|006|354|||||5.875|0.00||||||||||||||||||||104000.00
F07Q10001075|200709|104239.57|0|007|353|||||5.875|0.00||||||||||||||||||||104239.57
F07Q10001075|200710|104128.80|0|008|352|||||5.875|0.00||||||||||||||||||||104128.80
F07Q10001075|200711|104017.49|0|009|351|||||5.875|0.00||||||||||||||||||||104017.49
F07Q10001075|200712|103905.63|0|010|350|||||5.875|0.00||||||||||||||||||||103905.63
F07Q10001075|200801|103793.22|0|011|349|||||5.875|0.00||||||||||||||||||||103793.22
F07Q10001075|200802|103680.26|0|012|348|||||5.875|0.00||||||||||||||||||||103680.26
F07Q10001075|200803|103566.75|0|013|347|||||5.875|0.00||||||||||||||||||||103566.75
F07Q10001075|200804|103452.69|0|014|346|||||5.875|0.00||||||||||||||||||||103452.69
F07Q10001075|200805|103338.07|0|015|345|||||5.875|0.00||||||||||||||||||||103338.07
F07Q10001075|200806|103222.89|0|016|344|||||5.875|0.00||||||||||||||||||||103222.89
F07Q10001075|200807|103107.14|0|017|343|||||5.875|0.00||||||||||||||||||||103107.14
F07Q10001075|200808|102990.83|0|018|342|||||5.875|0.00||||||||||||||||||||102990.83
F07Q10001075|200809|102873.95|0|019|341|||||5.875|0.00||||||||||||||||||||102873.95
F07Q10001075|200810|102756.49|0|020|340|||||5.875|0.00||||||||||||||||||||102756.49
F07Q10001075|200811|102638.46|0|021|339|||||5.875|0.00||||||||||||||||||||102638.46
F07Q10001075|200812|102519.85|0|022|338|||||5.875|0.00||||||||||||||||||||102519.85
F07Q10001075|200901|102400.66|0|023|337|||||5.875|0.00||||||||||||||||||||102400.66
F07Q10001075|200902|102280.89|0|024|336|||||5.875|0.00||||||||||||||||||||102280.89
F07Q10001075|200903|102160.53|0|025|335|||||5.875|0.00||||||||||||||||||||102160.53
F07Q10001075|200904|102039.58|0|026|334|||||5.875|0.00||||||||||||||||||||102039.58
F07Q10001075|200905|101918.04|0|027|333|||||5.875|0.00||||||||||||||||||||101918.04
F07Q10001075|200906|101795.90|0|028|332|||||5.875|0.00||||||||||||||||||||101795.90
F07Q10001075|200907|101673.17|0|029|331|||||5.875|0.00||||||||||||||||||||101673.17
F07Q10001075|200908|101549.83|0|030|330|||||5.875|0.00||||||||||||||||||||101549.83
F07Q10001075|200909|101425.89|0|031|329|||||5.875|0.00||||||||||||||||||||101425.89
F07Q10001075|200910|101301.34|0|032|328|||||5.875|0.00||||||||||||||||||||101301.34
F07Q10001075|200911|101176.18|0|033|327|||||5.875|0.00||||||||||||||||||||101176.18
F07Q10001075|200912|101050.41|0|034|326|||||5.875|0.00||||||||||||||||||||101050.41
F07Q10001075|201001|100924.03|0|035|325|||||5.875|0.00||||||||||||||||||||100924.03
F07Q10001075|201002|100797.03|0|036|324|||||5.875|0.00||||||||||||||||||||100797.03
F07Q10001075|201003|100669.41|0|037|323|||||5.875|0.00||||||||||||||||||||100669.41
F07Q10001075|201004|100541.16|0|038|322|||||5.875|0.00||||||||||||||||||||100541.16
F07Q10001075|201005|100412.28|0|039|321|||||5.875|0.00||||||||||||||||||||100412.28
F07Q10001075|201006|100282.77|0|040|320|||||5.875|0.00||||||||||||||||||||100282.77
F07Q10001075|201007|100152.63|0|041|319|||||5.875|0.00||||||||||||||||||||100152.63
F07Q10001075|201008|100021.85|0|042|318|||||5.875|0.00||||||||||||||||||||100021.85
F07Q10001075|201009|99890.43|0|043|317|||||5.875|0.00||||||||||||||||||||99890.43
F07Q10001075|201010|99758.37|0|044|316|||||5.875|0.00||||||||||||||||||||99758.37
F07Q10001075|201011|99625.66|0|045|315|||||5.875|0.00||||||||||||||||||||99625.66
F07Q10001075|201012|99492.30|0|046|314|||||5.875|0.00||||||||||||||||||||99492.30
F07Q10001075|201101|99358.29|0|047|313|||||5.875|0.00||||||||||||||||||||99358.29
F07Q10001075|201102|99223.62|0|048|312|||||5.875|0.00||||||||||||||||||||99223.62
F07Q10001075|201103|99088.29|0|049|311|||||5.875|0.00||||||||||||||||||||99088.29
F07Q10001075|201104|98952.30|0|050|310|||||5.875|0.00||||||||||||||||||||98952.30
F07Q10001075|201105|98815.64|0|051|309|||||5.875|0.00||||||||||||||||||||98815.64
F07Q10001075|201106|98678.31|0|052|308|||||5.875|0.00||||||||||||||||||||98678.31
F07Q10001075|201107|98540.31|0|053|307|||||5.875|0.00||||||||||||||||||||98540.31
F07Q10001075|201108|98401.64|0|054|306|||||5.875|0.00||||||||||||||||||||98401.64
F07Q10001075|201109|98262.29|0|055|305|||||5.875|0.00||||||||||||||||||||98262.29
F07Q10001075|201110|98122.26|0|056|304|||||5.875|0.00||||||||||||||||||||98122.26
F07Q10001075|201111|97981.54|0|057|303|||||5.875|0.00||||||||||||||||||||97981.54
F07Q10001075|201112|97840.13|0|058|302|||||5.875|0.00||||||||||||||||||||97840.13
F07Q10001075|201201|97698.03|0|059|301|||||5.875|0.00||||||||||||||||||||97698.03
F07Q10001075|201202|97555.23|0|060|300|||||5.875|0.00||||||||||||||||||||97555.23
F07Q10001075|201203|97411.73|0|061|299|||||5.875|0.00||||||||||||||||||||97411.73
F07Q10001075|201204|97267.53|0|062|298|||||5.875|0.00||||||||||||||||||||97267.53
F07Q10001075|201205|97122.63|0|063|297|||||5.875|0.00||||||||||||||||||||97122.63
F07Q10001075|201206|96977.02|0|064|296|||||5.875|0.00||||||||||||||||||||96977.02
F07Q10001075|201207|96830.69|0|065|295|||||5.875|0.00||||||||||||||||||||96830.69
F07Q10001075|201208|96683.65|0|066|294|||||5.875|0.00||||||||||||||||||||96683.65
F07Q10001075|201209|96535.89|0|067|293|||||5.875|0.00||||||||||||||||||||96535.89
F07Q10001075|201210|96387.40|0|068|292|||||5.875|0.00||||||||||||||||||||96387.40
F07Q10001075|201211|96238.19|0|069|291|||||5.875|0.00||||||||||||||||||||96238.19
F07Q10001075|201212|96088.25|0|070|290|||||5.875|0.00||||||||||||||||||||96088.25
F07Q10001075|201301|95937.57|0|071|289|||||5.875|0.00||||||||||||||||||||95937.57
F07Q10001075|201302|95786.15|0|072|288|||||5.875|0.00||||||||||||||||||||95786.15
F07Q10001075|201303|95633.99|0|073|287|||||5.875|0.00||||||||||||||||||||95633.99
F07Q10001075|201304|95481.09|0|074|286|||||5.875|0.00||||||||||||||||||||95481.09
F07Q10001075|201305|0.00|0|075|285|||01|201305|5.875|0.00|||||||||||||||95481.09|||||0.00
F07Q10001106|200702|70000.00|0|000|360|||||6.375|0.00||||||||||||||||||||70000.00
F07Q10001106|200703|70000.00|0|001|359|||||6.375|0.00||||||||||||||||||||70000.00
F07Q10001106|200704|70000.00|0|002|358|||||6.375|0.00||||||||||||||||||||70000.00
F07Q10001106|200705|70000.00|0|003|357|||||6.375|0.00||||||||||||||||||||70000.00
F07Q10001106|200706|69000.00|0|004|356|||||6.375|0.00||||||||||||||||||||69000.00
F07Q10001106|200707|69000.00|0|005|355|||||6.375|0.00||||||||||||||||||||69000.00
F07Q10001106|200708|69000.00|0|006|354|||||6.375|0.00||||||||||||||||||||69000.00
F07Q10001106|200709|69089.22|0|007|353|||||6.375|0.00||||||||||||||||||||69089.22
F07Q10001106|200710|68956.38|0|008|352|||||6.375|0.00||||||||||||||||||||68956.38
F07Q10001106|200711|68822.80|0|009|351|||||6.375|0.00||||||||||||||||||||68822.80
F07Q10001106|200712|68688.49|0|010|350|||||6.375|0.00||||||||||||||||||||68688.49
F07Q10001106|200801|68553.51|0|011|349|||||6.375|0.00||||||||||||||||||||68553.51
F07Q10001106|200802|68417.80|0|012|348|||||6.375|0.00||||||||||||||||||||68417.80
F07Q10001106|200803|68281.31|0|013|347|||||6.375|0.00||||||||||||||||||||68281.31
F07Q10001106|200804|68144.16|0|014|346|||||6.375|0.00||||||||||||||||||||68144.16
F07Q10001106|200805|68006.32|0|015|345|||||6.375|0.00||||||||||||||||||||68006.32
F07Q10001106|200806|67867.75|0|016|344|||||6.375|0.00||||||||||||||||||||67867.75
F07Q10001106|200807|67728.34|0|017|343|||||6.375|0.00||||||||||||||||||||67728.34
F07Q10001106|200808|67588.29|0|018|342|||||6.375|0.00||||||||||||||||||||67588.29
F07Q10001106|200809|67447.51|0|019|341|||||6.375|0.00||||||||||||||||||||67447.51
F07Q10001106|200810|67305.91|0|020|340|||||6.375|0.00||||||||||||||||||||67305.91
F07Q10001106|200811|67163.53|0|021|339|||||6.375|0.00||||||||||||||||||||67163.53
F07Q10001106|200812|67020.47|0|022|338|||||6.375|0.00||||||||||||||||||||67020.47
F07Q10001106|200901|66876.55|0|023|337|||||6.375|0.00||||||||||||||||||||66876.55
F07Q10001106|200902|66731.98|0|024|336|||||6.375|0.00||||||||||||||||||||66731.98
F07Q10001106|200903|66731.98|0|025|335|||||6.375|0.00||||||||||||||||||||66731.98
F07Q10001106|200904|66418.64|0|026|334|||||6.375|0.00||||||||||||||||||||66418.64
F07Q10001106|200905|66271.62|0|027|333|||||6.375|0.00||||||||||||||||||||66271.62
F07Q10001106|200906|66123.84|0|028|332|||||6.375|0.00||||||||||||||||||||66123.84
F07Q10001106|200907|65975.28|0|029|331|||||6.375|0.00||||||||||||||||||||65975.28
F07Q10001106|200908|65889.14|0|030|330|||||6.375|0.00||||||||||||||||||||65889.14
F07Q10001106|200909|65675.73|0|031|329|||||6.375|0.00||||||||||||||||||||65675.73
F07Q10001106|200910|65524.79|0|032|328|||||6.375|0.00||||||||||||||||||||65524.79
F07Q10001106|200911|65373.04|0|033|327|||||6.375|0.00||||||||||||||||||||65373.04
F07Q10001106|200912|65373.04|0|034|326|||||6.375|0.00||||||||||||||||||||65373.04
F07Q10001106|201001|65067.11|0|035|325|||||6.375|0.00||||||||||||||||||||65067.11
F07Q10001106|201002|65067.11|0|036|324|||||6.375|0.00||||||||||||||||||||65067.11
F07Q10001106|201003|64821.38|0|037|323|||||6.375|0.00||||||||||||||||||||64821.38
F07Q10001106|201004|64821.38|0|038|322|||||6.375|0.00||||||||||||||||||||64821.38
F07Q10001106|201005|64509.26|0|039|321|||||6.375|0.00||||||||||||||||||||64509.26
F07Q10001106|201006|64509.26|0|040|320|||||6.375|0.00||||||||||||||||||||64509.26
F07Q10001106|201007|64279.38|0|041|319|||||6.375|0.00||||||||||||||||||||64279.38
F07Q10001106|201008|64279.38|0|042|318|||||6.375|0.00||||||||||||||||||||64279.38
F07Q10001106|201009|64050.03|0|043|317|||||6.375|0.00||||||||||||||||||||64050.03
F07Q10001106|201010|63890.38|0|044|316|||||6.375|0.00||||||||||||||||||||63890.38
F07Q10001106|201011|63890.38|0|045|315|||||6.375|0.00||||||||||||||||||||63890.38
F07Q10001106|201012|63653.97|0|046|314|||||6.375|0.00||||||||||||||||||||63653.97
F07Q10001106|201101|63492.03|0|047|313|||||6.375|0.00||||||||||||||||||||63492.03
F07Q10001106|201102|63329.48|0|048|312|||||6.375|0.00||||||||||||||||||||63329.48
F07Q10001106|201103|63166.00|0|049|311|||||6.375|0.00||||||||||||||||||||63166.00
F07Q10001106|201104|63001.72|0|050|310|||||6.375|0.00||||||||||||||||||||63001.72
F07Q10001106|201105|63001.72|0|051|309|||||6.375|0.00||||||||||||||||||||63001.72
F07Q10001106|201106|62836.57|0|052|308|||||6.375|0.00||||||||||||||||||||62836.57
F07Q10001106|201107|62567.12|0|053|307|||||6.375|0.00||||||||||||||||||||62567.12
F07Q10001106|201108|62399.35|0|054|306|||||6.375|0.00||||||||||||||||||||62399.35
F07Q10001106|201109|62293.99|0|055|305|||||6.375|0.00||||||||||||||||||||62293.99
F07Q10001106|201110|62188.22|0|056|304|||||6.375|0.00||||||||||||||||||||62188.22
F07Q10001106|201111|62081.88|0|057|303|||||6.375|0.00||||||||||||||||||||62081.88
F07Q10001106|201112|61974.98|0|058|302|||||6.375|0.00||||||||||||||||||||61974.98
F07Q10001106|201201|61867.51|0|059|301|||||6.375|0.00||||||||||||||||||||61867.51
F07Q10001106|201202|61759.47|0|060|300|||||6.375|0.00||||||||||||||||||||61759.47
F07Q10001106|201203|61650.86|0|061|299|||||6.375|0.00||||||||||||||||||||61650.86
F07Q10001106|201204|61541.67|0|062|298|||||6.375|0.00||||||||||||||||||||61541.67
F07Q10001106|201205|61431.90|0|063|297|||||6.375|0.00||||||||||||||||||||61431.90
F07Q10001106|201206|61321.55|0|064|296|||||6.375|0.00||||||||||||||||||||61321.55
F07Q10001106|201207|61210.61|0|065|295|||||6.375|0.00||||||||||||||||||||61210.61
F07Q10001106|201208|61035.79|0|066|294|||||6.375|0.00||||||||||||||||||||61035.79
F07Q10001106|201209|60860.19|0|067|293|||||6.375|0.00||||||||||||||||||||60860.19
F07Q10001106|201210|60683.64|0|068|292|||||6.375|0.00||||||||||||||||||||60683.64
F07Q10001106|201211|60506.15|0|069|291|||||6.375|0.00||||||||||||||||||||60506.15
F07Q10001106|201212|60327.75|0|070|290|||||6.375|0.00||||||||||||||||||||60327.75
F07Q10001106|201301|0.00|0|071|289|||01|201301|6.375|0.00|||||||||||||||60327.75|||||0.00
F07Q10001122|200702|77000.00|0|000|360|||||6.375|0.00||||||||||||||||||||77000.00
F07Q10001122|200703|77000.00|0|001|359|||||6.375|0.00||||||||||||||||||||77000.00
F07Q10001122|200704|77000.00|0|002|358|||||6.375|0.00||||||||||||||||||||77000.00
F07Q10001122|200705|77000.00|0|003|357|||||6.375|0.00||||||||||||||||||||77000.00
F07Q10001122|200706|77000.00|0|004|356|||||6.375|0.00||||||||||||||||||||77000.00
F07Q10001122|200707|77000.00|0|005|355|||||6.375|0.00||||||||||||||||||||77000.00
F07Q10001122|200708|77000.00|0|006|354|||||6.375|0.00||||||||||||||||||||77000.00
F07Q10001122|200709|76492.75|0|007|353|||||6.375|0.00||||||||||||||||||||76492.75
F07Q10001122|200710|76418.74|0|008|352|||||6.375|0.00||||||||||||||||||||76418.74
F07Q10001122|200711|76344.33|0|009|351|||||6.375|0.00||||||||||||||||||||76344.33
F07Q10001122|200712|76269.53|0|010|350|||||6.375|0.00||||||||||||||||||||76269.53
F07Q10001122|200801|76194.33|0|011|349|||||6.375|0.00||||||||||||||||||||76194.33
F07Q10001122|200802|76118.73|0|012|348|||||6.375|0.00||||||||||||||||||||76118.73
F07Q10001122|200803|76042.73|0|013|347|||||6.375|0.00||||||||||||||||||||76042.73
F07Q10001122|200804|75966.33|0|014|346|||||6.375|0.00||||||||||||||||||||75966.33
F07Q10001122|200805|75889.52|0|015|345|||||6.375|0.00||||||||||||||||||||75889.52
F07Q10001122|200806|75812.30|0|016|344|||||6.375|0.00||||||||||||||||||||75812.30
F07Q10001122|200807|75734.67|0|017|343|||||6.375|0.00||||||||||||||||||||75734.67
F07Q10001122|200808|75656.63|0|018|342|||||6.375|0.00||||||||||||||||||||75656.63
F07Q10001122|200809|75578.18|0|019|341|||||6.375|0.00||||||||||||||||||||75578.18
F07Q10001122|200810|75499.31|0|020|340|||||6.375|0.00||||||||||||||||||||75499.31
F07Q10001122|200811|75420.02|0|021|339|||||6.375|0.00||||||||||||||||||||75420.02
F07Q10001122|200812|75340.31|0|022|338|||||6.375|0.00||||||||||||||||||||75340.31
F07Q10001122|200901|75260.18|0|023|337|||||6.375|0.00||||||||||||||||||||75260.18
F07Q10001122|200902|75179.62|0|024|336|||||6.375|0.00||||||||||||||||||||75179.62
F07Q10001122|200903|75098.63|0|025|335|||||6.375|0.00||||||||||||||||||||75098.63
F07Q10001122|200904|75017.21|0|026|334|||||6.375|0.00||||||||||||||||||||75017.21
F07Q10001122|200905|74935.36|0|027|333|||||6.375|0.00||||||||||||||||||||74935.36
F07Q10001122|200906|74853.07|0|028|332|||||6.375|0.00||||||||||||||||||||74853.07
F07Q10001122|200907|74770.35|0|029|331|||||6.375|0.00||||||||||||||||||||74770.35
F07Q10001122|200908|74687.19|0|030|330|||||6.375|0.00||||||||||||||||||||74687.19
F07Q10001122|200909|74603.59|0|031|329|||||6.375|0.00||||||||||||||||||||74603.59
F07Q10001122|200910|74519.54|0|032|328|||||6.375|0.00||||||||||||||||||||74519.54
F07Q10001122|200911|74435.05|0|033|327|||||6.375|0.00||||||||||||||||||||74435.05
F07Q10001122|200912|74350.11|0|034|326|||||6.375|0.00||||||||||||||||||||74350.11
F07Q10001122|201001|74264.71|0|035|325|||||6.375|0.00||||||||||||||||||||74264.71
F07Q10001122|201002|74178.86|0|036|324|||||6.375|0.00||||||||||||||||||||74178.86
F07Q10001122|201003|74092.56|0|037|323|||||6.375|0.00||||||||||||||||||||74092.56
F07Q10001122|201004|74005.80|0|038|322|||||6.375|0.00||||||||||||||||||||74005.80
F07Q10001122|201005|73918.58|0|039|321|||||6.375|0.00||||||||||||||||||||73918.58
F07Q10001122|201006|73830.89|0|040|320|||||6.375|0.00||||||||||||||||||||73830.89
F07Q10001122|201007|73742.74|0|041|319|||||6.375|0.00||||||||||||||||||||73742.74
F07Q10001122|201008|73654.12|0|042|318|||||6.375|0.00||||||||||||||||||||73654.12
F07Q10001122|201009|73565.03|0|043|317|||||6.375|0.00||||||||||||||||||||73565.03
F07Q10001122|201010|73475.46|0|044|316|||||6.375|0.00||||||||||||||||||||73475.46
F07Q10001122|201011|73385.42|0|045|315|||||6.375|0.00||||||||||||||||||||73385.42
F07Q10001122|201012|73294.90|0|046|314|||||6.375|0.00||||||||||||||||||||73294.90
F07Q10001122|201101|73203.90|0|047|313|||||6.375|0.00||||||||||||||||||||73203.90
F07Q10001122|201102|73112.42|0|048|312|||||6.375|0.00||||||||||||||||||||73112.42
F07Q10001122|201103|0.00|0|049|311|||01|201103|6.375|0.00|||||||||||||||73112.42|||||0.00
F07Q10001129|200702|114000.00|0|000|360|||||6.250|0.00||||||||||||||||||||114000.00
F07Q10001129|200703|113000.00|0|001|359|||||6.250|0.00||||||||||||||||||||113000.00
F07Q10001129|200704|113000.00|0|002|358|||||6.250|0.00||||||||||||||||||||113000.00
F07Q10001129|200705|113000.00|0|003|357|||||6.250|0.00||||||||||||||||||||113000.00
F07Q10001129|200706|113000.00|0|004|356|||||6.250|0.00||||||||||||||||||||113000.00
F07Q10001129|200707|113000.00|0|005|355|||||6.250|0.00||||||||||||||||||||113000.00
F07Q10001129|200708|113000.00|0|006|354|||||6.250|0.00||||||||||||||||||||113000.00
F07Q10001129|200709|112782.24|0|007|353|||||6.250|0.00||||||||||||||||||||112782.24
F07Q10001129|200710|112670.19|0|008|352|||||6.250|0.00||||||||||||||||||||112670.19
F07Q10001129|200711|112557.55|0|009|351|||||6.250|0.00||||||||||||||||||||112557.55
F07Q10001129|200712|112444.33|0|010|350|||||6.250|0.00||||||||||||||||||||112444.33
F07Q10001129|200801|112230.52|0|011|349|||||6.250|0.00||||||||||||||||||||112230.52
F07Q10001129|200802|112015.61|0|012|348|||||6.250|0.00||||||||||||||||||||112015.61
F07Q10001129|200803|111799.56|0|013|347|||||6.250|0.00||||||||||||||||||||111799.56
F07Q10001129|200804|111582.42|0|014|346|||||6.250|0.00||||||||||||||||||||111582.42
F07Q10001129|200805|111364.12|0|015|345|||||6.250|0.00||||||||||||||||||||111364.12
F07Q10001129|200806|111144.70|0|016|344|||||6.250|0.00||||||||||||||||||||111144.70
F07Q10001129|200807|110924.14|0|017|343|||||6.250|0.00||||||||||||||||||||110924.14
F07Q10001129|200808|110702.41|0|018|342|||||6.250|0.00||||||||||||||||||||110702.41
F07Q10001129|200809|110479.53|0|019|341|||||6.250|0.00||||||||||||||||||||110479.53
F07Q10001129|200810|110255.50|0|020|340|||||6.250|0.00||||||||||||||||||||110255.50
F07Q10001129|200811|110030.29|0|021|339|||||6.250|0.00||||||||||||||||||||110030.29
F07Q10001129|200812|109803.93|0|022|338|||||6.250|0.00||||||||||||||||||||109803.93
F07Q10001129|200901|109576.37|0|023|337|||||6.250|0.00||||||||||||||||||||109576.37
F07Q10001129|200902|109347.64|0|024|336|||||6.250|0.00||||||||||||||||||||109347.64
F07Q10001129|200903|109117.72|0|025|335|||||6.250|0.00||||||||||||||||||||109117.72
F07Q10001129|200904|108886.60|0|026|334|||||6.250|0.00||||||||||||||||||||108886.60
F07Q10001129|200905|108654.26|0|027|333|||||6.250|0.00||||||||||||||||||||108654.26
F07Q10001129|200906|108420.71|0|028|332|||||6.250|0.00||||||||||||||||||||108420.71
F07Q10001129|200907|108185.94|0|029|331|||||6.250|0.00||||||||||||||||||||108185.94
F07Q10001129|200908|107949.95|0|030|330|||||6.250|0.00||||||||||||||||||||107949.95
F07Q10001129|200909|107712.76|0|031|329|||||6.250|0.00||||||||||||||||||||107712.76
F07Q10001129|200910|107474.30|0|032|328|||||6.250|0.00||||||||||||||||||||107474.30
F07Q10001129|200911|107234.60|0|033|327|||||6.250|0.00||||||||||||||||||||107234.60
F07Q10001129|200912|106993.67|0|034|326|||||6.250|0.00||||||||||||||||||||106993.67
F07Q10001129|201001|106751.47|0|035|325|||||6.250|0.00||||||||||||||||||||106751.47
F07Q10001129|201002|106508.06|0|036|324|||||6.250|0.00||||||||||||||||||||106508.06
F07Q10001129|201003|106363.33|0|037|323|||||6.250|0.00||||||||||||||||||||106363.33
F07Q10001129|201004|106217.85|0|038|322|||||6.250|0.00||||||||||||||||||||106217.85
F07Q10001129|201005|106071.61|0|039|321|||||6.250|0.00||||||||||||||||||||106071.61
F07Q10001129|201006|105924.61|0|040|320|||||6.250|0.00||||||||||||||||||||105924.61
F07Q10001129|201007|105776.84|0|041|319|||||6.250|0.00||||||||||||||||||||105776.84
F07Q10001129|201008|105628.30|0|042|318|||||6.250|0.00||||||||||||||||||||105628.30
F07Q10001129|201009|105478.99|0|043|317|||||6.250|0.00||||||||||||||||||||105478.99
F07Q10001129|201010|105328.90|0|044|316|||||6.250|0.00||||||||||||||||||||105328.90
F07Q10001129|201011|105178.01|0|045|315|||||6.250|0.00||||||||||||||||||||105178.01
F07Q10001129|201012|105026.35|0|046|314|||||6.250|0.00||||||||||||||||||||105026.35
F07Q10001129|201101|104873.90|0|047|313|||||6.250|0.00||||||||||||||||||||104873.90
F07Q10001129|201102|104720.66|0|048|312|||||6.250|0.00||||||||||||||||||||104720.66
F07Q10001129|201103|104566.62|0|049|311|||||6.250|0.00||||||||||||||||||||104566.62
F07Q10001129|201104|104411.78|0|050|310|||||6.250|0.00||||||||||||||||||||104411.78
F07Q10001129|201105|104256.13|0|051|309|||||6.250|0.00||||||||||||||||||||104256.13
F07Q10001129|201106|104099.67|0|052|308|||||6.250|0.00||||||||||||||||||||104099.67
F07Q10001129|201107|103942.40|0|053|307|||||6.250|0.00||||||||||||||||||||103942.40
F07Q10001129|201108|103784.31|0|054|306|||||6.250|0.00||||||||||||||||||||103784.31
F07Q10001129|201109|103625.39|0|055|305|||||6.250|0.00||||||||||||||||||||103625.39
F07Q10001129|201110|103465.65|0|056|304|||||6.250|0.00||||||||||||||||||||103465.65
F07Q10001129|201111|103305.07|0|057|303|||||6.250|0.00||||||||||||||||||||103305.07
F07Q10001129|201112|103143.66|0|058|302|||||6.250|0.00||||||||||||||||||||103143.66
F07Q10001129|201201|102981.41|0|059|301|||||6.250|0.00||||||||||||||||||||102981.41
F07Q10001129|201202|102818.31|0|060|300|||||6.250|0.00||||||||||||||||||||102818.31
F07Q10001129|201203|102654.36|0|061|299|||||6.250|0.00||||||||||||||||||||102654.36
F07Q10001129|201204|102489.56|0|062|298|||||6.250|0.00||||||||||||||||||||102489.56
F07Q10001129|201205|102323.90|0|063|297|||||6.250|0.00||||||||||||||||||||102323.90
F07Q10001129|201206|102157.38|0|064|296|||||6.250|0.00||||||||||||||||||||102157.38
F07Q10001129|201207|101989.99|0|065|295|||||6.250|0.00||||||||||||||||||||101989.99
F07Q10001129|201208|101821.73|0|066|294|||||6.250|0.00||||||||||||||||||||101821.73
F07Q10001129|201209|101652.59|0|067|293|||||6.250|0.00||||||||||||||||||||101652.59
F07Q10001129|201210|101482.57|0|068|292|||||6.250|0.00||||||||||||||||||||101482.57
F07Q10001129|201211|101311.67|0|069|291|||||6.250|0.00||||||||||||||||||||101311.67
F07Q10001129|201212|100967.18|0|070|290|||||6.250|0.00||||||||||||||||||||100967.18
F07Q10001129|201301|100967.18|0|071|289|||||6.250|0.00||||||||||||||||||||100967.18
F07Q10001129|201302|100793.59|0|072|288|||||6.250|0.00||||||||||||||||||||100793.59
F07Q10001129|201303|100619.10|0|073|287|||||6.250|0.00||||||||||||||||||||100619.10
F07Q10001129|201304|0.00|0|074|286|||01|201304|6.250|0.00|||||||||||||||100619.10|||||0.00
F07Q10001324|200701|100000.00|0|000|360|||||6.250|0.00||||||||||||||||||||100000.00
F07Q10001324|200702|100000.00|0|001|359|||||6.250|0.00||||||||||||||||||||100000.00
F07Q10001324|200703|100000.00|0|002|358|||||6.250|0.00||||||||||||||||||||100000.00
F07Q10001324|200704|100000.00|0|003|357|||||6.250|0.00||||||||||||||||||||100000.00
F07Q10001324|200705|99000.00|0|004|356|||||6.250|0.00||||||||||||||||||||99000.00
F07Q10001324|200706|99000.00|0|005|355|||||6.250|0.00||||||||||||||||||||99000.00
F07Q10001324|200707|99000.00|0|006|354|||||6.250|0.00||||||||||||||||||||99000.00
F07Q10001324|200708|99140.62|0|007|353|||||6.250|0.00||||||||||||||||||||99140.62
F07Q10001324|200709|99042.41|0|008|352|||||6.250|0.00||||||||||||||||||||99042.41
F07Q10001324|200710|98943.69|0|009|351|||||6.250|0.00||||||||||||||||||||98943.69
F07Q10001324|200711|98844.45|0|010|350|||||6.250|0.00||||||||||||||||||||98844.45
F07Q10001324|200712|98744.69|0|011|349|||||6.250|0.00||||||||||||||||||||98744.69
F07Q10001324|200801|98644.42|0|012|348|||||6.250|0.00||||||||||||||||||||98644.42
F07Q10001324|200802|98543.62|0|013|347|||||6.250|0.00||||||||||||||||||||98543.62
F07Q10001324|200803|98442.30|0|014|346|||||6.250|0.00||||||||||||||||||||98442.30
F07Q10001324|200804|98340.45|0|015|345|||||6.250|0.00||||||||||||||||||||98340.45
F07Q10001324|200805|98238.07|0|016|344|||||6.250|0.00||||||||||||||||||||98238.07
F07Q10001324|200806|98135.16|0|017|343|||||6.250|0.00||||||||||||||||||||98135.16
F07Q10001324|200807|98031.71|0|018|342|||||6.250|0.00||||||||||||||||||||98031.71
F07Q10001324|200808|97927.72|0|019|341|||||6.250|0.00||||||||||||||||||||97927.72
F07Q10001324|200809|97823.19|0|020|340|||||6.250|0.00||||||||||||||||||||97823.19
F07Q10001324|200810|97718.12|0|021|339|||||6.250|0.00||||||||||||||||||||97718.12
F07Q10001324|200811|0.00|0|022|338|||01|200811|6.250|0.00|||||||||||||||97718.12|||||0.00
F07Q10001424|200702|205000.00|0|000|360|||||6.625|0.00||||||||||||||||||||205000.00
F07Q10001424|200703|205000.00|0|001|359|||||6.625|0.00||||||||||||||||||||205000.00
F07Q10001424|200704|204000.00|0|002|358|||||6.625|0.00||||||||||||||||||||204000.00
F07Q10001424|200705|204000.00|0|003|357|||||6.625|0.00||||||||||||||||||||204000.00
F07Q10001424|200706|204000.00|0|004|356|||||6.625|0.00||||||||||||||||||||204000.00
F07Q10001424|200707|203000.00|0|005|355|||||6.625|0.00||||||||||||||||||||203000.00
F07Q10001424|200708|203000.00|0|006|354|||||6.625|0.00||||||||||||||||||||203000.00
F07Q10001424|200709|202447.43|0|007|353|||||6.625|0.00||||||||||||||||||||202447.43
F07Q10001424|200710|202053.57|0|008|352|||||6.625|0.00||||||||||||||||||||202053.57
F07Q10001424|200711|201657.54|0|009|351|||||6.625|0.00||||||||||||||||||||201657.54
F07Q10001424|200712|201259.32|0|010|350|||||6.625|0.00||||||||||||||||||||201259.32
F07Q10001424|200801|200858.90|0|011|349|||||6.625|0.00||||||||||||||||||||200858.90
F07Q10001424|200802|200456.27|0|012|348|||||6.625|0.00||||||||||||||||||||200456.27
F07Q10001424|200803|200051.42|0|013|347|||||6.625|0.00||||||||||||||||||||200051.42
F07Q10001424|200804|199624.33|0|014|346|||||6.625|0.00||||||||||||||||||||199624.33
F07Q10001424|200805|199215.00|0|015|345|||||6.625|0.00||||||||||||||||||||199215.00
F07Q10001424|200806|198803.30|0|016|344|||||6.625|0.00||||||||||||||||||||198803.30
F07Q10001424|200807|198389.32|0|017|343|||||6.625|0.00||||||||||||||||||||198389.32
F07Q10001424|200808|197973.06|0|018|342|||||6.625|0.00||||||||||||||||||||197973.06
F07Q10001424|200809|197554.50|0|019|341|||||6.625|0.00||||||||||||||||||||197554.50
F07Q10001424|200810|197133.63|0|020|340|||||6.625|0.00||||||||||||||||||||197133.63
F07Q10001424|200811|196710.44|0|021|339|||||6.625|0.00||||||||||||||||||||196710.44
F07Q10001424|200812|196284.91|0|022|338|||||6.625|0.00||||||||||||||||||||196284.91
F07Q10001424|200901|195857.03|0|023|337|||||6.625|0.00||||||||||||||||||||195857.03
F07Q10001424|200902|195426.79|0|024|336|||||6.625|0.00||||||||||||||||||||195426.79
F07Q10001424|200903|194994.17|0|025|335|||||6.625|0.00||||||||||||||||||||194994.17
F07Q10001424|200904|194559.16|0|026|334|||||6.625|0.00||||||||||||||||||||194559.16
F07Q10001424|200905|194321.75|0|027|333|||||6.625|0.00||||||||||||||||||||194321.75
F07Q10001424|200906|194081.93|0|028|332|||||6.625|0.00||||||||||||||||||||194081.93
F07Q10001424|200907|0.00|0|029|331|||01|200907|6.625|0.00|||||||||||||||194081.93|||||0.00
F07Q10001432|200702|56000.00|0|000|180|||||5.875|0.00||||||||||||||||||||56000.00
F07Q10001432|200703|55000.00|0|001|179|||||5.875|0.00||||||||||||||||||||55000.00
F07Q10001432|200704|55000.00|0|002|178|||||5.875|0.00||||||||||||||||||||55000.00
F07Q10001432|200705|55000.00|0|003|177|||||5.875|0.00||||||||||||||||||||55000.00
F07Q10001432|200706|55000.00|0|004|176|||||5.875|0.00||||||||||||||||||||55000.00
F07Q10001432|200707|55000.00|0|005|175|||||5.875|0.00||||||||||||||||||||55000.00
F07Q10001432|200708|54000.00|0|006|174|||||5.875|0.00||||||||||||||||||||54000.00
F07Q10001432|200709|54129.83|0|007|173|||||5.875|0.00||||||||||||||||||||54129.83
F07Q10001432|200710|53930.24|0|008|172|||||5.875|0.00||||||||||||||||||||53930.24
F07Q10001432|200711|53729.67|0|009|171|||||5.875|0.00||||||||||||||||||||53729.67
F07Q10001432|200712|53528.12|0|010|170|||||5.875|0.00||||||||||||||||||||53528.12
F07Q10001432|200801|53325.58|0|011|169|||||5.875|0.00||||||||||||||||||||53325.58
F07Q10001432|200802|53122.05|0|012|168|||||5.875|0.00||||||||||||||||||||53122.05
F07Q10001432|200803|52917.53|0|013|167|||||5.875|0.00||||||||||||||||||||52917.53
F07Q10001432|200804|52712.01|0|014|166|||||5.875|0.00||||||||||||||||||||52712.01
F07Q10001432|200805|52505.48|0|015|165|||||5.875|0.00||||||||||||||||||||52505.48
F07Q10001432|200806|52297.94|0|016|164|||||5.875|0.00||||||||||||||||||||52297.94
F07Q10001432|200807|52089.38|0|017|163|||||5.875|0.00||||||||||||||||||||52089.38
F07Q10001432|200808|51879.80|0|018|162|||||5.875|0.00||||||||||||||||||||51879.80
F07Q10001432|200809|51669.19|0|019|161|||||5.875|0.00||||||||||||||||||||51669.19
F07Q10001432|200810|51457.55|0|020|160|||||5.875|0.00||||||||||||||||||||51457.55
F07Q10001432|200811|51144.88|0|021|159|||||5.875|0.00||||||||||||||||||||51144.88
F07Q10001432|200812|50930.68|0|022|158|||||5.875|0.00||||||||||||||||||||50930.68
F07Q10001432|200901|50715.43|0|023|157|||||5.875|0.00||||||||||||||||||||50715.43
F07Q10001432|200902|50499.12|0|024|156|||||5.875|0.00||||||||||||||||||||50499.12
F07Q10001432|200903|50281.76|0|025|155|||||5.875|0.00||||||||||||||||||||50281.76
F07Q10001432|200904|50063.33|0|026|154|||||5.875|0.00||||||||||||||||||||50063.33
F07Q10001432|200905|49843.83|0|027|153|||||5.875|0.00||||||||||||||||||||49843.83
F07Q10001432|200906|49623.26|0|028|152|||||5.875|0.00||||||||||||||||||||49623.26
F07Q10001432|200907|49401.61|0|029|151|||||5.875|0.00||||||||||||||||||||49401.61
F07Q10001432|200908|49178.87|0|030|150|||||5.875|0.00||||||||||||||||||||49178.87
F07Q10001432|200909|48955.04|0|031|149|||||5.875|0.00||||||||||||||||||||48955.04
F07Q10001432|200910|48730.12|0|032|148|||||5.875|0.00||||||||||||||||||||48730.12
F07Q10001432|200911|48504.09|0|033|147|||||5.875|0.00||||||||||||||||||||48504.09
F07Q10001432|200912|48276.96|0|034|146|||||5.875|0.00||||||||||||||||||||48276.96
F07Q10001432|201001|48048.72|0|035|145|||||5.875|0.00||||||||||||||||||||48048.72
F07Q10001432|201002|47819.36|0|036|144|||||5.875|0.00||||||||||||||||||||47819.36
F07Q10001432|201003|47588.88|0|037|143|||||5.875|0.00||||||||||||||||||||47588.88
F07Q10001432|201004|47357.27|0|038|142|||||5.875|0.00||||||||||||||||||||47357.27
F07Q10001432|201005|47124.52|0|039|141|||||5.875|0.00||||||||||||||||||||47124.52
F07Q10001432|201006|46890.63|0|040|140|||||5.875|0.00||||||||||||||||||||46890.63
F07Q10001432|201007|46655.60|0|041|139|||||5.875|0.00||||||||||||||||||||46655.60
F07Q10001432|201008|46419.42|0|042|138|||||5.875|0.00||||||||||||||||||||46419.42
F07Q10001432|201009|46182.08|0|043|137|||||5.875|0.00||||||||||||||||||||46182.08
F07Q10001432|201010|45943.58|0|044|136|||||5.875|0.00||||||||||||||||||||45943.58
F07Q10001432|201011|45703.91|0|045|135|||||5.875|0.00||||||||||||||||||||45703.91
F07Q10001432|201012|45463.07|0|046|134|||||5.875|0.00||||||||||||||||||||45463.07
F07Q10001432|201101|45221.05|0|047|133|||||5.875|0.00||||||||||||||||||||45221.05
F07Q10001432|201102|44977.84|0|048|132|||||5.875|0.00||||||||||||||||||||44977.84
F07Q10001432|201103|44733.44|0|049|131|||||5.875|0.00||||||||||||||||||||44733.44
F07Q10001432|201104|44487.85|0|050|130|||||5.875|0.00||||||||||||||||||||44487.85
F07Q10001432|201105|44241.06|0|051|129|||||5.875|0.00||||||||||||||||||||44241.06
F07Q10001432|201106|43993.06|0|052|128|||||5.875|0.00||||||||||||||||||||43993.06
F07Q10001432|201107|43743.84|0|053|127|||||5.875|0.00||||||||||||||||||||43743.84
F07Q10001432|201108|43493.40|0|054|126|||||5.875|0.00||||||||||||||||||||43493.40
F07Q10001432|201109|43241.74|0|055|125|||||5.875|0.00||||||||||||||||||||43241.74
F07Q10001432|201110|42988.84|0|056|124|||||5.875|0.00||||||||||||||||||||42988.84
F07Q10001432|201111|42734.71|0|057|123|||||5.875|0.00||||||||||||||||||||42734.71
F07Q10001432|201112|42479.33|0|058|122|||||5.875|0.00||||||||||||||||||||42479.33
F07Q10001432|201201|42222.70|0|059|121|||||5.875|0.00||||||||||||||||||||42222.70
F07Q10001432|201202|41964.82|0|060|120|||||5.875|0.00||||||||||||||||||||41964.82
F07Q10001432|201203|41705.67|0|061|119|||||5.875|0.00||||||||||||||||||||41705.67
F07Q10001432|201204|41445.25|0|062|118|||||5.875|0.00||||||||||||||||||||41445.25
F07Q10001432|201205|41183.56|0|063|117|||||5.875|0.00||||||||||||||||||||41183.56
F07Q10001432|201206|40920.59|0|064|116|||||5.875|0.00||||||||||||||||||||40920.59
F07Q10001432|201207|40656.33|0|065|115|||||5.875|0.00||||||||||||||||||||40656.33
F07Q10001432|201208|40390.78|0|066|114|||||5.875|0.00||||||||||||||||||||40390.78
F07Q10001432|201209|40123.93|0|067|113|||||5.875|0.00||||||||||||||||||||40123.93
F07Q10001432|201210|39855.77|0|068|112|||||5.875|0.00||||||||||||||||||||39855.77
F07Q10001432|201211|39586.30|0|069|111|||||5.875|0.00||||||||||||||||||||39586.30
F07Q10001432|201212|39315.51|0|070|110|||||5.875|0.00||||||||||||||||||||39315.51
F07Q10001432|201301|39043.39|0|071|109|||||5.875|0.00||||||||||||||||||||39043.39
F07Q10001432|201302|38769.94|0|072|108|||||5.875|0.00||||||||||||||||||||38769.94
F07Q10001432|201303|38495.15|0|073|107|||||5.875|0.00||||||||||||||||||||38495.15
F07Q10001432|201304|38219.02|0|074|106|||||5.875|0.00||||||||||||||||||||38219.02
F07Q10001432|201305|37941.53|0|075|105|||||5.875|0.00||||||||||||||||||||37941.53
F07Q10001432|201306|37662.69|0|076|104|||||5.875|0.00||||||||||||||||||||37662.69
F07Q10001432|201307|37382.48|0|077|103|||||5.875|0.00||||||||||||||||||||37382.48
F07Q10001432|201308|37100.90|0|078|102|||||5.875|0.00||||||||||||||||||||37100.90
F07Q10001432|201309|36817.94|0|079|101|||||5.875|0.00||||||||||||||||||||36817.94
F07Q10001432|201310|36533.59|0|080|100|||||5.875|0.00||||||||||||||||||||36533.59
F07Q10001432|201311|36247.85|0|081|099|||||5.875|0.00||||||||||||||||||||36247.85
F07Q10001432|201312|35960.71|0|082|098|||||5.875|0.00||||||||||||||||||||35960.71
F07Q10001432|201401|35672.17|0|083|097|||||5.875|0.00||||||||||||||||||||35672.17
F07Q10001432|201402|35382.21|0|084|096|||||5.875|0.00||||||||||||||||||||35382.21
F07Q10001432|201403|35090.84|0|085|095|||||5.875|0.00||||||||||||||||||||35090.84
F07Q10001432|201404|34798.04|0|086|094|||||5.875|0.00||||||||||||||||||||34798.04
F07Q10001432|201405|34503.81|0|087|093|||||5.875|0.00||||||||||||||||||||34503.81
F07Q10001432|201406|34208.13|0|088|092|||||5.875|0.00||||||||||||||||||||34208.13
F07Q10001432|201407|33911.01|0|089|091|||||5.875|0.00||||||||||||||||||||33911.01
F07Q10001432|201408|33612.43|0|090|090|||||5.875|0.00||||||||||||||||||||33612.43
F07Q10001432|201409|33312.39|0|091|089|||||5.875|0.00||||||||||||||||||||33312.39
F07Q10001432|201410|33010.88|0|092|088|||||5.875|0.00||||||||||||||||||||33010.88
F07Q10001432|201411|32707.90|0|093|087|||||5.875|0.00||||||||||||||||||||32707.90
F07Q10001432|201412|32403.43|0|094|086|||||5.875|0.00||||||||||||||||||||32403.43
F07Q10001432|201501|32097.47|0|095|085|||||5.875|0.00||||||||||||||||||||32097.47
F07Q10001432|201502|31790.01|0|096|084|||||5.875|0.00||||||||||||||||||||31790.01
F07Q10001432|201503|31481.05|0|097|083|||||5.875|0.00||||||||||||||||||||31481.05
F07Q10001432|201504|31170.58|0|098|082|||||5.875|0.00||||||||||||||||||||31170.58
F07Q10001432|201505|30858.59|0|099|081|||||5.875|0.00||||||||||||||||||||30858.59
F07Q10001432|201506|30545.07|0|100|080|||||5.875|0.00||||||||||||||||||||30545.07
F07Q10001432|201507|30230.01|0|101|079|||||5.875|0.00||||||||||||||||||||30230.01
F07Q10001432|201508|29913.41|0|102|078|||||5.875|0.00||||||||||||||||||||29913.41
F07Q10001432|201509|29595.26|0|103|077|||||5.875|0.00||||||||||||||||||||29595.26
F07Q10001432|201510|29275.55|0|104|076|||||5.875|0.00||||||||||||||||||||29275.55
F07Q10001432|201511|28954.28|0|105|075|||||5.875|0.00||||||||||||||||||||28954.28
F07Q10001432|201512|28631.44|0|106|074|||||5.875|0.00||||||||||||||||||||28631.44
F07Q10001432|201601|28307.01|0|107|073|||||5.875|0.00||||||||||||||||||||28307.01
F07Q10001432|201602|27981.00|0|108|072|||||5.875|0.00||||||||||||||||||||27981.00
F07Q10001432|201603|27653.39|0|109|071|||||5.875|0.00||||||||||||||||||||27653.39
F07Q10001432|201604|27324.18|0|110|070|||||5.875|0.00||||||||||||||||||||27324.18
F07Q10001432|201605|26993.35|0|111|069|||||5.875|0.00||||||||||||||||||||26993.35
F07Q10001432|201606|26660.90|0|112|068|||||5.875|0.00||||||||||||||||||||26660.90
F07Q10001432|201607|26326.83|0|113|067|||||5.875|0.00||||||||||||||||||||26326.83
F07Q10001432|201608|25991.12|0|114|066|||||5.875|0.00||||||||||||||||||||25991.12
F07Q10001432|201609|25653.77|0|115|065|||||5.875|0.00||||||||||||||||||||25653.77
F07Q10001432|201610|25314.77|0|116|064|||||5.875|0.00||||||||||||||||||||25314.77
F07Q10001432|201611|24974.11|0|117|063|||||5.875|0.00||||||||||||||||||||24974.11
F07Q10001432|201612|24631.78|0|118|062|||||5.875|0.00||||||||||||||||||||24631.78
F07Q10001432|201701|24287.77|0|119|061|||||5.875|0.00||||||||||||||||||||24287.77
F07Q10001432|201702|23942.08|0|120|060|||||5.875|0.00||||||||||||||||||||23942.08
F07Q10001432|201703|23594.70|0|121|059|||||5.875|0.00||||||||||||||||||||23594.70
F07Q10001432|201704|23245.62|0|122|058|||||5.875|0.00||||||||||||||24||||||23245.62
F07Q10001432|201705|22894.83|0|123|057|||||5.875|0.00||||||||||||||23||||||22894.83
F07Q10001432|201706|22542.32|0|124|056|||||5.875|0.00||||||||||||||23||||||22542.32
F07Q10001432|201707|22188.08|0|125|055|||||5.875|0.00||||||||||||||21||||||22188.08
F07Q10001432|201708|21832.11|0|126|054|||||5.875|0.00||||||||||||||21||||||21832.11
F07Q10001432|201709|21474.40|0|127|053|||||5.875|0.00||||||||||||||20||||||21474.40
F07Q10001432|201710|21114.94|0|128|052|||||5.875|0.00||||||||||||||19||||||21114.94
F07Q10001432|201711|20753.72|0|129|051|||||5.875|0.00||||||||||||||19||||||20753.72
F07Q10001432|201712|20390.73|0|130|050|||||5.875|0.00||||||||||||||21||||||20390.73
F07Q10001432|201801|20025.96|0|131|049|||||5.875|0.00||||||||||||||20||||||20025.96
F07Q10001432|201802|19659.40|0|132|048|||||5.875|0.00||||||||||||||20||||||19659.40
F07Q10001432|201803|19291.05|0|133|047|||||5.875|0.00||||||||||||||20||||||19291.05
F07Q10001432|201804|18920.90|0|134|046|||||5.875|0.00||||||||||||||19||||||18920.90
F07Q10001432|201805|18548.93|0|135|045|||||5.875|0.00||||||||||||||19||||||18548.93
F07Q10001432|201806|18175.14|0|136|044|||||5.875|0.00||||||||||||||19||||||18175.14
F07Q10001432|201807|17799.52|0|137|043|||||5.875|0.00||||||||||||||18||||||17799.52
F07Q10001432|201808|17422.06|0|138|042|||||5.875|0.00||||||||||||||17||||||17422.06
F07Q10001432|201809|17042.76|0|139|041|||||5.875|0.00||||||||||||||17||||||17042.76
F07Q10001432|201810|16661.60|0|140|040|||||5.875|0.00||||||||||||||16||||||16661.60
F07Q10001432|201811|16278.57|0|141|039|||||5.875|0.00||||||||||||||16||||||16278.57
F07Q10001432|201812|15893.67|0|142|038|||||5.875|0.00||||||||||||||16||||||15893.67
F07Q10001432|201901|15506.88|0|143|037|||||5.875|0.00||||||||||||||16||||||15506.88
F07Q10001432|201902|15118.20|0|144|036|||||5.875|0.00||||||||||||||15||||||15118.20
F07Q10001432|201903|0.00|0|145|035|||01|201903|5.875|0.00||||||||||||||999|15118.20|||||0.00
F07Q10001460|200702|248000.00|0|000|360|||||6.000|0.00||||||||||||||||||||248000.00
F07Q10001460|200703|248000.00|0|001|359|||||6.000|0.00||||||||||||||||||||248000.00
F07Q10001460|200704|248000.00|0|002|358|||||6.000|0.00||||||||||||||||||||248000.00
F07Q10001460|200705|247000.00|0|003|357|||||6.000|0.00||||||||||||||||||||247000.00
F07Q10001460|200706|247000.00|0|004|356|||||6.000|0.00||||||||||||||||||||247000.00
F07Q10001460|200707|247000.00|0|005|355|||||6.000|0.00||||||||||||||||||||247000.00
F07Q10001460|200708|247000.00|0|006|354|||||6.000|0.00||||||||||||||||||||247000.00
F07Q10001460|200709|246245.64|0|007|353|||||6.000|0.00||||||||||||||||||||246245.64
F07Q10001460|200710|245989.37|0|008|352|||||6.000|0.00||||||||||||||||||||245989.37
F07Q10001460|200711|245732.43|0|009|351|||||6.000|0.00||||||||||||||||||||245732.43
F07Q10001460|200712|245474.20|0|010|350|||||6.000|0.00||||||||||||||||||||245474.20
F07Q10001460|200801|245214.68|0|011|349|||||6.000|0.00||||||||||||||||||||245214.68
F07Q10001460|200802|244953.86|0|012|348|||||6.000|0.00||||||||||||||||||||244953.86
F07Q10001460|200803|244691.74|0|013|347|||||6.000|0.00||||||||||||||||||||244691.74
F07Q10001460|200804|0.00|0|014|346|||01|200804|6.000|0.00|||||||||||||||244691.74|||||0.00
F07Q10001480|200703|66000.00|0|000|360|||||6.375|0.00||||||||||||||||||||66000.00
F07Q10001480|200704|66000.00|0|001|359|||||6.375|0.00||||||||||||||||||||66000.00
F07Q10001480|200705|65000.00|0|002|358|||||6.375|0.00||||||||||||||||||||65000.00
F07Q10001480|200706|65000.00|0|003|357|||||6.375|0.00||||||||||||||||||||65000.00
F07Q10001480|200707|65000.00|0|004|356|||||6.375|0.00||||||||||||||||||||65000.00
F07Q10001480|200708|65000.00|0|005|355|||||6.375|0.00||||||||||||||||||||65000.00
F07Q10001480|200709|65000.00|0|006|354|||||6.375|0.00||||||||||||||||||||65000.00
F07Q10001480|200710|65167.85|0|007|353|||||6.375|0.00||||||||||||||||||||65167.85
F07Q10001480|200711|65104.79|0|008|352|||||6.375|0.00||||||||||||||||||||65104.79
F07Q10001480|200712|65041.40|0|009|351|||||6.375|0.00||||||||||||||||||||65041.40
F07Q10001480|200801|64977.67|0|010|350|||||6.375|0.00||||||||||||||||||||64977.67
F07Q10001480|200802|64913.60|0|011|349|||||6.375|0.00||||||||||||||||||||64913.60
F07Q10001480|200803|64849.19|0|012|348|||||6.375|0.00||||||||||||||||||||64849.19
F07Q10001480|200804|64784.44|0|013|347|||||6.375|0.00||||||||||||||||||||64784.44
F07Q10001480|200805|64719.35|0|014|346|||||6.375|0.00||||||||||||||||||||64719.35
F07Q10001480|200806|64653.91|0|015|345|||||6.375|0.00||||||||||||||||||||64653.91
F07Q10001480|200807|64588.12|0|016|344|||||6.375|0.00||||||||||||||||||||64588.12
F07Q10001480|200808|64521.98|0|017|343|||||6.375|0.00||||||||||||||||||||64521.98
F07Q10001480|200809|64455.49|0|018|342|||||6.375|0.00||||||||||||||||||||64455.49
F07Q10001480|200810|64388.65|0|019|341|||||6.375|0.00||||||||||||||||||||64388.65
F07Q10001480|200811|64321.45|0|020|340|||||6.375|0.00||||||||||||||||||||64321.45
F07Q10001480|200812|64253.90|0|021|339|||||6.375|0.00||||||||||||||||||||64253.90
F07Q10001480|200901|64253.90|0|022|338|||||6.375|0.00||||||||||||||||||||64253.90
F07Q10001480|200902|64117.72|0|023|337|||||6.375|0.00||||||||||||||||||||64117.72
F07Q10001480|200903|64049.09|0|024|336|||||6.375|0.00||||||||||||||||||||64049.09
F07Q10001480|200904|63980.09|0|025|335|||||6.375|0.00||||||||||||||||||||63980.09
F07Q10001480|200905|63980.09|0|026|334|||||6.375|0.00||||||||||||||||||||63980.09
F07Q10001480|200906|63840.99|0|027|333|||||6.375|0.00||||||||||||||||||||63840.99
F07Q10001480|200907|63770.89|0|028|332|||||6.375|0.00||||||||||||||||||||63770.89
F07Q10001480|200908|63700.41|0|029|331|||||6.375|0.00||||||||||||||||||||63700.41
F07Q10001480|200909|63629.56|0|030|330|||||6.375|0.00||||||||||||||||||||63629.56
F07Q10001480|200910|63558.33|0|031|329|||||6.375|0.00||||||||||||||||||||63558.33
F07Q10001480|200911|63486.72|0|032|328|||||6.375|0.00||||||||||||||||||||63486.72
F07Q10001480|200912|63414.73|0|033|327|||||6.375|0.00||||||||||||||||||||63414.73
F07Q10001480|201001|63342.36|0|034|326|||||6.375|0.00||||||||||||||||||||63342.36
F07Q10001480|201002|63269.61|0|035|325|||||6.375|0.00||||||||||||||||||||63269.61
F07Q10001480|201003|63196.47|0|036|324|||||6.375|0.00||||||||||||||||||||63196.47
F07Q10001480|201004|63122.94|0|037|323|||||6.375|0.00||||||||||||||||||||63122.94
F07Q10001480|201005|63049.02|0|038|322|||||6.375|0.00||||||||||||||||||||63049.02
F07Q10001480|201006|62974.71|0|039|321|||||6.375|0.00||||||||||||||||||||62974.71
F07Q10001480|201007|62900.00|0|040|320|||||6.375|0.00||||||||||||||||||||62900.00
F07Q10001480|201008|62824.90|0|041|319|||||6.375|0.00||||||||||||||||||||62824.90
F07Q10001480|201009|62749.40|0|042|318|||||6.375|0.00||||||||||||||||||||62749.40
F07Q10001480|201010|62673.50|0|043|317|||||6.375|0.00||||||||||||||||||||62673.50
F07Q10001480|201011|62597.19|0|044|316|||||6.375|0.00||||||||||||||||||||62597.19
F07Q10001480|201012|62520.48|0|045|315|||||6.375|0.00||||||||||||||||||||62520.48
F07Q10001480|201101|62443.36|0|046|314|||||6.375|0.00||||||||||||||||||||62443.36
F07Q10001480|201102|62365.83|0|047|313|||||6.375|0.00||||||||||||||||||||62365.83
F07Q10001480|201103|62287.89|0|048|312|||||6.375|0.00||||||||||||||||||||62287.89
F07Q10001480|201104|62209.53|0|049|311|||||6.375|0.00||||||||||||||||||||62209.53
F07Q10001480|201105|62130.76|0|050|310|||||6.375|0.00||||||||||||||||||||62130.76
F07Q10001480|201106|62051.57|0|051|309|||||6.375|0.00||||||||||||||||||||62051.57
F07Q10001480|201107|61971.96|0|052|308|||||6.375|0.00||||||||||||||||||||61971.96
F07Q10001480|201108|61891.93|0|053|307|||||6.375|0.00||||||||||||||||||||61891.93
F07Q10001480|201109|61811.47|0|054|306|||||6.375|0.00||||||||||||||||||||61811.47
F07Q10001480|201110|61730.58|0|055|305|||||6.375|0.00||||||||||||||||||||61730.58
F07Q10001480|201111|61649.26|0|056|304|||||6.375|0.00||||||||||||||||||||61649.26
F07Q10001480|201112|61567.51|0|057|303|||||6.375|0.00||||||||||||||||||||61567.51
F07Q10001480|201201|61485.33|0|058|302|||||6.375|0.00||||||||||||||||||||61485.33
F07Q10001480|201202|61402.71|0|059|301|||||6.375|0.00||||||||||||||||||||61402.71
F07Q10001480|201203|61319.65|0|060|300|||||6.375|0.00||||||||||||||||||||61319.65
F07Q10001480|201204|61236.15|0|061|299|||||6.375|0.00||||||||||||||||||||61236.15
F07Q10001480|201205|61152.21|0|062|298|||||6.375|0.00||||||||||||||||||||61152.21
F07Q10001480|201206|61152.21|0|063|297|||||6.375|0.00||||||||||||||||||||61152.21
F07Q10001480|201207|61067.82|0|064|296|||||6.375|0.00||||||||||||||||||||61067.82
F07Q10001480|201208|60897.69|0|065|295|||||6.375|0.00||||||||||||||||||||60897.69
F07Q10001480|201209|60811.95|0|066|294|||||6.375|0.00||||||||||||||||||||60811.95
F07Q10001480|201210|60725.75|0|067|293|||||6.375|0.00||||||||||||||||||||60725.75
F07Q10001480|201211|60639.10|0|068|292|||||6.375|0.00||||||||||||||||||||60639.10
F07Q10001480|201212|60639.10|1|069|291|||||6.375|0.00||||||||||||||||||||60639.10
F07Q10001480|201301|60639.10|1|070|290|||||6.375|0.00||||||||||||||||||||60639.10
F07Q10001480|201302|60551.99|0|071|289|||||6.375|0.00||||||||||||||||||||60551.99
F07Q10001480|201303|60271.40|0|072|288|||||6.375|0.00||||||||||||||||||||60271.40
F07Q10001480|201304|60271.40|0|073|287|||||6.375|0.00||||||||||||||||||||60271.40
F07Q10001480|201305|60182.33|1|074|286|||||6.375|0.00||||||||||||||||||||60182.33
F07Q10001480|201306|60182.33|2|075|285|||||6.375|0.00||||||||||||||||||||60182.33
F07Q10001480|201307|60182.33|3|076|284|||||6.375|0.00||||||||||||||||||||60182.33
F07Q10001480|201308|60182.33|4|077|283|||||6.375|0.00||||||||||||||||||||60182.33
F07Q10001480|201309|60182.33|5|078|282|||||6.375|0.00||||||||||||||||||||60182.33
F07Q10001480|201310|60182.33|6|079|281|||||6.375|0.00||||||||||||||||||||60182.33
F07Q10001480|201311|60182.33|7|080|280|||||6.375|0.00||||||||||||||||||||60182.33
F07Q10001480|201312|60182.33|8|081|279|||||6.375|0.00||||||||||||||||||||60182.33
F07Q10001480|201401|60182.33|9|082|278|||||6.375|0.00||||||||||||||||||||60182.33
F07Q10001480|201402|60182.33|10|083|277|||||6.375|0.00||||||||||||||||||||60182.33
F07Q10001480|201403|60182.33|11|084|276|||||6.375|0.00||||||||||||||||||||60182.33
F07Q10001480|201404|60182.33|12|085|275|||||6.375|0.00||||||||||||||||||||60182.33
F07Q10001480|201405|60182.33|13|086|274|||||6.375|0.00||||||||||||||||||||60182.33
F07Q10001480|201406|60182.33|14|087|273|||||6.375|0.00||||||||||||||||||||60182.33
F07Q10001480|201407|60182.33|15|088|272|||||6.375|0.00||||||||||||||||||||60182.33
F07Q10001480|201408|60182.33|16|089|271|||||6.375|0.00||||||||||||||||||||60182.33
F07Q10001480|201409|60182.33|17|090|270|||||6.375|0.00||||||||||||||||||||60182.33
F07Q10001480|201410|60182.33|18|091|269|||||6.375|0.00||||||||||||||||||||60182.33
F07Q10001480|201411|60182.33|19|092|268|||||6.375|0.00||||||||||||||||||||60182.33
F07Q10001480|201412|60182.33|20|093|267|||||6.375|0.00||||||||||||||||||||60182.33
F07Q10001480|201501|60182.33|21|094|266|||||6.375|0.00||||||||||||||||||||60182.33
F07Q10001480|201502|60182.33|22|095|265|||||6.375|0.00||||||||||||||||||||60182.33
F07Q10001480|201503|60182.33|23|096|264|||||6.375|0.00||||||||||||||||||||60182.33
F07Q10001480|201504|60182.33|24|097|263|||||6.375|0.00||||||||||||||||||||60182.33
F07Q10001480|201505|60182.33|25|098|262|||||6.375|0.00||||||||||||||||||||60182.33
F07Q10001480|201506|60182.33|26|099|261|||||6.375|0.00||||||||||||||||||||60182.33
F07Q10001480|201507|60182.33|27|100|260|||||6.375|0.00||||||||||||||||||||60182.33
F07Q10001480|201508|60182.33|RA|101|259|||||6.375|0.00||||||||||||||||||||60182.33
F07Q10001480|201509|60182.33|RA|102|258|||||6.375|0.00||||||||||||||||||||60182.33
F07Q10001480|201510|60182.33|RA|103|257|||||6.375|0.00||||||||||||||||||||60182.33
F07Q10001480|201511|60182.33|RA|104|256|||||6.375|0.00||||||||||||||||||||60182.33
F07Q10001480|201512|60182.33|RA|105|255|||||6.375|0.00||||||||||||||||||||60182.33
F07Q10001480|201601|60182.33|RA|106|254|||||6.375|0.00||||||||||||||||||||60182.33
F07Q10001480|201602|0.00|RA|107|253|||09|201602|6.375|0.00|201304|0.00|15896.59|763.33|-17881.26|-6472.97|-5834.71|-4510.43|-1063.15|-71677.30|||||60182.33|10273.63||||0.00
F07Q10001482|200702|87000.00|0|000|360|||||6.125|0.00||||||||||||||||||||87000.00
F07Q10001482|200703|87000.00|0|001|359|||||6.125|0.00||||||||||||||||||||87000.00
F07Q10001482|200704|87000.00|0|002|358|||||6.125|0.00||||||||||||||||||||87000.00
F07Q10001482|200705|87000.00|0|003|357|||||6.125|0.00||||||||||||||||||||87000.00
F07Q10001482|200706|87000.00|0|004|356|||||6.125|0.00||||||||||||||||||||87000.00
F07Q10001482|200707|87000.00|0|005|355|||||6.125|0.00||||||||||||||||||||87000.00
F07Q10001482|200708|86000.00|0|006|354|||||6.125|0.00||||||||||||||||||||86000.00
F07Q10001482|200709|86398.95|0|007|353|||||6.125|0.00||||||||||||||||||||86398.95
F07Q10001482|200710|86311.32|0|008|352|||||6.125|0.00||||||||||||||||||||86311.32
F07Q10001482|200711|86223.25|0|009|351|||||6.125|0.00||||||||||||||||||||86223.25
F07Q10001482|200712|86134.73|0|010|350|||||6.125|0.00||||||||||||||||||||86134.73
F07Q10001482|200801|86045.76|0|011|349|||||6.125|0.00||||||||||||||||||||86045.76
F07Q10001482|200802|85956.33|0|012|348|||||6.125|0.00||||||||||||||||||||85956.33
F07Q10001482|200803|85866.45|0|013|347|||||6.125|0.00||||||||||||||||||||85866.45
F07Q10001482|200804|85776.11|0|014|346|||||6.125|0.00||||||||||||||||||||85776.11
F07Q10001482|200805|85685.31|0|015|345|||||6.125|0.00||||||||||||||||||||85685.31
F07Q10001482|200806|85594.04|0|016|344|||||6.125|0.00||||||||||||||||||||85594.04
F07Q10001482|200807|85502.31|0|017|343|||||6.125|0.00||||||||||||||||||||85502.31
F07Q10001482|200808|85410.11|0|018|342|||||6.125|0.00||||||||||||||||||||85410.11
F07Q10001482|200809|85317.44|0|019|341|||||6.125|0.00||||||||||||||||||||85317.44
F07Q10001482|200810|85224.29|0|020|340|||||6.125|0.00||||||||||||||||||||85224.29
F07Q10001482|200811|85130.67|0|021|339|||||6.125|0.00||||||||||||||||||||85130.67
F07Q10001482|200812|85036.57|0|022|338|||||6.125|0.00||||||||||||||||||||85036.57
F07Q10001482|200901|84941.99|0|023|337|||||6.125|0.00||||||||||||||||||||84941.99
F07Q10001482|200902|84846.93|0|024|336|||||6.125|0.00||||||||||||||||||||84846.93
F07Q10001482|200903|84751.38|0|025|335|||||6.125|0.00||||||||||||||||||||84751.38
F07Q10001482|200904|84655.35|0|026|334|||||6.125|0.00||||||||||||||||||||84655.35
F07Q10001482|200905|84558.83|0|027|333|||||6.125|0.00||||||||||||||||||||84558.83
F07Q10001482|200906|84461.81|0|028|332|||||6.125|0.00||||||||||||||||||||84461.81
F07Q10001482|200907|84364.30|0|029|331|||||6.125|0.00||||||||||||||||||||84364.30
F07Q10001482|200908|84266.29|0|030|330|||||6.125|0.00||||||||||||||||||||84266.29
F07Q10001482|200909|84167.78|0|031|329|||||6.125|0.00||||||||||||||||||||84167.78
F07Q10001482|200910|84068.77|0|032|328|||||6.125|0.00||||||||||||||||||||84068.77
F07Q10001482|200911|83969.25|0|033|327|||||6.125|0.00||||||||||||||||||||83969.25
F07Q10001482|200912|83869.22|0|034|326|||||6.125|0.00||||||||||||||||||||83869.22
F07Q10001482|201001|83768.68|0|035|325|||||6.125|0.00||||||||||||||||||||83768.68
F07Q10001482|201002|83667.63|0|036|324|||||6.125|0.00||||||||||||||||||||83667.63
F07Q10001482|201003|83566.06|0|037|323|||||6.125|0.00||||||||||||||||||||83566.06
F07Q10001482|201004|83463.98|0|038|322|||||6.125|0.00||||||||||||||||||||83463.98
F07Q10001482|201005|83361.37|0|039|321|||||6.125|0.00||||||||||||||||||||83361.37
F07Q10001482|201006|83258.24|0|040|320|||||6.125|0.00||||||||||||||||||||83258.24
F07Q10001482|201007|83154.58|0|041|319|||||6.125|0.00||||||||||||||||||||83154.58
F07Q10001482|201008|83050.39|0|042|318|||||6.125|0.00||||||||||||||||||||83050.39
F07Q10001482|201009|82945.67|0|043|317|||||6.125|0.00||||||||||||||||||||82945.67
F07Q10001482|201010|82840.42|0|044|316|||||6.125|0.00||||||||||||||||||||82840.42
F07Q10001482|201011|82734.63|0|045|315|||||6.125|0.00||||||||||||||||||||82734.63
F07Q10001482|201012|82628.30|0|046|314|||||6.125|0.00||||||||||||||||||||82628.30
F07Q10001482|201101|82521.40|0|047|313|||||6.125|0.00||||||||||||||||||||82521.40
F07Q10001482|201102|82413.98|0|048|312|||||6.125|0.00||||||||||||||||||||82413.98
F07Q10001482|201103|82306.01|0|049|311|||||6.125|0.00||||||||||||||||||||82306.01
F07Q10001482|201104|82197.49|0|050|310|||||6.125|0.00||||||||||||||||||||82197.49
F07Q10001482|201105|82088.42|0|051|309|||||6.125|0.00||||||||||||||||||||82088.42
F07Q10001482|201106|81978.79|0|052|308|||||6.125|0.00||||||||||||||||||||81978.79
F07Q10001482|201107|81868.60|0|053|307|||||6.125|0.00||||||||||||||||||||81868.60
F07Q10001482|201108|81757.85|0|054|306|||||6.125|0.00||||||||||||||||||||81757.85
F07Q10001482|201109|81646.54|0|055|305|||||6.125|0.00||||||||||||||||||||81646.54
F07Q10001482|201110|81534.66|0|056|304|||||6.125|0.00||||||||||||||||||||81534.66
F07Q10001482|201111|81422.21|0|057|303|||||6.125|0.00||||||||||||||||||||81422.21
F07Q10001482|201112|81309.18|0|058|302|||||6.125|0.00||||||||||||||||||||81309.18
F07Q10001482|201201|81195.58|0|059|301|||||6.125|0.00||||||||||||||||||||81195.58
F07Q10001482|201202|81081.40|0|060|300|||||6.125|0.00||||||||||||||||||||81081.40
F07Q10001482|201203|80966.63|0|061|299|||||6.125|0.00||||||||||||||||||||80966.63
F07Q10001482|201204|80851.28|0|062|298|||||6.125|0.00||||||||||||||||||||80851.28
F07Q10001482|201205|80735.34|0|063|297|||||6.125|0.00||||||||||||||||||||80735.34
F07Q10001482|201206|80618.81|0|064|296|||||6.125|0.00||||||||||||||||||||80618.81
F07Q10001482|201207|80501.68|0|065|295|||||6.125|0.00||||||||||||||||||||80501.68
F07Q10001482|201208|80329.95|0|066|294|||||6.125|0.00||||||||||||||||||||80329.95
F07Q10001482|201209|80211.35|0|067|293|||||6.125|0.00||||||||||||||||||||80211.35
F07Q10001482|201210|80092.14|0|068|292|||||6.125|0.00||||||||||||||||||||80092.14
F07Q10001482|201211|79972.32|0|069|291|||||6.125|0.00||||||||||||||||||||79972.32
F07Q10001482|201212|79851.89|0|070|290|||||6.125|0.00||||||||||||||||||||79851.89
F07Q10001482|201301|79730.85|0|071|289|||||6.125|0.00||||||||||||||||||||79730.85
F07Q10001482|201302|79609.19|0|072|288|||||6.125|0.00||||||||||||||||||||79609.19
F07Q10001482|201303|79486.91|0|073|287|||||6.125|0.00||||||||||||||||||||79486.91
F07Q10001482|201304|79364.00|0|074|286|||||6.125|0.00||||||||||||||||||||79364.00
F07Q10001482|201305|79240.47|0|075|285|||||6.125|0.00||||||||||||||||||||79240.47
F07Q10001482|201306|79116.31|0|076|284|||||6.125|0.00||||||||||||||||||||79116.31
F07Q10001482|201307|78991.51|0|077|283|||||6.125|0.00||||||||||||||||||||78991.51
F07Q10001482|201308|78866.07|0|078|282|||||6.125|0.00||||||||||||||||||||78866.07
F07Q10001482|201309|78740.00|0|079|281|||||6.125|0.00||||||||||||||||||||78740.00
F07Q10001482|201310|78613.28|0|080|280|||||6.125|0.00||||||||||||||||||||78613.28
F07Q10001482|201311|78485.92|0|081|279|||||6.125|0.00||||||||||||||||||||78485.92
F07Q10001482|201312|78357.91|0|082|278|||||6.125|0.00||||||||||||||||||||78357.91
F07Q10001482|201401|78229.24|0|083|277|||||6.125|0.00||||||||||||||||||||78229.24
F07Q10001482|201402|78099.91|0|084|276|||||6.125|0.00||||||||||||||||||||78099.91
F07Q10001482|201403|77969.92|0|085|275|||||6.125|0.00||||||||||||||||||||77969.92
F07Q10001482|201404|77839.27|0|086|274|||||6.125|0.00||||||||||||||||||||77839.27
F07Q10001482|201405|77707.94|0|087|273|||||6.125|0.00||||||||||||||||||||77707.94
F07Q10001482|201406|77575.94|0|088|272|||||6.125|0.00||||||||||||||||||||77575.94
F07Q10001482|201407|77443.27|0|089|271|||||6.125|0.00||||||||||||||||||||77443.27
F07Q10001482|201408|77309.92|0|090|270|||||6.125|0.00||||||||||||||||||||77309.92
F07Q10001482|201409|77175.89|0|091|269|||||6.125|0.00||||||||||||||||||||77175.89
F07Q10001482|201410|77041.18|0|092|268|||||6.125|0.00||||||||||||||||||||77041.18
F07Q10001482|201411|76905.78|0|093|267|||||6.125|0.00||||||||||||||||||||76905.78
F07Q10001482|201412|76769.69|0|094|266|||||6.125|0.00||||||||||||||||||||76769.69
F07Q10001482|201501|76632.91|0|095|265|||||6.125|0.00||||||||||||||||||||76632.91
F07Q10001482|201502|76495.43|0|096|264|||||6.125|0.00||||||||||||||||||||76495.43
F07Q10001482|201503|76357.25|0|097|263|||||6.125|0.00||||||||||||||||||||76357.25
F07Q10001482|201504|76218.36|0|098|262|||||6.125|0.00||||||||||||||||||||76218.36
F07Q10001482|201505|76078.76|0|099|261|||||6.125|0.00||||||||||||||||||||76078.76
F07Q10001482|201506|75938.45|0|100|260|||||6.125|0.00||||||||||||||||||||75938.45
F07Q10001482|201507|75797.42|0|101|259|||||6.125|0.00||||||||||||||||||||75797.42
F07Q10001482|201508|75655.67|0|102|258|||||6.125|0.00||||||||||||||||||||75655.67
F07Q10001482|201509|75513.20|0|103|257|||||6.125|0.00||||||||||||||||||||75513.20
F07Q10001482|201510|75370.00|0|104|256|||||6.125|0.00||||||||||||||||||||75370.00
F07Q10001482|201511|75226.07|0|105|255|||||6.125|0.00||||||||||||||||||||75226.07
F07Q10001482|201512|75081.41|0|106|254|||||6.125|0.00||||||||||||||||||||75081.41
F07Q10001482|201601|74936.01|0|107|253|||||6.125|0.00||||||||||||||||||||74936.01
F07Q10001482|201602|74789.87|0|108|252|||||6.125|0.00||||||||||||||||||||74789.87
F07Q10001482|201603|74642.98|0|109|251|||||6.125|0.00||||||||||||||||||||74642.98
F07Q10001482|201604|74495.34|0|110|250|||||6.125|0.00||||||||||||||||||||74495.34
F07Q10001482|201605|74346.95|0|111|249|||||6.125|0.00||||||||||||||||||||74346.95
F07Q10001482|201606|74197.80|0|112|248|||||6.125|0.00||||||||||||||||||||74197.80
F07Q10001482|201607|74047.89|0|113|247|||||6.125|0.00||||||||||||||||||||74047.89
F07Q10001482|201608|73897.21|0|114|246|||||6.125|0.00||||||||||||||||||||73897.21
F07Q10001482|201609|73745.76|0|115|245|||||6.125|0.00||||||||||||||||||||73745.76
F07Q10001482|201610|73593.54|0|116|244|||||6.125|0.00||||||||||||||||||||73593.54
F07Q10001482|201611|73440.54|0|117|243|||||6.125|0.00||||||||||||||||||||73440.54
F07Q10001482|201612|73286.76|0|118|242|||||6.125|0.00||||||||||||||||||||73286.76
F07Q10001482|201701|73132.20|0|119|241|||||6.125|0.00||||||||||||||||||||73132.20
F07Q10001482|201702|72976.85|0|120|240|||||6.125|0.00||||||||||||||||||||72976.85
F07Q10001482|201703|0.00|0|121|239|||01|201703|6.125|0.00|||||||||||||||72976.85|||||0.00
F07Q10001511|200702|102000.00|0|000|180|||||6.125|0.00||||||||||||||||||||102000.00
F07Q10001511|200703|102000.00|0|001|179|||||6.125|0.00||||||||||||||||||||102000.00
F07Q10001511|200704|102000.00|0|002|178|||||6.125|0.00||||||||||||||||||||102000.00
F07Q10001511|200705|101000.00|0|003|177|||||6.125|0.00||||||||||||||||||||101000.00
F07Q10001511|200706|101000.00|0|004|176|||||6.125|0.00||||||||||||||||||||101000.00
F07Q10001511|200707|101000.00|0|005|175|||||6.125|0.00||||||||||||||||||||101000.00
F07Q10001511|200708|100000.00|0|006|174|||||6.125|0.00||||||||||||||||||||100000.00
F07Q10001511|200709|99923.72|0|007|173|||||6.125|0.00||||||||||||||||||||99923.72
F07Q10001511|200710|99562.71|0|008|172|||||6.125|0.00||||||||||||||||||||99562.71
F07Q10001511|200711|99199.85|0|009|171|||||6.125|0.00||||||||||||||||||||99199.85
F07Q10001511|200712|98835.14|0|010|170|||||6.125|0.00||||||||||||||||||||98835.14
F07Q10001511|200801|98468.57|0|011|169|||||6.125|0.00||||||||||||||||||||98468.57
F07Q10001511|200802|98100.13|0|012|168|||||6.125|0.00||||||||||||||||||||98100.13
F07Q10001511|200803|97729.81|0|013|167|||||6.125|0.00||||||||||||||||||||97729.81
F07Q10001511|200804|97357.60|0|014|166|||||6.125|0.00||||||||||||||||||||97357.60
F07Q10001511|200805|96983.49|0|015|165|||||6.125|0.00||||||||||||||||||||96983.49
F07Q10001511|200806|96607.47|0|016|164|||||6.125|0.00||||||||||||||||||||96607.47
F07Q10001511|200807|96229.53|0|017|163|||||6.125|0.00||||||||||||||||||||96229.53
F07Q10001511|200808|95849.66|0|018|162|||||6.125|0.00||||||||||||||||||||95849.66
F07Q10001511|200809|95467.85|0|019|161|||||6.125|0.00||||||||||||||||||||95467.85
F07Q10001511|200810|95084.09|0|020|160|||||6.125|0.00||||||||||||||||||||95084.09
F07Q10001511|200811|94698.38|0|021|159|||||6.125|0.00||||||||||||||||||||94698.38
F07Q10001511|200812|94310.70|0|022|158|||||6.125|0.00||||||||||||||||||||94310.70
F07Q10001511|200901|93921.04|0|023|157|||||6.125|0.00||||||||||||||||||||93921.04
F07Q10001511|200902|93529.39|0|024|156|||||6.125|0.00||||||||||||||||||||93529.39
F07Q10001511|200903|0.00|0|025|155|||01|200903|6.125|0.00|||||||||||||||93529.39|||||0.00
F07Q10001551|200702|176000.00|0|000|360|||||6.250|0.00||||||||||||||||||||176000.00
F07Q10001551|200703|176000.00|0|001|359|||||6.250|0.00||||||||||||||||||||176000.00
F07Q10001551|200704|176000.00|0|002|358|||||6.250|0.00||||||||||||||||||||176000.00
F07Q10001551|200705|175000.00|0|003|357|||||6.250|0.00||||||||||||||||||||175000.00
F07Q10001551|200706|175000.00|0|004|356|||||6.250|0.00||||||||||||||||||||175000.00
F07Q10001551|200707|175000.00|0|005|355|||||6.250|0.00||||||||||||||||||||175000.00
F07Q10001551|200708|175000.00|0|006|354|||||6.250|0.00||||||||||||||||||||175000.00
F07Q10001551|200709|174170.75|0|007|353|||||6.250|0.00||||||||||||||||||||174170.75
F07Q10001551|200710|173921.85|0|008|352|||||6.250|0.00||||||||||||||||||||173921.85
F07Q10001551|200711|173671.75|0|009|351|||||6.250|0.00||||||||||||||||||||173671.75
F07Q10001551|200712|173420.45|0|010|350|||||6.250|0.00||||||||||||||||||||173420.45
F07Q10001551|200801|173166.81|0|011|349|||||6.250|0.00||||||||||||||||||||173166.81
F07Q10001551|200802|164282.36|0|012|348|||||6.250|0.00||||||||||||||||||||164282.36
F07Q10001551|200803|163181.93|0|013|347|||||6.250|0.00||||||||||||||||||||163181.93
F07Q10001551|200804|162878.14|0|014|346|||||6.250|0.00||||||||||||||||||||162878.14
F07Q10001551|200805|162572.90|0|015|345|||||6.250|0.00||||||||||||||||||||162572.90
F07Q10001551|200806|162266.19|0|016|344|||||6.250|0.00||||||||||||||||||||162266.19
F07Q10001551|200807|161958.02|0|017|343|||||6.250|0.00||||||||||||||||||||161958.02
F07Q10001551|200808|161492.99|0|018|342|||||6.250|0.00||||||||||||||||||||161492.99
F07Q10001551|200809|161181.12|0|019|341|||||6.250|0.00||||||||||||||||||||161181.12
F07Q10001551|200810|160867.75|0|020|340|||||6.250|0.00||||||||||||||||||||160867.75
F07Q10001551|200811|160552.88|0|021|339|||||6.250|0.00||||||||||||||||||||160552.88
F07Q10001551|200812|160236.50|0|022|338|||||6.250|0.00||||||||||||||||||||160236.50
F07Q10001551|200901|159761.18|0|023|337|||||6.250|0.00||||||||||||||||||||159761.18
F07Q10001551|200902|0.00|0|024|336|||01|200902|6.250|0.00|||||||||||||||159761.18|||||0.00
F07Q10001579|200702|63000.00|0|000|180|||||6.390|0.00||||||||||||||||||||63000.00
F07Q10001579|200703|63000.00|0|001|179|||||6.390|0.00||||||||||||||||||||63000.00
F07Q10001579|200704|63000.00|0|002|178|||||6.390|0.00||||||||||||||||||||63000.00
F07Q10001579|200705|63000.00|0|003|177|||||6.390|0.00||||||||||||||||||||63000.00
F07Q10001579|200706|62000.00|0|004|176|||||6.390|0.00||||||||||||||||||||62000.00
F07Q10001579|200707|62000.00|0|005|175|||||6.390|0.00||||||||||||||||||||62000.00
F07Q10001579|200708|62000.00|0|006|174|||||6.390|0.00||||||||||||||||||||62000.00
F07Q10001579|200709|61775.27|0|007|173|||||6.390|0.00||||||||||||||||||||61775.27
F07Q10001579|200710|61556.87|0|008|172|||||6.390|0.00||||||||||||||||||||61556.87
F07Q10001579|200711|61337.31|0|009|171|||||6.390|0.00||||||||||||||||||||61337.31
F07Q10001579|200712|61116.58|0|010|170|||||6.390|0.00||||||||||||||||||||61116.58
F07Q10001579|200801|60894.68|0|011|169|||||6.390|0.00||||||||||||||||||||60894.68
F07Q10001579|200802|60671.59|0|012|168|||||6.390|0.00||||||||||||||||||||60671.59
F07Q10001579|200803|60447.32|0|013|167|||||6.390|0.00||||||||||||||||||||60447.32
F07Q10001579|200804|60221.85|0|014|166|||||6.390|0.00||||||||||||||||||||60221.85
F07Q10001579|200805|59995.18|0|015|165|||||6.390|0.00||||||||||||||||||||59995.18
F07Q10001579|200806|59767.30|0|016|164|||||6.390|0.00||||||||||||||||||||59767.30
F07Q10001579|200807|59538.21|0|017|163|||||6.390|0.00||||||||||||||||||||59538.21
F07Q10001579|200808|59307.90|0|018|162|||||6.390|0.00||||||||||||||||||||59307.90
F07Q10001579|200809|59076.36|0|019|161|||||6.390|0.00||||||||||||||||||||59076.36
F07Q10001579|200810|58843.59|0|020|160|||||6.390|0.00||||||||||||||||||||58843.59
F07Q10001579|200811|58609.58|0|021|159|||||6.390|0.00||||||||||||||||||||58609.58
F07Q10001579|200812|58374.33|0|022|158|||||6.390|0.00||||||||||||||||||||58374.33
F07Q10001579|200901|58137.82|0|023|157|||||6.390|0.00||||||||||||||||||||58137.82
F07Q10001579|200902|58137.82|0|024|156|||||6.390|0.00||||||||||||||||||||58137.82
F07Q10001579|200903|57635.92|0|025|155|||||6.390|0.00||||||||||||||||||||57635.92
F07Q10001579|200904|57395.48|0|026|154|||||6.390|0.00||||||||||||||||||||57395.48
F07Q10001579|200905|57153.76|0|027|153|||||6.390|0.00||||||||||||||||||||57153.76
F07Q10001579|200906|56910.75|0|028|152|||||6.390|0.00||||||||||||||||||||56910.75
F07Q10001579|200907|56666.45|0|029|151|||||6.390|0.00||||||||||||||||||||56666.45
F07Q10001579|200908|56420.85|0|030|150|||||6.390|0.00||||||||||||||||||||56420.85
F07Q10001579|200909|56173.94|0|031|149|||||6.390|0.00||||||||||||||||||||56173.94
F07Q10001579|200910|55925.72|0|032|148|||||6.390|0.00||||||||||||||||||||55925.72
F07Q10001579|200911|55676.17|0|033|147|||||6.390|0.00||||||||||||||||||||55676.17
F07Q10001579|200912|55425.30|0|034|146|||||6.390|0.00||||||||||||||||||||55425.30
F07Q10001579|201001|55173.09|0|035|145|||||6.390|0.00||||||||||||||||||||55173.09
F07Q10001579|201002|54919.54|0|036|144|||||6.390|0.00||||||||||||||||||||54919.54
F07Q10001579|201003|54664.64|0|037|143|||||6.390|0.00||||||||||||||||||||54664.64
F07Q10001579|201004|54408.38|0|038|142|||||6.390|0.00||||||||||||||||||||54408.38
F07Q10001579|201005|54150.75|0|039|141|||||6.390|0.00||||||||||||||||||||54150.75
F07Q10001579|201006|53891.75|0|040|140|||||6.390|0.00||||||||||||||||||||53891.75
F07Q10001579|201007|53631.37|0|041|139|||||6.390|0.00||||||||||||||||||||53631.37
F07Q10001579|201008|53369.61|0|042|138|||||6.390|0.00||||||||||||||||||||53369.61
F07Q10001579|201009|53106.45|0|043|137|||||6.390|0.00||||||||||||||||||||53106.45
F07Q10001579|201010|53106.45|0|044|136|||||6.390|0.00||||||||||||||||||||53106.45
F07Q10001579|201011|52577.33|0|045|135|||||6.390|0.00||||||||||||||||||||52577.33
F07Q10001579|201012|52309.95|0|046|134|||||6.390|0.00||||||||||||||||||||52309.95
F07Q10001579|201101|52041.15|0|047|133|||||6.390|0.00||||||||||||||||||||52041.15
F07Q10001579|201102|51770.92|0|048|132|||||6.390|0.00||||||||||||||||||||51770.92
F07Q10001579|201103|51499.25|0|049|131|||||6.390|0.00||||||||||||||||||||51499.25
F07Q10001579|201104|51226.13|0|050|130|||||6.390|0.00||||||||||||||||||||51226.13
F07Q10001579|201105|50951.56|0|051|129|||||6.390|0.00||||||||||||||||||||50951.56
F07Q10001579|201106|50675.53|0|052|128|||||6.390|0.00||||||||||||||||||||50675.53
F07Q10001579|201107|50398.03|0|053|127|||||6.390|0.00||||||||||||||||||||50398.03
F07Q10001579|201108|50119.05|0|054|126|||||6.390|0.00||||||||||||||||||||50119.05
F07Q10001579|201109|49838.58|0|055|125|||||6.390|0.00||||||||||||||||||||49838.58
F07Q10001579|201110|49556.62|0|056|124|||||6.390|0.00||||||||||||||||||||49556.62
F07Q10001579|201111|49273.16|0|057|123|||||6.390|0.00||||||||||||||||||||49273.16
F07Q10001579|201112|48988.19|0|058|122|||||6.390|0.00||||||||||||||||||||48988.19
F07Q10001579|201201|48701.70|0|059|121|||||6.390|0.00||||||||||||||||||||48701.70
F07Q10001579|201202|48413.69|0|060|120|||||6.390|0.00||||||||||||||||||||48413.69
F07Q10001579|201203|48124.14|0|061|119|||||6.390|0.00||||||||||||||||||||48124.14
F07Q10001579|201204|47833.05|0|062|118|||||6.390|0.00||||||||||||||||||||47833.05
F07Q10001579|201205|47540.41|0|063|117|||||6.390|0.00||||||||||||||||||||47540.41
F07Q10001579|201206|47246.21|0|064|116|||||6.390|0.00||||||||||||||||||||47246.21
F07Q10001579|201207|46950.45|0|065|115|||||6.390|0.00||||||||||||||||||||46950.45
F07Q10001579|201208|46653.20|0|066|114|||||6.390|0.00||||||||||||||||||||46653.20
F07Q10001579|201209|46354.28|0|067|113|||||6.390|0.00||||||||||||||||||||46354.28
F07Q10001579|201210|46053.77|0|068|112|||||6.390|0.00||||||||||||||||||||46053.77
F07Q10001579|201211|45751.66|0|069|111|||||6.390|0.00||||||||||||||||||||45751.66
F07Q10001579|201212|45751.66|0|070|110|||||6.390|0.00||||||||||||||||||||45751.66
F07Q10001579|201301|45144.22|0|071|109|||||6.390|0.00||||||||||||||||||||45144.22
F07Q10001579|201302|44837.26|0|072|108|||||6.390|0.00||||||||||||||||||||44837.26
F07Q10001579|201303|44528.67|0|073|107|||||6.390|0.00||||||||||||||||||||44528.67
F07Q10001579|201304|44218.44|0|074|106|||||6.390|0.00||||||||||||||||||||44218.44
F07Q10001579|201305|43906.55|0|075|105|||||6.390|0.00||||||||||||||||||||43906.55
F07Q10001579|201306|43593.00|0|076|104|||||6.390|0.00||||||||||||||||||||43593.00
F07Q10001579|201307|43277.78|0|077|103|||||6.390|0.00||||||||||||||||||||43277.78
F07Q10001579|201308|42960.88|0|078|102|||||6.390|0.00||||||||||||||||||||42960.88
F07Q10001579|201309|42642.30|0|079|101|||||6.390|0.00||||||||||||||||||||42642.30
F07Q10001579|201310|42322.02|0|080|100|||||6.390|0.00||||||||||||||||||||42322.02
F07Q10001579|201311|42000.03|0|081|099|||||6.390|0.00||||||||||||||||||||42000.03
F07Q10001579|201312|41676.33|0|082|098|||||6.390|0.00||||||||||||||||||||41676.33
F07Q10001579|201401|41350.91|0|083|097|||||6.390|0.00||||||||||||||||||||41350.91
F07Q10001579|201402|41023.75|0|084|096|||||6.390|0.00||||||||||||||||||||41023.75
F07Q10001579|201403|40694.85|0|085|095|||||6.390|0.00||||||||||||||||||||40694.85
F07Q10001579|201404|40364.20|0|086|094|||||6.390|0.00||||||||||||||||||||40364.20
F07Q10001579|201405|40031.79|0|087|093|||||6.390|0.00||||||||||||||||||||40031.79
F07Q10001579|201406|39697.61|0|088|092|||||6.390|0.00||||||||||||||||||||39697.61
F07Q10001579|201407|39361.65|0|089|091|||||6.390|0.00||||||||||||||||||||39361.65
F07Q10001579|201408|39023.90|0|090|090|||||6.390|0.00||||||||||||||||||||39023.90
F07Q10001579|201409|38684.35|0|091|089|||||6.390|0.00||||||||||||||||||||38684.35
F07Q10001579|201410|38342.99|0|092|088|||||6.390|0.00||||||||||||||||||||38342.99
F07Q10001579|201411|37999.82|0|093|087|||||6.390|0.00||||||||||||||||||||37999.82
F07Q10001579|201412|37654.82|0|094|086|||||6.390|0.00||||||||||||||||||||37654.82
F07Q10001579|201501|37307.98|0|095|085|||||6.390|0.00||||||||||||||||||||37307.98
F07Q10001579|201502|36959.29|0|096|084|||||6.390|0.00||||||||||||||||||||36959.29
F07Q10001579|201503|36608.75|0|097|083|||||6.390|0.00||||||||||||||||||||36608.75
F07Q10001579|201504|36256.34|0|098|082|||||6.390|0.00||||||||||||||||||||36256.34
F07Q10001579|201505|35902.06|0|099|081|||||6.390|0.00||||||||||||||||||||35902.06
F07Q10001579|201506|35545.89|0|100|080|||||6.390|0.00||||||||||||||||||||35545.89
F07Q10001579|201507|35187.82|0|101|079|||||6.390|0.00||||||||||||||||||||35187.82
F07Q10001579|201508|34827.85|0|102|078|||||6.390|0.00||||||||||||||||||||34827.85
F07Q10001579|201509|34465.96|0|103|077|||||6.390|0.00||||||||||||||||||||34465.96
F07Q10001579|201510|34102.14|0|104|076|||||6.390|0.00||||||||||||||||||||34102.14
F07Q10001579|201511|33736.38|0|105|075|||||6.390|0.00||||||||||||||||||||33736.38
F07Q10001579|201512|33368.68|0|106|074|||||6.390|0.00||||||||||||||||||||33368.68
F07Q10001579|201601|32999.02|0|107|073|||||6.390|0.00||||||||||||||||||||32999.02
F07Q10001579|201602|32627.39|0|108|072|||||6.390|0.00||||||||||||||||||||32627.39
F07Q10001579|201603|32253.78|0|109|071|||||6.390|0.00||||||||||||||||||||32253.78
F07Q10001579|201604|31878.18|0|110|070|||||6.390|0.00||||||||||||||||||||31878.18
F07Q10001579|201605|31500.58|0|111|069|||||6.390|0.00||||||||||||||||||||31500.58
F07Q10001579|201606|31120.97|0|112|068|||||6.390|0.00||||||||||||||||||||31120.97
F07Q10001579|201607|30739.34|0|113|067|||||6.390|0.00||||||||||||||||||||30739.34
F07Q10001579|201608|30355.68|0|114|066|||||6.390|0.00||||||||||||||||||||30355.68
F07Q10001579|201609|29969.97|0|115|065|||||6.390|0.00||||||||||||||||||||29969.97
F07Q10001579|201610|29582.21|0|116|064|||||6.390|0.00||||||||||||||||||||29582.21
F07Q10001579|201611|29192.39|0|117|063|||||6.390|0.00||||||||||||||||||||29192.39
F07Q10001579|201612|28800.49|0|118|062|||||6.390|0.00||||||||||||||||||||28800.49
F07Q10001579|201701|28406.50|0|119|061|||||6.390|0.00||||||||||||||||||||28406.50
F07Q10001579|201702|28010.41|0|120|060|||||6.390|0.00||||||||||||||||||||28010.41
F07Q10001579|201703|27612.22|0|121|059|||||6.390|0.00||||||||||||||||||||27612.22
F07Q10001579|201704|27211.91|0|122|058|||||6.390|0.00||||||||||||||14||||||27211.91
F07Q10001579|201705|26809.46|0|123|057|||||6.390|0.00||||||||||||||14||||||26809.46
F07Q10001579|201706|26404.87|0|124|056|||||6.390|0.00||||||||||||||15||||||26404.87
F07Q10001579|201707|25998.13|0|125|055|||||6.390|0.00||||||||||||||15||||||25998.13
F07Q10001579|201708|25589.22|0|126|054|||||6.390|0.00||||||||||||||14||||||25589.22
F07Q10001579|201709|25178.13|0|127|053|||||6.390|0.00||||||||||||||14||||||25178.13
F07Q10001579|201710|24764.85|0|128|052|||||6.390|0.00||||||||||||||13||||||24764.85
F07Q10001579|201711|24349.37|0|129|051|||||6.390|0.00||||||||||||||13||||||24349.37
F07Q10001579|201712|23931.68|0|130|050|||||6.390|0.00||||||||||||||12||||||23931.68
F07Q10001579|201801|23511.77|0|131|049|||||6.390|0.00||||||||||||||12||||||23511.77
F07Q10001579|201802|23089.62|0|132|048|||||6.390|0.00||||||||||||||11||||||23089.62
F07Q10001579|201803|22665.22|0|133|047|||||6.390|0.00||||||||||||||11||||||22665.22
F07Q10001579|201804|22238.56|0|134|046|||||6.390|0.00||||||||||||||11||||||22238.56
F07Q10001579|201805|21809.63|0|135|045|||||6.390|0.00||||||||||||||10||||||21809.63
F07Q10001579|201806|21378.42|0|136|044|||||6.390|0.00||||||||||||||10||||||21378.42
F07Q10001579|201807|20944.91|0|137|043|||||6.390|0.00||||||||||||||9||||||20944.91
F07Q10001579|201808|20509.09|0|138|042|||||6.390|0.00||||||||||||||9||||||20509.09
F07Q10001579|201809|20070.95|0|139|041|||||6.390|0.00||||||||||||||9||||||20070.95
F07Q10001579|201810|19630.48|0|140|040|||||6.390|0.00||||||||||||||9||||||19630.48
F07Q10001579|201811|19187.66|0|141|039|||||6.390|0.00||||||||||||||9||||||19187.66
F07Q10001579|201812|18742.48|0|142|038|||||6.390|0.00||||||||||||||8||||||18742.48
F07Q10001579|201901|18294.93|0|143|037|||||6.390|0.00||||||||||||||8||||||18294.93
F07Q10001579|201902|17845.00|0|144|036|||||6.390|0.00||||||||||||||8||||||17845.00
F07Q10001579|201903|17392.67|0|145|035|||||6.390|0.00||||||||||||||8||||||17392.67
F07Q10001579|201904|16937.94|0|146|034|||||6.390|0.00||||||||||||||7||||||16937.94
F07Q10001579|201905|16480.78|0|147|033|||||6.390|0.00||||||||||||||7||||||16480.78
F07Q10001579|201906|16021.19|0|148|032|||||6.390|0.00||||||||||||||7||||||16021.19
F07Q10001579|201907|15559.15|0|149|031|||||6.390|0.00||||||||||||||7||||||15559.15
F07Q10001579|201908|15094.65|0|150|030|||||6.390|0.00||||||||||||||6||||||15094.65
F07Q10001579|201909|14158.22|0|151|029|||||6.390|0.00||||||||||||||6||||||14158.22
F07Q10001579|201910|14158.22|0|152|028|||||6.390|0.00||||||||||||||6||||||14158.22
F07Q10001579|201911|13686.26|0|153|027|||||6.390|0.00||||||||||||||6||||||13686.26
F07Q10001579|201912|13211.79|0|154|026|||||6.390|0.00||||||||||||||5||||||13211.79
F07Q10001579|202001|12255.25|0|155|025|||||6.390|0.00||||||||||||||5||||||12255.25
F07Q10001579|202002|12255.25|0|156|024|||||6.390|0.00||||||||||||||5||||||12255.25
F07Q10001579|202003|11773.16|0|157|023|||||6.390|0.00||||||||||||||5||||||11773.16
F07Q10001579|202004|11288.50|0|158|022|||||6.390|0.00||||||||||||||5||||||11288.50
F07Q10001579|202005|10801.26|0|159|021|||||6.390|0.00||||||||||||||5||||||10801.26
F07Q10001579|202006|10311.43|0|160|020|||||6.390|0.00||||||||||||||4||||||10311.43
F07Q10001579|202007|9818.99|0|161|019|||||6.390|0.00||||||||||||||4||||||9818.99
F07Q10001579|202008|9323.93|0|162|018|||||6.390|0.00||||||||||||||4||||||9323.93
F07Q10001579|202009|8826.23|0|163|017|||||6.390|0.00||||||||||||||4||||||8826.23
F07Q10001579|202010|0.00|0|164|016|||01|202010|6.390|0.00|202010|||||||||||||999|8826.23|||||0.00
F07Q10001586|200704|67000.00|0|000|360|||||6.250|0.00||||||||||||||||||||67000.00
F07Q10001586|200705|67000.00|0|001|359|||||6.250|0.00||||||||||||||||||||67000.00
F07Q10001586|200706|67000.00|0|002|358|||||6.250|0.00||||||||||||||||||||67000.00
F07Q10001586|200707|67000.00|0|003|357|||||6.250|0.00||||||||||||||||||||67000.00
F07Q10001586|200708|67000.00|0|004|356|||||6.250|0.00||||||||||||||||||||67000.00
F07Q10001586|200709|67000.00|0|005|355|||||6.250|0.00||||||||||||||||||||67000.00
F07Q10001586|200710|67000.00|0|006|354|||||6.250|0.00||||||||||||||||||||67000.00
F07Q10001586|200711|66547.99|0|007|353|||||6.250|0.00||||||||||||||||||||66547.99
F07Q10001586|200712|66482.06|0|008|352|||||6.250|0.00||||||||||||||||||||66482.06
F07Q10001586|200801|66415.79|0|009|351|||||6.250|0.00||||||||||||||||||||66415.79
F07Q10001586|200802|66349.18|0|010|350|||||6.250|0.00||||||||||||||||||||66349.18
F07Q10001586|200803|66282.22|0|011|349|||||6.250|0.00||||||||||||||||||||66282.22
F07Q10001586|200804|66214.91|0|012|348|||||6.250|0.00||||||||||||||||||||66214.91
F07Q10001586|200805|66214.91|0|013|347|||||6.250|0.00||||||||||||||||||||66214.91
F07Q10001586|200806|66079.24|0|014|346|||||6.250|0.00||||||||||||||||||||66079.24
F07Q10001586|200807|66010.87|0|015|345|||||6.250|0.00||||||||||||||||||||66010.87
F07Q10001586|200808|65942.15|0|016|344|||||6.250|0.00||||||||||||||||||||65942.15
F07Q10001586|200809|65873.07|0|017|343|||||6.250|0.00||||||||||||||||||||65873.07
F07Q10001586|200810|65803.63|0|018|342|||||6.250|0.00||||||||||||||||||||65803.63
F07Q10001586|200811|65733.83|0|019|341|||||6.250|0.00||||||||||||||||||||65733.83
F07Q10001586|200812|65663.66|0|020|340|||||6.250|0.00||||||||||||||||||||65663.66
F07Q10001586|200901|65593.13|0|021|339|||||6.250|0.00||||||||||||||||||||65593.13
F07Q10001586|200902|65522.23|0|022|338|||||6.250|0.00||||||||||||||||||||65522.23
F07Q10001586|200903|65450.96|0|023|337|||||6.250|0.00||||||||||||||||||||65450.96
F07Q10001586|200904|65379.32|0|024|336|||||6.250|0.00||||||||||||||||||||65379.32
F07Q10001586|200905|65307.31|0|025|335|||||6.250|0.00||||||||||||||||||||65307.31
F07Q10001586|200906|65234.92|0|026|334|||||6.250|0.00||||||||||||||||||||65234.92
F07Q10001586|200907|65162.16|0|027|333|||||6.250|0.00||||||||||||||||||||65162.16
F07Q10001586|200908|65089.02|0|028|332|||||6.250|0.00||||||||||||||||||||65089.02
F07Q10001586|200909|65015.50|0|029|331|||||6.250|0.00||||||||||||||||||||65015.50
F07Q10001586|200910|64941.59|0|030|330|||||6.250|0.00||||||||||||||||||||64941.59
F07Q10001586|200911|64867.30|0|031|329|||||6.250|0.00||||||||||||||||||||64867.30
F07Q10001586|200912|64792.62|0|032|328|||||6.250|0.00||||||||||||||||||||64792.62
F07Q10001586|201001|64717.55|0|033|327|||||6.250|0.00||||||||||||||||||||64717.55
F07Q10001586|201002|64642.09|0|034|326|||||6.250|0.00||||||||||||||||||||64642.09
F07Q10001586|201003|64566.24|0|035|325|||||6.250|0.00||||||||||||||||||||64566.24
F07Q10001586|201004|64489.99|0|036|324|||||6.250|0.00||||||||||||||||||||64489.99
F07Q10001586|201005|64413.35|0|037|323|||||6.250|0.00||||||||||||||||||||64413.35
F07Q10001586|201006|64336.31|0|038|322|||||6.250|0.00||||||||||||||||||||64336.31
F07Q10001586|201007|64258.86|0|039|321|||||6.250|0.00||||||||||||||||||||64258.86
F07Q10001586|201008|64181.01|0|040|320|||||6.250|0.00||||||||||||||||||||64181.01
F07Q10001586|201009|64181.01|0|041|319|||||6.250|0.00||||||||||||||||||||64181.01
F07Q10001586|201010|64024.10|0|042|318|||||6.250|0.00||||||||||||||||||||64024.10
F07Q10001586|201011|63945.03|0|043|317|||||6.250|0.00||||||||||||||||||||63945.03
F07Q10001586|201012|63865.55|0|044|316|||||6.250|0.00||||||||||||||||||||63865.55
F07Q10001586|201101|63785.65|0|045|315|||||6.250|0.00||||||||||||||||||||63785.65
F07Q10001586|201102|63705.34|0|046|314|||||6.250|0.00||||||||||||||||||||63705.34
F07Q10001586|201103|63624.61|0|047|313|||||6.250|0.00||||||||||||||||||||63624.61
F07Q10001586|201104|63543.46|0|048|312|||||6.250|0.00||||||||||||||||||||63543.46
F07Q10001586|201105|63461.89|0|049|311|||||6.250|0.00||||||||||||||||||||63461.89
F07Q10001586|201106|63379.89|0|050|310|||||6.250|0.00||||||||||||||||||||63379.89
F07Q10001586|201107|63297.46|0|051|309|||||6.250|0.00||||||||||||||||||||63297.46
F07Q10001586|201108|63214.60|0|052|308|||||6.250|0.00||||||||||||||||||||63214.60
F07Q10001586|201109|63131.31|0|053|307|||||6.250|0.00||||||||||||||||||||63131.31
F07Q10001586|201110|63047.59|0|054|306|||||6.250|0.00||||||||||||||||||||63047.59
F07Q10001586|201111|62963.43|0|055|305|||||6.250|0.00||||||||||||||||||||62963.43
F07Q10001586|201112|62878.83|0|056|304|||||6.250|0.00||||||||||||||||||||62878.83
F07Q10001586|201201|62793.79|0|057|303|||||6.250|0.00||||||||||||||||||||62793.79
F07Q10001586|201202|62708.31|0|058|302|||||6.250|0.00||||||||||||||||||||62708.31
F07Q10001586|201203|62622.39|0|059|301|||||6.250|0.00||||||||||||||||||||62622.39
F07Q10001586|201204|62536.02|0|060|300|||||6.250|0.00||||||||||||||||||||62536.02
F07Q10001586|201205|62449.20|0|061|299|||||6.250|0.00||||||||||||||||||||62449.20
F07Q10001586|201206|62361.93|0|062|298|||||6.250|0.00||||||||||||||||||||62361.93
F07Q10001586|201207|62274.20|0|063|297|||||6.250|0.00||||||||||||||||||||62274.20
F07Q10001586|201208|62186.01|0|064|296|||||6.250|0.00||||||||||||||||||||62186.01
F07Q10001586|201209|62097.37|0|065|295|||||6.250|0.00||||||||||||||||||||62097.37
F07Q10001586|201210|62008.26|0|066|294|||||6.250|0.00||||||||||||||||||||62008.26
F07Q10001586|201211|61918.69|0|067|293|||||6.250|0.00||||||||||||||||||||61918.69
F07Q10001586|201212|61828.65|0|068|292|||||6.250|0.00||||||||||||||||||||61828.65
F07Q10001586|201301|61738.14|0|069|291|||||6.250|0.00||||||||||||||||||||61738.14
F07Q10001586|201302|61647.16|0|070|290|||||6.250|0.00||||||||||||||||||||61647.16
F07Q10001586|201303|61555.71|0|071|289|||||6.250|0.00||||||||||||||||||||61555.71
F07Q10001586|201304|61463.78|0|072|288|||||6.250|0.00||||||||||||||||||||61463.78
F07Q10001586|201305|61371.37|0|073|287|||||6.250|0.00||||||||||||||||||||61371.37
F07Q10001586|201306|61278.48|0|074|286|||||6.250|0.00||||||||||||||||||||61278.48
F07Q10001586|201307|61185.11|0|075|285|||||6.250|0.00||||||||||||||||||||61185.11
F07Q10001586|201308|61091.25|0|076|284|||||6.250|0.00||||||||||||||||||||61091.25
F07Q10001586|201309|60996.90|0|077|283|||||6.250|0.00||||||||||||||||||||60996.90
F07Q10001586|201310|60902.06|0|078|282|||||6.250|0.00||||||||||||||||||||60902.06
F07Q10001586|201311|60806.73|0|079|281|||||6.250|0.00||||||||||||||||||||60806.73
F07Q10001586|201312|60710.90|0|080|280|||||6.250|0.00||||||||||||||||||||60710.90
F07Q10001586|201401|60710.90|0|081|279|||||6.250|0.00||||||||||||||||||||60710.90
F07Q10001586|201402|60517.74|0|082|278|||||6.250|0.00||||||||||||||||||||60517.74
F07Q10001586|201403|60420.41|0|083|277|||||6.250|0.00||||||||||||||||||||60420.41
F07Q10001586|201404|60322.57|0|084|276|||||6.250|0.00||||||||||||||||||||60322.57
F07Q10001586|201405|60224.22|0|085|275|||||6.250|0.00||||||||||||||||||||60224.22
F07Q10001586|201406|60125.36|0|086|274|||||6.250|0.00||||||||||||||||||||60125.36
F07Q10001586|201407|60025.98|0|087|273|||||6.250|0.00||||||||||||||||||||60025.98
F07Q10001586|201408|59926.09|0|088|272|||||6.250|0.00||||||||||||||||||||59926.09
F07Q10001586|201409|59825.68|0|089|271|||||6.250|0.00||||||||||||||||||||59825.68
F07Q10001586|201410|59724.74|0|090|270|||||6.250|0.00||||||||||||||||||||59724.74
F07Q10001586|201411|59623.28|0|091|269|||||6.250|0.00||||||||||||||||||||59623.28
F07Q10001586|201412|59521.29|0|092|268|||||6.250|0.00||||||||||||||||||||59521.29
F07Q10001586|201501|59418.77|0|093|267|||||6.250|0.00||||||||||||||||||||59418.77
F07Q10001586|201502|59315.71|0|094|266|||||6.250|0.00||||||||||||||||||||59315.71
F07Q10001586|201503|59212.12|0|095|265|||||6.250|0.00||||||||||||||||||||59212.12
F07Q10001586|201504|59107.99|0|096|264|||||6.250|0.00||||||||||||||||||||59107.99
F07Q10001586|201505|59003.31|0|097|263|||||6.250|0.00||||||||||||||||||||59003.31
F07Q10001586|201506|58898.09|0|098|262|||||6.250|0.00||||||||||||||||||||58898.09
F07Q10001586|201507|58898.09|0|099|261|||||6.250|0.00||||||||||||||||||||58898.09
F07Q10001586|201508|58686.00|0|100|260|||||6.250|0.00||||||||||||||||||||58686.00
F07Q10001586|201509|58579.13|0|101|259|||||6.250|0.00||||||||||||||||||||58579.13
F07Q10001586|201510|58471.70|0|102|258|||||6.250|0.00||||||||||||||||||||58471.70
F07Q10001586|201511|58363.71|0|103|257|||||6.250|0.00||||||||||||||||||||58363.71
F07Q10001586|201512|58363.71|0|104|256|||||6.250|0.00||||||||||||||||||||58363.71
F07Q10001586|201601|58146.04|0|105|255|||||6.250|0.00||||||||||||||||||||58146.04
F07Q10001586|201602|58036.35|0|106|254|||||6.250|0.00||||||||||||||||||||58036.35
F07Q10001586|201603|57926.09|0|107|253|||||6.250|0.00||||||||||||||||||||57926.09
F07Q10001586|201604|57815.26|0|108|252|||||6.250|0.00||||||||||||||||||||57815.26
F07Q10001586|201605|57703.85|0|109|251|||||6.250|0.00||||||||||||||||||||57703.85
F07Q10001586|201606|57703.85|0|110|250|||||6.250|0.00||||||||||||||||||||57703.85
F07Q10001586|201607|57479.29|0|111|249|||||6.250|0.00||||||||||||||||||||57479.29
F07Q10001586|201608|57366.13|0|112|248|||||6.250|0.00||||||||||||||||||||57366.13
F07Q10001586|201609|57252.38|0|113|247|||||6.250|0.00||||||||||||||||||||57252.38
F07Q10001586|201610|57138.04|0|114|246|||||6.250|0.00||||||||||||||||||||57138.04
F07Q10001586|201611|57023.10|0|115|245|||||6.250|0.00||||||||||||||||||||57023.10
F07Q10001586|201612|56907.57|0|116|244|||||6.250|0.00||||||||||||||||||||56907.57
F07Q10001586|201701|56791.43|0|117|243|||||6.250|0.00||||||||||||||||||||56791.43
F07Q10001586|201702|56674.69|0|118|242|||||6.250|0.00||||||||||||||||||||56674.69
F07Q10001586|201703|56557.34|0|119|241|||||6.250|0.00||||||||||||||||||||56557.34
F07Q10001586|201704|56439.38|0|120|240|||||6.250|0.00||||||||||||||50||||||56439.38
F07Q10001586|201705|56320.81|0|121|239|||||6.250|0.00||||||||||||||51||||||56320.81
F07Q10001586|201706|56201.62|0|122|238|||||6.250|0.00||||||||||||||50||||||56201.62
F07Q10001586|201707|56081.81|0|123|237|||||6.250|0.00||||||||||||||47||||||56081.81
F07Q10001586|201708|55961.37|0|124|236|||||6.250|0.00||||||||||||||49||||||55961.37
F07Q10001586|201709|55840.31|0|125|235|||||6.250|0.00||||||||||||||47||||||55840.31
F07Q10001586|201710|55718.61|0|126|234|||||6.250|0.00||||||||||||||47||||||55718.61
F07Q10001586|201711|55718.61|0|127|233|||||6.250|0.00||||||||||||||48||||||55718.61
F07Q10001586|201712|55473.31|0|128|232|||||6.250|0.00||||||||||||||50||||||55473.31
F07Q10001586|201801|55349.70|0|129|231|||||6.250|0.00||||||||||||||47||||||55349.70
F07Q10001586|201802|55225.45|0|130|230|||||6.250|0.00||||||||||||||46||||||55225.45
F07Q10001586|201803|55100.55|0|131|229|||||6.250|0.00||||||||||||||47||||||55100.55
F07Q10001586|201804|54975.00|0|132|228|||||6.250|0.00||||||||||||||45||||||54975.00
F07Q10001586|201805|54848.80|0|133|227|||||6.250|0.00||||||||||||||44||||||54848.80
F07Q10001586|201806|54721.94|0|134|226|||||6.250|0.00||||||||||||||46||||||54721.94
F07Q10001586|201807|54594.42|0|135|225|||||6.250|0.00||||||||||||||45||||||54594.42
F07Q10001586|201808|54466.24|0|136|224|||||6.250|0.00||||||||||||||48||||||54466.24
F07Q10001586|201809|54337.39|0|137|223|||||6.250|0.00||||||||||||||51||||||54337.39
F07Q10001586|201810|54207.87|0|138|222|||||6.250|0.00||||||||||||||48||||||54207.87
F07Q10001586|201811|54077.67|0|139|221|||||6.250|0.00||||||||||||||49||||||54077.67
F07Q10001586|201812|53946.79|0|140|220|||||6.250|0.00||||||||||||||49||||||53946.79
F07Q10001586|201901|53815.23|0|141|219|||||6.250|0.00||||||||||||||49||||||53815.23
F07Q10001586|201902|53682.99|0|142|218|||||6.250|0.00||||||||||||||50||||||53682.99
F07Q10001586|201903|53550.06|0|143|217|||||6.250|0.00||||||||||||||49||||||53550.06
F07Q10001586|201904|53416.44|0|144|216|||||6.250|0.00||||||||||||||48||||||53416.44
F07Q10001586|201905|53282.12|0|145|215|||||6.250|0.00||||||||||||||46||||||53282.12
F07Q10001586|201906|53147.10|0|146|214|||||6.250|0.00||||||||||||||47||||||53147.10
F07Q10001586|201907|53011.38|0|147|213|||||6.250|0.00||||||||||||||44||||||53011.38
F07Q10001586|201908|52874.95|0|148|212|||||6.250|0.00||||||||||||||44||||||52874.95
F07Q10001586|201909|52737.81|0|149|211|||||6.250|0.00||||||||||||||43||||||52737.81
F07Q10001586|201910|52599.96|0|150|210|||||6.250|0.00||||||||||||||42||||||52599.96
F07Q10001586|201911|52461.39|0|151|209|||||6.250|0.00||||||||||||||42||||||52461.39
F07Q10001586|201912|52322.10|0|152|208|||||6.250|0.00||||||||||||||43||||||52322.10
F07Q10001586|202001|52182.08|0|153|207|||||6.250|0.00||||||||||||||42||||||52182.08
F07Q10001586|202002|52041.33|0|154|206|||||6.250|0.00||||||||||||||42||||||52041.33
F07Q10001586|202003|51899.85|0|155|205|||||6.250|0.00||||||||||||||39||||||51899.85
F07Q10001586|202004|51757.63|0|156|204|||||6.250|0.00||||||||||||||41||||||51757.63
F07Q10001586|202005|51614.67|0|157|203|||||6.250|0.00||||||||||||||41||||||51614.67
F07Q10001586|202006|51470.97|0|158|202|||||6.250|0.00||||||||||||||39||||||51470.97
F07Q10001586|202007|51326.52|0|159|201|||||6.250|0.00||||||||||||||39||||||51326.52
F07Q10001586|202008|51181.32|0|160|200|||||6.250|0.00||||||||||||||41||||||51181.32
F07Q10001586|202009|51035.36|0|161|199|||||6.250|0.00||||||||||||||39||||||51035.36
F07Q10001586|202010|50888.64|0|162|198|||||6.250|0.00||||||||||||||37||||||50888.64
F07Q10001586|202011|50741.16|0|163|197|||||6.250|0.00||||||||||||||36||||||50741.16
F07Q10001586|202012|50592.91|0|164|196|||||6.250|0.00||||||||||||||35||||||50592.91
F07Q10001586|202101|50443.88|0|165|195|||||6.250|0.00||||||||||||||36||||||50443.88
F07Q10001586|202102|50294.08|0|166|194|||||6.250|0.00||||||||||||||35||||||50294.08
F07Q10001586|202103|50143.50|0|167|193|||||6.250|0.00||||||||||||||36||||||50143.50
F07Q10001586|202104|49992.13|0|168|192|||||6.250|0.00||||||||||||||37||||||49992.13
F07Q10001586|202105|49839.98|0|169|191|||||6.250|0.00||||||||||||||36||||||49839.98
F07Q10001586|202106|0.00|0|170|190|||01|202106|6.250|0.00|202105|||||||||||||999|49839.98|||||0.00
F07Q10001622|200701|369000.00|0|000|360|||||6.000|0.00||||||||||||||||||||369000.00
F07Q10001622|200702|369000.00|0|001|359|||||6.000|0.00||||||||||||||||||||369000.00
F07Q10001622|200703|368000.00|0|002|358|||||6.000|0.00||||||||||||||||||||368000.00
F07Q10001622|200704|368000.00|0|003|357|||||6.000|0.00||||||||||||||||||||368000.00
F07Q10001622|200705|368000.00|0|004|356|||||6.000|0.00||||||||||||||||||||368000.00
F07Q10001622|200706|367000.00|0|005|355|||||6.000|0.00||||||||||||||||||||367000.00
F07Q10001622|200707|367000.00|0|006|354|||||6.000|0.00||||||||||||||||||||367000.00
F07Q10001622|200708|366389.72|0|007|353|||||6.000|0.00||||||||||||||||||||366389.72
F07Q10001622|200709|366009.33|0|008|352|||||6.000|0.00||||||||||||||||||||366009.33
F07Q10001622|200710|365627.04|0|009|351|||||6.000|0.00||||||||||||||||||||365627.04
F07Q10001622|200711|365242.84|0|010|350|||||6.000|0.00||||||||||||||||||||365242.84
F07Q10001622|200712|364856.71|0|011|349|||||6.000|0.00||||||||||||||||||||364856.71
F07Q10001622|200801|364468.65|0|012|348|||||6.000|0.00||||||||||||||||||||364468.65
F07Q10001622|200802|364078.65|0|013|347|||||6.000|0.00||||||||||||||||||||364078.65
F07Q10001622|200803|363686.70|0|014|346|||||6.000|0.00||||||||||||||||||||363686.70
F07Q10001622|200804|363292.79|0|015|345|||||6.000|0.00||||||||||||||||||||363292.79
F07Q10001622|200805|362896.91|0|016|344|||||6.000|0.00||||||||||||||||||||362896.91
F07Q10001622|200806|362499.05|0|017|343|||||6.000|0.00||||||||||||||||||||362499.05
F07Q10001622|200807|362099.21|0|018|342|||||6.000|0.00||||||||||||||||||||362099.21
F07Q10001622|200808|361697.37|0|019|341|||||6.000|0.00||||||||||||||||||||361697.37
F07Q10001622|200809|361293.52|0|020|340|||||6.000|0.00||||||||||||||||||||361293.52
F07Q10001622|200810|360887.65|0|021|339|||||6.000|0.00||||||||||||||||||||360887.65
F07Q10001622|200811|360479.75|0|022|338|||||6.000|0.00||||||||||||||||||||360479.75
F07Q10001622|200812|360069.81|0|023|337|||||6.000|0.00||||||||||||||||||||360069.81
F07Q10001622|200901|359657.82|0|024|336|||||6.000|0.00||||||||||||||||||||359657.82
F07Q10001622|200902|359243.77|0|025|335|||||6.000|0.00||||||||||||||||||||359243.77
F07Q10001622|200903|358827.65|0|026|334|||||6.000|0.00||||||||||||||||||||358827.65
F07Q10001622|200904|358409.45|0|027|333|||||6.000|0.00||||||||||||||||||||358409.45
F07Q10001622|200905|357989.16|0|028|332|||||6.000|0.00||||||||||||||||||||357989.16
F07Q10001622|200906|357566.77|0|029|331|||||6.000|0.00||||||||||||||||||||357566.77
F07Q10001622|200907|357142.26|0|030|330|||||6.000|0.00||||||||||||||||||||357142.26
F07Q10001622|200908|357142.26|0|031|329|||||6.000|0.00||||||||||||||||||||357142.26
F07Q10001622|200909|356286.87|0|032|328|||||6.000|0.00||||||||||||||||||||356286.87
F07Q10001622|200910|355855.96|0|033|327|||||6.000|0.00||||||||||||||||||||355855.96
F07Q10001622|200911|355422.90|0|034|326|||||6.000|0.00||||||||||||||||||||355422.90
F07Q10001622|200912|354987.67|0|035|325|||||6.000|0.00||||||||||||||||||||354987.67
F07Q10001622|201001|354550.27|0|036|324|||||6.000|0.00||||||||||||||||||||354550.27
F07Q10001622|201002|354110.68|0|037|323|||||6.000|0.00||||||||||||||||||||354110.68
F07Q10001622|201003|353518.89|0|038|322|||||6.000|0.00||||||||||||||||||||353518.89
F07Q10001622|201004|352874.25|0|039|321|||||6.000|0.00||||||||||||||||||||352874.25
F07Q10001622|201005|352326.55|0|040|320|||||6.000|0.00||||||||||||||||||||352326.55
F07Q10001622|201006|351876.06|0|041|319|||||6.000|0.00||||||||||||||||||||351876.06
F07Q10001622|201007|351423.10|0|042|318|||||6.000|0.00||||||||||||||||||||351423.10
F07Q10001622|201008|350967.88|0|043|317|||||6.000|0.00||||||||||||||||||||350967.88
F07Q10001622|201009|350510.38|0|044|316|||||6.000|0.00||||||||||||||||||||350510.38
F07Q10001622|201010|350050.59|0|045|315|||||6.000|0.00||||||||||||||||||||350050.59
F07Q10001622|201011|349488.50|0|046|314|||||6.000|0.00||||||||||||||||||||349488.50
F07Q10001622|201012|349023.75|0|047|313|||||6.000|0.00||||||||||||||||||||349023.75
F07Q10001622|201101|349023.75|0|048|312|||||6.000|0.00||||||||||||||||||||349023.75
F07Q10001622|201102|348086.97|0|049|311|||||6.000|0.00||||||||||||||||||||348086.97
F07Q10001622|201103|0.00|0|050|310|||01|201103|6.000|0.00|||||||||||||||348086.97|||||0.00
F07Q10001726|200702|108000.00|0|000|360|||||6.250|0.00||||||||||||||||||||108000.00
F07Q10001726|200703|108000.00|0|001|359|||||6.250|0.00||||||||||||||||||||108000.00
F07Q10001726|200704|108000.00|0|002|358|||||6.250|0.00||||||||||||||||||||108000.00
F07Q10001726|200705|108000.00|0|003|357|||||6.250|0.00||||||||||||||||||||108000.00
F07Q10001726|200706|108000.00|0|004|356|||||6.250|0.00||||||||||||||||||||108000.00
F07Q10001726|200707|108000.00|0|005|355|||||6.250|0.00||||||||||||||||||||108000.00
F07Q10001726|200708|108000.00|0|006|354|||||6.250|0.00||||||||||||||||||||108000.00
F07Q10001726|200709|107468.78|0|007|353|||||6.250|0.00||||||||||||||||||||107468.78
F07Q10001726|200710|107361.69|0|008|352|||||6.250|0.00||||||||||||||||||||107361.69
F07Q10001726|200711|107254.05|0|009|351|||||6.250|0.00||||||||||||||||||||107254.05
F07Q10001726|200712|107145.84|0|010|350|||||6.250|0.00||||||||||||||||||||107145.84
F07Q10001726|200801|107037.07|0|011|349|||||6.250|0.00||||||||||||||||||||107037.07
F07Q10001726|200802|106924.55|0|012|348|||||6.250|0.00||||||||||||||||||||106924.55
F07Q10001726|200803|106814.65|0|013|347|||||6.250|0.00||||||||||||||||||||106814.65
F07Q10001726|200804|106700.98|0|014|346|||||6.250|0.00||||||||||||||||||||106700.98
F07Q10001726|200805|106556.73|0|015|345|||||6.250|0.00||||||||||||||||||||106556.73
F07Q10001726|200806|106445.07|0|016|344|||||6.250|0.00||||||||||||||||||||106445.07
F07Q10001726|200807|106332.65|0|017|343|||||6.250|0.00||||||||||||||||||||106332.65
F07Q10001726|200808|106219.65|0|018|342|||||6.250|0.00||||||||||||||||||||106219.65
F07Q10001726|200809|106106.06|0|019|341|||||6.250|0.00||||||||||||||||||||106106.06
F07Q10001726|200810|105991.88|0|020|340|||||6.250|0.00||||||||||||||||||||105991.88
F07Q10001726|200811|105877.10|0|021|339|||||6.250|0.00||||||||||||||||||||105877.10
F07Q10001726|200812|105758.54|0|022|338|||||6.250|0.00||||||||||||||||||||105758.54
F07Q10001726|200901|105629.38|0|023|337|||||6.250|0.00||||||||||||||||||||105629.38
F07Q10001726|200902|105512.71|0|024|336|||||6.250|0.00||||||||||||||||||||105512.71
F07Q10001726|200903|105295.26|0|025|335|||||6.250|0.00||||||||||||||||||||105295.26
F07Q10001726|200904|105177.37|0|026|334|||||6.250|0.00||||||||||||||||||||105177.37
F07Q10001726|200905|105055.17|0|027|333|||||6.250|0.00||||||||||||||||||||105055.17
F07Q10001726|200906|104932.35|0|028|332|||||6.250|0.00||||||||||||||||||||104932.35
F07Q10001726|200907|104812.07|0|029|331|||||6.250|0.00||||||||||||||||||||104812.07
F07Q10001726|200908|104691.15|0|030|330|||||6.250|0.00||||||||||||||||||||104691.15
F07Q10001726|200909|104566.42|0|031|329|||||6.250|0.00||||||||||||||||||||104566.42
F07Q10001726|200910|104441.05|0|032|328|||||6.250|0.00||||||||||||||||||||104441.05
F07Q10001726|200911|104295.03|0|033|327|||||6.250|0.00||||||||||||||||||||104295.03
F07Q10001726|200912|104138.35|0|034|326|||||6.250|0.00||||||||||||||||||||104138.35
F07Q10001726|201001|104014.09|0|035|325|||||6.250|0.00||||||||||||||||||||104014.09
F07Q10001726|201002|103855.83|0|036|324|||||6.250|0.00||||||||||||||||||||103855.83
F07Q10001726|201003|103730.10|0|037|323|||||6.250|0.00||||||||||||||||||||103730.10
F07Q10001726|201004|103600.36|0|038|322|||||6.250|0.00||||||||||||||||||||103600.36
F07Q10001726|201005|103339.96|0|039|321|||||6.250|0.00||||||||||||||||||||103339.96
F07Q10001726|201006|103212.06|0|040|320|||||6.250|0.00||||||||||||||||||||103212.06
F07Q10001726|201007|103082.80|0|041|319|||||6.250|0.00||||||||||||||||||||103082.80
F07Q10001726|201008|102919.69|0|042|318|||||6.250|0.00||||||||||||||||||||102919.69
F07Q10001726|201009|102655.90|0|043|317|||||6.250|0.00||||||||||||||||||||102655.90
F07Q10001726|201010|102524.44|0|044|316|||||6.250|0.00||||||||||||||||||||102524.44
F07Q10001726|201011|102358.42|0|045|315|||||6.250|0.00||||||||||||||||||||102358.42
F07Q10001726|201012|0.00|0|046|314|||01|201012|6.250|0.00|||||||||||||||102358.42|||||0.00
F07Q10001727|200702|120000.00|0|000|360|||||6.500|0.00||||||||||||||||||||120000.00
F07Q10001727|200703|120000.00|0|001|359|||||6.500|0.00||||||||||||||||||||120000.00
F07Q10001727|200704|120000.00|0|002|358|||||6.500|0.00||||||||||||||||||||120000.00
F07Q10001727|200705|120000.00|0|003|357|||||6.500|0.00||||||||||||||||||||120000.00
F07Q10001727|200706|119000.00|0|004|356|||||6.500|0.00||||||||||||||||||||119000.00
F07Q10001727|200707|119000.00|0|005|355|||||6.500|0.00||||||||||||||||||||119000.00
F07Q10001727|200708|119000.00|0|006|354|||||6.500|0.00||||||||||||||||||||119000.00
F07Q10001727|200709|118983.59|0|007|353|||||6.500|0.00||||||||||||||||||||118983.59
F07Q10001727|200710|118835.22|0|008|352|||||6.500|0.00||||||||||||||||||||118835.22
F07Q10001727|200711|118686.05|0|009|351|||||6.500|0.00||||||||||||||||||||118686.05
F07Q10001727|200712|118536.07|0|010|350|||||6.500|0.00||||||||||||||||||||118536.07
F07Q10001727|200801|118385.28|0|011|349|||||6.500|0.00||||||||||||||||||||118385.28
F07Q10001727|200802|118233.67|0|012|348|||||6.500|0.00||||||||||||||||||||118233.67
F07Q10001727|200803|118081.24|0|013|347|||||6.500|0.00||||||||||||||||||||118081.24
F07Q10001727|200804|117927.99|0|014|346|||||6.500|0.00||||||||||||||||||||117927.99
F07Q10001727|200805|117751.71|0|015|345|||||6.500|0.00||||||||||||||||||||117751.71
F07Q10001727|200806|117574.47|0|016|344|||||6.500|0.00||||||||||||||||||||117574.47
F07Q10001727|200807|117396.27|0|017|343|||||6.500|0.00||||||||||||||||||||117396.27
F07Q10001727|200808|117217.11|0|018|342|||||6.500|0.00||||||||||||||||||||117217.11
F07Q10001727|200809|117036.98|0|019|341|||||6.500|0.00||||||||||||||||||||117036.98
F07Q10001727|200810|116855.87|0|020|340|||||6.500|0.00||||||||||||||||||||116855.87
F07Q10001727|200811|116673.78|0|021|339|||||6.500|0.00||||||||||||||||||||116673.78
F07Q10001727|200812|116490.70|0|022|338|||||6.500|0.00||||||||||||||||||||116490.70
F07Q10001727|200901|116306.63|0|023|337|||||6.500|0.00||||||||||||||||||||116306.63
F07Q10001727|200902|116121.56|0|024|336|||||6.500|0.00||||||||||||||||||||116121.56
F07Q10001727|200903|115935.49|0|025|335|||||6.500|0.00||||||||||||||||||||115935.49
F07Q10001727|200904|115748.41|0|026|334|||||6.500|0.00||||||||||||||||||||115748.41
F07Q10001727|200905|115561.68|0|027|333|||||6.500|0.00||||||||||||||||||||115561.68
F07Q10001727|200906|115373.94|0|028|332|||||6.500|0.00||||||||||||||||||||115373.94
F07Q10001727|200907|115185.18|0|029|331|||||6.500|0.00||||||||||||||||||||115185.18
F07Q10001727|200908|114995.40|0|030|330|||||6.500|0.00||||||||||||||||||||114995.40
F07Q10001727|200909|114804.59|0|031|329|||||6.500|0.00||||||||||||||||||||114804.59
F07Q10001727|200910|114612.75|0|032|328|||||6.500|0.00||||||||||||||||||||114612.75
F07Q10001727|200911|114419.87|0|033|327|||||6.500|0.00||||||||||||||||||||114419.87
F07Q10001727|200912|114225.94|0|034|326|||||6.500|0.00||||||||||||||||||||114225.94
F07Q10001727|201001|114086.18|0|035|325|||||6.500|0.00||||||||||||||||||||114086.18
F07Q10001727|201002|114086.18|0|036|324|||||6.500|0.00||||||||||||||||||||114086.18
F07Q10001727|201003|113945.67|0|037|323|||||6.500|0.00||||||||||||||||||||113945.67
F07Q10001727|201004|113804.40|0|038|322|||||6.500|0.00||||||||||||||||||||113804.40
F07Q10001727|201005|113519.36|0|039|321|||||6.500|0.00||||||||||||||||||||113519.36
F07Q10001727|201006|113519.36|0|040|320|||||6.500|0.00||||||||||||||||||||113519.36
F07Q10001727|201007|113371.59|0|041|319|||||6.500|0.00||||||||||||||||||||113371.59
F07Q10001727|201008|113077.68|0|042|318|||||6.500|0.00||||||||||||||||||||113077.68
F07Q10001727|201009|112927.51|0|043|317|||||6.500|0.00||||||||||||||||||||112927.51
F07Q10001727|201010|112776.53|0|044|316|||||6.500|0.00||||||||||||||||||||112776.53
F07Q10001727|201011|112628.92|0|045|315|||||6.500|0.00||||||||||||||||||||112628.92
F07Q10001727|201012|112480.51|0|046|314|||||6.500|0.00||||||||||||||||||||112480.51
F07Q10001727|201101|112331.30|0|047|313|||||6.500|0.00||||||||||||||||||||112331.30
F07Q10001727|201102|112331.30|0|048|312|||||6.500|0.00||||||||||||||||||||112331.30
F07Q10001727|201103|112009.50|0|049|311|||||6.500|0.00||||||||||||||||||||112009.50
F07Q10001727|201104|111853.55|0|050|310|||||6.500|0.00||||||||||||||||||||111853.55
F07Q10001727|201105|111673.07|0|051|309|||||6.500|0.00||||||||||||||||||||111673.07
F07Q10001727|201106|111491.62|0|052|308|||||6.500|0.00||||||||||||||||||||111491.62
F07Q10001727|201107|111491.62|0|053|307|||||6.500|0.00||||||||||||||||||||111491.62
F07Q10001727|201108|111181.65|0|054|306|||||6.500|0.00||||||||||||||||||||111181.65
F07Q10001727|201109|111025.40|0|055|305|||||6.500|0.00||||||||||||||||||||111025.40
F07Q10001727|201110|111025.40|0|056|304|||||6.500|0.00||||||||||||||||||||111025.40
F07Q10001727|201111|110710.37|0|057|303|||||6.500|0.00||||||||||||||||||||110710.37
F07Q10001727|201112|110551.57|0|058|302|||||6.500|0.00||||||||||||||||||||110551.57
F07Q10001727|201201|110551.57|0|059|301|||||6.500|0.00||||||||||||||||||||110551.57
F07Q10001727|201202|110231.39|0|060|300|||||6.500|0.00||||||||||||||||||||110231.39
F07Q10001727|201203|110231.39|0|061|299|||||6.500|0.00||||||||||||||||||||110231.39
F07Q10001727|201204|110070.00|0|062|298|||||6.500|0.00||||||||||||||||||||110070.00
F07Q10001727|201205|109907.73|0|063|297|||||6.500|0.00||||||||||||||||||||109907.73
F07Q10001727|201206|109580.55|0|064|296|||||6.500|0.00||||||||||||||||||||109580.55
F07Q10001727|201207|109580.55|0|065|295|||||6.500|0.00||||||||||||||||||||109580.55
F07Q10001727|201208|109249.82|0|066|294|||||6.500|0.00||||||||||||||||||||109249.82
F07Q10001727|201209|109083.11|0|067|293|||||6.500|0.00||||||||||||||||||||109083.11
F07Q10001727|201210|0.00|0|068|292|||01|201210|6.500|0.00|||||||||||||||109083.11|||||0.00
F07Q10001758|200702|109000.00|0|000|360|||||6.125|0.00||||||||||||||||||||109000.00
F07Q10001758|200703|109000.00|0|001|359|||||6.125|0.00||||||||||||||||||||109000.00
F07Q10001758|200704|109000.00|0|002|358|||||6.125|0.00||||||||||||||||||||109000.00
F07Q10001758|200705|109000.00|0|003|357|||||6.125|0.00||||||||||||||||||||109000.00
F07Q10001758|200706|109000.00|0|004|356|||||6.125|0.00||||||||||||||||||||109000.00
F07Q10001758|200707|109000.00|0|005|355|||||6.125|0.00||||||||||||||||||||109000.00
F07Q10001758|200708|109000.00|0|006|354|||||6.125|0.00||||||||||||||||||||109000.00
F07Q10001758|200709|108518.86|0|007|353|||||6.125|0.00||||||||||||||||||||108518.86
F07Q10001758|200710|108404.39|0|008|352|||||6.125|0.00||||||||||||||||||||108404.39
F07Q10001758|200711|108289.34|0|009|351|||||6.125|0.00||||||||||||||||||||108289.34
F07Q10001758|200712|108173.69|0|010|350|||||6.125|0.00||||||||||||||||||||108173.69
F07Q10001758|200801|0.00|0|011|349|||01|200801|6.125|0.00|||||||||||||||108173.69|||||0.00
F07Q10001829|200702|292000.00|0|000|360|||||5.375|0.00||||||||||||||||||||292000.00
F07Q10001829|200703|292000.00|0|001|359|||||5.375|0.00||||||||||||||||||||292000.00
F07Q10001829|200704|291000.00|0|002|358|||||5.375|0.00||||||||||||||||||||291000.00
F07Q10001829|200705|291000.00|0|003|357|||||5.375|0.00||||||||||||||||||||291000.00
F07Q10001829|200706|291000.00|0|004|356|||||5.375|0.00||||||||||||||||||||291000.00
F07Q10001829|200707|290000.00|0|005|355|||||5.375|0.00||||||||||||||||||||290000.00
F07Q10001829|200708|290000.00|0|006|354|||||5.375|0.00||||||||||||||||||||290000.00
F07Q10001829|200709|289678.56|0|007|353|||||5.375|0.00||||||||||||||||||||289678.56
F07Q10001829|200710|289340.96|0|008|352|||||5.375|0.00||||||||||||||||||||289340.96
F07Q10001829|200711|289001.85|0|009|351|||||5.375|0.00||||||||||||||||||||289001.85
F07Q10001829|200712|288661.22|0|010|350|||||5.375|0.00||||||||||||||||||||288661.22
F07Q10001829|200801|288319.06|0|011|349|||||5.375|0.00||||||||||||||||||||288319.06
F07Q10001829|200802|287975.37|0|012|348|||||5.375|0.00||||||||||||||||||||287975.37
F07Q10001829|200803|287630.14|0|013|347|||||5.375|0.00||||||||||||||||||||287630.14
F07Q10001829|200804|287283.36|0|014|346|||||5.375|0.00||||||||||||||||||||287283.36
F07Q10001829|200805|286935.03|0|015|345|||||5.375|0.00||||||||||||||||||||286935.03
F07Q10001829|200806|286585.14|0|016|344|||||5.375|0.00||||||||||||||||||||286585.14
F07Q10001829|200807|286233.68|0|017|343|||||5.375|0.00||||||||||||||||||||286233.68
F07Q10001829|200808|285880.65|0|018|342|||||5.375|0.00||||||||||||||||||||285880.65
F07Q10001829|200809|285526.04|0|019|341|||||5.375|0.00||||||||||||||||||||285526.04
F07Q10001829|200810|285169.84|0|020|340|||||5.375|0.00||||||||||||||||||||285169.84
F07Q10001829|200811|284812.04|0|021|339|||||5.375|0.00||||||||||||||||||||284812.04
F07Q10001829|200812|284452.64|0|022|338|||||5.375|0.00||||||||||||||||||||284452.64
F07Q10001829|200901|284091.63|0|023|337|||||5.375|0.00||||||||||||||||||||284091.63
F07Q10001829|200902|283729.00|0|024|336|||||5.375|0.00||||||||||||||||||||283729.00
F07Q10001829|200903|283364.75|0|025|335|||||5.375|0.00||||||||||||||||||||283364.75
F07Q10001829|200904|282998.87|0|026|334|||||5.375|0.00||||||||||||||||||||282998.87
F07Q10001829|200905|282631.35|0|027|333|||||5.375|0.00||||||||||||||||||||282631.35
F07Q10001829|200906|282262.18|0|028|332|||||5.375|0.00||||||||||||||||||||282262.18
F07Q10001829|200907|281891.36|0|029|331|||||5.375|0.00||||||||||||||||||||281891.36
F07Q10001829|200908|281518.88|0|030|330|||||5.375|0.00||||||||||||||||||||281518.88
F07Q10001829|200909|281144.73|0|031|329|||||5.375|0.00||||||||||||||||||||281144.73
F07Q10001829|200910|280768.90|0|032|328|||||5.375|0.00||||||||||||||||||||280768.90
F07Q10001829|200911|280391.39|0|033|327|||||5.375|0.00||||||||||||||||||||280391.39
F07Q10001829|200912|280012.19|0|034|326|||||5.375|0.00||||||||||||||||||||280012.19
F07Q10001829|201001|279631.29|0|035|325|||||5.375|0.00||||||||||||||||||||279631.29
F07Q10001829|201002|279248.69|0|036|324|||||5.375|0.00||||||||||||||||||||279248.69
F07Q10001829|201003|278864.37|0|037|323|||||5.375|0.00||||||||||||||||||||278864.37
F07Q10001829|201004|278478.33|0|038|322|||||5.375|0.00||||||||||||||||||||278478.33
F07Q10001829|201005|278090.56|0|039|321|||||5.375|0.00||||||||||||||||||||278090.56
F07Q10001829|201006|277701.05|0|040|320|||||5.375|0.00||||||||||||||||||||277701.05
F07Q10001829|201007|277309.80|0|041|319|||||5.375|0.00||||||||||||||||||||277309.80
F07Q10001829|201008|276916.80|0|042|318|||||5.375|0.00||||||||||||||||||||276916.80
F07Q10001829|201009|276522.04|0|043|317|||||5.375|0.00||||||||||||||||||||276522.04
F07Q10001829|201010|276125.51|0|044|316|||||5.375|0.00||||||||||||||||||||276125.51
F07Q10001829|201011|275727.20|0|045|315|||||5.375|0.00||||||||||||||||||||275727.20
F07Q10001829|201012|275327.11|0|046|314|||||5.375|0.00||||||||||||||||||||275327.11
F07Q10001829|201101|274925.23|0|047|313|||||5.375|0.00||||||||||||||||||||274925.23
F07Q10001829|201102|274521.55|0|048|312|||||5.375|0.00||||||||||||||||||||274521.55
F07Q10001829|201103|274116.06|0|049|311|||||5.375|0.00||||||||||||||||||||274116.06
F07Q10001829|201104|273708.75|0|050|310|||||5.375|0.00||||||||||||||||||||273708.75
F07Q10001829|201105|273299.62|0|051|309|||||5.375|0.00||||||||||||||||||||273299.62
F07Q10001829|201106|272888.65|0|052|308|||||5.375|0.00||||||||||||||||||||272888.65
F07Q10001829|201107|272475.84|0|053|307|||||5.375|0.00||||||||||||||||||||272475.84
F07Q10001829|201108|272061.18|0|054|306|||||5.375|0.00||||||||||||||||||||272061.18
F07Q10001829|201109|271644.67|0|055|305|||||5.375|0.00||||||||||||||||||||271644.67
F07Q10001829|201110|271226.29|0|056|304|||||5.375|0.00||||||||||||||||||||271226.29
F07Q10001829|201111|270806.04|0|057|303|||||5.375|0.00||||||||||||||||||||270806.04
F07Q10001829|201112|270383.91|0|058|302|||||5.375|0.00||||||||||||||||||||270383.91
F07Q10001829|201201|269959.88|0|059|301|||||5.375|0.00||||||||||||||||||||269959.88
F07Q10001829|201202|269533.96|0|060|300|||||5.375|0.00||||||||||||||||||||269533.96
F07Q10001829|201203|269106.13|0|061|299|||||5.375|0.00||||||||||||||||||||269106.13
F07Q10001829|201204|268676.38|0|062|298|||||5.375|0.00||||||||||||||||||||268676.38
F07Q10001829|201205|268244.71|0|063|297|||||5.375|0.00||||||||||||||||||||268244.71
F07Q10001829|201206|267811.10|0|064|296|||||5.375|0.00||||||||||||||||||||267811.10
F07Q10001829|201207|267375.55|0|065|295|||||5.375|0.00||||||||||||||||||||267375.55
F07Q10001829|201208|266938.05|0|066|294|||||5.375|0.00||||||||||||||||||||266938.05
F07Q10001829|201209|266498.59|0|067|293|||||5.375|0.00||||||||||||||||||||266498.59
F07Q10001829|201210|0.00|0|068|292|||01|201210|5.375|0.00|||||||||||||||266498.59|||||0.00
F07Q10001887|200702|144000.00|0|000|360|||||6.875|0.00||||||||||||||||||||144000.00
F07Q10001887|200703|144000.00|0|001|359|||||6.875|0.00||||||||||||||||||||144000.00
F07Q10001887|200704|144000.00|0|002|358|||||6.875|0.00||||||||||||||||||||144000.00
F07Q10001887|200705|144000.00|0|003|357|||||6.875|0.00||||||||||||||||||||144000.00
F07Q10001887|200706|143000.00|0|004|356|||||6.875|0.00||||||||||||||||||||143000.00
F07Q10001887|200707|143000.00|0|005|355|||||6.875|0.00||||||||||||||||||||143000.00
F07Q10001887|200708|143000.00|0|006|354|||||6.875|0.00||||||||||||||||||||143000.00
F07Q10001887|200709|142972.36|0|007|353|||||6.875|0.00||||||||||||||||||||142972.36
F07Q10001887|200710|142845.49|0|008|352|||||6.875|0.00||||||||||||||||||||142845.49
F07Q10001887|200711|142717.90|0|009|351|||||6.875|0.00||||||||||||||||||||142717.90
F07Q10001887|200712|142717.90|0|010|350|||||6.875|0.00||||||||||||||||||||142717.90
F07Q10001887|200801|142460.51|0|011|349|||||6.875|0.00||||||||||||||||||||142460.51
F07Q10001887|200802|142330.71|0|012|348|||||6.875|0.00||||||||||||||||||||142330.71
F07Q10001887|200803|142200.17|0|013|347|||||6.875|0.00||||||||||||||||||||142200.17
F07Q10001887|200804|142200.17|0|014|346|||||6.875|0.00||||||||||||||||||||142200.17
F07Q10001887|200805|142039.24|0|015|345|||||6.875|0.00||||||||||||||||||||142039.24
F07Q10001887|200806|141907.12|0|016|344|||||6.875|0.00||||||||||||||||||||141907.12
F07Q10001887|200807|141636.86|0|017|343|||||6.875|0.00||||||||||||||||||||141636.86
F07Q10001887|200808|141498.79|0|018|342|||||6.875|0.00||||||||||||||||||||141498.79
F07Q10001887|200809|141359.92|0|019|341|||||6.875|0.00||||||||||||||||||||141359.92
F07Q10001887|200810|141220.25|0|020|340|||||6.875|0.00||||||||||||||||||||141220.25
F07Q10001887|200811|141079.78|0|021|339|||||6.875|0.00||||||||||||||||||||141079.78
F07Q10001887|200812|140938.52|0|022|338|||||6.875|0.00||||||||||||||||||||140938.52
F07Q10001887|200901|140796.45|0|023|337|||||6.875|0.00||||||||||||||||||||140796.45
F07Q10001887|200902|140653.57|0|024|336|||||6.875|0.00||||||||||||||||||||140653.57
F07Q10001887|200903|140509.87|0|025|335|||||6.875|0.00||||||||||||||||||||140509.87
F07Q10001887|200904|140365.34|0|026|334|||||6.875|0.00||||||||||||||||||||140365.34
F07Q10001887|200905|140365.34|0|027|333|||||6.875|0.00||||||||||||||||||||140365.34
F07Q10001887|200906|140080.92|0|028|332|||||6.875|0.00||||||||||||||||||||140080.92
F07Q10001887|200907|139897.51|0|029|331|||||6.875|0.00||||||||||||||||||||139897.51
F07Q10001887|200908|139753.12|0|030|330|||||6.875|0.00||||||||||||||||||||139753.12
F07Q10001887|200909|139607.81|0|031|329|||||6.875|0.00||||||||||||||||||||139607.81
F07Q10001887|200910|139461.67|0|032|328|||||6.875|0.00||||||||||||||||||||139461.67
F07Q10001887|200911|139314.69|0|033|327|||||6.875|0.00||||||||||||||||||||139314.69
F07Q10001887|200912|139166.87|0|034|326|||||6.875|0.00||||||||||||||||||||139166.87
F07Q10001887|201001|139018.20|0|035|325|||||6.875|0.00||||||||||||||||||||139018.20
F07Q10001887|201002|139018.20|0|036|324|||||6.875|0.00||||||||||||||||||||139018.20
F07Q10001887|201003|138676.32|0|037|323|||||6.875|0.00||||||||||||||||||||138676.32
F07Q10001887|201004|138482.98|0|038|322|||||6.875|0.00||||||||||||||||||||138482.98
F07Q10001887|201005|0.00|0|039|321|||01|201005|6.875|0.00|||||||||||||||138482.98|||||0.00
F07Q10001923|200702|277000.00|0|000|168|||||5.875|0.00||||||||||||||||||||277000.00
F07Q10001923|200703|276000.00|0|001|167|||||5.875|0.00||||||||||||||||||||276000.00
F07Q10001923|200704|275000.00|0|002|166|||||5.875|0.00||||||||||||||||||||275000.00
F07Q10001923|200705|273000.00|0|003|165|||||5.875|0.00||||||||||||||||||||273000.00
F07Q10001923|200706|273000.00|0|004|164|||||5.875|0.00||||||||||||||||||||273000.00
F07Q10001923|200707|272000.00|0|005|163|||||5.875|0.00||||||||||||||||||||272000.00
F07Q10001923|200708|270000.00|0|006|162|||||5.875|0.00||||||||||||||||||||270000.00
F07Q10001923|200709|268307.96|0|007|161|||||5.875|0.00||||||||||||||||||||268307.96
F07Q10001923|200710|266621.55|0|008|160|||||5.875|0.00||||||||||||||||||||266621.55
F07Q10001923|200711|264926.88|0|009|159|||||5.875|0.00||||||||||||||||||||264926.88
F07Q10001923|200712|263223.92|0|010|158|||||5.875|0.00||||||||||||||||||||263223.92
F07Q10001923|200801|261512.62|0|011|157|||||5.875|0.00||||||||||||||||||||261512.62
F07Q10001923|200802|259792.94|0|012|156|||||5.875|0.00||||||||||||||||||||259792.94
F07Q10001923|200803|258064.84|0|013|155|||||5.875|0.00||||||||||||||||||||258064.84
F07Q10001923|200804|226328.28|0|014|154|||||5.875|0.00||||||||||||||||||||226328.28
F07Q10001923|200805|224436.35|0|015|153|||||5.875|0.00||||||||||||||||||||224436.35
F07Q10001923|200806|222535.15|0|016|152|||||5.875|0.00||||||||||||||||||||222535.15
F07Q10001923|200807|117120.38|0|017|151|||||5.875|0.00||||||||||||||||||||117120.38
F07Q10001923|200808|114693.78|0|018|150|||||5.875|0.00||||||||||||||||||||114693.78
F07Q10001923|200809|100255.30|0|019|149|||||5.875|0.00||||||||||||||||||||100255.30
F07Q10001923|200810|95746.13|0|020|148|||||5.875|0.00||||||||||||||||||||95746.13
F07Q10001923|200811|90114.89|0|021|147|||||5.875|0.00||||||||||||||||||||90114.89
F07Q10001923|200812|85556.08|0|022|146|||||5.875|0.00||||||||||||||||||||85556.08
F07Q10001923|200901|77960.26|0|023|145|||||5.875|0.00||||||||||||||||||||77960.26
F07Q10001923|200902|73341.94|0|024|144|||||5.875|0.00||||||||||||||||||||73341.94
F07Q10001923|200903|68701.01|0|025|143|||||5.875|0.00||||||||||||||||||||68701.01
F07Q10001923|200904|64037.36|0|026|142|||||5.875|0.00||||||||||||||||||||64037.36
F07Q10001923|200905|57793.29|0|027|141|||||5.875|0.00||||||||||||||||||||57793.29
F07Q10001923|200906|53076.24|0|028|140|||||5.875|0.00||||||||||||||||||||53076.24
F07Q10001923|200907|0.00|0|029|139|||01|200907|5.875|0.00|||||||||||||||53076.24|||||0.00
F07Q10001932|200702|151000.00|0|000|360|||||6.500|0.00||||||||||||||||||||151000.00
F07Q10001932|200703|150000.00|0|001|359|||||6.500|0.00||||||||||||||||||||150000.00
F07Q10001932|200704|150000.00|0|002|358|||||6.500|0.00||||||||||||||||||||150000.00
F07Q10001932|200705|150000.00|0|003|357|||||6.500|0.00||||||||||||||||||||150000.00
F07Q10001932|200706|150000.00|0|004|356|||||6.500|0.00||||||||||||||||||||150000.00
F07Q10001932|200707|150000.00|0|005|355|||||6.500|0.00||||||||||||||||||||150000.00
F07Q10001932|200708|150000.00|0|006|354|||||6.500|0.00||||||||||||||||||||150000.00
F07Q10001932|200709|149532.04|0|007|353|||||6.500|0.00||||||||||||||||||||149532.04
F07Q10001932|200710|0.00|0|008|352|||01|200710|6.500|0.00|||||||||||||||149532.04|||||0.00
F07Q10001961|200612|62000.00|0|000|292|||||6.150|0.00||||||||||||||||||||62000.00
F07Q10001961|200701|62000.00|0|001|291|||||6.150|0.00||||||||||||||||||||62000.00
F07Q10001961|200702|62000.00|0|002|290|||||6.150|0.00||||||||||||||||||||62000.00
F07Q10001961|200703|62000.00|0|003|289|||||6.150|0.00||||||||||||||||||||62000.00
F07Q10001961|200704|62000.00|0|004|288|||||6.150|0.00||||||||||||||||||||62000.00
F07Q10001961|200705|62000.00|0|005|287|||||6.150|0.00||||||||||||||||||||62000.00
F07Q10001961|200706|62000.00|0|006|286|||||6.150|0.00||||||||||||||||||||62000.00
F07Q10001961|200707|61537.22|0|007|285|||||6.150|0.00||||||||||||||||||||61537.22
F07Q10001961|200708|61449.10|0|008|284|||||6.150|0.00||||||||||||||||||||61449.10
F07Q10001961|200709|61360.56|0|009|283|||||6.150|0.00||||||||||||||||||||61360.56
F07Q10001961|200710|61271.60|0|010|282|||||6.150|0.00||||||||||||||||||||61271.60
F07Q10001961|200711|61182.22|0|011|281|||||6.150|0.00||||||||||||||||||||61182.22
F07Q10001961|200712|61047.36|0|012|280|||||6.150|0.00||||||||||||||||||||61047.36
F07Q10001961|200801|60956.92|0|013|279|||||6.150|0.00||||||||||||||||||||60956.92
F07Q10001961|200802|60866.05|0|014|278|||||6.150|0.00||||||||||||||||||||60866.05
F07Q10001961|200803|60774.76|0|015|277|||||6.150|0.00||||||||||||||||||||60774.76
F07Q10001961|200804|60683.03|0|016|276|||||6.150|0.00||||||||||||||||||||60683.03
F07Q10001961|200805|60590.88|0|017|275|||||6.150|0.00||||||||||||||||||||60590.88
F07Q10001961|200806|60451.83|0|018|274|||||6.150|0.00||||||||||||||||||||60451.83
F07Q10001961|200807|60358.58|0|019|273|||||6.150|0.00||||||||||||||||||||60358.58
F07Q10001961|200808|60264.89|0|020|272|||||6.150|0.00||||||||||||||||||||60264.89
F07Q10001961|200809|60170.76|0|021|271|||||6.150|0.00||||||||||||||||||||60170.76
F07Q10001961|200810|60076.19|0|022|270|||||6.150|0.00||||||||||||||||||||60076.19
F07Q10001961|200811|59933.48|0|023|269|||||6.150|0.00||||||||||||||||||||59933.48
F07Q10001961|200812|59837.78|0|024|268|||||6.150|0.00||||||||||||||||||||59837.78
F07Q10001961|200901|59741.63|0|025|267|||||6.150|0.00||||||||||||||||||||59741.63
F07Q10001961|200902|59645.02|0|026|266|||||6.150|0.00||||||||||||||||||||59645.02
F07Q10001961|200903|59547.96|0|027|265|||||6.150|0.00||||||||||||||||||||59547.96
F07Q10001961|200904|59450.44|0|028|264|||||6.150|0.00||||||||||||||||||||59450.44
F07Q10001961|200905|59303.30|0|029|263|||||6.150|0.00||||||||||||||||||||59303.30
F07Q10001961|200906|59204.62|0|030|262|||||6.150|0.00||||||||||||||||||||59204.62
F07Q10001961|200907|59105.48|0|031|261|||||6.150|0.00||||||||||||||||||||59105.48
F07Q10001961|200908|59005.87|0|032|260|||||6.150|0.00||||||||||||||||||||59005.87
F07Q10001961|200909|58905.79|0|033|259|||||6.150|0.00||||||||||||||||||||58905.79
F07Q10001961|200910|58805.23|0|034|258|||||6.150|0.00||||||||||||||||||||58805.23
F07Q10001961|200911|58653.52|0|035|257|||||6.150|0.00||||||||||||||||||||58653.52
F07Q10001961|200912|58551.78|0|036|256|||||6.150|0.00||||||||||||||||||||58551.78
F07Q10001961|201001|58449.56|0|037|255|||||6.150|0.00||||||||||||||||||||58449.56
F07Q10001961|201002|58346.86|0|038|254|||||6.150|0.00||||||||||||||||||||58346.86
F07Q10001961|201003|58243.66|0|039|253|||||6.150|0.00||||||||||||||||||||58243.66
F07Q10001961|201004|58139.98|0|040|252|||||6.150|0.00||||||||||||||||||||58139.98
F07Q10001961|201005|57983.54|0|041|251|||||6.150|0.00||||||||||||||||||||57983.54
F07Q10001961|201006|57878.63|0|042|250|||||6.150|0.00||||||||||||||||||||57878.63
F07Q10001961|201007|57773.23|0|043|249|||||6.150|0.00||||||||||||||||||||57773.23
F07Q10001961|201008|57667.33|0|044|248|||||6.150|0.00||||||||||||||||||||57667.33
F07Q10001961|201009|57560.93|0|045|247|||||6.150|0.00||||||||||||||||||||57560.93
F07Q10001961|201010|57400.38|0|046|246|||||6.150|0.00||||||||||||||||||||57400.38
F07Q10001961|201011|57292.72|0|047|245|||||6.150|0.00||||||||||||||||||||57292.72
F07Q10001961|201012|57184.55|0|048|244|||||6.150|0.00||||||||||||||||||||57184.55
F07Q10001961|201101|57075.86|0|049|243|||||6.150|0.00||||||||||||||||||||57075.86
F07Q10001961|201102|56966.67|0|050|242|||||6.150|0.00||||||||||||||||||||56966.67
F07Q10001961|201103|56856.96|0|051|241|||||6.150|0.00||||||||||||||||||||56856.96
F07Q10001961|201104|56691.42|0|052|240|||||6.150|0.00||||||||||||||||||||56691.42
F07Q10001961|201105|56580.41|0|053|239|||||6.150|0.00||||||||||||||||||||56580.41
F07Q10001961|201106|56468.88|0|054|238|||||6.150|0.00||||||||||||||||||||56468.88
F07Q10001961|201107|56356.81|0|055|237|||||6.150|0.00||||||||||||||||||||56356.81
F07Q10001961|201108|56244.22|0|056|236|||||6.150|0.00||||||||||||||||||||56244.22
F07Q10001961|201109|56131.09|0|057|235|||||6.150|0.00||||||||||||||||||||56131.09
F07Q10001961|201110|55960.40|0|058|234|||||6.150|0.00||||||||||||||||||||55960.40
F07Q10001961|201111|55845.94|0|059|233|||||6.150|0.00||||||||||||||||||||55845.94
F07Q10001961|201112|55730.94|0|060|232|||||6.150|0.00||||||||||||||||||||55730.94
F07Q10001961|201201|55615.39|0|061|231|||||6.150|0.00||||||||||||||||||||55615.39
F07Q10001961|201202|55499.29|0|062|230|||||6.150|0.00||||||||||||||||||||55499.29
F07Q10001961|201203|55382.65|0|063|229|||||6.150|0.00||||||||||||||||||||55382.65
F07Q10001961|201204|55206.65|0|064|228|||||6.150|0.00||||||||||||||||||||55206.65
F07Q10001961|201205|55088.63|0|065|227|||||6.150|0.00||||||||||||||||||||55088.63
F07Q10001961|201206|54970.05|0|066|226|||||6.150|0.00||||||||||||||||||||54970.05
F07Q10001961|201207|54850.91|0|067|225|||||6.150|0.00||||||||||||||||||||54850.91
F07Q10001961|201208|54731.21|0|068|224|||||6.150|0.00||||||||||||||||||||54731.21
F07Q10001961|201209|54550.59|0|069|223|||||6.150|0.00||||||||||||||||||||54550.59
F07Q10001961|201210|54429.47|0|070|222|||||6.150|0.00||||||||||||||||||||54429.47
F07Q10001961|201211|54307.77|0|071|221|||||6.150|0.00||||||||||||||||||||54307.77
F07Q10001961|201212|54185.50|0|072|220|||||6.150|0.00||||||||||||||||||||54185.50
F07Q10001961|201301|54062.65|0|073|219|||||6.150|0.00||||||||||||||||||||54062.65
F07Q10001961|201302|53877.29|0|074|218|||||6.150|0.00||||||||||||||||||||53877.29
F07Q10001961|201303|53752.98|0|075|217|||||6.150|0.00||||||||||||||||||||53752.98
F07Q10001961|201304|53628.09|0|076|216|||||6.150|0.00||||||||||||||||||||53628.09
F07Q10001961|201305|53502.61|0|077|215|||||6.150|0.00||||||||||||||||||||53502.61
F07Q10001961|201306|53376.54|0|078|214|||||6.150|0.00||||||||||||||||||||53376.54
F07Q10001961|201307|53249.87|0|079|213|||||6.150|0.00||||||||||||||||||||53249.87
F07Q10001961|201308|53122.60|0|080|212|||||6.150|0.00||||||||||||||||||||53122.60
F07Q10001961|201309|52930.57|0|081|211|||||6.150|0.00||||||||||||||||||||52930.57
F07Q10001961|201310|52801.80|0|082|210|||||6.150|0.00||||||||||||||||||||52801.80
F07Q10001961|201311|52672.41|0|083|209|||||6.150|0.00||||||||||||||||||||52672.41
F07Q10001961|201312|52542.42|0|084|208|||||6.150|0.00||||||||||||||||||||52542.42
F07Q10001961|201401|52411.81|0|085|207|||||6.150|0.00||||||||||||||||||||52411.81
F07Q10001961|201402|52214.73|0|086|206|||||6.150|0.00||||||||||||||||||||52214.73
F07Q10001961|201403|52082.57|0|087|205|||||6.150|0.00||||||||||||||||||||52082.57
F07Q10001961|201404|51949.79|0|088|204|||||6.150|0.00||||||||||||||||||||51949.79
F07Q10001961|201405|51816.38|0|089|203|||||6.150|0.00||||||||||||||||||||51816.38
F07Q10001961|201406|51682.34|0|090|202|||||6.150|0.00||||||||||||||||||||51682.34
F07Q10001961|201407|51547.67|0|091|201|||||6.150|0.00||||||||||||||||||||51547.67
F07Q10001961|201408|51344.48|0|092|200|||||6.150|0.00||||||||||||||||||||51344.48
F07Q10001961|201409|51208.22|0|093|199|||||6.150|0.00||||||||||||||||||||51208.22
F07Q10001961|201410|51071.31|0|094|198|||||6.150|0.00||||||||||||||||||||51071.31
F07Q10001961|201411|50933.75|0|095|197|||||6.150|0.00||||||||||||||||||||50933.75
F07Q10001961|201412|50795.55|0|096|196|||||6.150|0.00||||||||||||||||||||50795.55
F07Q10001961|201501|50656.69|0|097|195|||||6.150|0.00||||||||||||||||||||50656.69
F07Q10001961|201502|50447.17|0|098|194|||||6.150|0.00||||||||||||||||||||50447.17
F07Q10001961|201503|50306.66|0|099|193|||||6.150|0.00||||||||||||||||||||50306.66
F07Q10001961|201504|50165.49|0|100|192|||||6.150|0.00||||||||||||||||||||50165.49
F07Q10001961|201505|50023.66|0|101|191|||||6.150|0.00||||||||||||||||||||50023.66
F07Q10001961|201506|49881.15|0|102|190|||||6.150|0.00||||||||||||||||||||49881.15
F07Q10001961|201507|49737.97|0|103|189|||||6.150|0.00||||||||||||||||||||49737.97
F07Q10001961|201508|49521.94|0|104|188|||||6.150|0.00||||||||||||||||||||49521.94
F07Q10001961|201509|49377.07|0|105|187|||||6.150|0.00||||||||||||||||||||49377.07
F07Q10001961|201510|49231.51|0|106|186|||||6.150|0.00||||||||||||||||||||49231.51
F07Q10001961|201511|49085.26|0|107|185|||||6.150|0.00||||||||||||||||||||49085.26
F07Q10001961|201512|48938.32|0|108|184|||||6.150|0.00||||||||||||||||||||48938.32
F07Q10001961|201601|48716.61|0|109|183|||||6.150|0.00||||||||||||||||||||48716.61
F07Q10001961|201602|48567.93|0|110|182|||||6.150|0.00||||||||||||||||||||48567.93
F07Q10001961|201603|48418.55|0|111|181|||||6.150|0.00||||||||||||||||||||48418.55
F07Q10001961|201604|48268.46|0|112|180|||||6.150|0.00||||||||||||||||||||48268.46
F07Q10001961|201605|48117.66|0|113|179|||||6.150|0.00||||||||||||||||||||48117.66
F07Q10001961|201606|47966.15|0|114|178|||||6.150|0.00||||||||||||||||||||47966.15
F07Q10001961|201607|47737.55|0|115|177|||||6.150|0.00||||||||||||||||||||47737.55
F07Q10001961|201608|47584.25|0|116|176|||||6.150|0.00||||||||||||||||||||47584.25
F07Q10001961|201609|47430.23|0|117|175|||||6.150|0.00||||||||||||||||||||47430.23
F07Q10001961|201610|47275.47|0|118|174|||||6.150|0.00||||||||||||||||||||47275.47
F07Q10001961|201611|47119.99|0|119|173|||||6.150|0.00||||||||||||||||||||47119.99
F07Q10001961|201612|46963.77|0|120|172|||||6.150|0.00||||||||||||||||||||46963.77
F07Q10001961|201701|46728.05|0|121|171|||||6.150|0.00||||||||||||||||||||46728.05
F07Q10001961|201702|46569.98|0|122|170|||||6.150|0.00||||||||||||||||||||46569.98
F07Q10001961|201703|46411.16|0|123|169|||||6.150|0.00||||||||||||||||||||46411.16
F07Q10001961|201704|46251.59|0|124|168|||||6.150|0.00||||||||||||||64||||||46251.59
F07Q10001961|201705|46091.26|0|125|167|||||6.150|0.00||||||||||||||64||||||46091.26
F07Q10001961|201706|45930.18|0|126|166|||||6.150|0.00||||||||||||||64||||||45930.18
F07Q10001961|201707|45687.12|0|127|165|||||6.150|0.00||||||||||||||62||||||45687.12
F07Q10001961|201708|45524.13|0|128|164|||||6.150|0.00||||||||||||||63||||||45524.13
F07Q10001961|201709|45360.37|0|129|163|||||6.150|0.00||||||||||||||63||||||45360.37
F07Q10001961|201710|45195.84|0|130|162|||||6.150|0.00||||||||||||||63||||||45195.84
F07Q10001961|201711|45030.53|0|131|161|||||6.150|0.00||||||||||||||59||||||45030.53
F07Q10001961|201712|44781.10|0|132|160|||||6.150|0.00||||||||||||||67||||||44781.10
F07Q10001961|201801|44613.83|0|133|159|||||6.150|0.00||||||||||||||67||||||44613.83
F07Q10001961|201802|44445.77|0|134|158|||||6.150|0.00||||||||||||||63||||||44445.77
F07Q10001961|201803|44276.91|0|135|157|||||6.150|0.00||||||||||||||63||||||44276.91
F07Q10001961|201804|44107.26|0|136|156|||||6.150|0.00||||||||||||||62||||||44107.26
F07Q10001961|201805|43936.80|0|137|155|||||6.150|0.00||||||||||||||61||||||43936.80
F07Q10001961|201806|43679.61|0|138|154|||||6.150|0.00||||||||||||||64||||||43679.61
F07Q10001961|201807|43507.14|0|139|153|||||6.150|0.00||||||||||||||62||||||43507.14
F07Q10001961|201808|43333.86|0|140|152|||||6.150|0.00||||||||||||||61||||||43333.86
F07Q10001961|201809|43159.76|0|141|151|||||6.150|0.00||||||||||||||62||||||43159.76
F07Q10001961|201810|42984.83|0|142|150|||||6.150|0.00||||||||||||||59||||||42984.83
F07Q10001961|201811|42809.08|0|143|149|||||6.150|0.00||||||||||||||60||||||42809.08
F07Q10001961|201812|42543.89|0|144|148|||||6.150|0.00||||||||||||||58||||||42543.89
F07Q10001961|201901|42366.06|0|145|147|||||6.150|0.00||||||||||||||62||||||42366.06
F07Q10001961|201902|42187.39|0|146|146|||||6.150|0.00||||||||||||||61||||||42187.39
F07Q10001961|201903|42007.87|0|147|145|||||6.150|0.00||||||||||||||60||||||42007.87
F07Q10001961|201904|41827.50|0|148|144|||||6.150|0.00||||||||||||||58||||||41827.50
F07Q10001961|201905|41464.21|0|149|143|||||6.150|0.00||||||||||||||54||||||41464.21
F07Q10001961|201906|41281.27|0|150|142|||||6.150|0.00||||||||||||||54||||||41281.27
F07Q10001961|201907|41097.47|0|151|141|||||6.150|0.00||||||||||||||52||||||41097.47
F07Q10001961|201908|40912.80|0|152|140|||||6.150|0.00||||||||||||||52||||||40912.80
F07Q10001961|201909|40727.26|0|153|139|||||6.150|0.00||||||||||||||51||||||40727.26
F07Q10001961|201910|40540.84|0|154|138|||||6.150|0.00||||||||||||||54||||||40540.84
F07Q10001961|201911|40259.56|0|155|137|||||6.150|0.00||||||||||||||52||||||40259.56
F07Q10001961|201912|40070.94|0|156|136|||||6.150|0.00||||||||||||||53||||||40070.94
F07Q10001961|202001|39881.42|0|157|135|||||6.150|0.00||||||||||||||52||||||39881.42
F07Q10001961|202002|39691.01|0|158|134|||||6.150|0.00||||||||||||||52||||||39691.01
F07Q10001961|202003|39499.70|0|159|133|||||6.150|0.00||||||||||||||50||||||39499.70
F07Q10001961|202004|39307.49|0|160|132|||||6.150|0.00||||||||||||||47||||||39307.49
F07Q10001961|202005|39017.47|0|161|131|||||6.150|0.00||||||||||||||47||||||39017.47
F07Q10001961|202006|38822.98|0|162|130|||||6.150|0.00||||||||||||||48||||||38822.98
F07Q10001961|202007|38627.57|0|163|129|||||6.150|0.00||||||||||||||49||||||38627.57
F07Q10001961|202008|38431.24|0|164|128|||||6.150|0.00||||||||||||||53||||||38431.24
F07Q10001961|202009|38233.98|0|165|127|||||6.150|0.00||||||||||||||50||||||38233.98
F07Q10001961|202010|37936.34|0|166|126|||||6.150|0.00||||||||||||||44||||||37936.34
F07Q10001961|202011|37736.74|0|167|125|||||6.150|0.00||||||||||||||42||||||37736.74
F07Q10001961|202012|37536.20|0|168|124|||||6.150|0.00||||||||||||||42||||||37536.20
F07Q10001961|202101|37334.71|0|169|123|||||6.150|0.00||||||||||||||42||||||37334.71
F07Q10001961|202102|37132.27|0|170|122|||||6.150|0.00||||||||||||||43||||||37132.27
F07Q10001961|202103|36928.87|0|171|121|||||6.150|0.00||||||||||||||42||||||36928.87
F07Q10001961|202104|36621.97|0|172|120|||||6.150|0.00||||||||||||||42||||||36621.97
F07Q10001961|202105|36416.17|0|173|119|||||6.150|0.00||||||||||||||42||||||36416.17
F07Q10001961|202106|36209.39|0|174|118|||||6.150|0.00||||||||||||||38||||||36209.39
F07Q10001961|202107|36001.63|0|175|117|||||6.150|0.00||||||||||||||28||||||36001.63
F07Q10001961|202108|35792.89|0|176|116|||||6.150|0.00||||||||||||||31||||||35792.89
F07Q10001961|202109|35583.16|0|177|115|||||6.150|0.00||||||||||||||31||||||35583.16
F07Q10001961|202110|35266.72|0|178|114|||||6.150|0.00||||||||||||||28||||||35266.72
F07Q10001961|202111|35054.51|0|179|113|||||6.150|0.00||||||||||||||29||||||35054.51
F07Q10001961|202112|34841.30|0|180|112|||||6.150|0.00||||||||||||||32||||||34841.30
F07Q10001961|202201|34627.08|0|181|111|||||6.150|0.00||||||||||||||37||||||34627.08
F07Q10001961|202202|34411.85|0|182|110|||||6.150|0.00||||||||||||||34||||||34411.85
F07Q10001961|202203|34195.60|0|183|109|||||6.150|0.00||||||||||||||36||||||34195.60
F07Q10001961|202204|34195.60|0|184|108|||||6.150|0.00||||||||||||||30||||||34195.60
F07Q10001961|202205|33602.09|0|185|107|||||6.150|0.00||||||||||||||37||||||33602.09
F07Q10001961|202206|33443.77|0|186|106|||||6.150|0.00||||||||||||||33||||||33443.77
F07Q10001961|202207|33443.77|0|187|105|||||6.150|0.00||||||||||||||26||||||33443.77
F07Q10001961|202208|33205.30|0|188|104|||||6.150|0.00||||||||||||||26||||||33205.30
F07Q10001961|202209|32965.61|0|189|103|||||6.150|0.00||||||||||||||30||||||32965.61
F07Q10001961|202210|32482.53|0|190|102|||||6.150|0.00||||||||||||||31||||||32482.53
F07Q10001961|202211|32239.13|0|191|101|||||6.150|0.00||||||||||||||28||||||32239.13
F07Q10001961|202212|31994.49|0|192|100|||||6.150|0.00||||||||||||||26||||||31994.49
F07Q10001961|202301|31748.59|0|193|099|||||6.150|0.00||||||||||||||30||||||31748.59
F07Q10001961|202302|31501.43|0|194|098|||||6.150|0.00||||||||||||||31||||||31501.43
F07Q10001961|202303|31253.00|0|195|097|||||6.150|0.00||||||||||||||31||||||31253.00
F07Q10001961|202304|31003.30|0|196|096|||||6.150|0.00||||||||||||||31||||||31003.30
F07Q10001961|202305|30752.32|0|197|095|||||6.150|0.00||||||||||||||26||||||30752.32
F07Q10001961|202306|30500.06|0|198|094|||||6.150|0.00||||||||||||||24||||||30500.06
F07Q10001961|202307|30246.50|0|199|093|||||6.150|0.00||||||||||||||24||||||30246.50
F07Q10001961|202308|29991.64|0|200|092|||||6.150|0.00||||||||||||||25||||||29991.64
F07Q10001961|202309|29735.48|0|201|091|||||6.150|0.00||||||||||||||22||||||29735.48
F07Q10001961|202310|29478.00|0|202|090|||||6.150|0.00||||||||||||||23||||||29478.00
F07Q10001961|202311|29219.20|0|203|089|||||6.150|0.00||||||||||||||20||||||29219.20
F07Q10001961|202312|28575.28|0|204|088|||||6.150|0.00||||||||||||||23||||||28575.28
F07Q10001961|202401|28165.03|0|205|087|||||6.150|0.00||||||||||||||22||||||28165.03
F07Q10001961|202402|27632.62|0|206|086|||||6.150|0.00||||||||||||||23||||||27632.62
F07Q10001961|202403|27360.53|0|207|085|||||6.150|0.00||||||||||||||21||||||27360.53
F07Q10001961|202404|27087.85|0|208|084|||||6.150|0.00||||||||||||||22||||||27087.85
F07Q10001961|202405|26814.79|0|209|083|||||6.150|0.00||||||||||||||17||||||26814.79
F07Q10001961|202406|26542.35|0|210|082|||||6.150|0.00||||||||||||||18||||||26542.35
F07Q10001961|202407|26267.04|0|211|081|||||6.150|0.00||||||||||||||19||||||26267.04
F07Q10001961|202408|25991.79|0|212|080|||||6.150|0.00||||||||||||||19||||||25991.79
F07Q10001961|202409|25713.29|0|213|079|||||6.150|0.00||||||||||||||18||||||25713.29
F07Q10001961|202410|25435.20|0|214|078|||||6.150|0.00||||||||||||||17||||||25435.20
F07Q10001961|202411|25435.20|0|215|077|||||6.150|0.00||||||||||||||17||||||25435.20
F07Q10001961|202412|25155.69|0|216|076|||||6.150|0.00||||||||||||||18||||||25155.69
F07Q10001961|202501|24874.74|0|217|075|||||6.150|0.00||||||||||||||20||||||24874.74
F07Q10001961|202502|24592.35|0|218|074|||||6.150|0.00||||||||||||||18||||||24592.35
F07Q10001961|202503|24308.52|0|219|073|||||6.150|0.00||||||||||||||18||||||24308.52
F07Q10001961|202504|24023.23|0|220|072|||||6.150|0.00||||||||||||||17||||||24023.23
F07Q10001961|202505|23736.48|0|221|071|||||6.150|0.00||||||||||||||16||||||23736.48
F07Q10001961|202506|23448.26|0|222|070|||||6.150|0.00||||||||||||||17||||||23448.26
F07Q10001961|202507|23158.56|0|223|069|||||6.150|0.00||||||||||||||14||||||23158.56
F07Q10001961|202508|22867.38|0|224|068|||||6.150|0.00||||||||||||||17||||||22867.38
F07Q10001961|202509|22574.71|0|225|067|||||6.150|0.00||||||||||||||15||||||22574.71
F07Q10001963|200702|76000.00|0|000|360|||||5.875|0.00||||||||||||||||||||76000.00
F07Q10001963|200703|76000.00|0|001|359|||||5.875|0.00||||||||||||||||||||76000.00
F07Q10001963|200704|76000.00|0|002|358|||||5.875|0.00||||||||||||||||||||76000.00
F07Q10001963|200705|76000.00|0|003|357|||||5.875|0.00||||||||||||||||||||76000.00
F07Q10001963|200706|76000.00|0|004|356|||||5.875|0.00||||||||||||||||||||76000.00
F07Q10001963|200707|76000.00|0|005|355|||||5.875|0.00||||||||||||||||||||76000.00
F07Q10001963|200708|76000.00|0|006|354|||||5.875|0.00||||||||||||||||||||76000.00
F07Q10001963|200709|75449.55|0|007|353|||||5.875|0.00||||||||||||||||||||75449.55
F07Q10001963|200710|75288.80|0|008|352|||||5.875|0.00||||||||||||||||||||75288.80
F07Q10001963|200711|75288.80|0|009|351|||||5.875|0.00||||||||||||||||||||75288.80
F07Q10001963|200712|75207.83|0|010|350|||||5.875|0.00||||||||||||||||||||75207.83
F07Q10001963|200801|75126.46|0|011|349|||||5.875|0.00||||||||||||||||||||75126.46
F07Q10001963|200802|75044.70|0|012|348|||||5.875|0.00||||||||||||||||||||75044.70
F07Q10001963|200803|74962.54|0|013|347|||||5.875|0.00||||||||||||||||||||74962.54
F07Q10001963|200804|74879.97|0|014|346|||||5.875|0.00||||||||||||||||||||74879.97
F07Q10001963|200805|74797.00|0|015|345|||||5.875|0.00||||||||||||||||||||74797.00
F07Q10001963|200806|74513.62|0|016|344|||||5.875|0.00||||||||||||||||||||74513.62
F07Q10001963|200807|74378.86|0|017|343|||||5.875|0.00||||||||||||||||||||74378.86
F07Q10001963|200808|74193.44|0|018|342|||||5.875|0.00||||||||||||||||||||74193.44
F07Q10001963|200809|74007.11|0|019|341|||||5.875|0.00||||||||||||||||||||74007.11
F07Q10001963|200810|73919.87|0|020|340|||||5.875|0.00||||||||||||||||||||73919.87
F07Q10001963|200811|73832.20|0|021|339|||||5.875|0.00||||||||||||||||||||73832.20
F07Q10001963|200812|73744.10|0|022|338|||||5.875|0.00||||||||||||||||||||73744.10
F07Q10001963|200901|73655.57|0|023|337|||||5.875|0.00||||||||||||||||||||73655.57
F07Q10001963|200902|73566.61|0|024|336|||||5.875|0.00||||||||||||||||||||73566.61
F07Q10001963|200903|73477.21|0|025|335|||||5.875|0.00||||||||||||||||||||73477.21
F07Q10001963|200904|73387.37|0|026|334|||||5.875|0.00||||||||||||||||||||73387.37
F07Q10001963|200905|73206.37|0|027|333|||||5.875|0.00||||||||||||||||||||73206.37
F07Q10001963|200906|73206.37|0|028|332|||||5.875|0.00||||||||||||||||||||73206.37
F07Q10001963|200907|73023.60|0|029|331|||||5.875|0.00||||||||||||||||||||73023.60
F07Q10001963|200908|72931.54|0|030|330|||||5.875|0.00||||||||||||||||||||72931.54
F07Q10001963|200909|72839.03|0|031|329|||||5.875|0.00||||||||||||||||||||72839.03
F07Q10001963|200910|72839.03|0|032|328|||||5.875|0.00||||||||||||||||||||72839.03
F07Q10001963|200911|72746.07|0|033|327|||||5.875|0.00||||||||||||||||||||72746.07
F07Q10001963|200912|72652.65|0|034|326|||||5.875|0.00||||||||||||||||||||72652.65
F07Q10001963|201001|72558.78|0|035|325|||||5.875|0.00||||||||||||||||||||72558.78
F07Q10001963|201002|72464.45|0|036|324|||||5.875|0.00||||||||||||||||||||72464.45
F07Q10001963|201003|72274.39|0|037|323|||||5.875|0.00||||||||||||||||||||72274.39
F07Q10001963|201004|72274.39|0|038|322|||||5.875|0.00||||||||||||||||||||72274.39
F07Q10001963|201005|72178.66|0|039|321|||||5.875|0.00||||||||||||||||||||72178.66
F07Q10001963|201006|72082.46|0|040|320|||||5.875|0.00||||||||||||||||||||72082.46
F07Q10001963|201007|71985.79|0|041|319|||||5.875|0.00||||||||||||||||||||71985.79
F07Q10001963|201008|71888.65|0|042|318|||||5.875|0.00||||||||||||||||||||71888.65
F07Q10001963|201009|71791.03|0|043|317|||||5.875|0.00||||||||||||||||||||71791.03
F07Q10001963|201010|71692.94|0|044|316|||||5.875|0.00||||||||||||||||||||71692.94
F07Q10001963|201011|71594.37|0|045|315|||||5.875|0.00||||||||||||||||||||71594.37
F07Q10001963|201012|71495.31|0|046|314|||||5.875|0.00||||||||||||||||||||71495.31
F07Q10001963|201101|71395.77|0|047|313|||||5.875|0.00||||||||||||||||||||71395.77
F07Q10001963|201102|71295.74|0|048|312|||||5.875|0.00||||||||||||||||||||71295.74
F07Q10001963|201103|71195.22|0|049|311|||||5.875|0.00||||||||||||||||||||71195.22
F07Q10001963|201104|71094.21|0|050|310|||||5.875|0.00||||||||||||||||||||71094.21
F07Q10001963|201105|70992.71|0|051|309|||||5.875|0.00||||||||||||||||||||70992.71
F07Q10001963|201106|70890.71|0|052|308|||||5.875|0.00||||||||||||||||||||70890.71
F07Q10001963|201107|70788.21|0|053|307|||||5.875|0.00||||||||||||||||||||70788.21
F07Q10001963|201108|70685.21|0|054|306|||||5.875|0.00||||||||||||||||||||70685.21
F07Q10001963|201109|70581.70|0|055|305|||||5.875|0.00||||||||||||||||||||70581.70
F07Q10001963|201110|70477.69|0|056|304|||||5.875|0.00||||||||||||||||||||70477.69
F07Q10001963|201111|70373.17|0|057|303|||||5.875|0.00||||||||||||||||||||70373.17
F07Q10001963|201112|70268.14|0|058|302|||||5.875|0.00||||||||||||||||||||70268.14
F07Q10001963|201201|70162.59|0|059|301|||||5.875|0.00||||||||||||||||||||70162.59
F07Q10001963|201202|70056.52|0|060|300|||||5.875|0.00||||||||||||||||||||70056.52
F07Q10001963|201203|69949.94|0|061|299|||||5.875|0.00||||||||||||||||||||69949.94
F07Q10001963|201204|69842.83|0|062|298|||||5.875|0.00||||||||||||||||||||69842.83
F07Q10001963|201205|69735.20|0|063|297|||||5.875|0.00||||||||||||||||||||69735.20
F07Q10001963|201206|69627.04|0|064|296|||||5.875|0.00||||||||||||||||||||69627.04
F07Q10001963|201207|0.00|0|065|295|||01|201207|5.875|0.00|||||||||||||||69627.04|||||0.00
F07Q10001988|200702|281000.00|0|000|240|||||6.000|0.00||||||||||||||||||||281000.00
F07Q10001988|200703|281000.00|0|001|239|||||6.000|0.00||||||||||||||||||||281000.00
F07Q10001988|200704|280000.00|0|002|238|||||6.000|0.00||||||||||||||||||||280000.00
F07Q10001988|200705|279000.00|0|003|237|||||6.000|0.00||||||||||||||||||||279000.00
F07Q10001988|200706|279000.00|0|004|236|||||6.000|0.00||||||||||||||||||||279000.00
F07Q10001988|200707|278000.00|0|005|235|||||6.000|0.00||||||||||||||||||||278000.00
F07Q10001988|200708|278000.00|0|006|234|||||6.000|0.00||||||||||||||||||||278000.00
F07Q10001988|200709|276924.58|0|007|233|||||6.000|0.00||||||||||||||||||||276924.58
F07Q10001988|200710|276294.24|0|008|232|||||6.000|0.00||||||||||||||||||||276294.24
F07Q10001988|200711|275660.75|0|009|231|||||6.000|0.00||||||||||||||||||||275660.75
F07Q10001988|200712|275024.09|0|010|230|||||6.000|0.00||||||||||||||||||||275024.09
F07Q10001988|200801|274384.25|0|011|229|||||6.000|0.00||||||||||||||||||||274384.25
F07Q10001988|200802|273741.21|0|012|228|||||6.000|0.00||||||||||||||||||||273741.21
F07Q10001988|200803|273094.96|0|013|227|||||6.000|0.00||||||||||||||||||||273094.96
F07Q10001988|200804|272445.47|0|014|226|||||6.000|0.00||||||||||||||||||||272445.47
F07Q10001988|200805|271792.74|0|015|225|||||6.000|0.00||||||||||||||||||||271792.74
F07Q10001988|200806|271136.74|0|016|224|||||6.000|0.00||||||||||||||||||||271136.74
F07Q10001988|200807|270477.46|0|017|223|||||6.000|0.00||||||||||||||||||||270477.46
F07Q10001988|200808|269814.89|0|018|222|||||6.000|0.00||||||||||||||||||||269814.89
F07Q10001988|200809|269149.00|0|019|221|||||6.000|0.00||||||||||||||||||||269149.00
F07Q10001988|200810|268479.79|0|020|220|||||6.000|0.00||||||||||||||||||||268479.79
F07Q10001988|200811|267799.44|0|021|219|||||6.000|0.00||||||||||||||||||||267799.44
F07Q10001988|200812|267115.69|0|022|218|||||6.000|0.00||||||||||||||||||||267115.69
F07Q10001988|200901|266428.52|0|023|217|||||6.000|0.00||||||||||||||||||||266428.52
F07Q10001988|200902|265737.91|0|024|216|||||6.000|0.00||||||||||||||||||||265737.91
F07Q10001988|200903|265043.85|0|025|215|||||6.000|0.00||||||||||||||||||||265043.85
F07Q10001988|200904|264346.32|0|026|214|||||6.000|0.00||||||||||||||||||||264346.32
F07Q10001988|200905|263645.30|0|027|213|||||6.000|0.00||||||||||||||||||||263645.30
F07Q10001988|200906|262940.78|0|028|212|||||6.000|0.00||||||||||||||||||||262940.78
F07Q10001988|200907|262232.73|0|029|211|||||6.000|0.00||||||||||||||||||||262232.73
F07Q10001988|200908|261521.14|0|030|210|||||6.000|0.00||||||||||||||||||||261521.14
F07Q10001988|200909|260813.79|0|031|209|||||6.000|0.00||||||||||||||||||||260813.79
F07Q10001988|200910|260102.90|0|032|208|||||6.000|0.00||||||||||||||||||||260102.90
F07Q10001988|200911|259387.62|0|033|207|||||6.000|0.00||||||||||||||||||||259387.62
F07Q10001988|200912|0.00|0|034|206|||01|200912|6.000|0.00|||||||||||||||259387.62|||||0.00
F07Q10002114|200702|154000.00|0|000|360|||||6.250|0.00||||||||||||||||||||154000.00
F07Q10002114|200703|154000.00|0|001|359|||||6.250|0.00||||||||||||||||||||154000.00
F07Q10002114|200704|154000.00|0|002|358|||||6.250|0.00||||||||||||||||||||154000.00
F07Q10002114|200705|154000.00|0|003|357|||||6.250|0.00||||||||||||||||||||154000.00
F07Q10002114|200706|153000.00|0|004|356|||||6.250|0.00||||||||||||||||||||153000.00
F07Q10002114|200707|153000.00|0|005|355|||||6.250|0.00||||||||||||||||||||153000.00
F07Q10002114|200708|153000.00|0|006|354|||||6.250|0.00||||||||||||||||||||153000.00
F07Q10002114|200709|152961.07|0|007|353|||||6.250|0.00||||||||||||||||||||152961.07
F07Q10002114|200710|152809.54|0|008|352|||||6.250|0.00||||||||||||||||||||152809.54
F07Q10002114|200711|152657.22|0|009|351|||||6.250|0.00||||||||||||||||||||152657.22
F07Q10002114|200712|152504.11|0|010|350|||||6.250|0.00||||||||||||||||||||152504.11
F07Q10002114|200801|152350.20|0|011|349|||||6.250|0.00||||||||||||||||||||152350.20
F07Q10002114|200802|152195.49|0|012|348|||||6.250|0.00||||||||||||||||||||152195.49
F07Q10002114|200803|152039.97|0|013|347|||||6.250|0.00||||||||||||||||||||152039.97
F07Q10002114|200804|151883.64|0|014|346|||||6.250|0.00||||||||||||||||||||151883.64
F07Q10002114|200805|151726.50|0|015|345|||||6.250|0.00||||||||||||||||||||151726.50
F07Q10002114|200806|151568.54|0|016|344|||||6.250|0.00||||||||||||||||||||151568.54
F07Q10002114|200807|151409.76|0|017|343|||||6.250|0.00||||||||||||||||||||151409.76
F07Q10002114|200808|151250.15|0|018|342|||||6.250|0.00||||||||||||||||||||151250.15
F07Q10002114|200809|151089.71|0|019|341|||||6.250|0.00||||||||||||||||||||151089.71
F07Q10002114|200810|150928.44|0|020|340|||||6.250|0.00||||||||||||||||||||150928.44
F07Q10002114|200811|150766.33|0|021|339|||||6.250|0.00||||||||||||||||||||150766.33
F07Q10002114|200812|150603.37|0|022|338|||||6.250|0.00||||||||||||||||||||150603.37
F07Q10002114|200901|150439.56|0|023|337|||||6.250|0.00||||||||||||||||||||150439.56
F07Q10002114|200902|150274.90|0|024|336|||||6.250|0.00||||||||||||||||||||150274.90
F07Q10002114|200903|150109.38|0|025|335|||||6.250|0.00||||||||||||||||||||150109.38
F07Q10002114|200904|149943.00|0|026|334|||||6.250|0.00||||||||||||||||||||149943.00
F07Q10002114|200905|149775.75|0|027|333|||||6.250|0.00||||||||||||||||||||149775.75
F07Q10002114|200906|149607.63|0|028|332|||||6.250|0.00||||||||||||||||||||149607.63
F07Q10002114|200907|149438.64|0|029|331|||||6.250|0.00||||||||||||||||||||149438.64
F07Q10002114|200908|149268.77|0|030|330|||||6.250|0.00||||||||||||||||||||149268.77
F07Q10002114|200909|149098.01|0|031|329|||||6.250|0.00||||||||||||||||||||149098.01
F07Q10002114|200910|148926.36|0|032|328|||||6.250|0.00||||||||||||||||||||148926.36
F07Q10002114|200911|148753.82|0|033|327|||||6.250|0.00||||||||||||||||||||148753.82
F07Q10002114|200912|148580.38|0|034|326|||||6.250|0.00||||||||||||||||||||148580.38
F07Q10002114|201001|148406.04|0|035|325|||||6.250|0.00||||||||||||||||||||148406.04
F07Q10002114|201002|148230.79|0|036|324|||||6.250|0.00||||||||||||||||||||148230.79
F07Q10002114|201003|148054.63|0|037|323|||||6.250|0.00||||||||||||||||||||148054.63
F07Q10002114|201004|147877.55|0|038|322|||||6.250|0.00||||||||||||||||||||147877.55
F07Q10002114|201005|147699.55|0|039|321|||||6.250|0.00||||||||||||||||||||147699.55
F07Q10002114|201006|147520.62|0|040|320|||||6.250|0.00||||||||||||||||||||147520.62
F07Q10002114|201007|147340.76|0|041|319|||||6.250|0.00||||||||||||||||||||147340.76
F07Q10002114|201008|147159.96|0|042|318|||||6.250|0.00||||||||||||||||||||147159.96
F07Q10002114|201009|146978.22|0|043|317|||||6.250|0.00||||||||||||||||||||146978.22
F07Q10002114|201010|146795.53|0|044|316|||||6.250|0.00||||||||||||||||||||146795.53
F07Q10002114|201011|146611.89|0|045|315|||||6.250|0.00||||||||||||||||||||146611.89
F07Q10002114|201012|146427.29|0|046|314|||||6.250|0.00||||||||||||||||||||146427.29
F07Q10002114|201101|146241.73|0|047|313|||||6.250|0.00||||||||||||||||||||146241.73
F07Q10002114|201102|146055.21|0|048|312|||||6.250|0.00||||||||||||||||||||146055.21
F07Q10002114|201103|145867.71|0|049|311|||||6.250|0.00||||||||||||||||||||145867.71
F07Q10002114|201104|145679.24|0|050|310|||||6.250|0.00||||||||||||||||||||145679.24
F07Q10002114|201105|145489.79|0|051|309|||||6.250|0.00||||||||||||||||||||145489.79
F07Q10002114|201106|145299.35|0|052|308|||||6.250|0.00||||||||||||||||||||145299.35
F07Q10002114|201107|145107.92|0|053|307|||||6.250|0.00||||||||||||||||||||145107.92
F07Q10002114|201108|144915.49|0|054|306|||||6.250|0.00||||||||||||||||||||144915.49
F07Q10002114|201109|144722.06|0|055|305|||||6.250|0.00||||||||||||||||||||144722.06
F07Q10002114|201110|144527.62|0|056|304|||||6.250|0.00||||||||||||||||||||144527.62
F07Q10002114|201111|144332.17|0|057|303|||||6.250|0.00||||||||||||||||||||144332.17
F07Q10002114|201112|144135.70|0|058|302|||||6.250|0.00||||||||||||||||||||144135.70
F07Q10002114|201201|143938.21|0|059|301|||||6.250|0.00||||||||||||||||||||143938.21
F07Q10002114|201202|143739.69|0|060|300|||||6.250|0.00||||||||||||||||||||143739.69
F07Q10002114|201203|143540.13|0|061|299|||||6.250|0.00||||||||||||||||||||143540.13
F07Q10002114|201204|143339.53|0|062|298|||||6.250|0.00||||||||||||||||||||143339.53
F07Q10002114|201205|143137.89|0|063|297|||||6.250|0.00||||||||||||||||||||143137.89
F07Q10002114|201206|142935.20|0|064|296|||||6.250|0.00||||||||||||||||||||142935.20
F07Q10002114|201207|142731.45|0|065|295|||||6.250|0.00||||||||||||||||||||142731.45
F07Q10002114|201208|142526.64|0|066|294|||||6.250|0.00||||||||||||||||||||142526.64
F07Q10002114|201209|142320.77|0|067|293|||||6.250|0.00||||||||||||||||||||142320.77
F07Q10002114|201210|142113.82|0|068|292|||||6.250|0.00||||||||||||||||||||142113.82
F07Q10002114|201211|141905.80|0|069|291|||||6.250|0.00||||||||||||||||||||141905.80
F07Q10002114|201212|141696.69|0|070|290|||||6.250|0.00||||||||||||||||||||141696.69
F07Q10002114|201301|141486.49|0|071|289|||||6.250|0.00||||||||||||||||||||141486.49
F07Q10002114|201302|141275.20|0|072|288|||||6.250|0.00||||||||||||||||||||141275.20
F07Q10002114|201303|141062.81|0|073|287|||||6.250|0.00||||||||||||||||||||141062.81
F07Q10002114|201304|140849.31|0|074|286|||||6.250|0.00||||||||||||||||||||140849.31
F07Q10002114|201305|140634.70|0|075|285|||||6.250|0.00||||||||||||||||||||140634.70
F07Q10002114|201306|140418.97|0|076|284|||||6.250|0.00||||||||||||||||||||140418.97
F07Q10002114|201307|140202.12|0|077|283|||||6.250|0.00||||||||||||||||||||140202.12
F07Q10002114|201308|139984.14|0|078|282|||||6.250|0.00||||||||||||||||||||139984.14
F07Q10002114|201309|139765.02|0|079|281|||||6.250|0.00||||||||||||||||||||139765.02
F07Q10002114|201310|139544.76|0|080|280|||||6.250|0.00||||||||||||||||||||139544.76
F07Q10002114|201311|139323.36|0|081|279|||||6.250|0.00||||||||||||||||||||139323.36
F07Q10002114|201312|139100.80|0|082|278|||||6.250|0.00||||||||||||||||||||139100.80
F07Q10002114|201401|138877.08|0|083|277|||||6.250|0.00||||||||||||||||||||138877.08
F07Q10002114|201402|138652.20|0|084|276|||||6.250|0.00||||||||||||||||||||138652.20
F07Q10002114|201403|138426.15|0|085|275|||||6.250|0.00||||||||||||||||||||138426.15
F07Q10002114|201404|138198.92|0|086|274|||||6.250|0.00||||||||||||||||||||138198.92
F07Q10002114|201405|137970.51|0|087|273|||||6.250|0.00||||||||||||||||||||137970.51
F07Q10002114|201406|137740.91|0|088|272|||||6.250|0.00||||||||||||||||||||137740.91
F07Q10002114|201407|137510.11|0|089|271|||||6.250|0.00||||||||||||||||||||137510.11
F07Q10002114|201408|137278.11|0|090|270|||||6.250|0.00||||||||||||||||||||137278.11
F07Q10002114|201409|137044.90|0|091|269|||||6.250|0.00||||||||||||||||||||137044.90
F07Q10002114|201410|136810.48|0|092|268|||||6.250|0.00||||||||||||||||||||136810.48
F07Q10002114|201411|136574.83|0|093|267|||||6.250|0.00||||||||||||||||||||136574.83
F07Q10002114|201412|136337.96|0|094|266|||||6.250|0.00||||||||||||||||||||136337.96
F07Q10002114|201501|136099.85|0|095|265|||||6.250|0.00||||||||||||||||||||136099.85
F07Q10002114|201502|135860.50|0|096|264|||||6.250|0.00||||||||||||||||||||135860.50
F07Q10002114|201503|135619.91|0|097|263|||||6.250|0.00||||||||||||||||||||135619.91
F07Q10002114|201504|135378.06|0|098|262|||||6.250|0.00||||||||||||||||||||135378.06
F07Q10002114|201505|135134.95|0|099|261|||||6.250|0.00||||||||||||||||||||135134.95
F07Q10002114|201506|134890.58|0|100|260|||||6.250|0.00||||||||||||||||||||134890.58
F07Q10002114|201507|134644.94|0|101|259|||||6.250|0.00||||||||||||||||||||134644.94
F07Q10002114|201508|0.00|0|102|258|||01|201508|6.250|0.00|||||||||||||||134644.94|||||0.00
F07Q10002136|200702|286000.00|0|000|360|||||6.080|0.00||||||||||||||||||||286000.00
F07Q10002136|200703|286000.00|0|001|359|||||6.080|0.00||||||||||||||||||||286000.00
F07Q10002136|200704|286000.00|0|002|358|||||6.080|0.00||||||||||||||||||||286000.00
F07Q10002136|200705|286000.00|0|003|357|||||6.080|0.00||||||||||||||||||||286000.00
F07Q10002136|200706|285000.00|0|004|356|||||6.080|0.00||||||||||||||||||||285000.00
F07Q10002136|200707|285000.00|0|005|355|||||6.080|0.00||||||||||||||||||||285000.00
F07Q10002136|200708|285000.00|0|006|354|||||6.080|0.00||||||||||||||||||||285000.00
F07Q10002136|200709|284404.36|0|007|353|||||6.080|0.00||||||||||||||||||||284404.36
F07Q10002136|200710|284113.46|0|008|352|||||6.080|0.00||||||||||||||||||||284113.46
F07Q10002136|200711|283821.09|0|009|351|||||6.080|0.00||||||||||||||||||||283821.09
F07Q10002136|200712|283527.24|0|010|350|||||6.080|0.00||||||||||||||||||||283527.24
F07Q10002136|200801|283231.90|0|011|349|||||6.080|0.00||||||||||||||||||||283231.90
F07Q10002136|200802|282935.06|0|012|348|||||6.080|0.00||||||||||||||||||||282935.06
F07Q10002136|200803|282636.72|0|013|347|||||6.080|0.00||||||||||||||||||||282636.72
F07Q10002136|200804|282336.87|0|014|346|||||6.080|0.00||||||||||||||||||||282336.87
F07Q10002136|200805|282035.50|0|015|345|||||6.080|0.00||||||||||||||||||||282035.50
F07Q10002136|200806|281732.60|0|016|344|||||6.080|0.00||||||||||||||||||||281732.60
F07Q10002136|200807|281428.17|0|017|343|||||6.080|0.00||||||||||||||||||||281428.17
F07Q10002136|200808|281122.19|0|018|342|||||6.080|0.00||||||||||||||||||||281122.19
F07Q10002136|200809|280814.66|0|019|341|||||6.080|0.00||||||||||||||||||||280814.66
F07Q10002136|200810|280505.57|0|020|340|||||6.080|0.00||||||||||||||||||||280505.57
F07Q10002136|200811|280194.92|0|021|339|||||6.080|0.00||||||||||||||||||||280194.92
F07Q10002136|200812|279882.69|0|022|338|||||6.080|0.00||||||||||||||||||||279882.69
F07Q10002136|200901|279568.88|0|023|337|||||6.080|0.00||||||||||||||||||||279568.88
F07Q10002136|200902|279253.48|0|024|336|||||6.080|0.00||||||||||||||||||||279253.48
F07Q10002136|200903|278936.48|0|025|335|||||6.080|0.00||||||||||||||||||||278936.48
F07Q10002136|200904|278617.88|0|026|334|||||6.080|0.00||||||||||||||||||||278617.88
F07Q10002136|200905|278297.66|0|027|333|||||6.080|0.00||||||||||||||||||||278297.66
F07Q10002136|200906|277975.82|0|028|332|||||6.080|0.00||||||||||||||||||||277975.82
F07Q10002136|200907|277652.35|0|029|331|||||6.080|0.00||||||||||||||||||||277652.35
F07Q10002136|200908|277327.24|0|030|330|||||6.080|0.00||||||||||||||||||||277327.24
F07Q10002136|200909|277000.48|0|031|329|||||6.080|0.00||||||||||||||||||||277000.48
F07Q10002136|200910|276672.07|0|032|328|||||6.080|0.00||||||||||||||||||||276672.07
F07Q10002136|200911|276342.00|0|033|327|||||6.080|0.00||||||||||||||||||||276342.00
F07Q10002136|200912|276010.25|0|034|326|||||6.080|0.00||||||||||||||||||||276010.25
F07Q10002136|201001|275676.82|0|035|325|||||6.080|0.00||||||||||||||||||||275676.82
F07Q10002136|201002|275341.70|0|036|324|||||6.080|0.00||||||||||||||||||||275341.70
F07Q10002136|201003|275004.88|0|037|323|||||6.080|0.00||||||||||||||||||||275004.88
F07Q10002136|201004|274666.36|0|038|322|||||6.080|0.00||||||||||||||||||||274666.36
F07Q10002136|201005|274326.12|0|039|321|||||6.080|0.00||||||||||||||||||||274326.12
F07Q10002136|201006|273984.16|0|040|320|||||6.080|0.00||||||||||||||||||||273984.16
F07Q10002136|201007|273640.47|0|041|319|||||6.080|0.00||||||||||||||||||||273640.47
F07Q10002136|201008|273295.04|0|042|318|||||6.080|0.00||||||||||||||||||||273295.04
F07Q10002136|201009|272947.85|0|043|317|||||6.080|0.00||||||||||||||||||||272947.85
F07Q10002136|201010|272598.91|0|044|316|||||6.080|0.00||||||||||||||||||||272598.91
F07Q10002136|201011|272248.20|0|045|315|||||6.080|0.00||||||||||||||||||||272248.20
F07Q10002136|201012|271895.71|0|046|314|||||6.080|0.00||||||||||||||||||||271895.71
F07Q10002136|201101|271541.43|0|047|313|||||6.080|0.00||||||||||||||||||||271541.43
F07Q10002136|201102|271185.36|0|048|312|||||6.080|0.00||||||||||||||||||||271185.36
F07Q10002136|201103|270827.49|0|049|311|||||6.080|0.00||||||||||||||||||||270827.49
F07Q10002136|201104|270467.80|0|050|310|||||6.080|0.00||||||||||||||||||||270467.80
F07Q10002136|201105|270106.29|0|051|309|||||6.080|0.00||||||||||||||||||||270106.29
F07Q10002136|201106|269742.95|0|052|308|||||6.080|0.00||||||||||||||||||||269742.95
F07Q10002136|201107|269377.77|0|053|307|||||6.080|0.00||||||||||||||||||||269377.77
F07Q10002136|201108|0.00|0|054|306|||01|201108|6.080|0.00|||||||||||||||269377.77|||||0.00
F07Q10002200|200612|117000.00|0|000|360|||||6.500|0.00||||||||||||||||||||117000.00
F07Q10002200|200701|117000.00|0|001|359|||||6.500|0.00||||||||||||||||||||117000.00
F07Q10002200|200702|117000.00|0|002|358|||||6.500|0.00||||||||||||||||||||117000.00
F07Q10002200|200703|116000.00|0|003|357|||||6.500|0.00||||||||||||||||||||116000.00
F07Q10002200|200704|116000.00|0|004|356|||||6.500|0.00||||||||||||||||||||116000.00
F07Q10002200|200705|116000.00|0|005|355|||||6.500|0.00||||||||||||||||||||116000.00
F07Q10002200|200706|116000.00|0|006|354|||||6.500|0.00||||||||||||||||||||116000.00
F07Q10002200|200707|115714.25|0|007|353|||||6.500|0.00||||||||||||||||||||115714.25
F07Q10002200|200708|115543.19|0|008|352|||||6.500|0.00||||||||||||||||||||115543.19
F07Q10002200|200709|115284.99|0|009|351|||||6.500|0.00||||||||||||||||||||115284.99
F07Q10002200|200710|115111.78|0|010|350|||||6.500|0.00||||||||||||||||||||115111.78
F07Q10002200|200711|114937.70|0|011|349|||||6.500|0.00||||||||||||||||||||114937.70
F07Q10002200|200712|114762.75|0|012|348|||||6.500|0.00||||||||||||||||||||114762.75
F07Q10002200|200801|114586.93|0|013|347|||||6.500|0.00||||||||||||||||||||114586.93
F07Q10002200|200802|114321.55|0|014|346|||||6.500|0.00||||||||||||||||||||114321.55
F07Q10002200|200803|114143.51|0|015|345|||||6.500|0.00||||||||||||||||||||114143.51
F07Q10002200|200804|113963.86|0|016|344|||||6.500|0.00||||||||||||||||||||113963.86
F07Q10002200|200805|113782.57|0|017|343|||||6.500|0.00||||||||||||||||||||113782.57
F07Q10002200|200806|113600.38|0|018|342|||||6.500|0.00||||||||||||||||||||113600.38
F07Q10002200|200807|113417.27|0|019|341|||||6.500|0.00||||||||||||||||||||113417.27
F07Q10002200|200808|113140.88|0|020|340|||||6.500|0.00||||||||||||||||||||113140.88
F07Q10002200|200809|112955.47|0|021|339|||||6.500|0.00||||||||||||||||||||112955.47
F07Q10002200|200810|112769.14|0|022|338|||||6.500|0.00||||||||||||||||||||112769.14
F07Q10002200|200811|112581.87|0|023|337|||||6.500|0.00||||||||||||||||||||112581.87
F07Q10002200|200812|112393.66|0|024|336|||||6.500|0.00||||||||||||||||||||112393.66
F07Q10002200|200901|112204.51|0|025|335|||||6.500|0.00||||||||||||||||||||112204.51
F07Q10002200|200902|111919.01|0|026|334|||||6.500|0.00||||||||||||||||||||111919.01
F07Q10002200|200903|111727.49|0|027|333|||||6.500|0.00||||||||||||||||||||111727.49
F07Q10002200|200904|0.00|0|028|332|||01|200904|6.500|0.00|||||||||||||||111727.49|||||0.00
F07Q10002252|200702|106000.00|0|000|360|||||6.125|0.00||||||||||||||||||||106000.00
F07Q10002252|200703|106000.00|0|001|359|||||6.125|0.00||||||||||||||||||||106000.00
F07Q10002252|200704|106000.00|0|002|358|||||6.125|0.00||||||||||||||||||||106000.00
F07Q10002252|200705|105000.00|0|003|357|||||6.125|0.00||||||||||||||||||||105000.00
F07Q10002252|200706|105000.00|0|004|356|||||6.125|0.00||||||||||||||||||||105000.00
F07Q10002252|200707|105000.00|0|005|355|||||6.125|0.00||||||||||||||||||||105000.00
F07Q10002252|200708|105000.00|0|006|354|||||6.125|0.00||||||||||||||||||||105000.00
F07Q10002252|200709|104743.19|0|007|353|||||6.125|0.00||||||||||||||||||||104743.19
F07Q10002252|200710|104577.82|0|008|352|||||6.125|0.00||||||||||||||||||||104577.82
F07Q10002252|200711|104466.69|0|009|351|||||6.125|0.00||||||||||||||||||||104466.69
F07Q10002252|200712|104354.91|0|010|350|||||6.125|0.00||||||||||||||||||||104354.91
F07Q10002252|200801|104187.55|0|011|349|||||6.125|0.00||||||||||||||||||||104187.55
F07Q10002252|200802|104069.47|0|012|348|||||6.125|0.00||||||||||||||||||||104069.47
F07Q10002252|200803|103950.66|0|013|347|||||6.125|0.00||||||||||||||||||||103950.66
F07Q10002252|200804|103831.25|0|014|346|||||6.125|0.00||||||||||||||||||||103831.25
F07Q10002252|200805|103361.23|0|015|345|||||6.125|0.00||||||||||||||||||||103361.23
F07Q10002252|200806|103188.19|0|016|344|||||6.125|0.00||||||||||||||||||||103188.19
F07Q10002252|200807|103064.90|0|017|343|||||6.125|0.00||||||||||||||||||||103064.90
F07Q10002252|200808|102890.98|0|018|342|||||6.125|0.00||||||||||||||||||||102890.98
F07Q10002252|200809|102716.12|0|019|341|||||6.125|0.00||||||||||||||||||||102716.12
F07Q10002252|200810|102540.34|0|020|340|||||6.125|0.00||||||||||||||||||||102540.34
F07Q10002252|200811|102363.64|0|021|339|||||6.125|0.00||||||||||||||||||||102363.64
F07Q10002252|200812|102236.10|0|022|338|||||6.125|0.00||||||||||||||||||||102236.10
F07Q10002252|200901|0.00|0|023|337|||01|200901|6.125|0.00|||||||||||||||102236.10|||||0.00
F07Q10002320|200702|120000.00|0|000|360|||||6.375|0.00||||||||||||||||||||120000.00
F07Q10002320|200703|120000.00|0|001|359|||||6.375|0.00||||||||||||||||||||120000.00
F07Q10002320|200704|120000.00|0|002|358|||||6.375|0.00||||||||||||||||||||120000.00
F07Q10002320|200705|119000.00|0|003|357|||||6.375|0.00||||||||||||||||||||119000.00
F07Q10002320|200706|119000.00|0|004|356|||||6.375|0.00||||||||||||||||||||119000.00
F07Q10002320|200707|119000.00|0|005|355|||||6.375|0.00||||||||||||||||||||119000.00
F07Q10002320|200708|118000.00|0|006|354|||||6.375|0.00||||||||||||||||||||118000.00
F07Q10002320|200709|117527.20|0|007|353|||||6.375|0.00||||||||||||||||||||117527.20
F07Q10002320|200710|117527.20|0|008|352|||||6.375|0.00||||||||||||||||||||117527.20
F07Q10002320|200711|116773.93|0|009|351|||||6.375|0.00||||||||||||||||||||116773.93
F07Q10002320|200712|116773.93|0|010|350|||||6.375|0.00||||||||||||||||||||116773.93
F07Q10002320|200801|116263.99|0|011|349|||||6.375|0.00||||||||||||||||||||116263.99
F07Q10002320|200802|116106.64|0|012|348|||||6.375|0.00||||||||||||||||||||116106.64
F07Q10002320|200803|115923.46|0|013|347|||||6.375|0.00||||||||||||||||||||115923.46
F07Q10002320|200804|115739.30|0|014|346|||||6.375|0.00||||||||||||||||||||115739.30
F07Q10002320|200805|115554.17|0|015|345|||||6.375|0.00||||||||||||||||||||115554.17
F07Q10002320|200806|115368.05|0|016|344|||||6.375|0.00||||||||||||||||||||115368.05
F07Q10002320|200807|115180.94|0|017|343|||||6.375|0.00||||||||||||||||||||115180.94
F07Q10002320|200808|114992.84|0|018|342|||||6.375|0.00||||||||||||||||||||114992.84
F07Q10002320|200809|114803.74|0|019|341|||||6.375|0.00||||||||||||||||||||114803.74
F07Q10002320|200810|114613.63|0|020|340|||||6.375|0.00||||||||||||||||||||114613.63
F07Q10002320|200811|114422.51|0|021|339|||||6.375|0.00||||||||||||||||||||114422.51
F07Q10002320|200812|114230.38|0|022|338|||||6.375|0.00||||||||||||||||||||114230.38
F07Q10002320|200901|114037.23|0|023|337|||||6.375|0.00||||||||||||||||||||114037.23
F07Q10002320|200902|113843.05|0|024|336|||||6.375|0.00||||||||||||||||||||113843.05
F07Q10002320|200903|113647.84|0|025|335|||||6.375|0.00||||||||||||||||||||113647.84
F07Q10002320|200904|113451.59|0|026|334|||||6.375|0.00||||||||||||||||||||113451.59
F07Q10002320|200905|0.00|0|027|333|||01|200905|6.375|0.00|||||||||||||||113451.59|||||0.00
F07Q10002330|200702|180000.00|0|000|360|||||6.125|0.00||||||||||||||||||||180000.00
F07Q10002330|200703|180000.00|0|001|359|||||6.125|0.00||||||||||||||||||||180000.00
F07Q10002330|200704|180000.00|0|002|358|||||6.125|0.00||||||||||||||||||||180000.00
F07Q10002330|200705|179000.00|0|003|357|||||6.125|0.00||||||||||||||||||||179000.00
F07Q10002330|200706|179000.00|0|004|356|||||6.125|0.00||||||||||||||||||||179000.00
F07Q10002330|200707|179000.00|0|005|355|||||6.125|0.00||||||||||||||||||||179000.00
F07Q10002330|200708|179000.00|0|006|354|||||6.125|0.00||||||||||||||||||||179000.00
F07Q10002330|200709|178634.90|0|007|353|||||6.125|0.00||||||||||||||||||||178634.90
F07Q10002330|200710|178432.98|0|008|352|||||6.125|0.00||||||||||||||||||||178432.98
F07Q10002330|200711|178230.03|0|009|351|||||6.125|0.00||||||||||||||||||||178230.03
F07Q10002330|200712|178026.05|0|010|350|||||6.125|0.00||||||||||||||||||||178026.05
F07Q10002330|200801|177821.02|0|011|349|||||6.125|0.00||||||||||||||||||||177821.02
F07Q10002330|200802|177614.95|0|012|348|||||6.125|0.00||||||||||||||||||||177614.95
F07Q10002330|200803|177407.83|0|013|347|||||6.125|0.00||||||||||||||||||||177407.83
F07Q10002330|200804|177119.65|0|014|346|||||6.125|0.00||||||||||||||||||||177119.65
F07Q10002330|200805|176910.00|0|015|345|||||6.125|0.00||||||||||||||||||||176910.00
F07Q10002330|200806|176699.28|0|016|344|||||6.125|0.00||||||||||||||||||||176699.28
F07Q10002330|200807|176487.48|0|017|343|||||6.125|0.00||||||||||||||||||||176487.48
F07Q10002330|200808|176274.60|0|018|342|||||6.125|0.00||||||||||||||||||||176274.60
F07Q10002330|200809|176060.63|0|019|341|||||6.125|0.00||||||||||||||||||||176060.63
F07Q10002330|200810|175845.57|0|020|340|||||6.125|0.00||||||||||||||||||||175845.57
F07Q10002330|200811|175629.42|0|021|339|||||6.125|0.00||||||||||||||||||||175629.42
F07Q10002330|200812|175412.16|0|022|338|||||6.125|0.00||||||||||||||||||||175412.16
F07Q10002330|200901|175013.79|0|023|337|||||6.125|0.00||||||||||||||||||||175013.79
F07Q10002330|200902|174793.39|0|024|336|||||6.125|0.00||||||||||||||||||||174793.39
F07Q10002330|200903|174571.86|0|025|335|||||6.125|0.00||||||||||||||||||||174571.86
F07Q10002330|200904|174349.20|0|026|334|||||6.125|0.00||||||||||||||||||||174349.20
F07Q10002330|200905|174125.41|0|027|333|||||6.125|0.00||||||||||||||||||||174125.41
F07Q10002330|200906|173870.48|0|028|332|||||6.125|0.00||||||||||||||||||||173870.48
F07Q10002330|200907|173664.24|0|029|331|||||6.125|0.00||||||||||||||||||||173664.24
F07Q10002330|200908|173456.95|0|030|330|||||6.125|0.00||||||||||||||||||||173456.95
F07Q10002330|200909|173248.60|0|031|329|||||6.125|0.00||||||||||||||||||||173248.60
F07Q10002330|200910|173039.19|0|032|328|||||6.125|0.00||||||||||||||||||||173039.19
F07Q10002330|200911|172808.71|0|033|327|||||6.125|0.00||||||||||||||||||||172808.71
F07Q10002330|200912|172597.05|0|034|326|||||6.125|0.00||||||||||||||||||||172597.05
F07Q10002330|201001|172384.31|0|035|325|||||6.125|0.00||||||||||||||||||||172384.31
F07Q10002330|201002|172170.49|0|036|324|||||6.125|0.00||||||||||||||||||||172170.49
F07Q10002330|201003|171855.58|0|037|323|||||6.125|0.00||||||||||||||||||||171855.58
F07Q10002330|201004|171639.06|0|038|322|||||6.125|0.00||||||||||||||||||||171639.06
F07Q10002330|201005|171421.43|0|039|321|||||6.125|0.00||||||||||||||||||||171421.43
F07Q10002330|201006|171182.69|0|040|320|||||6.125|0.00||||||||||||||||||||171182.69
F07Q10002330|201007|170962.74|0|041|319|||||6.125|0.00||||||||||||||||||||170962.74
F07Q10002330|201008|170741.66|0|042|318|||||6.125|0.00||||||||||||||||||||170741.66
F07Q10002330|201009|170499.45|0|043|317|||||6.125|0.00||||||||||||||||||||170499.45
F07Q10002330|201010|170276.01|0|044|316|||||6.125|0.00||||||||||||||||||||170276.01
F07Q10002330|201011|170051.43|0|045|315|||||6.125|0.00||||||||||||||||||||170051.43
F07Q10002330|201012|169825.70|0|046|314|||||6.125|0.00||||||||||||||||||||169825.70
F07Q10002330|201101|169598.82|0|047|313|||||6.125|0.00||||||||||||||||||||169598.82
F07Q10002330|201102|169350.78|0|048|312|||||6.125|0.00||||||||||||||||||||169350.78
F07Q10002330|201103|169101.47|0|049|311|||||6.125|0.00||||||||||||||||||||169101.47
F07Q10002330|201104|168850.89|0|050|310|||||6.125|0.00||||||||||||||||||||168850.89
F07Q10002330|201105|168599.03|0|051|309|||||6.125|0.00||||||||||||||||||||168599.03
F07Q10002330|201106|168365.89|0|052|308|||||6.125|0.00||||||||||||||||||||168365.89
F07Q10002330|201107|168131.56|0|053|307|||||6.125|0.00||||||||||||||||||||168131.56
F07Q10002330|201108|167896.03|0|054|306|||||6.125|0.00||||||||||||||||||||167896.03
F07Q10002330|201109|167659.30|0|055|305|||||6.125|0.00||||||||||||||||||||167659.30
F07Q10002330|201110|167421.36|0|056|304|||||6.125|0.00||||||||||||||||||||167421.36
F07Q10002330|201111|167182.21|0|057|303|||||6.125|0.00||||||||||||||||||||167182.21
F07Q10002330|201112|166941.84|0|058|302|||||6.125|0.00||||||||||||||||||||166941.84
F07Q10002330|201201|166700.24|0|059|301|||||6.125|0.00||||||||||||||||||||166700.24
F07Q10002330|201202|166457.41|0|060|300|||||6.125|0.00||||||||||||||||||||166457.41
F07Q10002330|201203|166213.34|0|061|299|||||6.125|0.00||||||||||||||||||||166213.34
F07Q10002330|201204|165968.02|0|062|298|||||6.125|0.00||||||||||||||||||||165968.02
F07Q10002330|201205|165721.45|0|063|297|||||6.125|0.00||||||||||||||||||||165721.45
F07Q10002330|201206|165473.62|0|064|296|||||6.125|0.00||||||||||||||||||||165473.62
F07Q10002330|201207|165224.52|0|065|295|||||6.125|0.00||||||||||||||||||||165224.52
F07Q10002330|201208|164954.15|0|066|294|||||6.125|0.00||||||||||||||||||||164954.15
F07Q10002330|201209|164682.40|0|067|293|||||6.125|0.00||||||||||||||||||||164682.40
F07Q10002330|201210|164409.27|0|068|292|||||6.125|0.00||||||||||||||||||||164409.27
F07Q10002330|201211|164154.74|0|069|291|||||6.125|0.00||||||||||||||||||||164154.74
F07Q10002330|201212|163898.91|0|070|290|||||6.125|0.00||||||||||||||||||||163898.91
F07Q10002330|201301|163641.78|0|071|289|||||6.125|0.00||||||||||||||||||||163641.78
F07Q10002330|201302|0.00|0|072|288|||01|201302|6.125|0.00|||||||||||||||163641.78|||||0.00
F07Q10002338|200701|170000.00|0|000|360|||||7.875|0.00||||||||||||||||||||170000.00
F07Q10002338|200702|169000.00|0|001|359|||||7.875|0.00||||||||||||||||||||169000.00
F07Q10002338|200703|169000.00|0|002|358|||||7.875|0.00||||||||||||||||||||169000.00
F07Q10002338|200704|169000.00|0|003|357|||||7.875|0.00||||||||||||||||||||169000.00
F07Q10002338|200705|169000.00|0|004|356|||||7.875|0.00||||||||||||||||||||169000.00
F07Q10002338|200706|169000.00|0|005|355|||||7.875|0.00||||||||||||||||||||169000.00
F07Q10002338|200707|169000.00|0|006|354|||||7.875|0.00||||||||||||||||||||169000.00
F07Q10002338|200708|168764.70|0|007|353|||||7.875|0.00||||||||||||||||||||168764.70
F07Q10002338|200709|168642.22|0|008|352|||||7.875|0.00||||||||||||||||||||168642.22
F07Q10002338|200710|168518.93|0|009|351|||||7.875|0.00||||||||||||||||||||168518.93
F07Q10002338|200711|168394.84|0|010|350|||||7.875|0.00||||||||||||||||||||168394.84
F07Q10002338|200712|168394.84|0|011|349|||||7.875|0.00||||||||||||||||||||168394.84
F07Q10002338|200801|168143.79|0|012|348|||||7.875|0.00||||||||||||||||||||168143.79
F07Q10002338|200802|168143.79|0|013|347|||||7.875|0.00||||||||||||||||||||168143.79
F07Q10002338|200803|167884.43|0|014|346|||||7.875|0.00||||||||||||||||||||167884.43
F07Q10002338|200804|167726.17|0|015|345|||||7.875|0.00||||||||||||||||||||167726.17
F07Q10002338|200805|167596.87|0|016|344|||||7.875|0.00||||||||||||||||||||167596.87
F07Q10002338|200806|167466.72|0|017|343|||||7.875|0.00||||||||||||||||||||167466.72
F07Q10002338|200807|167335.72|0|018|342|||||7.875|0.00||||||||||||||||||||167335.72
F07Q10002338|200808|167203.86|0|019|341|||||7.875|0.00||||||||||||||||||||167203.86
F07Q10002338|200809|167203.86|0|020|340|||||7.875|0.00||||||||||||||||||||167203.86
F07Q10002338|200810|166937.13|0|021|339|||||7.875|0.00||||||||||||||||||||166937.13
F07Q10002338|200811|166937.13|0|022|338|||||7.875|0.00||||||||||||||||||||166937.13
F07Q10002338|200812|166802.24|0|023|337|||||7.875|0.00||||||||||||||||||||166802.24
F07Q10002338|200901|166666.47|1|024|336|||||7.875|0.00||||||||||||||||||||166666.47
F07Q10002338|200902|166392.67|0|025|335|||||7.875|0.00||||||||||||||||||||166392.67
F07Q10002338|200903|166392.67|0|026|334|||||7.875|0.00||||||||||||||||||||166392.67
F07Q10002338|200904|166115.67|0|027|333|||||7.875|0.00||||||||||||||||||||166115.67
F07Q10002338|200905|165975.80|0|028|332|||||7.875|0.00||||||||||||||||||||165975.80
F07Q10002338|200906|165975.80|0|029|331|||||7.875|0.00||||||||||||||||||||165975.80
F07Q10002338|200907|165692.90|0|030|330|||||7.875|0.00||||||||||||||||||||165692.90
F07Q10002338|200908|165550.26|0|031|329|||||7.875|0.00||||||||||||||||||||165550.26
F07Q10002338|200909|165406.68|0|032|328|||||7.875|0.00||||||||||||||||||||165406.68
F07Q10002338|200910|165262.16|0|033|327|||||7.875|0.00||||||||||||||||||||165262.16
F07Q10002338|200911|165262.16|0|034|326|||||7.875|0.00||||||||||||||||||||165262.16
F07Q10002338|200912|164969.87|0|035|325|||||7.875|0.00||||||||||||||||||||164969.87
F07Q10002338|201001|164822.49|0|036|324|||||7.875|0.00||||||||||||||||||||164822.49
F07Q10002338|201002|164674.14|0|037|323|||||7.875|0.00||||||||||||||||||||164674.14
F07Q10002338|201003|164524.82|0|038|322|||||7.875|0.00||||||||||||||||||||164524.82
F07Q10002338|201004|164374.51|0|039|321|||||7.875|0.00||||||||||||||||||||164374.51
F07Q10002338|201005|164223.22|0|040|320|||||7.875|0.00||||||||||||||||||||164223.22
F07Q10002338|201006|164070.94|0|041|319|||||7.875|0.00||||||||||||||||||||164070.94
F07Q10002338|201007|163917.65|0|042|318|||||7.875|0.00||||||||||||||||||||163917.65
F07Q10002338|201008|163763.36|0|043|317|||||7.875|0.00||||||||||||||||||||163763.36
F07Q10002338|201009|163608.06|0|044|316|||||7.875|0.00||||||||||||||||||||163608.06
F07Q10002338|201010|163451.74|0|045|315|||||7.875|0.00||||||||||||||||||||163451.74
F07Q10002338|201011|163451.74|0|046|314|||||7.875|0.00||||||||||||||||||||163451.74
F07Q10002338|201012|163136.02|0|047|313|||||7.875|0.00||||||||||||||||||||163136.02
F07Q10002338|201101|163136.02|0|048|312|||||7.875|0.00||||||||||||||||||||163136.02
F07Q10002338|201102|162810.72|0|049|311|||||7.875|0.00||||||||||||||||||||162810.72
F07Q10002338|201103|162649.17|0|050|310|||||7.875|0.00||||||||||||||||||||162649.17
F07Q10002338|201104|162649.17|0|051|309|||||7.875|0.00||||||||||||||||||||162649.17
F07Q10002338|201105|162481.15|1|052|308|||||7.875|0.00||||||||||||||||||||162481.15
F07Q10002338|201106|162317.74|1|053|307|||||7.875|0.00||||||||||||||||||||162317.74
F07Q10002338|201107|162317.74|1|054|306|||||7.875|0.00||||||||||||||||||||162317.74
F07Q10002338|201108|162153.23|2|055|305|||||7.875|0.00||||||||||||||||||||162153.23
F07Q10002338|201109|161820.96|1|056|304|||||7.875|0.00||||||||||||||||||||161820.96
F07Q10002338|201110|161653.19|1|057|303|||||7.875|0.00||||||||||||||||||||161653.19
F07Q10002338|201111|161653.19|2|058|302|||||7.875|0.00||||||||||||||||||||161653.19
F07Q10002338|201112|161653.19|2|059|301|||||7.875|0.00||||||||||||||||||||161653.19
F07Q10002338|201201|161484.32|3|060|300|||||7.875|0.00||||||||||||||||||||161484.32
F07Q10002338|201202|161314.34|3|061|299|||||7.875|0.00||||||||||||||||||||161314.34
F07Q10002338|201203|161314.34|4|062|298|||||7.875|0.00||||||||||||||||||||161314.34
F07Q10002338|201204|161314.34|5|063|297|||||7.875|0.00||||||||||||||||||||161314.34
F07Q10002338|201205|161314.34|6|064|296|||||7.875|0.00||||||||||||||||||||161314.34
F07Q10002338|201206|161314.34|7|065|295|||||7.875|0.00||||||||||||||||||||161314.34
F07Q10002338|201207|161314.34|8|066|294|||||7.875|0.00||||||||||||||||||||161314.34
F07Q10002338|201208|161314.34|9|067|293|||||7.875|0.00||||||||||||||||||||161314.34
F07Q10002338|201209|161314.34|10|068|292|||||7.875|0.00||||||||||||||||||||161314.34
F07Q10002338|201210|161314.34|11|069|291|||||7.875|0.00||||||||||||||||||||161314.34
F07Q10002338|201211|161314.34|12|070|290|||||7.875|0.00||||||||||||||||||||161314.34
F07Q10002338|201212|161314.34|13|071|289|||||7.875|0.00||||||||||||||||||||161314.34
F07Q10002338|201301|161314.34|14|072|288|||||7.875|0.00||||||||||||||||||||161314.34
F07Q10002338|201302|161314.34|15|073|287|||||7.875|0.00||||||||||||||||||||161314.34
F07Q10002338|201303|161314.34|16|074|286|||||7.875|0.00||||||||||||||||||||161314.34
F07Q10002338|201304|161314.34|17|075|285|||||7.875|0.00||||||||||||||||||||161314.34
F07Q10002338|201305|161314.34|18|076|284|||||7.875|0.00||||||||||||||||||||161314.34
F07Q10002338|201306|161314.34|19|077|283|||||7.875|0.00||||||||||||||||||||161314.34
F07Q10002338|201307|161314.34|20|078|282|||||7.875|0.00||||||||||||||||||||161314.34
F07Q10002338|201308|161314.34|21|079|281|||||7.875|0.00||||||||||||||||||||161314.34
F07Q10002338|201309|161314.34|22|080|280|||||7.875|0.00||||||||||||||||||||161314.34
F07Q10002338|201310|161314.34|23|081|279|||||7.875|0.00||||||||||||||||||||161314.34
F07Q10002338|201311|161314.34|24|082|278|||||7.875|0.00||||||||||||||||||||161314.34
F07Q10002338|201312|161314.34|25|083|277|||||7.875|0.00||||||||||||||||||||161314.34
F07Q10002338|201401|161314.34|26|084|276|||||7.875|0.00||||||||||||||||||||161314.34
F07Q10002338|201402|161314.34|27|085|275|||||7.875|0.00||||||||||||||||||||161314.34
F07Q10002338|201403|161314.34|28|086|274|||||7.875|0.00||||||||||||||||||||161314.34
F07Q10002338|201404|161314.34|29|087|273|||||7.875|0.00||||||||||||||||||||161314.34
F07Q10002338|201405|161314.34|30|088|272|||||7.875|0.00||||||||||||||||||||161314.34
F07Q10002338|201406|161314.34|31|089|271|||||7.875|0.00||||||||||||||||||||161314.34
F07Q10002338|201407|161314.34|32|090|270|||||7.875|0.00||||||||||||||||||||161314.34
F07Q10002338|201408|161314.34|33|091|269|||||7.875|0.00||||||||||||||||||||161314.34
F07Q10002338|201409|161314.34|34|092|268|||||7.875|0.00||||||||||||||||||||161314.34
F07Q10002338|201410|161314.34|35|093|267|||||7.875|0.00||||||||||||||||||||161314.34
F07Q10002338|201411|161314.34|36|094|266|||||7.875|0.00||||||||||||||||||||161314.34
F07Q10002338|201412|161314.34|37|095|265|||||7.875|0.00||||||||||||||||||||161314.34
F07Q10002338|201501|161314.34|38|096|264|||||7.875|0.00||||||||||||||||||||161314.34
F07Q10002338|201502|161314.34|39|097|263|||||7.875|0.00||||||||||||||||||||161314.34
F07Q10002338|201503|161314.34|40|098|262|||||7.875|0.00||||||||||||||||||||161314.34
F07Q10002338|201504|161314.34|41|099|261|||||7.875|0.00||||||||||||||||||||161314.34
F07Q10002338|201505|161314.34|42|100|260|||||7.875|0.00||||||||||||||||||||161314.34
F07Q10002338|201506|161314.34|43|101|259|||||7.875|0.00||||||||||||||||||||161314.34
F07Q10002338|201507|161314.34|44|102|258|||||7.875|0.00||||||||||||||||||||161314.34
F07Q10002338|201508|161314.34|45|103|257|||||7.875|0.00||||||||||||||||||||161314.34
F07Q10002338|201509|161314.34|46|104|256|||||7.875|0.00||||||||||||||||||||161314.34
F07Q10002338|201510|161314.34|47|105|255|||||7.875|0.00||||||||||||||||||||161314.34
F07Q10002338|201511|161314.34|48|106|254|||||7.875|0.00||||||||||||||||||||161314.34
F07Q10002338|201512|161314.34|49|107|253|||||7.875|0.00||||||||||||||||||||161314.34
F07Q10002338|201601|0.00|50|108|252|||02|201601|7.875|0.00|201111|0.00|52000|0.00|-100874.27|-5424.06|-29682.61|-63927.60|-1840.00|-258354.38|||||161314.34|48165.77||||0.00
F07Q10002359|200702|536000.00|0|000|360|||||5.875|0.00||||||||||||||||||||536000.00
F07Q10002359|200703|535000.00|0|001|359|||||5.875|0.00||||||||||||||||||||535000.00
F07Q10002359|200704|535000.00|0|002|358|||||5.875|0.00||||||||||||||||||||535000.00
F07Q10002359|200705|534000.00|0|003|357|||||5.875|0.00||||||||||||||||||||534000.00
F07Q10002359|200706|534000.00|0|004|356|||||5.875|0.00||||||||||||||||||||534000.00
F07Q10002359|200707|533000.00|0|005|355|||||5.875|0.00||||||||||||||||||||533000.00
F07Q10002359|200708|533000.00|0|006|354|||||5.875|0.00||||||||||||||||||||533000.00
F07Q10002359|200709|532118.05|0|007|353|||||5.875|0.00||||||||||||||||||||532118.05
F07Q10002359|200710|531552.57|0|008|352|||||5.875|0.00||||||||||||||||||||531552.57
F07Q10002359|200711|530984.32|0|009|351|||||5.875|0.00||||||||||||||||||||530984.32
F07Q10002359|200712|530413.29|0|010|350|||||5.875|0.00||||||||||||||||||||530413.29
F07Q10002359|200801|529839.47|0|011|349|||||5.875|0.00||||||||||||||||||||529839.47
F07Q10002359|200802|529262.84|0|012|348|||||5.875|0.00||||||||||||||||||||529262.84
F07Q10002359|200803|528683.38|0|013|347|||||5.875|0.00||||||||||||||||||||528683.38
F07Q10002359|200804|528101.09|0|014|346|||||5.875|0.00||||||||||||||||||||528101.09
F07Q10002359|200805|527515.94|0|015|345|||||5.875|0.00||||||||||||||||||||527515.94
F07Q10002359|200806|526927.93|0|016|344|||||5.875|0.00||||||||||||||||||||526927.93
F07Q10002359|200807|526337.04|0|017|343|||||5.875|0.00||||||||||||||||||||526337.04
F07Q10002359|200808|525743.26|0|018|342|||||5.875|0.00||||||||||||||||||||525743.26
F07Q10002359|200809|525146.57|0|019|341|||||5.875|0.00||||||||||||||||||||525146.57
F07Q10002359|200810|524546.96|0|020|340|||||5.875|0.00||||||||||||||||||||524546.96
F07Q10002359|200811|523944.41|0|021|339|||||5.875|0.00||||||||||||||||||||523944.41
F07Q10002359|200812|523338.91|0|022|338|||||5.875|0.00||||||||||||||||||||523338.91
F07Q10002359|200901|521563.09|0|023|337|||||5.875|0.00||||||||||||||||||||521563.09
F07Q10002359|200902|520945.94|0|024|336|||||5.875|0.00||||||||||||||||||||520945.94
F07Q10002359|200903|520325.76|0|025|335|||||5.875|0.00||||||||||||||||||||520325.76
F07Q10002359|200904|520325.76|0|026|334|||||5.875|0.00||||||||||||||||||||520325.76
F07Q10002359|200905|519076.29|0|027|333|||||5.875|0.00||||||||||||||||||||519076.29
F07Q10002359|200906|519076.29|0|028|332|||||5.875|0.00||||||||||||||||||||519076.29
F07Q10002359|200907|518446.96|0|029|331|||||5.875|0.00||||||||||||||||||||518446.96
F07Q10002359|200908|517814.55|0|030|330|||||5.875|0.00||||||||||||||||||||517814.55
F07Q10002359|200909|516540.42|0|031|329|||||5.875|0.00||||||||||||||||||||516540.42
F07Q10002359|200910|515898.68|0|032|328|||||5.875|0.00||||||||||||||||||||515898.68
F07Q10002359|200911|515253.79|0|033|327|||||5.875|0.00||||||||||||||||||||515253.79
F07Q10002359|200912|515253.79|0|034|326|||||5.875|0.00||||||||||||||||||||515253.79
F07Q10002359|201001|513954.53|0|035|325|||||5.875|0.00||||||||||||||||||||513954.53
F07Q10002359|201002|513300.13|0|036|324|||||5.875|0.00||||||||||||||||||||513300.13
F07Q10002359|201003|512483.99|0|037|323|||||5.875|0.00||||||||||||||||||||512483.99
F07Q10002359|201004|511822.64|0|038|322|||||5.875|0.00||||||||||||||||||||511822.64
F07Q10002359|201005|511157.80|0|039|321|||||5.875|0.00||||||||||||||||||||511157.80
F07Q10002359|201006|510489.70|0|040|320|||||5.875|0.00||||||||||||||||||||510489.70
F07Q10002359|201007|509818.33|0|041|319|||||5.875|0.00||||||||||||||||||||509818.33
F07Q10002359|201008|509143.68|0|042|318|||||5.875|0.00||||||||||||||||||||509143.68
F07Q10002359|201009|508465.72|0|043|317|||||5.875|0.00||||||||||||||||||||508465.72
F07Q10002359|201010|507784.44|0|044|316|||||5.875|0.00||||||||||||||||||||507784.44
F07Q10002359|201011|507099.83|0|045|315|||||5.875|0.00||||||||||||||||||||507099.83
F07Q10002359|201012|506411.87|0|046|314|||||5.875|0.00||||||||||||||||||||506411.87
F07Q10002359|201101|505720.54|0|047|313|||||5.875|0.00||||||||||||||||||||505720.54
F07Q10002359|201102|505025.82|0|048|312|||||5.875|0.00||||||||||||||||||||505025.82
F07Q10002359|201103|504327.70|0|049|311|||||5.875|0.00||||||||||||||||||||504327.70
F07Q10002359|201104|503626.16|0|050|310|||||5.875|0.00||||||||||||||||||||503626.16
F07Q10002359|201105|502921.19|0|051|309|||||5.875|0.00||||||||||||||||||||502921.19
F07Q10002359|201106|502212.77|0|052|308|||||5.875|0.00||||||||||||||||||||502212.77
F07Q10002359|201107|502212.77|0|053|307|||||5.875|0.00||||||||||||||||||||502212.77
F07Q10002359|201108|500785.50|0|054|306|||||5.875|0.00||||||||||||||||||||500785.50
F07Q10002359|201109|500066.62|0|055|305|||||5.875|0.00||||||||||||||||||||500066.62
F07Q10002359|201110|499344.22|0|056|304|||||5.875|0.00||||||||||||||||||||499344.22
F07Q10002359|201111|498618.29|0|057|303|||||5.875|0.00||||||||||||||||||||498618.29
F07Q10002359|201112|497888.80|0|058|302|||||5.875|0.00||||||||||||||||||||497888.80
F07Q10002359|201201|497155.74|0|059|301|||||5.875|0.00||||||||||||||||||||497155.74
F07Q10002359|201202|496419.09|0|060|300|||||5.875|0.00||||||||||||||||||||496419.09
F07Q10002359|201203|495678.84|0|061|299|||||5.875|0.00||||||||||||||||||||495678.84
F07Q10002359|201204|494934.96|0|062|298|||||5.875|0.00||||||||||||||||||||494934.96
F07Q10002359|201205|494187.44|0|063|297|||||5.875|0.00||||||||||||||||||||494187.44
F07Q10002359|201206|493436.26|0|064|296|||||5.875|0.00||||||||||||||||||||493436.26
F07Q10002359|201207|492681.40|0|065|295|||||5.875|0.00||||||||||||||||||||492681.40
F07Q10002359|201208|491922.85|0|066|294|||||5.875|0.00||||||||||||||||||||491922.85
F07Q10002359|201209|491160.58|0|067|293|||||5.875|0.00||||||||||||||||||||491160.58
F07Q10002359|201210|490394.58|0|068|292|||||5.875|0.00||||||||||||||||||||490394.58
F07Q10002359|201211|489624.83|0|069|291|||||5.875|0.00||||||||||||||||||||489624.83
F07Q10002359|201212|488851.31|0|070|290|||||5.875|0.00||||||||||||||||||||488851.31
F07Q10002359|201301|488074.00|0|071|289|||||5.875|0.00||||||||||||||||||||488074.00
F07Q10002359|201302|487292.89|0|072|288|||||5.875|0.00||||||||||||||||||||487292.89
F07Q10002359|201303|486507.95|0|073|287|||||5.875|0.00||||||||||||||||||||486507.95
F07Q10002359|201304|485719.17|0|074|286|||||5.875|0.00||||||||||||||||||||485719.17
F07Q10002359|201305|484926.53|0|075|285|||||5.875|0.00||||||||||||||||||||484926.53
F07Q10002359|201306|484130.01|0|076|284|||||5.875|0.00||||||||||||||||||||484130.01
F07Q10002359|201307|483329.59|0|077|283|||||5.875|0.00||||||||||||||||||||483329.59
F07Q10002359|201308|482525.25|0|078|282|||||5.875|0.00||||||||||||||||||||482525.25
F07Q10002359|201309|481716.97|0|079|281|||||5.875|0.00||||||||||||||||||||481716.97
F07Q10002359|201310|480904.74|0|080|280|||||5.875|0.00||||||||||||||||||||480904.74
F07Q10002359|201311|480073.04|0|081|279|||||5.875|0.00||||||||||||||||||||480073.04
F07Q10002359|201312|479237.27|0|082|278|||||5.875|0.00||||||||||||||||||||479237.27
F07Q10002359|201401|478397.41|0|083|277|||||5.875|0.00||||||||||||||||||||478397.41
F07Q10002359|201402|477553.43|0|084|276|||||5.875|0.00||||||||||||||||||||477553.43
F07Q10002359|201403|476705.32|0|085|275|||||5.875|0.00||||||||||||||||||||476705.32
F07Q10002359|201404|475853.06|0|086|274|||||5.875|0.00||||||||||||||||||||475853.06
F07Q10002359|201405|474996.63|0|087|273|||||5.875|0.00||||||||||||||||||||474996.63
F07Q10002359|201406|474136.00|0|088|272|||||5.875|0.00||||||||||||||||||||474136.00
F07Q10002359|201407|473271.16|0|089|271|||||5.875|0.00||||||||||||||||||||473271.16
F07Q10002359|201408|472402.09|0|090|270|||||5.875|0.00||||||||||||||||||||472402.09
F07Q10002359|201409|471528.76|0|091|269|||||5.875|0.00||||||||||||||||||||471528.76
F07Q10002359|201410|470651.16|0|092|268|||||5.875|0.00||||||||||||||||||||470651.16
F07Q10002359|201411|469784.75|0|093|267|||||5.875|0.00||||||||||||||||||||469784.75
F07Q10002359|201412|468914.10|0|094|266|||||5.875|0.00||||||||||||||||||||468914.10
F07Q10002359|201501|468039.19|0|095|265|||||5.875|0.00||||||||||||||||||||468039.19
F07Q10002359|201502|467159.99|0|096|264|||||5.875|0.00||||||||||||||||||||467159.99
F07Q10002359|201503|466276.49|0|097|263|||||5.875|0.00||||||||||||||||||||466276.49
F07Q10002359|201504|465388.66|0|098|262|||||5.875|0.00||||||||||||||||||||465388.66
F07Q10002359|201505|464496.49|0|099|261|||||5.875|0.00||||||||||||||||||||464496.49
F07Q10002359|201506|463599.95|0|100|260|||||5.875|0.00||||||||||||||||||||463599.95
F07Q10002359|201507|462699.02|0|101|259|||||5.875|0.00||||||||||||||||||||462699.02
F07Q10002359|201508|461793.68|0|102|258|||||5.875|0.00||||||||||||||||||||461793.68
F07Q10002359|201509|460883.90|0|103|257|||||5.875|0.00||||||||||||||||||||460883.90
F07Q10002359|201510|459969.67|0|104|256|||||5.875|0.00||||||||||||||||||||459969.67
F07Q10002359|201511|459050.96|0|105|255|||||5.875|0.00||||||||||||||||||||459050.96
F07Q10002359|201512|458127.76|0|106|254|||||5.875|0.00||||||||||||||||||||458127.76
F07Q10002359|201601|457200.04|0|107|253|||||5.875|0.00||||||||||||||||||||457200.04
F07Q10002359|201602|456267.78|0|108|252|||||5.875|0.00||||||||||||||||||||456267.78
F07Q10002359|201603|455330.95|0|109|251|||||5.875|0.00||||||||||||||||||||455330.95
F07Q10002359|201604|454389.53|0|110|250|||||5.875|0.00||||||||||||||||||||454389.53
F07Q10002359|201605|453443.51|0|111|249|||||5.875|0.00||||||||||||||||||||453443.51
F07Q10002359|201606|452492.85|0|112|248|||||5.875|0.00||||||||||||||||||||452492.85
F07Q10002359|201607|451537.54|0|113|247|||||5.875|0.00||||||||||||||||||||451537.54
F07Q10002359|201608|450577.55|0|114|246|||||5.875|0.00||||||||||||||||||||450577.55
F07Q10002359|201609|449612.86|0|115|245|||||5.875|0.00||||||||||||||||||||449612.86
F07Q10002359|201610|448643.45|0|116|244|||||5.875|0.00||||||||||||||||||||448643.45
F07Q10002359|201611|447669.29|0|117|243|||||5.875|0.00||||||||||||||||||||447669.29
F07Q10002359|201612|446690.36|0|118|242|||||5.875|0.00||||||||||||||||||||446690.36
F07Q10002359|201701|445706.64|0|119|241|||||5.875|0.00||||||||||||||||||||445706.64
F07Q10002359|201702|444718.11|0|120|240|||||5.875|0.00||||||||||||||||||||444718.11
F07Q10002359|201703|443724.74|0|121|239|||||5.875|0.00||||||||||||||||||||443724.74
F07Q10002359|201704|442726.50|0|122|238|||||5.875|0.00||||||||||||||42||||||442726.50
F07Q10002359|201705|441723.38|0|123|237|||||5.875|0.00||||||||||||||43||||||441723.38
F07Q10002359|201706|440715.34|0|124|236|||||5.875|0.00||||||||||||||43||||||440715.34
F07Q10002359|201707|439702.37|0|125|235|||||5.875|0.00||||||||||||||42||||||439702.37
F07Q10002359|201708|438684.44|0|126|234|||||5.875|0.00||||||||||||||43||||||438684.44
F07Q10002359|201709|437661.53|0|127|233|||||5.875|0.00||||||||||||||44||||||437661.53
F07Q10002359|201710|436633.61|0|128|232|||||5.875|0.00||||||||||||||44||||||436633.61
F07Q10002359|201711|435600.66|0|129|231|||||5.875|0.00||||||||||||||43||||||435600.66
F07Q10002359|201712|434562.65|0|130|230|||||5.875|0.00||||||||||||||43||||||434562.65
F07Q10002359|201801|433519.56|0|131|229|||||5.875|0.00||||||||||||||43||||||433519.56
F07Q10002359|201802|432471.36|0|132|228|||||5.875|0.00||||||||||||||43||||||432471.36
F07Q10002359|201803|431418.03|0|133|227|||||5.875|0.00||||||||||||||44||||||431418.03
F07Q10002359|201804|430359.54|0|134|226|||||5.875|0.00||||||||||||||44||||||430359.54
F07Q10002359|201805|429295.87|0|135|225|||||5.875|0.00||||||||||||||44||||||429295.87
F07Q10002359|201806|428226.99|0|136|224|||||5.875|0.00||||||||||||||43||||||428226.99
F07Q10002359|201807|427152.88|0|137|223|||||5.875|0.00||||||||||||||42||||||427152.88
F07Q10002359|201808|426073.51|0|138|222|||||5.875|0.00||||||||||||||43||||||426073.51
F07Q10002359|201809|424988.85|0|139|221|||||5.875|0.00||||||||||||||44||||||424988.85
F07Q10002359|201810|423898.88|0|140|220|||||5.875|0.00||||||||||||||43||||||423898.88
F07Q10002359|201811|422803.58|0|141|219|||||5.875|0.00||||||||||||||42||||||422803.58
F07Q10002359|201812|421702.92|0|142|218|||||5.875|0.00||||||||||||||42||||||421702.92
F07Q10002359|201901|420596.87|0|143|217|||||5.875|0.00||||||||||||||42||||||420596.87
F07Q10002359|201902|419485.40|0|144|216|||||5.875|0.00||||||||||||||42||||||419485.40
F07Q10002359|201903|418368.49|0|145|215|||||5.875|0.00||||||||||||||42||||||418368.49
F07Q10002359|201904|417246.11|0|146|214|||||5.875|0.00||||||||||||||42||||||417246.11
F07Q10002359|201905|416118.24|0|147|213|||||5.875|0.00||||||||||||||42||||||416118.24
F07Q10002359|201906|414984.85|0|148|212|||||5.875|0.00||||||||||||||42||||||414984.85
F07Q10002359|201907|413845.91|0|149|211|||||5.875|0.00||||||||||||||42||||||413845.91
F07Q10002359|201908|412701.39|0|150|210|||||5.875|0.00||||||||||||||42||||||412701.39
F07Q10002359|201909|411551.27|0|151|209|||||5.875|0.00||||||||||||||42||||||411551.27
F07Q10002359|201910|410395.52|0|152|208|||||5.875|0.00||||||||||||||42||||||410395.52
F07Q10002359|201911|409234.11|0|153|207|||||5.875|0.00||||||||||||||42||||||409234.11
F07Q10002359|201912|408067.01|0|154|206|||||5.875|0.00||||||||||||||41||||||408067.01
F07Q10002359|202001|406894.20|0|155|205|||||5.875|0.00||||||||||||||40||||||406894.20
F07Q10002359|202002|405715.65|0|156|204|||||5.875|0.00||||||||||||||40||||||405715.65
F07Q10002359|202003|404531.33|0|157|203|||||5.875|0.00||||||||||||||40||||||404531.33
F07Q10002359|202004|403341.21|0|158|202|||||5.875|0.00||||||||||||||40||||||403341.21
F07Q10002359|202005|402145.26|0|159|201|||||5.875|0.00||||||||||||||40||||||402145.26
F07Q10002359|202006|400943.46|0|160|200|||||5.875|0.00||||||||||||||40||||||400943.46
F07Q10002359|202007|399735.77|0|161|199|||||5.875|0.00||||||||||||||40||||||399735.77
F07Q10002359|202008|398522.17|0|162|198|||||5.875|0.00||||||||||||||40||||||398522.17
F07Q10002359|202009|397302.63|0|163|197|||||5.875|0.00||||||||||||||38||||||397302.63
F07Q10002359|202010|396077.12|0|164|196|||||5.875|0.00||||||||||||||38||||||396077.12
F07Q10002359|202011|394845.61|0|165|195|||||5.875|0.00||||||||||||||37||||||394845.61
F07Q10002359|202012|393608.07|0|166|194|||||5.875|0.00||||||||||||||37||||||393608.07
F07Q10002359|202101|392364.47|0|167|193|||||5.875|0.00||||||||||||||36||||||392364.47
F07Q10002359|202102|391114.78|0|168|192|||||5.875|0.00||||||||||||||35||||||391114.78
F07Q10002359|202103|389858.97|0|169|191|||||5.875|0.00||||||||||||||34||||||389858.97
F07Q10002359|202104|388597.01|0|170|190|||||5.875|0.00||||||||||||||34||||||388597.01
F07Q10002359|202105|387328.88|0|171|189|||||5.875|0.00||||||||||||||31||||||387328.88
F07Q10002359|202106|386054.54|0|172|188|||||5.875|0.00||||||||||||||28||||||386054.54
F07Q10002359|202107|384773.96|0|173|187|||||5.875|0.00||||||||||||||30||||||384773.96
F07Q10002359|202108|383487.11|0|174|186|||||5.875|0.00||||||||||||||29||||||383487.11
F07Q10002359|202109|382193.96|0|175|185|||||5.875|0.00||||||||||||||28||||||382193.96
F07Q10002359|202110|380894.48|0|176|184|||||5.875|0.00||||||||||||||28||||||380894.48
F07Q10002359|202111|379588.64|0|177|183|||||5.875|0.00||||||||||||||27||||||379588.64
F07Q10002359|202112|378276.40|0|178|182|||||5.875|0.00||||||||||||||29||||||378276.40
F07Q10002359|202201|376957.74|0|179|181|||||5.875|0.00||||||||||||||28||||||376957.74
F07Q10002359|202202|375632.62|0|180|180|||||5.875|0.00||||||||||||||29||||||375632.62
F07Q10002359|202203|374301.01|0|181|179|||||5.875|0.00||||||||||||||29||||||374301.01
F07Q10002359|202204|372962.89|0|182|178|||||5.875|0.00||||||||||||||29||||||372962.89
F07Q10002359|202205|371618.21|0|183|177|||||5.875|0.00||||||||||||||27||||||371618.21
F07Q10002359|202206|370266.95|0|184|176|||||5.875|0.00||||||||||||||25||||||370266.95
F07Q10002359|202207|368909.08|0|185|175|||||5.875|0.00||||||||||||||26||||||368909.08
F07Q10002359|202208|367544.56|0|186|174|||||5.875|0.00||||||||||||||28||||||367544.56
F07Q10002359|202209|366173.36|0|187|173|||||5.875|0.00||||||||||||||29||||||366173.36
F07Q10002359|202210|364795.44|0|188|172|||||5.875|0.00||||||||||||||30||||||364795.44
F07Q10002359|202211|363410.78|0|189|171|||||5.875|0.00||||||||||||||30||||||363410.78
F07Q10002359|202212|362019.34|0|190|170|||||5.875|0.00||||||||||||||32||||||362019.34
F07Q10002359|202301|360621.09|0|191|169|||||5.875|0.00||||||||||||||29||||||360621.09
F07Q10002359|202302|359215.99|0|192|168|||||5.875|0.00||||||||||||||28||||||359215.99
F07Q10002359|202303|357804.01|0|193|167|||||5.875|0.00||||||||||||||28||||||357804.01
F07Q10002359|202304|356385.12|0|194|166|||||5.875|0.00||||||||||||||27||||||356385.12
F07Q10002359|202305|354959.28|0|195|165|||||5.875|0.00||||||||||||||27||||||354959.28
F07Q10002359|202306|353526.46|0|196|164|||||5.875|0.00||||||||||||||26||||||353526.46
F07Q10002359|202307|352086.63|0|197|163|||||5.875|0.00||||||||||||||27||||||352086.63
F07Q10002359|202308|350639.75|0|198|162|||||5.875|0.00||||||||||||||27||||||350639.75
F07Q10002359|202309|349185.78|0|199|161|||||5.875|0.00||||||||||||||27||||||349185.78
F07Q10002359|202310|347724.70|0|200|160|||||5.875|0.00||||||||||||||26||||||347724.70
F07Q10002359|202311|346256.46|0|201|159|||||5.875|0.00||||||||||||||27||||||346256.46
F07Q10002359|202312|344781.03|0|202|158|||||5.875|0.00||||||||||||||27||||||344781.03
F07Q10002359|202401|343298.38|0|203|157|||||5.875|0.00||||||||||||||27||||||343298.38
F07Q10002359|202402|341808.47|0|204|156|||||5.875|0.00||||||||||||||27||||||341808.47
F07Q10002359|202403|340311.27|0|205|155|||||5.875|0.00||||||||||||||26||||||340311.27
F07Q10002359|202404|338806.74|0|206|154|||||5.875|0.00||||||||||||||25||||||338806.74
F07Q10002359|202405|337294.84|0|207|153|||||5.875|0.00||||||||||||||24||||||337294.84
F07Q10002359|202406|335775.54|0|208|152|||||5.875|0.00||||||||||||||25||||||335775.54
F07Q10002359|202407|334248.80|0|209|151|||||5.875|0.00||||||||||||||24||||||334248.80
F07Q10002359|202408|332714.59|0|210|150|||||5.875|0.00||||||||||||||23||||||332714.59
F07Q10002359|202409|331172.87|0|211|149|||||5.875|0.00||||||||||||||23||||||331172.87
F07Q10002359|202410|329623.60|0|212|148|||||5.875|0.00||||||||||||||25||||||329623.60
F07Q10002359|202411|328066.74|0|213|147|||||5.875|0.00||||||||||||||25||||||328066.74
F07Q10002359|202412|326502.26|0|214|146|||||5.875|0.00||||||||||||||24||||||326502.26
F07Q10002359|202501|324930.12|0|215|145|||||5.875|0.00||||||||||||||24||||||324930.12
F07Q10002359|202502|323350.28|0|216|144|||||5.875|0.00||||||||||||||24||||||323350.28
F07Q10002359|202503|321762.71|0|217|143|||||5.875|0.00||||||||||||||24||||||321762.71
F07Q10002359|202504|320167.37|0|218|142|||||5.875|0.00||||||||||||||23||||||320167.37
F07Q10002359|202505|318564.22|0|219|141|||||5.875|0.00||||||||||||||23||||||318564.22
F07Q10002359|202506|316953.22|0|220|140|||||5.875|0.00||||||||||||||22||||||316953.22
F07Q10002359|202507|315334.33|0|221|139|||||5.875|0.00||||||||||||||23||||||315334.33
F07Q10002359|202508|313707.51|0|222|138|||||5.875|0.00||||||||||||||22||||||313707.51
F07Q10002359|202509|312072.73|0|223|137|||||5.875|0.00||||||||||||||22||||||312072.73
F07Q10002381|200702|234000.00|0|000|360|||||6.250|0.00||||||||||||||||||||234000.00
F07Q10002381|200703|234000.00|0|001|359|||||6.250|0.00||||||||||||||||||||234000.00
F07Q10002381|200704|234000.00|0|002|358|||||6.250|0.00||||||||||||||||||||234000.00
F07Q10002381|200705|234000.00|0|003|357|||||6.250|0.00||||||||||||||||||||234000.00
F07Q10002381|200706|234000.00|0|004|356|||||6.250|0.00||||||||||||||||||||234000.00
F07Q10002381|200707|233000.00|0|005|355|||||6.250|0.00||||||||||||||||||||233000.00
F07Q10002381|200708|233000.00|0|006|354|||||6.250|0.00||||||||||||||||||||233000.00
F07Q10002381|200709|232818.60|0|007|353|||||6.250|0.00||||||||||||||||||||232818.60
F07Q10002381|200710|232587.96|0|008|352|||||6.250|0.00||||||||||||||||||||232587.96
F07Q10002381|200711|232356.12|0|009|351|||||6.250|0.00||||||||||||||||||||232356.12
F07Q10002381|200712|232123.07|0|010|350|||||6.250|0.00||||||||||||||||||||232123.07
F07Q10002381|200801|231888.80|0|011|349|||||6.250|0.00||||||||||||||||||||231888.80
F07Q10002381|200802|231653.31|0|012|348|||||6.250|0.00||||||||||||||||||||231653.31
F07Q10002381|200803|231416.60|0|013|347|||||6.250|0.00||||||||||||||||||||231416.60
F07Q10002381|200804|231178.65|0|014|346|||||6.250|0.00||||||||||||||||||||231178.65
F07Q10002381|200805|230939.47|0|015|345|||||6.250|0.00||||||||||||||||||||230939.47
F07Q10002381|200806|230699.04|0|016|344|||||6.250|0.00||||||||||||||||||||230699.04
F07Q10002381|200807|230457.36|0|017|343|||||6.250|0.00||||||||||||||||||||230457.36
F07Q10002381|200808|230214.42|0|018|342|||||6.250|0.00||||||||||||||||||||230214.42
F07Q10002381|200809|229970.21|0|019|341|||||6.250|0.00||||||||||||||||||||229970.21
F07Q10002381|200810|229724.73|0|020|340|||||6.250|0.00||||||||||||||||||||229724.73
F07Q10002381|200811|229477.97|0|021|339|||||6.250|0.00||||||||||||||||||||229477.97
F07Q10002381|200812|229229.93|0|022|338|||||6.250|0.00||||||||||||||||||||229229.93
F07Q10002381|200901|228980.60|0|023|337|||||6.250|0.00||||||||||||||||||||228980.60
F07Q10002381|200902|228729.97|0|024|336|||||6.250|0.00||||||||||||||||||||228729.97
F07Q10002381|200903|228478.03|0|025|335|||||6.250|0.00||||||||||||||||||||228478.03
F07Q10002381|200904|228224.78|0|026|334|||||6.250|0.00||||||||||||||||||||228224.78
F07Q10002381|200905|227970.21|0|027|333|||||6.250|0.00||||||||||||||||||||227970.21
F07Q10002381|200906|227714.31|0|028|332|||||6.250|0.00||||||||||||||||||||227714.31
F07Q10002381|200907|227457.08|0|029|331|||||6.250|0.00||||||||||||||||||||227457.08
F07Q10002381|200908|227198.51|0|030|330|||||6.250|0.00||||||||||||||||||||227198.51
F07Q10002381|200909|226938.60|0|031|329|||||6.250|0.00||||||||||||||||||||226938.60
F07Q10002381|200910|226677.33|0|032|328|||||6.250|0.00||||||||||||||||||||226677.33
F07Q10002381|200911|226414.70|0|033|327|||||6.250|0.00||||||||||||||||||||226414.70
F07Q10002381|200912|226150.70|0|034|326|||||6.250|0.00||||||||||||||||||||226150.70
F07Q10002381|201001|225885.33|0|035|325|||||6.250|0.00||||||||||||||||||||225885.33
F07Q10002381|201002|225618.58|0|036|324|||||6.250|0.00||||||||||||||||||||225618.58
F07Q10002381|201003|225350.44|0|037|323|||||6.250|0.00||||||||||||||||||||225350.44
F07Q10002381|201004|225080.90|0|038|322|||||6.250|0.00||||||||||||||||||||225080.90
F07Q10002381|201005|224809.96|0|039|321|||||6.250|0.00||||||||||||||||||||224809.96
F07Q10002381|201006|224537.61|0|040|320|||||6.250|0.00||||||||||||||||||||224537.61
F07Q10002381|201007|224263.84|0|041|319|||||6.250|0.00||||||||||||||||||||224263.84
F07Q10002381|201008|223988.64|0|042|318|||||6.250|0.00||||||||||||||||||||223988.64
F07Q10002381|201009|223712.01|0|043|317|||||6.250|0.00||||||||||||||||||||223712.01
F07Q10002381|201010|223433.94|0|044|316|||||6.250|0.00||||||||||||||||||||223433.94
F07Q10002381|201011|223154.42|0|045|315|||||6.250|0.00||||||||||||||||||||223154.42
F07Q10002381|201012|222873.44|0|046|314|||||6.250|0.00||||||||||||||||||||222873.44
F07Q10002381|201101|222591.00|0|047|313|||||6.250|0.00||||||||||||||||||||222591.00
F07Q10002381|201102|222307.09|0|048|312|||||6.250|0.00||||||||||||||||||||222307.09
F07Q10002381|201103|222021.70|0|049|311|||||6.250|0.00||||||||||||||||||||222021.70
F07Q10002381|201104|221734.82|0|050|310|||||6.250|0.00||||||||||||||||||||221734.82
F07Q10002381|201105|221446.45|0|051|309|||||6.250|0.00||||||||||||||||||||221446.45
F07Q10002381|201106|221156.58|0|052|308|||||6.250|0.00||||||||||||||||||||221156.58
F07Q10002381|201107|220865.20|0|053|307|||||6.250|0.00||||||||||||||||||||220865.20
F07Q10002381|201108|220572.30|0|054|306|||||6.250|0.00||||||||||||||||||||220572.30
F07Q10002381|201109|220277.87|0|055|305|||||6.250|0.00||||||||||||||||||||220277.87
F07Q10002381|201110|219981.91|0|056|304|||||6.250|0.00||||||||||||||||||||219981.91
F07Q10002381|201111|219684.41|0|057|303|||||6.250|0.00||||||||||||||||||||219684.41
F07Q10002381|201112|219385.36|0|058|302|||||6.250|0.00||||||||||||||||||||219385.36
F07Q10002381|201201|219084.75|0|059|301|||||6.250|0.00||||||||||||||||||||219084.75
F07Q10002381|201202|218782.58|0|060|300|||||6.250|0.00||||||||||||||||||||218782.58
F07Q10002381|201203|218478.83|0|061|299|||||6.250|0.00||||||||||||||||||||218478.83
F07Q10002381|201204|218173.50|0|062|298|||||6.250|0.00||||||||||||||||||||218173.50
F07Q10002381|201205|0.00|0|063|297|||01|201205|6.250|0.00|||||||||||||||218173.50|||||0.00
F07Q10002430|200702|267000.00|0|000|360|||||6.375|0.00||||||||||||||||||||267000.00
F07Q10002430|200703|267000.00|0|001|359|||||6.375|0.00||||||||||||||||||||267000.00
F07Q10002430|200704|267000.00|0|002|358|||||6.375|0.00||||||||||||||||||||267000.00
F07Q10002430|200705|266000.00|0|003|357|||||6.375|0.00||||||||||||||||||||266000.00
F07Q10002430|200706|266000.00|0|004|356|||||6.375|0.00||||||||||||||||||||266000.00
F07Q10002430|200707|266000.00|0|005|355|||||6.375|0.00||||||||||||||||||||266000.00
F07Q10002430|200708|266000.00|0|006|354|||||6.375|0.00||||||||||||||||||||266000.00
F07Q10002430|200709|265362.36|0|007|353|||||6.375|0.00||||||||||||||||||||265362.36
F07Q10002430|200710|265105.12|0|008|352|||||6.375|0.00||||||||||||||||||||265105.12
F07Q10002430|200711|264846.51|0|009|351|||||6.375|0.00||||||||||||||||||||264846.51
F07Q10002430|200712|264586.53|0|010|350|||||6.375|0.00||||||||||||||||||||264586.53
F07Q10002430|200801|264325.17|0|011|349|||||6.375|0.00||||||||||||||||||||264325.17
F07Q10002430|200802|264062.42|0|012|348|||||6.375|0.00||||||||||||||||||||264062.42
F07Q10002430|200803|263798.27|0|013|347|||||6.375|0.00||||||||||||||||||||263798.27
F07Q10002430|200804|263532.72|0|014|346|||||6.375|0.00||||||||||||||||||||263532.72
F07Q10002430|200805|263265.76|0|015|345|||||6.375|0.00||||||||||||||||||||263265.76
F07Q10002430|200806|262997.38|0|016|344|||||6.375|0.00||||||||||||||||||||262997.38
F07Q10002430|200807|262727.57|0|017|343|||||6.375|0.00||||||||||||||||||||262727.57
F07Q10002430|200808|262456.33|0|018|342|||||6.375|0.00||||||||||||||||||||262456.33
F07Q10002430|200809|262183.65|0|019|341|||||6.375|0.00||||||||||||||||||||262183.65
F07Q10002430|200810|261909.52|0|020|340|||||6.375|0.00||||||||||||||||||||261909.52
F07Q10002430|200811|261633.93|0|021|339|||||6.375|0.00||||||||||||||||||||261633.93
F07Q10002430|200812|261356.88|0|022|338|||||6.375|0.00||||||||||||||||||||261356.88
F07Q10002430|200901|261078.36|0|023|337|||||6.375|0.00||||||||||||||||||||261078.36
F07Q10002430|200902|260798.36|0|024|336|||||6.375|0.00||||||||||||||||||||260798.36
F07Q10002430|200903|260516.87|0|025|335|||||6.375|0.00||||||||||||||||||||260516.87
F07Q10002430|200904|0.00|0|026|334|||01|200904|6.375|0.00|||||||||||||||260516.87|||||0.00
F07Q10002480|200702|0.00|0|000|360|||01|200702|6.750|0.00|||||||||||||||104400.00|||||0.00
F07Q10002488|200702|254000.00|0|000|360|||||6.375|0.00||||||||||||||||||||254000.00
F07Q10002488|200703|254000.00|0|001|359|||||6.375|0.00||||||||||||||||||||254000.00
F07Q10002488|200704|254000.00|0|002|358|||||6.375|0.00||||||||||||||||||||254000.00
F07Q10002488|200705|253000.00|0|003|357|||||6.375|0.00||||||||||||||||||||253000.00
F07Q10002488|200706|253000.00|0|004|356|||||6.375|0.00||||||||||||||||||||253000.00
F07Q10002488|200707|253000.00|0|005|355|||||6.375|0.00||||||||||||||||||||253000.00
F07Q10002488|200708|253000.00|0|006|354|||||6.375|0.00||||||||||||||||||||253000.00
F07Q10002488|200709|252326.76|0|007|353|||||6.375|0.00||||||||||||||||||||252326.76
F07Q10002488|200710|252082.62|0|008|352|||||6.375|0.00||||||||||||||||||||252082.62
F07Q10002488|200711|251837.18|0|009|351|||||6.375|0.00||||||||||||||||||||251837.18
F07Q10002488|200712|251590.44|0|010|350|||||6.375|0.00||||||||||||||||||||251590.44
F07Q10002488|200801|251342.38|0|011|349|||||6.375|0.00||||||||||||||||||||251342.38
F07Q10002488|200802|251342.38|0|012|348|||||6.375|0.00||||||||||||||||||||251342.38
F07Q10002488|200803|250842.31|0|013|347|||||6.375|0.00||||||||||||||||||||250842.31
F07Q10002488|200804|250842.31|0|014|346|||||6.375|0.00||||||||||||||||||||250842.31
F07Q10002488|200805|250590.28|0|015|345|||||6.375|0.00||||||||||||||||||||250590.28
F07Q10002488|200806|250082.19|0|016|344|||||6.375|0.00||||||||||||||||||||250082.19
F07Q10002488|200807|250082.19|0|017|343|||||6.375|0.00||||||||||||||||||||250082.19
F07Q10002488|200808|249568.69|0|018|342|||||6.375|0.00||||||||||||||||||||249568.69
F07Q10002488|200809|249309.89|0|019|341|||||6.375|0.00||||||||||||||||||||249309.89
F07Q10002488|200810|249309.89|0|020|340|||||6.375|0.00||||||||||||||||||||249309.89
F07Q10002488|200811|248788.17|0|021|339|||||6.375|0.00||||||||||||||||||||248788.17
F07Q10002488|200812|248525.23|0|022|338|||||6.375|0.00||||||||||||||||||||248525.23
F07Q10002488|200901|248260.89|0|023|337|||||6.375|0.00||||||||||||||||||||248260.89
F07Q10002488|200902|247995.15|0|024|336|||||6.375|0.00||||||||||||||||||||247995.15
F07Q10002488|200903|247727.99|0|025|335|||||6.375|0.00||||||||||||||||||||247727.99
F07Q10002488|200904|247459.41|0|026|334|||||6.375|0.00||||||||||||||||||||247459.41
F07Q10002488|200905|247189.41|0|027|333|||||6.375|0.00||||||||||||||||||||247189.41
F07Q10002488|200906|246917.97|0|028|332|||||6.375|0.00||||||||||||||||||||246917.97
F07Q10002488|200907|246645.09|0|029|331|||||6.375|0.00||||||||||||||||||||246645.09
F07Q10002488|200908|246370.76|0|030|330|||||6.375|0.00||||||||||||||||||||246370.76
F07Q10002488|200909|246370.76|1|031|329|||||6.375|0.00||||||||||||||||||||246370.76
F07Q10002488|200910|246370.76|2|032|328|||||6.375|0.00||||||||||||||||||||246370.76
F07Q10002488|200911|246370.76|3|033|327|||||6.375|0.00||||||||||||||||||||246370.76
F07Q10002488|200912|246370.76|4|034|326|||||6.375|0.00||||||||||||||||||||246370.76
F07Q10002488|201001|246370.76|5|035|325|||||6.375|0.00||||||||||||||||||||246370.76
F07Q10002488|201002|246370.76|6|036|324|||||6.375|0.00||||||||||||||||||||246370.76
F07Q10002488|201003|246370.76|7|037|323|||||6.375|0.00||||||||||||||||||||246370.76
F07Q10002488|201004|246370.76|8|038|322|||||6.375|0.00||||||||||||||||||||246370.76
F07Q10002488|201005|246370.76|9|039|321|||||6.375|0.00||||||||||||||||||||246370.76
F07Q10002488|201006|246370.76|10|040|320|||||6.375|0.00||||||||||||||||||||246370.76
F07Q10002488|201007|246370.76|11|041|319|||||6.375|0.00||||||||||||||||||||246370.76
F07Q10002488|201008|246370.76|12|042|318|||||6.375|0.00||||||||||||||||||||246370.76
F07Q10002488|201009|246370.76|13|043|317|||||6.375|0.00||||||||||||||||||||246370.76
F07Q10002488|201010|246370.76|14|044|316|||||6.375|0.00||||||||||||||||||||246370.76
F07Q10002488|201011|246370.76|15|045|315|||||6.375|0.00||||||||||||||||||||246370.76
F07Q10002488|201012|246370.76|16|046|314|||||6.375|0.00||||||||||||||||||||246370.76
F07Q10002488|201101|246370.76|17|047|313|||||6.375|0.00||||||||||||||||||||246370.76
F07Q10002488|201102|246370.76|18|048|312|||||6.375|0.00||||||||||||||||||||246370.76
F07Q10002488|201103|246370.76|19|049|311|||||6.375|0.00||||||||||||||||||||246370.76
F07Q10002488|201104|246370.76|20|050|310|||||6.375|0.00||||||||||||||||||||246370.76
F07Q10002488|201105|246370.76|21|051|309|||||6.375|0.00||||||||||||||||||||246370.76
F07Q10002488|201106|246370.76|22|052|308|||||6.375|0.00||||||||||||||||||||246370.76
F07Q10002488|201107|246370.76|23|053|307|||||6.375|0.00||||||||||||||||||||246370.76
F07Q10002488|201108|246370.76|24|054|306|||||6.375|0.00||||||||||||||||||||246370.76
F07Q10002488|201109|246370.76|25|055|305|||||6.375|0.00||||||||||||||||||||246370.76
F07Q10002488|201110|246370.76|26|056|304|||||6.375|0.00||||||||||||||||||||246370.76
F07Q10002488|201111|246370.76|27|057|303|||||6.375|0.00||||||||||||||||||||246370.76
F07Q10002488|201112|0.00|28|058|302|||02|201112|6.375|0.00|200908|0.00|110300|1332.79|-24746.28|-5781.99|-60.00|-18369.29|-535.00|-194119.87|||||246370.76|34635.62||||0.00
F07Q10002489|200703|209000.00|0|000|480|||||6.375|0.00||||||||||||||||||||209000.00
F07Q10002489|200704|209000.00|0|001|479|||||6.375|0.00||||||||||||||||||||209000.00
F07Q10002489|200705|209000.00|0|002|478|||||6.375|0.00||||||||||||||||||||209000.00
F07Q10002489|200706|209000.00|0|003|477|||||6.375|0.00||||||||||||||||||||209000.00
F07Q10002489|200707|208000.00|0|004|476|||||6.375|0.00||||||||||||||||||||208000.00
F07Q10002489|200708|208000.00|0|005|475|||||6.375|0.00||||||||||||||||||||208000.00
F07Q10002489|200709|208000.00|0|006|474|||||6.375|0.00||||||||||||||||||||208000.00
F07Q10002489|200710|208183.79|0|007|473|||||6.375|0.00||||||||||||||||||||208183.79
F07Q10002489|200711|208084.73|0|008|472|||||6.375|0.00||||||||||||||||||||208084.73
F07Q10002489|200712|207985.14|0|009|471|||||6.375|0.00||||||||||||||||||||207985.14
F07Q10002489|200801|207885.02|0|010|470|||||6.375|0.00||||||||||||||||||||207885.02
F07Q10002489|200802|207784.37|0|011|469|||||6.375|0.00||||||||||||||||||||207784.37
F07Q10002489|200803|207683.18|0|012|468|||||6.375|0.00||||||||||||||||||||207683.18
F07Q10002489|200804|207581.46|0|013|467|||||6.375|0.00||||||||||||||||||||207581.46
F07Q10002489|200805|207479.20|0|014|466|||||6.375|0.00||||||||||||||||||||207479.20
F07Q10002489|200806|207376.39|0|015|465|||||6.375|0.00||||||||||||||||||||207376.39
F07Q10002489|200807|207273.04|0|016|464|||||6.375|0.00||||||||||||||||||||207273.04
F07Q10002489|200808|207169.14|0|017|463|||||6.375|0.00||||||||||||||||||||207169.14
F07Q10002489|200809|207064.69|0|018|462|||||6.375|0.00||||||||||||||||||||207064.69
F07Q10002489|200810|206959.68|0|019|461|||||6.375|0.00||||||||||||||||||||206959.68
F07Q10002489|200811|206854.11|0|020|460|||||6.375|0.00||||||||||||||||||||206854.11
F07Q10002489|200812|206747.98|0|021|459|||||6.375|0.00||||||||||||||||||||206747.98
F07Q10002489|200901|206641.29|0|022|458|||||6.375|0.00||||||||||||||||||||206641.29
F07Q10002489|200902|206534.03|0|023|457|||||6.375|0.00||||||||||||||||||||206534.03
F07Q10002489|200903|206426.20|0|024|456|||||6.375|0.00||||||||||||||||||||206426.20
F07Q10002489|200904|206317.80|0|025|455|||||6.375|0.00||||||||||||||||||||206317.80
F07Q10002489|200905|206208.82|0|026|454|||||6.375|0.00||||||||||||||||||||206208.82
F07Q10002489|200906|206099.26|0|027|453|||||6.375|0.00||||||||||||||||||||206099.26
F07Q10002489|200907|205989.12|0|028|452|||||6.375|0.00||||||||||||||||||||205989.12
F07Q10002489|200908|205878.40|0|029|451|||||6.375|0.00||||||||||||||||||||205878.40
F07Q10002489|200909|205767.09|0|030|450|||||6.375|0.00||||||||||||||||||||205767.09
F07Q10002489|200910|205655.19|0|031|449|||||6.375|0.00||||||||||||||||||||205655.19
F07Q10002489|200911|205542.69|0|032|448|||||6.375|0.00||||||||||||||||||||205542.69
F07Q10002489|200912|205429.60|0|033|447|||||6.375|0.00||||||||||||||||||||205429.60
F07Q10002489|201001|205315.90|0|034|446|||||6.375|0.00||||||||||||||||||||205315.90
F07Q10002489|201002|205201.60|0|035|445|||||6.375|0.00||||||||||||||||||||205201.60
F07Q10002489|201003|205086.69|0|036|444|||||6.375|0.00||||||||||||||||||||205086.69
F07Q10002489|201004|204971.17|0|037|443|||||6.375|0.00||||||||||||||||||||204971.17
F07Q10002489|201005|204855.04|0|038|442|||||6.375|0.00||||||||||||||||||||204855.04
F07Q10002489|201006|204738.29|0|039|441|||||6.375|0.00||||||||||||||||||||204738.29
F07Q10002489|201007|204738.29|1|040|440|||||6.375|0.00||||||||||||||||||||204738.29
F07Q10002489|201008|204738.29|2|041|439|||||6.375|0.00||||||||||||||||||||204738.29
F07Q10002489|201009|204738.29|3|042|438|||||6.375|0.00||||||||||||||||||||204738.29
F07Q10002489|201010|204738.29|4|043|437|||||6.375|0.00||||||||||||||||||||204738.29
F07Q10002489|201011|204738.29|5|044|436|||||6.375|0.00||||||||||||||||||||204738.29
F07Q10002489|201012|204620.92|5|045|435|||||6.375|0.00||||||||||||||||||||204620.92
F07Q10002489|201101|204502.93|5|046|434|||||6.375|0.00||||||||||||||||||||204502.93
F07Q10002489|201102|204502.93|6|047|433|||||6.375|0.00||||||||||||||||||||204502.93
F07Q10002489|201103|211456.01|0|048|432|||||6.375|0.00||||||||||||||||||||211456.01
F07Q10002489|201104|211456.01|0|003|436||Y|||3.125|0.00||||||||||||Y|||||||572.69|211456.01
F07Q10002489|201105|210418.91|0|004|435||P|||3.125|0.00||||||||||||Y|||||||572.69|210418.91
F07Q10002489|201106|210157.95|0|005|434||P|||3.125|0.00||||||||||||Y|||||||569.88|210157.95
F07Q10002489|201107|209896.31|0|006|433||P|||3.125|0.00||||||||||||Y|||||||569.18|209896.31
F07Q10002489|201108|209633.99|0|007|432||P|||3.125|0.00||||||||||||Y|||||||568.47|209633.99
F07Q10002489|201109|209370.98|0|008|431||P|||3.125|0.00||||||||||||Y|||||||567.76|209370.98
F07Q10002489|201110|209107.29|0|009|430||P|||3.125|0.00||||||||||||Y|||||||567.05|209107.29
F07Q10002489|201111|208842.91|0|010|429||P|||3.125|0.00||||||||||||Y|||||||566.33|208842.91
F07Q10002489|201112|207575.24|0|011|428||P|||3.125|0.00||||||||||||Y|||||||565.62|207575.24
F07Q10002489|201201|207306.87|0|012|427||P|||3.125|0.00||||||||||||Y|||||||562.18|207306.87
F07Q10002489|201202|207037.80|0|013|426||P|||3.125|0.00||||||||||||Y|||||||561.46|207037.80
F07Q10002489|201203|206768.03|0|014|425||P|||3.125|0.00||||||||||||Y|||||||560.73|206768.03
F07Q10002489|201204|206497.56|0|015|424||P|||3.125|0.00||||||||||||Y|||||||560.00|206497.56
F07Q10002489|201205|206226.38|0|016|423||P|||3.125|0.00||||||||||||Y|||||||559.26|206226.38
F07Q10002489|201206|205954.50|0|017|422||P|||3.125|0.00||||||||||||Y|||||||558.53|205954.50
F07Q10002489|201207|205681.91|0|018|421||P|||3.125|0.00||||||||||||Y|||||||557.79|205681.91
F07Q10002489|201208|205408.61|0|019|420||P|||3.125|0.00||||||||||||Y|||||||557.06|205408.61
F07Q10002489|201209|205134.60|0|020|419||P|||3.125|0.00||||||||||||Y|||||||556.31|205134.60
F07Q10002489|201210|204859.87|0|021|418||P|||3.125|0.00||||||||||||Y|||||||555.57|204859.87
F07Q10002489|201211|204584.43|0|022|417||P|||3.125|0.00||||||||||||Y|||||||554.83|204584.43
F07Q10002489|201212|203305.67|0|023|416||P|||3.125|0.00||||||||||||Y|||||||554.08|203305.67
F07Q10002489|201301|203026.18|0|024|415||P|||3.125|0.00||||||||||||Y|||||||550.62|203026.18
F07Q10002489|201302|202745.96|0|025|414||P|||3.125|0.00||||||||||||Y|||||||549.86|202745.96
F07Q10002489|201303|202465.01|0|026|413||P|||3.125|0.00||||||||||||Y|||||||549.10|202465.01
F07Q10002489|201304|202183.33|0|027|412||P|||3.125|0.00||||||||||||Y|||||||548.34|202183.33
F07Q10002489|201305|201900.92|0|028|411||P|||3.125|0.00||||||||||||Y|||||||547.58|201900.92
F07Q10002489|201306|201617.77|0|029|410||P|||3.125|0.00||||||||||||Y|||||||546.81|201617.77
F07Q10002489|201307|201333.89|0|030|409||P|||3.125|0.00||||||||||||Y|||||||546.05|201333.89
F07Q10002489|201308|201049.27|0|031|408||P|||3.125|0.00||||||||||||Y|||||||545.28|201049.27
F07Q10002489|201309|200763.91|0|032|407||P|||3.125|0.00||||||||||||Y|||||||544.51|200763.91
F07Q10002489|201310|200022.80|0|033|406||P|||3.125|0.00||||||||||||Y|||||||543.74|200022.80
F07Q10002489|201311|199734.76|0|034|405||P|||3.125|0.00||||||||||||Y|||||||541.73|199734.76
F07Q10002489|201312|198093.37|0|035|404||P|||3.125|0.00||||||||||||Y|||||||540.95|198093.37
F07Q10002489|201401|197800.31|0|036|403||P|||3.125|0.00||||||||||||Y|||||||536.50|197800.31
F07Q10002489|201402|197156.49|0|037|402||P|||3.125|0.00||||||||||||Y|||||||535.71|197156.49
F07Q10002489|201403|196860.99|0|038|401||P|||3.125|0.00||||||||||||Y|||||||533.97|196860.99
F07Q10002489|201404|196564.72|0|039|400||P|||3.125|0.00||||||||||||Y|||||||533.17|196564.72
F07Q10002489|201405|196267.68|0|040|399||P|||3.125|0.00||||||||||||Y|||||||532.36|196267.68
F07Q10002489|201406|195969.86|0|041|398||P|||3.125|0.00||||||||||||Y|||||||531.56|195969.86
F07Q10002489|201407|195671.27|0|042|397||P|||3.125|0.00||||||||||||Y|||||||530.75|195671.27
F07Q10002489|201408|195371.90|0|043|396||P|||3.125|0.00||||||||||||Y|||||||529.94|195371.90
F07Q10002489|201409|195071.75|0|044|395||P|||3.125|0.00||||||||||||Y|||||||529.13|195071.75
F07Q10002489|201410|194770.82|0|045|394||P|||3.125|0.00||||||||||||Y|||||||528.32|194770.82
F07Q10002489|201411|194469.11|0|046|393||P|||3.125|0.00||||||||||||Y|||||||527.50|194469.11
F07Q10002489|201412|193164.01|0|047|392||P|||3.125|0.00||||||||||||Y|||||||526.69|193164.01
F07Q10002489|201501|192858.11|0|048|391||P|||3.125|0.00||||||||||||Y|||||||523.15|192858.11
F07Q10002489|201502|192551.41|0|049|390||P|||3.125|0.00||||||||||||Y|||||||522.32|192551.41
F07Q10002489|201503|192243.92|0|050|389||P|||3.125|0.00||||||||||||Y|||||||521.49|192243.92
F07Q10002489|201504|191935.63|0|051|388||P|||3.125|0.00||||||||||||Y|||||||520.66|191935.63
F07Q10002489|201505|191626.53|0|052|387||P|||3.125|0.00||||||||||||Y|||||||519.83|191626.53
F07Q10002489|201506|191316.63|0|053|386||P|||3.125|0.00||||||||||||Y|||||||518.99|191316.63
F07Q10002489|201507|191005.92|0|054|385||P|||3.125|0.00||||||||||||Y|||||||518.15|191005.92
F07Q10002489|201508|190694.40|0|055|384||P|||3.125|0.00||||||||||||Y|||||||517.31|190694.40
F07Q10002489|201509|190382.07|0|056|383||P|||3.125|0.00||||||||||||Y|||||||516.46|190382.07
F07Q10002489|201510|190068.93|0|057|382||P|||3.125|0.00||||||||||||Y|||||||515.62|190068.93
F07Q10002489|201511|189754.97|0|058|381||P|||3.125|0.00||||||||||||Y|||||||514.77|189754.97
F07Q10002489|201512|188437.59|0|059|380||P|||3.125|0.00||||||||||||Y|||||||513.92|188437.59
F07Q10002489|201601|188119.38|0|060|379||P|||3.125|0.00||||||||||||Y|||||||510.35|188119.38
F07Q10002489|201602|187846.19|0|061|378||P|||4.125|0.00||||||||||||Y|||||||352.72|187846.19
F07Q10002489|201603|187572.06|0|062|377||P|||4.125|0.00||||||||||||Y|||||||352.21|187572.06
F07Q10002489|201604|187296.99|0|063|376||P|||4.125|0.00||||||||||||Y|||||||351.70|187296.99
F07Q10002489|201605|187020.97|0|064|375||P|||4.125|0.00||||||||||||Y|||||||351.18|187020.97
F07Q10002489|201606|186744.00|0|065|374||P|||4.125|0.00||||||||||||Y|||||||350.66|186744.00
F07Q10002489|201607|186466.08|0|066|373||P|||4.125|0.00||||||||||||Y|||||||350.15|186466.08
F07Q10002489|201608|186466.08|0|067|372||P|||4.125|0.00||||||||||||Y|||||||349.62|186466.08
F07Q10002489|201609|186187.21|0|068|371||P|||4.125|0.00||||||||||||Y|||||||349.62|186187.21
F07Q10002489|201610|185907.38|0|069|370||P|||4.125|0.00||||||||||||Y|||||||349.10|185907.38
F07Q10002489|201611|185626.59|0|070|369||P|||4.125|0.00||||||||||||Y|||||||348.58|185626.59
F07Q10002489|201612|0.00|0|071|368||P|01|201612|4.125|0.00|||||||||||35334.25|Y|||185626.59||||348.05|0.00
F07Q10002498|200702|156000.00|0|000|360|||||6.125|0.00||||||||||||||||||||156000.00
F07Q10002498|200703|156000.00|0|001|359|||||6.125|0.00||||||||||||||||||||156000.00
F07Q10002498|200704|156000.00|0|002|358|||||6.125|0.00||||||||||||||||||||156000.00
F07Q10002498|200705|156000.00|0|003|357|||||6.125|0.00||||||||||||||||||||156000.00
F07Q10002498|200706|155000.00|0|004|356|||||6.125|0.00||||||||||||||||||||155000.00
F07Q10002498|200707|155000.00|0|005|355|||||6.125|0.00||||||||||||||||||||155000.00
F07Q10002498|200708|155000.00|0|006|354|||||6.125|0.00||||||||||||||||||||155000.00
F07Q10002498|200709|154922.28|0|007|353|||||6.125|0.00||||||||||||||||||||154922.28
F07Q10002498|200710|154765.16|0|008|352|||||6.125|0.00||||||||||||||||||||154765.16
F07Q10002498|200711|154607.24|0|009|351|||||6.125|0.00||||||||||||||||||||154607.24
F07Q10002498|200712|154448.51|0|010|350|||||6.125|0.00||||||||||||||||||||154448.51
F07Q10002498|200801|154288.97|0|011|349|||||6.125|0.00||||||||||||||||||||154288.97
F07Q10002498|200802|154128.62|0|012|348|||||6.125|0.00||||||||||||||||||||154128.62
F07Q10002498|200803|153967.45|0|013|347|||||6.125|0.00||||||||||||||||||||153967.45
F07Q10002498|200804|153805.46|0|014|346|||||6.125|0.00||||||||||||||||||||153805.46
F07Q10002498|200805|153642.64|0|015|345|||||6.125|0.00||||||||||||||||||||153642.64
F07Q10002498|200806|153478.99|0|016|344|||||6.125|0.00||||||||||||||||||||153478.99
F07Q10002498|200807|153314.50|0|017|343|||||6.125|0.00||||||||||||||||||||153314.50
F07Q10002498|200808|153149.17|0|018|342|||||6.125|0.00||||||||||||||||||||153149.17
F07Q10002498|200809|153149.17|0|019|341|||||6.125|0.00||||||||||||||||||||153149.17
F07Q10002498|200810|152815.98|0|020|340|||||6.125|0.00||||||||||||||||||||152815.98
F07Q10002498|200811|152600.72|0|021|339|||||6.125|0.00||||||||||||||||||||152600.72
F07Q10002498|200812|152431.75|0|022|338|||||6.125|0.00||||||||||||||||||||152431.75
F07Q10002498|200901|0.00|0|023|337|||01|200901|6.125|0.00|||||||||||||||152431.75|||||0.00
F07Q10002503|200703|112000.00|0|000|360|||||6.375|0.00||||||||||||||||||||112000.00
F07Q10002503|200704|112000.00|0|001|359|||||6.375|0.00||||||||||||||||||||112000.00
F07Q10002503|200705|112000.00|0|002|358|||||6.375|0.00||||||||||||||||||||112000.00
F07Q10002503|200706|112000.00|0|003|357|||||6.375|0.00||||||||||||||||||||112000.00
F07Q10002503|200707|112000.00|0|004|356|||||6.375|0.00||||||||||||||||||||112000.00
F07Q10002503|200708|111000.00|0|005|355|||||6.375|0.00||||||||||||||||||||111000.00
F07Q10002503|200709|111000.00|0|006|354|||||6.375|0.00||||||||||||||||||||111000.00
F07Q10002503|200710|111262.22|0|007|353|||||6.375|0.00||||||||||||||||||||111262.22
F07Q10002503|200711|111154.57|0|008|352|||||6.375|0.00||||||||||||||||||||111154.57
F07Q10002503|200712|111046.35|0|009|351|||||6.375|0.00||||||||||||||||||||111046.35
F07Q10002503|200801|110937.55|0|010|350|||||6.375|0.00||||||||||||||||||||110937.55
F07Q10002503|200802|110828.18|0|011|349|||||6.375|0.00||||||||||||||||||||110828.18
F07Q10002503|200803|110718.22|0|012|348|||||6.375|0.00||||||||||||||||||||110718.22
F07Q10002503|200804|110607.68|0|013|347|||||6.375|0.00||||||||||||||||||||110607.68
F07Q10002503|200805|110496.55|0|014|346|||||6.375|0.00||||||||||||||||||||110496.55
F07Q10002503|200806|110384.83|0|015|345|||||6.375|0.00||||||||||||||||||||110384.83
F07Q10002503|200807|110272.52|0|016|344|||||6.375|0.00||||||||||||||||||||110272.52
F07Q10002503|200808|110159.61|0|017|343|||||6.375|0.00||||||||||||||||||||110159.61
F07Q10002503|200809|110046.10|0|018|342|||||6.375|0.00||||||||||||||||||||110046.10
F07Q10002503|200810|109931.99|0|019|341|||||6.375|0.00||||||||||||||||||||109931.99
F07Q10002503|200811|109817.27|0|020|340|||||6.375|0.00||||||||||||||||||||109817.27
F07Q10002503|200812|109701.94|0|021|339|||||6.375|0.00||||||||||||||||||||109701.94
F07Q10002503|200901|109586.00|0|022|338|||||6.375|0.00||||||||||||||||||||109586.00
F07Q10002503|200902|109469.45|0|023|337|||||6.375|0.00||||||||||||||||||||109469.45
F07Q10002503|200903|109352.28|0|024|336|||||6.375|0.00||||||||||||||||||||109352.28
F07Q10002503|200904|109234.48|0|025|335|||||6.375|0.00||||||||||||||||||||109234.48
F07Q10002503|200905|109116.06|0|026|334|||||6.375|0.00||||||||||||||||||||109116.06
F07Q10002503|200906|109116.06|0|027|333|||||6.375|0.00||||||||||||||||||||109116.06
F07Q10002503|200907|0.00|0|028|332|||01|200907|6.375|0.00|||||||||||||||109116.06|||||0.00
F07Q10002541|200702|80000.00|0|000|360|||||6.250|0.00||||||||||||||||||||80000.00
F07Q10002541|200703|80000.00|0|001|359|||||6.250|0.00||||||||||||||||||||80000.00
F07Q10002541|200704|80000.00|0|002|358|||||6.250|0.00||||||||||||||||||||80000.00
F07Q10002541|200705|80000.00|0|003|357|||||6.250|0.00||||||||||||||||||||80000.00
F07Q10002541|200706|80000.00|0|004|356|||||6.250|0.00||||||||||||||||||||80000.00
F07Q10002541|200707|80000.00|0|005|355|||||6.250|0.00||||||||||||||||||||80000.00
F07Q10002541|200708|80000.00|0|006|354|||||6.250|0.00||||||||||||||||||||80000.00
F07Q10002541|200709|79999.17|0|007|353|||||6.250|0.00||||||||||||||||||||79999.17
F07Q10002541|200710|79998.77|0|008|352|||||6.250|0.00||||||||||||||||||||79998.77
F07Q10002541|200711|79998.76|0|009|351|||||6.250|0.00||||||||||||||||||||79998.76
F07Q10002541|200712|79998.75|0|010|350|||||6.250|0.00||||||||||||||||||||79998.75
F07Q10002541|200801|79998.34|0|011|349|||||6.250|0.00||||||||||||||||||||79998.34
F07Q10002541|200802|79997.93|0|012|348|||||6.250|0.00||||||||||||||||||||79997.93
F07Q10002541|200803|79997.92|0|013|347|||||6.250|0.00||||||||||||||||||||79997.92
F07Q10002541|200804|79997.51|0|014|346|||||6.250|0.00||||||||||||||||||||79997.51
F07Q10002541|200805|79997.49|0|015|345|||||6.250|0.00||||||||||||||||||||79997.49
F07Q10002541|200806|79997.47|0|016|344|||||6.250|0.00||||||||||||||||||||79997.47
F07Q10002541|200807|79997.06|0|017|343|||||6.250|0.00||||||||||||||||||||79997.06
F07Q10002541|200808|79921.14|0|018|342|||||6.250|0.00||||||||||||||||||||79921.14
F07Q10002541|200809|78557.61|0|019|341|||||6.250|0.00||||||||||||||||||||78557.61
F07Q10002541|200810|78474.19|0|020|340|||||6.250|0.00||||||||||||||||||||78474.19
F07Q10002541|200811|78390.34|0|021|339|||||6.250|0.00||||||||||||||||||||78390.34
F07Q10002541|200812|78306.05|0|022|338|||||6.250|0.00||||||||||||||||||||78306.05
F07Q10002541|200901|78221.32|0|023|337|||||6.250|0.00||||||||||||||||||||78221.32
F07Q10002541|200902|0.00|0|024|336|||01|200902|6.250|0.00|||||||||||||||78221.32|||||0.00
F07Q10002547|200702|271000.00|0|000|360|||||6.875|0.00||||||||||||||||||||271000.00
F07Q10002547|200703|271000.00|0|001|359|||||6.875|0.00||||||||||||||||||||271000.00
F07Q10002547|200704|270000.00|0|002|358|||||6.875|0.00||||||||||||||||||||270000.00
F07Q10002547|200705|270000.00|0|003|357|||||6.875|0.00||||||||||||||||||||270000.00
F07Q10002547|200706|270000.00|0|004|356|||||6.875|0.00||||||||||||||||||||270000.00
F07Q10002547|200707|270000.00|0|005|355|||||6.875|0.00||||||||||||||||||||270000.00
F07Q10002547|200708|269000.00|0|006|354|||||6.875|0.00||||||||||||||||||||269000.00
F07Q10002547|200709|269365.49|0|007|353|||||6.875|0.00||||||||||||||||||||269365.49
F07Q10002547|200710|269130.09|0|008|352|||||6.875|0.00||||||||||||||||||||269130.09
F07Q10002547|200711|268893.34|0|009|351|||||6.875|0.00||||||||||||||||||||268893.34
F07Q10002547|200712|268415.76|0|010|350|||||6.875|0.00||||||||||||||||||||268415.76
F07Q10002547|200801|268174.92|0|011|349|||||6.875|0.00||||||||||||||||||||268174.92
F07Q10002547|200802|267932.70|0|012|348|||||6.875|0.00||||||||||||||||||||267932.70
F07Q10002547|200803|267689.09|0|013|347|||||6.875|0.00||||||||||||||||||||267689.09
F07Q10002547|200804|267444.09|0|014|346|||||6.875|0.00||||||||||||||||||||267444.09
F07Q10002547|200805|267197.68|0|015|345|||||6.875|0.00||||||||||||||||||||267197.68
F07Q10002547|200806|266949.86|0|016|344|||||6.875|0.00||||||||||||||||||||266949.86
F07Q10002547|200807|266700.62|0|017|343|||||6.875|0.00||||||||||||||||||||266700.62
F07Q10002547|200808|266449.95|0|018|342|||||6.875|0.00||||||||||||||||||||266449.95
F07Q10002547|200809|266197.85|0|019|341|||||6.875|0.00||||||||||||||||||||266197.85
F07Q10002547|200810|266197.85|0|020|340|||||6.875|0.00||||||||||||||||||||266197.85
F07Q10002547|200811|265944.30|0|021|339|||||6.875|0.00||||||||||||||||||||265944.30
F07Q10002547|200812|265432.84|0|022|338|||||6.875|0.00||||||||||||||||||||265432.84
F07Q10002547|200901|265432.84|0|023|337|||||6.875|0.00||||||||||||||||||||265432.84
F07Q10002547|200902|265174.91|0|024|336|||||6.875|0.00||||||||||||||||||||265174.91
F07Q10002547|200903|264915.50|0|025|335|||||6.875|0.00||||||||||||||||||||264915.50
F07Q10002547|200904|264654.61|0|026|334|||||6.875|0.00||||||||||||||||||||264654.61
F07Q10002547|200905|264392.22|0|027|333|||||6.875|0.00||||||||||||||||||||264392.22
F07Q10002547|200906|263862.93|0|028|332|||||6.875|0.00||||||||||||||||||||263862.93
F07Q10002547|200907|263552.62|0|029|331|||||6.875|0.00||||||||||||||||||||263552.62
F07Q10002547|200908|263552.62|0|030|330|||||6.875|0.00||||||||||||||||||||263552.62
F07Q10002547|200909|263283.92|0|031|329|||||6.875|0.00||||||||||||||||||||263283.92
F07Q10002547|200910|262741.89|0|032|328|||||6.875|0.00||||||||||||||||||||262741.89
F07Q10002547|200911|262741.89|0|033|327|||||6.875|0.00||||||||||||||||||||262741.89
F07Q10002547|200912|262468.54|0|034|326|||||6.875|0.00||||||||||||||||||||262468.54
F07Q10002547|201001|262193.63|0|035|325|||||6.875|0.00||||||||||||||||||||262193.63
F07Q10002547|201002|261639.07|0|036|324|||||6.875|0.00||||||||||||||||||||261639.07
F07Q10002547|201003|261359.40|0|037|323|||||6.875|0.00||||||||||||||||||||261359.40
F07Q10002547|201004|261078.13|0|038|322|||||6.875|0.00||||||||||||||||||||261078.13
F07Q10002547|201005|0.00|0|039|321|||01|201005|6.875|0.00|||||||||||||||261078.13|||||0.00
F07Q10002609|200701|36000.00|0|000|180|||||6.125|0.00||||||||||||||||||||36000.00
F07Q10002609|200702|36000.00|0|001|179|||||6.125|0.00||||||||||||||||||||36000.00
F07Q10002609|200703|36000.00|0|002|178|||||6.125|0.00||||||||||||||||||||36000.00
F07Q10002609|200704|36000.00|0|003|177|||||6.125|0.00||||||||||||||||||||36000.00
F07Q10002609|200705|35000.00|0|004|176|||||6.125|0.00||||||||||||||||||||35000.00
F07Q10002609|200706|35000.00|0|005|175|||||6.125|0.00||||||||||||||||||||35000.00
F07Q10002609|200707|35000.00|0|006|174|||||6.125|0.00||||||||||||||||||||35000.00
F07Q10002609|200708|35115.16|0|007|173|||||6.125|0.00||||||||||||||||||||35115.16
F07Q10002609|200709|34984.39|0|008|172|||||6.125|0.00||||||||||||||||||||34984.39
F07Q10002609|200710|34852.96|0|009|171|||||6.125|0.00||||||||||||||||||||34852.96
F07Q10002609|200711|34720.86|0|010|170|||||6.125|0.00||||||||||||||||||||34720.86
F07Q10002609|200712|34586.08|0|011|169|||||6.125|0.00||||||||||||||||||||34586.08
F07Q10002609|200801|34452.61|0|012|168|||||6.125|0.00||||||||||||||||||||34452.61
F07Q10002609|200802|34313.46|0|013|167|||||6.125|0.00||||||||||||||||||||34313.46
F07Q10002609|200803|34313.46|0|014|166|||||6.125|0.00||||||||||||||||||||34313.46
F07Q10002609|200804|34173.60|0|015|165|||||6.125|0.00||||||||||||||||||||34173.60
F07Q10002609|200805|34033.03|0|016|164|||||6.125|0.00||||||||||||||||||||34033.03
F07Q10002609|200806|33759.75|0|017|163|||||6.125|0.00||||||||||||||||||||33759.75
F07Q10002609|200807|33759.75|0|018|162|||||6.125|0.00||||||||||||||||||||33759.75
F07Q10002609|200808|33612.07|0|019|161|||||6.125|0.00||||||||||||||||||||33612.07
F07Q10002609|200809|33463.63|0|020|160|||||6.125|0.00||||||||||||||||||||33463.63
