F02Q10000115|200203|60000.00|0|000|180|||||6.625|0.00||||||||||||||||||||60000.00
F02Q10000115|200204|60000.00|0|001|179|||||6.625|0.00||||||||||||||||||||60000.00
F02Q10000115|200205|60000.00|0|002|178|||||6.625|0.00||||||||||||||||||||60000.00
F02Q10000115|200206|60000.00|0|003|177|||||6.625|0.00||||||||||||||||||||60000.00
F02Q10000115|200207|59000.00|0|004|176|||||6.625|0.00||||||||||||||||||||59000.00
F02Q10000115|200208|59000.00|0|005|175|||||6.625|0.00||||||||||||||||||||59000.00
F02Q10000115|200209|59000.00|0|006|174|||||6.625|0.00||||||||||||||||||||59000.00
F02Q10000115|200210|58608.27|0|007|173|||||6.625|0.00||||||||||||||||||||58608.27
F02Q10000115|200211|58405.04|0|008|172|||||6.625|0.00||||||||||||||||||||58405.04
F02Q10000115|200212|58405.04|0|009|171|||||6.625|0.00||||||||||||||||||||58405.04
F02Q10000115|200301|57995.20|0|010|170|||||6.625|0.00||||||||||||||||||||57995.20
F02Q10000115|200302|57995.20|0|011|169|||||6.625|0.00||||||||||||||||||||57995.20
F02Q10000115|200303|57788.58|0|012|168|||||6.625|0.00||||||||||||||||||||57788.58
F02Q10000115|200304|57371.91|0|013|167|||||6.625|0.00||||||||||||||||||||57371.91
F02Q10000115|200305|57161.85|0|014|166|||||6.625|0.00||||||||||||||||||||57161.85
F02Q10000115|200306|57161.85|0|015|165|||||6.625|0.00||||||||||||||||||||57161.85
F02Q10000115|200307|56738.24|0|016|164|||||6.625|0.00||||||||||||||||||||56738.24
F02Q10000115|200308|56524.68|0|017|163|||||6.625|0.00||||||||||||||||||||56524.68
F02Q10000115|200309|56309.94|0|018|162|||||6.625|0.00||||||||||||||||||||56309.94
F02Q10000115|200310|56094.02|0|019|161|||||6.625|0.00||||||||||||||||||||56094.02
F02Q10000115|200311|56094.02|0|020|160|||||6.625|0.00||||||||||||||||||||56094.02
F02Q10000115|200312|55658.60|0|021|159|||||6.625|0.00||||||||||||||||||||55658.60
F02Q10000115|200401|55439.08|0|022|158|||||6.625|0.00||||||||||||||||||||55439.08
F02Q10000115|200402|55439.08|0|023|157|||||6.625|0.00||||||||||||||||||||55439.08
F02Q10000115|200403|54996.40|0|024|156|||||6.625|0.00||||||||||||||||||||54996.40
F02Q10000115|200404|54773.23|0|025|155|||||6.625|0.00||||||||||||||||||||54773.23
F02Q10000115|200405|54773.23|0|026|154|||||6.625|0.00||||||||||||||||||||54773.23
F02Q10000115|200406|54323.17|0|027|153|||||6.625|0.00||||||||||||||||||||54323.17
F02Q10000115|200407|54096.28|0|028|152|||||6.625|0.00||||||||||||||||||||54096.28
F02Q10000115|200408|54096.28|0|029|151|||||6.625|0.00||||||||||||||||||||54096.28
F02Q10000115|200409|53638.74|0|030|150|||||6.625|0.00||||||||||||||||||||53638.74
F02Q10000115|200410|53408.07|0|031|149|||||6.625|0.00||||||||||||||||||||53408.07
F02Q10000115|200411|53176.13|0|032|148|||||6.625|0.00||||||||||||||||||||53176.13
F02Q10000115|200412|52942.91|0|033|147|||||6.625|0.00||||||||||||||||||||52942.91
F02Q10000115|200501|52942.91|0|034|146|||||6.625|0.00||||||||||||||||||||52942.91
F02Q10000115|200502|52472.59|0|035|145|||||6.625|0.00||||||||||||||||||||52472.59
F02Q10000115|200503|52235.48|0|036|144|||||6.625|0.00||||||||||||||||||||52235.48
F02Q10000115|200504|51997.06|0|037|143|||||6.625|0.00||||||||||||||||||||51997.06
F02Q10000115|200505|51997.06|0|038|142|||||6.625|0.00||||||||||||||||||||51997.06
F02Q10000115|200506|51516.27|0|039|141|||||6.625|0.00||||||||||||||||||||51516.27
F02Q10000115|200507|51273.88|0|040|140|||||6.625|0.00||||||||||||||||||||51273.88
F02Q10000115|200508|51030.15|0|041|139|||||6.625|0.00||||||||||||||||||||51030.15
F02Q10000115|200509|50785.08|0|042|138|||||6.625|0.00||||||||||||||||||||50785.08
F02Q10000115|200510|50685.08|0|043|137|||||6.625|0.00||||||||||||||||||||50685.08
F02Q10000115|200511|50140.32|0|044|136|||||6.625|0.00||||||||||||||||||||50140.32
F02Q10000115|200512|49890.34|0|045|135|||||6.625|0.00||||||||||||||||||||49890.34
F02Q10000115|200601|49890.34|0|046|134|||||6.625|0.00||||||||||||||||||||49890.34
F02Q10000115|200602|49588.98|0|047|133|||||6.625|0.00||||||||||||||||||||49588.98
F02Q10000115|200603|49081.81|0|048|132|||||6.625|0.00||||||||||||||||||||49081.81
F02Q10000115|200604|49081.81|0|049|131|||||6.625|0.00||||||||||||||||||||49081.81
F02Q10000115|200605|48468.74|0|050|130|||||6.625|0.00||||||||||||||||||||48468.74
F02Q10000115|200606|48159.53|0|051|129|||||6.625|0.00||||||||||||||||||||48159.53
F02Q10000115|200607|48159.53|0|052|128|||||6.625|0.00||||||||||||||||||||48159.53
F02Q10000115|200608|47536.25|0|053|127|||||6.625|0.00||||||||||||||||||||47536.25
F02Q10000115|200609|47221.89|0|054|126|||||6.625|0.00||||||||||||||||||||47221.89
F02Q10000115|200610|47221.89|0|055|125|||||6.625|0.00||||||||||||||||||||47221.89
F02Q10000115|200611|46588.23|0|056|124|||||6.625|0.00||||||||||||||||||||46588.23
F02Q10000115|200612|46268.64|0|057|123|||||6.625|0.00||||||||||||||||||||46268.64
F02Q10000115|200701|46268.64|0|058|122|||||6.625|0.00||||||||||||||||||||46268.64
F02Q10000115|200702|45624.42|0|059|121|||||6.625|0.00||||||||||||||||||||45624.42
F02Q10000115|200703|45299.50|0|060|120|||||6.625|0.00||||||||||||||||||||45299.50
F02Q10000115|200704|45299.50|0|061|119|||||6.625|0.00||||||||||||||||||||45299.50
F02Q10000115|200705|44644.55|0|062|118|||||6.625|0.00||||||||||||||||||||44644.55
F02Q10000115|200706|44314.23|0|063|117|||||6.625|0.00||||||||||||||||||||44314.23
F02Q10000115|200707|44314.23|0|064|116|||||6.625|0.00||||||||||||||||||||44314.23
F02Q10000115|200708|43648.37|0|065|115|||||6.625|0.00||||||||||||||||||||43648.37
F02Q10000115|200709|43648.37|0|066|114|||||6.625|0.00||||||||||||||||||||43648.37
F02Q10000115|200710|42975.15|0|067|113|||||6.625|0.00||||||||||||||||||||42975.15
F02Q10000115|200711|42635.61|0|068|112|||||6.625|0.00||||||||||||||||||||42635.61
F02Q10000115|200712|42635.61|0|069|111|||||6.625|0.00||||||||||||||||||||42635.61
F02Q10000115|200801|41951.17|0|070|110|||||6.625|0.00||||||||||||||||||||41951.17
F02Q10000115|200802|41605.98|0|071|109|||||6.625|0.00||||||||||||||||||||41605.98
F02Q10000115|200803|41605.98|0|072|108|||||6.625|0.00||||||||||||||||||||41605.98
F02Q10000115|200804|40910.14|0|073|107|||||6.625|0.00||||||||||||||||||||40910.14
F02Q10000115|200805|40559.20|0|074|106|||||6.625|0.00||||||||||||||||||||40559.20
F02Q10000115|200806|40559.20|0|075|105|||||6.625|0.00||||||||||||||||||||40559.20
F02Q10000115|200807|39851.77|0|076|104|||||6.625|0.00||||||||||||||||||||39851.77
F02Q10000115|200808|39494.98|0|077|103|||||6.625|0.00||||||||||||||||||||39494.98
F02Q10000115|200809|39136.23|0|078|102|||||6.625|0.00||||||||||||||||||||39136.23
F02Q10000115|200810|38775.49|0|079|101|||||6.625|0.00||||||||||||||||||||38775.49
F02Q10000115|200811|38775.49|0|080|100|||||6.625|0.00||||||||||||||||||||38775.49
F02Q10000115|200812|38048.31|0|081|099|||||6.625|0.00||||||||||||||||||||38048.31
F02Q10000115|200901|37681.57|0|082|098|||||6.625|0.00||||||||||||||||||||37681.57
F02Q10000115|200902|37681.57|0|083|097|||||6.625|0.00||||||||||||||||||||37681.57
F02Q10000115|200903|37312.80|0|084|096|||||6.625|0.00||||||||||||||||||||37312.80
F02Q10000115|200904|0.00|0|085|095|||01|200904|6.625|0.00|||||||||||||||37312.80|||||0.00
F02Q10000139|200202|181000.00|0|000|360|||||7.000|0.00||||||||||||||||||||181000.00
F02Q10000139|200203|180000.00|0|001|359|||||7.000|0.00||||||||||||||||||||180000.00
F02Q10000139|200204|180000.00|0|002|358|||||7.000|0.00||||||||||||||||||||180000.00
F02Q10000139|200205|180000.00|0|003|357|||||7.000|0.00||||||||||||||||||||180000.00
F02Q10000139|200206|180000.00|0|004|356|||||7.000|0.00||||||||||||||||||||180000.00
F02Q10000139|200207|180000.00|0|005|355|||||7.000|0.00||||||||||||||||||||180000.00
F02Q10000139|200208|180000.00|0|006|354|||||7.000|0.00||||||||||||||||||||180000.00
F02Q10000139|200209|179533.01|0|007|353|||||7.000|0.00||||||||||||||||||||179533.01
F02Q10000139|200210|179377.42|0|008|352|||||7.000|0.00||||||||||||||||||||179377.42
F02Q10000139|200211|179220.92|0|009|351|||||7.000|0.00||||||||||||||||||||179220.92
F02Q10000139|200212|179063.51|0|010|350|||||7.000|0.00||||||||||||||||||||179063.51
F02Q10000139|200301|178905.18|0|011|349|||||7.000|0.00||||||||||||||||||||178905.18
F02Q10000139|200302|178745.92|0|012|348|||||7.000|0.00||||||||||||||||||||178745.92
F02Q10000139|200303|178585.73|0|013|347|||||7.000|0.00||||||||||||||||||||178585.73
F02Q10000139|200304|178424.61|0|014|346|||||7.000|0.00||||||||||||||||||||178424.61
F02Q10000139|200305|178262.55|0|015|345|||||7.000|0.00||||||||||||||||||||178262.55
F02Q10000139|200306|178099.54|0|016|344|||||7.000|0.00||||||||||||||||||||178099.54
F02Q10000139|200307|177935.58|0|017|343|||||7.000|0.00||||||||||||||||||||177935.58
F02Q10000139|200308|177770.67|0|018|342|||||7.000|0.00||||||||||||||||||||177770.67
F02Q10000139|200309|177604.80|0|019|341|||||7.000|0.00||||||||||||||||||||177604.80
F02Q10000139|200310|177437.96|0|020|340|||||7.000|0.00||||||||||||||||||||177437.96
F02Q10000139|200311|177270.14|0|021|339|||||7.000|0.00||||||||||||||||||||177270.14
F02Q10000139|200312|177101.35|0|022|338|||||7.000|0.00||||||||||||||||||||177101.35
F02Q10000139|200401|176931.57|0|023|337|||||7.000|0.00||||||||||||||||||||176931.57
F02Q10000139|200402|176760.80|0|024|336|||||7.000|0.00||||||||||||||||||||176760.80
F02Q10000139|200403|176589.03|0|025|335|||||7.000|0.00||||||||||||||||||||176589.03
F02Q10000139|200404|176416.26|0|026|334|||||7.000|0.00||||||||||||||||||||176416.26
F02Q10000139|200405|176242.48|0|027|333|||||7.000|0.00||||||||||||||||||||176242.48
F02Q10000139|200406|176067.69|0|028|332|||||7.000|0.00||||||||||||||||||||176067.69
F02Q10000139|200407|175891.88|0|029|331|||||7.000|0.00||||||||||||||||||||175891.88
F02Q10000139|200408|175715.05|0|030|330|||||7.000|0.00||||||||||||||||||||175715.05
F02Q10000139|200409|175537.18|0|031|329|||||7.000|0.00||||||||||||||||||||175537.18
F02Q10000139|200410|175358.28|0|032|328|||||7.000|0.00||||||||||||||||||||175358.28
F02Q10000139|200411|175178.33|0|033|327|||||7.000|0.00||||||||||||||||||||175178.33
F02Q10000139|200412|174997.33|0|034|326|||||7.000|0.00||||||||||||||||||||174997.33
F02Q10000139|200501|174815.28|0|035|325|||||7.000|0.00||||||||||||||||||||174815.28
F02Q10000139|200502|174632.17|0|036|324|||||7.000|0.00||||||||||||||||||||174632.17
F02Q10000139|200503|174447.99|0|037|323|||||7.000|0.00||||||||||||||||||||174447.99
F02Q10000139|200504|174262.73|0|038|322|||||7.000|0.00||||||||||||||||||||174262.73
F02Q10000139|200505|174076.39|0|039|321|||||7.000|0.00||||||||||||||||||||174076.39
F02Q10000139|200506|173888.97|0|040|320|||||7.000|0.00||||||||||||||||||||173888.97
F02Q10000139|200507|173700.45|0|041|319|||||7.000|0.00||||||||||||||||||||173700.45
F02Q10000139|200508|173510.83|0|042|318|||||7.000|0.00||||||||||||||||||||173510.83
F02Q10000139|200509|173320.11|0|043|317|||||7.000|0.00||||||||||||||||||||173320.11
F02Q10000139|200510|173128.27|0|044|316|||||7.000|0.00||||||||||||||||||||173128.27
F02Q10000139|200511|172935.31|0|045|315|||||7.000|0.00||||||||||||||||||||172935.31
F02Q10000139|200512|172741.23|0|046|314|||||7.000|0.00||||||||||||||||||||172741.23
F02Q10000139|200601|172546.02|0|047|313|||||7.000|0.00||||||||||||||||||||172546.02
F02Q10000139|200602|172349.67|0|048|312|||||7.000|0.00||||||||||||||||||||172349.67
F02Q10000139|200603|172152.17|0|049|311|||||7.000|0.00||||||||||||||||||||172152.17
F02Q10000139|200604|171953.52|0|050|310|||||7.000|0.00||||||||||||||||||||171953.52
F02Q10000139|200605|171753.71|0|051|309|||||7.000|0.00||||||||||||||||||||171753.71
F02Q10000139|200606|171552.74|0|052|308|||||7.000|0.00||||||||||||||||||||171552.74
F02Q10000139|200607|171350.59|0|053|307|||||7.000|0.00||||||||||||||||||||171350.59
F02Q10000139|200608|171147.27|0|054|306|||||7.000|0.00||||||||||||||||||||171147.27
F02Q10000139|200609|170942.76|0|055|305|||||7.000|0.00||||||||||||||||||||170942.76
F02Q10000139|200610|170737.06|0|056|304|||||7.000|0.00||||||||||||||||||||170737.06
F02Q10000139|200611|170530.16|0|057|303|||||7.000|0.00||||||||||||||||||||170530.16
F02Q10000139|200612|170322.05|0|058|302|||||7.000|0.00||||||||||||||||||||170322.05
F02Q10000139|200701|170112.73|0|059|301|||||7.000|0.00||||||||||||||||||||170112.73
F02Q10000139|200702|169902.18|0|060|300|||||7.000|0.00||||||||||||||||||||169902.18
F02Q10000139|200703|169690.41|0|061|299|||||7.000|0.00||||||||||||||||||||169690.41
F02Q10000139|200704|169477.40|0|062|298|||||7.000|0.00||||||||||||||||||||169477.40
F02Q10000139|200705|169263.15|0|063|297|||||7.000|0.00||||||||||||||||||||169263.15
F02Q10000139|200706|169047.65|0|064|296|||||7.000|0.00||||||||||||||||||||169047.65
F02Q10000139|200707|168830.89|0|065|295|||||7.000|0.00||||||||||||||||||||168830.89
F02Q10000139|200708|168612.87|0|066|294|||||7.000|0.00||||||||||||||||||||168612.87
F02Q10000139|200709|168393.58|0|067|293|||||7.000|0.00||||||||||||||||||||168393.58
F02Q10000139|200710|168173.01|0|068|292|||||7.000|0.00||||||||||||||||||||168173.01
F02Q10000139|200711|167951.15|0|069|291|||||7.000|0.00||||||||||||||||||||167951.15
F02Q10000139|200712|167727.99|0|070|290|||||7.000|0.00||||||||||||||||||||167727.99
F02Q10000139|200801|167503.53|0|071|289|||||7.000|0.00||||||||||||||||||||167503.53
F02Q10000139|200802|167277.76|0|072|288|||||7.000|0.00||||||||||||||||||||167277.76
F02Q10000139|200803|167050.68|0|073|287|||||7.000|0.00||||||||||||||||||||167050.68
F02Q10000139|200804|166822.27|0|074|286|||||7.000|0.00||||||||||||||||||||166822.27
F02Q10000139|200805|166592.53|0|075|285|||||7.000|0.00||||||||||||||||||||166592.53
F02Q10000139|200806|166361.45|0|076|284|||||7.000|0.00||||||||||||||||||||166361.45
F02Q10000139|200807|166129.02|0|077|283|||||7.000|0.00||||||||||||||||||||166129.02
F02Q10000139|200808|165895.24|0|078|282|||||7.000|0.00||||||||||||||||||||165895.24
F02Q10000139|200809|165423.57|0|079|281|||||7.000|0.00||||||||||||||||||||165423.57
F02Q10000139|200810|165185.67|0|080|280|||||7.000|0.00||||||||||||||||||||165185.67
F02Q10000139|200811|165185.67|0|081|279|||||7.000|0.00||||||||||||||||||||165185.67
F02Q10000139|200812|164946.38|0|082|278|||||7.000|0.00||||||||||||||||||||164946.38
F02Q10000139|200901|164705.70|0|083|277|||||7.000|0.00||||||||||||||||||||164705.70
F02Q10000139|200902|164463.61|0|084|276|||||7.000|0.00||||||||||||||||||||164463.61
F02Q10000139|200903|164220.11|0|085|275|||||7.000|0.00||||||||||||||||||||164220.11
F02Q10000139|200904|163975.19|0|086|274|||||7.000|0.00||||||||||||||||||||163975.19
F02Q10000139|200905|163728.84|0|087|273|||||7.000|0.00||||||||||||||||||||163728.84
F02Q10000139|200906|163481.05|0|088|272|||||7.000|0.00||||||||||||||||||||163481.05
F02Q10000139|200907|163231.82|0|089|271|||||7.000|0.00||||||||||||||||||||163231.82
F02Q10000139|200908|162981.14|0|090|270|||||7.000|0.00||||||||||||||||||||162981.14
F02Q10000139|200909|162728.99|0|091|269|||||7.000|0.00||||||||||||||||||||162728.99
F02Q10000139|200910|162475.37|0|092|268|||||7.000|0.00||||||||||||||||||||162475.37
F02Q10000139|200911|162220.27|0|093|267|||||7.000|0.00||||||||||||||||||||162220.27
F02Q10000139|200912|161963.68|0|094|266|||||7.000|0.00||||||||||||||||||||161963.68
F02Q10000139|201001|161705.60|0|095|265|||||7.000|0.00||||||||||||||||||||161705.60
F02Q10000139|201002|161446.01|0|096|264|||||7.000|0.00||||||||||||||||||||161446.01
F02Q10000139|201003|161184.91|0|097|263|||||7.000|0.00||||||||||||||||||||161184.91
F02Q10000139|201004|160922.29|0|098|262|||||7.000|0.00||||||||||||||||||||160922.29
F02Q10000139|201005|160658.13|0|099|261|||||7.000|0.00||||||||||||||||||||160658.13
F02Q10000139|201006|160392.43|0|100|260|||||7.000|0.00||||||||||||||||||||160392.43
F02Q10000139|201007|160125.18|0|101|259|||||7.000|0.00||||||||||||||||||||160125.18
F02Q10000139|201008|159856.37|0|102|258|||||7.000|0.00||||||||||||||||||||159856.37
F02Q10000139|201009|159586.00|0|103|257|||||7.000|0.00||||||||||||||||||||159586.00
F02Q10000139|201010|159314.05|0|104|256|||||7.000|0.00||||||||||||||||||||159314.05
F02Q10000139|201011|159040.51|0|105|255|||||7.000|0.00||||||||||||||||||||159040.51
F02Q10000139|201012|158765.38|0|106|254|||||7.000|0.00||||||||||||||||||||158765.38
F02Q10000139|201101|158488.64|0|107|253|||||7.000|0.00||||||||||||||||||||158488.64
F02Q10000139|201102|158210.29|0|108|252|||||7.000|0.00||||||||||||||||||||158210.29
F02Q10000139|201103|157930.31|0|109|251|||||7.000|0.00||||||||||||||||||||157930.31
F02Q10000139|201104|157648.70|0|110|250|||||7.000|0.00||||||||||||||||||||157648.70
F02Q10000139|201105|157365.45|0|111|249|||||7.000|0.00||||||||||||||||||||157365.45
F02Q10000139|201106|157080.55|0|112|248|||||7.000|0.00||||||||||||||||||||157080.55
F02Q10000139|201107|156793.98|0|113|247|||||7.000|0.00||||||||||||||||||||156793.98
F02Q10000139|201108|156505.74|0|114|246|||||7.000|0.00||||||||||||||||||||156505.74
F02Q10000139|201109|156215.82|0|115|245|||||7.000|0.00||||||||||||||||||||156215.82
F02Q10000139|201110|155924.21|0|116|244|||||7.000|0.00||||||||||||||||||||155924.21
F02Q10000139|201111|155630.90|0|117|243|||||7.000|0.00||||||||||||||||||||155630.90
F02Q10000139|201112|155335.88|0|118|242|||||7.000|0.00||||||||||||||||||||155335.88
F02Q10000139|201201|155039.14|0|119|241|||||7.000|0.00||||||||||||||||||||155039.14
F02Q10000139|201202|154740.66|0|120|240|||||7.000|0.00||||||||||||||||||||154740.66
F02Q10000139|201203|154440.44|0|121|239|||||7.000|0.00||||||||||||||||||||154440.44
F02Q10000139|201204|154138.47|0|122|238|||||7.000|0.00||||||||||||||||||||154138.47
F02Q10000139|201205|153834.74|0|123|237|||||7.000|0.00||||||||||||||||||||153834.74
F02Q10000139|201206|153529.24|0|124|236|||||7.000|0.00||||||||||||||||||||153529.24
F02Q10000139|201207|153221.96|0|125|235|||||7.000|0.00||||||||||||||||||||153221.96
F02Q10000139|201208|152912.88|0|126|234|||||7.000|0.00||||||||||||||||||||152912.88
F02Q10000139|201209|152602.00|0|127|233|||||7.000|0.00||||||||||||||||||||152602.00
F02Q10000139|201210|152289.31|0|128|232|||||7.000|0.00||||||||||||||||||||152289.31
F02Q10000139|201211|151974.79|0|129|231|||||7.000|0.00||||||||||||||||||||151974.79
F02Q10000139|201212|151658.44|0|130|230|||||7.000|0.00||||||||||||||||||||151658.44
F02Q10000139|201301|151340.24|0|131|229|||||7.000|0.00||||||||||||||||||||151340.24
F02Q10000139|201302|151020.19|0|132|228|||||7.000|0.00||||||||||||||||||||151020.19
F02Q10000139|201303|150698.27|0|133|227|||||7.000|0.00||||||||||||||||||||150698.27
F02Q10000139|201304|150374.47|0|134|226|||||7.000|0.00||||||||||||||||||||150374.47
F02Q10000139|201305|150048.78|0|135|225|||||7.000|0.00||||||||||||||||||||150048.78
F02Q10000139|201306|149721.19|0|136|224|||||7.000|0.00||||||||||||||||||||149721.19
F02Q10000139|201307|149391.69|0|137|223|||||7.000|0.00||||||||||||||||||||149391.69
F02Q10000139|201308|149060.27|0|138|222|||||7.000|0.00||||||||||||||||||||149060.27
F02Q10000139|201309|148726.92|0|139|221|||||7.000|0.00||||||||||||||||||||148726.92
F02Q10000139|201310|148391.62|1|140|220|||||7.000|0.00||||||||||||||||||||148391.62
F02Q10000139|201311|148726.92|2|141|219|||||7.000|0.00||||||||||||||||||||148726.92
F02Q10000139|201312|148726.92|1|142|218|||||7.000|0.00||||||||||||||||||||148726.92
F02Q10000139|201401|148054.37|1|143|217|||||7.000|0.00||||||||||||||||||||148054.37
F02Q10000139|201402|147373.95|1|144|216|||||7.000|0.00||||||||||||||||||||147373.95
F02Q10000139|201403|147030.76|1|145|215|||||7.000|0.00||||||||||||||||||||147030.76
F02Q10000139|201404|146685.57|1|146|214|||||7.000|0.00||||||||||||||||||||146685.57
F02Q10000139|201405|146338.37|1|147|213|||||7.000|0.00||||||||||||||||||||146338.37
F02Q10000139|201406|145989.14|0|148|212|||||7.000|0.00||||||||||||||||||||145989.14
F02Q10000139|201407|145637.87|1|149|211|||||7.000|0.00||||||||||||||||||||145637.87
F02Q10000139|201408|145284.55|1|150|210|||||7.000|0.00||||||||||||||||||||145284.55
F02Q10000139|201409|144929.17|1|151|209|||||7.000|0.00||||||||||||||||||||144929.17
F02Q10000139|201410|144571.72|1|152|208|||||7.000|0.00||||||||||||||||||||144571.72
F02Q10000139|201411|144212.18|1|153|207|||||7.000|0.00||||||||||||||||||||144212.18
F02Q10000139|201412|144212.18|1|154|206|||||7.000|0.00||||||||||||||||||||144212.18
F02Q10000139|201501|143486.81|1|155|205|||||7.000|0.00||||||||||||||||||||143486.81
F02Q10000139|201502|143486.81|1|156|204|||||7.000|0.00||||||||||||||||||||143486.81
F02Q10000139|201503|143120.95|1|157|203|||||7.000|0.00||||||||||||||||||||143120.95
F02Q10000139|201504|142752.95|2|158|202|||||7.000|0.00||||||||||||||||||||142752.95
F02Q10000139|201505|142382.81|0|159|201|||||7.000|0.00||||||||||||||||||||142382.81
F02Q10000139|201506|141552.74|0|160|200|||||7.000|0.00||||||||||||||||||||141552.74
F02Q10000139|201507|141167.44|0|161|199|||||7.000|0.00||||||||||||||||||||141167.44
F02Q10000139|201508|140779.60|1|162|198|||||7.000|0.00||||||||||||||||||||140779.60
F02Q10000139|201509|140779.60|1|163|197|||||7.000|0.00||||||||||||||||||||140779.60
F02Q10000139|201510|140014.06|0|164|196|||||7.000|0.00||||||||||||||||||||140014.06
F02Q10000139|201511|139438.60|0|165|195|||||7.000|0.00||||||||||||||||||||139438.60
F02Q10000139|201512|138519.79|0|166|194|||||7.000|0.00||||||||||||||||||||138519.79
F02Q10000139|201601|138056.36|0|167|193|||||7.000|0.00||||||||||||||||||||138056.36
F02Q10000139|201602|137590.23|0|168|192|||||7.000|0.00||||||||||||||||||||137590.23
F02Q10000139|201603|137121.38|0|169|191|||||7.000|0.00||||||||||||||||||||137121.38
F02Q10000139|201604|0.00|0|170|190|||01|201604|7.000|0.00|||||||||||||||137121.38|||||0.00
F02Q10000141|200203|125000.00|0|000|180|||||6.500|0.00||||||||||||||||||||125000.00
F02Q10000141|200204|125000.00|0|001|179|||||6.500|0.00||||||||||||||||||||125000.00
F02Q10000141|200205|124000.00|0|002|178|||||6.500|0.00||||||||||||||||||||124000.00
F02Q10000141|200206|124000.00|0|003|177|||||6.500|0.00||||||||||||||||||||124000.00
F02Q10000141|200207|123000.00|0|004|176|||||6.500|0.00||||||||||||||||||||123000.00
F02Q10000141|200208|123000.00|0|005|175|||||6.500|0.00||||||||||||||||||||123000.00
F02Q10000141|200209|122000.00|0|006|174|||||6.500|0.00||||||||||||||||||||122000.00
F02Q10000141|200210|122070.16|0|007|173|||||6.500|0.00||||||||||||||||||||122070.16
F02Q10000141|200211|121642.49|0|008|172|||||6.500|0.00||||||||||||||||||||121642.49
F02Q10000141|200212|121212.51|0|009|171|||||6.500|0.00||||||||||||||||||||121212.51
F02Q10000141|200301|120780.20|0|010|170|||||6.500|0.00||||||||||||||||||||120780.20
F02Q10000141|200302|120345.55|0|011|169|||||6.500|0.00||||||||||||||||||||120345.55
F02Q10000141|200303|119908.54|0|012|168|||||6.500|0.00||||||||||||||||||||119908.54
F02Q10000141|200304|119469.16|0|013|167|||||6.500|0.00||||||||||||||||||||119469.16
F02Q10000141|200305|0.00|0|014|166|||01|200305|6.500|0.00|||||||||||||||119469.16|||||0.00
F02Q10000299|200203|235000.00|0|000|360|||||6.750|0.00||||||||||||||||||||235000.00
F02Q10000299|200204|234000.00|0|001|359|||||6.750|0.00||||||||||||||||||||234000.00
F02Q10000299|200205|234000.00|0|002|358|||||6.750|0.00||||||||||||||||||||234000.00
F02Q10000299|200206|234000.00|0|003|357|||||6.750|0.00||||||||||||||||||||234000.00
F02Q10000299|200207|234000.00|0|004|356|||||6.750|0.00||||||||||||||||||||234000.00
F02Q10000299|200208|234000.00|0|005|355|||||6.750|0.00||||||||||||||||||||234000.00
F02Q10000299|200209|234000.00|0|006|354|||||6.750|0.00||||||||||||||||||||234000.00
F02Q10000299|200210|233410.70|0|007|353|||||6.750|0.00||||||||||||||||||||233410.70
F02Q10000299|200211|233201.77|0|008|352|||||6.750|0.00||||||||||||||||||||233201.77
F02Q10000299|200212|232991.66|0|009|351|||||6.750|0.00||||||||||||||||||||232991.66
F02Q10000299|200301|232780.37|0|010|350|||||6.750|0.00||||||||||||||||||||232780.37
F02Q10000299|200302|232567.89|1|011|349|||||6.750|0.00||||||||||||||||||||232567.89
F02Q10000299|200303|232354.21|2|012|348|||||6.750|0.00||||||||||||||||||||232354.21
F02Q10000299|200304|232139.33|0|013|347|||||6.750|0.00||||||||||||||||||||232139.33
F02Q10000299|200305|231923.24|0|014|346|||||6.750|0.00||||||||||||||||||||231923.24
F02Q10000299|200306|231705.94|0|015|345|||||6.750|0.00||||||||||||||||||||231705.94
F02Q10000299|200307|231487.42|1|016|344|||||6.750|0.00||||||||||||||||||||231487.42
F02Q10000299|200308|231267.67|2|017|343|||||6.750|0.00||||||||||||||||||||231267.67
F02Q10000299|200309|231046.68|3|018|342|||||6.750|0.00||||||||||||||||||||231046.68
F02Q10000299|200310|230824.45|0|019|341|||||6.750|0.00||||||||||||||||||||230824.45
F02Q10000299|200311|230600.97|0|020|340|||||6.750|0.00||||||||||||||||||||230600.97
F02Q10000299|200312|230376.23|0|021|339|||||6.750|0.00||||||||||||||||||||230376.23
F02Q10000299|200401|229922.96|0|022|338|||||6.750|0.00||||||||||||||||||||229922.96
F02Q10000299|200402|229922.96|0|023|337|||||6.750|0.00||||||||||||||||||||229922.96
F02Q10000299|200403|229464.57|0|024|336|||||6.750|0.00||||||||||||||||||||229464.57
F02Q10000299|200404|229464.57|0|025|335|||||6.750|0.00||||||||||||||||||||229464.57
F02Q10000299|200405|229233.44|0|026|334|||||6.750|0.00||||||||||||||||||||229233.44
F02Q10000299|200406|228902.13|0|027|333|||||6.750|0.00||||||||||||||||||||228902.13
F02Q10000299|200407|228667.83|0|028|332|||||6.750|0.00||||||||||||||||||||228667.83
F02Q10000299|200408|228432.22|0|029|331|||||6.750|0.00||||||||||||||||||||228432.22
F02Q10000299|200409|228195.28|1|030|330|||||6.750|0.00||||||||||||||||||||228195.28
F02Q10000299|200410|0.00|2|031|329|||01|200410|6.750|0.00|200408||||||||||||||228195.28|||||0.00
F02Q10000306|200203|44000.00|0|000|169|||||6.250|0.00||||||||||||||||||||44000.00
F02Q10000306|200204|43000.00|0|001|168|||||6.250|0.00||||||||||||||||||||43000.00
F02Q10000306|200205|43000.00|0|002|167|||||6.250|0.00||||||||||||||||||||43000.00
F02Q10000306|200206|43000.00|0|003|166|||||6.250|0.00||||||||||||||||||||43000.00
F02Q10000306|200207|43000.00|0|004|165|||||6.250|0.00||||||||||||||||||||43000.00
F02Q10000306|200208|43000.00|0|005|164|||||6.250|0.00||||||||||||||||||||43000.00
F02Q10000306|200209|43000.00|0|006|163|||||6.250|0.00||||||||||||||||||||43000.00
F02Q10000306|200210|42451.49|0|007|162|||||6.250|0.00||||||||||||||||||||42451.49
F02Q10000306|200211|42283.98|0|008|161|||||6.250|0.00||||||||||||||||||||42283.98
F02Q10000306|200212|42115.60|0|009|160|||||6.250|0.00||||||||||||||||||||42115.60
F02Q10000306|200301|41946.34|0|010|159|||||6.250|0.00||||||||||||||||||||41946.34
F02Q10000306|200302|41776.20|0|011|158|||||6.250|0.00||||||||||||||||||||41776.20
F02Q10000306|200303|41605.17|0|012|157|||||6.250|0.00||||||||||||||||||||41605.17
F02Q10000306|200304|41433.25|0|013|156|||||6.250|0.00||||||||||||||||||||41433.25
F02Q10000306|200305|41260.44|0|014|155|||||6.250|0.00||||||||||||||||||||41260.44
F02Q10000306|200306|41086.73|0|015|154|||||6.250|0.00||||||||||||||||||||41086.73
F02Q10000306|200307|40912.11|0|016|153|||||6.250|0.00||||||||||||||||||||40912.11
F02Q10000306|200308|40736.58|0|017|152|||||6.250|0.00||||||||||||||||||||40736.58
F02Q10000306|200309|40560.14|0|018|151|||||6.250|0.00||||||||||||||||||||40560.14
F02Q10000306|200310|0.00|0|019|150|||01|200310|6.250|0.00|||||||||||||||40560.14|||||0.00
F02Q10000321|200203|60000.00|0|000|180|||||6.250|0.00||||||||||||||||||||60000.00
F02Q10000321|200204|60000.00|0|001|179|||||6.250|0.00||||||||||||||||||||60000.00
F02Q10000321|200205|60000.00|0|002|178|||||6.250|0.00||||||||||||||||||||60000.00
F02Q10000321|200206|60000.00|0|003|177|||||6.250|0.00||||||||||||||||||||60000.00
F02Q10000321|200207|59000.00|0|004|176|||||6.250|0.00||||||||||||||||||||59000.00
F02Q10000321|200208|59000.00|0|005|175|||||6.250|0.00||||||||||||||||||||59000.00
F02Q10000321|200209|59000.00|0|006|174|||||6.250|0.00||||||||||||||||||||59000.00
F02Q10000321|200210|58564.08|0|007|173|||||6.250|0.00||||||||||||||||||||58564.08
F02Q10000321|200211|58354.65|0|008|172|||||6.250|0.00||||||||||||||||||||58354.65
F02Q10000321|200212|58354.65|0|009|171|||||6.250|0.00||||||||||||||||||||58354.65
F02Q10000321|200301|57932.51|0|010|170|||||6.250|0.00||||||||||||||||||||57932.51
F02Q10000321|200302|57932.51|0|011|169|||||6.250|0.00||||||||||||||||||||57932.51
F02Q10000321|200303|57719.79|0|012|168|||||6.250|0.00||||||||||||||||||||57719.79
F02Q10000321|200304|57291.02|0|013|167|||||6.250|0.00||||||||||||||||||||57291.02
F02Q10000321|200305|57074.96|0|014|166|||||6.250|0.00||||||||||||||||||||57074.96
F02Q10000321|200306|57074.96|0|015|165|||||6.250|0.00||||||||||||||||||||57074.96
F02Q10000321|200307|56639.46|0|016|164|||||6.250|0.00||||||||||||||||||||56639.46
F02Q10000321|200308|56420.01|0|017|163|||||6.250|0.00||||||||||||||||||||56420.01
F02Q10000321|200309|56199.41|0|018|162|||||6.250|0.00||||||||||||||||||||56199.41
F02Q10000321|200310|55977.67|0|019|161|||||6.250|0.00||||||||||||||||||||55977.67
F02Q10000321|200311|55977.67|0|020|160|||||6.250|0.00||||||||||||||||||||55977.67
F02Q10000321|200312|55530.71|0|021|159|||||6.250|0.00||||||||||||||||||||55530.71
F02Q10000321|200401|55305.48|0|022|158|||||6.250|0.00||||||||||||||||||||55305.48
F02Q10000321|200402|55305.48|0|023|157|||||6.250|0.00||||||||||||||||||||55305.48
F02Q10000321|200403|54851.50|0|024|156|||||6.250|0.00||||||||||||||||||||54851.50
F02Q10000321|200404|54622.73|0|025|155|||||6.250|0.00||||||||||||||||||||54622.73
F02Q10000321|200405|54622.73|0|026|154|||||6.250|0.00||||||||||||||||||||54622.73
F02Q10000321|200406|54161.62|0|027|153|||||6.250|0.00||||||||||||||||||||54161.62
F02Q10000321|200407|53929.26|0|028|152|||||6.250|0.00||||||||||||||||||||53929.26
F02Q10000321|200408|53929.26|0|029|151|||||6.250|0.00||||||||||||||||||||53929.26
F02Q10000321|200409|53460.91|0|030|150|||||6.250|0.00||||||||||||||||||||53460.91
F02Q10000321|200410|53224.90|0|031|149|||||6.250|0.00||||||||||||||||||||53224.90
F02Q10000321|200411|52987.66|0|032|148|||||6.250|0.00||||||||||||||||||||52987.66
F02Q10000321|200412|52749.19|0|033|147|||||6.250|0.00||||||||||||||||||||52749.19
F02Q10000321|200501|52749.19|0|034|146|||||6.250|0.00||||||||||||||||||||52749.19
F02Q10000321|200502|52268.52|0|035|145|||||6.250|0.00||||||||||||||||||||52268.52
F02Q10000321|200503|52026.30|0|036|144|||||6.250|0.00||||||||||||||||||||52026.30
F02Q10000321|200504|51782.82|0|037|143|||||6.250|0.00||||||||||||||||||||51782.82
F02Q10000321|200505|51782.82|0|038|142|||||6.250|0.00||||||||||||||||||||51782.82
F02Q10000321|200506|51292.05|0|039|141|||||6.250|0.00||||||||||||||||||||51292.05
F02Q10000321|200507|51044.75|0|040|140|||||6.250|0.00||||||||||||||||||||51044.75
F02Q10000321|200508|50796.16|0|041|139|||||6.250|0.00||||||||||||||||||||50796.16
F02Q10000321|200509|50546.27|0|042|138|||||6.250|0.00||||||||||||||||||||50546.27
F02Q10000321|200510|50446.27|0|043|137|||||6.250|0.00||||||||||||||||||||50446.27
F02Q10000321|200511|49892.06|0|044|136|||||6.250|0.00||||||||||||||||||||49892.06
F02Q10000321|200512|49637.72|0|045|135|||||6.250|0.00||||||||||||||||||||49637.72
F02Q10000321|200601|49637.72|0|046|134|||||6.250|0.00||||||||||||||||||||49637.72
F02Q10000321|200602|49331.80|0|047|133|||||6.250|0.00||||||||||||||||||||49331.80
F02Q10000321|200603|48815.70|0|048|132|||||6.250|0.00||||||||||||||||||||48815.70
F02Q10000321|200604|48815.70|0|049|131|||||6.250|0.00||||||||||||||||||||48815.70
F02Q10000321|200605|48293.94|0|050|130|||||6.250|0.00||||||||||||||||||||48293.94
F02Q10000321|200606|47981.02|0|051|129|||||6.250|0.00||||||||||||||||||||47981.02
F02Q10000321|200607|47981.02|0|052|128|||||6.250|0.00||||||||||||||||||||47981.02
F02Q10000321|200608|47350.54|0|053|127|||||6.250|0.00||||||||||||||||||||47350.54
F02Q10000321|200609|47032.97|0|054|126|||||6.250|0.00||||||||||||||||||||47032.97
F02Q10000321|200610|47032.97|0|055|125|||||6.250|0.00||||||||||||||||||||47032.97
F02Q10000321|200611|46392.85|0|056|124|||||6.250|0.00||||||||||||||||||||46392.85
F02Q10000321|200612|46070.29|0|057|123|||||6.250|0.00||||||||||||||||||||46070.29
F02Q10000321|200701|46070.29|0|058|122|||||6.250|0.00||||||||||||||||||||46070.29
F02Q10000321|200702|45420.12|0|059|121|||||6.250|0.00||||||||||||||||||||45420.12
F02Q10000321|200703|45092.49|0|060|120|||||6.250|0.00||||||||||||||||||||45092.49
F02Q10000321|200704|45092.49|0|061|119|||||6.250|0.00||||||||||||||||||||45092.49
F02Q10000321|200705|44432.11|0|062|118|||||6.250|0.00||||||||||||||||||||44432.11
F02Q10000321|200706|44099.34|0|063|117|||||6.250|0.00||||||||||||||||||||44099.34
F02Q10000321|200707|44099.34|0|064|116|||||6.250|0.00||||||||||||||||||||44099.34
F02Q10000321|200708|43428.58|0|065|115|||||6.250|0.00||||||||||||||||||||43428.58
F02Q10000321|200709|43428.58|0|066|114|||||6.250|0.00||||||||||||||||||||43428.58
F02Q10000321|200710|42750.82|0|067|113|||||6.250|0.00||||||||||||||||||||42750.82
F02Q10000321|200711|42409.29|0|068|112|||||6.250|0.00||||||||||||||||||||42409.29
F02Q10000321|200712|42409.29|0|069|111|||||6.250|0.00||||||||||||||||||||42409.29
F02Q10000321|200801|41720.88|0|070|110|||||6.250|0.00||||||||||||||||||||41720.88
F02Q10000321|200802|41373.99|0|071|109|||||6.250|0.00||||||||||||||||||||41373.99
F02Q10000321|200803|41373.99|0|072|108|||||6.250|0.00||||||||||||||||||||41373.99
F02Q10000321|200804|40674.77|0|073|107|||||6.250|0.00||||||||||||||||||||40674.77
F02Q10000321|200805|40322.43|0|074|106|||||6.250|0.00||||||||||||||||||||40322.43
F02Q10000321|200806|40322.43|0|075|105|||||6.250|0.00||||||||||||||||||||40322.43
F02Q10000321|200807|39612.23|0|076|104|||||6.250|0.00||||||||||||||||||||39612.23
F02Q10000321|200808|39254.35|0|077|103|||||6.250|0.00||||||||||||||||||||39254.35
F02Q10000321|200809|38894.61|0|078|102|||||6.250|0.00||||||||||||||||||||38894.61
F02Q10000321|200810|38533.00|0|079|101|||||6.250|0.00||||||||||||||||||||38533.00
F02Q10000321|200811|38533.00|0|080|100|||||6.250|0.00||||||||||||||||||||38533.00
F02Q10000321|200812|37804.11|0|081|099|||||6.250|0.00||||||||||||||||||||37804.11
F02Q10000321|200901|37436.82|0|082|098|||||6.250|0.00||||||||||||||||||||37436.82
F02Q10000321|200902|37436.82|0|083|097|||||6.250|0.00||||||||||||||||||||37436.82
F02Q10000321|200903|37067.61|0|084|096|||||6.250|0.00||||||||||||||||||||37067.61
F02Q10000321|200904|0.00|0|085|095|||01|200904|6.250|0.00|||||||||||||||37067.61|||||0.00
F02Q10000361|200203|68000.00|0|000|360|||||6.875|0.00||||||||||||||||||||68000.00
F02Q10000361|200204|68000.00|0|001|359|||||6.875|0.00||||||||||||||||||||68000.00
F02Q10000361|200205|68000.00|0|002|358|||||6.875|0.00||||||||||||||||||||68000.00
F02Q10000361|200206|68000.00|0|003|357|||||6.875|0.00||||||||||||||||||||68000.00
F02Q10000361|200207|68000.00|0|004|356|||||6.875|0.00||||||||||||||||||||68000.00
F02Q10000361|200208|68000.00|0|005|355|||||6.875|0.00||||||||||||||||||||68000.00
F02Q10000361|200209|68000.00|0|006|354|||||6.875|0.00||||||||||||||||||||68000.00
F02Q10000361|200210|67593.18|0|007|353|||||6.875|0.00||||||||||||||||||||67593.18
F02Q10000361|200211|67533.72|0|008|352|||||6.875|0.00||||||||||||||||||||67533.72
F02Q10000361|200212|67473.92|0|009|351|||||6.875|0.00||||||||||||||||||||67473.92
F02Q10000361|200301|67353.29|0|010|350|||||6.875|0.00||||||||||||||||||||67353.29
F02Q10000361|200302|67292.46|0|011|349|||||6.875|0.00||||||||||||||||||||67292.46
F02Q10000361|200303|67169.75|0|012|348|||||6.875|0.00||||||||||||||||||||67169.75
F02Q10000361|200304|67107.87|0|013|347|||||6.875|0.00||||||||||||||||||||67107.87
F02Q10000361|200305|67045.63|0|014|346|||||6.875|0.00||||||||||||||||||||67045.63
F02Q10000361|200306|0.00|0|015|345|||01|200306|6.875|0.00|||||||||||||||67045.63|||||0.00
F02Q10000385|200203|235000.00|0|000|360|||||6.375|0.00||||||||||||||||||||235000.00
F02Q10000385|200204|235000.00|0|001|359|||||6.375|0.00||||||||||||||||||||235000.00
F02Q10000385|200205|234000.00|0|002|358|||||6.375|0.00||||||||||||||||||||234000.00
F02Q10000385|200206|234000.00|0|003|357|||||6.375|0.00||||||||||||||||||||234000.00
F02Q10000385|200207|234000.00|0|004|356|||||6.375|0.00||||||||||||||||||||234000.00
F02Q10000385|200208|233000.00|0|005|355|||||6.375|0.00||||||||||||||||||||233000.00
F02Q10000385|200209|233000.00|0|006|354|||||6.375|0.00||||||||||||||||||||233000.00
F02Q10000385|200210|232740.68|0|007|353|||||6.375|0.00||||||||||||||||||||232740.68
F02Q10000385|200211|232411.02|0|008|352|||||6.375|0.00||||||||||||||||||||232411.02
F02Q10000385|200212|232079.61|0|009|351|||||6.375|0.00||||||||||||||||||||232079.61
F02Q10000385|200301|231746.44|0|010|350|||||6.375|0.00||||||||||||||||||||231746.44
F02Q10000385|200302|231411.50|0|011|349|||||6.375|0.00||||||||||||||||||||231411.50
F02Q10000385|200303|231074.78|0|012|348|||||6.375|0.00||||||||||||||||||||231074.78
F02Q10000385|200304|230736.27|0|013|347|||||6.375|0.00||||||||||||||||||||230736.27
F02Q10000385|200305|230395.97|0|014|346|||||6.375|0.00||||||||||||||||||||230395.97
F02Q10000385|200306|230053.86|0|015|345|||||6.375|0.00||||||||||||||||||||230053.86
F02Q10000385|200307|229709.93|0|016|344|||||6.375|0.00||||||||||||||||||||229709.93
F02Q10000385|200308|0.00|0|017|343|||01|200308|6.375|0.00|||||||||||||||229709.93|||||0.00
F02Q10000498|200203|300000.00|0|000|180|||||6.500|0.00||||||||||||||||||||300000.00
F02Q10000498|200204|299000.00|0|001|179|||||6.500|0.00||||||||||||||||||||299000.00
F02Q10000498|200205|298000.00|0|002|178|||||6.500|0.00||||||||||||||||||||298000.00
F02Q10000498|200206|297000.00|0|003|177|||||6.500|0.00||||||||||||||||||||297000.00
F02Q10000498|200207|296000.00|0|004|176|||||6.500|0.00||||||||||||||||||||296000.00
F02Q10000498|200208|295000.00|0|005|175|||||6.500|0.00||||||||||||||||||||295000.00
F02Q10000498|200209|294000.00|0|006|174|||||6.500|0.00||||||||||||||||||||294000.00
F02Q10000498|200210|292836.93|0|007|173|||||6.500|0.00||||||||||||||||||||292836.93
F02Q10000498|200211|291809.81|0|008|172|||||6.500|0.00||||||||||||||||||||291809.81
F02Q10000498|200212|290777.13|0|009|171|||||6.500|0.00||||||||||||||||||||290777.13
F02Q10000498|200301|289738.85|0|010|170|||||6.500|0.00||||||||||||||||||||289738.85
F02Q10000498|200302|0.00|0|011|169|||01|200302|6.500|0.00|||||||||||||||289738.85|||||0.00
F02Q10000506|200204|119000.00|0|000|240|||||6.800|0.00||||||||||||||||||||119000.00
F02Q10000506|200205|119000.00|0|001|239|||||6.800|0.00||||||||||||||||||||119000.00
F02Q10000506|200206|119000.00|0|002|238|||||6.800|0.00||||||||||||||||||||119000.00
F02Q10000506|200207|118000.00|0|003|237|||||6.800|0.00||||||||||||||||||||118000.00
F02Q10000506|200208|118000.00|0|004|236|||||6.800|0.00||||||||||||||||||||118000.00
F02Q10000506|200209|118000.00|0|005|235|||||6.800|0.00||||||||||||||||||||118000.00
F02Q10000506|200210|118000.00|0|006|234|||||6.800|0.00||||||||||||||||||||118000.00
F02Q10000506|200211|117333.62|0|007|233|||||6.800|0.00||||||||||||||||||||117333.62
F02Q10000506|200212|117090.14|0|008|232|||||6.800|0.00||||||||||||||||||||117090.14
F02Q10000506|200301|116745.28|0|009|231|||||6.800|0.00||||||||||||||||||||116745.28
F02Q10000506|200302|116498.47|0|010|230|||||6.800|0.00||||||||||||||||||||116498.47
F02Q10000506|200303|0.00|0|011|229|||01|200303|6.800|0.00|||||||||||||||116498.47|||||0.00
F02Q10000582|200204|115000.00|0|000|360|||||6.875|0.00||||||||||||||||||||115000.00
F02Q10000582|200205|115000.00|0|001|359|||||6.875|0.00||||||||||||||||||||115000.00
F02Q10000582|200206|115000.00|0|002|358|||||6.875|0.00||||||||||||||||||||115000.00
F02Q10000582|200207|115000.00|0|003|357|||||6.875|0.00||||||||||||||||||||115000.00
F02Q10000582|200208|115000.00|0|004|356|||||6.875|0.00||||||||||||||||||||115000.00
F02Q10000582|200209|114000.00|0|005|355|||||6.875|0.00||||||||||||||||||||114000.00
F02Q10000582|200210|114000.00|0|006|354|||||6.875|0.00||||||||||||||||||||114000.00
F02Q10000582|200211|114287.15|0|007|353|||||6.875|0.00||||||||||||||||||||114287.15
F02Q10000582|200212|114182.97|0|008|352|||||6.875|0.00||||||||||||||||||||114182.97
F02Q10000582|200301|114182.97|0|009|351|||||6.875|0.00||||||||||||||||||||114182.97
F02Q10000582|200302|114078.19|0|010|350|||||6.875|0.00||||||||||||||||||||114078.19
F02Q10000582|200303|113972.81|0|011|349|||||6.875|0.00||||||||||||||||||||113972.81
F02Q10000582|200304|113870.31|0|012|348|||||6.875|0.00||||||||||||||||||||113870.31
F02Q10000582|200305|113663.54|0|013|347|||||6.875|0.00||||||||||||||||||||113663.54
F02Q10000582|200306|113559.27|0|014|346|||||6.875|0.00||||||||||||||||||||113559.27
F02Q10000582|200307|0.00|0|015|345|||01|200307|6.875|0.00|||||||||||||||113559.27|||||0.00
F02Q10000596|200204|65000.00|0|000|180|||||6.875|0.00||||||||||||||||||||65000.00
F02Q10000596|200205|65000.00|0|001|179|||||6.875|0.00||||||||||||||||||||65000.00
F02Q10000596|200206|65000.00|0|002|178|||||6.875|0.00||||||||||||||||||||65000.00
F02Q10000596|200207|64000.00|0|003|177|||||6.875|0.00||||||||||||||||||||64000.00
F02Q10000596|200208|64000.00|0|004|176|||||6.875|0.00||||||||||||||||||||64000.00
F02Q10000596|200209|64000.00|0|005|175|||||6.875|0.00||||||||||||||||||||64000.00
F02Q10000596|200210|64000.00|0|006|174|||||6.875|0.00||||||||||||||||||||64000.00
F02Q10000596|200211|63523.62|0|007|173|||||6.875|0.00||||||||||||||||||||63523.62
F02Q10000596|200212|63523.62|0|008|172|||||6.875|0.00||||||||||||||||||||63523.62
F02Q10000596|200301|63090.84|0|009|171|||||6.875|0.00||||||||||||||||||||63090.84
F02Q10000596|200302|63090.84|0|010|170|||||6.875|0.00||||||||||||||||||||63090.84
F02Q10000596|200303|62872.59|0|011|169|||||6.875|0.00||||||||||||||||||||62872.59
F02Q10000596|200304|62432.33|0|012|168|||||6.875|0.00||||||||||||||||||||62432.33
F02Q10000596|200305|62210.31|0|013|167|||||6.875|0.00||||||||||||||||||||62210.31
F02Q10000596|200306|62210.31|0|014|166|||||6.875|0.00||||||||||||||||||||62210.31
F02Q10000596|200307|61762.43|0|015|165|||||6.875|0.00||||||||||||||||||||61762.43
F02Q10000596|200308|61536.57|0|016|164|||||6.875|0.00||||||||||||||||||||61536.57
F02Q10000596|200309|61309.41|0|017|163|||||6.875|0.00||||||||||||||||||||61309.41
F02Q10000596|200310|61080.95|0|018|162|||||6.875|0.00||||||||||||||||||||61080.95
F02Q10000596|200311|61080.95|0|019|161|||||6.875|0.00||||||||||||||||||||61080.95
F02Q10000596|200312|60620.10|0|020|160|||||6.875|0.00||||||||||||||||||||60620.10
F02Q10000596|200401|60387.69|0|021|159|||||6.875|0.00||||||||||||||||||||60387.69
F02Q10000596|200402|60387.69|0|022|158|||||6.875|0.00||||||||||||||||||||60387.69
F02Q10000596|200403|59918.87|0|023|157|||||6.875|0.00||||||||||||||||||||59918.87
F02Q10000596|200404|59682.45|0|024|156|||||6.875|0.00||||||||||||||||||||59682.45
F02Q10000596|200405|59682.45|0|025|155|||||6.875|0.00||||||||||||||||||||59682.45
F02Q10000596|200406|59205.53|0|026|154|||||6.875|0.00||||||||||||||||||||59205.53
F02Q10000596|200407|58965.02|0|027|153|||||6.875|0.00||||||||||||||||||||58965.02
F02Q10000596|200408|58965.02|0|028|152|||||6.875|0.00||||||||||||||||||||58965.02
F02Q10000596|200409|58479.85|0|029|151|||||6.875|0.00||||||||||||||||||||58479.85
F02Q10000596|200410|58235.18|0|030|150|||||6.875|0.00||||||||||||||||||||58235.18
F02Q10000596|200411|57989.11|0|031|149|||||6.875|0.00||||||||||||||||||||57989.11
F02Q10000596|200412|57741.63|0|032|148|||||6.875|0.00||||||||||||||||||||57741.63
F02Q10000596|200501|57741.63|0|033|147|||||6.875|0.00||||||||||||||||||||57741.63
F02Q10000596|200502|0.00|0|034|146|||01|200502|6.875|0.00|||||||||||||||57741.63|||||0.00
F02Q10000728|200204|85000.00|0|000|360|||||6.875|0.00||||||||||||||||||||85000.00
F02Q10000728|200205|85000.00|0|001|359|||||6.875|0.00||||||||||||||||||||85000.00
F02Q10000728|200206|85000.00|0|002|358|||||6.875|0.00||||||||||||||||||||85000.00
F02Q10000728|200207|85000.00|0|003|357|||||6.875|0.00||||||||||||||||||||85000.00
F02Q10000728|200208|85000.00|0|004|356|||||6.875|0.00||||||||||||||||||||85000.00
F02Q10000728|200209|85000.00|0|005|355|||||6.875|0.00||||||||||||||||||||85000.00
F02Q10000728|200210|85000.00|0|006|354|||||6.875|0.00||||||||||||||||||||85000.00
F02Q10000728|200211|84491.45|0|007|353|||||6.875|0.00||||||||||||||||||||84491.45
F02Q10000728|200212|84417.13|0|008|352|||||6.875|0.00||||||||||||||||||||84417.13
F02Q10000728|200301|84342.38|0|009|351|||||6.875|0.00||||||||||||||||||||84342.38
F02Q10000728|200302|84267.20|0|010|350|||||6.875|0.00||||||||||||||||||||84267.20
F02Q10000728|200303|84191.59|0|011|349|||||6.875|0.00||||||||||||||||||||84191.59
F02Q10000728|200304|84115.55|0|012|348|||||6.875|0.00||||||||||||||||||||84115.55
F02Q10000728|200305|84039.07|0|013|347|||||6.875|0.00||||||||||||||||||||84039.07
F02Q10000728|200306|83962.15|0|014|346|||||6.875|0.00||||||||||||||||||||83962.15
F02Q10000728|200307|83884.79|0|015|345|||||6.875|0.00||||||||||||||||||||83884.79
F02Q10000728|200308|0.00|0|016|344|||01|200308|6.875|0.00|||||||||||||||83884.79|||||0.00
F02Q10000863|200204|116000.00|0|000|360|||||7.500|0.00||||||||||||||||||||116000.00
F02Q10000863|200205|0.00|0|001|359|||01|200205|7.500|0.00|||||||||||||||116400.00|||||0.00
F02Q10000902|200204|100000.00|0|000|180|||||6.625|0.00||||||||||||||||||||100000.00
F02Q10000902|200205|99000.00|0|001|179|||||6.625|0.00||||||||||||||||||||99000.00
F02Q10000902|200206|99000.00|0|002|178|||||6.625|0.00||||||||||||||||||||99000.00
F02Q10000902|200207|98000.00|0|003|177|||||6.625|0.00||||||||||||||||||||98000.00
F02Q10000902|200208|98000.00|0|004|176|||||6.625|0.00||||||||||||||||||||98000.00
F02Q10000902|200209|97000.00|0|005|175|||||6.625|0.00||||||||||||||||||||97000.00
F02Q10000902|200210|96000.00|0|006|174|||||6.625|0.00||||||||||||||||||||96000.00
F02Q10000902|200211|95988.08|0|007|173|||||6.625|0.00||||||||||||||||||||95988.08
F02Q10000902|200212|95490.39|0|008|172|||||6.625|0.00||||||||||||||||||||95490.39
F02Q10000902|200301|95490.39|0|009|171|||||6.625|0.00||||||||||||||||||||95490.39
F02Q10000902|200302|94989.59|0|010|170|||||6.625|0.00||||||||||||||||||||94989.59
F02Q10000902|200303|93979.67|0|011|169|||||6.625|0.00||||||||||||||||||||93979.67
F02Q10000902|200304|93979.67|0|012|168|||||6.625|0.00||||||||||||||||||||93979.67
F02Q10000902|200305|92958.58|0|013|167|||||6.625|0.00||||||||||||||||||||92958.58
F02Q10000902|200306|92443.80|0|014|166|||||6.625|0.00||||||||||||||||||||92443.80
F02Q10000902|200307|92443.80|0|015|165|||||6.625|0.00||||||||||||||||||||92443.80
F02Q10000902|200308|91405.69|0|016|164|||||6.625|0.00||||||||||||||||||||91405.69
F02Q10000902|200309|91405.69|0|017|163|||||6.625|0.00||||||||||||||||||||91405.69
F02Q10000902|200310|90882.34|0|018|162|||||6.625|0.00||||||||||||||||||||90882.34
F02Q10000902|200311|90356.10|0|019|161|||||6.625|0.00||||||||||||||||||||90356.10
F02Q10000902|200312|89826.95|0|020|160|||||6.625|0.00||||||||||||||||||||89826.95
F02Q10000902|200401|89294.88|0|021|159|||||6.625|0.00||||||||||||||||||||89294.88
F02Q10000902|200402|88762.87|0|022|158|||||6.625|0.00||||||||||||||||||||88762.87
F02Q10000902|200403|88224.92|0|023|157|||||6.625|0.00||||||||||||||||||||88224.92
F02Q10000902|200404|87684.01|0|024|156|||||6.625|0.00||||||||||||||||||||87684.01
F02Q10000902|200405|86593.20|0|025|155|||||6.625|0.00||||||||||||||||||||86593.20
F02Q10000902|200406|86043.28|0|026|154|||||6.625|0.00||||||||||||||||||||86043.28
F02Q10000902|200407|86043.28|0|027|153|||||6.625|0.00||||||||||||||||||||86043.28
F02Q10000902|200408|84934.31|0|028|152|||||6.625|0.00||||||||||||||||||||84934.31
F02Q10000902|200409|84934.31|0|029|151|||||6.625|0.00||||||||||||||||||||84934.31
F02Q10000902|200410|84375.23|0|030|150|||||6.625|0.00||||||||||||||||||||84375.23
F02Q10000902|200411|83247.79|0|031|149|||||6.625|0.00||||||||||||||||||||83247.79
F02Q10000902|200412|82679.39|0|032|148|||||6.625|0.00||||||||||||||||||||82679.39
F02Q10000902|200501|82123.86|0|033|147|||||6.625|0.00||||||||||||||||||||82123.86
F02Q10000902|200502|81549.27|0|034|146|||||6.625|0.00||||||||||||||||||||81549.27
F02Q10000902|200503|80971.50|0|035|145|||||6.625|0.00||||||||||||||||||||80971.50
F02Q10000902|200504|80971.50|0|036|144|||||6.625|0.00||||||||||||||||||||80971.50
F02Q10000902|200505|79806.37|0|037|143|||||6.625|0.00||||||||||||||||||||79806.37
F02Q10000902|200506|79218.98|0|038|142|||||6.625|0.00||||||||||||||||||||79218.98
F02Q10000902|200507|78628.34|0|039|141|||||6.625|0.00||||||||||||||||||||78628.34
F02Q10000902|200508|78034.44|0|040|140|||||6.625|0.00||||||||||||||||||||78034.44
F02Q10000902|200509|77437.27|0|041|139|||||6.625|0.00||||||||||||||||||||77437.27
F02Q10000902|200510|77437.27|0|042|138|||||6.625|0.00||||||||||||||||||||77437.27
F02Q10000902|200511|76836.80|0|043|137|||||6.625|0.00||||||||||||||||||||76836.80
F02Q10000902|200512|76233.01|0|044|136|||||6.625|0.00||||||||||||||||||||76233.01
F02Q10000902|200601|75625.89|0|045|135|||||6.625|0.00||||||||||||||||||||75625.89
F02Q10000902|200602|74227.10|0|046|134|||||6.625|0.00||||||||||||||||||||74227.10
F02Q10000902|200603|73521.90|0|047|133|||||6.625|0.00||||||||||||||||||||73521.90
F02Q10000902|200604|73521.90|0|048|132|||||6.625|0.00||||||||||||||||||||73521.90
F02Q10000902|200605|72099.81|0|049|131|||||6.625|0.00||||||||||||||||||||72099.81
F02Q10000902|200606|71382.87|0|050|130|||||6.625|0.00||||||||||||||||||||71382.87
F02Q10000902|200607|71382.87|0|051|129|||||6.625|0.00||||||||||||||||||||71382.87
F02Q10000902|200608|70661.97|0|052|128|||||6.625|0.00||||||||||||||||||||70661.97
F02Q10000902|200609|0.00|0|053|127|||01|200609|6.625|0.00|||||||||||||||70661.97|||||0.00
F02Q10000917|200203|160000.00|0|000|360|||||6.875|0.00||||||||||||||||||||160000.00
F02Q10000917|200204|160000.00|0|001|359|||||6.875|0.00||||||||||||||||||||160000.00
F02Q10000917|200205|160000.00|0|002|358|||||6.875|0.00||||||||||||||||||||160000.00
F02Q10000917|200206|160000.00|0|003|357|||||6.875|0.00||||||||||||||||||||160000.00
F02Q10000917|200207|159000.00|0|004|356|||||6.875|0.00||||||||||||||||||||159000.00
F02Q10000917|200208|159000.00|0|005|355|||||6.875|0.00||||||||||||||||||||159000.00
F02Q10000917|200209|0.00|0|006|354|||01|200209|6.875|0.00|||||||||||||||159320.14|||||0.00
F02Q10000922|200204|64000.00|0|000|180|||||6.740|0.00||||||||||||||||||||64000.00
F02Q10000922|200205|64000.00|0|001|179|||||6.740|0.00||||||||||||||||||||64000.00
F02Q10000922|200206|64000.00|0|002|178|||||6.740|0.00||||||||||||||||||||64000.00
F02Q10000922|200207|63000.00|0|003|177|||||6.740|0.00||||||||||||||||||||63000.00
F02Q10000922|200208|63000.00|0|004|176|||||6.740|0.00||||||||||||||||||||63000.00
F02Q10000922|200209|63000.00|0|005|175|||||6.740|0.00||||||||||||||||||||63000.00
F02Q10000922|200210|63000.00|0|006|174|||||6.740|0.00||||||||||||||||||||63000.00
F02Q10000922|200211|62287.65|0|007|173|||||6.740|0.00||||||||||||||||||||62287.65
F02Q10000922|200212|62037.50|0|008|172|||||6.740|0.00||||||||||||||||||||62037.50
F02Q10000922|200301|61785.94|0|009|171|||||6.740|0.00||||||||||||||||||||61785.94
F02Q10000922|200302|61532.97|0|010|170|||||6.740|0.00||||||||||||||||||||61532.97
F02Q10000922|200303|61278.58|0|011|169|||||6.740|0.00||||||||||||||||||||61278.58
F02Q10000922|200304|61278.58|1|012|168|||||6.740|0.00||||||||||||||||||||61278.58
F02Q10000922|200305|60833.00|0|013|167|||||6.740|0.00||||||||||||||||||||60833.00
F02Q10000922|200306|60833.00|0|014|166|||||6.740|0.00||||||||||||||||||||60833.00
F02Q10000922|200307|60349.11|0|015|165|||||6.740|0.00||||||||||||||||||||60349.11
F02Q10000922|200308|60088.07|0|016|164|||||6.740|0.00||||||||||||||||||||60088.07
F02Q10000922|200309|59825.56|0|017|163|||||6.740|0.00||||||||||||||||||||59825.56
F02Q10000922|200310|59561.58|0|018|162|||||6.740|0.00||||||||||||||||||||59561.58
F02Q10000922|200311|59296.12|0|019|161|||||6.740|0.00||||||||||||||||||||59296.12
F02Q10000922|200312|59029.17|0|020|160|||||6.740|0.00||||||||||||||||||||59029.17
F02Q10000922|200401|58760.72|0|021|159|||||6.740|0.00||||||||||||||||||||58760.72
F02Q10000922|200402|58490.76|0|022|158|||||6.740|0.00||||||||||||||||||||58490.76
F02Q10000922|200403|58219.28|0|023|157|||||6.740|0.00||||||||||||||||||||58219.28
F02Q10000922|200404|57946.28|0|024|156|||||6.740|0.00||||||||||||||||||||57946.28
F02Q10000922|200405|57705.75|0|025|155|||||6.740|0.00||||||||||||||||||||57705.75
F02Q10000922|200406|57671.74|0|026|154|||||6.740|0.00||||||||||||||||||||57671.74
F02Q10000922|200407|57118.03|0|027|153|||||6.740|0.00||||||||||||||||||||57118.03
F02Q10000922|200408|56838.84|0|028|152|||||6.740|0.00||||||||||||||||||||56838.84
F02Q10000922|200409|56558.08|0|029|151|||||6.740|0.00||||||||||||||||||||56558.08
F02Q10000922|200410|56275.75|0|030|150|||||6.740|0.00||||||||||||||||||||56275.75
F02Q10000922|200411|55991.83|0|031|149|||||6.740|0.00||||||||||||||||||||55991.83
F02Q10000922|200412|55706.32|0|032|148|||||6.740|0.00||||||||||||||||||||55706.32
F02Q10000922|200501|55419.20|0|033|147|||||6.740|0.00||||||||||||||||||||55419.20
F02Q10000922|200502|55130.47|0|034|146|||||6.740|0.00||||||||||||||||||||55130.47
F02Q10000922|200503|54840.12|0|035|145|||||6.740|0.00||||||||||||||||||||54840.12
F02Q10000922|200504|54548.14|0|036|144|||||6.740|0.00||||||||||||||||||||54548.14
F02Q10000922|200505|54288.53|0|037|143|||||6.740|0.00||||||||||||||||||||54288.53
F02Q10000922|200506|53993.45|0|038|142|||||6.740|0.00||||||||||||||||||||53993.45
F02Q10000922|200507|53696.71|0|039|141|||||6.740|0.00||||||||||||||||||||53696.71
F02Q10000922|200508|53398.31|0|040|140|||||6.740|0.00||||||||||||||||||||53398.31
F02Q10000922|200509|53098.23|0|041|139|||||6.740|0.00||||||||||||||||||||53098.23
F02Q10000922|200510|53098.23|0|042|138|||||6.740|0.00||||||||||||||||||||53098.23
F02Q10000922|200511|52527.21|0|043|137|||||6.740|0.00||||||||||||||||||||52527.21
F02Q10000922|200512|0.00|0|044|136|||01|200512|6.740|0.00|||||||||||||||52527.21|||||0.00
F02Q10001056|200204|84000.00|0|000|240|||||7.500|0.00||||||||||||||||||||84000.00
F02Q10001056|200205|84000.00|0|001|239|||||7.500|0.00||||||||||||||||||||84000.00
F02Q10001056|200206|84000.00|0|002|238|||||7.500|0.00||||||||||||||||||||84000.00
F02Q10001056|200207|84000.00|0|003|237|||||7.500|0.00||||||||||||||||||||84000.00
F02Q10001056|200208|83000.00|0|004|236|||||7.500|0.00||||||||||||||||||||83000.00
F02Q10001056|200209|83000.00|0|005|235|||||7.500|0.00||||||||||||||||||||83000.00
F02Q10001056|200210|0.00|0|006|234|||01|200210|7.500|0.00|||||||||||||||83387.49|||||0.00
F02Q10001078|200204|80000.00|0|000|180|||||6.250|0.00||||||||||||||||||||80000.00
F02Q10001078|200205|80000.00|0|001|179|||||6.250|0.00||||||||||||||||||||80000.00
F02Q10001078|200206|79000.00|0|002|178|||||6.250|0.00||||||||||||||||||||79000.00
F02Q10001078|200207|79000.00|0|003|177|||||6.250|0.00||||||||||||||||||||79000.00
F02Q10001078|200208|79000.00|0|004|176|||||6.250|0.00||||||||||||||||||||79000.00
F02Q10001078|200209|79000.00|0|005|175|||||6.250|0.00||||||||||||||||||||79000.00
F02Q10001078|200210|78000.00|0|006|174|||||6.250|0.00||||||||||||||||||||78000.00
F02Q10001078|200211|78085.37|0|007|173|||||6.250|0.00||||||||||||||||||||78085.37
F02Q10001078|200212|77806.12|0|008|172|||||6.250|0.00||||||||||||||||||||77806.12
F02Q10001078|200301|77525.42|0|009|171|||||6.250|0.00||||||||||||||||||||77525.42
F02Q10001078|200302|77243.26|0|010|170|||||6.250|0.00||||||||||||||||||||77243.26
F02Q10001078|200303|76959.63|0|011|169|||||6.250|0.00||||||||||||||||||||76959.63
F02Q10001078|200304|0.00|0|012|168|||01|200304|6.250|0.00|||||||||||||||76959.63|||||0.00
F02Q10001121|200204|123000.00|0|000|360|||||6.875|0.00||||||||||||||||||||123000.00
F02Q10001121|200205|123000.00|0|001|359|||||6.875|0.00||||||||||||||||||||123000.00
F02Q10001121|200206|123000.00|0|002|358|||||6.875|0.00||||||||||||||||||||123000.00
F02Q10001121|200207|123000.00|0|003|357|||||6.875|0.00||||||||||||||||||||123000.00
F02Q10001121|200208|123000.00|0|004|356|||||6.875|0.00||||||||||||||||||||123000.00
F02Q10001121|200209|123000.00|0|005|355|||||6.875|0.00||||||||||||||||||||123000.00
F02Q10001121|200210|123000.00|0|006|354|||||6.875|0.00||||||||||||||||||||123000.00
F02Q10001121|200211|122462.86|0|007|353|||||6.875|0.00||||||||||||||||||||122462.86
F02Q10001121|200212|122462.86|0|008|352|||||6.875|0.00||||||||||||||||||||122462.86
F02Q10001121|200301|122355.13|0|009|351|||||6.875|0.00||||||||||||||||||||122355.13
F02Q10001121|200302|122137.81|0|010|350|||||6.875|0.00||||||||||||||||||||122137.81
F02Q10001121|200303|122028.22|0|011|349|||||6.875|0.00||||||||||||||||||||122028.22
F02Q10001121|200304|121918.00|0|012|348|||||6.875|0.00||||||||||||||||||||121918.00
F02Q10001121|200305|121807.15|0|013|347|||||6.875|0.00||||||||||||||||||||121807.15
F02Q10001121|200306|121807.15|0|014|346|||||6.875|0.00||||||||||||||||||||121807.15
F02Q10001121|200307|121583.53|0|015|345|||||6.875|0.00||||||||||||||||||||121583.53
F02Q10001121|200308|121470.76|0|016|344|||||6.875|0.00||||||||||||||||||||121470.76
F02Q10001121|200309|121357.35|0|017|343|||||6.875|0.00||||||||||||||||||||121357.35
F02Q10001121|200310|121243.29|0|018|342|||||6.875|0.00||||||||||||||||||||121243.29
F02Q10001121|200311|121128.57|0|019|341|||||6.875|0.00||||||||||||||||||||121128.57
F02Q10001121|200312|121128.57|0|020|340|||||6.875|0.00||||||||||||||||||||121128.57
F02Q10001121|200401|121013.20|0|021|339|||||6.875|0.00||||||||||||||||||||121013.20
F02Q10001121|200402|120897.16|0|022|338|||||6.875|0.00||||||||||||||||||||120897.16
F02Q10001121|200403|120780.46|0|023|337|||||6.875|0.00||||||||||||||||||||120780.46
F02Q10001121|200404|120545.05|0|024|336|||||6.875|0.00||||||||||||||||||||120545.05
F02Q10001121|200405|120426.33|0|025|335|||||6.875|0.00||||||||||||||||||||120426.33
F02Q10001121|200406|120306.93|0|026|334|||||6.875|0.00||||||||||||||||||||120306.93
F02Q10001121|200407|120186.85|0|027|333|||||6.875|0.00||||||||||||||||||||120186.85
F02Q10001121|200408|0.00|0|028|332|||01|200408|6.875|0.00|||||||||||||||120186.85|||||0.00
F02Q10001145|200204|203000.00|0|000|240|||||6.800|0.00||||||||||||||||||||203000.00
F02Q10001145|200205|203000.00|0|001|239|||||6.800|0.00||||||||||||||||||||203000.00
F02Q10001145|200206|202000.00|0|002|238|||||6.800|0.00||||||||||||||||||||202000.00
F02Q10001145|200207|202000.00|0|003|237|||||6.800|0.00||||||||||||||||||||202000.00
F02Q10001145|200208|201000.00|0|004|236|||||6.800|0.00||||||||||||||||||||201000.00
F02Q10001145|200209|201000.00|0|005|235|||||6.800|0.00||||||||||||||||||||201000.00
F02Q10001145|200210|200000.00|0|006|234|||||6.800|0.00||||||||||||||||||||200000.00
F02Q10001145|200211|199950.33|0|007|233|||||6.800|0.00||||||||||||||||||||199950.33
F02Q10001145|200212|199504.73|0|008|232|||||6.800|0.00||||||||||||||||||||199504.73
F02Q10001145|200301|199056.61|0|009|231|||||6.800|0.00||||||||||||||||||||199056.61
F02Q10001145|200302|198605.95|0|010|230|||||6.800|0.00||||||||||||||||||||198605.95
F02Q10001145|200303|198152.73|0|011|229|||||6.800|0.00||||||||||||||||||||198152.73
F02Q10001145|200304|197696.95|0|012|228|||||6.800|0.00||||||||||||||||||||197696.95
F02Q10001145|200305|197238.58|0|013|227|||||6.800|0.00||||||||||||||||||||197238.58
F02Q10001145|200306|196777.62|0|014|226|||||6.800|0.00||||||||||||||||||||196777.62
F02Q10001145|200307|196314.04|0|015|225|||||6.800|0.00||||||||||||||||||||196314.04
F02Q10001145|200308|195847.83|0|016|224|||||6.800|0.00||||||||||||||||||||195847.83
F02Q10001145|200309|195378.99|0|017|223|||||6.800|0.00||||||||||||||||||||195378.99
F02Q10001145|200310|194907.49|0|018|222|||||6.800|0.00||||||||||||||||||||194907.49
F02Q10001145|200311|194433.31|0|019|221|||||6.800|0.00||||||||||||||||||||194433.31
F02Q10001145|200312|193956.45|0|020|220|||||6.800|0.00||||||||||||||||||||193956.45
F02Q10001145|200401|193476.89|0|021|219|||||6.800|0.00||||||||||||||||||||193476.89
F02Q10001145|200402|192994.61|0|022|218|||||6.800|0.00||||||||||||||||||||192994.61
F02Q10001145|200403|192509.59|0|023|217|||||6.800|0.00||||||||||||||||||||192509.59
F02Q10001145|200404|192021.83|0|024|216|||||6.800|0.00||||||||||||||||||||192021.83
F02Q10001145|200405|191560.37|0|025|215|||||6.800|0.00||||||||||||||||||||191560.37
F02Q10001145|200406|191096.30|0|026|214|||||6.800|0.00||||||||||||||||||||191096.30
F02Q10001145|200407|190629.60|0|027|213|||||6.800|0.00||||||||||||||||||||190629.60
F02Q10001145|200408|190160.26|0|028|212|||||6.800|0.00||||||||||||||||||||190160.26
F02Q10001145|200409|189688.25|0|029|211|||||6.800|0.00||||||||||||||||||||189688.25
F02Q10001145|200410|189213.57|0|030|210|||||6.800|0.00||||||||||||||||||||189213.57
F02Q10001145|200411|188736.20|0|031|209|||||6.800|0.00||||||||||||||||||||188736.20
F02Q10001145|200412|188256.13|0|032|208|||||6.800|0.00||||||||||||||||||||188256.13
F02Q10001145|200501|187773.33|0|033|207|||||6.800|0.00||||||||||||||||||||187773.33
F02Q10001145|200502|187287.80|0|034|206|||||6.800|0.00||||||||||||||||||||187287.80
F02Q10001145|200503|186799.52|0|035|205|||||6.800|0.00||||||||||||||||||||186799.52
F02Q10001145|200504|186308.47|0|036|204|||||6.800|0.00||||||||||||||||||||186308.47
F02Q10001145|200505|185814.64|0|037|203|||||6.800|0.00||||||||||||||||||||185814.64
F02Q10001145|200506|185318.01|0|038|202|||||6.800|0.00||||||||||||||||||||185318.01
F02Q10001145|200507|184818.56|0|039|201|||||6.800|0.00||||||||||||||||||||184818.56
F02Q10001145|200508|184316.29|0|040|200|||||6.800|0.00||||||||||||||||||||184316.29
F02Q10001145|200509|183811.17|0|041|199|||||6.800|0.00||||||||||||||||||||183811.17
F02Q10001145|200510|183303.18|0|042|198|||||6.800|0.00||||||||||||||||||||183303.18
F02Q10001145|200511|182792.32|0|043|197|||||6.800|0.00||||||||||||||||||||182792.32
F02Q10001145|200512|182278.56|0|044|196|||||6.800|0.00||||||||||||||||||||182278.56
F02Q10001145|200601|181761.89|0|045|195|||||6.800|0.00||||||||||||||||||||181761.89
F02Q10001145|200602|181242.30|0|046|194|||||6.800|0.00||||||||||||||||||||181242.30
F02Q10001145|200603|180719.76|0|047|193|||||6.800|0.00||||||||||||||||||||180719.76
F02Q10001145|200604|180194.26|0|048|192|||||6.800|0.00||||||||||||||||||||180194.26
F02Q10001145|200605|179575.78|0|049|191|||||6.800|0.00||||||||||||||||||||179575.78
F02Q10001145|200606|178953.79|0|050|190|||||6.800|0.00||||||||||||||||||||178953.79
F02Q10001145|200607|178328.29|0|051|189|||||6.800|0.00||||||||||||||||||||178328.29
F02Q10001145|200608|177699.23|0|052|188|||||6.800|0.00||||||||||||||||||||177699.23
F02Q10001145|200609|177066.61|0|053|187|||||6.800|0.00||||||||||||||||||||177066.61
F02Q10001145|200610|176430.41|0|054|186|||||6.800|0.00||||||||||||||||||||176430.41
F02Q10001145|200611|175790.60|0|055|185|||||6.800|0.00||||||||||||||||||||175790.60
F02Q10001145|200612|175147.17|0|056|184|||||6.800|0.00||||||||||||||||||||175147.17
F02Q10001145|200701|174500.09|0|057|183|||||6.800|0.00||||||||||||||||||||174500.09
F02Q10001145|200702|173849.35|0|058|182|||||6.800|0.00||||||||||||||||||||173849.35
F02Q10001145|200703|173194.91|0|059|181|||||6.800|0.00||||||||||||||||||||173194.91
F02Q10001145|200704|172536.77|0|060|180|||||6.800|0.00||||||||||||||||||||172536.77
F02Q10001145|200705|171863.90|0|061|179|||||6.800|0.00||||||||||||||||||||171863.90
F02Q10001145|200706|171187.21|0|062|178|||||6.800|0.00||||||||||||||||||||171187.21
F02Q10001145|200707|170506.69|0|063|177|||||6.800|0.00||||||||||||||||||||170506.69
F02Q10001145|200708|169822.32|0|064|176|||||6.800|0.00||||||||||||||||||||169822.32
F02Q10001145|200709|169134.07|0|065|175|||||6.800|0.00||||||||||||||||||||169134.07
F02Q10001145|200710|168509.92|0|066|174|||||6.800|0.00||||||||||||||||||||168509.92
F02Q10001145|200711|167182.70|0|067|173|||||6.800|0.00||||||||||||||||||||167182.70
F02Q10001145|200712|167182.70|0|068|172|||||6.800|0.00||||||||||||||||||||167182.70
F02Q10001145|200801|165840.57|0|069|171|||||6.800|0.00||||||||||||||||||||165840.57
F02Q10001145|200802|165840.57|0|070|170|||||6.800|0.00||||||||||||||||||||165840.57
F02Q10001145|200803|165129.28|0|071|169|||||6.800|0.00||||||||||||||||||||165129.28
F02Q10001145|200804|164414.51|0|072|168|||||6.800|0.00||||||||||||||||||||164414.51
F02Q10001145|200805|163695.72|0|073|167|||||6.800|0.00||||||||||||||||||||163695.72
F02Q10001145|200806|162972.83|0|074|166|||||6.800|0.00||||||||||||||||||||162972.83
F02Q10001145|200807|162245.84|0|075|165|||||6.800|0.00||||||||||||||||||||162245.84
F02Q10001145|200808|161514.76|0|076|164|||||6.800|0.00||||||||||||||||||||161514.76
F02Q10001145|200809|160779.51|0|077|163|||||6.800|0.00||||||||||||||||||||160779.51
F02Q10001145|200810|160040.09|0|078|162|||||6.800|0.00||||||||||||||||||||160040.09
F02Q10001145|200811|159296.49|0|079|161|||||6.800|0.00||||||||||||||||||||159296.49
F02Q10001145|200812|158548.67|0|080|160|||||6.800|0.00||||||||||||||||||||158548.67
F02Q10001145|200901|157796.61|0|081|159|||||6.800|0.00||||||||||||||||||||157796.61
F02Q10001145|200902|157040.29|0|082|158|||||6.800|0.00||||||||||||||||||||157040.29
F02Q10001145|200903|156279.69|0|083|157|||||6.800|0.00||||||||||||||||||||156279.69
F02Q10001145|200904|155514.77|0|084|156|||||6.800|0.00||||||||||||||||||||155514.77
F02Q10001145|200905|154745.53|0|085|155|||||6.800|0.00||||||||||||||||||||154745.53
F02Q10001145|200906|153971.92|0|086|154|||||6.800|0.00||||||||||||||||||||153971.92
F02Q10001145|200907|153193.93|0|087|153|||||6.800|0.00||||||||||||||||||||153193.93
F02Q10001145|200908|152411.54|0|088|152|||||6.800|0.00||||||||||||||||||||152411.54
F02Q10001145|200909|151624.71|0|089|151|||||6.800|0.00||||||||||||||||||||151624.71
F02Q10001145|200910|150833.47|0|090|150|||||6.800|0.00||||||||||||||||||||150833.47
F02Q10001145|200911|150037.69|0|091|149|||||6.800|0.00||||||||||||||||||||150037.69
F02Q10001145|200912|149237.40|0|092|148|||||6.800|0.00||||||||||||||||||||149237.40
F02Q10001145|201001|0.00|0|093|147|||01|201001|6.800|0.00|||||||||||||||149237.40|||||0.00
F02Q10001231|200204|143000.00|0|000|360|||||6.875|0.00||||||||||||||||||||143000.00
F02Q10001231|200205|143000.00|0|001|359|||||6.875|0.00||||||||||||||||||||143000.00
F02Q10001231|200206|143000.00|0|002|358|||||6.875|0.00||||||||||||||||||||143000.00
F02Q10001231|200207|143000.00|0|003|357|||||6.875|0.00||||||||||||||||||||143000.00
F02Q10001231|200208|143000.00|0|004|356|||||6.875|0.00||||||||||||||||||||143000.00
F02Q10001231|200209|142000.00|0|005|355|||||6.875|0.00||||||||||||||||||||142000.00
F02Q10001231|200210|142000.00|0|006|354|||||6.875|0.00||||||||||||||||||||142000.00
F02Q10001231|200211|142144.42|0|007|353|||||6.875|0.00||||||||||||||||||||142144.42
F02Q10001231|200212|142019.38|0|008|352|||||6.875|0.00||||||||||||||||||||142019.38
F02Q10001231|200301|141893.62|0|009|351|||||6.875|0.00||||||||||||||||||||141893.62
F02Q10001231|200302|141767.14|0|010|350|||||6.875|0.00||||||||||||||||||||141767.14
F02Q10001231|200303|141639.94|0|011|349|||||6.875|0.00||||||||||||||||||||141639.94
F02Q10001231|200304|141412.01|0|012|348|||||6.875|0.00||||||||||||||||||||141412.01
F02Q10001231|200305|141282.77|0|013|347|||||6.875|0.00||||||||||||||||||||141282.77
F02Q10001231|200306|141152.79|0|014|346|||||6.875|0.00||||||||||||||||||||141152.79
F02Q10001231|200307|141022.07|0|015|345|||||6.875|0.00||||||||||||||||||||141022.07
F02Q10001231|200308|140890.60|0|016|344|||||6.875|0.00||||||||||||||||||||140890.60
F02Q10001231|200309|140758.37|0|017|343|||||6.875|0.00||||||||||||||||||||140758.37
F02Q10001231|200310|140625.39|0|018|342|||||6.875|0.00||||||||||||||||||||140625.39
F02Q10001231|200311|0.00|0|019|341|||01|200311|6.875|0.00|||||||||||||||140625.39|||||0.00
F02Q10001302|200204|63000.00|0|000|360|||||7.000|0.00||||||||||||||||||||63000.00
F02Q10001302|200205|63000.00|0|001|359|||||7.000|0.00||||||||||||||||||||63000.00
F02Q10001302|200206|63000.00|0|002|358|||||7.000|0.00||||||||||||||||||||63000.00
F02Q10001302|200207|63000.00|0|003|357|||||7.000|0.00||||||||||||||||||||63000.00
F02Q10001302|200208|63000.00|0|004|356|||||7.000|0.00||||||||||||||||||||63000.00
F02Q10001302|200209|63000.00|0|005|355|||||7.000|0.00||||||||||||||||||||63000.00
F02Q10001302|200210|63000.00|0|006|354|||||7.000|0.00||||||||||||||||||||63000.00
F02Q10001302|200211|62532.69|0|007|353|||||7.000|0.00||||||||||||||||||||62532.69
F02Q10001302|200212|62478.98|0|008|352|||||7.000|0.00||||||||||||||||||||62478.98
F02Q10001302|200301|62424.96|0|009|351|||||7.000|0.00||||||||||||||||||||62424.96
F02Q10001302|200302|62370.63|0|010|350|||||7.000|0.00||||||||||||||||||||62370.63
F02Q10001302|200303|62315.98|0|011|349|||||7.000|0.00||||||||||||||||||||62315.98
F02Q10001302|200304|62261.01|0|012|348|||||7.000|0.00||||||||||||||||||||62261.01
F02Q10001302|200305|62205.72|0|013|347|||||7.000|0.00||||||||||||||||||||62205.72
F02Q10001302|200306|62150.11|0|014|346|||||7.000|0.00||||||||||||||||||||62150.11
F02Q10001302|200307|62094.17|0|015|345|||||7.000|0.00||||||||||||||||||||62094.17
F02Q10001302|200308|0.00|0|016|344|||01|200308|7.000|0.00|||||||||||||||62094.17|||||0.00
F02Q10001457|200204|181000.00|0|000|360|||||6.625|0.00||||||||||||||||||||181000.00
F02Q10001457|200205|181000.00|0|001|359|||||6.625|0.00||||||||||||||||||||181000.00
F02Q10001457|200206|181000.00|0|002|358|||||6.625|0.00||||||||||||||||||||181000.00
F02Q10001457|200207|181000.00|0|003|357|||||6.625|0.00||||||||||||||||||||181000.00
F02Q10001457|200208|181000.00|0|004|356|||||6.625|0.00||||||||||||||||||||181000.00
F02Q10001457|200209|181000.00|0|005|355|||||6.625|0.00||||||||||||||||||||181000.00
F02Q10001457|200210|181000.00|0|006|354|||||6.625|0.00||||||||||||||||||||181000.00
F02Q10001457|200211|180360.29|0|007|353|||||6.625|0.00||||||||||||||||||||180360.29
F02Q10001457|200212|180193.86|0|008|352|||||6.625|0.00||||||||||||||||||||180193.86
F02Q10001457|200301|180026.51|0|009|351|||||6.625|0.00||||||||||||||||||||180026.51
F02Q10001457|200302|179858.24|0|010|350|||||6.625|0.00||||||||||||||||||||179858.24
F02Q10001457|200303|179689.04|0|011|349|||||6.625|0.00||||||||||||||||||||179689.04
F02Q10001457|200304|179518.90|0|012|348|||||6.625|0.00||||||||||||||||||||179518.90
F02Q10001457|200305|179347.82|0|013|347|||||6.625|0.00||||||||||||||||||||179347.82
F02Q10001457|200306|179175.80|0|014|346|||||6.625|0.00||||||||||||||||||||179175.80
F02Q10001457|200307|179002.83|0|015|345|||||6.625|0.00||||||||||||||||||||179002.83
F02Q10001457|200308|178828.90|0|016|344|||||6.625|0.00||||||||||||||||||||178828.90
F02Q10001457|200309|178654.01|0|017|343|||||6.625|0.00||||||||||||||||||||178654.01
F02Q10001457|200310|178478.16|0|018|342|||||6.625|0.00||||||||||||||||||||178478.16
F02Q10001457|200311|178301.34|0|019|341|||||6.625|0.00||||||||||||||||||||178301.34
F02Q10001457|200312|178123.54|0|020|340|||||6.625|0.00||||||||||||||||||||178123.54
F02Q10001457|200401|177944.76|0|021|339|||||6.625|0.00||||||||||||||||||||177944.76
F02Q10001457|200402|177764.99|0|022|338|||||6.625|0.00||||||||||||||||||||177764.99
F02Q10001457|200403|177584.23|0|023|337|||||6.625|0.00||||||||||||||||||||177584.23
F02Q10001457|200404|177402.47|0|024|336|||||6.625|0.00||||||||||||||||||||177402.47
F02Q10001457|200405|177219.71|0|025|335|||||6.625|0.00||||||||||||||||||||177219.71
F02Q10001457|200406|177035.94|0|026|334|||||6.625|0.00||||||||||||||||||||177035.94
F02Q10001457|200407|176851.16|0|027|333|||||6.625|0.00||||||||||||||||||||176851.16
F02Q10001457|200408|176665.36|0|028|332|||||6.625|0.00||||||||||||||||||||176665.36
F02Q10001457|200409|176478.53|0|029|331|||||6.625|0.00||||||||||||||||||||176478.53
F02Q10001457|200410|176290.67|0|030|330|||||6.625|0.00||||||||||||||||||||176290.67
F02Q10001457|200411|176101.77|0|031|329|||||6.625|0.00||||||||||||||||||||176101.77
F02Q10001457|200412|175911.83|0|032|328|||||6.625|0.00||||||||||||||||||||175911.83
F02Q10001457|200501|175720.84|0|033|327|||||6.625|0.00||||||||||||||||||||175720.84
F02Q10001457|200502|175528.80|0|034|326|||||6.625|0.00||||||||||||||||||||175528.80
F02Q10001457|200503|175335.70|0|035|325|||||6.625|0.00||||||||||||||||||||175335.70
F02Q10001457|200504|175141.53|0|036|324|||||6.625|0.00||||||||||||||||||||175141.53
F02Q10001457|200505|174946.29|0|037|323|||||6.625|0.00||||||||||||||||||||174946.29
F02Q10001457|200506|174749.97|0|038|322|||||6.625|0.00||||||||||||||||||||174749.97
F02Q10001457|200507|174552.57|0|039|321|||||6.625|0.00||||||||||||||||||||174552.57
F02Q10001457|200508|174354.08|0|040|320|||||6.625|0.00||||||||||||||||||||174354.08
F02Q10001457|200509|174154.49|0|041|319|||||6.625|0.00||||||||||||||||||||174154.49
F02Q10001457|200510|173953.80|0|042|318|||||6.625|0.00||||||||||||||||||||173953.80
F02Q10001457|200511|173752.00|0|043|317|||||6.625|0.00||||||||||||||||||||173752.00
F02Q10001457|200512|173549.09|0|044|316|||||6.625|0.00||||||||||||||||||||173549.09
F02Q10001457|200601|173345.06|0|045|315|||||6.625|0.00||||||||||||||||||||173345.06
F02Q10001457|200602|173139.90|0|046|314|||||6.625|0.00||||||||||||||||||||173139.90
F02Q10001457|200603|172933.61|0|047|313|||||6.625|0.00||||||||||||||||||||172933.61
F02Q10001457|200604|172726.18|0|048|312|||||6.625|0.00||||||||||||||||||||172726.18
F02Q10001457|200605|172517.60|0|049|311|||||6.625|0.00||||||||||||||||||||172517.60
F02Q10001457|200606|172307.87|0|050|310|||||6.625|0.00||||||||||||||||||||172307.87
F02Q10001457|200607|172096.98|0|051|309|||||6.625|0.00||||||||||||||||||||172096.98
F02Q10001457|200608|171884.93|0|052|308|||||6.625|0.00||||||||||||||||||||171884.93
F02Q10001457|200609|171671.71|0|053|307|||||6.625|0.00||||||||||||||||||||171671.71
F02Q10001457|200610|171457.31|0|054|306|||||6.625|0.00||||||||||||||||||||171457.31
F02Q10001457|200611|171241.73|0|055|305|||||6.625|0.00||||||||||||||||||||171241.73
F02Q10001457|200612|171024.96|0|056|304|||||6.625|0.00||||||||||||||||||||171024.96
F02Q10001457|200701|170806.99|0|057|303|||||6.625|0.00||||||||||||||||||||170806.99
F02Q10001457|200702|170587.82|0|058|302|||||6.625|0.00||||||||||||||||||||170587.82
F02Q10001457|200703|170367.44|0|059|301|||||6.625|0.00||||||||||||||||||||170367.44
F02Q10001457|200704|170145.84|0|060|300|||||6.625|0.00||||||||||||||||||||170145.84
F02Q10001457|200705|169923.02|0|061|299|||||6.625|0.00||||||||||||||||||||169923.02
F02Q10001457|200706|169698.97|0|062|298|||||6.625|0.00||||||||||||||||||||169698.97
F02Q10001457|200707|169473.68|0|063|297|||||6.625|0.00||||||||||||||||||||169473.68
F02Q10001457|200708|169247.15|0|064|296|||||6.625|0.00||||||||||||||||||||169247.15
F02Q10001457|200709|169019.37|0|065|295|||||6.625|0.00||||||||||||||||||||169019.37
F02Q10001457|200710|168790.33|0|066|294|||||6.625|0.00||||||||||||||||||||168790.33
F02Q10001457|200711|168560.02|0|067|293|||||6.625|0.00||||||||||||||||||||168560.02
F02Q10001457|200712|168328.44|0|068|292|||||6.625|0.00||||||||||||||||||||168328.44
F02Q10001457|200801|168095.58|0|069|291|||||6.625|0.00||||||||||||||||||||168095.58
F02Q10001457|200802|167861.44|0|070|290|||||6.625|0.00||||||||||||||||||||167861.44
F02Q10001457|200803|167626.01|0|071|289|||||6.625|0.00||||||||||||||||||||167626.01
F02Q10001457|200804|167389.28|0|072|288|||||6.625|0.00||||||||||||||||||||167389.28
F02Q10001457|200805|167151.24|0|073|287|||||6.625|0.00||||||||||||||||||||167151.24
F02Q10001457|200806|166911.88|0|074|286|||||6.625|0.00||||||||||||||||||||166911.88
F02Q10001457|200807|166671.20|0|075|285|||||6.625|0.00||||||||||||||||||||166671.20
F02Q10001457|200808|166429.19|0|076|284|||||6.625|0.00||||||||||||||||||||166429.19
F02Q10001457|200809|166185.85|0|077|283|||||6.625|0.00||||||||||||||||||||166185.85
F02Q10001457|200810|165941.16|0|078|282|||||6.625|0.00||||||||||||||||||||165941.16
F02Q10001457|200811|165695.12|0|079|281|||||6.625|0.00||||||||||||||||||||165695.12
F02Q10001457|200812|165447.73|0|080|280|||||6.625|0.00||||||||||||||||||||165447.73
F02Q10001457|200901|165198.97|0|081|279|||||6.625|0.00||||||||||||||||||||165198.97
F02Q10001457|200902|164948.84|0|082|278|||||6.625|0.00||||||||||||||||||||164948.84
F02Q10001457|200903|164697.33|0|083|277|||||6.625|0.00||||||||||||||||||||164697.33
F02Q10001457|200904|164444.43|0|084|276|||||6.625|0.00||||||||||||||||||||164444.43
F02Q10001457|200905|164190.13|0|085|275|||||6.625|0.00||||||||||||||||||||164190.13
F02Q10001457|200906|163934.43|0|086|274|||||6.625|0.00||||||||||||||||||||163934.43
F02Q10001457|200907|163677.31|0|087|273|||||6.625|0.00||||||||||||||||||||163677.31
F02Q10001457|200908|163418.78|0|088|272|||||6.625|0.00||||||||||||||||||||163418.78
F02Q10001457|200909|163158.82|0|089|271|||||6.625|0.00||||||||||||||||||||163158.82
F02Q10001457|200910|0.00|0|090|270|||01|200910|6.625|0.00|||||||||||||||163158.82|||||0.00
F02Q10001540|200205|68000.00|0|001|359|||||7.750|0.00||||||||||||||||||||68000.00
F02Q10001540|200206|68000.00|0|002|358|||||7.750|0.00||||||||||||||||||||68000.00
F02Q10001540|200207|68000.00|0|003|357|||||7.750|0.00||||||||||||||||||||68000.00
F02Q10001540|200208|68000.00|0|004|356|||||7.750|0.00||||||||||||||||||||68000.00
F02Q10001540|200209|68000.00|0|005|355|||||7.750|0.00||||||||||||||||||||68000.00
F02Q10001540|200210|68000.00|0|006|354|||||7.750|0.00||||||||||||||||||||68000.00
F02Q10001540|200211|67657.47|0|007|353|||||7.750|0.00||||||||||||||||||||67657.47
F02Q10001540|200212|67607.26|0|008|352|||||7.750|0.00||||||||||||||||||||67607.26
F02Q10001540|200301|67556.73|0|009|351|||||7.750|0.00||||||||||||||||||||67556.73
F02Q10001540|200302|67505.87|0|010|350|||||7.750|0.00||||||||||||||||||||67505.87
F02Q10001540|200303|67454.69|0|011|349|||||7.750|0.00||||||||||||||||||||67454.69
F02Q10001540|200304|67403.17|0|012|348|||||7.750|0.00||||||||||||||||||||67403.17
F02Q10001540|200305|67351.32|0|013|347|||||7.750|0.00||||||||||||||||||||67351.32
F02Q10001540|200306|67299.14|0|014|346|||||7.750|0.00||||||||||||||||||||67299.14
F02Q10001540|200307|67246.62|0|015|345|||||7.750|0.00||||||||||||||||||||67246.62
F02Q10001540|200308|67193.76|0|016|344|||||7.750|0.00||||||||||||||||||||67193.76
F02Q10001540|200309|67140.56|0|017|343|||||7.750|0.00||||||||||||||||||||67140.56
F02Q10001540|200310|67087.01|0|018|342|||||7.750|0.00||||||||||||||||||||67087.01
F02Q10001540|200311|67033.12|0|019|341|||||7.750|0.00||||||||||||||||||||67033.12
F02Q10001540|200312|66978.89|0|020|340|||||7.750|0.00||||||||||||||||||||66978.89
F02Q10001540|200401|66924.30|0|021|339|||||7.750|0.00||||||||||||||||||||66924.30
F02Q10001540|200402|66869.36|0|022|338|||||7.750|0.00||||||||||||||||||||66869.36
F02Q10001540|200403|66814.06|0|023|337|||||7.750|0.00||||||||||||||||||||66814.06
F02Q10001540|200404|66758.41|0|024|336|||||7.750|0.00||||||||||||||||||||66758.41
F02Q10001540|200405|66702.40|0|025|335|||||7.750|0.00||||||||||||||||||||66702.40
F02Q10001540|200406|66646.02|0|026|334|||||7.750|0.00||||||||||||||||||||66646.02
F02Q10001540|200407|66589.29|0|027|333|||||7.750|0.00||||||||||||||||||||66589.29
F02Q10001540|200408|66532.18|0|028|332|||||7.750|0.00||||||||||||||||||||66532.18
F02Q10001540|200409|66474.71|0|029|331|||||7.750|0.00||||||||||||||||||||66474.71
F02Q10001540|200410|66416.87|0|030|330|||||7.750|0.00||||||||||||||||||||66416.87
F02Q10001540|200411|66358.65|0|031|329|||||7.750|0.00||||||||||||||||||||66358.65
F02Q10001540|200412|66300.05|0|032|328|||||7.750|0.00||||||||||||||||||||66300.05
F02Q10001540|200501|66241.08|0|033|327|||||7.750|0.00||||||||||||||||||||66241.08
F02Q10001540|200502|66181.73|0|034|326|||||7.750|0.00||||||||||||||||||||66181.73
F02Q10001540|200503|66121.99|0|035|325|||||7.750|0.00||||||||||||||||||||66121.99
F02Q10001540|200504|66061.87|0|036|324|||||7.750|0.00||||||||||||||||||||66061.87
F02Q10001540|200505|66001.36|0|037|323|||||7.750|0.00||||||||||||||||||||66001.36
F02Q10001540|200506|65940.46|0|038|322|||||7.750|0.00||||||||||||||||||||65940.46
F02Q10001540|200507|65879.16|0|039|321|||||7.750|0.00||||||||||||||||||||65879.16
F02Q10001540|200508|65817.47|0|040|320|||||7.750|0.00||||||||||||||||||||65817.47
F02Q10001540|200509|65755.38|0|041|319|||||7.750|0.00||||||||||||||||||||65755.38
F02Q10001540|200510|65692.90|0|042|318|||||7.750|0.00||||||||||||||||||||65692.90
F02Q10001540|200511|65630.00|0|043|317|||||7.750|0.00||||||||||||||||||||65630.00
F02Q10001540|200512|65566.70|0|044|316|||||7.750|0.00||||||||||||||||||||65566.70
F02Q10001540|200601|65502.99|0|045|315|||||7.750|0.00||||||||||||||||||||65502.99
F02Q10001540|200602|65438.87|0|046|314|||||7.750|0.00||||||||||||||||||||65438.87
F02Q10001540|200603|65374.34|0|047|313|||||7.750|0.00||||||||||||||||||||65374.34
F02Q10001540|200604|65309.39|0|048|312|||||7.750|0.00||||||||||||||||||||65309.39
F02Q10001540|200605|65244.02|0|049|311|||||7.750|0.00||||||||||||||||||||65244.02
F02Q10001540|200606|65178.23|0|050|310|||||7.750|0.00||||||||||||||||||||65178.23
F02Q10001540|200607|65112.01|0|051|309|||||7.750|0.00||||||||||||||||||||65112.01
F02Q10001540|200608|65045.36|0|052|308|||||7.750|0.00||||||||||||||||||||65045.36
F02Q10001540|200609|64978.29|0|053|307|||||7.750|0.00||||||||||||||||||||64978.29
F02Q10001540|200610|64910.78|0|054|306|||||7.750|0.00||||||||||||||||||||64910.78
F02Q10001540|200611|64842.48|0|055|305|||||7.750|0.00||||||||||||||||||||64842.48
F02Q10001540|200612|64774.09|0|056|304|||||7.750|0.00||||||||||||||||||||64774.09
F02Q10001540|200701|64705.26|0|057|303|||||7.750|0.00||||||||||||||||||||64705.26
F02Q10001540|200702|64635.99|0|058|302|||||7.750|0.00||||||||||||||||||||64635.99
F02Q10001540|200703|64566.27|0|059|301|||||7.750|0.00||||||||||||||||||||64566.27
F02Q10001540|200704|64496.10|0|060|300|||||7.750|0.00||||||||||||||||||||64496.10
F02Q10001540|200705|64496.10|0|061|299|||||7.750|0.00||||||||||||||||||||64496.10
F02Q10001540|200706|64354.40|0|062|298|||||7.750|0.00||||||||||||||||||||64354.40
F02Q10001540|200707|64282.86|0|063|297|||||7.750|0.00||||||||||||||||||||64282.86
F02Q10001540|200708|64210.86|0|064|296|||||7.750|0.00||||||||||||||||||||64210.86
F02Q10001540|200709|64138.40|0|065|295|||||7.750|0.00||||||||||||||||||||64138.40
F02Q10001540|200710|64065.47|0|066|294|||||7.750|0.00||||||||||||||||||||64065.47
F02Q10001540|200711|63992.07|0|067|293|||||7.750|0.00||||||||||||||||||||63992.07
F02Q10001540|200712|63918.19|0|068|292|||||7.750|0.00||||||||||||||||||||63918.19
F02Q10001540|200801|63843.83|0|069|291|||||7.750|0.00||||||||||||||||||||63843.83
F02Q10001540|200802|63768.99|0|070|290|||||7.750|0.00||||||||||||||||||||63768.99
F02Q10001540|200803|63693.67|0|071|289|||||7.750|0.00||||||||||||||||||||63693.67
F02Q10001540|200804|63617.86|0|072|288|||||7.750|0.00||||||||||||||||||||63617.86
F02Q10001540|200805|63541.57|0|073|287|||||7.750|0.00||||||||||||||||||||63541.57
F02Q10001540|200806|63464.78|0|074|286|||||7.750|0.00||||||||||||||||||||63464.78
F02Q10001540|200807|63387.50|0|075|285|||||7.750|0.00||||||||||||||||||||63387.50
F02Q10001540|200808|63309.72|0|076|284|||||7.750|0.00||||||||||||||||||||63309.72
F02Q10001540|200809|63231.44|0|077|283|||||7.750|0.00||||||||||||||||||||63231.44
F02Q10001540|200810|63152.65|0|078|282|||||7.750|0.00||||||||||||||||||||63152.65
F02Q10001540|200811|63073.35|0|079|281|||||7.750|0.00||||||||||||||||||||63073.35
F02Q10001540|200812|62993.54|0|080|280|||||7.750|0.00||||||||||||||||||||62993.54
F02Q10001540|200901|62913.21|0|081|279|||||7.750|0.00||||||||||||||||||||62913.21
F02Q10001540|200902|62832.36|0|082|278|||||7.750|0.00||||||||||||||||||||62832.36
F02Q10001540|200903|62750.99|0|083|277|||||7.750|0.00||||||||||||||||||||62750.99
F02Q10001540|200904|62669.10|0|084|276|||||7.750|0.00||||||||||||||||||||62669.10
F02Q10001540|200905|62586.68|0|085|275|||||7.750|0.00||||||||||||||||||||62586.68
F02Q10001540|200906|62503.73|0|086|274|||||7.750|0.00||||||||||||||||||||62503.73
F02Q10001540|200907|62420.24|0|087|273|||||7.750|0.00||||||||||||||||||||62420.24
F02Q10001540|200908|62336.21|0|088|272|||||7.750|0.00||||||||||||||||||||62336.21
F02Q10001540|200909|62251.64|0|089|271|||||7.750|0.00||||||||||||||||||||62251.64
F02Q10001540|200910|62166.52|0|090|270|||||7.750|0.00||||||||||||||||||||62166.52
F02Q10001540|200911|62080.85|0|091|269|||||7.750|0.00||||||||||||||||||||62080.85
F02Q10001540|200912|61994.63|0|092|268|||||7.750|0.00||||||||||||||||||||61994.63
F02Q10001540|201001|61907.85|0|093|267|||||7.750|0.00||||||||||||||||||||61907.85
F02Q10001540|201002|61820.51|0|094|266|||||7.750|0.00||||||||||||||||||||61820.51
F02Q10001540|201003|61732.61|0|095|265|||||7.750|0.00||||||||||||||||||||61732.61
F02Q10001540|201004|61644.14|0|096|264|||||7.750|0.00||||||||||||||||||||61644.14
F02Q10001540|201005|61555.10|0|097|263|||||7.750|0.00||||||||||||||||||||61555.10
F02Q10001540|201006|61465.48|0|098|262|||||7.750|0.00||||||||||||||||||||61465.48
F02Q10001540|201007|61375.28|0|099|261|||||7.750|0.00||||||||||||||||||||61375.28
F02Q10001540|201008|61284.50|0|100|260|||||7.750|0.00||||||||||||||||||||61284.50
F02Q10001540|201009|61193.14|0|101|259|||||7.750|0.00||||||||||||||||||||61193.14
F02Q10001540|201010|61101.19|0|102|258|||||7.750|0.00||||||||||||||||||||61101.19
F02Q10001540|201011|61008.64|0|103|257|||||7.750|0.00||||||||||||||||||||61008.64
F02Q10001540|201012|60915.49|0|104|256|||||7.750|0.00||||||||||||||||||||60915.49
F02Q10001540|201101|60821.74|0|105|255|||||7.750|0.00||||||||||||||||||||60821.74
F02Q10001540|201102|60727.39|0|106|254|||||7.750|0.00||||||||||||||||||||60727.39
F02Q10001540|201103|60632.43|0|107|253|||||7.750|0.00||||||||||||||||||||60632.43
F02Q10001540|201104|60536.85|0|108|252|||||7.750|0.00||||||||||||||||||||60536.85
F02Q10001540|201105|60440.66|0|109|251|||||7.750|0.00||||||||||||||||||||60440.66
F02Q10001540|201106|60343.85|0|110|250|||||7.750|0.00||||||||||||||||||||60343.85
F02Q10001540|201107|60246.40|0|111|249|||||7.750|0.00||||||||||||||||||||60246.40
F02Q10001540|201108|60148.33|0|112|248|||||7.750|0.00||||||||||||||||||||60148.33
F02Q10001540|201109|60049.63|0|113|247|||||7.750|0.00||||||||||||||||||||60049.63
F02Q10001540|201110|59950.29|0|114|246|||||7.750|0.00||||||||||||||||||||59950.29
F02Q10001540|201111|59850.31|0|115|245|||||7.750|0.00||||||||||||||||||||59850.31
F02Q10001540|201112|59749.68|0|116|244|||||7.750|0.00||||||||||||||||||||59749.68
F02Q10001540|201201|59648.40|0|117|243|||||7.750|0.00||||||||||||||||||||59648.40
F02Q10001540|201202|59546.47|0|118|242|||||7.750|0.00||||||||||||||||||||59546.47
F02Q10001540|201203|59443.88|0|119|241|||||7.750|0.00||||||||||||||||||||59443.88
F02Q10001540|201204|59340.63|0|120|240|||||7.750|0.00||||||||||||||||||||59340.63
F02Q10001540|201205|59236.71|0|121|239|||||7.750|0.00||||||||||||||||||||59236.71
F02Q10001540|201206|59132.12|0|122|238|||||7.750|0.00||||||||||||||||||||59132.12
F02Q10001540|201207|59026.85|0|123|237|||||7.750|0.00||||||||||||||||||||59026.85
F02Q10001540|201208|58920.91|0|124|236|||||7.750|0.00||||||||||||||||||||58920.91
F02Q10001540|201209|58814.28|0|125|235|||||7.750|0.00||||||||||||||||||||58814.28
F02Q10001540|201210|58706.96|0|126|234|||||7.750|0.00||||||||||||||||||||58706.96
F02Q10001540|201211|58598.95|0|127|233|||||7.750|0.00||||||||||||||||||||58598.95
F02Q10001540|201212|58490.24|0|128|232|||||7.750|0.00||||||||||||||||||||58490.24
F02Q10001540|201301|58380.83|0|129|231|||||7.750|0.00||||||||||||||||||||58380.83
F02Q10001540|201302|58270.71|0|130|230|||||7.750|0.00||||||||||||||||||||58270.71
F02Q10001540|201303|58159.88|0|131|229|||||7.750|0.00||||||||||||||||||||58159.88
F02Q10001540|201304|58048.34|0|132|228|||||7.750|0.00||||||||||||||||||||58048.34
F02Q10001540|201305|57936.08|0|133|227|||||7.750|0.00||||||||||||||||||||57936.08
F02Q10001540|201306|57823.09|0|134|226|||||7.750|0.00||||||||||||||||||||57823.09
F02Q10001540|201307|57709.37|0|135|225|||||7.750|0.00||||||||||||||||||||57709.37
F02Q10001540|201308|57594.92|0|136|224|||||7.750|0.00||||||||||||||||||||57594.92
F02Q10001540|201309|57479.73|0|137|223|||||7.750|0.00||||||||||||||||||||57479.73
F02Q10001540|201310|57339.43|0|138|222|||||7.750|0.00||||||||||||||||||||57339.43
F02Q10001540|201311|57247.10|0|139|221|||||7.750|0.00||||||||||||||||||||57247.10
F02Q10001540|201312|57129.66|0|140|220|||||7.750|0.00||||||||||||||||||||57129.66
F02Q10001540|201401|57011.46|0|141|219|||||7.750|0.00||||||||||||||||||||57011.46
F02Q10001540|201402|56892.50|0|142|218|||||7.750|0.00||||||||||||||||||||56892.50
F02Q10001540|201403|56772.77|0|143|217|||||7.750|0.00||||||||||||||||||||56772.77
F02Q10001540|201404|56652.27|0|144|216|||||7.750|0.00||||||||||||||||||||56652.27
F02Q10001540|201405|56530.99|0|145|215|||||7.750|0.00||||||||||||||||||||56530.99
F02Q10001540|201406|56408.93|0|146|214|||||7.750|0.00||||||||||||||||||||56408.93
F02Q10001540|201407|56286.08|0|147|213|||||7.750|0.00||||||||||||||||||||56286.08
F02Q10001540|201408|56162.43|0|148|212|||||7.750|0.00||||||||||||||||||||56162.43
F02Q10001540|201409|56037.99|0|149|211|||||7.750|0.00||||||||||||||||||||56037.99
F02Q10001540|201410|55912.74|0|150|210|||||7.750|0.00||||||||||||||||||||55912.74
F02Q10001540|201411|55786.68|0|151|209|||||7.750|0.00||||||||||||||||||||55786.68
F02Q10001540|201412|55659.81|0|152|208|||||7.750|0.00||||||||||||||||||||55659.81
F02Q10001540|201501|55532.12|0|153|207|||||7.750|0.00||||||||||||||||||||55532.12
F02Q10001540|201502|55403.60|0|154|206|||||7.750|0.00||||||||||||||||||||55403.60
F02Q10001540|201503|55274.25|0|155|205|||||7.750|0.00||||||||||||||||||||55274.25
F02Q10001540|201504|55144.07|0|156|204|||||7.750|0.00||||||||||||||||||||55144.07
F02Q10001540|201505|55013.05|0|157|203|||||7.750|0.00||||||||||||||||||||55013.05
F02Q10001540|201506|54881.18|0|158|202|||||7.750|0.00||||||||||||||||||||54881.18
F02Q10001540|201507|54748.46|0|159|201|||||7.750|0.00||||||||||||||||||||54748.46
F02Q10001540|201508|54614.88|0|160|200|||||7.750|0.00||||||||||||||||||||54614.88
F02Q10001540|201509|54480.44|0|161|199|||||7.750|0.00||||||||||||||||||||54480.44
F02Q10001540|201510|54345.13|0|162|198|||||7.750|0.00||||||||||||||||||||54345.13
F02Q10001540|201511|54208.95|0|163|197|||||7.750|0.00||||||||||||||||||||54208.95
F02Q10001540|201512|54071.89|0|164|196|||||7.750|0.00||||||||||||||||||||54071.89
F02Q10001540|201601|53933.94|0|165|195|||||7.750|0.00||||||||||||||||||||53933.94
F02Q10001540|201602|53795.10|0|166|194|||||7.750|0.00||||||||||||||||||||53795.10
F02Q10001540|201603|53655.37|0|167|193|||||7.750|0.00||||||||||||||||||||53655.37
F02Q10001540|201604|53514.73|0|168|192|||||7.750|0.00||||||||||||||||||||53514.73
F02Q10001540|201605|53373.19|0|169|191|||||7.750|0.00||||||||||||||||||||53373.19
F02Q10001540|201606|53230.73|0|170|190|||||7.750|0.00||||||||||||||||||||53230.73
F02Q10001540|201607|53087.35|0|171|189|||||7.750|0.00||||||||||||||||||||53087.35
F02Q10001540|201608|52943.05|0|172|188|||||7.750|0.00||||||||||||||||||||52943.05
F02Q10001540|201609|52797.81|0|173|187|||||7.750|0.00||||||||||||||||||||52797.81
F02Q10001540|201610|52651.64|0|174|186|||||7.750|0.00||||||||||||||||||||52651.64
F02Q10001540|201611|52504.52|0|175|185|||||7.750|0.00||||||||||||||||||||52504.52
F02Q10001540|201612|52356.45|0|176|184|||||7.750|0.00||||||||||||||||||||52356.45
F02Q10001540|201701|52207.43|0|177|183|||||7.750|0.00||||||||||||||||||||52207.43
F02Q10001540|201702|52057.44|0|178|182|||||7.750|0.00||||||||||||||||||||52057.44
F02Q10001540|201703|51906.48|0|179|181|||||7.750|0.00||||||||||||||||||||51906.48
F02Q10001540|201704|51754.55|0|180|180|||||7.750|0.00||||||||||||||999||||||51754.55
F02Q10001540|201705|51601.64|0|181|179|||||7.750|0.00||||||||||||||999||||||51601.64
F02Q10001540|201706|51447.74|0|182|178|||||7.750|0.00||||||||||||||999||||||51447.74
F02Q10001540|201707|51447.74|0|183|177|||||7.750|0.00||||||||||||||999||||||51447.74
F02Q10001540|201708|51136.96|0|184|176|||||7.750|0.00||||||||||||||999||||||51136.96
F02Q10001540|201709|50980.06|0|185|175|||||7.750|0.00||||||||||||||999||||||50980.06
F02Q10001540|201710|50822.15|0|186|174|||||7.750|0.00||||||||||||||999||||||50822.15
F02Q10001540|201711|50663.22|0|187|173|||||7.750|0.00||||||||||||||999||||||50663.22
F02Q10001540|201712|50503.26|0|188|172|||||7.750|0.00||||||||||||||999||||||50503.26
F02Q10001540|201801|50342.27|0|189|171|||||7.750|0.00||||||||||||||999||||||50342.27
F02Q10001540|201802|50180.24|0|190|170|||||7.750|0.00||||||||||||||999||||||50180.24
F02Q10001540|201803|50017.16|0|191|169|||||7.750|0.00||||||||||||||999||||||50017.16
F02Q10001540|201804|49853.03|0|192|168|||||7.750|0.00||||||||||||||999||||||49853.03
F02Q10001540|201805|49687.84|0|193|167|||||7.750|0.00||||||||||||||999||||||49687.84
F02Q10001540|201806|49521.58|0|194|166|||||7.750|0.00||||||||||||||999||||||49521.58
F02Q10001540|201807|49354.25|0|195|165|||||7.750|0.00||||||||||||||999||||||49354.25
F02Q10001540|201808|49185.84|0|196|164|||||7.750|0.00||||||||||||||999||||||49185.84
F02Q10001540|201809|49016.34|0|197|163|||||7.750|0.00||||||||||||||999||||||49016.34
F02Q10001540|201810|48845.74|0|198|162|||||7.750|0.00||||||||||||||999||||||48845.74
F02Q10001540|201811|48674.04|0|199|161|||||7.750|0.00||||||||||||||999||||||48674.04
F02Q10001540|201812|48501.23|0|200|160|||||7.750|0.00||||||||||||||999||||||48501.23
F02Q10001540|201901|48327.31|0|201|159|||||7.750|0.00||||||||||||||999||||||48327.31
F02Q10001540|201902|48152.26|0|202|158|||||7.750|0.00||||||||||||||999||||||48152.26
F02Q10001540|201903|47976.08|0|203|157|||||7.750|0.00||||||||||||||999||||||47976.08
F02Q10001540|201904|47798.77|0|204|156|||||7.750|0.00||||||||||||||999||||||47798.77
F02Q10001540|201905|47620.31|0|205|155|||||7.750|0.00||||||||||||||999||||||47620.31
F02Q10001540|201906|47440.70|0|206|154|||||7.750|0.00||||||||||||||999||||||47440.70
F02Q10001540|201907|47259.93|0|207|153|||||7.750|0.00||||||||||||||999||||||47259.93
F02Q10001540|201908|47077.99|0|208|152|||||7.750|0.00||||||||||||||999||||||47077.99
F02Q10001540|201909|46894.88|0|209|151|||||7.750|0.00||||||||||||||999||||||46894.88
F02Q10001540|201910|46710.58|0|210|150|||||7.750|0.00||||||||||||||999||||||46710.58
F02Q10001540|201911|46525.09|0|211|149|||||7.750|0.00||||||||||||||999||||||46525.09
F02Q10001540|201912|46338.40|0|212|148|||||7.750|0.00||||||||||||||999||||||46338.40
F02Q10001540|202001|46150.51|0|213|147|||||7.750|0.00||||||||||||||999||||||46150.51
F02Q10001540|202002|45961.41|0|214|146|||||7.750|0.00||||||||||||||999||||||45961.41
F02Q10001540|202003|45771.08|0|215|145|||||7.750|0.00||||||||||||||999||||||45771.08
F02Q10001540|202004|45579.52|0|216|144|||||7.750|0.00||||||||||||||999||||||45579.52
F02Q10001540|202005|45386.73|0|217|143|||||7.750|0.00||||||||||||||999||||||45386.73
F02Q10001540|202006|45192.69|0|218|142|||||7.750|0.00||||||||||||||999||||||45192.69
F02Q10001540|202007|44997.40|0|219|141|||||7.750|0.00||||||||||||||999||||||44997.40
F02Q10001540|202008|44800.85|0|220|140|||||7.750|0.00||||||||||||||999||||||44800.85
F02Q10001540|202009|44603.03|0|221|139|||||7.750|0.00||||||||||||||999||||||44603.03
F02Q10001540|202010|44403.93|0|222|138|||||7.750|0.00||||||||||||||999||||||44403.93
F02Q10001540|202011|44203.55|0|223|137|||||7.750|0.00||||||||||||||999||||||44203.55
F02Q10001540|202012|44001.87|0|224|136|||||7.750|0.00||||||||||||||999||||||44001.87
F02Q10001540|202101|43798.89|0|225|135|||||7.750|0.00||||||||||||||999||||||43798.89
F02Q10001540|202102|43594.60|0|226|134|||||7.750|0.00||||||||||||||999||||||43594.60
F02Q10001540|202103|43388.99|0|227|133|||||7.750|0.00||||||||||||||999||||||43388.99
F02Q10001540|202104|43182.05|0|228|132|||||7.750|0.00||||||||||||||999||||||43182.05
F02Q10001540|202105|42973.77|0|229|131|||||7.750|0.00||||||||||||||999||||||42973.77
F02Q10001540|202106|42764.15|0|230|130|||||7.750|0.00||||||||||||||999||||||42764.15
F02Q10001540|202107|42553.18|0|231|129|||||7.750|0.00||||||||||||||999||||||42553.18
F02Q10001540|202108|42340.84|0|232|128|||||7.750|0.00||||||||||||||999||||||42340.84
F02Q10001540|202109|42127.13|0|233|127|||||7.750|0.00||||||||||||||999||||||42127.13
F02Q10001540|202110|41912.04|0|234|126|||||7.750|0.00||||||||||||||999||||||41912.04
F02Q10001540|202111|41695.56|0|235|125|||||7.750|0.00||||||||||||||999||||||41695.56
F02Q10001540|202112|41477.68|0|236|124|||||7.750|0.00||||||||||||||999||||||41477.68
F02Q10001540|202201|41258.40|0|237|123|||||7.750|0.00||||||||||||||999||||||41258.40
F02Q10001540|202202|41037.70|0|238|122|||||7.750|0.00||||||||||||||999||||||41037.70
F02Q10001540|202203|40815.58|0|239|121|||||7.750|0.00||||||||||||||999||||||40815.58
F02Q10001540|202204|40592.02|0|240|120|||||7.750|0.00||||||||||||||999||||||40592.02
F02Q10001540|202205|0.00|0|241|119|||01|202205|7.750|0.00|202205|||||||||||||999|40592.02|||||0.00
F02Q10001556|200205|98000.00|0|001|239|||||6.875|0.00||||||||||||||||||||98000.00
F02Q10001556|200206|98000.00|0|002|238|||||6.875|0.00||||||||||||||||||||98000.00
F02Q10001556|200207|97000.00|0|003|237|||||6.875|0.00||||||||||||||||||||97000.00
F02Q10001556|200208|97000.00|0|004|236|||||6.875|0.00||||||||||||||||||||97000.00
F02Q10001556|200209|97000.00|0|005|235|||||6.875|0.00||||||||||||||||||||97000.00
F02Q10001556|200210|97000.00|0|006|234|||||6.875|0.00||||||||||||||||||||97000.00
F02Q10001556|200211|96639.78|0|007|233|||||6.875|0.00||||||||||||||||||||96639.78
F02Q10001556|200212|96440.99|0|008|232|||||6.875|0.00||||||||||||||||||||96440.99
F02Q10001556|200301|96241.06|0|009|231|||||6.875|0.00||||||||||||||||||||96241.06
F02Q10001556|200302|96039.98|0|010|230|||||6.875|0.00||||||||||||||||||||96039.98
F02Q10001556|200303|95837.75|0|011|229|||||6.875|0.00||||||||||||||||||||95837.75
F02Q10001556|200304|95634.36|0|012|228|||||6.875|0.00||||||||||||||||||||95634.36
F02Q10001556|200305|95429.81|0|013|227|||||6.875|0.00||||||||||||||||||||95429.81
F02Q10001556|200306|95224.08|0|014|226|||||6.875|0.00||||||||||||||||||||95224.08
F02Q10001556|200307|95017.17|0|015|225|||||6.875|0.00||||||||||||||||||||95017.17
F02Q10001556|200308|94809.08|0|016|224|||||6.875|0.00||||||||||||||||||||94809.08
F02Q10001556|200309|94599.80|0|017|223|||||6.875|0.00||||||||||||||||||||94599.80
F02Q10001556|200310|94389.32|0|018|222|||||6.875|0.00||||||||||||||||||||94389.32
F02Q10001556|200311|94177.63|0|019|221|||||6.875|0.00||||||||||||||||||||94177.63
F02Q10001556|200312|93964.73|0|020|220|||||6.875|0.00||||||||||||||||||||93964.73
F02Q10001556|200401|93750.61|0|021|219|||||6.875|0.00||||||||||||||||||||93750.61
F02Q10001556|200402|93535.26|0|022|218|||||6.875|0.00||||||||||||||||||||93535.26
F02Q10001556|200403|93318.68|0|023|217|||||6.875|0.00||||||||||||||||||||93318.68
F02Q10001556|200404|93100.86|0|024|216|||||6.875|0.00||||||||||||||||||||93100.86
F02Q10001556|200405|92881.79|0|025|215|||||6.875|0.00||||||||||||||||||||92881.79
F02Q10001556|200406|92661.47|0|026|214|||||6.875|0.00||||||||||||||||||||92661.47
F02Q10001556|200407|92439.88|0|027|213|||||6.875|0.00||||||||||||||||||||92439.88
F02Q10001556|200408|92217.02|0|028|212|||||6.875|0.00||||||||||||||||||||92217.02
F02Q10001556|200409|91992.89|0|029|211|||||6.875|0.00||||||||||||||||||||91992.89
F02Q10001556|200410|91767.47|0|030|210|||||6.875|0.00||||||||||||||||||||91767.47
F02Q10001556|200411|91540.76|0|031|209|||||6.875|0.00||||||||||||||||||||91540.76
F02Q10001556|200412|91312.75|0|032|208|||||6.875|0.00||||||||||||||||||||91312.75
F02Q10001556|200501|91083.44|0|033|207|||||6.875|0.00||||||||||||||||||||91083.44
F02Q10001556|200502|90852.81|0|034|206|||||6.875|0.00||||||||||||||||||||90852.81
F02Q10001556|200503|90620.86|0|035|205|||||6.875|0.00||||||||||||||||||||90620.86
F02Q10001556|200504|90387.58|0|036|204|||||6.875|0.00||||||||||||||||||||90387.58
F02Q10001556|200505|90152.97|0|037|203|||||6.875|0.00||||||||||||||||||||90152.97
F02Q10001556|200506|89917.01|0|038|202|||||6.875|0.00||||||||||||||||||||89917.01
F02Q10001556|200507|89679.70|0|039|201|||||6.875|0.00||||||||||||||||||||89679.70
F02Q10001556|200508|89441.03|0|040|200|||||6.875|0.00||||||||||||||||||||89441.03
F02Q10001556|200509|89200.99|0|041|199|||||6.875|0.00||||||||||||||||||||89200.99
F02Q10001556|200510|88959.58|0|042|198|||||6.875|0.00||||||||||||||||||||88959.58
F02Q10001556|200511|88716.78|0|043|197|||||6.875|0.00||||||||||||||||||||88716.78
F02Q10001556|200512|88472.59|0|044|196|||||6.875|0.00||||||||||||||||||||88472.59
F02Q10001556|200601|88227.00|0|045|195|||||6.875|0.00||||||||||||||||||||88227.00
F02Q10001556|200602|87980.01|0|046|194|||||6.875|0.00||||||||||||||||||||87980.01
F02Q10001556|200603|87731.60|0|047|193|||||6.875|0.00||||||||||||||||||||87731.60
F02Q10001556|200604|87481.77|0|048|192|||||6.875|0.00||||||||||||||||||||87481.77
F02Q10001556|200605|87230.51|0|049|191|||||6.875|0.00||||||||||||||||||||87230.51
F02Q10001556|200606|86977.81|0|050|190|||||6.875|0.00||||||||||||||||||||86977.81
F02Q10001556|200607|86723.66|0|051|189|||||6.875|0.00||||||||||||||||||||86723.66
F02Q10001556|200608|86468.05|0|052|188|||||6.875|0.00||||||||||||||||||||86468.05
F02Q10001556|200609|86210.98|0|053|187|||||6.875|0.00||||||||||||||||||||86210.98
F02Q10001556|200610|85952.44|0|054|186|||||6.875|0.00||||||||||||||||||||85952.44
F02Q10001556|200611|85692.42|0|055|185|||||6.875|0.00||||||||||||||||||||85692.42
F02Q10001556|200612|85430.91|0|056|184|||||6.875|0.00||||||||||||||||||||85430.91
F02Q10001556|200701|85167.90|0|057|183|||||6.875|0.00||||||||||||||||||||85167.90
F02Q10001556|200702|84903.38|0|058|182|||||6.875|0.00||||||||||||||||||||84903.38
F02Q10001556|200703|84637.35|0|059|181|||||6.875|0.00||||||||||||||||||||84637.35
F02Q10001556|200704|84369.79|0|060|180|||||6.875|0.00||||||||||||||||||||84369.79
F02Q10001556|200705|84100.70|0|061|179|||||6.875|0.00||||||||||||||||||||84100.70
F02Q10001556|200706|83830.07|0|062|178|||||6.875|0.00||||||||||||||||||||83830.07
F02Q10001556|200707|83557.89|0|063|177|||||6.875|0.00||||||||||||||||||||83557.89
F02Q10001556|200708|83284.15|0|064|176|||||6.875|0.00||||||||||||||||||||83284.15
F02Q10001556|200709|83008.84|0|065|175|||||6.875|0.00||||||||||||||||||||83008.84
F02Q10001556|200710|82731.95|0|066|174|||||6.875|0.00||||||||||||||||||||82731.95
F02Q10001556|200711|82453.48|0|067|173|||||6.875|0.00||||||||||||||||||||82453.48
F02Q10001556|200712|82173.41|0|068|172|||||6.875|0.00||||||||||||||||||||82173.41
F02Q10001556|200801|81891.74|0|069|171|||||6.875|0.00||||||||||||||||||||81891.74
F02Q10001556|200802|81608.45|0|070|170|||||6.875|0.00||||||||||||||||||||81608.45
F02Q10001556|200803|81323.54|0|071|169|||||6.875|0.00||||||||||||||||||||81323.54
F02Q10001556|200804|81037.00|0|072|168|||||6.875|0.00||||||||||||||||||||81037.00
F02Q10001556|200805|80748.81|0|073|167|||||6.875|0.00||||||||||||||||||||80748.81
F02Q10001556|200806|0.00|0|074|166|||01|200806|6.875|0.00|||||||||||||||80748.81|||||0.00
F02Q10001571|200206|200000.00|0|000|360|||||6.750|0.00||||||||||||||||||||200000.00
F02Q10001571|200207|200000.00|0|001|359|||||6.750|0.00||||||||||||||||||||200000.00
F02Q10001571|200208|199000.00|0|002|358|||||6.750|0.00||||||||||||||||||||199000.00
F02Q10001571|200209|199000.00|0|003|357|||||6.750|0.00||||||||||||||||||||199000.00
F02Q10001571|200210|199000.00|0|004|356|||||6.750|0.00||||||||||||||||||||199000.00
F02Q10001571|200211|199000.00|0|005|355|||||6.750|0.00||||||||||||||||||||199000.00
F02Q10001571|200212|199000.00|0|006|354|||||6.750|0.00||||||||||||||||||||199000.00
F02Q10001571|200301|198575.32|0|007|353|||||6.750|0.00||||||||||||||||||||198575.32
F02Q10001571|200302|198575.32|0|008|352|||||6.750|0.00||||||||||||||||||||198575.32
F02Q10001571|200303|198396.41|0|009|351|||||6.750|0.00||||||||||||||||||||198396.41
F02Q10001571|200304|0.00|0|010|350|||01|200304|6.750|0.00|||||||||||||||198396.41|||||0.00
F02Q10001582|200205|69000.00|0|002|178|||||6.375|0.00||||||||||||||||||||69000.00
F02Q10001582|200206|69000.00|0|003|177|||||6.375|0.00||||||||||||||||||||69000.00
F02Q10001582|200207|69000.00|0|004|176|||||6.375|0.00||||||||||||||||||||69000.00
F02Q10001582|200208|69000.00|0|005|175|||||6.375|0.00||||||||||||||||||||69000.00
F02Q10001582|200209|68000.00|0|006|174|||||6.375|0.00||||||||||||||||||||68000.00
F02Q10001582|200210|67951.69|0|007|173|||||6.375|0.00||||||||||||||||||||67951.69
F02Q10001582|200211|67711.16|0|008|172|||||6.375|0.00||||||||||||||||||||67711.16
F02Q10001582|200212|67711.16|0|009|171|||||6.375|0.00||||||||||||||||||||67711.16
F02Q10001582|200301|67469.36|0|010|170|||||6.375|0.00||||||||||||||||||||67469.36
F02Q10001582|200302|0.00|0|011|169|||01|200302|6.375|0.00|||||||||||||||67469.36|||||0.00
F02Q10001614|200205|209000.00|0|002|358|||||6.500|0.00||||||||||||||||||||209000.00
F02Q10001614|200206|209000.00|0|003|357|||||6.500|0.00||||||||||||||||||||209000.00
F02Q10001614|200207|209000.00|0|004|356|||||6.500|0.00||||||||||||||||||||209000.00
F02Q10001614|200208|209000.00|0|005|355|||||6.500|0.00||||||||||||||||||||209000.00
F02Q10001614|200209|209000.00|0|006|354|||||6.500|0.00||||||||||||||||||||209000.00
F02Q10001614|200210|208412.08|0|007|353|||||6.500|0.00||||||||||||||||||||208412.08
F02Q10001614|200211|0.00|0|008|352|||01|200211|6.500|0.00|||||||||||||||208412.08|||||0.00
F02Q10001642|200205|207000.00|0|003|357|||||6.750|0.00||||||||||||||||||||207000.00
F02Q10001642|200206|207000.00|0|004|356|||||6.750|0.00||||||||||||||||||||207000.00
F02Q10001642|200207|207000.00|0|005|355|||||6.750|0.00||||||||||||||||||||207000.00
F02Q10001642|200208|207000.00|0|006|354|||||6.750|0.00||||||||||||||||||||207000.00
F02Q10001642|200209|206725.09|0|007|353|||||6.750|0.00||||||||||||||||||||206725.09
F02Q10001642|200210|206538.84|0|008|352|||||6.750|0.00||||||||||||||||||||206538.84
F02Q10001642|200211|0.00|0|009|351|||01|200211|6.750|0.00|||||||||||||||206538.84|||||0.00
F02Q10001698|200206|109000.00|0|003|237|||||6.250|0.00||||||||||||||||||||109000.00
F02Q10001698|200207|109000.00|0|004|236|||||6.250|0.00||||||||||||||||||||109000.00
F02Q10001698|200208|109000.00|0|005|235|||||6.250|0.00||||||||||||||||||||109000.00
F02Q10001698|200209|108000.00|0|006|234|||||6.250|0.00||||||||||||||||||||108000.00
F02Q10001698|200210|108179.26|0|007|233|||||6.250|0.00||||||||||||||||||||108179.26
F02Q10001698|200211|107913.71|0|008|232|||||6.250|0.00||||||||||||||||||||107913.71
F02Q10001698|200212|107646.78|0|009|231|||||6.250|0.00||||||||||||||||||||107646.78
F02Q10001698|200301|107378.46|0|010|230|||||6.250|0.00||||||||||||||||||||107378.46
F02Q10001698|200302|107108.74|0|011|229|||||6.250|0.00||||||||||||||||||||107108.74
F02Q10001698|200303|106837.62|0|012|228|||||6.250|0.00||||||||||||||||||||106837.62
F02Q10001698|200304|106565.09|0|013|227|||||6.250|0.00||||||||||||||||||||106565.09
F02Q10001698|200305|0.00|0|014|226|||01|200305|6.250|0.00|||||||||||||||106565.09|||||0.00
F02Q10001714|200206|95000.00|0|000|360|||||6.875|0.00||||||||||||||||||||95000.00
F02Q10001714|200207|95000.00|0|001|359|||||6.875|0.00||||||||||||||||||||95000.00
F02Q10001714|200208|95000.00|0|002|358|||||6.875|0.00||||||||||||||||||||95000.00
F02Q10001714|200209|95000.00|0|003|357|||||6.875|0.00||||||||||||||||||||95000.00
F02Q10001714|200210|95000.00|0|004|356|||||6.875|0.00||||||||||||||||||||95000.00
F02Q10001714|200211|95000.00|0|005|355|||||6.875|0.00||||||||||||||||||||95000.00
F02Q10001714|200212|94000.00|0|006|354|||||6.875|0.00||||||||||||||||||||94000.00
F02Q10001714|200301|0.00|0|007|353|||01|200301|6.875|0.00|||||||||||||||94212.45|||||0.00
F02Q10001758|200206|169000.00|0|003|357|||||6.500|0.00||||||||||||||||||||169000.00
F02Q10001758|200207|169000.00|0|004|356|||||6.500|0.00||||||||||||||||||||169000.00
F02Q10001758|200208|169000.00|0|005|355|||||6.500|0.00||||||||||||||||||||169000.00
F02Q10001758|200209|169000.00|0|006|354|||||6.500|0.00||||||||||||||||||||169000.00
F02Q10001758|200210|168901.65|0|007|353|||||6.500|0.00||||||||||||||||||||168901.65
F02Q10001758|200211|168741.32|0|008|352|||||6.500|0.00||||||||||||||||||||168741.32
F02Q10001758|200212|168580.13|0|009|351|||||6.500|0.00||||||||||||||||||||168580.13
F02Q10001758|200301|168418.06|0|010|350|||||6.500|0.00||||||||||||||||||||168418.06
F02Q10001758|200302|168418.06|0|011|349|||||6.500|0.00||||||||||||||||||||168418.06
F02Q10001758|200303|168091.28|0|012|348|||||6.500|0.00||||||||||||||||||||168091.28
F02Q10001758|200304|0.00|0|013|347|||01|200304|6.500|0.00|||||||||||||||168091.28|||||0.00
F02Q10001797|200206|25000.00|0|004|176|||||5.750|0.00||||||||||||||||||||25000.00
F02Q10001797|200207|25000.00|0|005|175|||||5.750|0.00||||||||||||||||||||25000.00
F02Q10001797|200208|25000.00|0|006|174|||||5.750|0.00||||||||||||||||||||25000.00
F02Q10001797|200209|24956.15|0|007|173|||||5.750|0.00||||||||||||||||||||24956.15
F02Q10001797|200210|24863.98|0|008|172|||||5.750|0.00||||||||||||||||||||24863.98
F02Q10001797|200211|24678.32|0|009|171|||||5.750|0.00||||||||||||||||||||24678.32
F02Q10001797|200212|24584.82|0|010|170|||||5.750|0.00||||||||||||||||||||24584.82
F02Q10001797|200301|24490.87|0|011|169|||||5.750|0.00||||||||||||||||||||24490.87
F02Q10001797|200302|24396.47|0|012|168|||||5.750|0.00||||||||||||||||||||24396.47
F02Q10001797|200303|24301.62|0|013|167|||||5.750|0.00||||||||||||||||||||24301.62
F02Q10001797|200304|24206.32|0|014|166|||||5.750|0.00||||||||||||||||||||24206.32
F02Q10001797|200305|24206.32|0|015|165|||||5.750|0.00||||||||||||||||||||24206.32
F02Q10001797|200306|24014.34|0|016|164|||||5.750|0.00||||||||||||||||||||24014.34
F02Q10001797|200307|23917.65|0|017|163|||||5.750|0.00||||||||||||||||||||23917.65
F02Q10001797|200308|23820.51|0|018|162|||||5.750|0.00||||||||||||||||||||23820.51
F02Q10001797|200309|23722.65|0|019|161|||||5.750|0.00||||||||||||||||||||23722.65
F02Q10001797|200310|23722.65|0|020|160|||||5.750|0.00||||||||||||||||||||23722.65
F02Q10001797|200311|23526.02|0|021|159|||||5.750|0.00||||||||||||||||||||23526.02
F02Q10001797|200312|23427.00|0|022|158|||||5.750|0.00||||||||||||||||||||23427.00
F02Q10001797|200401|23327.50|0|023|157|||||5.750|0.00||||||||||||||||||||23327.50
F02Q10001797|200402|23227.53|0|024|156|||||5.750|0.00||||||||||||||||||||23227.53
F02Q10001797|200403|23127.08|0|025|155|||||5.750|0.00||||||||||||||||||||23127.08
F02Q10001797|200404|23026.15|0|026|154|||||5.750|0.00||||||||||||||||||||23026.15
F02Q10001797|200405|22924.73|0|027|153|||||5.750|0.00||||||||||||||||||||22924.73
F02Q10001797|200406|22822.83|0|028|152|||||5.750|0.00||||||||||||||||||||22822.83
F02Q10001797|200407|22720.44|0|029|151|||||5.750|0.00||||||||||||||||||||22720.44
F02Q10001797|200408|22617.56|0|030|150|||||5.750|0.00||||||||||||||||||||22617.56
F02Q10001797|200409|22514.18|0|031|149|||||5.750|0.00||||||||||||||||||||22514.18
F02Q10001797|200410|22410.31|0|032|148|||||5.750|0.00||||||||||||||||||||22410.31
F02Q10001797|200411|22305.95|0|033|147|||||5.750|0.00||||||||||||||||||||22305.95
F02Q10001797|200412|22201.08|0|034|146|||||5.750|0.00||||||||||||||||||||22201.08
F02Q10001797|200501|22201.08|0|035|145|||||5.750|0.00||||||||||||||||||||22201.08
F02Q10001797|200502|21989.83|0|036|144|||||5.750|0.00||||||||||||||||||||21989.83
F02Q10001797|200503|21883.45|0|037|143|||||5.750|0.00||||||||||||||||||||21883.45
F02Q10001797|200504|21776.56|0|038|142|||||5.750|0.00||||||||||||||||||||21776.56
F02Q10001797|200505|21669.16|0|039|141|||||5.750|0.00||||||||||||||||||||21669.16
F02Q10001797|200506|21561.24|0|040|140|||||5.750|0.00||||||||||||||||||||21561.24
F02Q10001797|200507|21452.80|0|041|139|||||5.750|0.00||||||||||||||||||||21452.80
F02Q10001797|200508|21343.85|0|042|138|||||5.750|0.00||||||||||||||||||||21343.85
F02Q10001797|200509|21234.37|0|043|137|||||5.750|0.00||||||||||||||||||||21234.37
F02Q10001797|200510|21124.37|0|044|136|||||5.750|0.00||||||||||||||||||||21124.37
F02Q10001797|200511|21013.84|0|045|135|||||5.750|0.00||||||||||||||||||||21013.84
F02Q10001797|200512|20902.78|0|046|134|||||5.750|0.00||||||||||||||||||||20902.78
F02Q10001797|200601|20791.19|0|047|133|||||5.750|0.00||||||||||||||||||||20791.19
F02Q10001797|200602|20679.06|0|048|132|||||5.750|0.00||||||||||||||||||||20679.06
F02Q10001797|200603|20566.40|0|049|131|||||5.750|0.00||||||||||||||||||||20566.40
F02Q10001797|200604|20453.20|0|050|130|||||5.750|0.00||||||||||||||||||||20453.20
F02Q10001797|200605|20339.45|0|051|129|||||5.750|0.00||||||||||||||||||||20339.45
F02Q10001797|200606|20225.16|0|052|128|||||5.750|0.00||||||||||||||||||||20225.16
F02Q10001797|200607|20110.32|0|053|127|||||5.750|0.00||||||||||||||||||||20110.32
F02Q10001797|200608|19994.94|0|054|126|||||5.750|0.00||||||||||||||||||||19994.94
F02Q10001797|200609|19994.94|0|055|125|||||5.750|0.00||||||||||||||||||||19994.94
F02Q10001797|200610|19879.00|0|056|124|||||5.750|0.00||||||||||||||||||||19879.00
F02Q10001797|200611|19645.44|0|057|123|||||5.750|0.00||||||||||||||||||||19645.44
F02Q10001797|200612|19527.83|0|058|122|||||5.750|0.00||||||||||||||||||||19527.83
F02Q10001797|200701|19527.83|0|059|121|||||5.750|0.00||||||||||||||||||||19527.83
F02Q10001797|200702|19409.65|0|060|120|||||5.750|0.00||||||||||||||||||||19409.65
F02Q10001797|200703|19171.59|0|061|119|||||5.750|0.00||||||||||||||||||||19171.59
F02Q10001797|200704|19171.59|0|062|118|||||5.750|0.00||||||||||||||||||||19171.59
F02Q10001797|200705|19051.70|0|063|117|||||5.750|0.00||||||||||||||||||||19051.70
F02Q10001797|200706|18931.24|0|064|116|||||5.750|0.00||||||||||||||||||||18931.24
F02Q10001797|200707|18810.21|0|065|115|||||5.750|0.00||||||||||||||||||||18810.21
F02Q10001797|200708|18566.39|0|066|114|||||5.750|0.00||||||||||||||||||||18566.39
F02Q10001797|200709|18355.35|0|067|113|||||5.750|0.00||||||||||||||||||||18355.35
F02Q10001797|200710|18355.35|0|068|112|||||5.750|0.00||||||||||||||||||||18355.35
F02Q10001797|200711|18231.55|0|069|111|||||5.750|0.00||||||||||||||||||||18231.55
F02Q10001797|200712|18107.16|0|070|110|||||5.750|0.00||||||||||||||||||||18107.16
F02Q10001797|200801|17856.59|0|071|109|||||5.750|0.00||||||||||||||||||||17856.59
F02Q10001797|200802|17856.59|0|072|108|||||5.750|0.00||||||||||||||||||||17856.59
F02Q10001797|200803|17730.40|0|073|107|||||5.750|0.00||||||||||||||||||||17730.40
F02Q10001797|200804|17476.21|0|074|106|||||5.750|0.00||||||||||||||||||||17476.21
F02Q10001797|200805|17476.21|0|075|105|||||5.750|0.00||||||||||||||||||||17476.21
F02Q10001797|200806|17219.58|0|076|104|||||5.750|0.00||||||||||||||||||||17219.58
F02Q10001797|200807|17219.58|0|077|103|||||5.750|0.00||||||||||||||||||||17219.58
F02Q10001797|200808|17219.58|0|078|102|||||5.750|0.00||||||||||||||||||||17219.58
F02Q10001797|200809|16960.48|0|079|101|||||5.750|0.00||||||||||||||||||||16960.48
F02Q10001797|200810|16698.89|0|080|100|||||5.750|0.00||||||||||||||||||||16698.89
F02Q10001797|200811|16567.16|0|081|099|||||5.750|0.00||||||||||||||||||||16567.16
F02Q10001797|200812|16434.79|0|082|098|||||5.750|0.00||||||||||||||||||||16434.79
F02Q10001797|200901|16301.79|0|083|097|||||5.750|0.00||||||||||||||||||||16301.79
F02Q10001797|200902|16301.79|0|084|096|||||5.750|0.00||||||||||||||||||||16301.79
F02Q10001797|200903|16168.16|0|085|095|||||5.750|0.00||||||||||||||||||||16168.16
F02Q10001797|200904|15898.96|0|086|094|||||5.750|0.00||||||||||||||||||||15898.96
F02Q10001797|200905|15763.39|0|087|093|||||5.750|0.00||||||||||||||||||||15763.39
F02Q10001797|200906|15763.39|0|088|092|||||5.750|0.00||||||||||||||||||||15763.39
F02Q10001797|200907|15627.17|0|089|091|||||5.750|0.00||||||||||||||||||||15627.17
F02Q10001797|200908|15490.30|0|090|090|||||5.750|0.00||||||||||||||||||||15490.30
F02Q10001797|200909|15352.78|0|091|089|||||5.750|0.00||||||||||||||||||||15352.78
F02Q10001797|200910|15075.75|0|092|088|||||5.750|0.00||||||||||||||||||||15075.75
F02Q10001797|200911|14936.23|0|093|087|||||5.750|0.00||||||||||||||||||||14936.23
F02Q10001797|200912|14936.23|0|094|086|||||5.750|0.00||||||||||||||||||||14936.23
F02Q10001797|201001|14655.20|0|095|085|||||5.750|0.00||||||||||||||||||||14655.20
F02Q10001797|201002|14655.20|0|096|084|||||5.750|0.00||||||||||||||||||||14655.20
F02Q10001797|201003|14513.67|0|097|083|||||5.750|0.00||||||||||||||||||||14513.67
F02Q10001797|201004|14228.58|0|098|082|||||5.750|0.00||||||||||||||||||||14228.58
F02Q10001797|201005|14228.58|0|099|081|||||5.750|0.00||||||||||||||||||||14228.58
F02Q10001797|201006|13940.75|0|100|080|||||5.750|0.00||||||||||||||||||||13940.75
F02Q10001797|201007|13940.75|0|101|079|||||5.750|0.00||||||||||||||||||||13940.75
F02Q10001797|201008|13650.16|0|102|078|||||5.750|0.00||||||||||||||||||||13650.16
F02Q10001797|201009|13650.16|0|103|077|||||5.750|0.00||||||||||||||||||||13650.16
F02Q10001797|201010|13356.77|0|104|076|||||5.750|0.00||||||||||||||||||||13356.77
F02Q10001797|201011|13356.77|0|105|075|||||5.750|0.00||||||||||||||||||||13356.77
F02Q10001797|201012|13060.56|0|106|074|||||5.750|0.00||||||||||||||||||||13060.56
F02Q10001797|201101|12761.51|0|107|073|||||5.750|0.00||||||||||||||||||||12761.51
F02Q10001797|201102|12761.51|0|108|072|||||5.750|0.00||||||||||||||||||||12761.51
F02Q10001797|201103|12761.51|0|109|071|||||5.750|0.00||||||||||||||||||||12761.51
F02Q10001797|201104|12459.59|0|110|070|||||5.750|0.00||||||||||||||||||||12459.59
F02Q10001797|201105|12307.54|0|111|069|||||5.750|0.00||||||||||||||||||||12307.54
F02Q10001797|201106|12307.54|0|112|068|||||5.750|0.00||||||||||||||||||||12307.54
F02Q10001797|201107|12001.26|0|113|067|||||5.750|0.00||||||||||||||||||||12001.26
F02Q10001797|201108|12001.26|0|114|066|||||5.750|0.00||||||||||||||||||||12001.26
F02Q10001797|201109|11847.01|0|115|065|||||5.750|0.00||||||||||||||||||||11847.01
F02Q10001797|201110|11692.03|0|116|064|||||5.750|0.00||||||||||||||||||||11692.03
F02Q10001797|201111|11536.30|1|117|063|||||5.750|0.00||||||||||||||||||||11536.30
F02Q10001797|201112|11379.83|0|118|062|||||5.750|0.00||||||||||||||||||||11379.83
F02Q10001797|201201|11222.61|0|119|061|||||5.750|0.00||||||||||||||||||||11222.61
F02Q10001797|201202|11064.63|0|120|060|||||5.750|0.00||||||||||||||||||||11064.63
F02Q10001797|201203|10746.41|0|121|059|||||5.750|0.00||||||||||||||||||||10746.41
F02Q10001797|201204|10586.15|0|122|058|||||5.750|0.00||||||||||||||||||||10586.15
F02Q10001797|201205|10586.15|0|123|057|||||5.750|0.00||||||||||||||||||||10586.15
F02Q10001797|201206|10263.33|0|124|056|||||5.750|0.00||||||||||||||||||||10263.33
F02Q10001797|201207|10263.33|0|125|055|||||5.750|0.00||||||||||||||||||||10263.33
F02Q10001797|201208|9937.41|0|126|054|||||5.750|0.00||||||||||||||||||||9937.41
F02Q10001797|201209|9773.28|0|127|053|||||5.750|0.00||||||||||||||||||||9773.28
F02Q10001797|201210|9773.28|1|128|052|||||5.750|0.00||||||||||||||||||||9773.28
F02Q10001797|201211|9442.65|0|129|051|||||5.750|0.00||||||||||||||||||||9442.65
F02Q10001797|201212|9442.65|0|130|050|||||5.750|0.00||||||||||||||||||||9442.65
F02Q10001797|201301|9108.84|0|131|049|||||5.750|0.00||||||||||||||||||||9108.84
F02Q10001797|201302|9108.84|0|132|048|||||5.750|0.00||||||||||||||||||||9108.84
F02Q10001797|201303|8940.74|0|133|047|||||5.750|0.00||||||||||||||||||||8940.74
F02Q10001797|201304|8431.58|0|134|046|||||5.750|0.00||||||||||||||||||||8431.58
F02Q10001797|201305|8431.58|0|135|045|||||5.750|0.00||||||||||||||||||||8431.58
F02Q10001797|201306|8431.58|1|136|044|||||5.750|0.00||||||||||||||||||||8431.58
F02Q10001797|201307|7915.07|0|137|043|||||5.750|0.00||||||||||||||||||||7915.07
F02Q10001797|201308|7915.07|0|138|042|||||5.750|0.00||||||||||||||||||||7915.07
F02Q10001797|201309|7915.07|0|139|041|||||5.750|0.00||||||||||||||||||||7915.07
F02Q10001797|201310|7741.24|0|140|040|||||5.750|0.00||||||||||||||||||||7741.24
F02Q10001797|201311|7391.09|0|141|039|||||5.750|0.00||||||||||||||||||||7391.09
F02Q10001797|201312|7391.09|0|142|038|||||5.750|0.00||||||||||||||||||||7391.09
F02Q10001797|201401|7037.58|0|143|037|||||5.750|0.00||||||||||||||||||||7037.58
F02Q10001797|201402|6859.55|0|144|036|||||5.750|0.00||||||||||||||||||||6859.55
F02Q10001797|201403|6859.55|0|145|035|||||5.750|0.00||||||||||||||||||||6859.55
F02Q10001797|201404|6320.33|0|146|034|||||5.750|0.00||||||||||||||||||||6320.33
F02Q10001797|201405|6320.33|0|147|033|||||5.750|0.00||||||||||||||||||||6320.33
F02Q10001797|201406|6320.33|0|148|032|||||5.750|0.00||||||||||||||||||||6320.33
F02Q10001797|201407|5956.53|0|149|031|||||5.750|0.00||||||||||||||||||||5956.53
F02Q10001797|201408|5956.53|0|150|030|||||5.750|0.00||||||||||||||||||||5956.53
F02Q10001797|201409|5773.32|0|151|029|||||5.750|0.00||||||||||||||||||||5773.32
F02Q10001797|201410|5213.70|0|152|028|||||5.750|0.00||||||||||||||||||||5213.70
F02Q10001797|201411|5018.68|0|153|027|||||5.750|0.00||||||||||||||||||||5018.68
F02Q10001797|201412|5018.68|0|154|026|||||5.750|0.00||||||||||||||||||||5018.68
F02Q10001797|201501|4642.38|0|155|025|||||5.750|0.00||||||||||||||||||||4642.38
F02Q10001797|201502|4262.46|0|156|024|||||5.750|0.00||||||||||||||||||||4262.46
F02Q10001797|201503|4262.46|0|157|023|||||5.750|0.00||||||||||||||||||||4262.46
F02Q10001797|201504|4262.46|0|158|022|||||5.750|0.00||||||||||||||||||||4262.46
F02Q10001797|201505|4071.13|0|159|021|||||5.750|0.00||||||||||||||||||||4071.13
F02Q10001797|201506|3685.73|0|160|020|||||5.750|0.00||||||||||||||||||||3685.73
F02Q10001797|201507|3491.64|0|161|019|||||5.750|0.00||||||||||||||||||||3491.64
F02Q10001797|201508|3491.64|0|162|018|||||5.750|0.00||||||||||||||||||||3491.64
F02Q10001797|201509|3296.62|1|163|017|||||5.750|0.00||||||||||||||||||||3296.62
F02Q10001797|201510|2903.77|0|164|016|||||5.750|0.00||||||||||||||||||||2903.77
F02Q10001797|201511|2465.04|0|165|015|||||5.750|0.00||||||||||||||||||||2465.04
F02Q10001797|201512|2465.04|0|166|014|||||5.750|0.00||||||||||||||||||||2465.04
F02Q10001797|201601|2465.04|1|167|013|||||5.750|0.00||||||||||||||||||||2465.04
F02Q10001797|201602|2048.30|0|168|012|||||5.750|0.00||||||||||||||||||||2048.30
F02Q10001797|201603|1846.36|0|169|011|||||5.750|0.00||||||||||||||||||||1846.36
F02Q10001797|201604|1643.21|0|170|010|||||5.750|0.00||||||||||||||||||||1643.21
F02Q10001797|201605|1439.33|0|171|009|||||5.750|0.00||||||||||||||||||||1439.33
F02Q10001797|201606|1234.48|0|172|008|||||5.750|0.00||||||||||||||||||||1234.48
F02Q10001797|201607|1234.48|1|173|007|||||5.750|0.00||||||||||||||||||||1234.48
F02Q10001797|201608|819.16|0|174|006|||||5.750|0.00||||||||||||||||||||819.16
F02Q10001797|201609|819.16|0|175|005|||||5.750|0.00||||||||||||||||||||819.16
F02Q10001797|201610|402.52|0|176|004|||||5.750|0.00||||||||||||||||||||402.52
F02Q10001797|201611|192.70|0|177|003|||||5.750|0.00||||||||||||||||||||192.70
F02Q10001797|201612|0.00|0|178|002|||01|201612|5.750|0.00|||||||||||||||192.70|||||0.00
F02Q10001822|200206|35000.00|0|004|176|||||6.000|0.00||||||||||||||||||||35000.00
F02Q10001822|200207|35000.00|0|005|175|||||6.000|0.00||||||||||||||||||||35000.00
F02Q10001822|200208|35000.00|0|006|174|||||6.000|0.00||||||||||||||||||||35000.00
F02Q10001822|200209|34900.50|0|007|173|||||6.000|0.00||||||||||||||||||||34900.50
F02Q10001822|200210|34774.17|0|008|172|||||6.000|0.00||||||||||||||||||||34774.17
F02Q10001822|200211|34515.45|0|009|171|||||6.000|0.00||||||||||||||||||||34515.45
F02Q10001822|200212|34387.15|0|010|170|||||6.000|0.00||||||||||||||||||||34387.15
F02Q10001822|200301|34258.25|0|011|169|||||6.000|0.00||||||||||||||||||||34258.25
F02Q10001822|200302|34258.25|0|012|168|||||6.000|0.00||||||||||||||||||||34258.25
F02Q10001822|200303|33998.36|0|013|167|||||6.000|0.00||||||||||||||||||||33998.36
F02Q10001822|200304|33863.35|0|014|166|||||6.000|0.00||||||||||||||||||||33863.35
F02Q10001822|200305|33727.66|0|015|165|||||6.000|0.00||||||||||||||||||||33727.66
F02Q10001822|200306|33591.30|0|016|164|||||6.000|0.00||||||||||||||||||||33591.30
F02Q10001822|200307|33454.26|0|017|163|||||6.000|0.00||||||||||||||||||||33454.26
F02Q10001822|200308|33316.53|0|018|162|||||6.000|0.00||||||||||||||||||||33316.53
F02Q10001822|200309|33182.11|0|019|161|||||6.000|0.00||||||||||||||||||||33182.11
F02Q10001822|200310|33047.02|0|020|160|||||6.000|0.00||||||||||||||||||||33047.02
F02Q10001822|200311|33047.02|0|021|159|||||6.000|0.00||||||||||||||||||||33047.02
F02Q10001822|200312|32911.26|0|022|158|||||6.000|0.00||||||||||||||||||||32911.26
F02Q10001822|200401|32633.86|0|023|157|||||6.000|0.00||||||||||||||||||||32633.86
F02Q10001822|200402|32487.03|0|024|156|||||6.000|0.00||||||||||||||||||||32487.03
F02Q10001822|200403|32344.46|0|025|155|||||6.000|0.00||||||||||||||||||||32344.46
F02Q10001822|200404|32201.19|0|026|154|||||6.000|0.00||||||||||||||||||||32201.19
F02Q10001822|200405|32201.19|0|027|153|||||6.000|0.00||||||||||||||||||||32201.19
F02Q10001822|200406|31912.48|0|028|152|||||6.000|0.00||||||||||||||||||||31912.48
F02Q10001822|200407|31912.48|0|029|151|||||6.000|0.00||||||||||||||||||||31912.48
F02Q10001822|200408|31767.04|0|030|150|||||6.000|0.00||||||||||||||||||||31767.04
F02Q10001822|200409|31311.32|0|031|149|||||6.000|0.00||||||||||||||||||||31311.32
F02Q10001822|200410|31311.32|0|032|148|||||6.000|0.00||||||||||||||||||||31311.32
F02Q10001822|200411|31147.87|0|033|147|||||6.000|0.00||||||||||||||||||||31147.87
F02Q10001822|200412|30993.61|0|034|146|||||6.000|0.00||||||||||||||||||||30993.61
F02Q10001822|200501|30993.61|0|035|145|||||6.000|0.00||||||||||||||||||||30993.61
F02Q10001822|200502|30847.75|0|036|144|||||6.000|0.00||||||||||||||||||||30847.75
F02Q10001822|200503|30671.90|0|037|143|||||6.000|0.00||||||||||||||||||||30671.90
F02Q10001822|200504|30371.90|0|038|142|||||6.000|0.00||||||||||||||||||||30371.90
F02Q10001822|200505|30222.93|0|039|141|||||6.000|0.00||||||||||||||||||||30222.93
F02Q10001822|200506|30069.87|0|040|140|||||6.000|0.00||||||||||||||||||||30069.87
F02Q10001822|200507|30069.87|0|041|139|||||6.000|0.00||||||||||||||||||||30069.87
F02Q10001822|200508|29919.39|0|042|138|||||6.000|0.00||||||||||||||||||||29919.39
F02Q10001822|200509|29767.90|0|043|137|||||6.000|0.00||||||||||||||||||||29767.90
F02Q10001822|200510|29600.87|0|044|136|||||6.000|0.00||||||||||||||||||||29600.87
F02Q10001822|200511|29448.12|0|045|135|||||6.000|0.00||||||||||||||||||||29448.12
F02Q10001822|200512|29294.46|0|046|134|||||6.000|0.00||||||||||||||||||||29294.46
F02Q10001822|200601|29139.97|0|047|133|||||6.000|0.00||||||||||||||||||||29139.97
F02Q10001822|200602|0.00|0|048|132|||01|200602|6.000|0.00|||||||||||||||29139.97|||||0.00
F02Q10001904|200206|72000.00|0|003|177|||||6.000|0.00||||||||||||||||||||72000.00
F02Q10001904|200207|72000.00|0|004|176|||||6.000|0.00||||||||||||||||||||72000.00
F02Q10001904|200208|72000.00|0|005|175|||||6.000|0.00||||||||||||||||||||72000.00
F02Q10001904|200209|71000.00|0|006|174|||||6.000|0.00||||||||||||||||||||71000.00
F02Q10001904|200210|70792.96|0|007|173|||||6.000|0.00||||||||||||||||||||70792.96
F02Q10001904|200211|70325.72|0|008|172|||||6.000|0.00||||||||||||||||||||70325.72
F02Q10001904|200212|69856.18|0|009|171|||||6.000|0.00||||||||||||||||||||69856.18
F02Q10001904|200301|69384.23|0|010|170|||||6.000|0.00||||||||||||||||||||69384.23
F02Q10001904|200302|68909.72|0|011|169|||||6.000|0.00||||||||||||||||||||68909.72
F02Q10001904|200303|68432.84|0|012|168|||||6.000|0.00||||||||||||||||||||68432.84
F02Q10001904|200304|67953.73|0|013|167|||||6.000|0.00||||||||||||||||||||67953.73
F02Q10001904|200305|67472.17|0|014|166|||||6.000|0.00||||||||||||||||||||67472.17
F02Q10001904|200306|66988.30|0|015|165|||||6.000|0.00||||||||||||||||||||66988.30
F02Q10001904|200307|66502.01|0|016|164|||||6.000|0.00||||||||||||||||||||66502.01
F02Q10001904|200308|66013.19|0|017|163|||||6.000|0.00||||||||||||||||||||66013.19
F02Q10001904|200309|65521.83|0|018|162|||||6.000|0.00||||||||||||||||||||65521.83
F02Q10001904|200310|65028.34|0|019|161|||||6.000|0.00||||||||||||||||||||65028.34
F02Q10001904|200311|64532.15|0|020|160|||||6.000|0.00||||||||||||||||||||64532.15
F02Q10001904|200312|64033.48|0|021|159|||||6.000|0.00||||||||||||||||||||64033.48
F02Q10001904|200401|63532.38|0|022|158|||||6.000|0.00||||||||||||||||||||63532.38
F02Q10001904|200402|63028.61|0|023|157|||||6.000|0.00||||||||||||||||||||63028.61
F02Q10001904|200403|62522.48|0|024|156|||||6.000|0.00||||||||||||||||||||62522.48
F02Q10001904|200404|0.00|0|025|155|||01|200404|6.000|0.00|||||||||||||||62522.48|||||0.00
F02Q10002019|200207|99000.00|0|005|133|||||5.875|0.00||||||||||||||||||||99000.00
F02Q10002019|200208|99000.00|0|006|132|||||5.875|0.00||||||||||||||||||||99000.00
F02Q10002019|200209|98023.42|0|007|131|||||5.875|0.00||||||||||||||||||||98023.42
F02Q10002019|200210|97487.86|0|008|130|||||5.875|0.00||||||||||||||||||||97487.86
F02Q10002019|200211|96949.67|0|009|129|||||5.875|0.00||||||||||||||||||||96949.67
F02Q10002019|200212|96408.85|0|010|128|||||5.875|0.00||||||||||||||||||||96408.85
F02Q10002019|200301|95865.38|0|011|127|||||5.875|0.00||||||||||||||||||||95865.38
F02Q10002019|200302|95319.25|0|012|126|||||5.875|0.00||||||||||||||||||||95319.25
F02Q10002019|200303|94770.45|0|013|125|||||5.875|0.00||||||||||||||||||||94770.45
F02Q10002019|200304|94218.96|0|014|124|||||5.875|0.00||||||||||||||||||||94218.96
F02Q10002019|200305|93664.77|0|015|123|||||5.875|0.00||||||||||||||||||||93664.77
F02Q10002019|200306|93107.87|0|016|122|||||5.875|0.00||||||||||||||||||||93107.87
F02Q10002019|200307|0.00|0|017|121|||01|200307|5.875|0.00|||||||||||||||93107.87|||||0.00
F02Q10002104|200209|175000.00|0|000|353|||||6.500|0.00||||||||||||||||||||175000.00
F02Q10002104|200210|175000.00|0|001|352|||||6.500|0.00||||||||||||||||||||175000.00
F02Q10002104|200211|174000.00|0|002|351|||||6.500|0.00||||||||||||||||||||174000.00
F02Q10002104|200212|174000.00|0|003|350|||||6.500|0.00||||||||||||||||||||174000.00
F02Q10002104|200301|174000.00|0|004|349|||||6.500|0.00||||||||||||||||||||174000.00
F02Q10002104|200302|174000.00|0|005|348|||||6.500|0.00||||||||||||||||||||174000.00
F02Q10002104|200303|174000.00|0|006|347|||||6.500|0.00||||||||||||||||||||174000.00
F02Q10002104|200304|173504.13|0|007|346|||||6.500|0.00||||||||||||||||||||173504.13
F02Q10002104|200305|173316.21|0|008|345|||||6.500|0.00||||||||||||||||||||173316.21
F02Q10002104|200306|173127.35|0|009|344|||||6.500|0.00||||||||||||||||||||173127.35
F02Q10002104|200307|172937.55|0|010|343|||||6.500|0.00||||||||||||||||||||172937.55
F02Q10002104|200308|172690.90|0|011|342|||||6.500|0.00||||||||||||||||||||172690.90
F02Q10002104|200309|172498.95|0|012|341|||||6.500|0.00||||||||||||||||||||172498.95
F02Q10002104|200310|172306.00|0|013|340|||||6.500|0.00||||||||||||||||||||172306.00
F02Q10002104|200311|172112.09|0|014|339|||||6.500|0.00||||||||||||||||||||172112.09
F02Q10002104|200312|171917.21|0|015|338|||||6.500|0.00||||||||||||||||||||171917.21
F02Q10002104|200401|171721.36|0|016|337|||||6.500|0.00||||||||||||||||||||171721.36
F02Q10002104|200402|171524.53|0|017|336|||||6.500|0.00||||||||||||||||||||171524.53
F02Q10002104|200403|171326.71|0|018|335|||||6.500|0.00||||||||||||||||||||171326.71
F02Q10002104|200404|171326.71|0|019|334|||||6.500|0.00||||||||||||||||||||171326.71
F02Q10002104|200405|170928.10|0|020|333|||||6.500|0.00||||||||||||||||||||170928.10
F02Q10002104|200406|170727.30|0|021|332|||||6.500|0.00||||||||||||||||||||170727.30
F02Q10002104|200407|170525.50|0|022|331|||||6.500|0.00||||||||||||||||||||170525.50
F02Q10002104|200408|170525.50|0|023|330|||||6.500|0.00||||||||||||||||||||170525.50
F02Q10002104|200409|170322.69|0|024|329|||||6.500|0.00||||||||||||||||||||170322.69
F02Q10002104|200410|169914.01|0|025|328|||||6.500|0.00||||||||||||||||||||169914.01
F02Q10002104|200411|169708.14|0|026|327|||||6.500|0.00||||||||||||||||||||169708.14
F02Q10002104|200412|169501.24|0|027|326|||||6.500|0.00||||||||||||||||||||169501.24
F02Q10002104|200501|169293.31|0|028|325|||||6.500|0.00||||||||||||||||||||169293.31
F02Q10002104|200502|169010.96|0|029|324|||||6.500|0.00||||||||||||||||||||169010.96
F02Q10002104|200503|168800.58|0|030|323|||||6.500|0.00||||||||||||||||||||168800.58
F02Q10002104|200504|168589.14|0|031|322|||||6.500|0.00||||||||||||||||||||168589.14
F02Q10002104|200505|168376.65|0|032|321|||||6.500|0.00||||||||||||||||||||168376.65
F02Q10002104|200506|168376.65|0|033|320|||||6.500|0.00||||||||||||||||||||168376.65
F02Q10002104|200507|167948.47|0|034|319|||||6.500|0.00||||||||||||||||||||167948.47
F02Q10002104|200508|167948.47|0|035|318|||||6.500|0.00||||||||||||||||||||167948.47
F02Q10002104|200509|167732.77|0|036|317|||||6.500|0.00||||||||||||||||||||167732.77
F02Q10002104|200510|167298.13|0|037|316|||||6.500|0.00||||||||||||||||||||167298.13
F02Q10002104|200511|167298.13|0|038|315|||||6.500|0.00||||||||||||||||||||167298.13
F02Q10002104|200512|166859.14|0|039|314|||||6.500|0.00||||||||||||||||||||166859.14
F02Q10002104|200601|166638.00|0|040|313|||||6.500|0.00||||||||||||||||||||166638.00
F02Q10002104|200602|166415.75|0|041|312|||||6.500|0.00||||||||||||||||||||166415.75
F02Q10002104|200603|166415.75|0|042|311|||||6.500|0.00||||||||||||||||||||166415.75
F02Q10002104|200604|165967.91|0|043|310|||||6.500|0.00||||||||||||||||||||165967.91
F02Q10002104|200605|165742.31|0|044|309|||||6.500|0.00||||||||||||||||||||165742.31
F02Q10002104|200606|165515.58|0|045|308|||||6.500|0.00||||||||||||||||||||165515.58
F02Q10002104|200607|165287.72|0|046|307|||||6.500|0.00||||||||||||||||||||165287.72
F02Q10002104|200608|165287.72|0|047|306|||||6.500|0.00||||||||||||||||||||165287.72
F02Q10002104|200609|164847.00|0|048|305|||||6.500|0.00||||||||||||||||||||164847.00
F02Q10002104|200610|164584.13|0|049|304|||||6.500|0.00||||||||||||||||||||164584.13
F02Q10002104|200611|164634.13|0|050|303|||||6.500|0.00||||||||||||||||||||164634.13
F02Q10002104|200612|164204.93|0|051|302|||||6.500|0.00||||||||||||||||||||164204.93
F02Q10002104|200701|0.00|0|052|301|||01|200701|6.500|0.00|||||||||||||||164204.93|||||0.00
F02Q10002193|200209|145000.00|0|001|175|||||5.625|0.00||||||||||||||||||||145000.00
F02Q10002193|200210|144000.00|0|002|174|||||5.625|0.00||||||||||||||||||||144000.00
F02Q10002193|200211|144000.00|0|003|173|||||5.625|0.00||||||||||||||||||||144000.00
F02Q10002193|200212|143000.00|0|004|172|||||5.625|0.00||||||||||||||||||||143000.00
F02Q10002193|200301|143000.00|0|005|171|||||5.625|0.00||||||||||||||||||||143000.00
F02Q10002193|200302|0.00|0|006|170|||01|200302|5.625|0.00|||||||||||||||142604.61|||||0.00
F02Q10002236|200209|65000.00|0|000|354|||||6.625|0.00||||||||||||||||||||65000.00
F02Q10002236|200210|64000.00|0|001|353|||||6.625|0.00||||||||||||||||||||64000.00
F02Q10002236|200211|64000.00|0|002|352|||||6.625|0.00||||||||||||||||||||64000.00
F02Q10002236|200212|64000.00|0|003|351|||||6.625|0.00||||||||||||||||||||64000.00
F02Q10002236|200301|63000.00|0|004|350|||||6.625|0.00||||||||||||||||||||63000.00
F02Q10002236|200302|63000.00|0|005|349|||||6.625|0.00||||||||||||||||||||63000.00
F02Q10002236|200303|63000.00|0|006|348|||||6.625|0.00||||||||||||||||||||63000.00
F02Q10002236|200304|62176.19|0|007|347|||||6.625|0.00||||||||||||||||||||62176.19
F02Q10002236|200305|61802.71|0|008|346|||||6.625|0.00||||||||||||||||||||61802.71
F02Q10002236|200306|61427.17|0|009|345|||||6.625|0.00||||||||||||||||||||61427.17
F02Q10002236|200307|61049.56|0|010|344|||||6.625|0.00||||||||||||||||||||61049.56
F02Q10002236|200308|60669.86|0|011|343|||||6.625|0.00||||||||||||||||||||60669.86
F02Q10002236|200309|60288.07|0|012|342|||||6.625|0.00||||||||||||||||||||60288.07
F02Q10002236|200310|59904.17|0|013|341|||||6.625|0.00||||||||||||||||||||59904.17
F02Q10002236|200311|59518.15|0|014|340|||||6.625|0.00||||||||||||||||||||59518.15
F02Q10002236|200312|0.00|0|015|339|||01|200312|6.625|0.00|||||||||||||||59518.15|||||0.00
F02Q10002244|200209|120000.00|0|000|354|||||6.375|0.00||||||||||||||||||||120000.00
F02Q10002244|200210|120000.00|0|001|353|||||6.375|0.00||||||||||||||||||||120000.00
F02Q10002244|200211|120000.00|0|002|352|||||6.375|0.00||||||||||||||||||||120000.00
F02Q10002244|200212|119000.00|0|003|351|||||6.375|0.00||||||||||||||||||||119000.00
F02Q10002244|200301|119000.00|0|004|350|||||6.375|0.00||||||||||||||||||||119000.00
F02Q10002244|200302|119000.00|0|005|349|||||6.375|0.00||||||||||||||||||||119000.00
F02Q10002244|200303|119000.00|0|006|348|||||6.375|0.00||||||||||||||||||||119000.00
F02Q10002244|200304|0.00|0|007|347|||01|200304|6.375|0.00|||||||||||||||119049.88|||||0.00
F02Q10002511|200302|220000.00|0|001|350|||||6.125|0.00||||||||||||||||||||220000.00
F02Q10002511|200303|220000.00|0|002|349|||||6.125|0.00||||||||||||||||||||220000.00
F02Q10002511|200304|219000.00|0|003|348|||||6.125|0.00||||||||||||||||||||219000.00
F02Q10002511|200305|219000.00|0|004|347|||||6.125|0.00||||||||||||||||||||219000.00
F02Q10002511|200306|219000.00|0|005|346|||||6.125|0.00||||||||||||||||||||219000.00
F02Q10002511|200307|0.00|0|006|345|||01|200307|6.125|0.00|||||||||||||||218829.82|||||0.00
F02Q10002614|200302|160000.00|0|000|350|||||5.875|0.00||||||||||||||||||||160000.00
F02Q10002614|200303|160000.00|0|001|349|||||5.875|0.00||||||||||||||||||||160000.00
F02Q10002614|200304|160000.00|0|002|348|||||5.875|0.00||||||||||||||||||||160000.00
F02Q10002614|200305|159000.00|0|003|347|||||5.875|0.00||||||||||||||||||||159000.00
F02Q10002614|200306|0.00|0|004|346|||01|200306|5.875|0.00|||||||||||||||159478.16|||||0.00
F02Q10002615|200304|102000.00|0|000|353|||||5.615|0.00||||||||||||||||||||102000.00
F02Q10002615|200305|102000.00|0|001|352|||||5.615|0.00||||||||||||||||||||102000.00
F02Q10002615|200306|102000.00|0|002|351|||||5.615|0.00||||||||||||||||||||102000.00
F02Q10002615|200307|102000.00|0|003|350|||||5.615|0.00||||||||||||||||||||102000.00
F02Q10002615|200308|102000.00|0|004|349|||||5.615|0.00||||||||||||||||||||102000.00
F02Q10002615|200309|101000.00|0|005|348|||||5.615|0.00||||||||||||||||||||101000.00
F02Q10002615|200310|101000.00|0|006|347|||||5.615|0.00||||||||||||||||||||101000.00
F02Q10002615|200311|101193.98|0|007|346|||||5.615|0.00||||||||||||||||||||101193.98
F02Q10002615|200312|101076.45|0|008|345|||||5.615|0.00||||||||||||||||||||101076.45
F02Q10002615|200401|100958.37|0|009|344|||||5.615|0.00||||||||||||||||||||100958.37
F02Q10002615|200402|100839.74|0|010|343|||||5.615|0.00||||||||||||||||||||100839.74
F02Q10002615|200403|100720.56|0|011|342|||||5.615|0.00||||||||||||||||||||100720.56
F02Q10002615|200404|100600.82|0|012|341|||||5.615|0.00||||||||||||||||||||100600.82
F02Q10002615|200405|100480.52|0|013|340|||||5.615|0.00||||||||||||||||||||100480.52
F02Q10002615|200406|100359.66|0|014|339|||||5.615|0.00||||||||||||||||||||100359.66
F02Q10002615|200407|100359.66|0|015|338|||||5.615|0.00||||||||||||||||||||100359.66
F02Q10002615|200408|100116.23|0|016|337|||||5.615|0.00||||||||||||||||||||100116.23
F02Q10002615|200409|99993.66|0|017|336|||||5.615|0.00||||||||||||||||||||99993.66
F02Q10002615|200410|99870.52|0|018|335|||||5.615|0.00||||||||||||||||||||99870.52
F02Q10002615|200411|99746.80|0|019|334|||||5.615|0.00||||||||||||||||||||99746.80
F02Q10002615|200412|99622.50|0|020|333|||||5.615|0.00||||||||||||||||||||99622.50
F02Q10002615|200501|99497.62|0|021|332|||||5.615|0.00||||||||||||||||||||99497.62
F02Q10002615|200502|99497.62|0|022|331|||||5.615|0.00||||||||||||||||||||99497.62
F02Q10002615|200503|99246.11|0|023|330|||||5.615|0.00||||||||||||||||||||99246.11
F02Q10002615|200504|99246.11|0|024|329|||||5.615|0.00||||||||||||||||||||99246.11
F02Q10002615|200505|99119.47|0|025|328|||||5.615|0.00||||||||||||||||||||99119.47
F02Q10002615|200506|98864.41|0|026|327|||||5.615|0.00||||||||||||||||||||98864.41
F02Q10002615|200507|98864.41|0|027|326|||||5.615|0.00||||||||||||||||||||98864.41
F02Q10002615|200508|98706.43|0|028|325|||||5.615|0.00||||||||||||||||||||98706.43
F02Q10002615|200509|98577.26|0|029|324|||||5.615|0.00||||||||||||||||||||98577.26
F02Q10002615|200510|98447.49|0|030|323|||||5.615|0.00||||||||||||||||||||98447.49
F02Q10002615|200511|98267.41|0|031|322|||||5.615|0.00||||||||||||||||||||98267.41
F02Q10002615|200512|98136.19|0|032|321|||||5.615|0.00||||||||||||||||||||98136.19
F02Q10002615|200601|97984.08|0|033|320|||||5.615|0.00||||||||||||||||||||97984.08
F02Q10002615|200602|97718.36|0|034|319|||||5.615|0.00||||||||||||||||||||97718.36
F02Q10002615|200603|97584.57|0|035|318|||||5.615|0.00||||||||||||||||||||97584.57
F02Q10002615|200604|97584.57|0|036|317|||||5.615|0.00||||||||||||||||||||97584.57
F02Q10002615|200605|97315.11|0|037|316|||||5.615|0.00||||||||||||||||||||97315.11
F02Q10002615|200606|97315.11|0|038|315|||||5.615|0.00||||||||||||||||||||97315.11
F02Q10002615|200607|97179.43|0|039|314|||||5.615|0.00||||||||||||||||||||97179.43
F02Q10002615|200608|96906.17|0|040|313|||||5.615|0.00||||||||||||||||||||96906.17
F02Q10002615|200609|96906.17|0|041|312|||||5.615|0.00||||||||||||||||||||96906.17
F02Q10002615|200610|96768.58|0|042|311|||||5.615|0.00||||||||||||||||||||96768.58
F02Q10002615|200611|96491.47|0|043|310|||||5.615|0.00||||||||||||||||||||96491.47
F02Q10002615|200612|96351.94|0|044|309|||||5.615|0.00||||||||||||||||||||96351.94
F02Q10002615|200701|96351.94|0|045|308|||||5.615|0.00||||||||||||||||||||96351.94
F02Q10002615|200702|96211.76|0|046|307|||||5.615|0.00||||||||||||||||||||96211.76
F02Q10002615|200703|96070.92|0|047|306|||||5.615|0.00||||||||||||||||||||96070.92
F02Q10002615|200704|95929.42|0|048|305|||||5.615|0.00||||||||||||||||||||95929.42
F02Q10002615|200705|95787.26|0|049|304|||||5.615|0.00||||||||||||||||||||95787.26
F02Q10002615|200706|95644.43|0|050|303|||||5.615|0.00||||||||||||||||||||95644.43
F02Q10002615|200707|95500.94|0|051|302|||||5.615|0.00||||||||||||||||||||95500.94
F02Q10002615|200708|95211.93|0|052|301|||||5.615|0.00||||||||||||||||||||95211.93
F02Q10002615|200709|95211.93|0|053|300|||||5.615|0.00||||||||||||||||||||95211.93
F02Q10002615|200710|95066.41|0|054|299|||||5.615|0.00||||||||||||||||||||95066.41
F02Q10002615|200711|94920.21|0|055|298|||||5.615|0.00||||||||||||||||||||94920.21
F02Q10002615|200712|94773.33|0|056|297|||||5.615|0.00||||||||||||||||||||94773.33
F02Q10002615|200801|94625.76|0|057|296|||||5.615|0.00||||||||||||||||||||94625.76
F02Q10002615|200802|94477.50|0|058|295|||||5.615|0.00||||||||||||||||||||94477.50
F02Q10002615|200803|94328.55|0|059|294|||||5.615|0.00||||||||||||||||||||94328.55
F02Q10002615|200804|94178.90|0|060|293|||||5.615|0.00||||||||||||||||||||94178.90
F02Q10002615|200805|94028.55|0|061|292|||||5.615|0.00||||||||||||||||||||94028.55
F02Q10002615|200806|93877.50|0|062|291|||||5.615|0.00||||||||||||||||||||93877.50
F02Q10002615|200807|93573.27|0|063|290|||||5.615|0.00||||||||||||||||||||93573.27
F02Q10002615|200808|93420.08|0|064|289|||||5.615|0.00||||||||||||||||||||93420.08
F02Q10002615|200809|93266.18|0|065|288|||||5.615|0.00||||||||||||||||||||93266.18
F02Q10002615|200810|93111.56|0|066|287|||||5.615|0.00||||||||||||||||||||93111.56
F02Q10002615|200811|92956.21|0|067|286|||||5.615|0.00||||||||||||||||||||92956.21
F02Q10002615|200812|92956.21|0|068|285|||||5.615|0.00||||||||||||||||||||92956.21
F02Q10002615|200901|92800.14|0|069|284|||||5.615|0.00||||||||||||||||||||92800.14
F02Q10002615|200902|92643.34|0|070|283|||||5.615|0.00||||||||||||||||||||92643.34
F02Q10002615|200903|92485.80|0|071|282|||||5.615|0.00||||||||||||||||||||92485.80
F02Q10002615|200904|92327.53|0|072|281|||||5.615|0.00||||||||||||||||||||92327.53
F02Q10002615|200905|92008.76|0|073|280|||||5.615|0.00||||||||||||||||||||92008.76
F02Q10002615|200906|91848.25|0|074|279|||||5.615|0.00||||||||||||||||||||91848.25
F02Q10002615|200907|91686.99|0|075|278|||||5.615|0.00||||||||||||||||||||91686.99
F02Q10002615|200908|91524.98|0|076|277|||||5.615|0.00||||||||||||||||||||91524.98
F02Q10002615|200909|91524.98|0|077|276|||||5.615|0.00||||||||||||||||||||91524.98
F02Q10002615|200910|91362.21|0|078|275|||||5.615|0.00||||||||||||||||||||91362.21
F02Q10002615|200911|91198.68|0|079|274|||||5.615|0.00||||||||||||||||||||91198.68
F02Q10002615|200912|90869.32|0|080|273|||||5.615|0.00||||||||||||||||||||90869.32
F02Q10002615|201001|90869.32|0|081|272|||||5.615|0.00||||||||||||||||||||90869.32
F02Q10002615|201002|90536.87|0|082|271|||||5.615|0.00||||||||||||||||||||90536.87
F02Q10002615|201003|90369.48|0|083|270|||||5.615|0.00||||||||||||||||||||90369.48
F02Q10002615|201004|90201.30|0|084|269|||||5.615|0.00||||||||||||||||||||90201.30
F02Q10002615|201005|90032.34|0|085|268|||||5.615|0.00||||||||||||||||||||90032.34
F02Q10002615|201006|90032.34|0|086|267|||||5.615|0.00||||||||||||||||||||90032.34
F02Q10002615|201007|89862.59|0|087|266|||||5.615|0.00||||||||||||||||||||89862.59
F02Q10002615|201008|89520.69|0|088|265|||||5.615|0.00||||||||||||||||||||89520.69
F02Q10002615|201009|89348.54|0|089|264|||||5.615|0.00||||||||||||||||||||89348.54
F02Q10002615|201010|89175.59|0|090|263|||||5.615|0.00||||||||||||||||||||89175.59
F02Q10002615|201011|89001.83|0|091|262|||||5.615|0.00||||||||||||||||||||89001.83
F02Q10002615|201012|88827.25|0|092|261|||||5.615|0.00||||||||||||||||||||88827.25
F02Q10002615|201101|88827.25|0|093|260|||||5.615|0.00||||||||||||||||||||88827.25
F02Q10002615|201102|88651.86|0|094|259|||||5.615|0.00||||||||||||||||||||88651.86
F02Q10002615|201103|88298.61|0|095|258|||||5.615|0.00||||||||||||||||||||88298.61
F02Q10002615|201104|88120.74|0|096|257|||||5.615|0.00||||||||||||||||||||88120.74
F02Q10002615|201105|87942.04|0|097|256|||||5.615|0.00||||||||||||||||||||87942.04
F02Q10002615|201106|87942.04|0|098|255|||||5.615|0.00||||||||||||||||||||87942.04
F02Q10002615|201107|87582.14|0|099|254|||||5.615|0.00||||||||||||||||||||87582.14
F02Q10002615|201108|87400.92|0|100|253|||||5.615|0.00||||||||||||||||||||87400.92
F02Q10002615|201109|87218.85|0|101|252|||||5.615|0.00||||||||||||||||||||87218.85
F02Q10002615|201110|87218.85|0|102|251|||||5.615|0.00||||||||||||||||||||87218.85
F02Q10002615|201111|87035.93|0|103|250|||||5.615|0.00||||||||||||||||||||87035.93
F02Q10002615|201112|86852.16|0|104|249|||||5.615|0.00||||||||||||||||||||86852.16
F02Q10002615|201201|86667.53|0|105|248|||||5.615|0.00||||||||||||||||||||86667.53
F02Q10002615|201202|86295.66|0|106|247|||||5.615|0.00||||||||||||||||||||86295.66
F02Q10002615|201203|86108.42|0|107|246|||||5.615|0.00||||||||||||||||||||86108.42
F02Q10002615|201204|85920.31|0|108|245|||||5.615|0.00||||||||||||||||||||85920.31
F02Q10002615|201205|85731.32|0|109|244|||||5.615|0.00||||||||||||||||||||85731.32
F02Q10002615|201206|85541.44|0|110|243|||||5.615|0.00||||||||||||||||||||85541.44
F02Q10002615|201207|85350.67|0|111|242|||||5.615|0.00||||||||||||||||||||85350.67
F02Q10002615|201208|85159.01|0|112|241|||||5.615|0.00||||||||||||||||||||85159.01
F02Q10002615|201209|84966.45|0|113|240|||||5.615|0.00||||||||||||||||||||84966.45
F02Q10002615|201210|84772.99|0|114|239|||||5.615|0.00||||||||||||||||||||84772.99
F02Q10002615|201211|84578.63|0|115|238|||||5.615|0.00||||||||||||||||||||84578.63
F02Q10002615|201212|84383.36|0|116|237|||||5.615|0.00||||||||||||||||||||84383.36
F02Q10002615|201301|84187.17|0|117|236|||||5.615|0.00||||||||||||||||||||84187.17
F02Q10002615|201302|83990.07|0|118|235|||||5.615|0.00||||||||||||||||||||83990.07
F02Q10002615|201303|83792.04|0|119|234|||||5.615|0.00||||||||||||||||||||83792.04
F02Q10002615|201304|83593.09|0|120|233|||||5.615|0.00||||||||||||||||||||83593.09
F02Q10002615|201305|83393.21|0|121|232|||||5.615|0.00||||||||||||||||||||83393.21
F02Q10002615|201306|83192.39|0|122|231|||||5.615|0.00||||||||||||||||||||83192.39
F02Q10002615|201307|82990.63|0|123|230|||||5.615|0.00||||||||||||||||||||82990.63
F02Q10002615|201308|82787.93|0|124|229|||||5.615|0.00||||||||||||||||||||82787.93
F02Q10002615|201309|82584.28|0|125|228|||||5.615|0.00||||||||||||||||||||82584.28
F02Q10002615|201310|82379.68|0|126|227|||||5.615|0.00||||||||||||||||||||82379.68
F02Q10002615|201311|82174.12|0|127|226|||||5.615|0.00||||||||||||||||||||82174.12
F02Q10002615|201312|81967.60|0|128|225|||||5.615|0.00||||||||||||||||||||81967.60
F02Q10002615|201401|81967.60|0|129|224|||||5.615|0.00||||||||||||||||||||81967.60
F02Q10002615|201402|81551.65|0|130|223|||||5.615|0.00||||||||||||||||||||81551.65
F02Q10002615|201403|81342.21|0|131|222|||||5.615|0.00||||||||||||||||||||81342.21
F02Q10002615|201404|81131.79|0|132|221|||||5.615|0.00||||||||||||||||||||81131.79
F02Q10002615|201405|80920.39|0|133|220|||||5.615|0.00||||||||||||||||||||80920.39
F02Q10002615|201406|80708.00|0|134|219|||||5.615|0.00||||||||||||||||||||80708.00
F02Q10002615|201407|80494.62|0|135|218|||||5.615|0.00||||||||||||||||||||80494.62
F02Q10002615|201408|80280.24|0|136|217|||||5.615|0.00||||||||||||||||||||80280.24
F02Q10002615|201409|80064.85|0|137|216|||||5.615|0.00||||||||||||||||||||80064.85
F02Q10002615|201410|79848.46|0|138|215|||||5.615|0.00||||||||||||||||||||79848.46
F02Q10002615|201411|79631.05|0|139|214|||||5.615|0.00||||||||||||||||||||79631.05
F02Q10002615|201412|79412.63|0|140|213|||||5.615|0.00||||||||||||||||||||79412.63
F02Q10002615|201501|79193.18|0|141|212|||||5.615|0.00||||||||||||||||||||79193.18
F02Q10002615|201502|78972.71|0|142|211|||||5.615|0.00||||||||||||||||||||78972.71
F02Q10002615|201503|0.00|0|143|210|||01|201503|5.615|0.00|||||||||||||||78972.71|||||0.00
F02Q10002666|200304|120000.00|0|000|347|||||5.750|0.00||||||||||||||||||||120000.00
F02Q10002666|200305|119000.00|0|001|346|||||5.750|0.00||||||||||||||||||||119000.00
F02Q10002666|200306|119000.00|0|002|345|||||5.750|0.00||||||||||||||||||||119000.00
F02Q10002666|200307|119000.00|0|003|344|||||5.750|0.00||||||||||||||||||||119000.00
F02Q10002666|200308|119000.00|0|004|343|||||5.750|0.00||||||||||||||||||||119000.00
F02Q10002666|200309|119000.00|0|005|342|||||5.750|0.00||||||||||||||||||||119000.00
F02Q10002666|200310|119000.00|0|006|341|||||5.750|0.00||||||||||||||||||||119000.00
F02Q10002666|200311|118567.52|0|007|340|||||5.750|0.00||||||||||||||||||||118567.52
F02Q10002666|200312|118410.66|0|008|339|||||5.750|0.00||||||||||||||||||||118410.66
F02Q10002666|200401|118253.04|0|009|338|||||5.750|0.00||||||||||||||||||||118253.04
F02Q10002666|200402|118094.67|0|010|337|||||5.750|0.00||||||||||||||||||||118094.67
F02Q10002666|200403|117935.54|0|011|336|||||5.750|0.00||||||||||||||||||||117935.54
F02Q10002666|200404|117775.65|0|012|335|||||5.750|0.00||||||||||||||||||||117775.65
F02Q10002666|200405|117614.99|0|013|334|||||5.750|0.00||||||||||||||||||||117614.99
F02Q10002666|200406|117453.56|0|014|333|||||5.750|0.00||||||||||||||||||||117453.56
F02Q10002666|200407|117291.36|0|015|332|||||5.750|0.00||||||||||||||||||||117291.36
F02Q10002666|200408|117128.38|0|016|331|||||5.750|0.00||||||||||||||||||||117128.38
F02Q10002666|200409|116964.62|0|017|330|||||5.750|0.00||||||||||||||||||||116964.62
F02Q10002666|200410|116800.08|0|018|329|||||5.750|0.00||||||||||||||||||||116800.08
F02Q10002666|200411|116634.75|0|019|328|||||5.750|0.00||||||||||||||||||||116634.75
F02Q10002666|200412|116468.62|0|020|327|||||5.750|0.00||||||||||||||||||||116468.62
F02Q10002666|200501|116301.70|0|021|326|||||5.750|0.00||||||||||||||||||||116301.70
F02Q10002666|200502|116133.98|0|022|325|||||5.750|0.00||||||||||||||||||||116133.98
F02Q10002666|200503|115965.46|0|023|324|||||5.750|0.00||||||||||||||||||||115965.46
F02Q10002666|200504|115796.13|0|024|323|||||5.750|0.00||||||||||||||||||||115796.13
F02Q10002666|200505|115445.03|0|025|322|||||5.750|0.00||||||||||||||||||||115445.03
F02Q10002666|200506|115248.20|0|026|321|||||5.750|0.00||||||||||||||||||||115248.20
F02Q10002666|200507|115042.32|0|027|320|||||5.750|0.00||||||||||||||||||||115042.32
F02Q10002666|200508|114833.56|0|028|319|||||5.750|0.00||||||||||||||||||||114833.56
F02Q10002666|200509|114623.46|0|029|318|||||5.750|0.00||||||||||||||||||||114623.46
F02Q10002666|200510|114412.70|0|030|317|||||5.750|0.00||||||||||||||||||||114412.70
F02Q10002666|200511|114200.93|0|031|316|||||5.750|0.00||||||||||||||||||||114200.93
F02Q10002666|200512|113968.14|0|032|315|||||5.750|0.00||||||||||||||||||||113968.14
F02Q10002666|200601|113734.24|0|033|314|||||5.750|0.00||||||||||||||||||||113734.24
F02Q10002666|200602|113499.22|0|034|313|||||5.750|0.00||||||||||||||||||||113499.22
F02Q10002666|200603|113263.07|0|035|312|||||5.750|0.00||||||||||||||||||||113263.07
F02Q10002666|200604|112787.37|0|036|311|||||5.750|0.00||||||||||||||||||||112787.37
F02Q10002666|200605|112787.37|0|037|310|||||5.750|0.00||||||||||||||||||||112787.37
F02Q10002666|200606|112547.81|0|038|309|||||5.750|0.00||||||||||||||||||||112547.81
F02Q10002666|200607|112307.10|0|039|308|||||5.750|0.00||||||||||||||||||||112307.10
F02Q10002666|200608|112065.24|0|040|307|||||5.750|0.00||||||||||||||||||||112065.24
F02Q10002666|200609|111822.22|0|041|306|||||5.750|0.00||||||||||||||||||||111822.22
F02Q10002666|200610|111578.03|0|042|305|||||5.750|0.00||||||||||||||||||||111578.03
F02Q10002666|200611|111332.67|0|043|304|||||5.750|0.00||||||||||||||||||||111332.67
F02Q10002666|200612|111086.14|0|044|303|||||5.750|0.00||||||||||||||||||||111086.14
F02Q10002666|200701|110838.43|0|045|302|||||5.750|0.00||||||||||||||||||||110838.43
F02Q10002666|200702|110589.53|0|046|301|||||5.750|0.00||||||||||||||||||||110589.53
F02Q10002666|200703|110339.44|0|047|300|||||5.750|0.00||||||||||||||||||||110339.44
F02Q10002666|200704|110088.15|0|048|299|||||5.750|0.00||||||||||||||||||||110088.15
F02Q10002666|200705|109835.66|0|049|298|||||5.750|0.00||||||||||||||||||||109835.66
F02Q10002666|200706|109581.96|0|050|297|||||5.750|0.00||||||||||||||||||||109581.96
F02Q10002666|200707|109327.04|0|051|296|||||5.750|0.00||||||||||||||||||||109327.04
F02Q10002666|200708|109070.90|0|052|295|||||5.750|0.00||||||||||||||||||||109070.90
F02Q10002666|200709|108803.53|0|053|294|||||5.750|0.00||||||||||||||||||||108803.53
F02Q10002666|200710|108534.88|0|054|293|||||5.750|0.00||||||||||||||||||||108534.88
F02Q10002666|200711|108264.94|0|055|292|||||5.750|0.00||||||||||||||||||||108264.94
F02Q10002666|200712|107474.94|0|056|291|||||5.750|0.00||||||||||||||||||||107474.94
F02Q10002666|200801|107199.92|0|057|290|||||5.750|0.00||||||||||||||||||||107199.92
F02Q10002666|200802|106913.59|0|058|289|||||5.750|0.00||||||||||||||||||||106913.59
F02Q10002666|200803|106625.88|0|059|288|||||5.750|0.00||||||||||||||||||||106625.88
F02Q10002666|200804|106336.80|0|060|287|||||5.750|0.00||||||||||||||||||||106336.80
F02Q10002666|200805|106046.33|0|061|286|||||5.750|0.00||||||||||||||||||||106046.33
F02Q10002666|200806|105754.47|0|062|285|||||5.750|0.00||||||||||||||||||||105754.47
F02Q10002666|200807|105461.21|0|063|284|||||5.750|0.00||||||||||||||||||||105461.21
F02Q10002666|200808|105166.54|0|064|283|||||5.750|0.00||||||||||||||||||||105166.54
F02Q10002666|200809|104870.46|0|065|282|||||5.750|0.00||||||||||||||||||||104870.46
F02Q10002666|200810|104572.96|0|066|281|||||5.750|0.00||||||||||||||||||||104572.96
F02Q10002666|200811|104274.04|0|067|280|||||5.750|0.00||||||||||||||||||||104274.04
F02Q10002666|200812|103973.69|0|068|279|||||5.750|0.00||||||||||||||||||||103973.69
F02Q10002666|200901|103671.90|0|069|278|||||5.750|0.00||||||||||||||||||||103671.90
F02Q10002666|200902|103368.66|0|070|277|||||5.750|0.00||||||||||||||||||||103368.66
F02Q10002666|200903|103063.97|0|071|276|||||5.750|0.00||||||||||||||||||||103063.97
F02Q10002666|200904|102757.82|0|072|275|||||5.750|0.00||||||||||||||||||||102757.82
F02Q10002666|200905|102425.20|0|073|274|||||5.750|0.00||||||||||||||||||||102425.20
F02Q10002666|200906|102090.99|0|074|273|||||5.750|0.00||||||||||||||||||||102090.99
F02Q10002666|200907|101755.18|0|075|272|||||5.750|0.00||||||||||||||||||||101755.18
F02Q10002666|200908|101417.76|0|076|271|||||5.750|0.00||||||||||||||||||||101417.76
F02Q10002666|200909|101078.72|0|077|270|||||5.750|0.00||||||||||||||||||||101078.72
F02Q10002666|200910|100738.06|0|078|269|||||5.750|0.00||||||||||||||||||||100738.06
F02Q10002666|200911|100395.76|0|079|268|||||5.750|0.00||||||||||||||||||||100395.76
F02Q10002666|200912|100051.82|0|080|267|||||5.750|0.00||||||||||||||||||||100051.82
F02Q10002666|201001|99706.23|0|081|266|||||5.750|0.00||||||||||||||||||||99706.23
F02Q10002666|201002|99358.99|0|082|265|||||5.750|0.00||||||||||||||||||||99358.99
F02Q10002666|201003|99010.09|0|083|264|||||5.750|0.00||||||||||||||||||||99010.09
F02Q10002666|201004|98659.51|0|084|263|||||5.750|0.00||||||||||||||||||||98659.51
F02Q10002666|201005|98307.25|0|085|262|||||5.750|0.00||||||||||||||||||||98307.25
F02Q10002666|201006|97953.31|0|086|261|||||5.750|0.00||||||||||||||||||||97953.31
F02Q10002666|201007|97597.67|0|087|260|||||5.750|0.00||||||||||||||||||||97597.67
F02Q10002666|201008|97240.33|0|088|259|||||5.750|0.00||||||||||||||||||||97240.33
F02Q10002666|201009|96881.27|0|089|258|||||5.750|0.00||||||||||||||||||||96881.27
F02Q10002666|201010|96520.49|0|090|257|||||5.750|0.00||||||||||||||||||||96520.49
F02Q10002666|201011|96157.42|0|091|256|||||5.750|0.00||||||||||||||||||||96157.42
F02Q10002666|201012|95793.17|0|092|255|||||5.750|0.00||||||||||||||||||||95793.17
F02Q10002666|201101|95427.18|0|093|254|||||5.750|0.00||||||||||||||||||||95427.18
F02Q10002666|201102|95059.44|0|094|253|||||5.750|0.00||||||||||||||||||||95059.44
F02Q10002666|201103|94689.93|0|095|252|||||5.750|0.00||||||||||||||||||||94689.93
F02Q10002666|201104|94318.65|0|096|251|||||5.750|0.00||||||||||||||||||||94318.65
F02Q10002666|201105|93945.59|0|097|250|||||5.750|0.00||||||||||||||||||||93945.59
F02Q10002666|201106|93570.75|0|098|249|||||5.750|0.00||||||||||||||||||||93570.75
F02Q10002666|201107|93194.11|0|099|248|||||5.750|0.00||||||||||||||||||||93194.11
F02Q10002666|201108|92815.67|0|100|247|||||5.750|0.00||||||||||||||||||||92815.67
F02Q10002666|201109|92435.41|0|101|246|||||5.750|0.00||||||||||||||||||||92435.41
F02Q10002666|201110|92053.33|0|102|245|||||5.750|0.00||||||||||||||||||||92053.33
F02Q10002666|201111|91669.42|0|103|244|||||5.750|0.00||||||||||||||||||||91669.42
F02Q10002666|201112|91283.67|0|104|243|||||5.750|0.00||||||||||||||||||||91283.67
F02Q10002666|201201|90896.07|0|105|242|||||5.750|0.00||||||||||||||||||||90896.07
F02Q10002666|201202|90506.61|0|106|241|||||5.750|0.00||||||||||||||||||||90506.61
F02Q10002666|201203|90115.29|0|107|240|||||5.750|0.00||||||||||||||||||||90115.29
F02Q10002666|201204|89722.09|0|108|239|||||5.750|0.00||||||||||||||||||||89722.09
F02Q10002666|201205|89327.01|0|109|238|||||5.750|0.00||||||||||||||||||||89327.01
F02Q10002666|201206|88930.04|0|110|237|||||5.750|0.00||||||||||||||||||||88930.04
F02Q10002666|201207|88510.16|0|111|236|||||5.750|0.00||||||||||||||||||||88510.16
F02Q10002666|201208|88088.27|0|112|235|||||5.750|0.00||||||||||||||||||||88088.27
F02Q10002666|201209|87664.36|0|113|234|||||5.750|0.00||||||||||||||||||||87664.36
F02Q10002666|201210|87238.42|0|114|233|||||5.750|0.00||||||||||||||||||||87238.42
F02Q10002666|201211|86810.44|0|115|232|||||5.750|0.00||||||||||||||||||||86810.44
F02Q10002666|201212|86380.41|0|116|231|||||5.750|0.00||||||||||||||||||||86380.41
F02Q10002666|201301|85948.32|0|117|230|||||5.750|0.00||||||||||||||||||||85948.32
F02Q10002666|201302|85514.16|0|118|229|||||5.750|0.00||||||||||||||||||||85514.16
F02Q10002666|201303|85077.92|0|119|228|||||5.750|0.00||||||||||||||||||||85077.92
F02Q10002666|201304|84639.59|0|120|227|||||5.750|0.00||||||||||||||||||||84639.59
F02Q10002666|201305|84220.15|0|121|226|||||5.750|0.00||||||||||||||||||||84220.15
F02Q10002666|201306|83777.70|0|122|225|||||5.750|0.00||||||||||||||||||||83777.70
F02Q10002666|201307|83333.13|0|123|224|||||5.750|0.00||||||||||||||||||||83333.13
F02Q10002666|201308|82886.43|0|124|223|||||5.750|0.00||||||||||||||||||||82886.43
F02Q10002666|201309|82437.59|0|125|222|||||5.750|0.00||||||||||||||||||||82437.59
F02Q10002666|201310|81986.60|0|126|221|||||5.750|0.00||||||||||||||||||||81986.60
F02Q10002666|201311|81534.45|0|127|220|||||5.750|0.00||||||||||||||||||||81534.45
F02Q10002666|201312|81079.14|0|128|219|||||5.750|0.00||||||||||||||||||||81079.14
F02Q10002666|201401|80621.64|0|129|218|||||5.750|0.00||||||||||||||||||||80621.64
F02Q10002666|201402|80161.95|0|130|217|||||5.750|0.00||||||||||||||||||||80161.95
F02Q10002666|201403|79700.06|0|131|216|||||5.750|0.00||||||||||||||||||||79700.06
F02Q10002666|201404|79235.96|0|132|215|||||5.750|0.00||||||||||||||||||||79235.96
F02Q10002666|201405|78769.63|0|133|214|||||5.750|0.00||||||||||||||||||||78769.63
F02Q10002666|201406|78301.07|0|134|213|||||5.750|0.00||||||||||||||||||||78301.07
F02Q10002666|201407|77810.26|0|135|212|||||5.750|0.00||||||||||||||||||||77810.26
F02Q10002666|201408|77323.10|0|136|211|||||5.750|0.00||||||||||||||||||||77323.10
F02Q10002666|201409|76833.61|0|137|210|||||5.750|0.00||||||||||||||||||||76833.61
F02Q10002666|201410|76341.77|0|138|209|||||5.750|0.00||||||||||||||||||||76341.77
F02Q10002666|201411|75847.57|0|139|208|||||5.750|0.00||||||||||||||||||||75847.57
F02Q10002666|201412|75351.01|0|140|207|||||5.750|0.00||||||||||||||||||||75351.01
F02Q10002666|201501|74852.07|0|141|206|||||5.750|0.00||||||||||||||||||||74852.07
F02Q10002666|201502|74350.74|0|142|205|||||5.750|0.00||||||||||||||||||||74350.74
F02Q10002666|201503|73847.00|0|143|204|||||5.750|0.00||||||||||||||||||||73847.00
F02Q10002666|201504|0.00|0|144|203|||01|201504|5.750|0.00|||||||||||||||73847.00|||||0.00
F02Q10002754|200202|80000.00|0|000|180|||||5.990|0.00||||||||||||||||||||80000.00
F02Q10002754|200203|79000.00|0|001|179|||||5.990|0.00||||||||||||||||||||79000.00
F02Q10002754|200204|78000.00|0|002|178|||||5.990|0.00||||||||||||||||||||78000.00
F02Q10002754|200205|78000.00|0|003|177|||||5.990|0.00||||||||||||||||||||78000.00
F02Q10002754|200206|77000.00|0|004|176|||||5.990|0.00||||||||||||||||||||77000.00
F02Q10002754|200207|77000.00|0|005|175|||||5.990|0.00||||||||||||||||||||77000.00
F02Q10002754|200208|76000.00|0|006|174|||||5.990|0.00||||||||||||||||||||76000.00
F02Q10002754|200209|75720.58|0|007|173|||||5.990|0.00||||||||||||||||||||75720.58
F02Q10002754|200210|75223.89|0|008|172|||||5.990|0.00||||||||||||||||||||75223.89
F02Q10002754|200211|74724.72|0|009|171|||||5.990|0.00||||||||||||||||||||74724.72
F02Q10002754|200212|74223.06|0|010|170|||||5.990|0.00||||||||||||||||||||74223.06
F02Q10002754|200301|73718.90|0|011|169|||||5.990|0.00||||||||||||||||||||73718.90
F02Q10002754|200302|73212.22|0|012|168|||||5.990|0.00||||||||||||||||||||73212.22
F02Q10002754|200303|72703.01|0|013|167|||||5.990|0.00||||||||||||||||||||72703.01
F02Q10002754|200304|72191.26|0|014|166|||||5.990|0.00||||||||||||||||||||72191.26
F02Q10002754|200305|71676.95|0|015|165|||||5.990|0.00||||||||||||||||||||71676.95
F02Q10002754|200306|71160.08|0|016|164|||||5.990|0.00||||||||||||||||||||71160.08
F02Q10002754|200307|70640.63|0|017|163|||||5.990|0.00||||||||||||||||||||70640.63
F02Q10002754|200308|70118.58|0|018|162|||||5.990|0.00||||||||||||||||||||70118.58
F02Q10002754|200309|69593.93|0|019|161|||||5.990|0.00||||||||||||||||||||69593.93
F02Q10002754|200310|69066.66|0|020|160|||||5.990|0.00||||||||||||||||||||69066.66
F02Q10002754|200311|68536.76|0|021|159|||||5.990|0.00||||||||||||||||||||68536.76
F02Q10002754|200312|68004.21|0|022|158|||||5.990|0.00||||||||||||||||||||68004.21
F02Q10002754|200401|67469.00|0|023|157|||||5.990|0.00||||||||||||||||||||67469.00
F02Q10002754|200402|66931.12|0|024|156|||||5.990|0.00||||||||||||||||||||66931.12
F02Q10002754|200403|66390.56|0|025|155|||||5.990|0.00||||||||||||||||||||66390.56
F02Q10002754|200404|65847.30|0|026|154|||||5.990|0.00||||||||||||||||||||65847.30
F02Q10002754|200405|65301.33|0|027|153|||||5.990|0.00||||||||||||||||||||65301.33
F02Q10002754|200406|64752.63|0|028|152|||||5.990|0.00||||||||||||||||||||64752.63
F02Q10002754|200407|64201.19|0|029|151|||||5.990|0.00||||||||||||||||||||64201.19
F02Q10002754|200408|63647.00|0|030|150|||||5.990|0.00||||||||||||||||||||63647.00
F02Q10002754|200409|63090.04|0|031|149|||||5.990|0.00||||||||||||||||||||63090.04
F02Q10002754|200410|62530.30|0|032|148|||||5.990|0.00||||||||||||||||||||62530.30
F02Q10002754|200411|61967.77|0|033|147|||||5.990|0.00||||||||||||||||||||61967.77
F02Q10002754|200412|61402.43|0|034|146|||||5.990|0.00||||||||||||||||||||61402.43
F02Q10002754|200501|60834.27|0|035|145|||||5.990|0.00||||||||||||||||||||60834.27
F02Q10002754|200502|60263.27|0|036|144|||||5.990|0.00||||||||||||||||||||60263.27
F02Q10002754|200503|59689.42|0|037|143|||||5.990|0.00||||||||||||||||||||59689.42
F02Q10002754|200504|59112.71|0|038|142|||||5.990|0.00||||||||||||||||||||59112.71
F02Q10002754|200505|58533.12|0|039|141|||||5.990|0.00||||||||||||||||||||58533.12
F02Q10002754|200506|57950.64|0|040|140|||||5.990|0.00||||||||||||||||||||57950.64
F02Q10002754|200507|57365.25|0|041|139|||||5.990|0.00||||||||||||||||||||57365.25
F02Q10002754|200508|56776.94|0|042|138|||||5.990|0.00||||||||||||||||||||56776.94
F02Q10002754|200509|56185.69|0|043|137|||||5.990|0.00||||||||||||||||||||56185.69
F02Q10002754|200510|55591.49|0|044|136|||||5.990|0.00||||||||||||||||||||55591.49
F02Q10002754|200511|54994.32|0|045|135|||||5.990|0.00||||||||||||||||||||54994.32
F02Q10002754|200512|54394.17|0|046|134|||||5.990|0.00||||||||||||||||||||54394.17
F02Q10002754|200601|53791.03|0|047|133|||||5.990|0.00||||||||||||||||||||53791.03
F02Q10002754|200602|0.00|0|048|132|||01|200602|5.990|0.00|||||||||||||||53791.03|||||0.00
F02Q10002786|200202|80000.00|0|000|240|||||7.000|0.00||||||||||||||||||||80000.00
F02Q10002786|200203|80000.00|0|001|239|||||7.000|0.00||||||||||||||||||||80000.00
F02Q10002786|200204|80000.00|0|002|238|||||7.000|0.00||||||||||||||||||||80000.00
F02Q10002786|200205|79000.00|0|003|237|||||7.000|0.00||||||||||||||||||||79000.00
F02Q10002786|200206|79000.00|0|004|236|||||7.000|0.00||||||||||||||||||||79000.00
F02Q10002786|200207|79000.00|0|005|235|||||7.000|0.00||||||||||||||||||||79000.00
F02Q10002786|200208|79000.00|0|006|234|||||7.000|0.00||||||||||||||||||||79000.00
F02Q10002786|200209|78700.46|0|007|233|||||7.000|0.00||||||||||||||||||||78700.46
F02Q10002786|200210|78510.31|0|008|232|||||7.000|0.00||||||||||||||||||||78510.31
F02Q10002786|200211|78319.05|0|009|231|||||7.000|0.00||||||||||||||||||||78319.05
F02Q10002786|200212|78126.67|0|010|230|||||7.000|0.00||||||||||||||||||||78126.67
F02Q10002786|200301|77933.17|0|011|229|||||7.000|0.00||||||||||||||||||||77933.17
F02Q10002786|200302|77738.54|0|012|228|||||7.000|0.00||||||||||||||||||||77738.54
F02Q10002786|200303|77542.77|0|013|227|||||7.000|0.00||||||||||||||||||||77542.77
F02Q10002786|200304|77374.86|0|014|226|||||7.000|0.00||||||||||||||||||||77374.86
F02Q10002786|200305|77205.97|0|015|225|||||7.000|0.00||||||||||||||||||||77205.97
F02Q10002786|200306|77036.10|0|016|224|||||7.000|0.00||||||||||||||||||||77036.10
F02Q10002786|200307|76865.24|0|017|223|||||7.000|0.00||||||||||||||||||||76865.24
F02Q10002786|200308|76693.38|0|018|222|||||7.000|0.00||||||||||||||||||||76693.38
F02Q10002786|200309|0.00|0|019|221|||01|200309|7.000|0.00|||||||||||||||76693.38|||||0.00
F02Q10002800|200202|58000.00|0|000|180|||||6.625|0.00||||||||||||||||||||58000.00
F02Q10002800|200203|58000.00|0|001|179|||||6.625|0.00||||||||||||||||||||58000.00
F02Q10002800|200204|58000.00|0|002|178|||||6.625|0.00||||||||||||||||||||58000.00
F02Q10002800|200205|58000.00|0|003|177|||||6.625|0.00||||||||||||||||||||58000.00
F02Q10002800|200206|57000.00|0|004|176|||||6.625|0.00||||||||||||||||||||57000.00
F02Q10002800|200207|57000.00|0|005|175|||||6.625|0.00||||||||||||||||||||57000.00
F02Q10002800|200208|57000.00|0|006|174|||||6.625|0.00||||||||||||||||||||57000.00
F02Q10002800|200209|56752.40|0|007|173|||||6.625|0.00||||||||||||||||||||56752.40
F02Q10002800|200210|56752.40|0|008|172|||||6.625|0.00||||||||||||||||||||56752.40
F02Q10002800|200211|56555.61|0|009|171|||||6.625|0.00||||||||||||||||||||56555.61
F02Q10002800|200212|56357.73|0|010|170|||||6.625|0.00||||||||||||||||||||56357.73
F02Q10002800|200301|56158.76|0|011|169|||||6.625|0.00||||||||||||||||||||56158.76
F02Q10002800|200302|55958.69|0|012|168|||||6.625|0.00||||||||||||||||||||55958.69
F02Q10002800|200303|55555.24|0|013|167|||||6.625|0.00||||||||||||||||||||55555.24
F02Q10002800|200304|55351.84|0|014|166|||||6.625|0.00||||||||||||||||||||55351.84
F02Q10002800|200305|55147.32|0|015|165|||||6.625|0.00||||||||||||||||||||55147.32
F02Q10002800|200306|55147.32|0|016|164|||||6.625|0.00||||||||||||||||||||55147.32
F02Q10002800|200307|54734.88|0|017|163|||||6.625|0.00||||||||||||||||||||54734.88
F02Q10002800|200308|54526.95|0|018|162|||||6.625|0.00||||||||||||||||||||54526.95
F02Q10002800|200309|54317.87|0|019|161|||||6.625|0.00||||||||||||||||||||54317.87
F02Q10002800|200310|54317.87|0|020|160|||||6.625|0.00||||||||||||||||||||54317.87
F02Q10002800|200311|54107.64|0|021|159|||||6.625|0.00||||||||||||||||||||54107.64
F02Q10002800|200312|53683.69|0|022|158|||||6.625|0.00||||||||||||||||||||53683.69
F02Q10002800|200401|53469.96|0|023|157|||||6.625|0.00||||||||||||||||||||53469.96
F02Q10002800|200402|53255.05|0|024|156|||||6.625|0.00||||||||||||||||||||53255.05
F02Q10002800|200403|53038.95|0|025|155|||||6.625|0.00||||||||||||||||||||53038.95
F02Q10002800|200404|52821.66|0|026|154|||||6.625|0.00||||||||||||||||||||52821.66
F02Q10002800|200405|52603.17|0|027|153|||||6.625|0.00||||||||||||||||||||52603.17
F02Q10002800|200406|52383.47|0|028|152|||||6.625|0.00||||||||||||||||||||52383.47
F02Q10002800|200407|52162.56|0|029|151|||||6.625|0.00||||||||||||||||||||52162.56
F02Q10002800|200408|51940.43|0|030|150|||||6.625|0.00||||||||||||||||||||51940.43
F02Q10002800|200409|51717.07|0|031|149|||||6.625|0.00||||||||||||||||||||51717.07
F02Q10002800|200410|51492.48|0|032|148|||||6.625|0.00||||||||||||||||||||51492.48
F02Q10002800|200411|51492.48|0|033|147|||||6.625|0.00||||||||||||||||||||51492.48
F02Q10002800|200412|51039.57|0|034|146|||||6.625|0.00||||||||||||||||||||51039.57
F02Q10002800|200501|50811.24|0|035|145|||||6.625|0.00||||||||||||||||||||50811.24
F02Q10002800|200502|50811.24|0|036|144|||||6.625|0.00||||||||||||||||||||50811.24
F02Q10002800|200503|50350.79|0|037|143|||||6.625|0.00||||||||||||||||||||50350.79
F02Q10002800|200504|50350.79|0|038|142|||||6.625|0.00||||||||||||||||||||50350.79
F02Q10002800|200505|50118.66|0|039|141|||||6.625|0.00||||||||||||||||||||50118.66
F02Q10002800|200506|49650.55|0|040|140|||||6.625|0.00||||||||||||||||||||49650.55
F02Q10002800|200507|49414.55|0|041|139|||||6.625|0.00||||||||||||||||||||49414.55
F02Q10002800|200508|49177.25|0|042|138|||||6.625|0.00||||||||||||||||||||49177.25
F02Q10002800|200509|48938.64|0|043|137|||||6.625|0.00||||||||||||||||||||48938.64
F02Q10002800|200510|48938.64|0|044|136|||||6.625|0.00||||||||||||||||||||48938.64
F02Q10002800|200511|48457.46|0|045|135|||||6.625|0.00||||||||||||||||||||48457.46
F02Q10002800|200512|48457.46|0|046|134|||||6.625|0.00||||||||||||||||||||48457.46
F02Q10002800|200601|47970.96|0|047|133|||||6.625|0.00||||||||||||||||||||47970.96
F02Q10002800|200602|47970.96|0|048|132|||||6.625|0.00||||||||||||||||||||47970.96
F02Q10002800|200603|47479.07|0|049|131|||||6.625|0.00||||||||||||||||||||47479.07
F02Q10002800|200604|47231.08|0|050|130|||||6.625|0.00||||||||||||||||||||47231.08
F02Q10002800|200605|46981.72|0|051|129|||||6.625|0.00||||||||||||||||||||46981.72
F02Q10002800|200606|46730.99|0|052|128|||||6.625|0.00||||||||||||||||||||46730.99
F02Q10002800|200607|46478.87|0|053|127|||||6.625|0.00||||||||||||||||||||46478.87
F02Q10002800|200608|46225.36|0|054|126|||||6.625|0.00||||||||||||||||||||46225.36
F02Q10002800|200609|45970.45|0|055|125|||||6.625|0.00||||||||||||||||||||45970.45
F02Q10002800|200610|45714.14|0|056|124|||||6.625|0.00||||||||||||||||||||45714.14
F02Q10002800|200611|45456.41|0|057|123|||||6.625|0.00||||||||||||||||||||45456.41
F02Q10002800|200612|45456.41|0|058|122|||||6.625|0.00||||||||||||||||||||45456.41
F02Q10002800|200701|45197.26|0|059|121|||||6.625|0.00||||||||||||||||||||45197.26
F02Q10002800|200702|44674.66|0|060|120|||||6.625|0.00||||||||||||||||||||44674.66
F02Q10002800|200703|44674.66|0|061|119|||||6.625|0.00||||||||||||||||||||44674.66
F02Q10002800|200704|44146.27|0|062|118|||||6.625|0.00||||||||||||||||||||44146.27
F02Q10002800|200705|43879.88|0|063|117|||||6.625|0.00||||||||||||||||||||43879.88
F02Q10002800|200706|43612.02|0|064|116|||||6.625|0.00||||||||||||||||||||43612.02
F02Q10002800|200707|43342.68|0|065|115|||||6.625|0.00||||||||||||||||||||43342.68
F02Q10002800|200708|43071.86|0|066|114|||||6.625|0.00||||||||||||||||||||43071.86
F02Q10002800|200709|42799.54|0|067|113|||||6.625|0.00||||||||||||||||||||42799.54
F02Q10002800|200710|42525.72|0|068|112|||||6.625|0.00||||||||||||||||||||42525.72
F02Q10002800|200711|42250.39|0|069|111|||||6.625|0.00||||||||||||||||||||42250.39
F02Q10002800|200712|41973.54|0|070|110|||||6.625|0.00||||||||||||||||||||41973.54
F02Q10002800|200801|41695.16|0|071|109|||||6.625|0.00||||||||||||||||||||41695.16
F02Q10002800|200802|41415.24|0|072|108|||||6.625|0.00||||||||||||||||||||41415.24
F02Q10002800|200803|41133.78|0|073|107|||||6.625|0.00||||||||||||||||||||41133.78
F02Q10002800|200804|40850.76|0|074|106|||||6.625|0.00||||||||||||||||||||40850.76
F02Q10002800|200805|40566.18|0|075|105|||||6.625|0.00||||||||||||||||||||40566.18
F02Q10002800|200806|40280.03|0|076|104|||||6.625|0.00||||||||||||||||||||40280.03
F02Q10002800|200807|39992.30|0|077|103|||||6.625|0.00||||||||||||||||||||39992.30
F02Q10002800|200808|39702.98|0|078|102|||||6.625|0.00||||||||||||||||||||39702.98
F02Q10002800|200809|39702.98|0|079|101|||||6.625|0.00||||||||||||||||||||39702.98
F02Q10002800|200810|39119.54|0|080|100|||||6.625|0.00||||||||||||||||||||39119.54
F02Q10002800|200811|38825.40|0|081|099|||||6.625|0.00||||||||||||||||||||38825.40
F02Q10002800|200812|38825.40|0|082|098|||||6.625|0.00||||||||||||||||||||38825.40
F02Q10002800|200901|38232.25|0|083|097|||||6.625|0.00||||||||||||||||||||38232.25
F02Q10002800|200902|37933.21|0|084|096|||||6.625|0.00||||||||||||||||||||37933.21
F02Q10002800|200903|37632.52|0|085|095|||||6.625|0.00||||||||||||||||||||37632.52
F02Q10002800|200904|37330.17|0|086|094|||||6.625|0.00||||||||||||||||||||37330.17
F02Q10002800|200905|37026.15|0|087|093|||||6.625|0.00||||||||||||||||||||37026.15
F02Q10002800|200906|37026.15|0|088|092|||||6.625|0.00||||||||||||||||||||37026.15
F02Q10002800|200907|0.00|0|089|091|||01|200907|6.625|0.00|||||||||||||||37026.15|||||0.00
F02Q10002863|200202|78000.00|0|000|360|||||7.125|0.00||||||||||||||||||||78000.00
F02Q10002863|200203|78000.00|0|001|359|||||7.125|0.00||||||||||||||||||||78000.00
F02Q10002863|200204|78000.00|0|002|358|||||7.125|0.00||||||||||||||||||||78000.00
F02Q10002863|200205|78000.00|0|003|357|||||7.125|0.00||||||||||||||||||||78000.00
F02Q10002863|200206|78000.00|0|004|356|||||7.125|0.00||||||||||||||||||||78000.00
F02Q10002863|200207|78000.00|0|005|355|||||7.125|0.00||||||||||||||||||||78000.00
F02Q10002863|200208|78000.00|0|006|354|||||7.125|0.00||||||||||||||||||||78000.00
F02Q10002863|200209|77620.15|0|007|353|||||7.125|0.00||||||||||||||||||||77620.15
F02Q10002863|200210|77490.51|0|008|352|||||7.125|0.00||||||||||||||||||||77490.51
F02Q10002863|200211|77490.51|0|009|351|||||7.125|0.00||||||||||||||||||||77490.51
F02Q10002863|200212|77425.11|0|010|350|||||7.125|0.00||||||||||||||||||||77425.11
F02Q10002863|200301|77359.32|0|011|349|||||7.125|0.00||||||||||||||||||||77359.32
F02Q10002863|200302|77293.14|0|012|348|||||7.125|0.00||||||||||||||||||||77293.14
F02Q10002863|200303|77159.24|0|013|347|||||7.125|0.00||||||||||||||||||||77159.24
F02Q10002863|200304|77091.87|0|014|346|||||7.125|0.00||||||||||||||||||||77091.87
F02Q10002863|200305|77091.87|0|015|345|||||7.125|0.00||||||||||||||||||||77091.87
F02Q10002863|200306|77024.10|0|016|344|||||7.125|0.00||||||||||||||||||||77024.10
F02Q10002863|200307|76955.93|0|017|343|||||7.125|0.00||||||||||||||||||||76955.93
F02Q10002863|200308|76887.36|0|018|342|||||7.125|0.00||||||||||||||||||||76887.36
F02Q10002863|200309|76748.99|0|019|341|||||7.125|0.00||||||||||||||||||||76748.99
F02Q10002863|200310|76679.19|0|020|340|||||7.125|0.00||||||||||||||||||||76679.19
F02Q10002863|200311|76679.19|0|021|339|||||7.125|0.00||||||||||||||||||||76679.19
F02Q10002863|200312|76608.97|1|022|338|||||7.125|0.00||||||||||||||||||||76608.97
F02Q10002863|200401|76538.34|0|023|337|||||7.125|0.00||||||||||||||||||||76538.34
F02Q10002863|200402|76395.81|0|024|336|||||7.125|0.00||||||||||||||||||||76395.81
F02Q10002863|200403|76395.81|0|025|335|||||7.125|0.00||||||||||||||||||||76395.81
F02Q10002863|200404|76323.91|0|026|334|||||7.125|0.00||||||||||||||||||||76323.91
F02Q10002863|200405|76178.82|0|027|333|||||7.125|0.00||||||||||||||||||||76178.82
F02Q10002863|200406|76105.63|0|028|332|||||7.125|0.00||||||||||||||||||||76105.63
F02Q10002863|200407|76105.63|0|029|331|||||7.125|0.00||||||||||||||||||||76105.63
F02Q10002863|200408|76032.01|0|030|330|||||7.125|0.00||||||||||||||||||||76032.01
F02Q10002863|200409|75883.45|0|031|329|||||7.125|0.00||||||||||||||||||||75883.45
F02Q10002863|200410|75808.51|0|032|328|||||7.125|0.00||||||||||||||||||||75808.51
F02Q10002863|200411|75733.12|0|033|327|||||7.125|0.00||||||||||||||||||||75733.12
F02Q10002863|200412|75733.12|0|034|326|||||7.125|0.00||||||||||||||||||||75733.12
F02Q10002863|200501|75657.29|0|035|325|||||7.125|0.00||||||||||||||||||||75657.29
F02Q10002863|200502|75457.80|0|036|324|||||7.125|0.00||||||||||||||||||||75457.80
F02Q10002863|200503|75457.80|0|037|323|||||7.125|0.00||||||||||||||||||||75457.80
F02Q10002863|200504|75380.33|0|038|322|||||7.125|0.00||||||||||||||||||||75380.33
F02Q10002863|200505|75302.40|0|039|321|||||7.125|0.00||||||||||||||||||||75302.40
F02Q10002863|200506|75224.01|0|040|320|||||7.125|0.00||||||||||||||||||||75224.01
F02Q10002863|200507|75145.15|0|041|319|||||7.125|0.00||||||||||||||||||||75145.15
F02Q10002863|200508|75065.82|0|042|318|||||7.125|0.00||||||||||||||||||||75065.82
F02Q10002863|200509|74905.75|0|043|317|||||7.125|0.00||||||||||||||||||||74905.75
F02Q10002863|200510|74905.75|0|044|316|||||7.125|0.00||||||||||||||||||||74905.75
F02Q10002863|200511|74825.00|1|045|315|||||7.125|0.00||||||||||||||||||||74825.00
F02Q10002863|200512|74743.77|0|046|314|||||7.125|0.00||||||||||||||||||||74743.77
F02Q10002863|200601|74662.06|0|047|313|||||7.125|0.00||||||||||||||||||||74662.06
F02Q10002863|200602|74579.87|0|048|312|||||7.125|0.00||||||||||||||||||||74579.87
F02Q10002863|200603|74497.19|0|049|311|||||7.125|0.00||||||||||||||||||||74497.19
F02Q10002863|200604|74414.02|0|050|310|||||7.125|0.00||||||||||||||||||||74414.02
F02Q10002863|200605|74330.35|1|051|309|||||7.125|0.00||||||||||||||||||||74330.35
F02Q10002863|200606|74246.19|0|052|308|||||7.125|0.00||||||||||||||||||||74246.19
F02Q10002863|200607|74161.53|0|053|307|||||7.125|0.00||||||||||||||||||||74161.53
F02Q10002863|200608|74076.36|0|054|306|||||7.125|0.00||||||||||||||||||||74076.36
F02Q10002863|200609|73988.91|0|055|305|||||7.125|0.00||||||||||||||||||||73988.91
F02Q10002863|200610|73902.72|1|056|304|||||7.125|0.00||||||||||||||||||||73902.72
F02Q10002863|200611|73814.24|0|057|303|||||7.125|0.00||||||||||||||||||||73814.24
F02Q10002863|200612|73727.01|1|058|302|||||7.125|0.00||||||||||||||||||||73727.01
F02Q10002863|200701|73727.01|1|059|301|||||7.125|0.00||||||||||||||||||||73727.01
F02Q10002863|200702|73639.26|1|060|300|||||7.125|0.00||||||||||||||||||||73639.26
F02Q10002863|200703|73550.99|1|061|299|||||7.125|0.00||||||||||||||||||||73550.99
F02Q10002863|200704|73462.20|2|062|298|||||7.125|0.00||||||||||||||||||||73462.20
F02Q10002863|200705|73462.20|2|063|297|||||7.125|0.00||||||||||||||||||||73462.20
F02Q10002863|200706|73192.65|0|064|296|||||7.125|0.00||||||||||||||||||||73192.65
F02Q10002863|200707|73101.73|0|065|295|||||7.125|0.00||||||||||||||||||||73101.73
F02Q10002863|200708|73010.27|0|066|294|||||7.125|0.00||||||||||||||||||||73010.27
F02Q10002863|200709|72918.27|1|067|293|||||7.125|0.00||||||||||||||||||||72918.27
F02Q10002863|200710|72825.72|1|068|292|||||7.125|0.00||||||||||||||||||||72825.72
F02Q10002863|200711|72732.62|0|069|291|||||7.125|0.00||||||||||||||||||||72732.62
F02Q10002863|200712|72638.97|0|070|290|||||7.125|0.00||||||||||||||||||||72638.97
F02Q10002863|200801|72544.76|1|071|289|||||7.125|0.00||||||||||||||||||||72544.76
F02Q10002863|200802|72449.99|1|072|288|||||7.125|0.00||||||||||||||||||||72449.99
F02Q10002863|200803|72354.66|1|073|287|||||7.125|0.00||||||||||||||||||||72354.66
F02Q10002863|200804|72258.77|1|074|286|||||7.125|0.00||||||||||||||||||||72258.77
F02Q10002863|200805|72162.30|0|075|285|||||7.125|0.00||||||||||||||||||||72162.30
F02Q10002863|200806|72065.26|1|076|284|||||7.125|0.00||||||||||||||||||||72065.26
F02Q10002863|200807|71967.65|0|077|283|||||7.125|0.00||||||||||||||||||||71967.65
F02Q10002863|200808|71869.46|1|078|282|||||7.125|0.00||||||||||||||||||||71869.46
F02Q10002863|200809|71770.68|1|079|281|||||7.125|0.00||||||||||||||||||||71770.68
F02Q10002863|200810|71671.31|0|080|280|||||7.125|0.00||||||||||||||||||||71671.31
F02Q10002863|200811|71571.36|0|081|279|||||7.125|0.00||||||||||||||||||||71571.36
F02Q10002863|200812|71470.81|0|082|278|||||7.125|0.00||||||||||||||||||||71470.81
F02Q10002863|200901|71369.67|0|083|277|||||7.125|0.00||||||||||||||||||||71369.67
F02Q10002863|200902|71267.93|0|084|276|||||7.125|0.00||||||||||||||||||||71267.93
F02Q10002863|200903|71165.58|1|085|275|||||7.125|0.00||||||||||||||||||||71165.58
F02Q10002863|200904|71062.63|0|086|274|||||7.125|0.00||||||||||||||||||||71062.63
F02Q10002863|200905|70959.06|0|087|273|||||7.125|0.00||||||||||||||||||||70959.06
F02Q10002863|200906|70854.88|0|088|272|||||7.125|0.00||||||||||||||||||||70854.88
F02Q10002863|200907|70750.08|0|089|271|||||7.125|0.00||||||||||||||||||||70750.08
F02Q10002863|200908|70644.66|0|090|270|||||7.125|0.00||||||||||||||||||||70644.66
F02Q10002863|200909|70536.97|0|091|269|||||7.125|0.00||||||||||||||||||||70536.97
F02Q10002863|200910|70321.31|0|092|268|||||7.125|0.00||||||||||||||||||||70321.31
F02Q10002863|200911|70213.34|0|093|267|||||7.125|0.00||||||||||||||||||||70213.34
F02Q10002863|200912|70104.73|0|094|266|||||7.125|0.00||||||||||||||||||||70104.73
F02Q10002863|201001|69995.48|0|095|265|||||7.125|0.00||||||||||||||||||||69995.48
F02Q10002863|201002|69885.58|0|096|264|||||7.125|0.00||||||||||||||||||||69885.58
F02Q10002863|201003|69773.39|0|097|263|||||7.125|0.00||||||||||||||||||||69773.39
F02Q10002863|201004|69662.17|0|098|262|||||7.125|0.00||||||||||||||||||||69662.17
F02Q10002863|201005|69662.17|0|099|261|||||7.125|0.00||||||||||||||||||||69662.17
F02Q10002863|201006|69549.49|1|100|260|||||7.125|0.00||||||||||||||||||||69549.49
F02Q10002863|201007|69436.94|1|101|259|||||7.125|0.00||||||||||||||||||||69436.94
F02Q10002863|201008|69323.72|1|102|258|||||7.125|0.00||||||||||||||||||||69323.72
F02Q10002863|201009|69323.72|1|103|257|||||7.125|0.00||||||||||||||||||||69323.72
F02Q10002863|201010|69095.26|1|104|256|||||7.125|0.00||||||||||||||||||||69095.26
F02Q10002863|201011|68980.01|0|105|255|||||7.125|0.00||||||||||||||||||||68980.01
F02Q10002863|201012|68863.28|1|106|254|||||7.125|0.00||||||||||||||||||||68863.28
F02Q10002863|201101|68863.28|1|107|253|||||7.125|0.00||||||||||||||||||||68863.28
F02Q10002863|201102|68746.66|1|108|252|||||7.125|0.00||||||||||||||||||||68746.66
F02Q10002863|201103|68629.34|1|109|251|||||7.125|0.00||||||||||||||||||||68629.34
F02Q10002863|201104|68511.33|1|110|250|||||7.125|0.00||||||||||||||||||||68511.33
F02Q10002863|201105|68392.62|2|111|249|||||7.125|0.00||||||||||||||||||||68392.62
F02Q10002863|201106|68271.60|2|112|248|||||7.125|0.00||||||||||||||||||||68271.60
F02Q10002863|201107|68271.60|3|113|247|||||7.125|0.00||||||||||||||||||||68271.60
F02Q10002863|201108|68151.46|2|114|246|||||7.125|0.00||||||||||||||||||||68151.46
F02Q10002863|201109|67786.75|1|115|245|||||7.125|0.00||||||||||||||||||||67786.75
F02Q10002863|201110|67786.75|1|116|244|||||7.125|0.00||||||||||||||||||||67786.75
F02Q10002863|201111|67663.73|2|117|243|||||7.125|0.00||||||||||||||||||||67663.73
F02Q10002863|201112|67663.73|1|118|242|||||7.125|0.00||||||||||||||||||||67663.73
F02Q10002863|201201|67415.50|1|119|241|||||7.125|0.00||||||||||||||||||||67415.50
F02Q10002863|201202|67290.28|1|120|240|||||7.125|0.00||||||||||||||||||||67290.28
F02Q10002863|201203|67164.32|0|121|239|||||7.125|0.00||||||||||||||||||||67164.32
F02Q10002863|201204|66910.15|1|122|238|||||7.125|0.00||||||||||||||||||||66910.15
F02Q10002863|201205|66910.15|2|123|237|||||7.125|0.00||||||||||||||||||||66910.15
F02Q10002863|201206|66910.15|2|124|236|||||7.125|0.00||||||||||||||||||||66910.15
F02Q10002863|201207|66781.93|2|125|235|||||7.125|0.00||||||||||||||||||||66781.93
F02Q10002863|201208|66652.95|2|126|234|||||7.125|0.00||||||||||||||||||||66652.95
F02Q10002863|201209|66523.20|1|127|233|||||7.125|0.00||||||||||||||||||||66523.20
F02Q10002863|201210|66392.68|2|128|232|||||7.125|0.00||||||||||||||||||||66392.68
F02Q10002863|201211|66261.39|1|129|231|||||7.125|0.00||||||||||||||||||||66261.39
F02Q10002863|201212|65996.46|2|130|230|||||7.125|0.00||||||||||||||||||||65996.46
F02Q10002863|201301|65862.81|1|131|229|||||7.125|0.00||||||||||||||||||||65862.81
F02Q10002863|201302|65862.81|3|132|228|||||7.125|0.00||||||||||||||||||||65862.81
F02Q10002863|201303|65728.37|3|133|227|||||7.125|0.00||||||||||||||||||||65728.37
F02Q10002863|201304|65728.37|3|134|226|||||7.125|0.00||||||||||||||||||||65728.37
F02Q10002863|201305|65291.35|3|135|225|||||7.125|0.00||||||||||||||||||||65291.35
F02Q10002863|201306|65153.52|3|136|224|||||7.125|0.00||||||||||||||||||||65153.52
F02Q10002863|201307|65014.87|3|137|223|||||7.125|0.00||||||||||||||||||||65014.87
F02Q10002863|201308|64225.40|3|138|222|||||7.125|0.00||||||||||||||||||||64225.40
F02Q10002863|201309|64081.24|3|139|221|||||7.125|0.00||||||||||||||||||||64081.24
F02Q10002863|201310|63790.34|3|140|220|||||7.125|0.00||||||||||||||||||||63790.34
F02Q10002863|201311|62510.34|3|141|219|||||7.125|0.00||||||||||||||||||||62510.34
F02Q10002863|201312|62356.00|3|142|218|||||7.125|0.00||||||||||||||||||||62356.00
F02Q10002863|201401|62200.74|4|143|217|||||7.125|0.00||||||||||||||||||||62200.74
F02Q10002863|201402|65457.09|7|144|216|||||7.125|0.00||||||||||||||||||||65457.09
F02Q10002863|201403|63760.19|0|145|215|||||7.125|0.00||||||||||||||||||||63760.19
F02Q10002863|201404|63613.27|0|146|214|||||7.125|0.00||||||||||||||||||||63613.27
F02Q10002863|201405|63465.47|0|147|213|||||7.125|0.00||||||||||||||||||||63465.47
F02Q10002863|201406|63316.80|1|148|212|||||7.125|0.00||||||||||||||||||||63316.80
F02Q10002863|201407|63167.24|1|149|211|||||7.125|0.00||||||||||||||||||||63167.24
F02Q10002863|201408|63016.80|0|150|210|||||7.125|0.00||||||||||||||||||||63016.80
F02Q10002863|201409|62865.46|0|151|209|||||7.125|0.00||||||||||||||||||||62865.46
F02Q10002863|201410|62713.22|1|152|208|||||7.125|0.00||||||||||||||||||||62713.22
F02Q10002863|201411|62560.08|1|153|207|||||7.125|0.00||||||||||||||||||||62560.08
F02Q10002863|201412|62406.03|0|154|206|||||7.125|0.00||||||||||||||||||||62406.03
F02Q10002863|201501|62251.07|1|155|205|||||7.125|0.00||||||||||||||||||||62251.07
F02Q10002863|201502|62095.19|1|156|204|||||7.125|0.00||||||||||||||||||||62095.19
F02Q10002863|201503|62095.19|1|157|203|||||7.125|0.00||||||||||||||||||||62095.19
F02Q10002863|201504|61938.38|1|158|202|||||7.125|0.00||||||||||||||||||||61938.38
F02Q10002863|201505|61780.64|1|159|201|||||7.125|0.00||||||||||||||||||||61780.64
F02Q10002863|201506|61621.96|0|160|200|||||7.125|0.00||||||||||||||||||||61621.96
F02Q10002863|201507|61301.77|0|161|199|||||7.125|0.00||||||||||||||||||||61301.77
F02Q10002863|201508|61140.25|1|162|198|||||7.125|0.00||||||||||||||||||||61140.25
F02Q10002863|201509|60977.77|1|163|197|||||7.125|0.00||||||||||||||||||||60977.77
F02Q10002863|201510|60977.77|1|164|196|||||7.125|0.00||||||||||||||||||||60977.77
F02Q10002863|201511|60649.92|1|165|195|||||7.125|0.00||||||||||||||||||||60649.92
F02Q10002863|201512|60484.53|1|166|194|||||7.125|0.00||||||||||||||||||||60484.53
F02Q10002863|201601|60318.16|1|167|193|||||7.125|0.00||||||||||||||||||||60318.16
F02Q10002863|201602|60150.80|12|168|192|||||7.125|0.00||||||||||||||||||||60150.80
F02Q10002863|201603|59982.45|0|169|191|||||7.125|0.00||||||||||||||||||||59982.45
F02Q10002863|201604|59813.10|1|170|190|||||7.125|0.00||||||||||||||||||||59813.10
F02Q10002863|201605|59642.74|0|171|189|||||7.125|0.00||||||||||||||||||||59642.74
F02Q10002863|201606|59471.37|0|172|188|||||7.125|0.00||||||||||||||||||||59471.37
F02Q10002863|201607|59298.98|1|173|187|||||7.125|0.00||||||||||||||||||||59298.98
F02Q10002863|201608|59125.57|1|174|186|||||7.125|0.00||||||||||||||||||||59125.57
F02Q10002863|201609|58951.13|1|175|185|||||7.125|0.00||||||||||||||||||||58951.13
F02Q10002863|201610|58775.65|1|176|184|||||7.125|0.00||||||||||||||||||||58775.65
F02Q10002863|201611|58599.13|1|177|183|||||7.125|0.00||||||||||||||||||||58599.13
F02Q10002863|201612|58421.56|0|178|182|||||7.125|0.00||||||||||||||||||||58421.56
F02Q10002863|201701|58242.94|1|179|181|||||7.125|0.00||||||||||||||||||||58242.94
F02Q10002863|201702|58242.94|2|180|180|||||7.125|0.00||||||||||||||||||F||58242.94
F02Q10002863|201703|58242.94|3|181|179|||||7.125|0.00||||||||||||||||||F||58242.94
F02Q10002863|201704|58242.94|0|182|178|||||7.125|0.00||||||||||||||37||||F||58242.94
F02Q10002863|201705|58242.94|0|183|177|||||7.125|0.00||||||||||||||37||||F||58242.94
F02Q10002863|201706|58063.26|0|184|176|||||7.125|0.00||||||||||||||37||||||58063.26
F02Q10002863|201707|57882.51|0|185|175|||||7.125|0.00||||||||||||||37||||||57882.51
F02Q10002863|201708|57700.69|0|186|174|||||7.125|0.00||||||||||||||37||||||57700.69
F02Q10002863|201709|57517.79|0|187|173|||||7.125|0.00||||||||||||||36||||||57517.79
F02Q10002863|201710|57333.80|0|188|172|||||7.125|0.00||||||||||||||36||||||57333.80
F02Q10002863|201711|57333.80|0|189|171|||||7.125|0.00||||||||||||||37||||||57333.80
F02Q10002863|201712|56962.54|0|190|170|||||7.125|0.00||||||||||||||39||||||56962.54
F02Q10002863|201801|56962.54|0|191|169|||||7.125|0.00||||||||||||||38||||||56962.54
F02Q10002863|201802|56643.62|0|192|168|||||7.125|0.00||||||||||||||38||||||56643.62
F02Q10002863|201803|56454.44|0|193|167|||||7.125|0.00||||||||||||||37||||||56454.44
F02Q10002863|201804|56264.14|0|194|166|||||7.125|0.00||||||||||||||37||||||56264.14
F02Q10002863|201805|56264.14|0|195|165|||||7.125|0.00||||||||||||||35||||||56264.14
F02Q10002863|201806|55880.14|0|196|164|||||7.125|0.00||||||||||||||37||||||55880.14
F02Q10002863|201807|55686.43|0|197|163|||||7.125|0.00||||||||||||||38||||||55686.43
F02Q10002863|201808|55491.57|0|198|162|||||7.125|0.00||||||||||||||38||||||55491.57
F02Q10002863|201809|55295.55|0|199|161|||||7.125|0.00||||||||||||||39||||||55295.55
F02Q10002863|201810|55098.37|0|200|160|||||7.125|0.00||||||||||||||38||||||55098.37
F02Q10002863|201811|54743.93|0|201|159|||||7.125|0.00||||||||||||||39||||||54743.93
F02Q10002863|201812|54543.46|0|202|158|||||7.125|0.00||||||||||||||40||||||54543.46
F02Q10002863|201901|54341.81|0|203|157|||||7.125|0.00||||||||||||||41||||||54341.81
F02Q10002863|201902|54138.94|0|204|156|||||7.125|0.00||||||||||||||40||||||54138.94
F02Q10002863|201903|53934.89|0|205|155|||||7.125|0.00||||||||||||||39||||||53934.89
F02Q10002863|201904|53729.63|0|206|154|||||7.125|0.00||||||||||||||38||||||53729.63
F02Q10002863|201905|53523.15|0|207|153|||||7.125|0.00||||||||||||||37||||||53523.15
F02Q10002863|201906|53106.50|0|208|152|||||7.125|0.00||||||||||||||36||||||53106.50
F02Q10002863|201907|52878.26|0|209|151|||||7.125|0.00||||||||||||||36||||||52878.26
F02Q10002863|201908|52666.72|0|210|150|||||7.125|0.00||||||||||||||35||||||52666.72
F02Q10002863|201909|52666.72|0|211|149|||||7.125|0.00||||||||||||||34||||||52666.72
F02Q10002863|201910|52453.93|0|212|148|||||7.125|0.00||||||||||||||34||||||52453.93
F02Q10002863|201911|52453.93|0|213|147|||||7.125|0.00||||||||||||||34||||||52453.93
F02Q10002863|201912|52239.88|0|214|146|||||7.125|0.00||||||||||||||34||||||52239.88
F02Q10002863|202001|52024.55|0|215|145|||||7.125|0.00||||||||||||||34||||||52024.55
F02Q10002863|202002|51807.95|0|216|144|||||7.125|0.00||||||||||||||33||||||51807.95
F02Q10002863|202003|51370.88|0|217|143|||||7.125|0.00||||||||||||||32||||||51370.88
F02Q10002863|202004|51370.88|0|218|142|||||7.125|0.00||||||||||||||33||||||51370.88
F02Q10002863|202005|50928.60|0|219|141|||||7.125|0.00||||||||||||||31||||||50928.60
F02Q10002863|202006|50928.60|0|220|140|||||7.125|0.00||||||||||||||30||||||50928.60
F02Q10002863|202007|50705.49|0|221|139|||||7.125|0.00||||||||||||||30||||||50705.49
F02Q10002863|202008|50481.05|0|222|138|||||7.125|0.00||||||||||||||29||||||50481.05
F02Q10002863|202009|50255.28|0|223|137|||||7.125|0.00||||||||||||||29||||||50255.28
F02Q10002863|202010|50028.17|0|224|136|||||7.125|0.00||||||||||||||29||||||50028.17
F02Q10002863|202011|49799.71|0|225|135|||||7.125|0.00||||||||||||||28||||||49799.71
F02Q10002863|202012|49569.90|0|226|134|||||7.125|0.00||||||||||||||29||||||49569.90
F02Q10002863|202101|49338.72|0|227|133|||||7.125|0.00||||||||||||||29||||||49338.72
F02Q10002863|202102|49106.17|0|228|132|||||7.125|0.00||||||||||||||28||||||49106.17
F02Q10002863|202103|48636.92|0|229|131|||||7.125|0.00||||||||||||||28||||||48636.92
F02Q10002863|202104|48636.92|0|230|130|||||7.125|0.00||||||||||||||27||||||48636.92
F02Q10002863|202105|48400.20|0|231|129|||||7.125|0.00||||||||||||||26||||||48400.20
F02Q10002863|202106|48162.08|0|232|128|||||7.125|0.00||||||||||||||23||||||48162.08
F02Q10002863|202107|47922.54|0|233|127|||||7.125|0.00||||||||||||||23||||||47922.54
F02Q10002863|202108|47681.58|0|234|126|||||7.125|0.00||||||||||||||22||||||47681.58
F02Q10002863|202109|47439.19|0|235|125|||||7.125|0.00||||||||||||||21||||||47439.19
F02Q10002863|202110|47195.36|0|236|124|||||7.125|0.00||||||||||||||23||||||47195.36
F02Q10002863|202111|46950.08|0|237|123|||||7.125|0.00||||||||||||||25||||||46950.08
F02Q10002863|202112|46703.35|0|238|122|||||7.125|0.00||||||||||||||27||||||46703.35
F02Q10002863|202201|46455.15|0|239|121|||||7.125|0.00||||||||||||||25||||||46455.15
F02Q10002863|202202|46205.48|0|240|120|||||7.125|0.00||||||||||||||24||||||46205.48
F02Q10002863|202203|45954.33|0|241|119|||||7.125|0.00||||||||||||||26||||||45954.33
F02Q10002863|202204|0.00|0|242|118|||01|202204|7.125|0.00|202203|||||||||||||999|45954.33|||||0.00
F02Q10002930|200202|72000.00|0|000|360|||||7.250|0.00||||||||||||||||||||72000.00
F02Q10002930|200203|72000.00|0|001|359|||||7.250|0.00||||||||||||||||||||72000.00
F02Q10002930|200204|72000.00|0|002|358|||||7.250|0.00||||||||||||||||||||72000.00
F02Q10002930|200205|72000.00|0|003|357|||||7.250|0.00||||||||||||||||||||72000.00
F02Q10002930|200206|72000.00|0|004|356|||||7.250|0.00||||||||||||||||||||72000.00
F02Q10002930|200207|72000.00|0|005|355|||||7.250|0.00||||||||||||||||||||72000.00
F02Q10002930|200208|72000.00|0|006|354|||||7.250|0.00||||||||||||||||||||72000.00
F02Q10002930|200209|71599.61|0|007|353|||||7.250|0.00||||||||||||||||||||71599.61
F02Q10002930|200210|0.00|0|008|352|||01|200210|7.250|0.00|||||||||||||||71599.61|||||0.00
F02Q10002949|200202|83000.00|0|000|180|||||6.500|0.00||||||||||||||||||||83000.00
F02Q10002949|200203|82000.00|0|001|179|||||6.500|0.00||||||||||||||||||||82000.00
F02Q10002949|200204|82000.00|0|002|178|||||6.500|0.00||||||||||||||||||||82000.00
F02Q10002949|200205|82000.00|0|003|177|||||6.500|0.00||||||||||||||||||||82000.00
F02Q10002949|200206|81000.00|0|004|176|||||6.500|0.00||||||||||||||||||||81000.00
F02Q10002949|200207|81000.00|0|005|175|||||6.500|0.00||||||||||||||||||||81000.00
F02Q10002949|200208|81000.00|0|006|174|||||6.500|0.00||||||||||||||||||||81000.00
F02Q10002949|200209|80566.30|0|007|173|||||6.500|0.00||||||||||||||||||||80566.30
F02Q10002949|200210|80284.04|0|008|172|||||6.500|0.00||||||||||||||||||||80284.04
F02Q10002949|200211|80000.25|0|009|171|||||6.500|0.00||||||||||||||||||||80000.25
F02Q10002949|200212|79714.92|0|010|170|||||6.500|0.00||||||||||||||||||||79714.92
F02Q10002949|200301|79139.63|0|011|169|||||6.500|0.00||||||||||||||||||||79139.63
F02Q10002949|200302|78849.64|0|012|168|||||6.500|0.00||||||||||||||||||||78849.64
F02Q10002949|200303|78849.64|0|013|167|||||6.500|0.00||||||||||||||||||||78849.64
F02Q10002949|200304|78264.94|0|014|166|||||6.500|0.00||||||||||||||||||||78264.94
F02Q10002949|200305|77970.22|0|015|165|||||6.500|0.00||||||||||||||||||||77970.22
F02Q10002949|200306|77673.90|0|016|164|||||6.500|0.00||||||||||||||||||||77673.90
F02Q10002949|200307|77375.97|0|017|163|||||6.500|0.00||||||||||||||||||||77375.97
F02Q10002949|200308|77076.43|0|018|162|||||6.500|0.00||||||||||||||||||||77076.43
F02Q10002949|200309|76775.27|0|019|161|||||6.500|0.00||||||||||||||||||||76775.27
F02Q10002949|200310|76472.48|0|020|160|||||6.500|0.00||||||||||||||||||||76472.48
F02Q10002949|200311|76168.05|0|021|159|||||6.500|0.00||||||||||||||||||||76168.05
F02Q10002949|200312|75861.97|0|022|158|||||6.500|0.00||||||||||||||||||||75861.97
F02Q10002949|200401|75554.23|0|023|157|||||6.500|0.00||||||||||||||||||||75554.23
F02Q10002949|200402|75244.82|0|024|156|||||6.500|0.00||||||||||||||||||||75244.82
F02Q10002949|200403|74933.74|0|025|155|||||6.500|0.00||||||||||||||||||||74933.74
F02Q10002949|200404|74620.97|0|026|154|||||6.500|0.00||||||||||||||||||||74620.97
F02Q10002949|200405|74306.51|0|027|153|||||6.500|0.00||||||||||||||||||||74306.51
F02Q10002949|200406|73990.34|0|028|152|||||6.500|0.00||||||||||||||||||||73990.34
F02Q10002949|200407|73672.46|0|029|151|||||6.500|0.00||||||||||||||||||||73672.46
F02Q10002949|200408|73352.86|0|030|150|||||6.500|0.00||||||||||||||||||||73352.86
F02Q10002949|200409|73031.53|0|031|149|||||6.500|0.00||||||||||||||||||||73031.53
F02Q10002949|200410|72708.46|0|032|148|||||6.500|0.00||||||||||||||||||||72708.46
F02Q10002949|200411|72383.64|0|033|147|||||6.500|0.00||||||||||||||||||||72383.64
F02Q10002949|200412|72057.06|0|034|146|||||6.500|0.00||||||||||||||||||||72057.06
F02Q10002949|200501|71728.71|0|035|145|||||6.500|0.00||||||||||||||||||||71728.71
F02Q10002949|200502|71398.58|0|036|144|||||6.500|0.00||||||||||||||||||||71398.58
F02Q10002949|200503|71066.66|0|037|143|||||6.500|0.00||||||||||||||||||||71066.66
F02Q10002949|200504|70732.94|0|038|142|||||6.500|0.00||||||||||||||||||||70732.94
F02Q10002949|200505|70397.42|0|039|141|||||6.500|0.00||||||||||||||||||||70397.42
F02Q10002949|200506|70060.08|0|040|140|||||6.500|0.00||||||||||||||||||||70060.08
F02Q10002949|200507|69720.91|0|041|139|||||6.500|0.00||||||||||||||||||||69720.91
F02Q10002949|200508|69379.90|0|042|138|||||6.500|0.00||||||||||||||||||||69379.90
F02Q10002949|200509|69037.05|0|043|137|||||6.500|0.00||||||||||||||||||||69037.05
F02Q10002949|200510|68692.34|0|044|136|||||6.500|0.00||||||||||||||||||||68692.34
F02Q10002949|200511|68345.76|0|045|135|||||6.500|0.00||||||||||||||||||||68345.76
F02Q10002949|200512|67997.31|0|046|134|||||6.500|0.00||||||||||||||||||||67997.31
F02Q10002949|200601|67646.97|0|047|133|||||6.500|0.00||||||||||||||||||||67646.97
F02Q10002949|200602|67294.73|0|048|132|||||6.500|0.00||||||||||||||||||||67294.73
F02Q10002949|200603|66940.58|0|049|131|||||6.500|0.00||||||||||||||||||||66940.58
F02Q10002949|200604|66584.51|0|050|130|||||6.500|0.00||||||||||||||||||||66584.51
F02Q10002949|200605|66226.52|0|051|129|||||6.500|0.00||||||||||||||||||||66226.52
F02Q10002949|200606|65866.59|0|052|128|||||6.500|0.00||||||||||||||||||||65866.59
F02Q10002949|200607|65504.71|0|053|127|||||6.500|0.00||||||||||||||||||||65504.71
F02Q10002949|200608|65140.87|0|054|126|||||6.500|0.00||||||||||||||||||||65140.87
F02Q10002949|200609|0.00|0|055|125|||01|200609|6.500|0.00|||||||||||||||65140.87|||||0.00
F02Q10002962|200112|65000.00|0|000|180|||||6.500|0.00||||||||||||||||||||65000.00
F02Q10002962|200201|65000.00|0|001|179|||||6.500|0.00||||||||||||||||||||65000.00
F02Q10002962|200202|65000.00|0|002|178|||||6.500|0.00||||||||||||||||||||65000.00
F02Q10002962|200203|64000.00|0|003|177|||||6.500|0.00||||||||||||||||||||64000.00
F02Q10002962|200204|64000.00|0|004|176|||||6.500|0.00||||||||||||||||||||64000.00
F02Q10002962|200205|64000.00|0|005|175|||||6.500|0.00||||||||||||||||||||64000.00
F02Q10002962|200206|64000.00|0|006|174|||||6.500|0.00||||||||||||||||||||64000.00
F02Q10002962|200207|63361.33|0|007|173|||||6.500|0.00||||||||||||||||||||63361.33
F02Q10002962|200208|63111.00|0|008|172|||||6.500|0.00||||||||||||||||||||63111.00
F02Q10002962|200209|62859.42|0|009|171|||||6.500|0.00||||||||||||||||||||62859.42
F02Q10002962|200210|62606.58|0|010|170|||||6.500|0.00||||||||||||||||||||62606.58
F02Q10002962|200211|0.00|0|011|169|||01|200211|6.500|0.00|||||||||||||||62606.58|||||0.00
F02Q10003006|200201|186000.00|0|000|360|||||6.250|0.00||||||||||||||||||||186000.00
F02Q10003006|200202|186000.00|0|001|359|||||6.250|0.00||||||||||||||||||||186000.00
F02Q10003006|200203|186000.00|0|002|358|||||6.250|0.00||||||||||||||||||||186000.00
F02Q10003006|200204|185000.00|0|003|357|||||6.250|0.00||||||||||||||||||||185000.00
F02Q10003006|200205|185000.00|0|004|356|||||6.250|0.00||||||||||||||||||||185000.00
F02Q10003006|200206|185000.00|0|005|355|||||6.250|0.00||||||||||||||||||||185000.00
F02Q10003006|200207|185000.00|0|006|354|||||6.250|0.00||||||||||||||||||||185000.00
F02Q10003006|200208|181044.53|0|007|353|||||6.250|0.00||||||||||||||||||||181044.53
F02Q10003006|200209|180842.24|0|008|352|||||6.250|0.00||||||||||||||||||||180842.24
F02Q10003006|200210|180638.89|0|009|351|||||6.250|0.00||||||||||||||||||||180638.89
F02Q10003006|200211|180434.49|0|010|350|||||6.250|0.00||||||||||||||||||||180434.49
F02Q10003006|200212|180229.02|0|011|349|||||6.250|0.00||||||||||||||||||||180229.02
F02Q10003006|200301|180022.49|0|012|348|||||6.250|0.00||||||||||||||||||||180022.49
F02Q10003006|200302|174796.64|0|013|347|||||6.250|0.00||||||||||||||||||||174796.64
F02Q10003006|200303|165818.74|0|014|346|||||6.250|0.00||||||||||||||||||||165818.74
F02Q10003006|200304|165537.15|0|015|345|||||6.250|0.00||||||||||||||||||||165537.15
F02Q10003006|200305|165196.83|0|016|344|||||6.250|0.00||||||||||||||||||||165196.83
F02Q10003006|200306|0.00|0|017|343|||01|200306|6.250|0.00|||||||||||||||165196.83|||||0.00
F02Q10003008|200201|133000.00|0|000|360|||||6.250|0.00||||||||||||||||||||133000.00
F02Q10003008|200202|132000.00|0|001|359|||||6.250|0.00||||||||||||||||||||132000.00
F02Q10003008|200203|132000.00|0|002|358|||||6.250|0.00||||||||||||||||||||132000.00
F02Q10003008|200204|132000.00|0|003|357|||||6.250|0.00||||||||||||||||||||132000.00
F02Q10003008|200205|132000.00|0|004|356|||||6.250|0.00||||||||||||||||||||132000.00
F02Q10003008|200206|132000.00|0|005|355|||||6.250|0.00||||||||||||||||||||132000.00
F02Q10003008|200207|132000.00|0|006|354|||||6.250|0.00||||||||||||||||||||132000.00
F02Q10003008|200208|131705.42|0|007|353|||||6.250|0.00||||||||||||||||||||131705.42
F02Q10003008|200209|131574.94|0|008|352|||||6.250|0.00||||||||||||||||||||131574.94
F02Q10003008|200210|131443.79|0|009|351|||||6.250|0.00||||||||||||||||||||131443.79
F02Q10003008|200211|131311.95|0|010|350|||||6.250|0.00||||||||||||||||||||131311.95
F02Q10003008|200212|131179.43|0|011|349|||||6.250|0.00||||||||||||||||||||131179.43
F02Q10003008|200301|0.00|0|012|348|||01|200301|6.250|0.00|||||||||||||||131179.43|||||0.00
F02Q10003024|200202|59000.00|0|000|360|||||7.500|0.00||||||||||||||||||||59000.00
F02Q10003024|200203|59000.00|0|001|359|||||7.500|0.00||||||||||||||||||||59000.00
F02Q10003024|200204|59000.00|0|002|358|||||7.500|0.00||||||||||||||||||||59000.00
F02Q10003024|200205|59000.00|0|003|357|||||7.500|0.00||||||||||||||||||||59000.00
F02Q10003024|200206|59000.00|0|004|356|||||7.500|0.00||||||||||||||||||||59000.00
F02Q10003024|200207|59000.00|0|005|355|||||7.500|0.00||||||||||||||||||||59000.00
F02Q10003024|200208|59000.00|0|006|354|||||7.500|0.00||||||||||||||||||||59000.00
F02Q10003024|200209|58803.86|0|007|353|||||7.500|0.00||||||||||||||||||||58803.86
F02Q10003024|200210|58716.55|0|008|352|||||7.500|0.00||||||||||||||||||||58716.55
F02Q10003024|200211|58668.20|0|009|351|||||7.500|0.00||||||||||||||||||||58668.20
F02Q10003024|200212|58619.55|0|010|350|||||7.500|0.00||||||||||||||||||||58619.55
F02Q10003024|200301|58570.59|0|011|349|||||7.500|0.00||||||||||||||||||||58570.59
F02Q10003024|200302|58521.33|0|012|348|||||7.500|0.00||||||||||||||||||||58521.33
F02Q10003024|200303|58471.76|0|013|347|||||7.500|0.00||||||||||||||||||||58471.76
F02Q10003024|200304|58421.88|0|014|346|||||7.500|0.00||||||||||||||||||||58421.88
F02Q10003024|200305|58371.69|0|015|345|||||7.500|0.00||||||||||||||||||||58371.69
F02Q10003024|200306|58321.18|0|016|344|||||7.500|0.00||||||||||||||||||||58321.18
F02Q10003024|200307|58270.36|0|017|343|||||7.500|0.00||||||||||||||||||||58270.36
F02Q10003024|200308|58219.22|0|018|342|||||7.500|0.00||||||||||||||||||||58219.22
F02Q10003024|200309|58167.76|0|019|341|||||7.500|0.00||||||||||||||||||||58167.76
F02Q10003024|200310|58167.76|0|020|340|||||7.500|0.00||||||||||||||||||||58167.76
F02Q10003024|200311|58115.98|0|021|339|||||7.500|0.00||||||||||||||||||||58115.98
F02Q10003024|200312|58011.44|0|022|338|||||7.500|0.00||||||||||||||||||||58011.44
F02Q10003024|200401|57958.68|0|023|337|||||7.500|0.00||||||||||||||||||||57958.68
F02Q10003024|200402|57893.87|0|024|336|||||7.500|0.00||||||||||||||||||||57893.87
F02Q10003024|200403|57820.38|0|025|335|||||7.500|0.00||||||||||||||||||||57820.38
F02Q10003024|200404|57820.38|0|026|334|||||7.500|0.00||||||||||||||||||||57820.38
F02Q10003024|200405|57746.43|0|027|333|||||7.500|0.00||||||||||||||||||||57746.43
F02Q10003024|200406|57637.27|0|028|332|||||7.500|0.00||||||||||||||||||||57637.27
F02Q10003024|200407|57570.45|0|029|331|||||7.500|0.00||||||||||||||||||||57570.45
F02Q10003024|200408|57570.45|0|030|330|||||7.500|0.00||||||||||||||||||||57570.45
F02Q10003024|200409|57418.95|0|031|329|||||7.500|0.00||||||||||||||||||||57418.95
F02Q10003024|200410|57418.95|0|032|328|||||7.500|0.00||||||||||||||||||||57418.95
F02Q10003024|200411|57285.55|0|033|327|||||7.500|0.00||||||||||||||||||||57285.55
F02Q10003024|200412|57228.25|0|034|326|||||7.500|0.00||||||||||||||||||||57228.25
F02Q10003024|200501|57170.60|0|035|325|||||7.500|0.00||||||||||||||||||||57170.60
F02Q10003024|200502|57170.60|0|036|324|||||7.500|0.00||||||||||||||||||||57170.60
F02Q10003024|200503|57054.21|0|037|323|||||7.500|0.00||||||||||||||||||||57054.21
F02Q10003024|200504|56975.47|0|038|322|||||7.500|0.00||||||||||||||||||||56975.47
F02Q10003024|200505|56916.24|0|039|321|||||7.500|0.00||||||||||||||||||||56916.24
F02Q10003024|200506|56846.64|0|040|320|||||7.500|0.00||||||||||||||||||||56846.64
F02Q10003024|200507|56776.60|0|041|319|||||7.500|0.00||||||||||||||||||||56776.60
F02Q10003024|200508|56706.12|0|042|318|||||7.500|0.00||||||||||||||||||||56706.12
F02Q10003024|200509|56635.20|0|043|317|||||7.500|0.00||||||||||||||||||||56635.20
F02Q10003024|200510|56573.84|0|044|316|||||7.500|0.00||||||||||||||||||||56573.84
F02Q10003024|200511|56512.10|0|045|315|||||7.500|0.00||||||||||||||||||||56512.10
F02Q10003024|200512|56449.97|0|046|314|||||7.500|0.00||||||||||||||||||||56449.97
F02Q10003024|200601|56387.45|0|047|313|||||7.500|0.00||||||||||||||||||||56387.45
F02Q10003024|200602|56324.54|0|048|312|||||7.500|0.00||||||||||||||||||||56324.54
F02Q10003024|200603|56261.24|0|049|311|||||7.500|0.00||||||||||||||||||||56261.24
F02Q10003024|200604|56197.54|0|050|310|||||7.500|0.00||||||||||||||||||||56197.54
F02Q10003024|200605|56133.44|0|051|309|||||7.500|0.00||||||||||||||||||||56133.44
F02Q10003024|200606|56068.94|0|052|308|||||7.500|0.00||||||||||||||||||||56068.94
F02Q10003024|200607|56004.04|0|053|307|||||7.500|0.00||||||||||||||||||||56004.04
F02Q10003024|200608|55938.74|0|054|306|||||7.500|0.00||||||||||||||||||||55938.74
F02Q10003024|200609|55873.03|0|055|305|||||7.500|0.00||||||||||||||||||||55873.03
F02Q10003024|200610|55806.91|0|056|304|||||7.500|0.00||||||||||||||||||||55806.91
F02Q10003024|200611|55740.37|0|057|303|||||7.500|0.00||||||||||||||||||||55740.37
F02Q10003024|200612|55673.42|0|058|302|||||7.500|0.00||||||||||||||||||||55673.42
F02Q10003024|200701|55606.05|0|059|301|||||7.500|0.00||||||||||||||||||||55606.05
F02Q10003024|200702|55538.26|0|060|300|||||7.500|0.00||||||||||||||||||||55538.26
F02Q10003024|200703|55470.04|0|061|299|||||7.500|0.00||||||||||||||||||||55470.04
F02Q10003024|200704|55401.40|0|062|298|||||7.500|0.00||||||||||||||||||||55401.40
F02Q10003024|200705|55332.33|0|063|297|||||7.500|0.00||||||||||||||||||||55332.33
F02Q10003024|200706|55262.83|0|064|296|||||7.500|0.00||||||||||||||||||||55262.83
F02Q10003024|200707|55192.89|0|065|295|||||7.500|0.00||||||||||||||||||||55192.89
F02Q10003024|200708|55112.52|0|066|294|||||7.500|0.00||||||||||||||||||||55112.52
F02Q10003024|200709|55031.64|0|067|293|||||7.500|0.00||||||||||||||||||||55031.64
F02Q10003024|200710|54950.26|0|068|292|||||7.500|0.00||||||||||||||||||||54950.26
F02Q10003024|200711|54868.37|0|069|291|||||7.500|0.00||||||||||||||||||||54868.37
F02Q10003024|200712|54775.97|0|070|290|||||7.500|0.00||||||||||||||||||||54775.97
F02Q10003024|200801|54682.99|0|071|289|||||7.500|0.00||||||||||||||||||||54682.99
F02Q10003024|200802|54609.43|0|072|288|||||7.500|0.00||||||||||||||||||||54609.43
F02Q10003024|200803|54515.41|0|073|287|||||7.500|0.00||||||||||||||||||||54515.41
F02Q10003024|200804|54420.80|0|074|286|||||7.500|0.00||||||||||||||||||||54420.80
F02Q10003024|200805|54325.60|0|075|285|||||7.500|0.00||||||||||||||||||||54325.60
F02Q10003024|200806|54230.80|0|076|284|||||7.500|0.00||||||||||||||||||||54230.80
F02Q10003024|200807|54154.41|0|077|283|||||7.500|0.00||||||||||||||||||||54154.41
F02Q10003024|200808|54057.55|0|078|282|||||7.500|0.00||||||||||||||||||||54057.55
F02Q10003024|200809|53980.08|0|079|281|||||7.500|0.00||||||||||||||||||||53980.08
F02Q10003024|200810|53902.13|0|080|280|||||7.500|0.00||||||||||||||||||||53902.13
F02Q10003024|200811|53823.69|0|081|279|||||7.500|0.00||||||||||||||||||||53823.69
F02Q10003024|200812|0.00|0|082|278|||01|200812|7.500|0.00|||||||||||||||53823.69|||||0.00
F02Q10003049|200202|65000.00|0|000|360|||||6.750|0.00||||||||||||||||||||65000.00
F02Q10003049|200203|65000.00|0|001|359|||||6.750|0.00||||||||||||||||||||65000.00
F02Q10003049|200204|65000.00|0|002|358|||||6.750|0.00||||||||||||||||||||65000.00
F02Q10003049|200205|65000.00|0|003|357|||||6.750|0.00||||||||||||||||||||65000.00
F02Q10003049|200206|65000.00|0|004|356|||||6.750|0.00||||||||||||||||||||65000.00
F02Q10003049|200207|65000.00|0|005|355|||||6.750|0.00||||||||||||||||||||65000.00
F02Q10003049|200208|65000.00|0|006|354|||||6.750|0.00||||||||||||||||||||65000.00
F02Q10003049|200209|64638.72|0|007|353|||||6.750|0.00||||||||||||||||||||64638.72
F02Q10003049|200210|64515.56|0|008|352|||||6.750|0.00||||||||||||||||||||64515.56
F02Q10003049|200211|64453.46|0|009|351|||||6.750|0.00||||||||||||||||||||64453.46
F02Q10003049|200212|64453.46|0|010|350|||||6.750|0.00||||||||||||||||||||64453.46
F02Q10003049|200301|64328.21|0|011|349|||||6.750|0.00||||||||||||||||||||64328.21
F02Q10003049|200302|0.00|0|012|348|||01|200302|6.750|0.00|||||||||||||||64328.21|||||0.00
F02Q10003124|200202|83000.00|0|000|180|||||5.500|0.00||||||||||||||||||||83000.00
F02Q10003124|200203|83000.00|0|001|179|||||5.500|0.00||||||||||||||||||||83000.00
F02Q10003124|200204|82000.00|0|002|178|||||5.500|0.00||||||||||||||||||||82000.00
F02Q10003124|200205|82000.00|0|003|177|||||5.500|0.00||||||||||||||||||||82000.00
F02Q10003124|200206|82000.00|0|004|176|||||5.500|0.00||||||||||||||||||||82000.00
F02Q10003124|200207|81000.00|0|005|175|||||5.500|0.00||||||||||||||||||||81000.00
F02Q10003124|200208|81000.00|0|006|174|||||5.500|0.00||||||||||||||||||||81000.00
F02Q10003124|200209|80886.77|0|007|173|||||5.500|0.00||||||||||||||||||||80886.77
F02Q10003124|200210|80270.46|0|008|172|||||5.500|0.00||||||||||||||||||||80270.46
F02Q10003124|200211|80270.46|0|009|171|||||5.500|0.00||||||||||||||||||||80270.46
F02Q10003124|200212|79960.19|0|010|170|||||5.500|0.00||||||||||||||||||||79960.19
F02Q10003124|200301|79648.49|0|011|169|||||5.500|0.00||||||||||||||||||||79648.49
F02Q10003124|200302|79335.37|0|012|168|||||5.500|0.00||||||||||||||||||||79335.37
F02Q10003124|200303|79020.81|0|013|167|||||5.500|0.00||||||||||||||||||||79020.81
F02Q10003124|200304|78704.81|0|014|166|||||5.500|0.00||||||||||||||||||||78704.81
F02Q10003124|200305|78387.36|0|015|165|||||5.500|0.00||||||||||||||||||||78387.36
F02Q10003124|200306|78068.46|0|016|164|||||5.500|0.00||||||||||||||||||||78068.46
F02Q10003124|200307|77748.09|0|017|163|||||5.500|0.00||||||||||||||||||||77748.09
F02Q10003124|200308|77426.26|0|018|162|||||5.500|0.00||||||||||||||||||||77426.26
F02Q10003124|200309|77102.95|0|019|161|||||5.500|0.00||||||||||||||||||||77102.95
F02Q10003124|200310|76778.16|0|020|160|||||5.500|0.00||||||||||||||||||||76778.16
F02Q10003124|200311|76451.88|0|021|159|||||5.500|0.00||||||||||||||||||||76451.88
F02Q10003124|200312|76451.88|0|022|158|||||5.500|0.00||||||||||||||||||||76451.88
F02Q10003124|200401|76124.10|0|023|157|||||5.500|0.00||||||||||||||||||||76124.10
F02Q10003124|200402|75464.03|0|024|156|||||5.500|0.00||||||||||||||||||||75464.03
F02Q10003124|200403|75464.03|0|025|155|||||5.500|0.00||||||||||||||||||||75464.03
F02Q10003124|200404|74797.90|0|026|154|||||5.500|0.00||||||||||||||||||||74797.90
F02Q10003124|200405|74462.54|0|027|153|||||5.500|0.00||||||||||||||||||||74462.54
F02Q10003124|200406|74462.54|0|028|152|||||5.500|0.00||||||||||||||||||||74462.54
F02Q10003124|200407|73787.21|0|029|151|||||5.500|0.00||||||||||||||||||||73787.21
F02Q10003124|200408|73447.22|0|030|150|||||5.500|0.00||||||||||||||||||||73447.22
F02Q10003124|200409|73105.67|0|031|149|||||5.500|0.00||||||||||||||||||||73105.67
F02Q10003124|200410|73105.67|0|032|148|||||5.500|0.00||||||||||||||||||||73105.67
F02Q10003124|200411|72417.88|0|033|147|||||5.500|0.00||||||||||||||||||||72417.88
F02Q10003124|200412|72417.88|0|034|146|||||5.500|0.00||||||||||||||||||||72417.88
F02Q10003124|200501|72071.62|0|035|145|||||5.500|0.00||||||||||||||||||||72071.62
F02Q10003124|200502|71374.32|0|036|144|||||5.500|0.00||||||||||||||||||||71374.32
F02Q10003124|200503|71023.27|0|037|143|||||5.500|0.00||||||||||||||||||||71023.27
F02Q10003124|200504|70670.61|0|038|142|||||5.500|0.00||||||||||||||||||||70670.61
F02Q10003124|200505|70316.34|0|039|141|||||5.500|0.00||||||||||||||||||||70316.34
F02Q10003124|200506|69960.44|0|040|140|||||5.500|0.00||||||||||||||||||||69960.44
F02Q10003124|200507|69602.91|0|041|139|||||5.500|0.00||||||||||||||||||||69602.91
F02Q10003124|200508|69243.74|0|042|138|||||5.500|0.00||||||||||||||||||||69243.74
F02Q10003124|200509|68882.93|0|043|137|||||5.500|0.00||||||||||||||||||||68882.93
F02Q10003124|200510|68520.46|0|044|136|||||5.500|0.00||||||||||||||||||||68520.46
F02Q10003124|200511|0.00|0|045|135|||01|200511|5.500|0.00|||||||||||||||68520.46|||||0.00
F02Q10003163|200202|119000.00|0|000|180|||||6.500|0.00||||||||||||||||||||119000.00
F02Q10003163|200203|119000.00|0|001|179|||||6.500|0.00||||||||||||||||||||119000.00
F02Q10003163|200204|118000.00|0|002|178|||||6.500|0.00||||||||||||||||||||118000.00
F02Q10003163|200205|118000.00|0|003|177|||||6.500|0.00||||||||||||||||||||118000.00
F02Q10003163|200206|117000.00|0|004|176|||||6.500|0.00||||||||||||||||||||117000.00
F02Q10003163|200207|117000.00|0|005|175|||||6.500|0.00||||||||||||||||||||117000.00
F02Q10003163|200208|117000.00|0|006|174|||||6.500|0.00||||||||||||||||||||117000.00
F02Q10003163|200209|116210.74|0|007|173|||||6.500|0.00||||||||||||||||||||116210.74
F02Q10003163|200210|115803.59|0|008|172|||||6.500|0.00||||||||||||||||||||115803.59
F02Q10003163|200211|115394.24|0|009|171|||||6.500|0.00||||||||||||||||||||115394.24
F02Q10003163|200212|114982.67|0|010|170|||||6.500|0.00||||||||||||||||||||114982.67
F02Q10003163|200301|114568.87|0|011|169|||||6.500|0.00||||||||||||||||||||114568.87
F02Q10003163|200302|114152.83|0|012|168|||||6.500|0.00||||||||||||||||||||114152.83
F02Q10003163|200303|113734.54|0|013|167|||||6.500|0.00||||||||||||||||||||113734.54
F02Q10003163|200304|113313.98|0|014|166|||||6.500|0.00||||||||||||||||||||113313.98
F02Q10003163|200305|112891.14|0|015|165|||||6.500|0.00||||||||||||||||||||112891.14
F02Q10003163|200306|112466.01|0|016|164|||||6.500|0.00||||||||||||||||||||112466.01
F02Q10003163|200307|112038.58|0|017|163|||||6.500|0.00||||||||||||||||||||112038.58
F02Q10003163|200308|111608.84|0|018|162|||||6.500|0.00||||||||||||||||||||111608.84
F02Q10003163|200309|111176.77|0|019|161|||||6.500|0.00||||||||||||||||||||111176.77
F02Q10003163|200310|110742.36|0|020|160|||||6.500|0.00||||||||||||||||||||110742.36
F02Q10003163|200311|110305.59|0|021|159|||||6.500|0.00||||||||||||||||||||110305.59
F02Q10003163|200312|109866.46|0|022|158|||||6.500|0.00||||||||||||||||||||109866.46
F02Q10003163|200401|109424.95|0|023|157|||||6.500|0.00||||||||||||||||||||109424.95
F02Q10003163|200402|108981.05|0|024|156|||||6.500|0.00||||||||||||||||||||108981.05
F02Q10003163|200403|108534.74|0|025|155|||||6.500|0.00||||||||||||||||||||108534.74
F02Q10003163|200404|108086.02|0|026|154|||||6.500|0.00||||||||||||||||||||108086.02
F02Q10003163|200405|107634.87|0|027|153|||||6.500|0.00||||||||||||||||||||107634.87
F02Q10003163|200406|107181.27|0|028|152|||||6.500|0.00||||||||||||||||||||107181.27
F02Q10003163|200407|106725.22|0|029|151|||||6.500|0.00||||||||||||||||||||106725.22
F02Q10003163|200408|106266.69|0|030|150|||||6.500|0.00||||||||||||||||||||106266.69
F02Q10003163|200409|105805.68|0|031|149|||||6.500|0.00||||||||||||||||||||105805.68
F02Q10003163|200410|105342.17|0|032|148|||||6.500|0.00||||||||||||||||||||105342.17
F02Q10003163|200411|104876.15|0|033|147|||||6.500|0.00||||||||||||||||||||104876.15
F02Q10003163|200412|104407.61|0|034|146|||||6.500|0.00||||||||||||||||||||104407.61
F02Q10003163|200501|103936.53|0|035|145|||||6.500|0.00||||||||||||||||||||103936.53
F02Q10003163|200502|103462.90|0|036|144|||||6.500|0.00||||||||||||||||||||103462.90
F02Q10003163|200503|102986.70|0|037|143|||||6.500|0.00||||||||||||||||||||102986.70
F02Q10003163|200504|102507.92|0|038|142|||||6.500|0.00||||||||||||||||||||102507.92
F02Q10003163|200505|102026.55|0|039|141|||||6.500|0.00||||||||||||||||||||102026.55
F02Q10003163|200506|101542.57|0|040|140|||||6.500|0.00||||||||||||||||||||101542.57
F02Q10003163|200507|101055.97|0|041|139|||||6.500|0.00||||||||||||||||||||101055.97
F02Q10003163|200508|100566.74|0|042|138|||||6.500|0.00||||||||||||||||||||100566.74
F02Q10003163|200509|100074.86|0|043|137|||||6.500|0.00||||||||||||||||||||100074.86
F02Q10003163|200510|99580.31|0|044|136|||||6.500|0.00||||||||||||||||||||99580.31
F02Q10003163|200511|99083.08|0|045|135|||||6.500|0.00||||||||||||||||||||99083.08
F02Q10003163|200512|98583.16|0|046|134|||||6.500|0.00||||||||||||||||||||98583.16
F02Q10003163|200601|98080.53|0|047|133|||||6.500|0.00||||||||||||||||||||98080.53
F02Q10003163|200602|97575.18|0|048|132|||||6.500|0.00||||||||||||||||||||97575.18
F02Q10003163|200603|97067.09|0|049|131|||||6.500|0.00||||||||||||||||||||97067.09
F02Q10003163|200604|96556.25|0|050|130|||||6.500|0.00||||||||||||||||||||96556.25
F02Q10003163|200605|96042.64|0|051|129|||||6.500|0.00||||||||||||||||||||96042.64
F02Q10003163|200606|95526.25|0|052|128|||||6.500|0.00||||||||||||||||||||95526.25
F02Q10003163|200607|95007.06|0|053|127|||||6.500|0.00||||||||||||||||||||95007.06
F02Q10003163|200608|94485.06|0|054|126|||||6.500|0.00||||||||||||||||||||94485.06
F02Q10003163|200609|93960.23|0|055|125|||||6.500|0.00||||||||||||||||||||93960.23
F02Q10003163|200610|93432.56|0|056|124|||||6.500|0.00||||||||||||||||||||93432.56
F02Q10003163|200611|92902.03|0|057|123|||||6.500|0.00||||||||||||||||||||92902.03
F02Q10003163|200612|92368.63|0|058|122|||||6.500|0.00||||||||||||||||||||92368.63
F02Q10003163|200701|91832.34|0|059|121|||||6.500|0.00||||||||||||||||||||91832.34
F02Q10003163|200702|91293.15|0|060|120|||||6.500|0.00||||||||||||||||||||91293.15
F02Q10003163|200703|90751.03|0|061|119|||||6.500|0.00||||||||||||||||||||90751.03
F02Q10003163|200704|90205.98|0|062|118|||||6.500|0.00||||||||||||||||||||90205.98
F02Q10003163|200705|89657.98|0|063|117|||||6.500|0.00||||||||||||||||||||89657.98
F02Q10003163|200706|89107.01|0|064|116|||||6.500|0.00||||||||||||||||||||89107.01
F02Q10003163|200707|88553.05|0|065|115|||||6.500|0.00||||||||||||||||||||88553.05
F02Q10003163|200708|87996.09|0|066|114|||||6.500|0.00||||||||||||||||||||87996.09
F02Q10003163|200709|87436.12|0|067|113|||||6.500|0.00||||||||||||||||||||87436.12
F02Q10003163|200710|86873.11|0|068|112|||||6.500|0.00||||||||||||||||||||86873.11
F02Q10003163|200711|86307.05|0|069|111|||||6.500|0.00||||||||||||||||||||86307.05
F02Q10003163|200712|85737.93|0|070|110|||||6.500|0.00||||||||||||||||||||85737.93
F02Q10003163|200801|85165.72|0|071|109|||||6.500|0.00||||||||||||||||||||85165.72
F02Q10003163|200802|84590.41|0|072|108|||||6.500|0.00||||||||||||||||||||84590.41
F02Q10003163|200803|84011.99|0|073|107|||||6.500|0.00||||||||||||||||||||84011.99
F02Q10003163|200804|83430.43|0|074|106|||||6.500|0.00||||||||||||||||||||83430.43
F02Q10003163|200805|82845.72|0|075|105|||||6.500|0.00||||||||||||||||||||82845.72
F02Q10003163|200806|82257.85|0|076|104|||||6.500|0.00||||||||||||||||||||82257.85
F02Q10003163|200807|81666.79|0|077|103|||||6.500|0.00||||||||||||||||||||81666.79
F02Q10003163|200808|81072.53|0|078|102|||||6.500|0.00||||||||||||||||||||81072.53
F02Q10003163|200809|80475.05|0|079|101|||||6.500|0.00||||||||||||||||||||80475.05
F02Q10003163|200810|79874.34|0|080|100|||||6.500|0.00||||||||||||||||||||79874.34
F02Q10003163|200811|79270.37|0|081|099|||||6.500|0.00||||||||||||||||||||79270.37
F02Q10003163|200812|78663.13|0|082|098|||||6.500|0.00||||||||||||||||||||78663.13
F02Q10003163|200901|78052.60|0|083|097|||||6.500|0.00||||||||||||||||||||78052.60
F02Q10003163|200902|77438.76|0|084|096|||||6.500|0.00||||||||||||||||||||77438.76
F02Q10003163|200903|76821.60|0|085|095|||||6.500|0.00||||||||||||||||||||76821.60
F02Q10003163|200904|76201.10|0|086|094|||||6.500|0.00||||||||||||||||||||76201.10
F02Q10003163|200905|75577.24|0|087|093|||||6.500|0.00||||||||||||||||||||75577.24
F02Q10003163|200906|74950.00|0|088|092|||||6.500|0.00||||||||||||||||||||74950.00
F02Q10003163|200907|74319.36|0|089|091|||||6.500|0.00||||||||||||||||||||74319.36
F02Q10003163|200908|73685.30|0|090|090|||||6.500|0.00||||||||||||||||||||73685.30
F02Q10003163|200909|73047.81|0|091|089|||||6.500|0.00||||||||||||||||||||73047.81
F02Q10003163|200910|72406.87|0|092|088|||||6.500|0.00||||||||||||||||||||72406.87
F02Q10003163|200911|71762.45|0|093|087|||||6.500|0.00||||||||||||||||||||71762.45
F02Q10003163|200912|71114.54|0|094|086|||||6.500|0.00||||||||||||||||||||71114.54
F02Q10003163|201001|70463.12|0|095|085|||||6.500|0.00||||||||||||||||||||70463.12
F02Q10003163|201002|69808.18|0|096|084|||||6.500|0.00||||||||||||||||||||69808.18
F02Q10003163|201003|69149.69|0|097|083|||||6.500|0.00||||||||||||||||||||69149.69
F02Q10003163|201004|68487.63|0|098|082|||||6.500|0.00||||||||||||||||||||68487.63
F02Q10003163|201005|67821.98|0|099|081|||||6.500|0.00||||||||||||||||||||67821.98
F02Q10003163|201006|0.00|0|100|080|||01|201006|6.500|0.00|||||||||||||||67821.98|||||0.00
F02Q10003171|200202|52000.00|0|000|180|||||6.500|0.00||||||||||||||||||||52000.00
F02Q10003171|200203|52000.00|0|001|179|||||6.500|0.00||||||||||||||||||||52000.00
F02Q10003171|200204|51000.00|0|002|178|||||6.500|0.00||||||||||||||||||||51000.00
F02Q10003171|200205|51000.00|0|003|177|||||6.500|0.00||||||||||||||||||||51000.00
F02Q10003171|200206|51000.00|0|004|176|||||6.500|0.00||||||||||||||||||||51000.00
F02Q10003171|200207|51000.00|0|005|175|||||6.500|0.00||||||||||||||||||||51000.00
F02Q10003171|200208|51000.00|0|006|174|||||6.500|0.00||||||||||||||||||||51000.00
F02Q10003171|200209|50537.02|0|007|173|||||6.500|0.00||||||||||||||||||||50537.02
F02Q10003171|200210|50359.96|0|008|172|||||6.500|0.00||||||||||||||||||||50359.96
F02Q10003171|200211|50181.94|0|009|171|||||6.500|0.00||||||||||||||||||||50181.94
F02Q10003171|200212|50002.96|0|010|170|||||6.500|0.00||||||||||||||||||||50002.96
F02Q10003171|200301|49823.01|0|011|169|||||6.500|0.00||||||||||||||||||||49823.01
F02Q10003171|200302|49642.08|0|012|168|||||6.500|0.00||||||||||||||||||||49642.08
F02Q10003171|200303|49460.17|0|013|167|||||6.500|0.00||||||||||||||||||||49460.17
F02Q10003171|200304|49277.28|0|014|166|||||6.500|0.00||||||||||||||||||||49277.28
F02Q10003171|200305|49093.40|0|015|165|||||6.500|0.00||||||||||||||||||||49093.40
F02Q10003171|200306|48908.52|0|016|164|||||6.500|0.00||||||||||||||||||||48908.52
F02Q10003171|200307|48722.64|0|017|163|||||6.500|0.00||||||||||||||||||||48722.64
F02Q10003171|200308|48535.75|0|018|162|||||6.500|0.00||||||||||||||||||||48535.75
F02Q10003171|200309|48347.85|0|019|161|||||6.500|0.00||||||||||||||||||||48347.85
F02Q10003171|200310|48158.93|0|020|160|||||6.500|0.00||||||||||||||||||||48158.93
F02Q10003171|200311|47968.99|0|021|159|||||6.500|0.00||||||||||||||||||||47968.99
F02Q10003171|200312|47778.02|0|022|158|||||6.500|0.00||||||||||||||||||||47778.02
F02Q10003171|200401|47586.02|0|023|157|||||6.500|0.00||||||||||||||||||||47586.02
F02Q10003171|200402|47392.98|0|024|156|||||6.500|0.00||||||||||||||||||||47392.98
F02Q10003171|200403|47198.89|0|025|155|||||6.500|0.00||||||||||||||||||||47198.89
F02Q10003171|200404|47003.75|0|026|154|||||6.500|0.00||||||||||||||||||||47003.75
F02Q10003171|200405|46807.55|0|027|153|||||6.500|0.00||||||||||||||||||||46807.55
F02Q10003171|200406|46610.29|0|028|152|||||6.500|0.00||||||||||||||||||||46610.29
F02Q10003171|200407|46411.96|0|029|151|||||6.500|0.00||||||||||||||||||||46411.96
F02Q10003171|200408|0.00|0|030|150|||01|200408|6.500|0.00|||||||||||||||46411.96|||||0.00
F02Q10003330|200202|44000.00|0|000|180|||||6.250|0.00||||||||||||||||||||44000.00
F02Q10003330|200203|44000.00|0|001|179|||||6.250|0.00||||||||||||||||||||44000.00
F02Q10003330|200204|44000.00|0|002|178|||||6.250|0.00||||||||||||||||||||44000.00
F02Q10003330|200205|43000.00|0|003|177|||||6.250|0.00||||||||||||||||||||43000.00
F02Q10003330|200206|43000.00|0|004|176|||||6.250|0.00||||||||||||||||||||43000.00
F02Q10003330|200207|43000.00|0|005|175|||||6.250|0.00||||||||||||||||||||43000.00
F02Q10003330|200208|42000.00|0|006|174|||||6.250|0.00||||||||||||||||||||42000.00
F02Q10003330|200209|42280.82|0|007|173|||||6.250|0.00||||||||||||||||||||42280.82
F02Q10003330|200210|42115.19|0|008|172|||||6.250|0.00||||||||||||||||||||42115.19
F02Q10003330|200211|41698.70|0|009|171|||||6.250|0.00||||||||||||||||||||41698.70
F02Q10003330|200212|41530.04|0|010|170|||||6.250|0.00||||||||||||||||||||41530.04
F02Q10003330|200301|41360.50|0|011|169|||||6.250|0.00||||||||||||||||||||41360.50
F02Q10003330|200302|41190.08|0|012|168|||||6.250|0.00||||||||||||||||||||41190.08
F02Q10003330|200303|41018.77|0|013|167|||||6.250|0.00||||||||||||||||||||41018.77
F02Q10003330|200304|40846.57|0|014|166|||||6.250|0.00||||||||||||||||||||40846.57
F02Q10003330|200305|40673.47|0|015|165|||||6.250|0.00||||||||||||||||||||40673.47
F02Q10003330|200306|40499.47|0|016|164|||||6.250|0.00||||||||||||||||||||40499.47
F02Q10003330|200307|40324.56|0|017|163|||||6.250|0.00||||||||||||||||||||40324.56
F02Q10003330|200308|40148.74|0|018|162|||||6.250|0.00||||||||||||||||||||40148.74
F02Q10003330|200309|39972.01|0|019|161|||||6.250|0.00||||||||||||||||||||39972.01
F02Q10003330|200310|39794.36|0|020|160|||||6.250|0.00||||||||||||||||||||39794.36
F02Q10003330|200311|34615.78|0|021|159|||||6.250|0.00||||||||||||||||||||34615.78
F02Q10003330|200312|34410.23|0|022|158|||||6.250|0.00||||||||||||||||||||34410.23
F02Q10003330|200401|34203.61|0|023|157|||||6.250|0.00||||||||||||||||||||34203.61
F02Q10003330|200402|33995.91|0|024|156|||||6.250|0.00||||||||||||||||||||33995.91
F02Q10003330|200403|33787.13|0|025|155|||||6.250|0.00||||||||||||||||||||33787.13
F02Q10003330|200404|33577.26|0|026|154|||||6.250|0.00||||||||||||||||||||33577.26
F02Q10003330|200405|33366.30|0|027|153|||||6.250|0.00||||||||||||||||||||33366.30
F02Q10003330|200406|33154.24|0|028|152|||||6.250|0.00||||||||||||||||||||33154.24
F02Q10003330|200407|32941.08|0|029|151|||||6.250|0.00||||||||||||||||||||32941.08
F02Q10003330|200408|32726.81|0|030|150|||||6.250|0.00||||||||||||||||||||32726.81
F02Q10003330|200409|32511.42|0|031|149|||||6.250|0.00||||||||||||||||||||32511.42
F02Q10003330|200410|30294.91|0|032|148|||||6.250|0.00||||||||||||||||||||30294.91
F02Q10003330|200411|29066.86|0|033|147|||||6.250|0.00||||||||||||||||||||29066.86
F02Q10003330|200412|28332.41|0|034|146|||||6.250|0.00||||||||||||||||||||28332.41
F02Q10003330|200501|27094.13|0|035|145|||||6.250|0.00||||||||||||||||||||27094.13
F02Q10003330|200502|26427.71|0|036|144|||||6.250|0.00||||||||||||||||||||26427.71
F02Q10003330|200503|25157.81|0|037|143|||||6.250|0.00||||||||||||||||||||25157.81
F02Q10003330|200504|23928.70|0|038|142|||||6.250|0.00||||||||||||||||||||23928.70
F02Q10003330|200505|23645.79|0|039|141|||||6.250|0.00||||||||||||||||||||23645.79
F02Q10003330|200506|23361.41|0|040|140|||||6.250|0.00||||||||||||||||||||23361.41
F02Q10003330|200507|23075.54|0|041|139|||||6.250|0.00||||||||||||||||||||23075.54
F02Q10003330|200508|22788.19|0|042|138|||||6.250|0.00||||||||||||||||||||22788.19
F02Q10003330|200509|21499.34|0|043|137|||||6.250|0.00||||||||||||||||||||21499.34
F02Q10003330|200510|19203.78|0|044|136|||||6.250|0.00||||||||||||||||||||19203.78
F02Q10003330|200511|18896.26|0|045|135|||||6.250|0.00||||||||||||||||||||18896.26
F02Q10003330|200512|18587.14|0|046|134|||||6.250|0.00||||||||||||||||||||18587.14
F02Q10003330|200601|17276.41|0|047|133|||||6.250|0.00||||||||||||||||||||17276.41
F02Q10003330|200602|15980.55|0|048|132|||||6.250|0.00||||||||||||||||||||15980.55
F02Q10003330|200603|14677.94|0|049|131|||||6.250|0.00||||||||||||||||||||14677.94
F02Q10003330|200604|14368.55|0|050|130|||||6.250|0.00||||||||||||||||||||14368.55
F02Q10003330|200605|14057.55|0|051|129|||||6.250|0.00||||||||||||||||||||14057.55
F02Q10003330|200606|13744.93|0|052|128|||||6.250|0.00||||||||||||||||||||13744.93
F02Q10003330|200607|13430.68|0|053|127|||||6.250|0.00||||||||||||||||||||13430.68
F02Q10003330|200608|13114.79|0|054|126|||||6.250|0.00||||||||||||||||||||13114.79
F02Q10003330|200609|11797.26|0|055|125|||||6.250|0.00||||||||||||||||||||11797.26
F02Q10003330|200610|11472.86|0|056|124|||||6.250|0.00||||||||||||||||||||11472.86
F02Q10003330|200611|10146.77|0|057|123|||||6.250|0.00||||||||||||||||||||10146.77
F02Q10003330|200612|8813.78|0|058|122|||||6.250|0.00||||||||||||||||||||8813.78
F02Q10003330|200701|8473.85|0|059|121|||||6.250|0.00||||||||||||||||||||8473.85
F02Q10003330|200702|8127.06|0|060|120|||||6.250|0.00||||||||||||||||||||8127.06
F02Q10003330|200703|6278.47|0|061|119|||||6.250|0.00||||||||||||||||||||6278.47
F02Q10003330|200704|920.25|0|062|118|||||6.250|0.00||||||||||||||||||||920.25
F02Q10003330|200705|0.00|0|063|117|||01|200705|6.250|0.00|||||||||||||||920.25|||||0.00
F02Q10003339|200202|95000.00|0|000|180|||||6.625|0.00||||||||||||||||||||95000.00
F02Q10003339|200203|95000.00|0|001|179|||||6.625|0.00||||||||||||||||||||95000.00
F02Q10003339|200204|95000.00|0|002|178|||||6.625|0.00||||||||||||||||||||95000.00
F02Q10003339|200205|94000.00|0|003|177|||||6.625|0.00||||||||||||||||||||94000.00
F02Q10003339|200206|94000.00|0|004|176|||||6.625|0.00||||||||||||||||||||94000.00
F02Q10003339|200207|93000.00|0|005|175|||||6.625|0.00||||||||||||||||||||93000.00
F02Q10003339|200208|93000.00|0|006|174|||||6.625|0.00||||||||||||||||||||93000.00
F02Q10003339|200209|92601.58|0|007|173|||||6.625|0.00||||||||||||||||||||92601.58
F02Q10003339|200210|0.00|0|008|172|||01|200210|6.625|0.00|||||||||||||||92601.58|||||0.00
F02Q10003342|200202|24000.00|0|000|180|||||6.375|0.00||||||||||||||||||||24000.00
F02Q10003342|200203|24000.00|0|001|179|||||6.375|0.00||||||||||||||||||||24000.00
F02Q10003342|200204|24000.00|0|002|178|||||6.375|0.00||||||||||||||||||||24000.00
F02Q10003342|200205|24000.00|0|003|177|||||6.375|0.00||||||||||||||||||||24000.00
F02Q10003342|200206|24000.00|0|004|176|||||6.375|0.00||||||||||||||||||||24000.00
F02Q10003342|200207|23000.00|0|005|175|||||6.375|0.00||||||||||||||||||||23000.00
F02Q10003342|200208|23000.00|0|006|174|||||6.375|0.00||||||||||||||||||||23000.00
F02Q10003342|200209|23247.14|0|007|173|||||6.375|0.00||||||||||||||||||||23247.14
F02Q10003342|200210|23138.53|0|008|172|||||6.375|0.00||||||||||||||||||||23138.53
F02Q10003342|200211|23029.47|0|009|171|||||6.375|0.00||||||||||||||||||||23029.47
F02Q10003342|200212|22911.22|0|010|170|||||6.375|0.00||||||||||||||||||||22911.22
F02Q10003342|200301|22801.08|0|011|169|||||6.375|0.00||||||||||||||||||||22801.08
F02Q10003342|200302|22690.10|0|012|168|||||6.375|0.00||||||||||||||||||||22690.10
F02Q10003342|200303|22601.59|0|013|167|||||6.375|0.00||||||||||||||||||||22601.59
F02Q10003342|200304|22494.54|0|014|166|||||6.375|0.00||||||||||||||||||||22494.54
F02Q10003342|200305|22406.93|0|015|165|||||6.375|0.00||||||||||||||||||||22406.93
F02Q10003342|200306|22318.85|0|016|164|||||6.375|0.00||||||||||||||||||||22318.85
F02Q10003342|200307|22230.30|0|017|163|||||6.375|0.00||||||||||||||||||||22230.30
F02Q10003342|200308|22141.28|0|018|162|||||6.375|0.00||||||||||||||||||||22141.28
F02Q10003342|200309|22051.79|0|019|161|||||6.375|0.00||||||||||||||||||||22051.79
F02Q10003342|200310|21961.82|0|020|160|||||6.375|0.00||||||||||||||||||||21961.82
F02Q10003342|200311|21871.37|0|021|159|||||6.375|0.00||||||||||||||||||||21871.37
F02Q10003342|200312|21780.44|0|022|158|||||6.375|0.00||||||||||||||||||||21780.44
F02Q10003342|200401|21689.03|0|023|157|||||6.375|0.00||||||||||||||||||||21689.03
F02Q10003342|200402|21597.13|0|024|156|||||6.375|0.00||||||||||||||||||||21597.13
F02Q10003342|200403|21504.75|0|025|155|||||6.375|0.00||||||||||||||||||||21504.75
F02Q10003342|200404|21411.87|0|026|154|||||6.375|0.00||||||||||||||||||||21411.87
F02Q10003342|200405|21318.50|0|027|153|||||6.375|0.00||||||||||||||||||||21318.50
F02Q10003342|200406|11202.36|0|028|152|||||6.375|0.00||||||||||||||||||||11202.36
F02Q10003342|200407|11054.75|0|029|151|||||6.375|0.00||||||||||||||||||||11054.75
F02Q10003342|200408|10906.36|0|030|150|||||6.375|0.00||||||||||||||||||||10906.36
F02Q10003342|200409|10757.18|0|031|149|||||6.375|0.00||||||||||||||||||||10757.18
F02Q10003342|200410|10607.21|0|032|148|||||6.375|0.00||||||||||||||||||||10607.21
F02Q10003342|200411|10456.44|0|033|147|||||6.375|0.00||||||||||||||||||||10456.44
F02Q10003342|200412|10304.87|0|034|146|||||6.375|0.00||||||||||||||||||||10304.87
F02Q10003342|200501|10152.49|0|035|145|||||6.375|0.00||||||||||||||||||||10152.49
F02Q10003342|200502|9999.30|0|036|144|||||6.375|0.00||||||||||||||||||||9999.30
F02Q10003342|200503|9845.30|0|037|143|||||6.375|0.00||||||||||||||||||||9845.30
F02Q10003342|200504|9690.48|0|038|142|||||6.375|0.00||||||||||||||||||||9690.48
F02Q10003342|200505|9534.84|0|039|141|||||6.375|0.00||||||||||||||||||||9534.84
F02Q10003342|200506|9378.37|0|040|140|||||6.375|0.00||||||||||||||||||||9378.37
F02Q10003342|200507|9221.07|0|041|139|||||6.375|0.00||||||||||||||||||||9221.07
F02Q10003342|200508|9062.94|0|042|138|||||6.375|0.00||||||||||||||||||||9062.94
F02Q10003342|200509|8903.97|0|043|137|||||6.375|0.00||||||||||||||||||||8903.97
F02Q10003342|200510|8744.15|0|044|136|||||6.375|0.00||||||||||||||||||||8744.15
F02Q10003342|200511|8583.48|0|045|135|||||6.375|0.00||||||||||||||||||||8583.48
F02Q10003342|200512|8421.96|0|046|134|||||6.375|0.00||||||||||||||||||||8421.96
F02Q10003342|200601|8259.58|0|047|133|||||6.375|0.00||||||||||||||||||||8259.58
F02Q10003342|200602|0.00|0|048|132|||01|200602|6.375|0.00|||||||||||||||8259.58|||||0.00
F02Q10003400|200202|80000.00|0|000|360|||||7.500|0.00||||||||||||||||||||80000.00
F02Q10003400|200203|80000.00|0|001|359|||||7.500|0.00||||||||||||||||||||80000.00
F02Q10003400|200204|80000.00|0|002|358|||||7.500|0.00||||||||||||||||||||80000.00
F02Q10003400|200205|80000.00|0|003|357|||||7.500|0.00||||||||||||||||||||80000.00
F02Q10003400|200206|80000.00|0|004|356|||||7.500|0.00||||||||||||||||||||80000.00
F02Q10003400|200207|80000.00|0|005|355|||||7.500|0.00||||||||||||||||||||80000.00
F02Q10003400|200208|80000.00|0|006|354|||||7.500|0.00||||||||||||||||||||80000.00
F02Q10003400|200209|79576.54|0|007|353|||||7.500|0.00||||||||||||||||||||79576.54
F02Q10003400|200210|79514.52|0|008|352|||||7.500|0.00||||||||||||||||||||79514.52
F02Q10003400|200211|79452.12|0|009|351|||||7.500|0.00||||||||||||||||||||79452.12
F02Q10003400|200212|79389.33|0|010|350|||||7.500|0.00||||||||||||||||||||79389.33
F02Q10003400|200301|79326.14|0|011|349|||||7.500|0.00||||||||||||||||||||79326.14
F02Q10003400|200302|79262.56|0|012|348|||||7.500|0.00||||||||||||||||||||79262.56
F02Q10003400|200303|79198.58|0|013|347|||||7.500|0.00||||||||||||||||||||79198.58
F02Q10003400|200304|0.00|0|014|346|||01|200304|7.500|0.00|||||||||||||||79198.58|||||0.00
F02Q10003421|200201|53000.00|0|000|180|||||6.500|0.00||||||||||||||||||||53000.00
F02Q10003421|200202|53000.00|0|001|179|||||6.500|0.00||||||||||||||||||||53000.00
F02Q10003421|200203|52000.00|0|002|178|||||6.500|0.00||||||||||||||||||||52000.00
F02Q10003421|200204|52000.00|0|003|177|||||6.500|0.00||||||||||||||||||||52000.00
F02Q10003421|200205|51000.00|0|004|176|||||6.500|0.00||||||||||||||||||||51000.00
F02Q10003421|200206|51000.00|0|005|175|||||6.500|0.00||||||||||||||||||||51000.00
F02Q10003421|200207|51000.00|0|006|174|||||6.500|0.00||||||||||||||||||||51000.00
F02Q10003421|200208|50314.99|0|007|173|||||6.500|0.00||||||||||||||||||||50314.99
F02Q10003421|200209|49925.84|0|008|172|||||6.500|0.00||||||||||||||||||||49925.84
F02Q10003421|200210|49534.58|0|009|171|||||6.500|0.00||||||||||||||||||||49534.58
F02Q10003421|200211|49141.20|0|010|170|||||6.500|0.00||||||||||||||||||||49141.20
F02Q10003421|200212|48745.69|0|011|169|||||6.500|0.00||||||||||||||||||||48745.69
F02Q10003421|200301|48348.04|0|012|168|||||6.500|0.00||||||||||||||||||||48348.04
F02Q10003421|200302|47948.24|0|013|167|||||6.500|0.00||||||||||||||||||||47948.24
F02Q10003421|200303|47546.27|0|014|166|||||6.500|0.00||||||||||||||||||||47546.27
F02Q10003421|200304|47142.12|0|015|165|||||6.500|0.00||||||||||||||||||||47142.12
F02Q10003421|200305|46735.78|0|016|164|||||6.500|0.00||||||||||||||||||||46735.78
F02Q10003421|200306|46327.24|0|017|163|||||6.500|0.00||||||||||||||||||||46327.24
F02Q10003421|200307|45916.49|0|018|162|||||6.500|0.00||||||||||||||||||||45916.49
F02Q10003421|200308|45503.51|0|019|161|||||6.500|0.00||||||||||||||||||||45503.51
F02Q10003421|200309|45088.30|0|020|160|||||6.500|0.00||||||||||||||||||||45088.30
F02Q10003421|200310|44670.84|0|021|159|||||6.500|0.00||||||||||||||||||||44670.84
F02Q10003421|200311|44251.12|0|022|158|||||6.500|0.00||||||||||||||||||||44251.12
F02Q10003421|200312|43829.12|0|023|157|||||6.500|0.00||||||||||||||||||||43829.12
F02Q10003421|200401|43604.84|0|024|156|||||6.500|0.00||||||||||||||||||||43604.84
F02Q10003421|200402|43379.34|0|025|155|||||6.500|0.00||||||||||||||||||||43379.34
F02Q10003421|200403|0.00|0|026|154|||01|200403|6.500|0.00|||||||||||||||43379.34|||||0.00
F02Q10003427|200202|78000.00|0|000|180|||||6.625|0.00||||||||||||||||||||78000.00
F02Q10003427|200203|77000.00|0|001|179|||||6.625|0.00||||||||||||||||||||77000.00
F02Q10003427|200204|77000.00|0|002|178|||||6.625|0.00||||||||||||||||||||77000.00
F02Q10003427|200205|77000.00|0|003|177|||||6.625|0.00||||||||||||||||||||77000.00
F02Q10003427|200206|76000.00|0|004|176|||||6.625|0.00||||||||||||||||||||76000.00
F02Q10003427|200207|76000.00|0|005|175|||||6.625|0.00||||||||||||||||||||76000.00
F02Q10003427|200208|76000.00|0|006|174|||||6.625|0.00||||||||||||||||||||76000.00
F02Q10003427|200209|75702.34|0|007|173|||||6.625|0.00||||||||||||||||||||75702.34
F02Q10003427|200210|75439.83|0|008|172|||||6.625|0.00||||||||||||||||||||75439.83
F02Q10003427|200211|75175.87|0|009|171|||||6.625|0.00||||||||||||||||||||75175.87
F02Q10003427|200212|74910.45|0|010|170|||||6.625|0.00||||||||||||||||||||74910.45
F02Q10003427|200301|74643.57|0|011|169|||||6.625|0.00||||||||||||||||||||74643.57
F02Q10003427|200302|74375.21|0|012|168|||||6.625|0.00||||||||||||||||||||74375.21
F02Q10003427|200303|74105.37|0|013|167|||||6.625|0.00||||||||||||||||||||74105.37
F02Q10003427|200304|73834.04|0|014|166|||||6.625|0.00||||||||||||||||||||73834.04
F02Q10003427|200305|73561.22|0|015|165|||||6.625|0.00||||||||||||||||||||73561.22
F02Q10003427|200306|73286.89|0|016|164|||||6.625|0.00||||||||||||||||||||73286.89
F02Q10003427|200307|73011.04|0|017|163|||||6.625|0.00||||||||||||||||||||73011.04
F02Q10003427|200308|0.00|0|018|162|||01|200308|6.625|0.00|||||||||||||||73011.04|||||0.00
F02Q10003462|200202|161000.00|0|000|180|||||6.125|0.00||||||||||||||||||||161000.00
F02Q10003462|200203|160000.00|0|001|179|||||6.125|0.00||||||||||||||||||||160000.00
F02Q10003462|200204|160000.00|0|002|178|||||6.125|0.00||||||||||||||||||||160000.00
F02Q10003462|200205|159000.00|0|003|177|||||6.125|0.00||||||||||||||||||||159000.00
F02Q10003462|200206|159000.00|0|004|176|||||6.125|0.00||||||||||||||||||||159000.00
F02Q10003462|200207|158000.00|0|005|175|||||6.125|0.00||||||||||||||||||||158000.00
F02Q10003462|200208|158000.00|0|006|174|||||6.125|0.00||||||||||||||||||||158000.00
F02Q10003462|200209|157106.62|0|007|173|||||6.125|0.00||||||||||||||||||||157106.62
F02Q10003462|200210|156539.01|0|008|172|||||6.125|0.00||||||||||||||||||||156539.01
F02Q10003462|200211|155968.50|0|009|171|||||6.125|0.00||||||||||||||||||||155968.50
F02Q10003462|200212|155395.08|0|010|170|||||6.125|0.00||||||||||||||||||||155395.08
F02Q10003462|200301|154818.73|0|011|169|||||6.125|0.00||||||||||||||||||||154818.73
F02Q10003462|200302|154239.44|0|012|168|||||6.125|0.00||||||||||||||||||||154239.44
F02Q10003462|200303|153657.19|0|013|167|||||6.125|0.00||||||||||||||||||||153657.19
F02Q10003462|200304|153071.97|0|014|166|||||6.125|0.00||||||||||||||||||||153071.97
F02Q10003462|200305|152483.76|0|015|165|||||6.125|0.00||||||||||||||||||||152483.76
F02Q10003462|200306|151892.55|0|016|164|||||6.125|0.00||||||||||||||||||||151892.55
F02Q10003462|200307|0.00|0|017|163|||01|200307|6.125|0.00|||||||||||||||151892.55|||||0.00
F02Q10003494|200202|115000.00|0|000|180|||||6.875|0.00||||||||||||||||||||115000.00
F02Q10003494|200203|115000.00|0|001|179|||||6.875|0.00||||||||||||||||||||115000.00
F02Q10003494|200204|114000.00|0|002|178|||||6.875|0.00||||||||||||||||||||114000.00
F02Q10003494|200205|114000.00|0|003|177|||||6.875|0.00||||||||||||||||||||114000.00
F02Q10003494|200206|114000.00|0|004|176|||||6.875|0.00||||||||||||||||||||114000.00
F02Q10003494|200207|113000.00|0|005|175|||||6.875|0.00||||||||||||||||||||113000.00
F02Q10003494|200208|113000.00|0|006|174|||||6.875|0.00||||||||||||||||||||113000.00
F02Q10003494|200209|112382.83|0|007|173|||||6.875|0.00||||||||||||||||||||112382.83
F02Q10003494|200210|112001.06|0|008|172|||||6.875|0.00||||||||||||||||||||112001.06
F02Q10003494|200211|111617.10|0|009|171|||||6.875|0.00||||||||||||||||||||111617.10
F02Q10003494|200212|0.00|0|010|170|||01|200212|6.875|0.00|||||||||||||||111617.10|||||0.00
F02Q10003557|200202|113000.00|0|000|180|||||5.999|0.00||||||||||||||||||||113000.00
F02Q10003557|200203|112000.00|0|001|179|||||5.999|0.00||||||||||||||||||||112000.00
F02Q10003557|200204|112000.00|0|002|178|||||5.999|0.00||||||||||||||||||||112000.00
F02Q10003557|200205|111000.00|0|003|177|||||5.999|0.00||||||||||||||||||||111000.00
F02Q10003557|200206|110000.00|0|004|176|||||5.999|0.00||||||||||||||||||||110000.00
F02Q10003557|200207|110000.00|0|005|175|||||5.999|0.00||||||||||||||||||||110000.00
F02Q10003557|200208|109000.00|0|006|174|||||5.999|0.00||||||||||||||||||||109000.00
F02Q10003557|200209|108441.06|0|007|173|||||5.999|0.00||||||||||||||||||||108441.06
F02Q10003557|200210|107829.67|0|008|172|||||5.999|0.00||||||||||||||||||||107829.67
F02Q10003557|200211|107215.23|0|009|171|||||5.999|0.00||||||||||||||||||||107215.23
F02Q10003557|200212|106597.72|0|010|170|||||5.999|0.00||||||||||||||||||||106597.72
F02Q10003557|200301|105952.12|0|011|169|||||5.999|0.00||||||||||||||||||||105952.12
F02Q10003557|200302|105328.29|0|012|168|||||5.999|0.00||||||||||||||||||||105328.29
F02Q10003557|200303|104701.34|0|013|167|||||5.999|0.00||||||||||||||||||||104701.34
F02Q10003557|200304|104271.26|0|014|166|||||5.999|0.00||||||||||||||||||||104271.26
F02Q10003557|200305|103839.03|0|015|165|||||5.999|0.00||||||||||||||||||||103839.03
F02Q10003557|200306|0.00|0|016|164|||01|200306|5.999|0.00|||||||||||||||103839.03|||||0.00
F02Q10003678|200202|163000.00|0|000|240|||||6.125|0.00||||||||||||||||||||163000.00
F02Q10003678|200203|163000.00|0|001|239|||||6.125|0.00||||||||||||||||||||163000.00
F02Q10003678|200204|162000.00|0|002|238|||||6.125|0.00||||||||||||||||||||162000.00
F02Q10003678|200205|162000.00|0|003|237|||||6.125|0.00||||||||||||||||||||162000.00
F02Q10003678|200206|161000.00|0|004|236|||||6.125|0.00||||||||||||||||||||161000.00
F02Q10003678|200207|161000.00|0|005|235|||||6.125|0.00||||||||||||||||||||161000.00
F02Q10003678|200208|160000.00|0|006|234|||||6.125|0.00||||||||||||||||||||160000.00
F02Q10003678|200209|159818.43|0|007|233|||||6.125|0.00||||||||||||||||||||159818.43
F02Q10003678|200210|159354.60|0|008|232|||||6.125|0.00||||||||||||||||||||159354.60
F02Q10003678|200211|158888.40|0|009|231|||||6.125|0.00||||||||||||||||||||158888.40
F02Q10003678|200212|158419.82|0|010|230|||||6.125|0.00||||||||||||||||||||158419.82
F02Q10003678|200301|157948.85|0|011|229|||||6.125|0.00||||||||||||||||||||157948.85
F02Q10003678|200302|157475.48|0|012|228|||||6.125|0.00||||||||||||||||||||157475.48
F02Q10003678|200303|156999.69|0|013|227|||||6.125|0.00||||||||||||||||||||156999.69
F02Q10003678|200304|156521.47|0|014|226|||||6.125|0.00||||||||||||||||||||156521.47
F02Q10003678|200305|156040.81|0|015|225|||||6.125|0.00||||||||||||||||||||156040.81
F02Q10003678|200306|155557.70|0|016|224|||||6.125|0.00||||||||||||||||||||155557.70
F02Q10003678|200307|0.00|0|017|223|||01|200307|6.125|0.00|||||||||||||||155557.70|||||0.00
F02Q10003715|200202|95000.00|0|000|360|||||7.125|0.00||||||||||||||||||||95000.00
F02Q10003715|200203|95000.00|0|001|359|||||7.125|0.00||||||||||||||||||||95000.00
F02Q10003715|200204|95000.00|0|002|358|||||7.125|0.00||||||||||||||||||||95000.00
F02Q10003715|200205|94000.00|0|003|357|||||7.125|0.00||||||||||||||||||||94000.00
F02Q10003715|200206|94000.00|0|004|356|||||7.125|0.00||||||||||||||||||||94000.00
F02Q10003715|200207|94000.00|0|005|355|||||7.125|0.00||||||||||||||||||||94000.00
F02Q10003715|200208|94000.00|0|006|354|||||7.125|0.00||||||||||||||||||||94000.00
F02Q10003715|200209|94134.57|0|007|353|||||7.125|0.00||||||||||||||||||||94134.57
F02Q10003715|200210|94004.80|0|008|352|||||7.125|0.00||||||||||||||||||||94004.80
F02Q10003715|200211|93924.26|0|009|351|||||7.125|0.00||||||||||||||||||||93924.26
F02Q10003715|200212|0.00|0|010|350|||01|200212|7.125|0.00|||||||||||||||93924.26|||||0.00
F02Q10003761|200202|57000.00|0|000|180|||||6.375|0.00||||||||||||||||||||57000.00
F02Q10003761|200203|57000.00|0|001|179|||||6.375|0.00||||||||||||||||||||57000.00
F02Q10003761|200204|57000.00|0|002|178|||||6.375|0.00||||||||||||||||||||57000.00
F02Q10003761|200205|56000.00|0|003|177|||||6.375|0.00||||||||||||||||||||56000.00
F02Q10003761|200206|56000.00|0|004|176|||||6.375|0.00||||||||||||||||||||56000.00
F02Q10003761|200207|56000.00|0|005|175|||||6.375|0.00||||||||||||||||||||56000.00
F02Q10003761|200208|56000.00|0|006|174|||||6.375|0.00||||||||||||||||||||56000.00
F02Q10003761|200209|55649.91|0|007|173|||||6.375|0.00||||||||||||||||||||55649.91
F02Q10003761|200210|55452.92|0|008|172|||||6.375|0.00||||||||||||||||||||55452.92
F02Q10003761|200211|55254.88|0|009|171|||||6.375|0.00||||||||||||||||||||55254.88
F02Q10003761|200212|55055.79|0|010|170|||||6.375|0.00||||||||||||||||||||55055.79
F02Q10003761|200301|54855.64|0|011|169|||||6.375|0.00||||||||||||||||||||54855.64
F02Q10003761|200302|54654.43|0|012|168|||||6.375|0.00||||||||||||||||||||54654.43
F02Q10003761|200303|54452.15|0|013|167|||||6.375|0.00||||||||||||||||||||54452.15
F02Q10003761|200304|0.00|0|014|166|||01|200304|6.375|0.00|||||||||||||||54452.15|||||0.00
F02Q10003768|200202|68000.00|0|000|360|||||6.500|0.00||||||||||||||||||||68000.00
F02Q10003768|200203|67000.00|0|001|359|||||6.500|0.00||||||||||||||||||||67000.00
F02Q10003768|200204|67000.00|0|002|358|||||6.500|0.00||||||||||||||||||||67000.00
F02Q10003768|200205|67000.00|0|003|357|||||6.500|0.00||||||||||||||||||||67000.00
F02Q10003768|200206|67000.00|0|004|356|||||6.500|0.00||||||||||||||||||||67000.00
F02Q10003768|200207|67000.00|0|005|355|||||6.500|0.00||||||||||||||||||||67000.00
F02Q10003768|200208|67000.00|0|006|354|||||6.500|0.00||||||||||||||||||||67000.00
F02Q10003768|200209|67063.77|0|007|353|||||6.500|0.00||||||||||||||||||||67063.77
F02Q10003768|200210|66998.35|0|008|352|||||6.500|0.00||||||||||||||||||||66998.35
F02Q10003768|200211|66932.58|0|009|351|||||6.500|0.00||||||||||||||||||||66932.58
F02Q10003768|200212|66866.45|0|010|350|||||6.500|0.00||||||||||||||||||||66866.45
F02Q10003768|200301|66799.96|0|011|349|||||6.500|0.00||||||||||||||||||||66799.96
F02Q10003768|200302|66733.11|0|012|348|||||6.500|0.00||||||||||||||||||||66733.11
F02Q10003768|200303|66665.90|0|013|347|||||6.500|0.00||||||||||||||||||||66665.90
F02Q10003768|200304|66600.36|0|014|346|||||6.500|0.00||||||||||||||||||||66600.36
F02Q10003768|200305|66532.43|0|015|345|||||6.500|0.00||||||||||||||||||||66532.43
F02Q10003768|200306|66464.13|0|016|344|||||6.500|0.00||||||||||||||||||||66464.13
F02Q10003768|200307|66381.76|0|017|343|||||6.500|0.00||||||||||||||||||||66381.76
F02Q10003768|200308|66300.95|0|018|342|||||6.500|0.00||||||||||||||||||||66300.95
F02Q10003768|200309|66217.07|0|019|341|||||6.500|0.00||||||||||||||||||||66217.07
F02Q10003768|200310|66135.44|0|020|340|||||6.500|0.00||||||||||||||||||||66135.44
F02Q10003768|200311|66053.37|0|021|339|||||6.500|0.00||||||||||||||||||||66053.37
F02Q10003768|200312|65964.51|0|022|338|||||6.500|0.00||||||||||||||||||||65964.51
F02Q10003768|200401|65881.44|0|023|337|||||6.500|0.00||||||||||||||||||||65881.44
F02Q10003768|200402|65792.92|0|024|336|||||6.500|0.00||||||||||||||||||||65792.92
F02Q10003768|200403|65679.02|0|025|335|||||6.500|0.00||||||||||||||||||||65679.02
F02Q10003768|200404|65564.64|0|026|334|||||6.500|0.00||||||||||||||||||||65564.64
F02Q10003768|200405|65449.64|0|027|333|||||6.500|0.00||||||||||||||||||||65449.64
F02Q10003768|200406|65355.70|0|028|332|||||6.500|0.00||||||||||||||||||||65355.70
F02Q10003768|200407|65283.18|0|029|331|||||6.500|0.00||||||||||||||||||||65283.18
F02Q10003768|200408|65160.15|0|030|330|||||6.500|0.00||||||||||||||||||||65160.15
F02Q10003768|200409|65034.47|0|031|329|||||6.500|0.00||||||||||||||||||||65034.47
F02Q10003768|200410|64960.37|0|032|328|||||6.500|0.00||||||||||||||||||||64960.37
F02Q10003768|200411|64835.59|0|033|327|||||6.500|0.00||||||||||||||||||||64835.59
F02Q10003768|200412|64710.13|0|034|326|||||6.500|0.00||||||||||||||||||||64710.13
F02Q10003768|200501|64583.95|0|035|325|||||6.500|0.00||||||||||||||||||||64583.95
F02Q10003768|200502|64457.07|0|036|324|||||6.500|0.00||||||||||||||||||||64457.07
F02Q10003768|200503|64329.58|0|037|323|||||6.500|0.00||||||||||||||||||||64329.58
F02Q10003768|200504|64201.41|0|038|322|||||6.500|0.00||||||||||||||||||||64201.41
F02Q10003768|200505|64072.52|0|039|321|||||6.500|0.00||||||||||||||||||||64072.52
F02Q10003768|200506|63942.91|0|040|320|||||6.500|0.00||||||||||||||||||||63942.91
F02Q10003768|200507|63812.61|0|041|319|||||6.500|0.00||||||||||||||||||||63812.61
F02Q10003768|200508|63812.61|0|042|318|||||6.500|0.00||||||||||||||||||||63812.61
F02Q10003768|200509|63550.01|0|043|317|||||6.500|0.00||||||||||||||||||||63550.01
F02Q10003768|200510|63467.60|0|044|316|||||6.500|0.00||||||||||||||||||||63467.60
F02Q10003768|200511|63334.73|0|045|315|||||6.500|0.00||||||||||||||||||||63334.73
F02Q10003768|200512|63226.12|0|046|314|||||6.500|0.00||||||||||||||||||||63226.12
F02Q10003768|200601|63091.92|0|047|313|||||6.500|0.00||||||||||||||||||||63091.92
F02Q10003768|200602|62957.01|0|048|312|||||6.500|0.00||||||||||||||||||||62957.01
F02Q10003768|200603|62821.40|0|049|311|||||6.500|0.00||||||||||||||||||||62821.40
F02Q10003768|200604|62735.05|0|050|310|||||6.500|0.00||||||||||||||||||||62735.05
F02Q10003768|200605|62598.21|0|051|309|||||6.500|0.00||||||||||||||||||||62598.21
F02Q10003768|200606|62510.61|0|052|308|||||6.500|0.00||||||||||||||||||||62510.61
F02Q10003768|200607|62422.56|0|053|307|||||6.500|0.00||||||||||||||||||||62422.56
F02Q10003768|200608|62309.03|0|054|306|||||6.500|0.00||||||||||||||||||||62309.03
F02Q10003768|200609|62219.91|0|055|305|||||6.500|0.00||||||||||||||||||||62219.91
F02Q10003768|200610|62130.28|0|056|304|||||6.500|0.00||||||||||||||||||||62130.28
F02Q10003768|200611|62040.17|0|057|303|||||6.500|0.00||||||||||||||||||||62040.17
F02Q10003768|200612|61949.57|0|058|302|||||6.500|0.00||||||||||||||||||||61949.57
F02Q10003768|200701|61858.48|0|059|301|||||6.500|0.00||||||||||||||||||||61858.48
F02Q10003768|200702|61766.90|0|060|300|||||6.500|0.00||||||||||||||||||||61766.90
F02Q10003768|200703|61674.82|0|061|299|||||6.500|0.00||||||||||||||||||||61674.82
F02Q10003768|200704|61582.24|0|062|298|||||6.500|0.00||||||||||||||||||||61582.24
F02Q10003768|200705|61489.16|0|063|297|||||6.500|0.00||||||||||||||||||||61489.16
F02Q10003768|200706|61395.58|0|064|296|||||6.500|0.00||||||||||||||||||||61395.58
F02Q10003768|200707|61301.49|0|065|295|||||6.500|0.00||||||||||||||||||||61301.49
F02Q10003768|200708|61206.89|0|066|294|||||6.500|0.00||||||||||||||||||||61206.89
F02Q10003768|200709|61111.78|0|067|293|||||6.500|0.00||||||||||||||||||||61111.78
F02Q10003768|200710|61016.15|0|068|292|||||6.500|0.00||||||||||||||||||||61016.15
F02Q10003768|200711|60895.00|0|069|291|||||6.500|0.00||||||||||||||||||||60895.00
F02Q10003768|200712|60798.18|0|070|290|||||6.500|0.00||||||||||||||||||||60798.18
F02Q10003768|200801|60700.85|0|071|289|||||6.500|0.00||||||||||||||||||||60700.85
F02Q10003768|200802|60603.00|0|072|288|||||6.500|0.00||||||||||||||||||||60603.00
F02Q10003768|200803|60504.62|0|073|287|||||6.500|0.00||||||||||||||||||||60504.62
F02Q10003768|200804|60405.70|0|074|286|||||6.500|0.00||||||||||||||||||||60405.70
F02Q10003768|200805|60306.25|0|075|285|||||6.500|0.00||||||||||||||||||||60306.25
F02Q10003768|200806|60206.26|0|076|284|||||6.500|0.00||||||||||||||||||||60206.26
F02Q10003768|200807|60105.73|0|077|283|||||6.500|0.00||||||||||||||||||||60105.73
F02Q10003768|200808|60004.65|0|078|282|||||6.500|0.00||||||||||||||||||||60004.65
F02Q10003768|200809|59903.03|0|079|281|||||6.500|0.00||||||||||||||||||||59903.03
F02Q10003768|200810|59800.85|0|080|280|||||6.500|0.00||||||||||||||||||||59800.85
F02Q10003768|200811|59698.12|0|081|279|||||6.500|0.00||||||||||||||||||||59698.12
F02Q10003768|200812|59594.83|0|082|278|||||6.500|0.00||||||||||||||||||||59594.83
F02Q10003768|200901|59465.99|0|083|277|||||6.500|0.00||||||||||||||||||||59465.99
F02Q10003768|200902|0.00|0|084|276|||01|200902|6.500|0.00|||||||||||||||59465.99|||||0.00
F02Q10003784|200202|49000.00|0|000|180|||||6.500|0.00||||||||||||||||||||49000.00
F02Q10003784|200203|49000.00|0|001|179|||||6.500|0.00||||||||||||||||||||49000.00
F02Q10003784|200204|49000.00|0|002|178|||||6.500|0.00||||||||||||||||||||49000.00
F02Q10003784|200205|49000.00|0|003|177|||||6.500|0.00||||||||||||||||||||49000.00
F02Q10003784|200206|48000.00|0|004|176|||||6.500|0.00||||||||||||||||||||48000.00
F02Q10003784|200207|48000.00|0|005|175|||||6.500|0.00||||||||||||||||||||48000.00
F02Q10003784|200208|48000.00|0|006|174|||||6.500|0.00||||||||||||||||||||48000.00
F02Q10003784|200209|47851.51|0|007|173|||||6.500|0.00||||||||||||||||||||47851.51
F02Q10003784|200210|47683.87|0|008|172|||||6.500|0.00||||||||||||||||||||47683.87
F02Q10003784|200211|47515.32|0|009|171|||||6.500|0.00||||||||||||||||||||47515.32
F02Q10003784|200212|47345.85|0|010|170|||||6.500|0.00||||||||||||||||||||47345.85
F02Q10003784|200301|47175.47|0|011|169|||||6.500|0.00||||||||||||||||||||47175.47
F02Q10003784|200302|47004.16|0|012|168|||||6.500|0.00||||||||||||||||||||47004.16
F02Q10003784|200303|46831.93|0|013|167|||||6.500|0.00||||||||||||||||||||46831.93
F02Q10003784|200304|46658.76|0|014|166|||||6.500|0.00||||||||||||||||||||46658.76
F02Q10003784|200305|46484.65|0|015|165|||||6.500|0.00||||||||||||||||||||46484.65
F02Q10003784|200306|0.00|0|016|164|||01|200306|6.500|0.00|||||||||||||||46484.65|||||0.00
F02Q10003854|200202|51000.00|0|000|240|||||6.750|0.00||||||||||||||||||||51000.00
F02Q10003854|200203|51000.00|0|001|239|||||6.750|0.00||||||||||||||||||||51000.00
F02Q10003854|200204|51000.00|0|002|238|||||6.750|0.00||||||||||||||||||||51000.00
F02Q10003854|200205|51000.00|0|003|237|||||6.750|0.00||||||||||||||||||||51000.00
F02Q10003854|200206|50000.00|0|004|236|||||6.750|0.00||||||||||||||||||||50000.00
F02Q10003854|200207|50000.00|0|005|235|||||6.750|0.00||||||||||||||||||||50000.00
F02Q10003854|200208|50000.00|0|006|234|||||6.750|0.00||||||||||||||||||||50000.00
F02Q10003854|200209|50129.29|0|007|233|||||6.750|0.00||||||||||||||||||||50129.29
F02Q10003854|200210|50017.20|0|008|232|||||6.750|0.00||||||||||||||||||||50017.20
F02Q10003854|200211|49904.48|0|009|231|||||6.750|0.00||||||||||||||||||||49904.48
F02Q10003854|200212|49791.12|0|010|230|||||6.750|0.00||||||||||||||||||||49791.12
F02Q10003854|200301|49679.41|0|011|229|||||6.750|0.00||||||||||||||||||||49679.41
F02Q10003854|200302|49527.07|0|012|228|||||6.750|0.00||||||||||||||||||||49527.07
F02Q10003854|200303|49373.87|0|013|227|||||6.750|0.00||||||||||||||||||||49373.87
F02Q10003854|200304|49219.81|0|014|226|||||6.750|0.00||||||||||||||||||||49219.81
F02Q10003854|200305|49064.88|0|015|225|||||6.750|0.00||||||||||||||||||||49064.88
F02Q10003854|200306|48909.08|0|016|224|||||6.750|0.00||||||||||||||||||||48909.08
F02Q10003854|200307|48752.40|0|017|223|||||6.750|0.00||||||||||||||||||||48752.40
F02Q10003854|200308|48594.84|0|018|222|||||6.750|0.00||||||||||||||||||||48594.84
F02Q10003854|200309|48436.40|0|019|221|||||6.750|0.00||||||||||||||||||||48436.40
F02Q10003854|200310|48277.06|0|020|220|||||6.750|0.00||||||||||||||||||||48277.06
F02Q10003854|200311|48116.83|0|021|219|||||6.750|0.00||||||||||||||||||||48116.83
F02Q10003854|200312|48116.83|0|022|218|||||6.750|0.00||||||||||||||||||||48116.83
F02Q10003854|200401|47827.91|0|023|217|||||6.750|0.00||||||||||||||||||||47827.91
F02Q10003854|200402|47699.15|0|024|216|||||6.750|0.00||||||||||||||||||||47699.15
F02Q10003854|200403|47569.67|0|025|215|||||6.750|0.00||||||||||||||||||||47569.67
F02Q10003854|200404|47449.46|0|026|214|||||6.750|0.00||||||||||||||||||||47449.46
F02Q10003854|200405|47328.57|0|027|213|||||6.750|0.00||||||||||||||||||||47328.57
F02Q10003854|200406|47187.00|0|028|212|||||6.750|0.00||||||||||||||||||||47187.00
F02Q10003854|200407|47054.64|0|029|211|||||6.750|0.00||||||||||||||||||||47054.64
F02Q10003854|200408|46931.53|0|030|210|||||6.750|0.00||||||||||||||||||||46931.53
F02Q10003854|200409|46807.73|0|031|209|||||6.750|0.00||||||||||||||||||||46807.73
F02Q10003854|200410|46663.23|0|032|208|||||6.750|0.00||||||||||||||||||||46663.23
F02Q10003854|200411|46477.92|0|033|207|||||6.750|0.00||||||||||||||||||||46477.92
F02Q10003854|200412|46351.57|0|034|206|||||6.750|0.00||||||||||||||||||||46351.57
F02Q10003854|200501|46224.51|0|035|205|||||6.750|0.00||||||||||||||||||||46224.51
F02Q10003854|200502|46096.73|0|036|204|||||6.750|0.00||||||||||||||||||||46096.73
F02Q10003854|200503|45968.23|0|037|203|||||6.750|0.00||||||||||||||||||||45968.23
F02Q10003854|200504|45805.01|0|038|202|||||6.750|0.00||||||||||||||||||||45805.01
F02Q10003854|200505|45641.87|0|039|201|||||6.750|0.00||||||||||||||||||||45641.87
F02Q10003854|200506|45510.82|0|040|200|||||6.750|0.00||||||||||||||||||||45510.82
F02Q10003854|200507|45263.03|0|041|199|||||6.750|0.00||||||||||||||||||||45263.03
F02Q10003854|200508|45096.84|0|042|198|||||6.750|0.00||||||||||||||||||||45096.84
F02Q10003854|200509|44929.72|0|043|197|||||6.750|0.00||||||||||||||||||||44929.72
F02Q10003854|200510|44761.66|0|044|196|||||6.750|0.00||||||||||||||||||||44761.66
F02Q10003854|200511|44592.65|0|045|195|||||6.750|0.00||||||||||||||||||||44592.65
F02Q10003854|200512|44455.69|0|046|194|||||6.750|0.00||||||||||||||||||||44455.69
F02Q10003854|200601|44291.96|0|047|193|||||6.750|0.00||||||||||||||||||||44291.96
F02Q10003854|200602|44127.31|0|048|192|||||6.750|0.00||||||||||||||||||||44127.31
F02Q10003854|200603|43961.74|0|049|191|||||6.750|0.00||||||||||||||||||||43961.74
F02Q10003854|200604|43795.23|0|050|190|||||6.750|0.00||||||||||||||||||||43795.23
F02Q10003854|200605|43627.79|0|051|189|||||6.750|0.00||||||||||||||||||||43627.79
F02Q10003854|200606|43459.41|0|052|188|||||6.750|0.00||||||||||||||||||||43459.41
F02Q10003854|200607|43290.08|0|053|187|||||6.750|0.00||||||||||||||||||||43290.08
F02Q10003854|200608|43119.80|0|054|186|||||6.750|0.00||||||||||||||||||||43119.80
F02Q10003854|200609|42948.56|0|055|185|||||6.750|0.00||||||||||||||||||||42948.56
F02Q10003854|200610|42776.36|0|056|184|||||6.750|0.00||||||||||||||||||||42776.36
F02Q10003854|200611|42603.19|0|057|183|||||6.750|0.00||||||||||||||||||||42603.19
F02Q10003854|200612|42429.04|0|058|182|||||6.750|0.00||||||||||||||||||||42429.04
F02Q10003854|200701|42248.45|0|059|181|||||6.750|0.00||||||||||||||||||||42248.45
F02Q10003854|200702|42066.85|0|060|180|||||6.750|0.00||||||||||||||||||||42066.85
F02Q10003854|200703|41884.23|0|061|179|||||6.750|0.00||||||||||||||||||||41884.23
F02Q10003854|200704|41700.58|0|062|178|||||6.750|0.00||||||||||||||||||||41700.58
F02Q10003854|200705|41515.90|0|063|177|||||6.750|0.00||||||||||||||||||||41515.90
F02Q10003854|200706|41330.18|0|064|176|||||6.750|0.00||||||||||||||||||||41330.18
F02Q10003854|200707|41174.87|0|065|175|||||6.750|0.00||||||||||||||||||||41174.87
F02Q10003854|200708|40987.23|0|066|174|||||6.750|0.00||||||||||||||||||||40987.23
F02Q10003854|200709|0.00|0|067|173|||01|200709|6.750|0.00|||||||||||||||40987.23|||||0.00
F02Q10003949|200202|115000.00|0|000|180|||||6.375|0.00||||||||||||||||||||115000.00
F02Q10003949|200203|115000.00|0|001|179|||||6.375|0.00||||||||||||||||||||115000.00
F02Q10003949|200204|115000.00|0|002|178|||||6.375|0.00||||||||||||||||||||115000.00
F02Q10003949|200205|114000.00|0|003|177|||||6.375|0.00||||||||||||||||||||114000.00
F02Q10003949|200206|114000.00|0|004|176|||||6.375|0.00||||||||||||||||||||114000.00
F02Q10003949|200207|113000.00|0|005|175|||||6.375|0.00||||||||||||||||||||113000.00
F02Q10003949|200208|113000.00|0|006|174|||||6.375|0.00||||||||||||||||||||113000.00
F02Q10003949|200209|112867.48|0|007|173|||||6.375|0.00||||||||||||||||||||112867.48
F02Q10003949|200210|112471.47|0|008|172|||||6.375|0.00||||||||||||||||||||112471.47
F02Q10003949|200211|112073.35|0|009|171|||||6.375|0.00||||||||||||||||||||112073.35
F02Q10003949|200212|111673.12|0|010|170|||||6.375|0.00||||||||||||||||||||111673.12
F02Q10003949|200301|0.00|0|011|169|||01|200301|6.375|0.00|||||||||||||||111673.12|||||0.00
F02Q10003952|200202|78000.00|0|000|360|||||7.250|0.00||||||||||||||||||||78000.00
F02Q10003952|200203|78000.00|0|001|359|||||7.250|0.00||||||||||||||||||||78000.00
F02Q10003952|200204|78000.00|0|002|358|||||7.250|0.00||||||||||||||||||||78000.00
F02Q10003952|200205|77000.00|0|003|357|||||7.250|0.00||||||||||||||||||||77000.00
F02Q10003952|200206|77000.00|0|004|356|||||7.250|0.00||||||||||||||||||||77000.00
F02Q10003952|200207|77000.00|0|005|355|||||7.250|0.00||||||||||||||||||||77000.00
F02Q10003952|200208|77000.00|0|006|354|||||7.250|0.00||||||||||||||||||||77000.00
F02Q10003952|200209|77218.22|0|007|353|||||7.250|0.00||||||||||||||||||||77218.22
F02Q10003952|200210|77155.04|0|008|352|||||7.250|0.00||||||||||||||||||||77155.04
F02Q10003952|200211|77091.48|0|009|351|||||7.250|0.00||||||||||||||||||||77091.48
F02Q10003952|200212|77027.53|0|010|350|||||7.250|0.00||||||||||||||||||||77027.53
F02Q10003952|200301|76963.19|0|011|349|||||7.250|0.00||||||||||||||||||||76963.19
F02Q10003952|200302|76898.47|0|012|348|||||7.250|0.00||||||||||||||||||||76898.47
F02Q10003952|200303|76833.35|0|013|347|||||7.250|0.00||||||||||||||||||||76833.35
F02Q10003952|200304|76767.84|0|014|346|||||7.250|0.00||||||||||||||||||||76767.84
F02Q10003952|200305|76701.94|0|015|345|||||7.250|0.00||||||||||||||||||||76701.94
F02Q10003952|200306|76635.64|0|016|344|||||7.250|0.00||||||||||||||||||||76635.64
F02Q10003952|200307|76568.94|0|017|343|||||7.250|0.00||||||||||||||||||||76568.94
F02Q10003952|200308|76501.83|0|018|342|||||7.250|0.00||||||||||||||||||||76501.83
F02Q10003952|200309|76434.32|0|019|341|||||7.250|0.00||||||||||||||||||||76434.32
F02Q10003952|200310|76366.40|0|020|340|||||7.250|0.00||||||||||||||||||||76366.40
F02Q10003952|200311|76298.07|0|021|339|||||7.250|0.00||||||||||||||||||||76298.07
F02Q10003952|200312|76229.33|0|022|338|||||7.250|0.00||||||||||||||||||||76229.33
F02Q10003952|200401|76160.17|0|023|337|||||7.250|0.00||||||||||||||||||||76160.17
F02Q10003952|200402|76090.59|0|024|336|||||7.250|0.00||||||||||||||||||||76090.59
F02Q10003952|200403|76020.59|0|025|335|||||7.250|0.00||||||||||||||||||||76020.59
F02Q10003952|200404|75950.17|0|026|334|||||7.250|0.00||||||||||||||||||||75950.17
F02Q10003952|200405|75879.33|0|027|333|||||7.250|0.00||||||||||||||||||||75879.33
F02Q10003952|200406|75808.06|0|028|332|||||7.250|0.00||||||||||||||||||||75808.06
F02Q10003952|200407|75736.36|0|029|331|||||7.250|0.00||||||||||||||||||||75736.36
F02Q10003952|200408|75664.22|0|030|330|||||7.250|0.00||||||||||||||||||||75664.22
F02Q10003952|200409|75591.65|0|031|329|||||7.250|0.00||||||||||||||||||||75591.65
F02Q10003952|200410|75518.64|0|032|328|||||7.250|0.00||||||||||||||||||||75518.64
F02Q10003952|200411|75445.19|0|033|327|||||7.250|0.00||||||||||||||||||||75445.19
F02Q10003952|200412|75371.29|0|034|326|||||7.250|0.00||||||||||||||||||||75371.29
F02Q10003952|200501|75296.95|0|035|325|||||7.250|0.00||||||||||||||||||||75296.95
F02Q10003952|200502|75222.16|0|036|324|||||7.250|0.00||||||||||||||||||||75222.16
F02Q10003952|200503|75146.92|0|037|323|||||7.250|0.00||||||||||||||||||||75146.92
F02Q10003952|200504|0.00|0|038|322|||01|200504|7.250|0.00|||||||||||||||75146.92|||||0.00
F02Q10004206|200202|45000.00|0|000|360|||||7.000|0.00||||||||||||||||||||45000.00
F02Q10004206|200203|45000.00|0|001|359|||||7.000|0.00||||||||||||||||||||45000.00
F02Q10004206|200204|45000.00|0|002|358|||||7.000|0.00||||||||||||||||||||45000.00
F02Q10004206|200205|45000.00|0|003|357|||||7.000|0.00||||||||||||||||||||45000.00
F02Q10004206|200206|45000.00|0|004|356|||||7.000|0.00||||||||||||||||||||45000.00
F02Q10004206|200207|45000.00|0|005|355|||||7.000|0.00||||||||||||||||||||45000.00
F02Q10004206|200208|45000.00|0|006|354|||||7.000|0.00||||||||||||||||||||45000.00
F02Q10004206|200209|44737.20|0|007|353|||||7.000|0.00||||||||||||||||||||44737.20
F02Q10004206|200210|44698.78|0|008|352|||||7.000|0.00||||||||||||||||||||44698.78
F02Q10004206|200211|44660.13|0|009|351|||||7.000|0.00||||||||||||||||||||44660.13
F02Q10004206|200212|44621.26|0|010|350|||||7.000|0.00||||||||||||||||||||44621.26
F02Q10004206|200301|44582.16|0|011|349|||||7.000|0.00||||||||||||||||||||44582.16
F02Q10004206|200302|44542.83|0|012|348|||||7.000|0.00||||||||||||||||||||44542.83
F02Q10004206|200303|44503.27|0|013|347|||||7.000|0.00||||||||||||||||||||44503.27
F02Q10004206|200304|44463.48|0|014|346|||||7.000|0.00||||||||||||||||||||44463.48
F02Q10004206|200305|44423.46|0|015|345|||||7.000|0.00||||||||||||||||||||44423.46
F02Q10004206|200306|44333.21|0|016|344|||||7.000|0.00||||||||||||||||||||44333.21
F02Q10004206|200307|44292.43|0|017|343|||||7.000|0.00||||||||||||||||||||44292.43
F02Q10004206|200308|44251.41|0|018|342|||||7.000|0.00||||||||||||||||||||44251.41
F02Q10004206|200309|44109.54|0|019|341|||||7.000|0.00||||||||||||||||||||44109.54
F02Q10004206|200310|43967.46|0|020|340|||||7.000|0.00||||||||||||||||||||43967.46
F02Q10004206|200311|43824.55|0|021|339|||||7.000|0.00||||||||||||||||||||43824.55
F02Q10004206|200312|43780.80|0|022|338|||||7.000|0.00||||||||||||||||||||43780.80
F02Q10004206|200401|43736.80|0|023|337|||||7.000|0.00||||||||||||||||||||43736.80
F02Q10004206|200402|43692.54|0|024|336|||||7.000|0.00||||||||||||||||||||43692.54
F02Q10004206|200403|43648.02|0|025|335|||||7.000|0.00||||||||||||||||||||43648.02
F02Q10004206|200404|43603.24|0|026|334|||||7.000|0.00||||||||||||||||||||43603.24
F02Q10004206|200405|43558.20|0|027|333|||||7.000|0.00||||||||||||||||||||43558.20
F02Q10004206|200406|43512.90|0|028|332|||||7.000|0.00||||||||||||||||||||43512.90
F02Q10004206|200407|43467.34|0|029|331|||||7.000|0.00||||||||||||||||||||43467.34
F02Q10004206|200408|43421.51|0|030|330|||||7.000|0.00||||||||||||||||||||43421.51
F02Q10004206|200409|43224.80|0|031|329|||||7.000|0.00||||||||||||||||||||43224.80
F02Q10004206|200410|43177.55|0|032|328|||||7.000|0.00||||||||||||||||||||43177.55
F02Q10004206|200411|43130.03|0|033|327|||||7.000|0.00||||||||||||||||||||43130.03
F02Q10004206|200412|43082.23|0|034|326|||||7.000|0.00||||||||||||||||||||43082.23
F02Q10004206|200501|43034.15|0|035|325|||||7.000|0.00||||||||||||||||||||43034.15
F02Q10004206|200502|42985.79|0|036|324|||||7.000|0.00||||||||||||||||||||42985.79
F02Q10004206|200503|42937.15|0|037|323|||||7.000|0.00||||||||||||||||||||42937.15
F02Q10004206|200504|42888.23|0|038|322|||||7.000|0.00||||||||||||||||||||42888.23
F02Q10004206|200505|42839.02|0|039|321|||||7.000|0.00||||||||||||||||||||42839.02
F02Q10004206|200506|42789.52|0|040|320|||||7.000|0.00||||||||||||||||||||42789.52
F02Q10004206|200507|42739.74|0|041|319|||||7.000|0.00||||||||||||||||||||42739.74
F02Q10004206|200508|42689.67|0|042|318|||||7.000|0.00||||||||||||||||||||42689.67
F02Q10004206|200509|42639.30|0|043|317|||||7.000|0.00||||||||||||||||||||42639.30
F02Q10004206|200510|42588.64|0|044|316|||||7.000|0.00||||||||||||||||||||42588.64
F02Q10004206|200511|42537.68|0|045|315|||||7.000|0.00||||||||||||||||||||42537.68
F02Q10004206|200512|42486.43|0|046|314|||||7.000|0.00||||||||||||||||||||42486.43
F02Q10004206|200601|42434.88|0|047|313|||||7.000|0.00||||||||||||||||||||42434.88
F02Q10004206|200602|42383.03|0|048|312|||||7.000|0.00||||||||||||||||||||42383.03
F02Q10004206|200603|42330.87|0|049|311|||||7.000|0.00||||||||||||||||||||42330.87
F02Q10004206|200604|42278.41|0|050|310|||||7.000|0.00||||||||||||||||||||42278.41
F02Q10004206|200605|42225.64|0|051|309|||||7.000|0.00||||||||||||||||||||42225.64
F02Q10004206|200606|42172.57|0|052|308|||||7.000|0.00||||||||||||||||||||42172.57
F02Q10004206|200607|42119.19|0|053|307|||||7.000|0.00||||||||||||||||||||42119.19
F02Q10004206|200608|42065.50|0|054|306|||||7.000|0.00||||||||||||||||||||42065.50
F02Q10004206|200609|42011.49|0|055|305|||||7.000|0.00||||||||||||||||||||42011.49
F02Q10004206|200610|41957.17|0|056|304|||||7.000|0.00||||||||||||||||||||41957.17
F02Q10004206|200611|41902.53|0|057|303|||||7.000|0.00||||||||||||||||||||41902.53
F02Q10004206|200612|41847.57|0|058|302|||||7.000|0.00||||||||||||||||||||41847.57
F02Q10004206|200701|41792.29|0|059|301|||||7.000|0.00||||||||||||||||||||41792.29
F02Q10004206|200702|41736.69|0|060|300|||||7.000|0.00||||||||||||||||||||41736.69
F02Q10004206|200703|41680.76|0|061|299|||||7.000|0.00||||||||||||||||||||41680.76
F02Q10004206|200704|41624.51|0|062|298|||||7.000|0.00||||||||||||||||||||41624.51
F02Q10004206|200705|41567.93|0|063|297|||||7.000|0.00||||||||||||||||||||41567.93
F02Q10004206|200706|41511.02|0|064|296|||||7.000|0.00||||||||||||||||||||41511.02
F02Q10004206|200707|41453.78|0|065|295|||||7.000|0.00||||||||||||||||||||41453.78
F02Q10004206|200708|41396.20|0|066|294|||||7.000|0.00||||||||||||||||||||41396.20
F02Q10004206|200709|41338.29|0|067|293|||||7.000|0.00||||||||||||||||||||41338.29
F02Q10004206|200710|41280.04|0|068|292|||||7.000|0.00||||||||||||||||||||41280.04
F02Q10004206|200711|41221.45|0|069|291|||||7.000|0.00||||||||||||||||||||41221.45
F02Q10004206|200712|41162.52|0|070|290|||||7.000|0.00||||||||||||||||||||41162.52
F02Q10004206|200801|41103.24|0|071|289|||||7.000|0.00||||||||||||||||||||41103.24
F02Q10004206|200802|41043.62|0|072|288|||||7.000|0.00||||||||||||||||||||41043.62
F02Q10004206|200803|40983.65|0|073|287|||||7.000|0.00||||||||||||||||||||40983.65
F02Q10004206|200804|40923.33|0|074|286|||||7.000|0.00||||||||||||||||||||40923.33
F02Q10004206|200805|40862.66|0|075|285|||||7.000|0.00||||||||||||||||||||40862.66
F02Q10004206|200806|40801.64|0|076|284|||||7.000|0.00||||||||||||||||||||40801.64
F02Q10004206|200807|40740.26|0|077|283|||||7.000|0.00||||||||||||||||||||40740.26
F02Q10004206|200808|40677.91|0|078|282|||||7.000|0.00||||||||||||||||||||40677.91
F02Q10004206|200809|40615.20|0|079|281|||||7.000|0.00||||||||||||||||||||40615.20
F02Q10004206|200810|40552.12|0|080|280|||||7.000|0.00||||||||||||||||||||40552.12
F02Q10004206|200811|40488.67|0|081|279|||||7.000|0.00||||||||||||||||||||40488.67
F02Q10004206|200812|40424.85|0|082|278|||||7.000|0.00||||||||||||||||||||40424.85
F02Q10004206|200901|40360.66|0|083|277|||||7.000|0.00||||||||||||||||||||40360.66
F02Q10004206|200902|40296.10|0|084|276|||||7.000|0.00||||||||||||||||||||40296.10
F02Q10004206|200903|40231.16|0|085|275|||||7.000|0.00||||||||||||||||||||40231.16
F02Q10004206|200904|40165.84|0|086|274|||||7.000|0.00||||||||||||||||||||40165.84
F02Q10004206|200905|40100.14|0|087|273|||||7.000|0.00||||||||||||||||||||40100.14
F02Q10004206|200906|40034.06|0|088|272|||||7.000|0.00||||||||||||||||||||40034.06
F02Q10004206|200907|39967.59|0|089|271|||||7.000|0.00||||||||||||||||||||39967.59
F02Q10004206|200908|39900.73|0|090|270|||||7.000|0.00||||||||||||||||||||39900.73
F02Q10004206|200909|39833.48|0|091|269|||||7.000|0.00||||||||||||||||||||39833.48
F02Q10004206|200910|39665.84|0|092|268|||||7.000|0.00||||||||||||||||||||39665.84
F02Q10004206|200911|39497.22|0|093|267|||||7.000|0.00||||||||||||||||||||39497.22
F02Q10004206|200912|39327.62|0|094|266|||||7.000|0.00||||||||||||||||||||39327.62
F02Q10004206|201001|39157.03|0|095|265|||||7.000|0.00||||||||||||||||||||39157.03
F02Q10004206|201002|38985.45|0|096|264|||||7.000|0.00||||||||||||||||||||38985.45
F02Q10004206|201003|38812.87|0|097|263|||||7.000|0.00||||||||||||||||||||38812.87
F02Q10004206|201004|0.00|0|098|262|||01|201004|7.000|0.00|||||||||||||||38812.87|||||0.00
F02Q10004219|200201|100000.00|0|000|180|||||6.500|0.00||||||||||||||||||||100000.00
F02Q10004219|200202|100000.00|0|001|179|||||6.500|0.00||||||||||||||||||||100000.00
F02Q10004219|200203|99000.00|0|002|178|||||6.500|0.00||||||||||||||||||||99000.00
F02Q10004219|200204|99000.00|0|003|177|||||6.500|0.00||||||||||||||||||||99000.00
F02Q10004219|200205|99000.00|0|004|176|||||6.500|0.00||||||||||||||||||||99000.00
F02Q10004219|200206|98000.00|0|005|175|||||6.500|0.00||||||||||||||||||||98000.00
F02Q10004219|200207|98000.00|0|006|174|||||6.500|0.00||||||||||||||||||||98000.00
F02Q10004219|200208|97656.08|0|007|173|||||6.500|0.00||||||||||||||||||||97656.08
F02Q10004219|200209|97313.94|0|008|172|||||6.500|0.00||||||||||||||||||||97313.94
F02Q10004219|200210|96969.95|0|009|171|||||6.500|0.00||||||||||||||||||||96969.95
F02Q10004219|200211|96624.09|0|010|170|||||6.500|0.00||||||||||||||||||||96624.09
F02Q10004219|200212|96276.36|0|011|169|||||6.500|0.00||||||||||||||||||||96276.36
F02Q10004219|200301|95926.75|0|012|168|||||6.500|0.00||||||||||||||||||||95926.75
F02Q10004219|200302|95575.24|0|013|167|||||6.500|0.00||||||||||||||||||||95575.24
F02Q10004219|200303|95221.83|0|014|166|||||6.500|0.00||||||||||||||||||||95221.83
F02Q10004219|200304|94866.50|0|015|165|||||6.500|0.00||||||||||||||||||||94866.50
F02Q10004219|200305|94509.25|0|016|164|||||6.500|0.00||||||||||||||||||||94509.25
F02Q10004219|200306|94150.07|0|017|163|||||6.500|0.00||||||||||||||||||||94150.07
F02Q10004219|200307|93788.94|0|018|162|||||6.500|0.00||||||||||||||||||||93788.94
F02Q10004219|200308|93425.85|0|019|161|||||6.500|0.00||||||||||||||||||||93425.85
F02Q10004219|200309|93060.80|0|020|160|||||6.500|0.00||||||||||||||||||||93060.80
F02Q10004219|200310|0.00|0|021|159|||01|200310|6.500|0.00|||||||||||||||93060.80|||||0.00
F02Q10004253|200202|41000.00|0|000|180|||||6.750|0.00||||||||||||||||||||41000.00
F02Q10004253|200203|41000.00|0|001|179|||||6.750|0.00||||||||||||||||||||41000.00
F02Q10004253|200204|41000.00|0|002|178|||||6.750|0.00||||||||||||||||||||41000.00
F02Q10004253|200205|41000.00|0|003|177|||||6.750|0.00||||||||||||||||||||41000.00
F02Q10004253|200206|41000.00|0|004|176|||||6.750|0.00||||||||||||||||||||41000.00
F02Q10004253|200207|40000.00|0|005|175|||||6.750|0.00||||||||||||||||||||40000.00
F02Q10004253|200208|40000.00|0|006|174|||||6.750|0.00||||||||||||||||||||40000.00
F02Q10004253|200209|40118.47|0|007|173|||||6.750|0.00||||||||||||||||||||40118.47
F02Q10004253|200210|39980.78|0|008|172|||||6.750|0.00||||||||||||||||||||39980.78
F02Q10004253|200211|39842.31|0|009|171|||||6.750|0.00||||||||||||||||||||39842.31
F02Q10004253|200212|39703.06|0|010|170|||||6.750|0.00||||||||||||||||||||39703.06
F02Q10004253|200301|39563.03|0|011|169|||||6.750|0.00||||||||||||||||||||39563.03
F02Q10004253|200302|39422.21|0|012|168|||||6.750|0.00||||||||||||||||||||39422.21
F02Q10004253|200303|39280.60|0|013|167|||||6.750|0.00||||||||||||||||||||39280.60
F02Q10004253|200304|39138.19|0|014|166|||||6.750|0.00||||||||||||||||||||39138.19
F02Q10004253|200305|0.00|0|015|165|||01|200305|6.750|0.00|||||||||||||||39138.19|||||0.00
F02Q10004279|200202|88000.00|0|000|360|||||6.625|0.00||||||||||||||||||||88000.00
F02Q10004279|200203|87000.00|0|001|359|||||6.625|0.00||||||||||||||||||||87000.00
F02Q10004279|200204|87000.00|0|002|358|||||6.625|0.00||||||||||||||||||||87000.00
F02Q10004279|200205|87000.00|0|003|357|||||6.625|0.00||||||||||||||||||||87000.00
F02Q10004279|200206|87000.00|0|004|356|||||6.625|0.00||||||||||||||||||||87000.00
F02Q10004279|200207|87000.00|0|005|355|||||6.625|0.00||||||||||||||||||||87000.00
F02Q10004279|200208|87000.00|0|006|354|||||6.625|0.00||||||||||||||||||||87000.00
F02Q10004279|200209|86950.52|0|007|353|||||6.625|0.00||||||||||||||||||||86950.52
F02Q10004279|200210|86870.28|0|008|352|||||6.625|0.00||||||||||||||||||||86870.28
F02Q10004279|200211|86789.60|0|009|351|||||6.625|0.00||||||||||||||||||||86789.60
F02Q10004279|200212|86708.47|0|010|350|||||6.625|0.00||||||||||||||||||||86708.47
F02Q10004279|200301|86626.89|0|011|349|||||6.625|0.00||||||||||||||||||||86626.89
F02Q10004279|200302|86544.86|0|012|348|||||6.625|0.00||||||||||||||||||||86544.86
F02Q10004279|200303|86462.38|0|013|347|||||6.625|0.00||||||||||||||||||||86462.38
F02Q10004279|200304|86379.44|0|014|346|||||6.625|0.00||||||||||||||||||||86379.44
F02Q10004279|200305|86296.05|0|015|345|||||6.625|0.00||||||||||||||||||||86296.05
F02Q10004279|200306|86212.20|0|016|344|||||6.625|0.00||||||||||||||||||||86212.20
F02Q10004279|200307|86127.88|0|017|343|||||6.625|0.00||||||||||||||||||||86127.88
F02Q10004279|200308|86043.10|0|018|342|||||6.625|0.00||||||||||||||||||||86043.10
F02Q10004279|200309|85957.85|0|019|341|||||6.625|0.00||||||||||||||||||||85957.85
F02Q10004279|200310|85872.13|0|020|340|||||6.625|0.00||||||||||||||||||||85872.13
F02Q10004279|200311|85785.94|0|021|339|||||6.625|0.00||||||||||||||||||||85785.94
F02Q10004279|200312|85699.27|0|022|338|||||6.625|0.00||||||||||||||||||||85699.27
F02Q10004279|200401|85612.12|0|023|337|||||6.625|0.00||||||||||||||||||||85612.12
F02Q10004279|200402|85524.49|0|024|336|||||6.625|0.00||||||||||||||||||||85524.49
F02Q10004279|200403|85436.38|0|025|335|||||6.625|0.00||||||||||||||||||||85436.38
F02Q10004279|200404|85347.78|0|026|334|||||6.625|0.00||||||||||||||||||||85347.78
F02Q10004279|200405|85258.69|0|027|333|||||6.625|0.00||||||||||||||||||||85258.69
F02Q10004279|200406|85169.11|0|028|332|||||6.625|0.00||||||||||||||||||||85169.11
F02Q10004279|200407|85079.03|0|029|331|||||6.625|0.00||||||||||||||||||||85079.03
F02Q10004279|200408|84988.46|0|030|330|||||6.625|0.00||||||||||||||||||||84988.46
F02Q10004279|200409|84897.39|0|031|329|||||6.625|0.00||||||||||||||||||||84897.39
F02Q10004279|200410|84805.81|0|032|328|||||6.625|0.00||||||||||||||||||||84805.81
F02Q10004279|200411|84713.73|0|033|327|||||6.625|0.00||||||||||||||||||||84713.73
F02Q10004279|200412|84621.14|0|034|326|||||6.625|0.00||||||||||||||||||||84621.14
F02Q10004279|200501|84528.04|0|035|325|||||6.625|0.00||||||||||||||||||||84528.04
F02Q10004279|200502|84434.43|0|036|324|||||6.625|0.00||||||||||||||||||||84434.43
F02Q10004279|200503|84340.30|0|037|323|||||6.625|0.00||||||||||||||||||||84340.30
F02Q10004279|200504|84245.65|0|038|322|||||6.625|0.00||||||||||||||||||||84245.65
F02Q10004279|200505|84150.48|0|039|321|||||6.625|0.00||||||||||||||||||||84150.48
F02Q10004279|200506|84054.78|0|040|320|||||6.625|0.00||||||||||||||||||||84054.78
F02Q10004279|200507|83958.55|0|041|319|||||6.625|0.00||||||||||||||||||||83958.55
F02Q10004279|200508|83861.79|0|042|318|||||6.625|0.00||||||||||||||||||||83861.79
F02Q10004279|200509|83764.50|0|043|317|||||6.625|0.00||||||||||||||||||||83764.50
F02Q10004279|200510|83666.67|0|044|316|||||6.625|0.00||||||||||||||||||||83666.67
F02Q10004279|200511|83568.30|0|045|315|||||6.625|0.00||||||||||||||||||||83568.30
F02Q10004279|200512|83469.39|0|046|314|||||6.625|0.00||||||||||||||||||||83469.39
F02Q10004279|200601|83369.93|0|047|313|||||6.625|0.00||||||||||||||||||||83369.93
F02Q10004279|200602|83269.92|0|048|312|||||6.625|0.00||||||||||||||||||||83269.92
F02Q10004279|200603|83169.36|0|049|311|||||6.625|0.00||||||||||||||||||||83169.36
F02Q10004279|200604|83068.24|0|050|310|||||6.625|0.00||||||||||||||||||||83068.24
F02Q10004279|200605|82966.57|0|051|309|||||6.625|0.00||||||||||||||||||||82966.57
F02Q10004279|200606|82864.33|0|052|308|||||6.625|0.00||||||||||||||||||||82864.33
F02Q10004279|200607|82761.53|0|053|307|||||6.625|0.00||||||||||||||||||||82761.53
F02Q10004279|200608|82658.16|0|054|306|||||6.625|0.00||||||||||||||||||||82658.16
F02Q10004279|200609|82554.22|0|055|305|||||6.625|0.00||||||||||||||||||||82554.22
F02Q10004279|200610|82449.71|0|056|304|||||6.625|0.00||||||||||||||||||||82449.71
F02Q10004279|200611|82344.62|0|057|303|||||6.625|0.00||||||||||||||||||||82344.62
F02Q10004279|200612|82238.95|0|058|302|||||6.625|0.00||||||||||||||||||||82238.95
F02Q10004279|200701|82132.70|0|059|301|||||6.625|0.00||||||||||||||||||||82132.70
F02Q10004279|200702|82025.86|0|060|300|||||6.625|0.00||||||||||||||||||||82025.86
F02Q10004279|200703|81918.43|0|061|299|||||6.625|0.00||||||||||||||||||||81918.43
F02Q10004279|200704|81810.41|0|062|298|||||6.625|0.00||||||||||||||||||||81810.41
F02Q10004279|200705|81700.18|0|063|297|||||6.625|0.00||||||||||||||||||||81700.18
F02Q10004279|200706|81589.34|0|064|296|||||6.625|0.00||||||||||||||||||||81589.34
F02Q10004279|200707|81477.89|0|065|295|||||6.625|0.00||||||||||||||||||||81477.89
F02Q10004279|200708|81365.83|0|066|294|||||6.625|0.00||||||||||||||||||||81365.83
F02Q10004279|200709|81253.15|0|067|293|||||6.625|0.00||||||||||||||||||||81253.15
F02Q10004279|200710|81139.85|0|068|292|||||6.625|0.00||||||||||||||||||||81139.85
F02Q10004279|200711|81025.92|0|069|291|||||6.625|0.00||||||||||||||||||||81025.92
F02Q10004279|200712|80911.36|0|070|290|||||6.625|0.00||||||||||||||||||||80911.36
F02Q10004279|200801|80796.17|0|071|289|||||6.625|0.00||||||||||||||||||||80796.17
F02Q10004279|200802|80680.34|0|072|288|||||6.625|0.00||||||||||||||||||||80680.34
F02Q10004279|200803|80563.87|0|073|287|||||6.625|0.00||||||||||||||||||||80563.87
F02Q10004279|200804|80446.76|0|074|286|||||6.625|0.00||||||||||||||||||||80446.76
F02Q10004279|200805|80330.61|0|075|285|||||6.625|0.00||||||||||||||||||||80330.61
F02Q10004279|200806|80213.82|0|076|284|||||6.625|0.00||||||||||||||||||||80213.82
F02Q10004279|200807|80096.39|0|077|283|||||6.625|0.00||||||||||||||||||||80096.39
F02Q10004279|200808|79978.31|0|078|282|||||6.625|0.00||||||||||||||||||||79978.31
F02Q10004279|200809|79859.58|0|079|281|||||6.625|0.00||||||||||||||||||||79859.58
F02Q10004279|200810|79740.19|0|080|280|||||6.625|0.00||||||||||||||||||||79740.19
F02Q10004279|200811|79620.14|0|081|279|||||6.625|0.00||||||||||||||||||||79620.14
F02Q10004279|200812|79499.43|0|082|278|||||6.625|0.00||||||||||||||||||||79499.43
F02Q10004279|200901|79378.05|0|083|277|||||6.625|0.00||||||||||||||||||||79378.05
F02Q10004279|200902|79256.00|0|084|276|||||6.625|0.00||||||||||||||||||||79256.00
F02Q10004279|200903|79133.28|0|085|275|||||6.625|0.00||||||||||||||||||||79133.28
F02Q10004279|200904|79009.88|0|086|274|||||6.625|0.00||||||||||||||||||||79009.88
F02Q10004279|200905|78860.18|0|087|273|||||6.625|0.00||||||||||||||||||||78860.18
F02Q10004279|200906|78709.65|0|088|272|||||6.625|0.00||||||||||||||||||||78709.65
F02Q10004279|200907|78558.29|0|089|271|||||6.625|0.00||||||||||||||||||||78558.29
F02Q10004279|200908|78406.10|0|090|270|||||6.625|0.00||||||||||||||||||||78406.10
F02Q10004279|200909|78253.07|0|091|269|||||6.625|0.00||||||||||||||||||||78253.07
F02Q10004279|200910|78099.19|0|092|268|||||6.625|0.00||||||||||||||||||||78099.19
F02Q10004279|200911|77944.46|0|093|267|||||6.625|0.00||||||||||||||||||||77944.46
F02Q10004279|200912|77788.88|0|094|266|||||6.625|0.00||||||||||||||||||||77788.88
F02Q10004279|201001|0.00|0|095|265|||01|201001|6.625|0.00|||||||||||||||77788.88|||||0.00
F02Q10004294|200202|275000.00|0|000|360|||||6.000|0.00||||||||||||||||||||275000.00
F02Q10004294|200203|275000.00|0|001|359|||||6.000|0.00||||||||||||||||||||275000.00
F02Q10004294|200204|274000.00|0|002|358|||||6.000|0.00||||||||||||||||||||274000.00
F02Q10004294|200205|274000.00|0|003|357|||||6.000|0.00||||||||||||||||||||274000.00
F02Q10004294|200206|274000.00|0|004|356|||||6.000|0.00||||||||||||||||||||274000.00
F02Q10004294|200207|274000.00|0|005|355|||||6.000|0.00||||||||||||||||||||274000.00
F02Q10004294|200208|273000.00|0|006|354|||||6.000|0.00||||||||||||||||||||273000.00
F02Q10004294|200209|273054.69|0|007|353|||||6.000|0.00||||||||||||||||||||273054.69
F02Q10004294|200210|272771.20|0|008|352|||||6.000|0.00||||||||||||||||||||272771.20
F02Q10004294|200211|272486.30|0|009|351|||||6.000|0.00||||||||||||||||||||272486.30
F02Q10004294|200212|272199.97|0|010|350|||||6.000|0.00||||||||||||||||||||272199.97
F02Q10004294|200301|271912.21|0|011|349|||||6.000|0.00||||||||||||||||||||271912.21
F02Q10004294|200302|271623.01|0|012|348|||||6.000|0.00||||||||||||||||||||271623.01
F02Q10004294|200303|271332.37|0|013|347|||||6.000|0.00||||||||||||||||||||271332.37
F02Q10004294|200304|271040.27|0|014|346|||||6.000|0.00||||||||||||||||||||271040.27
F02Q10004294|200305|270746.71|0|015|345|||||6.000|0.00||||||||||||||||||||270746.71
F02Q10004294|200306|270451.68|0|016|344|||||6.000|0.00||||||||||||||||||||270451.68
F02Q10004294|200307|270155.18|0|017|343|||||6.000|0.00||||||||||||||||||||270155.18
F02Q10004294|200308|269857.20|0|018|342|||||6.000|0.00||||||||||||||||||||269857.20
F02Q10004294|200309|269557.73|0|019|341|||||6.000|0.00||||||||||||||||||||269557.73
F02Q10004294|200310|269256.76|0|020|340|||||6.000|0.00||||||||||||||||||||269256.76
F02Q10004294|200311|268954.28|0|021|339|||||6.000|0.00||||||||||||||||||||268954.28
F02Q10004294|200312|268650.29|0|022|338|||||6.000|0.00||||||||||||||||||||268650.29
F02Q10004294|200401|268344.78|0|023|337|||||6.000|0.00||||||||||||||||||||268344.78
F02Q10004294|200402|268037.74|0|024|336|||||6.000|0.00||||||||||||||||||||268037.74
F02Q10004294|200403|267729.17|0|025|335|||||6.000|0.00||||||||||||||||||||267729.17
F02Q10004294|200404|267419.06|0|026|334|||||6.000|0.00||||||||||||||||||||267419.06
F02Q10004294|200405|267107.40|0|027|333|||||6.000|0.00||||||||||||||||||||267107.40
F02Q10004294|200406|266794.18|0|028|332|||||6.000|0.00||||||||||||||||||||266794.18
F02Q10004294|200407|266479.39|0|029|331|||||6.000|0.00||||||||||||||||||||266479.39
F02Q10004294|200408|266163.03|0|030|330|||||6.000|0.00||||||||||||||||||||266163.03
F02Q10004294|200409|265845.09|0|031|329|||||6.000|0.00||||||||||||||||||||265845.09
F02Q10004294|200410|265525.56|0|032|328|||||6.000|0.00||||||||||||||||||||265525.56
F02Q10004294|200411|265204.43|0|033|327|||||6.000|0.00||||||||||||||||||||265204.43
F02Q10004294|200412|264881.69|0|034|326|||||6.000|0.00||||||||||||||||||||264881.69
F02Q10004294|200501|264557.34|0|035|325|||||6.000|0.00||||||||||||||||||||264557.34
F02Q10004294|200502|264231.37|0|036|324|||||6.000|0.00||||||||||||||||||||264231.37
F02Q10004294|200503|263903.77|0|037|323|||||6.000|0.00||||||||||||||||||||263903.77
F02Q10004294|200504|263574.53|0|038|322|||||6.000|0.00||||||||||||||||||||263574.53
F02Q10004294|200505|263243.64|0|039|321|||||6.000|0.00||||||||||||||||||||263243.64
F02Q10004294|200506|262911.10|0|040|320|||||6.000|0.00||||||||||||||||||||262911.10
F02Q10004294|200507|262576.90|0|041|319|||||6.000|0.00||||||||||||||||||||262576.90
F02Q10004294|200508|262241.02|0|042|318|||||6.000|0.00||||||||||||||||||||262241.02
F02Q10004294|200509|261903.47|0|043|317|||||6.000|0.00||||||||||||||||||||261903.47
F02Q10004294|200510|261564.23|0|044|316|||||6.000|0.00||||||||||||||||||||261564.23
F02Q10004294|200511|261223.29|0|045|315|||||6.000|0.00||||||||||||||||||||261223.29
F02Q10004294|200512|260880.65|0|046|314|||||6.000|0.00||||||||||||||||||||260880.65
F02Q10004294|200601|260536.29|0|047|313|||||6.000|0.00||||||||||||||||||||260536.29
F02Q10004294|200602|260190.21|0|048|312|||||6.000|0.00||||||||||||||||||||260190.21
F02Q10004294|200603|259842.40|0|049|311|||||6.000|0.00||||||||||||||||||||259842.40
F02Q10004294|200604|259492.85|0|050|310|||||6.000|0.00||||||||||||||||||||259492.85
F02Q10004294|200605|259141.55|0|051|309|||||6.000|0.00||||||||||||||||||||259141.55
F02Q10004294|200606|258788.50|0|052|308|||||6.000|0.00||||||||||||||||||||258788.50
F02Q10004294|200607|258433.68|0|053|307|||||6.000|0.00||||||||||||||||||||258433.68
F02Q10004294|200608|258077.09|0|054|306|||||6.000|0.00||||||||||||||||||||258077.09
F02Q10004294|200609|257718.72|0|055|305|||||6.000|0.00||||||||||||||||||||257718.72
F02Q10004294|200610|257358.55|0|056|304|||||6.000|0.00||||||||||||||||||||257358.55
F02Q10004294|200611|256996.58|0|057|303|||||6.000|0.00||||||||||||||||||||256996.58
F02Q10004294|200612|256632.80|0|058|302|||||6.000|0.00||||||||||||||||||||256632.80
F02Q10004294|200701|256267.20|0|059|301|||||6.000|0.00||||||||||||||||||||256267.20
F02Q10004294|200702|255899.78|0|060|300|||||6.000|0.00||||||||||||||||||||255899.78
F02Q10004294|200703|255530.52|0|061|299|||||6.000|0.00||||||||||||||||||||255530.52
F02Q10004294|200704|255159.41|0|062|298|||||6.000|0.00||||||||||||||||||||255159.41
F02Q10004294|200705|254786.45|0|063|297|||||6.000|0.00||||||||||||||||||||254786.45
F02Q10004294|200706|254411.62|0|064|296|||||6.000|0.00||||||||||||||||||||254411.62
F02Q10004294|200707|254034.92|0|065|295|||||6.000|0.00||||||||||||||||||||254034.92
F02Q10004294|200708|253656.33|0|066|294|||||6.000|0.00||||||||||||||||||||253656.33
F02Q10004294|200709|253275.85|0|067|293|||||6.000|0.00||||||||||||||||||||253275.85
F02Q10004294|200710|252893.47|0|068|292|||||6.000|0.00||||||||||||||||||||252893.47
F02Q10004294|200711|252509.18|0|069|291|||||6.000|0.00||||||||||||||||||||252509.18
F02Q10004294|200712|252122.97|0|070|290|||||6.000|0.00||||||||||||||||||||252122.97
F02Q10004294|200801|251734.82|0|071|289|||||6.000|0.00||||||||||||||||||||251734.82
F02Q10004294|200802|251344.73|0|072|288|||||6.000|0.00||||||||||||||||||||251344.73
F02Q10004294|200803|250952.69|0|073|287|||||6.000|0.00||||||||||||||||||||250952.69
F02Q10004294|200804|250558.69|0|074|286|||||6.000|0.00||||||||||||||||||||250558.69
F02Q10004294|200805|250162.72|0|075|285|||||6.000|0.00||||||||||||||||||||250162.72
F02Q10004294|200806|249764.77|0|076|284|||||6.000|0.00||||||||||||||||||||249764.77
F02Q10004294|200807|249364.83|0|077|283|||||6.000|0.00||||||||||||||||||||249364.83
F02Q10004294|200808|248962.89|0|078|282|||||6.000|0.00||||||||||||||||||||248962.89
F02Q10004294|200809|248558.94|0|079|281|||||6.000|0.00||||||||||||||||||||248558.94
F02Q10004294|200810|248152.97|0|080|280|||||6.000|0.00||||||||||||||||||||248152.97
F02Q10004294|200811|247744.97|0|081|279|||||6.000|0.00||||||||||||||||||||247744.97
F02Q10004294|200812|247334.93|0|082|278|||||6.000|0.00||||||||||||||||||||247334.93
F02Q10004294|200901|246922.84|0|083|277|||||6.000|0.00||||||||||||||||||||246922.84
F02Q10004294|200902|246508.69|0|084|276|||||6.000|0.00||||||||||||||||||||246508.69
F02Q10004294|200903|246092.47|0|085|275|||||6.000|0.00||||||||||||||||||||246092.47
F02Q10004294|200904|245674.17|0|086|274|||||6.000|0.00||||||||||||||||||||245674.17
F02Q10004294|200905|245253.78|0|087|273|||||6.000|0.00||||||||||||||||||||245253.78
F02Q10004294|200906|244831.29|0|088|272|||||6.000|0.00||||||||||||||||||||244831.29
F02Q10004294|200907|244406.69|0|089|271|||||6.000|0.00||||||||||||||||||||244406.69
F02Q10004294|200908|243979.96|0|090|270|||||6.000|0.00||||||||||||||||||||243979.96
F02Q10004294|200909|243551.10|0|091|269|||||6.000|0.00||||||||||||||||||||243551.10
F02Q10004294|200910|0.00|0|092|268|||01|200910|6.000|0.00|||||||||||||||243551.10|||||0.00
F02Q10004331|200202|53000.00|0|000|360|||||7.000|0.00||||||||||||||||||||53000.00
F02Q10004331|200203|53000.00|0|001|359|||||7.000|0.00||||||||||||||||||||53000.00
F02Q10004331|200204|53000.00|0|002|358|||||7.000|0.00||||||||||||||||||||53000.00
F02Q10004331|200205|53000.00|0|003|357|||||7.000|0.00||||||||||||||||||||53000.00
F02Q10004331|200206|53000.00|0|004|356|||||7.000|0.00||||||||||||||||||||53000.00
F02Q10004331|200207|53000.00|0|005|355|||||7.000|0.00||||||||||||||||||||53000.00
F02Q10004331|200208|53000.00|0|006|354|||||7.000|0.00||||||||||||||||||||53000.00
F02Q10004331|200209|52690.44|0|007|353|||||7.000|0.00||||||||||||||||||||52690.44
F02Q10004331|200210|52645.18|0|008|352|||||7.000|0.00||||||||||||||||||||52645.18
F02Q10004331|200211|52599.66|0|009|351|||||7.000|0.00||||||||||||||||||||52599.66
F02Q10004331|200212|52553.87|0|010|350|||||7.000|0.00||||||||||||||||||||52553.87
F02Q10004331|200301|52505.43|0|011|349|||||7.000|0.00||||||||||||||||||||52505.43
F02Q10004331|200302|52456.71|0|012|348|||||7.000|0.00||||||||||||||||||||52456.71
F02Q10004331|200303|52410.09|0|013|347|||||7.000|0.00||||||||||||||||||||52410.09
F02Q10004331|200304|52363.20|0|014|346|||||7.000|0.00||||||||||||||||||||52363.20
F02Q10004331|200305|0.00|0|015|345|||01|200305|7.000|0.00|||||||||||||||52363.20|||||0.00
F02Q10004369|200202|73000.00|0|000|360|||||7.000|0.00||||||||||||||||||||73000.00
F02Q10004369|200203|73000.00|0|001|359|||||7.000|0.00||||||||||||||||||||73000.00
F02Q10004369|200204|73000.00|0|002|358|||||7.000|0.00||||||||||||||||||||73000.00
F02Q10004369|200205|73000.00|0|003|357|||||7.000|0.00||||||||||||||||||||73000.00
F02Q10004369|200206|73000.00|0|004|356|||||7.000|0.00||||||||||||||||||||73000.00
F02Q10004369|200207|73000.00|0|005|355|||||7.000|0.00||||||||||||||||||||73000.00
F02Q10004369|200208|73000.00|0|006|354|||||7.000|0.00||||||||||||||||||||73000.00
F02Q10004369|200209|72705.86|0|007|353|||||7.000|0.00||||||||||||||||||||72705.86
F02Q10004369|200210|72618.93|0|008|352|||||7.000|0.00||||||||||||||||||||72618.93
F02Q10004369|200211|72546.49|0|009|351|||||7.000|0.00||||||||||||||||||||72546.49
F02Q10004369|200212|72458.63|0|010|350|||||7.000|0.00||||||||||||||||||||72458.63
F02Q10004369|200301|72393.26|0|011|349|||||7.000|0.00||||||||||||||||||||72393.26
F02Q10004369|200302|0.00|0|012|348|||01|200302|7.000|0.00|||||||||||||||72393.26|||||0.00
F02Q10004372|200202|159000.00|0|000|240|||||6.875|0.00||||||||||||||||||||159000.00
F02Q10004372|200203|159000.00|0|001|239|||||6.875|0.00||||||||||||||||||||159000.00
F02Q10004372|200204|158000.00|0|002|238|||||6.875|0.00||||||||||||||||||||158000.00
F02Q10004372|200205|158000.00|0|003|237|||||6.875|0.00||||||||||||||||||||158000.00
F02Q10004372|200206|158000.00|0|004|236|||||6.875|0.00||||||||||||||||||||158000.00
F02Q10004372|200207|157000.00|0|005|235|||||6.875|0.00||||||||||||||||||||157000.00
F02Q10004372|200208|157000.00|0|006|234|||||6.875|0.00||||||||||||||||||||157000.00
F02Q10004372|200209|156681.57|0|007|233|||||6.875|0.00||||||||||||||||||||156681.57
F02Q10004372|200210|156358.40|0|008|232|||||6.875|0.00||||||||||||||||||||156358.40
F02Q10004372|200211|156033.38|0|009|231|||||6.875|0.00||||||||||||||||||||156033.38
F02Q10004372|200212|155706.50|0|010|230|||||6.875|0.00||||||||||||||||||||155706.50
F02Q10004372|200301|154377.75|0|011|229|||||6.875|0.00||||||||||||||||||||154377.75
F02Q10004372|200302|154047.12|0|012|228|||||6.875|0.00||||||||||||||||||||154047.12
F02Q10004372|200303|153708.86|0|013|227|||||6.875|0.00||||||||||||||||||||153708.86
F02Q10004372|200304|0.00|0|014|226|||01|200304|6.875|0.00|||||||||||||||153708.86|||||0.00
F02Q10004393|200202|74000.00|0|000|360|||||7.250|0.00||||||||||||||||||||74000.00
F02Q10004393|200203|74000.00|0|001|359|||||7.250|0.00||||||||||||||||||||74000.00
F02Q10004393|200204|74000.00|0|002|358|||||7.250|0.00||||||||||||||||||||74000.00
F02Q10004393|200205|74000.00|0|003|357|||||7.250|0.00||||||||||||||||||||74000.00
F02Q10004393|200206|74000.00|0|004|356|||||7.250|0.00||||||||||||||||||||74000.00
F02Q10004393|200207|74000.00|0|005|355|||||7.250|0.00||||||||||||||||||||74000.00
F02Q10004393|200208|74000.00|0|006|354|||||7.250|0.00||||||||||||||||||||74000.00
F02Q10004393|200209|73986.28|0|007|353|||||7.250|0.00||||||||||||||||||||73986.28
F02Q10004393|200210|73925.74|0|008|352|||||7.250|0.00||||||||||||||||||||73925.74
F02Q10004393|200211|73864.83|0|009|351|||||7.250|0.00||||||||||||||||||||73864.83
F02Q10004393|200212|73803.56|0|010|350|||||7.250|0.00||||||||||||||||||||73803.56
F02Q10004393|200301|73741.92|0|011|349|||||7.250|0.00||||||||||||||||||||73741.92
F02Q10004393|200302|73679.90|0|012|348|||||7.250|0.00||||||||||||||||||||73679.90
F02Q10004393|200303|73617.51|0|013|347|||||7.250|0.00||||||||||||||||||||73617.51
F02Q10004393|200304|73554.74|0|014|346|||||7.250|0.00||||||||||||||||||||73554.74
F02Q10004393|200305|73491.59|0|015|345|||||7.250|0.00||||||||||||||||||||73491.59
F02Q10004393|200306|73428.06|0|016|344|||||7.250|0.00||||||||||||||||||||73428.06
F02Q10004393|200307|73364.15|0|017|343|||||7.250|0.00||||||||||||||||||||73364.15
F02Q10004393|200308|73299.85|0|018|342|||||7.250|0.00||||||||||||||||||||73299.85
F02Q10004393|200309|73299.85|0|019|341|||||7.250|0.00||||||||||||||||||||73299.85
F02Q10004393|200310|73170.08|0|020|340|||||7.250|0.00||||||||||||||||||||73170.08
F02Q10004393|200311|73104.61|0|021|339|||||7.250|0.00||||||||||||||||||||73104.61
F02Q10004393|200312|73104.61|0|022|338|||||7.250|0.00||||||||||||||||||||73104.61
F02Q10004393|200401|73038.74|0|023|337|||||7.250|0.00||||||||||||||||||||73038.74
F02Q10004393|200402|72905.82|0|024|336|||||7.250|0.00||||||||||||||||||||72905.82
F02Q10004393|200403|72838.75|0|025|335|||||7.250|0.00||||||||||||||||||||72838.75
F02Q10004393|200404|72754.28|0|026|334|||||7.250|0.00||||||||||||||||||||72754.28
F02Q10004393|200405|72669.40|0|027|333|||||7.250|0.00||||||||||||||||||||72669.40
F02Q10004393|200406|72669.40|0|028|332|||||7.250|0.00||||||||||||||||||||72669.40
F02Q10004393|200407|72584.01|0|029|331|||||7.250|0.00||||||||||||||||||||72584.01
F02Q10004393|200408|72515.10|0|030|330|||||7.250|0.00||||||||||||||||||||72515.10
F02Q10004393|200409|0.00|0|031|329|||01|200409|7.250|0.00|||||||||||||||72515.10|||||0.00
F02Q10004400|200202|134000.00|0|000|360|||||7.125|0.00||||||||||||||||||||134000.00
F02Q10004400|200203|134000.00|0|001|359|||||7.125|0.00||||||||||||||||||||134000.00
F02Q10004400|200204|134000.00|0|002|358|||||7.125|0.00||||||||||||||||||||134000.00
F02Q10004400|200205|134000.00|0|003|357|||||7.125|0.00||||||||||||||||||||134000.00
F02Q10004400|200206|134000.00|0|004|356|||||7.125|0.00||||||||||||||||||||134000.00
F02Q10004400|200207|133000.00|0|005|355|||||7.125|0.00||||||||||||||||||||133000.00
F02Q10004400|200208|133000.00|0|006|354|||||7.125|0.00||||||||||||||||||||133000.00
F02Q10004400|200209|133236.43|0|007|353|||||7.125|0.00||||||||||||||||||||133236.43
F02Q10004400|200210|133124.74|0|008|352|||||7.125|0.00||||||||||||||||||||133124.74
F02Q10004400|200211|133012.39|0|009|351|||||7.125|0.00||||||||||||||||||||133012.39
F02Q10004400|200212|132899.37|0|010|350|||||7.125|0.00||||||||||||||||||||132899.37
F02Q10004400|200301|132785.68|0|011|349|||||7.125|0.00||||||||||||||||||||132785.68
F02Q10004400|200302|132671.31|0|012|348|||||7.125|0.00||||||||||||||||||||132671.31
F02Q10004400|200303|132556.27|0|013|347|||||7.125|0.00||||||||||||||||||||132556.27
F02Q10004400|200304|132440.54|0|014|346|||||7.125|0.00||||||||||||||||||||132440.54
F02Q10004400|200305|132324.13|0|015|345|||||7.125|0.00||||||||||||||||||||132324.13
F02Q10004400|200306|132207.02|0|016|344|||||7.125|0.00||||||||||||||||||||132207.02
F02Q10004400|200307|132089.22|0|017|343|||||7.125|0.00||||||||||||||||||||132089.22
F02Q10004400|200308|131970.72|0|018|342|||||7.125|0.00||||||||||||||||||||131970.72
F02Q10004400|200309|131851.52|0|019|341|||||7.125|0.00||||||||||||||||||||131851.52
F02Q10004400|200310|131731.61|0|020|340|||||7.125|0.00||||||||||||||||||||131731.61
F02Q10004400|200311|131610.99|0|021|339|||||7.125|0.00||||||||||||||||||||131610.99
F02Q10004400|200312|131489.65|0|022|338|||||7.125|0.00||||||||||||||||||||131489.65
F02Q10004400|200401|131367.59|0|023|337|||||7.125|0.00||||||||||||||||||||131367.59
F02Q10004400|200402|131244.81|0|024|336|||||7.125|0.00||||||||||||||||||||131244.81
F02Q10004400|200403|131121.30|0|025|335|||||7.125|0.00||||||||||||||||||||131121.30
F02Q10004400|200404|130997.05|0|026|334|||||7.125|0.00||||||||||||||||||||130997.05
F02Q10004400|200405|130872.06|0|027|333|||||7.125|0.00||||||||||||||||||||130872.06
F02Q10004400|200406|0.00|0|028|332|||01|200406|7.125|0.00|||||||||||||||130872.06|||||0.00
F02Q10004479|200202|63000.00|0|000|180|||||6.875|0.00||||||||||||||||||||63000.00
F02Q10004479|200203|63000.00|0|001|179|||||6.875|0.00||||||||||||||||||||63000.00
F02Q10004479|200204|63000.00|0|002|178|||||6.875|0.00||||||||||||||||||||63000.00
F02Q10004479|200205|62000.00|0|003|177|||||6.875|0.00||||||||||||||||||||62000.00
F02Q10004479|200206|62000.00|0|004|176|||||6.875|0.00||||||||||||||||||||62000.00
F02Q10004479|200207|62000.00|0|005|175|||||6.875|0.00||||||||||||||||||||62000.00
F02Q10004479|200208|62000.00|0|006|174|||||6.875|0.00||||||||||||||||||||62000.00
F02Q10004479|200209|61569.07|0|007|173|||||6.875|0.00||||||||||||||||||||61569.07
F02Q10004479|200210|61359.94|0|008|172|||||6.875|0.00||||||||||||||||||||61359.94
F02Q10004479|200211|61149.61|0|009|171|||||6.875|0.00||||||||||||||||||||61149.61
F02Q10004479|200212|60938.08|0|010|170|||||6.875|0.00||||||||||||||||||||60938.08
F02Q10004479|200301|60725.33|0|011|169|||||6.875|0.00||||||||||||||||||||60725.33
F02Q10004479|200302|60511.37|0|012|168|||||6.875|0.00||||||||||||||||||||60511.37
F02Q10004479|200303|60296.18|0|013|167|||||6.875|0.00||||||||||||||||||||60296.18
F02Q10004479|200304|60296.18|0|014|166|||||6.875|0.00||||||||||||||||||||60296.18
F02Q10004479|200305|59862.10|0|015|165|||||6.875|0.00||||||||||||||||||||59862.10
F02Q10004479|200306|59643.19|0|016|164|||||6.875|0.00||||||||||||||||||||59643.19
F02Q10004479|200307|59423.03|0|017|163|||||6.875|0.00||||||||||||||||||||59423.03
F02Q10004479|200308|59201.60|0|018|162|||||6.875|0.00||||||||||||||||||||59201.60
F02Q10004479|200309|58978.91|0|019|161|||||6.875|0.00||||||||||||||||||||58978.91
F02Q10004479|200310|58754.94|0|020|160|||||6.875|0.00||||||||||||||||||||58754.94
F02Q10004479|200311|58754.94|0|021|159|||||6.875|0.00||||||||||||||||||||58754.94
F02Q10004479|200312|58303.15|0|022|158|||||6.875|0.00||||||||||||||||||||58303.15
F02Q10004479|200401|58075.31|0|023|157|||||6.875|0.00||||||||||||||||||||58075.31
F02Q10004479|200402|57846.16|0|024|156|||||6.875|0.00||||||||||||||||||||57846.16
F02Q10004479|200403|57615.70|0|025|155|||||6.875|0.00||||||||||||||||||||57615.70
F02Q10004479|200404|57383.92|0|026|154|||||6.875|0.00||||||||||||||||||||57383.92
F02Q10004479|200405|57150.81|0|027|153|||||6.875|0.00||||||||||||||||||||57150.81
F02Q10004479|200406|56916.37|0|028|152|||||6.875|0.00||||||||||||||||||||56916.37
F02Q10004479|200407|56680.58|0|029|151|||||6.875|0.00||||||||||||||||||||56680.58
F02Q10004479|200408|56443.44|0|030|150|||||6.875|0.00||||||||||||||||||||56443.44
F02Q10004479|200409|56204.94|0|031|149|||||6.875|0.00||||||||||||||||||||56204.94
F02Q10004479|200410|55965.08|0|032|148|||||6.875|0.00||||||||||||||||||||55965.08
F02Q10004479|200411|55965.08|0|033|147|||||6.875|0.00||||||||||||||||||||55965.08
F02Q10004479|200412|55723.84|0|034|146|||||6.875|0.00||||||||||||||||||||55723.84
F02Q10004479|200501|55237.21|0|035|145|||||6.875|0.00||||||||||||||||||||55237.21
F02Q10004479|200502|54991.80|0|036|144|||||6.875|0.00||||||||||||||||||||54991.80
F02Q10004479|200503|54744.99|0|037|143|||||6.875|0.00||||||||||||||||||||54744.99
F02Q10004479|200504|54496.76|0|038|142|||||6.875|0.00||||||||||||||||||||54496.76
F02Q10004479|200505|0.00|0|039|141|||01|200505|6.875|0.00|||||||||||||||54496.76|||||0.00
F02Q10004503|200201|54000.00|0|000|180|||||6.500|0.00||||||||||||||||||||54000.00
F02Q10004503|200202|54000.00|0|001|179|||||6.500|0.00||||||||||||||||||||54000.00
F02Q10004503|200203|54000.00|0|002|178|||||6.500|0.00||||||||||||||||||||54000.00
F02Q10004503|200204|54000.00|0|003|177|||||6.500|0.00||||||||||||||||||||54000.00
F02Q10004503|200205|54000.00|0|004|176|||||6.500|0.00||||||||||||||||||||54000.00
F02Q10004503|200206|53000.00|0|005|175|||||6.500|0.00||||||||||||||||||||53000.00
F02Q10004503|200207|53000.00|0|006|174|||||6.500|0.00||||||||||||||||||||53000.00
F02Q10004503|200208|53123.67|0|007|173|||||6.500|0.00||||||||||||||||||||53123.67
F02Q10004503|200209|52937.54|0|008|172|||||6.500|0.00||||||||||||||||||||52937.54
F02Q10004503|200210|52750.41|0|009|171|||||6.500|0.00||||||||||||||||||||52750.41
F02Q10004503|200211|52562.14|0|010|170|||||6.500|0.00||||||||||||||||||||52562.14
F02Q10004503|200212|52372.85|0|011|169|||||6.500|0.00||||||||||||||||||||52372.85
F02Q10004503|200301|52182.54|0|012|168|||||6.500|0.00||||||||||||||||||||52182.54
F02Q10004503|200302|51991.20|0|013|167|||||6.500|0.00||||||||||||||||||||51991.20
F02Q10004503|200303|51798.94|0|014|166|||||6.500|0.00||||||||||||||||||||51798.94
F02Q10004503|200304|51605.52|0|015|165|||||6.500|0.00||||||||||||||||||||51605.52
F02Q10004503|200305|0.00|0|016|164|||01|200305|6.500|0.00|||||||||||||||51605.52|||||0.00
F02Q10004527|200201|92000.00|0|000|360|||||6.750|0.00||||||||||||||||||||92000.00
F02Q10004527|200202|92000.00|0|001|359|||||6.750|0.00||||||||||||||||||||92000.00
F02Q10004527|200203|92000.00|0|002|358|||||6.750|0.00||||||||||||||||||||92000.00
F02Q10004527|200204|92000.00|0|003|357|||||6.750|0.00||||||||||||||||||||92000.00
F02Q10004527|200205|92000.00|0|004|356|||||6.750|0.00||||||||||||||||||||92000.00
F02Q10004527|200206|92000.00|0|005|355|||||6.750|0.00||||||||||||||||||||92000.00
F02Q10004527|200207|92000.00|0|006|354|||||6.750|0.00||||||||||||||||||||92000.00
F02Q10004527|200208|91436.09|0|007|353|||||6.750|0.00||||||||||||||||||||91436.09
F02Q10004527|200209|91353.71|0|008|352|||||6.750|0.00||||||||||||||||||||91353.71
F02Q10004527|200210|91270.86|0|009|351|||||6.750|0.00||||||||||||||||||||91270.86
F02Q10004527|200211|91187.55|0|010|350|||||6.750|0.00||||||||||||||||||||91187.55
F02Q10004527|200212|91103.77|0|011|349|||||6.750|0.00||||||||||||||||||||91103.77
F02Q10004527|200301|0.00|0|012|348|||01|200301|6.750|0.00|||||||||||||||91103.77|||||0.00
F02Q10004579|200201|225000.00|0|000|180|||||6.375|0.00||||||||||||||||||||225000.00
F02Q10004579|200202|224000.00|0|001|179|||||6.375|0.00||||||||||||||||||||224000.00
F02Q10004579|200203|223000.00|0|002|178|||||6.375|0.00||||||||||||||||||||223000.00
F02Q10004579|200204|222000.00|0|003|177|||||6.375|0.00||||||||||||||||||||222000.00
F02Q10004579|200205|221000.00|0|004|176|||||6.375|0.00||||||||||||||||||||221000.00
F02Q10004579|200206|220000.00|0|005|175|||||6.375|0.00||||||||||||||||||||220000.00
F02Q10004579|200207|219000.00|0|006|174|||||6.375|0.00||||||||||||||||||||219000.00
F02Q10004579|200208|218565.36|0|007|173|||||6.375|0.00||||||||||||||||||||218565.36
F02Q10004579|200209|217626.49|0|008|172|||||6.375|0.00||||||||||||||||||||217626.49
F02Q10004579|200210|216682.63|0|009|171|||||6.375|0.00||||||||||||||||||||216682.63
F02Q10004579|200211|215733.76|0|010|170|||||6.375|0.00||||||||||||||||||||215733.76
F02Q10004579|200212|214779.85|0|011|169|||||6.375|0.00||||||||||||||||||||214779.85
F02Q10004579|200301|213820.87|0|012|168|||||6.375|0.00||||||||||||||||||||213820.87
F02Q10004579|200302|212856.79|0|013|167|||||6.375|0.00||||||||||||||||||||212856.79
F02Q10004579|200303|211887.59|0|014|166|||||6.375|0.00||||||||||||||||||||211887.59
F02Q10004579|200304|210913.24|0|015|165|||||6.375|0.00||||||||||||||||||||210913.24
F02Q10004579|200305|209933.72|0|016|164|||||6.375|0.00||||||||||||||||||||209933.72
F02Q10004579|200306|208948.99|0|017|163|||||6.375|0.00||||||||||||||||||||208948.99
F02Q10004579|200307|0.00|0|018|162|||01|200307|6.375|0.00|||||||||||||||208948.99|||||0.00
F02Q10004602|200202|41000.00|0|000|156|||||6.750|0.00||||||||||||||||||||41000.00
F02Q10004602|200203|41000.00|0|001|155|||||6.750|0.00||||||||||||||||||||41000.00
F02Q10004602|200204|40000.00|0|002|154|||||6.750|0.00||||||||||||||||||||40000.00
F02Q10004602|200205|40000.00|0|003|153|||||6.750|0.00||||||||||||||||||||40000.00
F02Q10004602|200206|40000.00|0|004|152|||||6.750|0.00||||||||||||||||||||40000.00
F02Q10004602|200207|39000.00|0|005|151|||||6.750|0.00||||||||||||||||||||39000.00
F02Q10004602|200208|39000.00|0|006|150|||||6.750|0.00||||||||||||||||||||39000.00
F02Q10004602|200209|38889.71|0|007|149|||||6.750|0.00||||||||||||||||||||38889.71
F02Q10004602|200210|38664.91|0|008|148|||||6.750|0.00||||||||||||||||||||38664.91
F02Q10004602|200211|38488.85|0|009|147|||||6.750|0.00||||||||||||||||||||38488.85
F02Q10004602|200212|38311.80|0|010|146|||||6.750|0.00||||||||||||||||||||38311.80
F02Q10004602|200301|38133.75|0|011|145|||||6.750|0.00||||||||||||||||||||38133.75
F02Q10004602|200302|37954.70|0|012|144|||||6.750|0.00||||||||||||||||||||37954.70
F02Q10004602|200303|37674.65|0|013|143|||||6.750|0.00||||||||||||||||||||37674.65
F02Q10004602|200304|37393.02|0|014|142|||||6.750|0.00||||||||||||||||||||37393.02
F02Q10004602|200305|37110.37|0|015|141|||||6.750|0.00||||||||||||||||||||37110.37
F02Q10004602|200306|36875.57|0|016|140|||||6.750|0.00||||||||||||||||||||36875.57
F02Q10004602|200307|36589.45|0|017|139|||||6.750|0.00||||||||||||||||||||36589.45
F02Q10004602|200308|36301.72|0|018|138|||||6.750|0.00||||||||||||||||||||36301.72
F02Q10004602|200309|36012.37|0|019|137|||||6.750|0.00||||||||||||||||||||36012.37
F02Q10004602|200310|35721.39|0|020|136|||||6.750|0.00||||||||||||||||||||35721.39
F02Q10004602|200311|35528.77|0|021|135|||||6.750|0.00||||||||||||||||||||35528.77
F02Q10004602|200312|35335.07|0|022|134|||||6.750|0.00||||||||||||||||||||35335.07
F02Q10004602|200401|35040.28|0|023|133|||||6.750|0.00||||||||||||||||||||35040.28
F02Q10004602|200402|34743.83|0|024|132|||||6.750|0.00||||||||||||||||||||34743.83
F02Q10004602|200403|34445.71|0|025|131|||||6.750|0.00||||||||||||||||||||34445.71
F02Q10004602|200404|34145.92|0|026|130|||||6.750|0.00||||||||||||||||||||34145.92
F02Q10004602|200405|33945.00|0|027|129|||||6.750|0.00||||||||||||||||||||33945.00
F02Q10004602|200406|33742.39|0|028|128|||||6.750|0.00||||||||||||||||||||33742.39
F02Q10004602|200407|33538.64|0|029|127|||||6.750|0.00||||||||||||||||||||33538.64
F02Q10004602|200408|33283.74|0|030|126|||||6.750|0.00||||||||||||||||||||33283.74
F02Q10004602|200409|33077.69|0|031|125|||||6.750|0.00||||||||||||||||||||33077.69
F02Q10004602|200410|32670.20|0|032|124|||||6.750|0.00||||||||||||||||||||32670.20
F02Q10004602|200411|32461.54|0|033|123|||||6.750|0.00||||||||||||||||||||32461.54
F02Q10004602|200412|32200.59|0|034|122|||||6.750|0.00||||||||||||||||||||32200.59
F02Q10004602|200501|31938.45|0|035|121|||||6.750|0.00||||||||||||||||||||31938.45
F02Q10004602|200502|31624.55|0|036|120|||||6.750|0.00||||||||||||||||||||31624.55
F02Q10004602|200503|31408.89|0|037|119|||||6.750|0.00||||||||||||||||||||31408.89
F02Q10004602|200504|31092.02|0|038|118|||||6.750|0.00||||||||||||||||||||31092.02
F02Q10004602|200505|30873.36|0|039|117|||||6.750|0.00||||||||||||||||||||30873.36
F02Q10004602|200506|30653.47|0|040|116|||||6.750|0.00||||||||||||||||||||30653.47
F02Q10004602|200507|30432.35|0|041|115|||||6.750|0.00||||||||||||||||||||30432.35
F02Q10004602|200508|30209.98|0|042|114|||||6.750|0.00||||||||||||||||||||30209.98
F02Q10004602|200509|29986.36|0|043|113|||||6.750|0.00||||||||||||||||||||29986.36
F02Q10004602|200510|29761.48|0|044|112|||||6.750|0.00||||||||||||||||||||29761.48
F02Q10004602|200511|29535.34|0|045|111|||||6.750|0.00||||||||||||||||||||29535.34
F02Q10004602|200512|29307.93|0|046|110|||||6.750|0.00||||||||||||||||||||29307.93
F02Q10004602|200601|29079.24|0|047|109|||||6.750|0.00||||||||||||||||||||29079.24
F02Q10004602|200602|28849.26|0|048|108|||||6.750|0.00||||||||||||||||||||28849.26
F02Q10004602|200603|28617.99|0|049|107|||||6.750|0.00||||||||||||||||||||28617.99
F02Q10004602|200604|28385.42|0|050|106|||||6.750|0.00||||||||||||||||||||28385.42
F02Q10004602|200605|28151.54|0|051|105|||||6.750|0.00||||||||||||||||||||28151.54
F02Q10004602|200606|27916.34|0|052|104|||||6.750|0.00||||||||||||||||||||27916.34
F02Q10004602|200607|27629.82|0|053|103|||||6.750|0.00||||||||||||||||||||27629.82
F02Q10004602|200608|27391.69|0|054|102|||||6.750|0.00||||||||||||||||||||27391.69
F02Q10004602|200609|27152.22|0|055|101|||||6.750|0.00||||||||||||||||||||27152.22
F02Q10004602|200610|26911.40|0|056|100|||||6.750|0.00||||||||||||||||||||26911.40
F02Q10004602|200611|26669.23|0|057|099|||||6.750|0.00||||||||||||||||||||26669.23
F02Q10004602|200612|26425.69|0|058|098|||||6.750|0.00||||||||||||||||||||26425.69
F02Q10004602|200701|26180.78|0|059|097|||||6.750|0.00||||||||||||||||||||26180.78
F02Q10004602|200702|25934.50|0|060|096|||||6.750|0.00||||||||||||||||||||25934.50
F02Q10004602|200703|25686.83|0|061|095|||||6.750|0.00||||||||||||||||||||25686.83
F02Q10004602|200704|25437.77|0|062|094|||||6.750|0.00||||||||||||||||||||25437.77
F02Q10004602|200705|25187.31|0|063|093|||||6.750|0.00||||||||||||||||||||25187.31
F02Q10004602|200706|24935.44|0|064|092|||||6.750|0.00||||||||||||||||||||24935.44
F02Q10004602|200707|24682.15|0|065|091|||||6.750|0.00||||||||||||||||||||24682.15
F02Q10004602|200708|24427.44|0|066|090|||||6.750|0.00||||||||||||||||||||24427.44
F02Q10004602|200709|24171.29|0|067|089|||||6.750|0.00||||||||||||||||||||24171.29
F02Q10004602|200710|23913.70|0|068|088|||||6.750|0.00||||||||||||||||||||23913.70
F02Q10004602|200711|23654.66|0|069|087|||||6.750|0.00||||||||||||||||||||23654.66
F02Q10004602|200712|23394.17|0|070|086|||||6.750|0.00||||||||||||||||||||23394.17
F02Q10004602|200801|23132.21|0|071|085|||||6.750|0.00||||||||||||||||||||23132.21
F02Q10004602|200802|22868.78|0|072|084|||||6.750|0.00||||||||||||||||||||22868.78
F02Q10004602|200803|22603.87|0|073|083|||||6.750|0.00||||||||||||||||||||22603.87
F02Q10004602|200804|22337.47|0|074|082|||||6.750|0.00||||||||||||||||||||22337.47
F02Q10004602|200805|22069.57|0|075|081|||||6.750|0.00||||||||||||||||||||22069.57
F02Q10004602|200806|21800.16|0|076|080|||||6.750|0.00||||||||||||||||||||21800.16
F02Q10004602|200807|21529.24|0|077|079|||||6.750|0.00||||||||||||||||||||21529.24
F02Q10004602|200808|21256.79|0|078|078|||||6.750|0.00||||||||||||||||||||21256.79
F02Q10004602|200809|20982.81|0|079|077|||||6.750|0.00||||||||||||||||||||20982.81
F02Q10004602|200810|20707.29|0|080|076|||||6.750|0.00||||||||||||||||||||20707.29
F02Q10004602|200811|20430.22|0|081|075|||||6.750|0.00||||||||||||||||||||20430.22
F02Q10004602|200812|19991.59|0|082|074|||||6.750|0.00||||||||||||||||||||19991.59
F02Q10004602|200901|19610.49|0|083|073|||||6.750|0.00||||||||||||||||||||19610.49
F02Q10004602|200902|19327.25|0|084|072|||||6.750|0.00||||||||||||||||||||19327.25
F02Q10004602|200903|18985.97|0|085|071|||||6.750|0.00||||||||||||||||||||18985.97
F02Q10004602|200904|18599.22|0|086|070|||||6.750|0.00||||||||||||||||||||18599.22
F02Q10004602|200905|18210.29|0|087|069|||||6.750|0.00||||||||||||||||||||18210.29
F02Q10004602|200906|17819.17|0|088|068|||||6.750|0.00||||||||||||||||||||17819.17
F02Q10004602|200907|17325.85|0|089|067|||||6.750|0.00||||||||||||||||||||17325.85
F02Q10004602|200908|16929.76|0|090|066|||||6.750|0.00||||||||||||||||||||16929.76
F02Q10004602|200909|16481.44|0|091|065|||||6.750|0.00||||||||||||||||||||16481.44
F02Q10004602|200910|16180.60|0|092|064|||||6.750|0.00||||||||||||||||||||16180.60
F02Q10004602|200911|15878.07|0|093|063|||||6.750|0.00||||||||||||||||||||15878.07
F02Q10004602|200912|15573.83|0|094|062|||||6.750|0.00||||||||||||||||||||15573.83
F02Q10004602|201001|15217.88|0|095|061|||||6.750|0.00||||||||||||||||||||15217.88
F02Q10004602|201002|14809.93|0|096|060|||||6.750|0.00||||||||||||||||||||14809.93
F02Q10004602|201003|14449.69|0|097|059|||||6.750|0.00||||||||||||||||||||14449.69
F02Q10004602|201004|13997.42|0|098|058|||||6.750|0.00||||||||||||||||||||13997.42
F02Q10004602|201005|13682.61|0|099|057|||||6.750|0.00||||||||||||||||||||13682.61
F02Q10004602|201006|13366.02|0|100|056|||||6.750|0.00||||||||||||||||||||13366.02
F02Q10004602|201007|12947.65|0|101|055|||||6.750|0.00||||||||||||||||||||12947.65
F02Q10004602|201008|12426.93|0|102|054|||||6.750|0.00||||||||||||||||||||12426.93
F02Q10004602|201009|12053.28|0|103|053|||||6.750|0.00||||||||||||||||||||12053.28
F02Q10004602|201010|11677.53|0|104|052|||||6.750|0.00||||||||||||||||||||11677.53
F02Q10004602|201011|11149.67|0|105|051|||||6.750|0.00||||||||||||||||||||11149.67
F02Q10004602|201012|10718.84|0|106|050|||||6.750|0.00||||||||||||||||||||10718.84
F02Q10004602|201101|10385.58|0|107|049|||||6.750|0.00||||||||||||||||||||10385.58
F02Q10004602|201102|9990.00|0|108|048|||||6.750|0.00||||||||||||||||||||9990.00
F02Q10004602|201103|9602.64|0|109|047|||||6.750|0.00||||||||||||||||||||9602.64
F02Q10004602|201104|9263.10|0|110|046|||||6.750|0.00||||||||||||||||||||9263.10
F02Q10004602|201105|8871.65|0|111|045|||||6.750|0.00||||||||||||||||||||8871.65
F02Q10004602|201106|8428.00|0|112|044|||||6.750|0.00||||||||||||||||||||8428.00
F02Q10004602|201107|8081.86|0|113|043|||||6.750|0.00||||||||||||||||||||8081.86
F02Q10004602|201108|7733.77|0|114|042|||||6.750|0.00||||||||||||||||||||7733.77
F02Q10004602|201109|7333.72|0|115|041|||||6.750|0.00||||||||||||||||||||7333.72
F02Q10004602|201110|6951.42|0|116|040|||||6.750|0.00||||||||||||||||||||6951.42
F02Q10004602|201111|6546.97|0|117|039|||||6.750|0.00||||||||||||||||||||6546.97
F02Q10004602|201112|6190.25|0|118|038|||||6.750|0.00||||||||||||||||||||6190.25
F02Q10004602|201201|5631.52|0|119|037|||||6.750|0.00||||||||||||||||||||5631.52
F02Q10004602|201202|5219.65|0|120|036|||||6.750|0.00||||||||||||||||||||5219.65
F02Q10004602|201203|4755.46|0|121|035|||||6.750|0.00||||||||||||||||||||4755.46
F02Q10004602|201204|4288.66|0|122|034|||||6.750|0.00||||||||||||||||||||4288.66
F02Q10004602|201205|3869.23|0|123|033|||||6.750|0.00||||||||||||||||||||3869.23
F02Q10004602|201206|3397.44|0|124|032|||||6.750|0.00||||||||||||||||||||3397.44
F02Q10004602|201207|2923.00|0|125|031|||||6.750|0.00||||||||||||||||||||2923.00
F02Q10004602|201208|2345.89|0|126|030|||||6.750|0.00||||||||||||||||||||2345.89
F02Q10004602|201209|1765.54|0|127|029|||||6.750|0.00||||||||||||||||||||1765.54
F02Q10004602|201210|1181.92|0|128|028|||||6.750|0.00||||||||||||||||||||1181.92
F02Q10004602|201211|495.02|0|129|027|||||6.750|0.00||||||||||||||||||||495.02
F02Q10004602|201212|0.00|0|130|026|||01|201212|6.750|0.00|||||||||||||||495.02|||||0.00
F02Q10004635|200202|207000.00|0|000|180|||||6.375|0.00||||||||||||||||||||207000.00
F02Q10004635|200203|206000.00|0|001|179|||||6.375|0.00||||||||||||||||||||206000.00
F02Q10004635|200204|205000.00|0|002|178|||||6.375|0.00||||||||||||||||||||205000.00
F02Q10004635|200205|204000.00|0|003|177|||||6.375|0.00||||||||||||||||||||204000.00
F02Q10004635|200206|203000.00|0|004|176|||||6.375|0.00||||||||||||||||||||203000.00
F02Q10004635|200207|202000.00|0|005|175|||||6.375|0.00||||||||||||||||||||202000.00
F02Q10004635|200208|202000.00|0|006|174|||||6.375|0.00||||||||||||||||||||202000.00
F02Q10004635|200209|200596.48|0|007|173|||||6.375|0.00||||||||||||||||||||200596.48
F02Q10004635|200210|199662.15|0|008|172|||||6.375|0.00||||||||||||||||||||199662.15
F02Q10004635|200211|198722.86|0|009|171|||||6.375|0.00||||||||||||||||||||198722.86
F02Q10004635|200212|197778.58|0|010|170|||||6.375|0.00||||||||||||||||||||197778.58
F02Q10004635|200301|197029.28|0|011|169|||||6.375|0.00||||||||||||||||||||197029.28
F02Q10004635|200302|196276.00|0|012|168|||||6.375|0.00||||||||||||||||||||196276.00
F02Q10004635|200303|195518.72|0|013|167|||||6.375|0.00||||||||||||||||||||195518.72
F02Q10004635|200304|194757.41|0|014|166|||||6.375|0.00||||||||||||||||||||194757.41
F02Q10004635|200305|0.00|0|015|165|||01|200305|6.375|0.00|||||||||||||||194757.41|||||0.00
F02Q10004696|200202|81000.00|0|000|240|||||6.500|0.00||||||||||||||||||||81000.00
F02Q10004696|200203|80000.00|0|001|239|||||6.500|0.00||||||||||||||||||||80000.00
F02Q10004696|200204|0.00|0|002|238|||01|200204|6.500|0.00|||||||||||||||80435.64|||||0.00
F02Q10004741|200202|50000.00|0|000|180|||||6.750|0.00||||||||||||||||||||50000.00
F02Q10004741|200203|50000.00|0|001|179|||||6.750|0.00||||||||||||||||||||50000.00
F02Q10004741|200204|39000.00|0|002|178|||||6.750|0.00||||||||||||||||||||39000.00
F02Q10004741|200205|38000.00|0|003|177|||||6.750|0.00||||||||||||||||||||38000.00
F02Q10004741|200206|31000.00|0|004|176|||||6.750|0.00||||||||||||||||||||31000.00
F02Q10004741|200207|31000.00|0|005|175|||||6.750|0.00||||||||||||||||||||31000.00
F02Q10004741|200208|31000.00|0|006|174|||||6.750|0.00||||||||||||||||||||31000.00
F02Q10004741|200209|30420.70|0|007|173|||||6.750|0.00||||||||||||||||||||30420.70
F02Q10004741|200210|30149.37|0|008|172|||||6.750|0.00||||||||||||||||||||30149.37
F02Q10004741|200211|29876.51|0|009|171|||||6.750|0.00||||||||||||||||||||29876.51
F02Q10004741|200212|29602.12|0|010|170|||||6.750|0.00||||||||||||||||||||29602.12
F02Q10004741|200301|29326.18|0|011|169|||||6.750|0.00||||||||||||||||||||29326.18
F02Q10004741|200302|29048.69|0|012|168|||||6.750|0.00||||||||||||||||||||29048.69
F02Q10004741|200303|28769.64|0|013|167|||||6.750|0.00||||||||||||||||||||28769.64
F02Q10004741|200304|28489.02|0|014|166|||||6.750|0.00||||||||||||||||||||28489.02
F02Q10004741|200305|28206.82|0|015|165|||||6.750|0.00||||||||||||||||||||28206.82
F02Q10004741|200306|27923.03|0|016|164|||||6.750|0.00||||||||||||||||||||27923.03
F02Q10004741|200307|27637.65|0|017|163|||||6.750|0.00||||||||||||||||||||27637.65
F02Q10004741|200308|27350.66|0|018|162|||||6.750|0.00||||||||||||||||||||27350.66
F02Q10004741|200309|11711.06|0|019|161|||||6.750|0.00||||||||||||||||||||11711.06
F02Q10004741|200310|3734.48|0|020|160|||||6.750|0.00||||||||||||||||||||3734.48
F02Q10004741|200311|0.00|0|021|159|||01|200311|6.750|0.00|||||||||||||||3734.48|||||0.00
F02Q10004993|200202|108000.00|0|000|180|||||6.000|0.00||||||||||||||||||||108000.00
F02Q10004993|200203|108000.00|0|001|179|||||6.000|0.00||||||||||||||||||||108000.00
F02Q10004993|200204|107000.00|0|002|178|||||6.000|0.00||||||||||||||||||||107000.00
F02Q10004993|200205|107000.00|0|003|177|||||6.000|0.00||||||||||||||||||||107000.00
F02Q10004993|200206|106000.00|0|004|176|||||6.000|0.00||||||||||||||||||||106000.00
F02Q10004993|200207|106000.00|0|005|175|||||6.000|0.00||||||||||||||||||||106000.00
F02Q10004993|200208|106000.00|0|006|174|||||6.000|0.00||||||||||||||||||||106000.00
F02Q10004993|200209|105342.55|0|007|173|||||6.000|0.00||||||||||||||||||||105342.55
F02Q10004993|200210|104957.89|0|008|172|||||6.000|0.00||||||||||||||||||||104957.89
F02Q10004993|200211|104571.31|0|009|171|||||6.000|0.00||||||||||||||||||||104571.31
F02Q10004993|200212|104182.80|0|010|170|||||6.000|0.00||||||||||||||||||||104182.80
F02Q10004993|200301|103792.34|0|011|169|||||6.000|0.00||||||||||||||||||||103792.34
F02Q10004993|200302|103399.93|0|012|168|||||6.000|0.00||||||||||||||||||||103399.93
F02Q10004993|200303|103005.56|0|013|167|||||6.000|0.00||||||||||||||||||||103005.56
F02Q10004993|200304|102609.22|0|014|166|||||6.000|0.00||||||||||||||||||||102609.22
F02Q10004993|200305|102210.90|0|015|165|||||6.000|0.00||||||||||||||||||||102210.90
F02Q10004993|200306|101810.58|0|016|164|||||6.000|0.00||||||||||||||||||||101810.58
F02Q10004993|200307|101408.26|0|017|163|||||6.000|0.00||||||||||||||||||||101408.26
F02Q10004993|200308|101003.93|0|018|162|||||6.000|0.00||||||||||||||||||||101003.93
F02Q10004993|200309|100597.58|0|019|161|||||6.000|0.00||||||||||||||||||||100597.58
F02Q10004993|200310|100189.20|0|020|160|||||6.000|0.00||||||||||||||||||||100189.20
F02Q10004993|200311|99778.78|0|021|159|||||6.000|0.00||||||||||||||||||||99778.78
F02Q10004993|200312|99366.30|0|022|158|||||6.000|0.00||||||||||||||||||||99366.30
F02Q10004993|200401|98951.76|0|023|157|||||6.000|0.00||||||||||||||||||||98951.76
F02Q10004993|200402|98535.15|0|024|156|||||6.000|0.00||||||||||||||||||||98535.15
F02Q10004993|200403|98116.46|0|025|155|||||6.000|0.00||||||||||||||||||||98116.46
F02Q10004993|200404|97695.67|0|026|154|||||6.000|0.00||||||||||||||||||||97695.67
F02Q10004993|200405|97272.78|0|027|153|||||6.000|0.00||||||||||||||||||||97272.78
F02Q10004993|200406|96847.77|0|028|152|||||6.000|0.00||||||||||||||||||||96847.77
F02Q10004993|200407|96420.64|0|029|151|||||6.000|0.00||||||||||||||||||||96420.64
F02Q10004993|200408|95991.37|0|030|150|||||6.000|0.00||||||||||||||||||||95991.37
F02Q10004993|200409|95559.96|0|031|149|||||6.000|0.00||||||||||||||||||||95559.96
F02Q10004993|200410|95126.39|0|032|148|||||6.000|0.00||||||||||||||||||||95126.39
F02Q10004993|200411|94690.65|0|033|147|||||6.000|0.00||||||||||||||||||||94690.65
F02Q10004993|200412|0.00|0|034|146|||01|200412|6.000|0.00|||||||||||||||94690.65|||||0.00
F02Q10005105|200202|84000.00|0|000|360|||||7.500|0.00||||||||||||||||||||84000.00
F02Q10005105|200203|84000.00|0|001|359|||||7.500|0.00||||||||||||||||||||84000.00
F02Q10005105|200204|84000.00|0|002|358|||||7.500|0.00||||||||||||||||||||84000.00
F02Q10005105|200205|84000.00|0|003|357|||||7.500|0.00||||||||||||||||||||84000.00
F02Q10005105|200206|84000.00|0|004|356|||||7.500|0.00||||||||||||||||||||84000.00
F02Q10005105|200207|84000.00|0|005|355|||||7.500|0.00||||||||||||||||||||84000.00
F02Q10005105|200208|83000.00|0|006|354|||||7.500|0.00||||||||||||||||||||83000.00
F02Q10005105|200209|83416.55|0|007|353|||||7.500|0.00||||||||||||||||||||83416.55
F02Q10005105|200210|83416.55|0|008|352|||||7.500|0.00||||||||||||||||||||83416.55
F02Q10005105|200211|0.00|0|009|351|||01|200211|7.500|0.00|||||||||||||||83416.55|||||0.00
F02Q10005107|200202|70000.00|0|000|240|||||7.375|0.00||||||||||||||||||||70000.00
F02Q10005107|200203|70000.00|0|001|239|||||7.375|0.00||||||||||||||||||||70000.00
F02Q10005107|200204|70000.00|0|002|238|||||7.375|0.00||||||||||||||||||||70000.00
F02Q10005107|200205|70000.00|0|003|237|||||7.375|0.00||||||||||||||||||||70000.00
F02Q10005107|200206|70000.00|0|004|236|||||7.375|0.00||||||||||||||||||||70000.00
F02Q10005107|200207|70000.00|0|005|235|||||7.375|0.00||||||||||||||||||||70000.00
F02Q10005107|200208|69000.00|0|006|234|||||7.375|0.00||||||||||||||||||||69000.00
F02Q10005107|200209|69282.01|0|007|233|||||7.375|0.00||||||||||||||||||||69282.01
F02Q10005107|200210|69147.63|0|008|232|||||7.375|0.00||||||||||||||||||||69147.63
F02Q10005107|200211|69012.42|0|009|231|||||7.375|0.00||||||||||||||||||||69012.42
F02Q10005107|200212|68876.38|0|010|230|||||7.375|0.00||||||||||||||||||||68876.38
F02Q10005107|200301|68739.50|0|011|229|||||7.375|0.00||||||||||||||||||||68739.50
F02Q10005107|200302|68601.78|0|012|228|||||7.375|0.00||||||||||||||||||||68601.78
F02Q10005107|200303|68463.22|0|013|227|||||7.375|0.00||||||||||||||||||||68463.22
F02Q10005107|200304|68323.80|0|014|226|||||7.375|0.00||||||||||||||||||||68323.80
F02Q10005107|200305|68183.53|0|015|225|||||7.375|0.00||||||||||||||||||||68183.53
F02Q10005107|200306|68042.39|0|016|224|||||7.375|0.00||||||||||||||||||||68042.39
F02Q10005107|200307|67900.39|0|017|223|||||7.375|0.00||||||||||||||||||||67900.39
F02Q10005107|200308|67757.51|0|018|222|||||7.375|0.00||||||||||||||||||||67757.51
F02Q10005107|200309|67613.76|0|019|221|||||7.375|0.00||||||||||||||||||||67613.76
F02Q10005107|200310|67469.12|0|020|220|||||7.375|0.00||||||||||||||||||||67469.12
F02Q10005107|200311|67323.59|0|021|219|||||7.375|0.00||||||||||||||||||||67323.59
F02Q10005107|200312|67177.17|0|022|218|||||7.375|0.00||||||||||||||||||||67177.17
F02Q10005107|200401|67029.85|0|023|217|||||7.375|0.00||||||||||||||||||||67029.85
F02Q10005107|200402|66881.62|0|024|216|||||7.375|0.00||||||||||||||||||||66881.62
F02Q10005107|200403|66732.48|0|025|215|||||7.375|0.00||||||||||||||||||||66732.48
F02Q10005107|200404|0.00|0|026|214|||01|200404|7.375|0.00|||||||||||||||66732.48|||||0.00
F02Q10005137|200202|23000.00|0|000|180|||||6.875|0.00||||||||||||||||||||23000.00
F02Q10005137|200203|23000.00|0|001|179|||||6.875|0.00||||||||||||||||||||23000.00
F02Q10005137|200204|23000.00|0|002|178|||||6.875|0.00||||||||||||||||||||23000.00
F02Q10005137|200205|23000.00|0|003|177|||||6.875|0.00||||||||||||||||||||23000.00
F02Q10005137|200206|23000.00|0|004|176|||||6.875|0.00||||||||||||||||||||23000.00
F02Q10005137|200207|23000.00|0|005|175|||||6.875|0.00||||||||||||||||||||23000.00
F02Q10005137|200208|23000.00|0|006|174|||||6.875|0.00||||||||||||||||||||23000.00
F02Q10005137|200209|22868.53|0|007|173|||||6.875|0.00||||||||||||||||||||22868.53
F02Q10005137|200210|22790.86|0|008|172|||||6.875|0.00||||||||||||||||||||22790.86
F02Q10005137|200211|22790.86|0|009|171|||||6.875|0.00||||||||||||||||||||22790.86
F02Q10005137|200212|22634.18|0|010|170|||||6.875|0.00||||||||||||||||||||22634.18
F02Q10005137|200301|22555.16|0|011|169|||||6.875|0.00||||||||||||||||||||22555.16
F02Q10005137|200302|22475.69|0|012|168|||||6.875|0.00||||||||||||||||||||22475.69
F02Q10005137|200303|22395.77|0|013|167|||||6.875|0.00||||||||||||||||||||22395.77
F02Q10005137|200304|22315.39|0|014|166|||||6.875|0.00||||||||||||||||||||22315.39
F02Q10005137|200305|22234.55|0|015|165|||||6.875|0.00||||||||||||||||||||22234.55
F02Q10005137|200306|22234.55|0|016|164|||||6.875|0.00||||||||||||||||||||22234.55
F02Q10005137|200307|22071.48|0|017|163|||||6.875|0.00||||||||||||||||||||22071.48
F02Q10005137|200308|21989.24|0|018|162|||||6.875|0.00||||||||||||||||||||21989.24
F02Q10005137|200309|21906.53|0|019|161|||||6.875|0.00||||||||||||||||||||21906.53
F02Q10005137|200310|21823.35|0|020|160|||||6.875|0.00||||||||||||||||||||21823.35
F02Q10005137|200311|21823.35|0|021|159|||||6.875|0.00||||||||||||||||||||21823.35
F02Q10005137|200312|21655.55|0|022|158|||||6.875|0.00||||||||||||||||||||21655.55
F02Q10005137|200401|21570.93|0|023|157|||||6.875|0.00||||||||||||||||||||21570.93
F02Q10005137|200402|21485.82|0|024|156|||||6.875|0.00||||||||||||||||||||21485.82
F02Q10005137|200403|21400.23|0|025|155|||||6.875|0.00||||||||||||||||||||21400.23
F02Q10005137|200404|21314.15|0|026|154|||||6.875|0.00||||||||||||||||||||21314.15
F02Q10005137|200405|21314.15|0|027|153|||||6.875|0.00||||||||||||||||||||21314.15
F02Q10005137|200406|21227.57|0|028|152|||||6.875|0.00||||||||||||||||||||21227.57
F02Q10005137|200407|21052.93|0|029|151|||||6.875|0.00||||||||||||||||||||21052.93
F02Q10005137|200408|20964.86|0|030|150|||||6.875|0.00||||||||||||||||||||20964.86
F02Q10005137|200409|20964.86|0|031|149|||||6.875|0.00||||||||||||||||||||20964.86
F02Q10005137|200410|20787.19|0|032|148|||||6.875|0.00||||||||||||||||||||20787.19
F02Q10005137|200411|20697.59|0|033|147|||||6.875|0.00||||||||||||||||||||20697.59
F02Q10005137|200412|20697.59|0|034|146|||||6.875|0.00||||||||||||||||||||20697.59
F02Q10005137|200501|20516.85|0|035|145|||||6.875|0.00||||||||||||||||||||20516.85
F02Q10005137|200502|20425.70|0|036|144|||||6.875|0.00||||||||||||||||||||20425.70
F02Q10005137|200503|20425.70|0|037|143|||||6.875|0.00||||||||||||||||||||20425.70
F02Q10005137|200504|20241.84|0|038|142|||||6.875|0.00||||||||||||||||||||20241.84
F02Q10005137|200505|20241.84|0|039|141|||||6.875|0.00||||||||||||||||||||20241.84
F02Q10005137|200506|20055.87|0|040|140|||||6.875|0.00||||||||||||||||||||20055.87
F02Q10005137|200507|20055.87|0|041|139|||||6.875|0.00||||||||||||||||||||20055.87
F02Q10005137|200508|19867.80|0|042|138|||||6.875|0.00||||||||||||||||||||19867.80
F02Q10005137|200509|19772.94|0|043|137|||||6.875|0.00||||||||||||||||||||19772.94
F02Q10005137|200510|19772.94|0|044|136|||||6.875|0.00||||||||||||||||||||19772.94
F02Q10005137|200511|19677.53|0|045|135|||||6.875|0.00||||||||||||||||||||19677.53
F02Q10005137|200512|19485.08|0|046|134|||||6.875|0.00||||||||||||||||||||19485.08
F02Q10005137|200601|19388.02|0|047|133|||||6.875|0.00||||||||||||||||||||19388.02
F02Q10005137|200602|19290.41|0|048|132|||||6.875|0.00||||||||||||||||||||19290.41
F02Q10005137|200603|19290.41|0|049|131|||||6.875|0.00||||||||||||||||||||19290.41
F02Q10005137|200604|19192.24|0|050|130|||||6.875|0.00||||||||||||||||||||19192.24
F02Q10005137|200605|18994.21|0|051|129|||||6.875|0.00||||||||||||||||||||18994.21
F02Q10005137|200606|18994.21|0|052|128|||||6.875|0.00||||||||||||||||||||18994.21
F02Q10005137|200607|18894.34|0|053|127|||||6.875|0.00||||||||||||||||||||18894.34
F02Q10005137|200608|18793.90|0|054|126|||||6.875|0.00||||||||||||||||||||18793.90
F02Q10005137|200609|18692.88|0|055|125|||||6.875|0.00||||||||||||||||||||18692.88
F02Q10005137|200610|18591.28|0|056|124|||||6.875|0.00||||||||||||||||||||18591.28
F02Q10005137|200611|18386.34|0|057|123|||||6.875|0.00||||||||||||||||||||18386.34
F02Q10005137|200612|18282.99|0|058|122|||||6.875|0.00||||||||||||||||||||18282.99
F02Q10005137|200701|18179.05|0|059|121|||||6.875|0.00||||||||||||||||||||18179.05
F02Q10005137|200702|18074.51|0|060|120|||||6.875|0.00||||||||||||||||||||18074.51
F02Q10005137|200703|18074.51|0|061|119|||||6.875|0.00||||||||||||||||||||18074.51
F02Q10005137|200704|17969.37|0|062|118|||||6.875|0.00||||||||||||||||||||17969.37
F02Q10005137|200705|17863.63|0|063|117|||||6.875|0.00||||||||||||||||||||17863.63
F02Q10005137|200706|17757.28|0|064|116|||||6.875|0.00||||||||||||||||||||17757.28
F02Q10005137|200707|17650.32|0|065|115|||||6.875|0.00||||||||||||||||||||17650.32
F02Q10005137|200708|17542.75|0|066|114|||||6.875|0.00||||||||||||||||||||17542.75
F02Q10005137|200709|17434.57|0|067|113|||||6.875|0.00||||||||||||||||||||17434.57
F02Q10005137|200710|17325.77|0|068|112|||||6.875|0.00||||||||||||||||||||17325.77
F02Q10005137|200711|17216.34|0|069|111|||||6.875|0.00||||||||||||||||||||17216.34
F02Q10005137|200712|17106.29|0|070|110|||||6.875|0.00||||||||||||||||||||17106.29
F02Q10005137|200801|16884.28|0|071|109|||||6.875|0.00||||||||||||||||||||16884.28
F02Q10005137|200802|16772.32|0|072|108|||||6.875|0.00||||||||||||||||||||16772.32
F02Q10005137|200803|16772.32|0|073|107|||||6.875|0.00||||||||||||||||||||16772.32
F02Q10005137|200804|16659.72|0|074|106|||||6.875|0.00||||||||||||||||||||16659.72
F02Q10005137|200805|16546.48|0|075|105|||||6.875|0.00||||||||||||||||||||16546.48
F02Q10005137|200806|16432.59|0|076|104|||||6.875|0.00||||||||||||||||||||16432.59
F02Q10005137|200807|16318.05|1|077|103|||||6.875|0.00||||||||||||||||||||16318.05
F02Q10005137|200808|16202.85|0|078|102|||||6.875|0.00||||||||||||||||||||16202.85
F02Q10005137|200809|16086.99|1|079|101|||||6.875|0.00||||||||||||||||||||16086.99
F02Q10005137|200810|15853.28|0|080|100|||||6.875|0.00||||||||||||||||||||15853.28
F02Q10005137|200811|15853.28|0|081|099|||||6.875|0.00||||||||||||||||||||15853.28
F02Q10005137|200812|15735.42|0|082|098|||||6.875|0.00||||||||||||||||||||15735.42
F02Q10005137|200901|15616.88|0|083|097|||||6.875|0.00||||||||||||||||||||15616.88
F02Q10005137|200902|15497.66|0|084|096|||||6.875|0.00||||||||||||||||||||15497.66
F02Q10005137|200903|15377.76|0|085|095|||||6.875|0.00||||||||||||||||||||15377.76
F02Q10005137|200904|15257.17|0|086|094|||||6.875|0.00||||||||||||||||||||15257.17
F02Q10005137|200905|15135.89|0|087|093|||||6.875|0.00||||||||||||||||||||15135.89
F02Q10005137|200906|15013.92|0|088|092|||||6.875|0.00||||||||||||||||||||15013.92
F02Q10005137|200907|14891.25|0|089|091|||||6.875|0.00||||||||||||||||||||14891.25
F02Q10005137|200908|14767.87|0|090|090|||||6.875|0.00||||||||||||||||||||14767.87
F02Q10005137|200909|14643.79|0|091|089|||||6.875|0.00||||||||||||||||||||14643.79
F02Q10005137|200910|14519.00|0|092|088|||||6.875|0.00||||||||||||||||||||14519.00
F02Q10005137|200911|14393.49|0|093|087|||||6.875|0.00||||||||||||||||||||14393.49
F02Q10005137|200912|14267.26|0|094|086|||||6.875|0.00||||||||||||||||||||14267.26
F02Q10005137|201001|14140.31|0|095|085|||||6.875|0.00||||||||||||||||||||14140.31
F02Q10005137|201002|14012.63|0|096|084|||||6.875|0.00||||||||||||||||||||14012.63
F02Q10005137|201003|13884.22|0|097|083|||||6.875|0.00||||||||||||||||||||13884.22
F02Q10005137|201004|13755.08|0|098|082|||||6.875|0.00||||||||||||||||||||13755.08
F02Q10005137|201005|13625.20|1|099|081|||||6.875|0.00||||||||||||||||||||13625.20
F02Q10005137|201006|13494.57|1|100|080|||||6.875|0.00||||||||||||||||||||13494.57
F02Q10005137|201007|13363.19|1|101|079|||||6.875|0.00||||||||||||||||||||13363.19
F02Q10005137|201008|13231.06|1|102|078|||||6.875|0.00||||||||||||||||||||13231.06
F02Q10005137|201009|13098.17|0|103|077|||||6.875|0.00||||||||||||||||||||13098.17
F02Q10005137|201010|12964.52|1|104|076|||||6.875|0.00||||||||||||||||||||12964.52
F02Q10005137|201011|12830.11|0|105|075|||||6.875|0.00||||||||||||||||||||12830.11
F02Q10005137|201012|12694.93|0|106|074|||||6.875|0.00||||||||||||||||||||12694.93
F02Q10005137|201101|12558.97|0|107|073|||||6.875|0.00||||||||||||||||||||12558.97
F02Q10005137|201102|12422.23|1|108|072|||||6.875|0.00||||||||||||||||||||12422.23
F02Q10005137|201103|12284.71|0|109|071|||||6.875|0.00||||||||||||||||||||12284.71
F02Q10005137|201104|12007.30|0|110|070|||||6.875|0.00||||||||||||||||||||12007.30
F02Q10005137|201105|12007.30|0|111|069|||||6.875|0.00||||||||||||||||||||12007.30
F02Q10005137|201106|11867.40|0|112|068|||||6.875|0.00||||||||||||||||||||11867.40
F02Q10005137|201107|11726.70|1|113|067|||||6.875|0.00||||||||||||||||||||11726.70
F02Q10005137|201108|11585.19|0|114|066|||||6.875|0.00||||||||||||||||||||11585.19
F02Q10005137|201109|11299.74|0|115|065|||||6.875|0.00||||||||||||||||||||11299.74
F02Q10005137|201110|11299.74|1|116|064|||||6.875|0.00||||||||||||||||||||11299.74
F02Q10005137|201111|11155.79|1|117|063|||||6.875|0.00||||||||||||||||||||11155.79
F02Q10005137|201112|11011.01|1|118|062|||||6.875|0.00||||||||||||||||||||11011.01
F02Q10005137|201201|10718.96|0|119|061|||||6.875|0.00||||||||||||||||||||10718.96
F02Q10005137|201202|10718.96|1|120|060|||||6.875|0.00||||||||||||||||||||10718.96
F02Q10005137|201203|10571.68|1|121|059|||||6.875|0.00||||||||||||||||||||10571.68
F02Q10005137|201204|10423.56|1|122|058|||||6.875|0.00||||||||||||||||||||10423.56
F02Q10005137|201205|10124.76|0|123|057|||||6.875|0.00||||||||||||||||||||10124.76
F02Q10005137|201206|9974.08|0|124|056|||||6.875|0.00||||||||||||||||||||9974.08
F02Q10005137|201207|9974.08|0|125|055|||||6.875|0.00||||||||||||||||||||9974.08
F02Q10005137|201208|9670.11|0|126|054|||||6.875|0.00||||||||||||||||||||9670.11
F02Q10005137|201209|9670.11|0|127|053|||||6.875|0.00||||||||||||||||||||9670.11
F02Q10005137|201210|9362.65|0|128|052|||||6.875|0.00||||||||||||||||||||9362.65
F02Q10005137|201211|9207.60|0|129|051|||||6.875|0.00||||||||||||||||||||9207.60
F02Q10005137|201212|9051.66|0|130|050|||||6.875|0.00||||||||||||||||||||9051.66
F02Q10005137|201301|9051.66|0|131|049|||||6.875|0.00||||||||||||||||||||9051.66
F02Q10005137|201302|8737.10|0|132|048|||||6.875|0.00||||||||||||||||||||8737.10
F02Q10005137|201303|8578.47|0|133|047|||||6.875|0.00||||||||||||||||||||8578.47
F02Q10005137|201304|8578.47|1|134|046|||||6.875|0.00||||||||||||||||||||8578.47
F02Q10005137|201305|8418.93|0|135|045|||||6.875|0.00||||||||||||||||||||8418.93
F02Q10005137|201306|8097.09|0|136|044|||||6.875|0.00||||||||||||||||||||8097.09
F02Q10005137|201307|8097.09|1|137|043|||||6.875|0.00||||||||||||||||||||8097.09
F02Q10005137|201308|7771.56|0|138|042|||||6.875|0.00||||||||||||||||||||7771.56
F02Q10005137|201309|7607.39|0|139|041|||||6.875|0.00||||||||||||||||||||7607.39
F02Q10005137|201310|7442.28|0|140|040|||||6.875|0.00||||||||||||||||||||7442.28
F02Q10005137|201311|7276.23|0|141|039|||||6.875|0.00||||||||||||||||||||7276.23
F02Q10005137|201312|7109.23|0|142|038|||||6.875|0.00||||||||||||||||||||7109.23
F02Q10005137|201401|6941.27|0|143|037|||||6.875|0.00||||||||||||||||||||6941.27
F02Q10005137|201402|6772.35|0|144|036|||||6.875|0.00||||||||||||||||||||6772.35
F02Q10005137|201403|6602.46|0|145|035|||||6.875|0.00||||||||||||||||||||6602.46
F02Q10005137|201404|6095.06|0|146|034|||||6.875|0.00||||||||||||||||||||6095.06
F02Q10005137|201405|5921.29|0|147|033|||||6.875|0.00||||||||||||||||||||5921.29
F02Q10005137|201406|5746.52|0|148|032|||||6.875|0.00||||||||||||||||||||5746.52
F02Q10005137|201407|5393.98|0|149|031|||||6.875|0.00||||||||||||||||||||5393.98
F02Q10005137|201408|5393.98|0|150|030|||||6.875|0.00||||||||||||||||||||5393.98
F02Q10005137|201409|5216.19|0|151|029|||||6.875|0.00||||||||||||||||||||5216.19
F02Q10005137|201410|5216.19|0|152|028|||||6.875|0.00||||||||||||||||||||5216.19
F02Q10005137|201411|5037.38|0|153|027|||||6.875|0.00||||||||||||||||||||5037.38
F02Q10005137|201412|4857.55|0|154|026|||||6.875|0.00||||||||||||||||||||4857.55
F02Q10005137|201501|4676.69|0|155|025|||||6.875|0.00||||||||||||||||||||4676.69
F02Q10005137|201502|4311.85|0|156|024|||||6.875|0.00||||||||||||||||||||4311.85
F02Q10005137|201503|4311.85|0|157|023|||||6.875|0.00||||||||||||||||||||4311.85
F02Q10005137|201504|4127.86|0|158|022|||||6.875|0.00||||||||||||||||||||4127.86
F02Q10005137|201505|3942.82|0|159|021|||||6.875|0.00||||||||||||||||||||3942.82
F02Q10005137|201506|3756.72|0|160|020|||||6.875|0.00||||||||||||||||||||3756.72
F02Q10005137|201507|3569.55|0|161|019|||||6.875|0.00||||||||||||||||||||3569.55
F02Q10005137|201508|3381.31|0|162|018|||||6.875|0.00||||||||||||||||||||3381.31
F02Q10005137|201509|3191.99|0|163|017|||||6.875|0.00||||||||||||||||||||3191.99
F02Q10005137|201510|3001.59|0|164|016|||||6.875|0.00||||||||||||||||||||3001.59
F02Q10005137|201511|2810.10|0|165|015|||||6.875|0.00||||||||||||||||||||2810.10
F02Q10005137|201512|2810.10|0|166|014|||||6.875|0.00||||||||||||||||||||2810.10
F02Q10005137|201601|2423.82|0|167|013|||||6.875|0.00||||||||||||||||||||2423.82
F02Q10005137|201602|2229.02|0|168|012|||||6.875|0.00||||||||||||||||||||2229.02
F02Q10005137|201603|2033.10|0|169|011|||||6.875|0.00||||||||||||||||||||2033.10
F02Q10005137|201604|1836.06|0|170|010|||||6.875|0.00||||||||||||||||||||1836.06
F02Q10005137|201605|1438.58|0|171|009|||||6.875|0.00||||||||||||||||||||1438.58
F02Q10005137|201606|1438.58|0|172|008|||||6.875|0.00||||||||||||||||||||1438.58
F02Q10005137|201607|1438.58|1|173|007|||||6.875|0.00||||||||||||||||||||1438.58
F02Q10005137|201608|1438.58|0|174|006|||||6.875|0.00||||||||||||||||||||1438.58
F02Q10005137|201609|823.35|0|175|005|||||6.875|0.00||||||||||||||||||||823.35
F02Q10005137|201610|619.38|0|176|004|||||6.875|0.00||||||||||||||||||||619.38
F02Q10005137|201611|0.00|0|177|003|||01|201611|6.875|0.00|||||||||||||||619.38|||||0.00
F02Q10005163|200202|194000.00|0|000|240|||||6.250|0.00||||||||||||||||||||194000.00
F02Q10005163|200203|194000.00|0|001|239|||||6.250|0.00||||||||||||||||||||194000.00
F02Q10005163|200204|193000.00|0|002|238|||||6.250|0.00||||||||||||||||||||193000.00
F02Q10005163|200205|193000.00|0|003|237|||||6.250|0.00||||||||||||||||||||193000.00
F02Q10005163|200206|192000.00|0|004|236|||||6.250|0.00||||||||||||||||||||192000.00
F02Q10005163|200207|192000.00|0|005|235|||||6.250|0.00||||||||||||||||||||192000.00
F02Q10005163|200208|192000.00|0|006|234|||||6.250|0.00||||||||||||||||||||192000.00
F02Q10005163|200209|191101.87|0|007|233|||||6.250|0.00||||||||||||||||||||191101.87
F02Q10005163|200210|190679.18|0|008|232|||||6.250|0.00||||||||||||||||||||190679.18
F02Q10005163|200211|190254.29|0|009|231|||||6.250|0.00||||||||||||||||||||190254.29
F02Q10005163|200212|189827.19|0|010|230|||||6.250|0.00||||||||||||||||||||189827.19
F02Q10005163|200301|189397.86|0|011|229|||||6.250|0.00||||||||||||||||||||189397.86
F02Q10005163|200302|188966.30|0|012|228|||||6.250|0.00||||||||||||||||||||188966.30
F02Q10005163|200303|188966.30|0|013|227|||||6.250|0.00||||||||||||||||||||188966.30
F02Q10005163|200304|188096.42|0|014|226|||||6.250|0.00||||||||||||||||||||188096.42
F02Q10005163|200305|0.00|0|015|225|||01|200305|6.250|0.00|||||||||||||||188096.42|||||0.00
F02Q10005211|200202|70000.00|0|000|360|||||7.250|0.00||||||||||||||||||||70000.00
F02Q10005211|200203|70000.00|0|001|359|||||7.250|0.00||||||||||||||||||||70000.00
F02Q10005211|200204|70000.00|0|002|358|||||7.250|0.00||||||||||||||||||||70000.00
F02Q10005211|200205|70000.00|0|003|357|||||7.250|0.00||||||||||||||||||||70000.00
F02Q10005211|200206|70000.00|0|004|356|||||7.250|0.00||||||||||||||||||||70000.00
F02Q10005211|200207|69000.00|0|005|355|||||7.250|0.00||||||||||||||||||||69000.00
F02Q10005211|200208|69000.00|0|006|354|||||7.250|0.00||||||||||||||||||||69000.00
F02Q10005211|200209|69273.48|0|007|353|||||7.250|0.00||||||||||||||||||||69273.48
F02Q10005211|200210|0.00|0|008|352|||01|200210|7.250|0.00|||||||||||||||69273.48|||||0.00
F02Q10005234|200202|60000.00|0|000|180|||||6.000|0.00||||||||||||||||||||60000.00
F02Q10005234|200203|60000.00|0|001|179|||||6.000|0.00||||||||||||||||||||60000.00
F02Q10005234|200204|60000.00|0|002|178|||||6.000|0.00||||||||||||||||||||60000.00
F02Q10005234|200205|59000.00|0|003|177|||||6.000|0.00||||||||||||||||||||59000.00
F02Q10005234|200206|59000.00|0|004|176|||||6.000|0.00||||||||||||||||||||59000.00
F02Q10005234|200207|59000.00|0|005|175|||||6.000|0.00||||||||||||||||||||59000.00
F02Q10005234|200208|59000.00|0|006|174|||||6.000|0.00||||||||||||||||||||59000.00
F02Q10005234|200209|58533.98|0|007|173|||||6.000|0.00||||||||||||||||||||58533.98
F02Q10005234|200210|58320.34|0|008|172|||||6.000|0.00||||||||||||||||||||58320.34
F02Q10005234|200211|58105.63|0|009|171|||||6.000|0.00||||||||||||||||||||58105.63
F02Q10005234|200212|57889.85|0|010|170|||||6.000|0.00||||||||||||||||||||57889.85
F02Q10005234|200301|57672.99|0|011|169|||||6.000|0.00||||||||||||||||||||57672.99
F02Q10005234|200302|57455.04|0|012|168|||||6.000|0.00||||||||||||||||||||57455.04
F02Q10005234|200303|57236.01|0|013|167|||||6.000|0.00||||||||||||||||||||57236.01
F02Q10005234|200304|0.00|0|014|166|||01|200304|6.000|0.00|||||||||||||||57236.01|||||0.00
F02Q10005264|200202|90000.00|0|000|360|||||7.500|0.00||||||||||||||||||||90000.00
F02Q10005264|200203|90000.00|0|001|359|||||7.500|0.00||||||||||||||||||||90000.00
F02Q10005264|200204|90000.00|0|002|358|||||7.500|0.00||||||||||||||||||||90000.00
F02Q10005264|200205|90000.00|0|003|357|||||7.500|0.00||||||||||||||||||||90000.00
F02Q10005264|200206|90000.00|0|004|356|||||7.500|0.00||||||||||||||||||||90000.00
F02Q10005264|200207|90000.00|0|005|355|||||7.500|0.00||||||||||||||||||||90000.00
F02Q10005264|200208|90000.00|0|006|354|||||7.500|0.00||||||||||||||||||||90000.00
F02Q10005264|200209|89437.66|0|007|353|||||7.500|0.00||||||||||||||||||||89437.66
F02Q10005264|200210|89367.35|0|008|352|||||7.500|0.00||||||||||||||||||||89367.35
F02Q10005264|200211|89296.61|0|009|351|||||7.500|0.00||||||||||||||||||||89296.61
F02Q10005264|200212|89225.43|0|010|350|||||7.500|0.00||||||||||||||||||||89225.43
F02Q10005264|200301|89144.11|0|011|349|||||7.500|0.00||||||||||||||||||||89144.11
F02Q10005264|200302|89061.46|0|012|348|||||7.500|0.00||||||||||||||||||||89061.46
F02Q10005264|200303|88988.81|0|013|347|||||7.500|0.00||||||||||||||||||||88988.81
F02Q10005264|200304|0.00|0|014|346|||01|200304|7.500|0.00|||||||||||||||88988.81|||||0.00
F02Q10005320|200202|66000.00|0|000|180|||||5.875|0.00||||||||||||||||||||66000.00
F02Q10005320|200203|65000.00|0|001|179|||||5.875|0.00||||||||||||||||||||65000.00
F02Q10005320|200204|65000.00|0|002|178|||||5.875|0.00||||||||||||||||||||65000.00
F02Q10005320|200205|65000.00|0|003|177|||||5.875|0.00||||||||||||||||||||65000.00
F02Q10005320|200206|65000.00|0|004|176|||||5.875|0.00||||||||||||||||||||65000.00
F02Q10005320|200207|64000.00|0|005|175|||||5.875|0.00||||||||||||||||||||64000.00
F02Q10005320|200208|64000.00|0|006|174|||||5.875|0.00||||||||||||||||||||64000.00
F02Q10005320|200209|63980.49|0|007|173|||||5.875|0.00||||||||||||||||||||63980.49
F02Q10005320|200210|63744.58|0|008|172|||||5.875|0.00||||||||||||||||||||63744.58
F02Q10005320|200211|63507.51|0|009|171|||||5.875|0.00||||||||||||||||||||63507.51
F02Q10005320|200212|63269.28|0|010|170|||||5.875|0.00||||||||||||||||||||63269.28
F02Q10005320|200301|63029.89|0|011|169|||||5.875|0.00||||||||||||||||||||63029.89
F02Q10005320|200302|62789.32|0|012|168|||||5.875|0.00||||||||||||||||||||62789.32
F02Q10005320|200303|62547.58|0|013|167|||||5.875|0.00||||||||||||||||||||62547.58
F02Q10005320|200304|62304.65|0|014|166|||||5.875|0.00||||||||||||||||||||62304.65
F02Q10005320|200305|62060.53|0|015|165|||||5.875|0.00||||||||||||||||||||62060.53
F02Q10005320|200306|61815.22|0|016|164|||||5.875|0.00||||||||||||||||||||61815.22
F02Q10005320|200307|61568.71|0|017|163|||||5.875|0.00||||||||||||||||||||61568.71
F02Q10005320|200308|61320.99|0|018|162|||||5.875|0.00||||||||||||||||||||61320.99
F02Q10005320|200309|61072.06|0|019|161|||||5.875|0.00||||||||||||||||||||61072.06
F02Q10005320|200310|60821.91|0|020|160|||||5.875|0.00||||||||||||||||||||60821.91
F02Q10005320|200311|60570.53|0|021|159|||||5.875|0.00||||||||||||||||||||60570.53
F02Q10005320|200312|60317.92|0|022|158|||||5.875|0.00||||||||||||||||||||60317.92
F02Q10005320|200401|60064.08|0|023|157|||||5.875|0.00||||||||||||||||||||60064.08
F02Q10005320|200402|59808.99|0|024|156|||||5.875|0.00||||||||||||||||||||59808.99
F02Q10005320|200403|59552.65|0|025|155|||||5.875|0.00||||||||||||||||||||59552.65
F02Q10005320|200404|59295.06|0|026|154|||||5.875|0.00||||||||||||||||||||59295.06
F02Q10005320|200405|59031.99|0|027|153|||||5.875|0.00||||||||||||||||||||59031.99
F02Q10005320|200406|58771.85|0|028|152|||||5.875|0.00||||||||||||||||||||58771.85
F02Q10005320|200407|58510.44|0|029|151|||||5.875|0.00||||||||||||||||||||58510.44
F02Q10005320|200408|58247.75|0|030|150|||||5.875|0.00||||||||||||||||||||58247.75
F02Q10005320|200409|57983.77|0|031|149|||||5.875|0.00||||||||||||||||||||57983.77
F02Q10005320|200410|57718.50|0|032|148|||||5.875|0.00||||||||||||||||||||57718.50
F02Q10005320|200411|57451.93|0|033|147|||||5.875|0.00||||||||||||||||||||57451.93
F02Q10005320|200412|57184.06|0|034|146|||||5.875|0.00||||||||||||||||||||57184.06
F02Q10005320|200501|56914.87|0|035|145|||||5.875|0.00||||||||||||||||||||56914.87
F02Q10005320|200502|56644.37|0|036|144|||||5.875|0.00||||||||||||||||||||56644.37
F02Q10005320|200503|56372.54|0|037|143|||||5.875|0.00||||||||||||||||||||56372.54
F02Q10005320|200504|56099.38|0|038|142|||||5.875|0.00||||||||||||||||||||56099.38
F02Q10005320|200505|55824.88|0|039|141|||||5.875|0.00||||||||||||||||||||55824.88
F02Q10005320|200506|55549.04|0|040|140|||||5.875|0.00||||||||||||||||||||55549.04
F02Q10005320|200507|55271.85|0|041|139|||||5.875|0.00||||||||||||||||||||55271.85
F02Q10005320|200508|54993.30|0|042|138|||||5.875|0.00||||||||||||||||||||54993.30
F02Q10005320|200509|54713.39|0|043|137|||||5.875|0.00||||||||||||||||||||54713.39
F02Q10005320|200510|54432.11|0|044|136|||||5.875|0.00||||||||||||||||||||54432.11
F02Q10005320|200511|54149.45|0|045|135|||||5.875|0.00||||||||||||||||||||54149.45
F02Q10005320|200512|54149.45|0|046|134|||||5.875|0.00||||||||||||||||||||54149.45
F02Q10005320|200601|53579.98|0|047|133|||||5.875|0.00||||||||||||||||||||53579.98
F02Q10005320|200602|53579.98|0|048|132|||||5.875|0.00||||||||||||||||||||53579.98
F02Q10005320|200603|53293.15|0|049|131|||||5.875|0.00||||||||||||||||||||53293.15
F02Q10005320|200604|53004.91|0|050|130|||||5.875|0.00||||||||||||||||||||53004.91
F02Q10005320|200605|52424.20|0|051|129|||||5.875|0.00||||||||||||||||||||52424.20
F02Q10005320|200606|52131.71|0|052|128|||||5.875|0.00||||||||||||||||||||52131.71
F02Q10005320|200607|51837.79|0|053|127|||||5.875|0.00||||||||||||||||||||51837.79
F02Q10005320|200608|51837.79|0|054|126|||||5.875|0.00||||||||||||||||||||51837.79
F02Q10005320|200609|51245.62|0|055|125|||||5.875|0.00||||||||||||||||||||51245.62
F02Q10005320|200610|51245.62|0|056|124|||||5.875|0.00||||||||||||||||||||51245.62
F02Q10005320|200611|50947.36|1|057|123|||||5.875|0.00||||||||||||||||||||50947.36
F02Q10005320|200612|50647.64|0|058|122|||||5.875|0.00||||||||||||||||||||50647.64
F02Q10005320|200701|50043.79|0|059|121|||||5.875|0.00||||||||||||||||||||50043.79
F02Q10005320|200702|49739.65|0|060|120|||||5.875|0.00||||||||||||||||||||49739.65
F02Q10005320|200703|49434.02|0|061|119|||||5.875|0.00||||||||||||||||||||49434.02
F02Q10005320|200704|49434.02|0|062|118|||||5.875|0.00||||||||||||||||||||49434.02
F02Q10005320|200705|48812.14|0|063|117|||||5.875|0.00||||||||||||||||||||48812.14
F02Q10005320|200706|48501.97|0|064|116|||||5.875|0.00||||||||||||||||||||48501.97
F02Q10005320|200707|48184.02|0|065|115|||||5.875|0.00||||||||||||||||||||48184.02
F02Q10005320|200708|47870.77|0|066|114|||||5.875|0.00||||||||||||||||||||47870.77
F02Q10005320|200709|47870.77|1|067|113|||||5.875|0.00||||||||||||||||||||47870.77
F02Q10005320|200710|47555.99|0|068|112|||||5.875|0.00||||||||||||||||||||47555.99
F02Q10005320|200711|47239.67|0|069|111|||||5.875|0.00||||||||||||||||||||47239.67
F02Q10005320|200712|46921.80|1|070|110|||||5.875|0.00||||||||||||||||||||46921.80
F02Q10005320|200801|46921.80|2|071|109|||||5.875|0.00||||||||||||||||||||46921.80
F02Q10005320|200802|46602.37|1|072|108|||||5.875|0.00||||||||||||||||||||46602.37
F02Q10005320|200803|46281.38|1|073|107|||||5.875|0.00||||||||||||||||||||46281.38
F02Q10005320|200804|45958.82|2|074|106|||||5.875|0.00||||||||||||||||||||45958.82
F02Q10005320|200805|45958.82|3|075|105|||||5.875|0.00||||||||||||||||||||45958.82
F02Q10005320|200806|45958.82|3|076|104|||||5.875|0.00||||||||||||||||||||45958.82
F02Q10005320|200807|45634.68|4|077|103|||||5.875|0.00||||||||||||||||||||45634.68
F02Q10005320|200808|45634.68|5|078|102|||||5.875|0.00||||||||||||||||||||45634.68
F02Q10005320|200809|45634.68|6|079|101|||||5.875|0.00||||||||||||||||||||45634.68
F02Q10005320|200810|45634.68|7|080|100|||||5.875|0.00||||||||||||||||||||45634.68
F02Q10005320|200811|45634.68|8|081|099|||||5.875|0.00||||||||||||||||||||45634.68
F02Q10005320|200812|45634.68|9|082|098|||||5.875|0.00||||||||||||||||||||45634.68
F02Q10005320|200901|45634.68|RA|083|097|||||5.875|0.00||||||||||||||||||||45634.68
F02Q10005320|200902|45634.68|RA|084|096|||||5.875|0.00||||||||||||||||||||45634.68
F02Q10005320|200903|45634.68|RA|085|095|||||5.875|0.00||||||||||||||||||||45634.68
F02Q10005320|200904|0.00|RA|086|094|||09|200904|5.875|0.00|200803|0.00|28567.01|810.24|-6643.01|-3294.00|-901.00|-2278.01|-170.00|-25631.87|||||45634.68|2731.43||||0.00
F02Q10005326|200202|99000.00|0|000|180|||||5.750|0.00||||||||||||||||||||99000.00
F02Q10005326|200203|99000.00|0|001|179|||||5.750|0.00||||||||||||||||||||99000.00
F02Q10005326|200204|98000.00|0|002|178|||||5.750|0.00||||||||||||||||||||98000.00
F02Q10005326|200205|98000.00|0|003|177|||||5.750|0.00||||||||||||||||||||98000.00
F02Q10005326|200206|98000.00|0|004|176|||||5.750|0.00||||||||||||||||||||98000.00
F02Q10005326|200207|97000.00|0|005|175|||||5.750|0.00||||||||||||||||||||97000.00
F02Q10005326|200208|97000.00|0|006|174|||||5.750|0.00||||||||||||||||||||97000.00
F02Q10005326|200209|96530.58|0|007|173|||||5.750|0.00||||||||||||||||||||96530.58
F02Q10005326|200210|96171.01|0|008|172|||||5.750|0.00||||||||||||||||||||96171.01
F02Q10005326|200211|95809.72|0|009|171|||||5.750|0.00||||||||||||||||||||95809.72
F02Q10005326|200212|95446.70|0|010|170|||||5.750|0.00||||||||||||||||||||95446.70
F02Q10005326|200301|95081.94|0|011|169|||||5.750|0.00||||||||||||||||||||95081.94
F02Q10005326|200302|94715.43|0|012|168|||||5.750|0.00||||||||||||||||||||94715.43
F02Q10005326|200303|94347.16|0|013|167|||||5.750|0.00||||||||||||||||||||94347.16
F02Q10005326|200304|93977.13|0|014|166|||||5.750|0.00||||||||||||||||||||93977.13
F02Q10005326|200305|93605.33|0|015|165|||||5.750|0.00||||||||||||||||||||93605.33
F02Q10005326|200306|93231.75|0|016|164|||||5.750|0.00||||||||||||||||||||93231.75
F02Q10005326|200307|92856.38|0|017|163|||||5.750|0.00||||||||||||||||||||92856.38
F02Q10005326|200308|92479.21|0|018|162|||||5.750|0.00||||||||||||||||||||92479.21
F02Q10005326|200309|92100.23|0|019|161|||||5.750|0.00||||||||||||||||||||92100.23
F02Q10005326|200310|91719.43|0|020|160|||||5.750|0.00||||||||||||||||||||91719.43
F02Q10005326|200311|91336.81|0|021|159|||||5.750|0.00||||||||||||||||||||91336.81
F02Q10005326|200312|90952.36|0|022|158|||||5.750|0.00||||||||||||||||||||90952.36
F02Q10005326|200401|90566.06|0|023|157|||||5.750|0.00||||||||||||||||||||90566.06
F02Q10005326|200402|90177.91|0|024|156|||||5.750|0.00||||||||||||||||||||90177.91
F02Q10005326|200403|89787.90|0|025|155|||||5.750|0.00||||||||||||||||||||89787.90
F02Q10005326|200404|89396.02|0|026|154|||||5.750|0.00||||||||||||||||||||89396.02
F02Q10005326|200405|89002.27|0|027|153|||||5.750|0.00||||||||||||||||||||89002.27
F02Q10005326|200406|88606.63|0|028|152|||||5.750|0.00||||||||||||||||||||88606.63
F02Q10005326|200407|88209.09|0|029|151|||||5.750|0.00||||||||||||||||||||88209.09
F02Q10005326|200408|87809.65|0|030|150|||||5.750|0.00||||||||||||||||||||87809.65
F02Q10005326|200409|87408.29|0|031|149|||||5.750|0.00||||||||||||||||||||87408.29
F02Q10005326|200410|87005.01|0|032|148|||||5.750|0.00||||||||||||||||||||87005.01
F02Q10005326|200411|86599.80|0|033|147|||||5.750|0.00||||||||||||||||||||86599.80
F02Q10005326|200412|86192.65|0|034|146|||||5.750|0.00||||||||||||||||||||86192.65
F02Q10005326|200501|85783.55|0|035|145|||||5.750|0.00||||||||||||||||||||85783.55
F02Q10005326|200502|85372.49|0|036|144|||||5.750|0.00||||||||||||||||||||85372.49
F02Q10005326|200503|84959.46|0|037|143|||||5.750|0.00||||||||||||||||||||84959.46
F02Q10005326|200504|84544.45|0|038|142|||||5.750|0.00||||||||||||||||||||84544.45
F02Q10005326|200505|84127.45|0|039|141|||||5.750|0.00||||||||||||||||||||84127.45
F02Q10005326|200506|83708.45|0|040|140|||||5.750|0.00||||||||||||||||||||83708.45
F02Q10005326|200507|83287.44|0|041|139|||||5.750|0.00||||||||||||||||||||83287.44
F02Q10005326|200508|82864.42|0|042|138|||||5.750|0.00||||||||||||||||||||82864.42
F02Q10005326|200509|82439.37|0|043|137|||||5.750|0.00||||||||||||||||||||82439.37
F02Q10005326|200510|82012.28|0|044|136|||||5.750|0.00||||||||||||||||||||82012.28
F02Q10005326|200511|81583.15|0|045|135|||||5.750|0.00||||||||||||||||||||81583.15
F02Q10005326|200512|81151.96|0|046|134|||||5.750|0.00||||||||||||||||||||81151.96
F02Q10005326|200601|80718.70|0|047|133|||||5.750|0.00||||||||||||||||||||80718.70
F02Q10005326|200602|80283.37|0|048|132|||||5.750|0.00||||||||||||||||||||80283.37
F02Q10005326|200603|79845.95|0|049|131|||||5.750|0.00||||||||||||||||||||79845.95
F02Q10005326|200604|79406.44|0|050|130|||||5.750|0.00||||||||||||||||||||79406.44
F02Q10005326|200605|78964.82|0|051|129|||||5.750|0.00||||||||||||||||||||78964.82
F02Q10005326|200606|78521.08|0|052|128|||||5.750|0.00||||||||||||||||||||78521.08
F02Q10005326|200607|78075.22|0|053|127|||||5.750|0.00||||||||||||||||||||78075.22
F02Q10005326|200608|77627.22|0|054|126|||||5.750|0.00||||||||||||||||||||77627.22
F02Q10005326|200609|77177.07|0|055|125|||||5.750|0.00||||||||||||||||||||77177.07
F02Q10005326|200610|76724.77|0|056|124|||||5.750|0.00||||||||||||||||||||76724.77
F02Q10005326|200611|76270.30|0|057|123|||||5.750|0.00||||||||||||||||||||76270.30
F02Q10005326|200612|75813.65|0|058|122|||||5.750|0.00||||||||||||||||||||75813.65
F02Q10005326|200701|75354.81|0|059|121|||||5.750|0.00||||||||||||||||||||75354.81
F02Q10005326|200702|74893.78|0|060|120|||||5.750|0.00||||||||||||||||||||74893.78
F02Q10005326|200703|74430.54|0|061|119|||||5.750|0.00||||||||||||||||||||74430.54
F02Q10005326|200704|73965.08|0|062|118|||||5.750|0.00||||||||||||||||||||73965.08
F02Q10005326|200705|73497.39|0|063|117|||||5.750|0.00||||||||||||||||||||73497.39
F02Q10005326|200706|73027.45|0|064|116|||||5.750|0.00||||||||||||||||||||73027.45
F02Q10005326|200707|72555.26|0|065|115|||||5.750|0.00||||||||||||||||||||72555.26
F02Q10005326|200708|72080.81|0|066|114|||||5.750|0.00||||||||||||||||||||72080.81
F02Q10005326|200709|71604.09|0|067|113|||||5.750|0.00||||||||||||||||||||71604.09
F02Q10005326|200710|71125.08|0|068|112|||||5.750|0.00||||||||||||||||||||71125.08
F02Q10005326|200711|70643.78|0|069|111|||||5.750|0.00||||||||||||||||||||70643.78
F02Q10005326|200712|70160.17|0|070|110|||||5.750|0.00||||||||||||||||||||70160.17
F02Q10005326|200801|69674.24|0|071|109|||||5.750|0.00||||||||||||||||||||69674.24
F02Q10005326|200802|69185.99|0|072|108|||||5.750|0.00||||||||||||||||||||69185.99
F02Q10005326|200803|68695.40|0|073|107|||||5.750|0.00||||||||||||||||||||68695.40
F02Q10005326|200804|68202.46|0|074|106|||||5.750|0.00||||||||||||||||||||68202.46
F02Q10005326|200805|67707.15|0|075|105|||||5.750|0.00||||||||||||||||||||67707.15
F02Q10005326|200806|67209.47|0|076|104|||||5.750|0.00||||||||||||||||||||67209.47
F02Q10005326|200807|66709.41|0|077|103|||||5.750|0.00||||||||||||||||||||66709.41
F02Q10005326|200808|66206.95|0|078|102|||||5.750|0.00||||||||||||||||||||66206.95
F02Q10005326|200809|65702.08|0|079|101|||||5.750|0.00||||||||||||||||||||65702.08
F02Q10005326|200810|65194.79|0|080|100|||||5.750|0.00||||||||||||||||||||65194.79
F02Q10005326|200811|64685.07|0|081|099|||||5.750|0.00||||||||||||||||||||64685.07
F02Q10005326|200812|64172.91|0|082|098|||||5.750|0.00||||||||||||||||||||64172.91
F02Q10005326|200901|63658.30|0|083|097|||||5.750|0.00||||||||||||||||||||63658.30
F02Q10005326|200902|63141.22|0|084|096|||||5.750|0.00||||||||||||||||||||63141.22
F02Q10005326|200903|62621.66|0|085|095|||||5.750|0.00||||||||||||||||||||62621.66
F02Q10005326|200904|62099.61|0|086|094|||||5.750|0.00||||||||||||||||||||62099.61
F02Q10005326|200905|61575.06|0|087|093|||||5.750|0.00||||||||||||||||||||61575.06
F02Q10005326|200906|61048.00|0|088|092|||||5.750|0.00||||||||||||||||||||61048.00
F02Q10005326|200907|60518.41|0|089|091|||||5.750|0.00||||||||||||||||||||60518.41
F02Q10005326|200908|59986.28|0|090|090|||||5.750|0.00||||||||||||||||||||59986.28
F02Q10005326|200909|59451.60|0|091|089|||||5.750|0.00||||||||||||||||||||59451.60
F02Q10005326|200910|58914.36|0|092|088|||||5.750|0.00||||||||||||||||||||58914.36
F02Q10005326|200911|58374.55|0|093|087|||||5.750|0.00||||||||||||||||||||58374.55
F02Q10005326|200912|57832.15|0|094|086|||||5.750|0.00||||||||||||||||||||57832.15
F02Q10005326|201001|57287.15|0|095|085|||||5.750|0.00||||||||||||||||||||57287.15
F02Q10005326|201002|56739.54|0|096|084|||||5.750|0.00||||||||||||||||||||56739.54
F02Q10005326|201003|56189.31|0|097|083|||||5.750|0.00||||||||||||||||||||56189.31
F02Q10005326|201004|55636.44|0|098|082|||||5.750|0.00||||||||||||||||||||55636.44
F02Q10005326|201005|55080.92|0|099|081|||||5.750|0.00||||||||||||||||||||55080.92
F02Q10005326|201006|54522.74|0|100|080|||||5.750|0.00||||||||||||||||||||54522.74
F02Q10005326|201007|53961.88|0|101|079|||||5.750|0.00||||||||||||||||||||53961.88
F02Q10005326|201008|53398.34|0|102|078|||||5.750|0.00||||||||||||||||||||53398.34
F02Q10005326|201009|52832.10|0|103|077|||||5.750|0.00||||||||||||||||||||52832.10
F02Q10005326|201010|52263.14|0|104|076|||||5.750|0.00||||||||||||||||||||52263.14
F02Q10005326|201011|51691.46|0|105|075|||||5.750|0.00||||||||||||||||||||51691.46
F02Q10005326|201012|51117.04|0|106|074|||||5.750|0.00||||||||||||||||||||51117.04
F02Q10005326|201101|50539.87|0|107|073|||||5.750|0.00||||||||||||||||||||50539.87
F02Q10005326|201102|49959.93|0|108|072|||||5.750|0.00||||||||||||||||||||49959.93
F02Q10005326|201103|49377.21|0|109|071|||||5.750|0.00||||||||||||||||||||49377.21
F02Q10005326|201104|48791.70|0|110|070|||||5.750|0.00||||||||||||||||||||48791.70
F02Q10005326|201105|48203.38|0|111|069|||||5.750|0.00||||||||||||||||||||48203.38
F02Q10005326|201106|47612.24|0|112|068|||||5.750|0.00||||||||||||||||||||47612.24
F02Q10005326|201107|47018.27|0|113|067|||||5.750|0.00||||||||||||||||||||47018.27
F02Q10005326|201108|46421.46|0|114|066|||||5.750|0.00||||||||||||||||||||46421.46
F02Q10005326|201109|45821.79|0|115|065|||||5.750|0.00||||||||||||||||||||45821.79
F02Q10005326|201110|45219.24|0|116|064|||||5.750|0.00||||||||||||||||||||45219.24
F02Q10005326|201111|44613.81|0|117|063|||||5.750|0.00||||||||||||||||||||44613.81
F02Q10005326|201112|44005.47|0|118|062|||||5.750|0.00||||||||||||||||||||44005.47
F02Q10005326|201201|43394.22|0|119|061|||||5.750|0.00||||||||||||||||||||43394.22
F02Q10005326|201202|42780.04|0|120|060|||||5.750|0.00||||||||||||||||||||42780.04
F02Q10005326|201203|42162.92|0|121|059|||||5.750|0.00||||||||||||||||||||42162.92
F02Q10005326|201204|41542.84|0|122|058|||||5.750|0.00||||||||||||||||||||41542.84
F02Q10005326|201205|40919.79|0|123|057|||||5.750|0.00||||||||||||||||||||40919.79
F02Q10005326|201206|40293.75|0|124|056|||||5.750|0.00||||||||||||||||||||40293.75
F02Q10005326|201207|39664.71|0|125|055|||||5.750|0.00||||||||||||||||||||39664.71
F02Q10005326|201208|39032.66|0|126|054|||||5.750|0.00||||||||||||||||||||39032.66
F02Q10005326|201209|38397.58|0|127|053|||||5.750|0.00||||||||||||||||||||38397.58
F02Q10005326|201210|37759.46|0|128|052|||||5.750|0.00||||||||||||||||||||37759.46
F02Q10005326|201211|37118.28|0|129|051|||||5.750|0.00||||||||||||||||||||37118.28
F02Q10005326|201212|36474.03|0|130|050|||||5.750|0.00||||||||||||||||||||36474.03
F02Q10005326|201301|35826.69|0|131|049|||||5.750|0.00||||||||||||||||||||35826.69
F02Q10005326|201302|35176.25|0|132|048|||||5.750|0.00||||||||||||||||||||35176.25
F02Q10005326|201303|34522.69|0|133|047|||||5.750|0.00||||||||||||||||||||34522.69
F02Q10005326|201304|33866.00|0|134|046|||||5.750|0.00||||||||||||||||||||33866.00
F02Q10005326|201305|33206.16|0|135|045|||||5.750|0.00||||||||||||||||||||33206.16
F02Q10005326|201306|32543.16|0|136|044|||||5.750|0.00||||||||||||||||||||32543.16
F02Q10005326|201307|31876.99|0|137|043|||||5.750|0.00||||||||||||||||||||31876.99
F02Q10005326|201308|31207.62|0|138|042|||||5.750|0.00||||||||||||||||||||31207.62
F02Q10005326|201309|30535.05|0|139|041|||||5.750|0.00||||||||||||||||||||30535.05
F02Q10005326|201310|29859.25|0|140|040|||||5.750|0.00||||||||||||||||||||29859.25
F02Q10005326|201311|29180.22|0|141|039|||||5.750|0.00||||||||||||||||||||29180.22
F02Q10005326|201312|28497.93|0|142|038|||||5.750|0.00||||||||||||||||||||28497.93
F02Q10005326|201401|27812.37|0|143|037|||||5.750|0.00||||||||||||||||||||27812.37
F02Q10005326|201402|27123.53|0|144|036|||||5.750|0.00||||||||||||||||||||27123.53
F02Q10005326|201403|26431.39|0|145|035|||||5.750|0.00||||||||||||||||||||26431.39
F02Q10005326|201404|25735.93|0|146|034|||||5.750|0.00||||||||||||||||||||25735.93
F02Q10005326|201405|25037.14|0|147|033|||||5.750|0.00||||||||||||||||||||25037.14
F02Q10005326|201406|24335.00|0|148|032|||||5.750|0.00||||||||||||||||||||24335.00
F02Q10005326|201407|23629.50|0|149|031|||||5.750|0.00||||||||||||||||||||23629.50
F02Q10005326|201408|22920.61|0|150|030|||||5.750|0.00||||||||||||||||||||22920.61
F02Q10005326|201409|22208.33|0|151|029|||||5.750|0.00||||||||||||||||||||22208.33
F02Q10005326|201410|21492.63|0|152|028|||||5.750|0.00||||||||||||||||||||21492.63
F02Q10005326|201411|20773.51|0|153|027|||||5.750|0.00||||||||||||||||||||20773.51
F02Q10005326|201412|20050.94|0|154|026|||||5.750|0.00||||||||||||||||||||20050.94
F02Q10005326|201501|19324.91|0|155|025|||||5.750|0.00||||||||||||||||||||19324.91
F02Q10005326|201502|18595.40|0|156|024|||||5.750|0.00||||||||||||||||||||18595.40
F02Q10005326|201503|17862.39|0|157|023|||||5.750|0.00||||||||||||||||||||17862.39
F02Q10005326|201504|17125.87|0|158|022|||||5.750|0.00||||||||||||||||||||17125.87
F02Q10005326|201505|16385.82|0|159|021|||||5.750|0.00||||||||||||||||||||16385.82
F02Q10005326|201506|15642.23|0|160|020|||||5.750|0.00||||||||||||||||||||15642.23
F02Q10005326|201507|14895.07|0|161|019|||||5.750|0.00||||||||||||||||||||14895.07
F02Q10005326|201508|14144.33|0|162|018|||||5.750|0.00||||||||||||||||||||14144.33
F02Q10005326|201509|13389.99|0|163|017|||||5.750|0.00||||||||||||||||||||13389.99
F02Q10005326|201510|12632.04|0|164|016|||||5.750|0.00||||||||||||||||||||12632.04
F02Q10005326|201511|11870.46|0|165|015|||||5.750|0.00||||||||||||||||||||11870.46
F02Q10005326|201512|11105.23|0|166|014|||||5.750|0.00||||||||||||||||||||11105.23
F02Q10005326|201601|10336.33|0|167|013|||||5.750|0.00||||||||||||||||||||10336.33
F02Q10005326|201602|9563.75|0|168|012|||||5.750|0.00||||||||||||||||||||9563.75
F02Q10005326|201603|8787.47|0|169|011|||||5.750|0.00||||||||||||||||||||8787.47
F02Q10005326|201604|8007.47|0|170|010|||||5.750|0.00||||||||||||||||||||8007.47
F02Q10005326|201605|7223.73|0|171|009|||||5.750|0.00||||||||||||||||||||7223.73
F02Q10005326|201606|6436.23|0|172|008|||||5.750|0.00||||||||||||||||||||6436.23
F02Q10005326|201607|5644.96|0|173|007|||||5.750|0.00||||||||||||||||||||5644.96
F02Q10005326|201608|4849.90|0|174|006|||||5.750|0.00||||||||||||||||||||4849.90
F02Q10005326|201609|4051.03|0|175|005|||||5.750|0.00||||||||||||||||||||4051.03
F02Q10005326|201610|3248.33|0|176|004|||||5.750|0.00||||||||||||||||||||3248.33
F02Q10005326|201611|2441.78|0|177|003|||||5.750|0.00||||||||||||||||||||2441.78
F02Q10005326|201612|1631.37|0|178|002|||||5.750|0.00||||||||||||||||||||1631.37
F02Q10005326|201701|0.00|0|179|001|||01|201701|5.750|0.00|||||||||||||||1631.37|||||0.00
F02Q10005346|200202|198000.00|0|000|360|||||7.250|0.00||||||||||||||||||||198000.00
F02Q10005346|200203|0.00|0|001|359|||01|200203|7.250|0.00|||||||||||||||197600.00|||||0.00
F02Q10005379|200202|62000.00|0|000|360|||||7.625|0.00||||||||||||||||||||62000.00
F02Q10005379|200203|62000.00|0|001|359|||||7.625|0.00||||||||||||||||||||62000.00
F02Q10005379|200204|62000.00|0|002|358|||||7.625|0.00||||||||||||||||||||62000.00
F02Q10005379|200205|62000.00|0|003|357|||||7.625|0.00||||||||||||||||||||62000.00
F02Q10005379|200206|62000.00|0|004|356|||||7.625|0.00||||||||||||||||||||62000.00
F02Q10005379|200207|62000.00|0|005|355|||||7.625|0.00||||||||||||||||||||62000.00
F02Q10005379|200208|62000.00|0|006|354|||||7.625|0.00||||||||||||||||||||62000.00
F02Q10005379|200209|61933.88|0|007|353|||||7.625|0.00||||||||||||||||||||61933.88
F02Q10005379|200210|61865.59|0|008|352|||||7.625|0.00||||||||||||||||||||61865.59
F02Q10005379|200211|61796.86|0|009|351|||||7.625|0.00||||||||||||||||||||61796.86
F02Q10005379|200212|61727.70|0|010|350|||||7.625|0.00||||||||||||||||||||61727.70
F02Q10005379|200301|61658.10|0|011|349|||||7.625|0.00||||||||||||||||||||61658.10
F02Q10005379|200302|61588.06|0|012|348|||||7.625|0.00||||||||||||||||||||61588.06
F02Q10005379|200303|61517.57|0|013|347|||||7.625|0.00||||||||||||||||||||61517.57
F02Q10005379|200304|61396.63|0|014|346|||||7.625|0.00||||||||||||||||||||61396.63
F02Q10005379|200305|61274.92|0|015|345|||||7.625|0.00||||||||||||||||||||61274.92
F02Q10005379|200306|61152.44|0|016|344|||||7.625|0.00||||||||||||||||||||61152.44
F02Q10005379|200307|61029.18|0|017|343|||||7.625|0.00||||||||||||||||||||61029.18
F02Q10005379|200308|60905.14|0|018|342|||||7.625|0.00||||||||||||||||||||60905.14
F02Q10005379|200309|60805.31|0|019|341|||||7.625|0.00||||||||||||||||||||60805.31
F02Q10005379|200310|60603.59|0|020|340|||||7.625|0.00||||||||||||||||||||60603.59
F02Q10005379|200311|60476.85|0|021|339|||||7.625|0.00||||||||||||||||||||60476.85
F02Q10005379|200312|60349.30|0|022|338|||||7.625|0.00||||||||||||||||||||60349.30
F02Q10005379|200401|60220.94|0|023|337|||||7.625|0.00||||||||||||||||||||60220.94
F02Q10005379|200402|60141.84|0|024|336|||||7.625|0.00||||||||||||||||||||60141.84
F02Q10005379|200403|60012.24|0|025|335|||||7.625|0.00||||||||||||||||||||60012.24
F02Q10005379|200404|59931.82|0|026|334|||||7.625|0.00||||||||||||||||||||59931.82
F02Q10005379|200405|59800.89|0|027|333|||||7.625|0.00||||||||||||||||||||59800.89
F02Q10005379|200406|59719.12|0|028|332|||||7.625|0.00||||||||||||||||||||59719.12
F02Q10005379|200407|59636.84|0|029|331|||||7.625|0.00||||||||||||||||||||59636.84
F02Q10005379|200408|59554.03|0|030|330|||||7.625|0.00||||||||||||||||||||59554.03
F02Q10005379|200409|59554.03|0|031|329|||||7.625|0.00||||||||||||||||||||59554.03
F02Q10005379|200410|59386.84|0|032|328|||||7.625|0.00||||||||||||||||||||59386.84
F02Q10005379|200411|59302.44|0|033|327|||||7.625|0.00||||||||||||||||||||59302.44
F02Q10005379|200412|59217.51|0|034|326|||||7.625|0.00||||||||||||||||||||59217.51
F02Q10005379|200501|59132.04|0|035|325|||||7.625|0.00||||||||||||||||||||59132.04
F02Q10005379|200502|59046.02|0|036|324|||||7.625|0.00||||||||||||||||||||59046.02
F02Q10005379|200503|58933.15|0|037|323|||||7.625|0.00||||||||||||||||||||58933.15
F02Q10005379|200504|58865.56|0|038|322|||||7.625|0.00||||||||||||||||||||58865.56
F02Q10005379|200505|58796.54|0|039|321|||||7.625|0.00||||||||||||||||||||58796.54
F02Q10005379|200506|58682.08|0|040|320|||||7.625|0.00||||||||||||||||||||58682.08
F02Q10005379|200507|58566.90|0|041|319|||||7.625|0.00||||||||||||||||||||58566.90
F02Q10005379|200508|58495.98|0|042|318|||||7.625|0.00||||||||||||||||||||58495.98
F02Q10005379|200509|58424.61|0|043|317|||||7.625|0.00||||||||||||||||||||58424.61
F02Q10005379|200510|58307.79|0|044|316|||||7.625|0.00||||||||||||||||||||58307.79
F02Q10005379|200511|58190.23|0|045|315|||||7.625|0.00||||||||||||||||||||58190.23
F02Q10005379|200512|58071.92|0|046|314|||||7.625|0.00||||||||||||||||||||58071.92
F02Q10005379|200601|57952.86|0|047|313|||||7.625|0.00||||||||||||||||||||57952.86
F02Q10005379|200602|57833.04|0|048|312|||||7.625|0.00||||||||||||||||||||57833.04
F02Q10005379|200603|57694.19|0|049|311|||||7.625|0.00||||||||||||||||||||57694.19
F02Q10005379|200604|57554.46|0|050|310|||||7.625|0.00||||||||||||||||||||57554.46
F02Q10005379|200605|57413.84|0|051|309|||||7.625|0.00||||||||||||||||||||57413.84
F02Q10005379|200606|57413.84|0|052|308|||||7.625|0.00||||||||||||||||||||57413.84
F02Q10005379|200607|57272.33|0|053|307|||||7.625|0.00||||||||||||||||||||57272.33
F02Q10005379|200608|56986.60|0|054|306|||||7.625|0.00||||||||||||||||||||56986.60
F02Q10005379|200609|56986.60|0|055|305|||||7.625|0.00||||||||||||||||||||56986.60
F02Q10005379|200610|56697.23|0|056|304|||||7.625|0.00||||||||||||||||||||56697.23
F02Q10005379|200611|56551.16|0|057|303|||||7.625|0.00||||||||||||||||||||56551.16
F02Q10005379|200612|56354.17|0|058|302|||||7.625|0.00||||||||||||||||||||56354.17
F02Q10005379|200701|56155.92|0|059|301|||||7.625|0.00||||||||||||||||||||56155.92
F02Q10005379|200702|55979.16|0|060|300|||||7.625|0.00||||||||||||||||||||55979.16
F02Q10005379|200703|55801.28|0|061|299|||||7.625|0.00||||||||||||||||||||55801.28
F02Q10005379|200704|55622.27|0|062|298|||||7.625|0.00||||||||||||||||||||55622.27
F02Q10005379|200705|55442.12|0|063|297|||||7.625|0.00||||||||||||||||||||55442.12
F02Q10005379|200706|55260.83|0|064|296|||||7.625|0.00||||||||||||||||||||55260.83
F02Q10005379|200707|55078.39|0|065|295|||||7.625|0.00||||||||||||||||||||55078.39
F02Q10005379|200708|54894.79|0|066|294|||||7.625|0.00||||||||||||||||||||54894.79
F02Q10005379|200709|54710.02|0|067|293|||||7.625|0.00||||||||||||||||||||54710.02
F02Q10005379|200710|54524.08|0|068|292|||||7.625|0.00||||||||||||||||||||54524.08
F02Q10005379|200711|54336.96|0|069|291|||||7.625|0.00||||||||||||||||||||54336.96
F02Q10005379|200712|54148.65|0|070|290|||||7.625|0.00||||||||||||||||||||54148.65
F02Q10005379|200801|54009.14|0|071|289|||||7.625|0.00||||||||||||||||||||54009.14
F02Q10005379|200802|53854.29|0|072|288|||||7.625|0.00||||||||||||||||||||53854.29
F02Q10005379|200803|53698.46|0|073|287|||||7.625|0.00||||||||||||||||||||53698.46
F02Q10005379|200804|53541.64|0|074|286|||||7.625|0.00||||||||||||||||||||53541.64
F02Q10005379|200805|53383.82|0|075|285|||||7.625|0.00||||||||||||||||||||53383.82
F02Q10005379|200806|53225.00|0|076|284|||||7.625|0.00||||||||||||||||||||53225.00
F02Q10005379|200807|53065.17|0|077|283|||||7.625|0.00||||||||||||||||||||53065.17
F02Q10005379|200808|52904.32|0|078|282|||||7.625|0.00||||||||||||||||||||52904.32
F02Q10005379|200809|52904.32|0|079|281|||||7.625|0.00||||||||||||||||||||52904.32
F02Q10005379|200810|52742.45|0|080|280|||||7.625|0.00||||||||||||||||||||52742.45
F02Q10005379|200811|52415.62|0|081|279|||||7.625|0.00||||||||||||||||||||52415.62
F02Q10005379|200812|52250.65|0|082|278|||||7.625|0.00||||||||||||||||||||52250.65
F02Q10005379|200901|52084.63|0|083|277|||||7.625|0.00||||||||||||||||||||52084.63
F02Q10005379|200902|51943.32|0|084|276|||||7.625|0.00||||||||||||||||||||51943.32
F02Q10005379|200903|51801.12|0|085|275|||||7.625|0.00||||||||||||||||||||51801.12
F02Q10005379|200904|51658.01|0|086|274|||||7.625|0.00||||||||||||||||||||51658.01
F02Q10005379|200905|51513.99|0|087|273|||||7.625|0.00||||||||||||||||||||51513.99
F02Q10005379|200906|51369.06|0|088|272|||||7.625|0.00||||||||||||||||||||51369.06
F02Q10005379|200907|51223.21|0|089|271|||||7.625|0.00||||||||||||||||||||51223.21
F02Q10005379|200908|51076.43|0|090|270|||||7.625|0.00||||||||||||||||||||51076.43
F02Q10005379|200909|50928.72|0|091|269|||||7.625|0.00||||||||||||||||||||50928.72
F02Q10005379|200910|50780.07|0|092|268|||||7.625|0.00||||||||||||||||||||50780.07
F02Q10005379|200911|50630.48|0|093|267|||||7.625|0.00||||||||||||||||||||50630.48
F02Q10005379|200912|50479.93|0|094|266|||||7.625|0.00||||||||||||||||||||50479.93
F02Q10005379|201001|50328.43|0|095|265|||||7.625|0.00||||||||||||||||||||50328.43
F02Q10005379|201002|50200.56|0|096|264|||||7.625|0.00||||||||||||||||||||50200.56
F02Q10005379|201003|50071.87|0|097|263|||||7.625|0.00||||||||||||||||||||50071.87
F02Q10005379|201004|49942.37|0|098|262|||||7.625|0.00||||||||||||||||||||49942.37
F02Q10005379|201005|49812.04|0|099|261|||||7.625|0.00||||||||||||||||||||49812.04
F02Q10005379|201006|49680.88|0|100|260|||||7.625|0.00||||||||||||||||||||49680.88
F02Q10005379|201007|49548.89|0|101|259|||||7.625|0.00||||||||||||||||||||49548.89
F02Q10005379|201008|49416.06|0|102|258|||||7.625|0.00||||||||||||||||||||49416.06
F02Q10005379|201009|49282.39|0|103|257|||||7.625|0.00||||||||||||||||||||49282.39
F02Q10005379|201010|49122.87|0|104|256|||||7.625|0.00||||||||||||||||||||49122.87
F02Q10005379|201011|48987.33|0|105|255|||||7.625|0.00||||||||||||||||||||48987.33
F02Q10005379|201012|48825.93|0|106|254|||||7.625|0.00||||||||||||||||||||48825.93
F02Q10005379|201101|48663.51|0|107|253|||||7.625|0.00||||||||||||||||||||48663.51
F02Q10005379|201102|48444.06|0|108|252|||||7.625|0.00||||||||||||||||||||48444.06
F02Q10005379|201103|48223.21|0|109|251|||||7.625|0.00||||||||||||||||||||48223.21
F02Q10005379|201104|48000.96|0|110|250|||||7.625|0.00||||||||||||||||||||48000.96
F02Q10005379|201105|47777.30|0|111|249|||||7.625|0.00||||||||||||||||||||47777.30
F02Q10005379|201106|47552.21|0|112|248|||||7.625|0.00||||||||||||||||||||47552.21
F02Q10005379|201107|47325.69|0|113|247|||||7.625|0.00||||||||||||||||||||47325.69
F02Q10005379|201108|47325.69|0|114|246|||||7.625|0.00||||||||||||||||||||47325.69
F02Q10005379|201109|47097.74|0|115|245|||||7.625|0.00||||||||||||||||||||47097.74
F02Q10005379|201110|46868.34|0|116|244|||||7.625|0.00||||||||||||||||||||46868.34
F02Q10005379|201111|46637.48|0|117|243|||||7.625|0.00||||||||||||||||||||46637.48
F02Q10005379|201112|46405.15|0|118|242|||||7.625|0.00||||||||||||||||||||46405.15
F02Q10005379|201201|46171.35|0|119|241|||||7.625|0.00||||||||||||||||||||46171.35
F02Q10005379|201202|45931.06|0|120|240|||||7.625|0.00||||||||||||||||||||45931.06
F02Q10005379|201203|45685.24|0|121|239|||||7.625|0.00||||||||||||||||||||45685.24
F02Q10005379|201204|45437.86|0|122|238|||||7.625|0.00||||||||||||||||||||45437.86
F02Q10005379|201205|45188.91|0|123|237|||||7.625|0.00||||||||||||||||||||45188.91
F02Q10005379|201206|44938.38|0|124|236|||||7.625|0.00||||||||||||||||||||44938.38
F02Q10005379|201207|44686.26|0|125|235|||||7.625|0.00||||||||||||||||||||44686.26
F02Q10005379|201208|44432.53|0|126|234|||||7.625|0.00||||||||||||||||||||44432.53
F02Q10005379|201209|44177.19|0|127|233|||||7.625|0.00||||||||||||||||||||44177.19
F02Q10005379|201210|43920.23|0|128|232|||||7.625|0.00||||||||||||||||||||43920.23
F02Q10005379|201211|43661.64|0|129|231|||||7.625|0.00||||||||||||||||||||43661.64
F02Q10005379|201212|43401.40|0|130|230|||||7.625|0.00||||||||||||||||||||43401.40
F02Q10005379|201301|43139.51|0|131|229|||||7.625|0.00||||||||||||||||||||43139.51
F02Q10005379|201302|42875.96|0|132|228|||||7.625|0.00||||||||||||||||||||42875.96
F02Q10005379|201303|42614.73|0|133|227|||||7.625|0.00||||||||||||||||||||42614.73
F02Q10005379|201304|42401.84|0|134|226|||||7.625|0.00||||||||||||||||||||42401.84
F02Q10005379|201305|0.00|0|135|225|||01|201305|7.625|0.00|||||||||||||||42401.84|||||0.00
F02Q10005500|200202|95000.00|0|000|180|||||6.625|0.00||||||||||||||||||||95000.00
F02Q10005500|200203|94000.00|0|001|179|||||6.625|0.00||||||||||||||||||||94000.00
F02Q10005500|200204|94000.00|0|002|178|||||6.625|0.00||||||||||||||||||||94000.00
F02Q10005500|200205|94000.00|0|003|177|||||6.625|0.00||||||||||||||||||||94000.00
F02Q10005500|200206|93000.00|0|004|176|||||6.625|0.00||||||||||||||||||||93000.00
F02Q10005500|200207|93000.00|0|005|175|||||6.625|0.00||||||||||||||||||||93000.00
F02Q10005500|200208|93000.00|0|006|174|||||6.625|0.00||||||||||||||||||||93000.00
F02Q10005500|200209|92308.10|0|007|173|||||6.625|0.00||||||||||||||||||||92308.10
F02Q10005500|200210|91988.02|0|008|172|||||6.625|0.00||||||||||||||||||||91988.02
F02Q10005500|200211|91666.17|0|009|171|||||6.625|0.00||||||||||||||||||||91666.17
F02Q10005500|200212|91342.54|0|010|170|||||6.625|0.00||||||||||||||||||||91342.54
F02Q10005500|200301|91017.13|0|011|169|||||6.625|0.00||||||||||||||||||||91017.13
F02Q10005500|200302|90689.92|0|012|168|||||6.625|0.00||||||||||||||||||||90689.92
F02Q10005500|200303|90360.90|0|013|167|||||6.625|0.00||||||||||||||||||||90360.90
F02Q10005500|200304|90030.07|0|014|166|||||6.625|0.00||||||||||||||||||||90030.07
F02Q10005500|200305|89697.41|0|015|165|||||6.625|0.00||||||||||||||||||||89697.41
F02Q10005500|200306|89362.91|0|016|164|||||6.625|0.00||||||||||||||||||||89362.91
F02Q10005500|200307|89026.57|0|017|163|||||6.625|0.00||||||||||||||||||||89026.57
F02Q10005500|200308|88688.37|0|018|162|||||6.625|0.00||||||||||||||||||||88688.37
F02Q10005500|200309|88348.30|0|019|161|||||6.625|0.00||||||||||||||||||||88348.30
F02Q10005500|200310|88006.36|0|020|160|||||6.625|0.00||||||||||||||||||||88006.36
F02Q10005500|200311|87662.53|0|021|159|||||6.625|0.00||||||||||||||||||||87662.53
F02Q10005500|200312|87316.80|0|022|158|||||6.625|0.00||||||||||||||||||||87316.80
F02Q10005500|200401|86969.16|0|023|157|||||6.625|0.00||||||||||||||||||||86969.16
F02Q10005500|200402|0.00|0|024|156|||01|200402|6.625|0.00|||||||||||||||86969.16|||||0.00
F02Q10005528|200202|104000.00|0|000|180|||||5.875|0.00||||||||||||||||||||104000.00
F02Q10005528|200203|103000.00|0|001|179|||||5.875|0.00||||||||||||||||||||103000.00
F02Q10005528|200204|103000.00|0|002|178|||||5.875|0.00||||||||||||||||||||103000.00
F02Q10005528|200205|102000.00|0|003|177|||||5.875|0.00||||||||||||||||||||102000.00
F02Q10005528|200206|102000.00|0|004|176|||||5.875|0.00||||||||||||||||||||102000.00
F02Q10005528|200207|102000.00|0|005|175|||||5.875|0.00||||||||||||||||||||102000.00
F02Q10005528|200208|101000.00|0|006|174|||||5.875|0.00||||||||||||||||||||101000.00
F02Q10005528|200209|100993.55|0|007|173|||||5.875|0.00||||||||||||||||||||100993.55
F02Q10005528|200210|100621.16|0|008|172|||||5.875|0.00||||||||||||||||||||100621.16
F02Q10005528|200211|100246.94|0|009|171|||||5.875|0.00||||||||||||||||||||100246.94
F02Q10005528|200212|99870.89|0|010|170|||||5.875|0.00||||||||||||||||||||99870.89
F02Q10005528|200301|99493.00|0|011|169|||||5.875|0.00||||||||||||||||||||99493.00
F02Q10005528|200302|99113.26|0|012|168|||||5.875|0.00||||||||||||||||||||99113.26
F02Q10005528|200303|98731.66|0|013|167|||||5.875|0.00||||||||||||||||||||98731.66
F02Q10005528|200304|98348.19|0|014|166|||||5.875|0.00||||||||||||||||||||98348.19
F02Q10005528|200305|97962.85|0|015|165|||||5.875|0.00||||||||||||||||||||97962.85
F02Q10005528|200306|97575.62|0|016|164|||||5.875|0.00||||||||||||||||||||97575.62
F02Q10005528|200307|97186.49|0|017|163|||||5.875|0.00||||||||||||||||||||97186.49
F02Q10005528|200308|96795.46|0|018|162|||||5.875|0.00||||||||||||||||||||96795.46
F02Q10005528|200309|96402.51|0|019|161|||||5.875|0.00||||||||||||||||||||96402.51
F02Q10005528|200310|96007.64|0|020|160|||||5.875|0.00||||||||||||||||||||96007.64
F02Q10005528|200311|95309.40|0|021|159|||||5.875|0.00||||||||||||||||||||95309.40
F02Q10005528|200312|94908.97|0|022|158|||||5.875|0.00||||||||||||||||||||94908.97
F02Q10005528|200401|94506.61|0|023|157|||||5.875|0.00||||||||||||||||||||94506.61
F02Q10005528|200402|94102.44|0|024|156|||||5.875|0.00||||||||||||||||||||94102.44
F02Q10005528|200403|93696.05|0|025|155|||||5.875|0.00||||||||||||||||||||93696.05
F02Q10005528|200404|93287.70|0|026|154|||||5.875|0.00||||||||||||||||||||93287.70
F02Q10005528|200405|92281.76|0|027|153|||||5.875|0.00||||||||||||||||||||92281.76
F02Q10005528|200406|91866.54|0|028|152|||||5.875|0.00||||||||||||||||||||91866.54
F02Q10005528|200407|91449.44|0|029|151|||||5.875|0.00||||||||||||||||||||91449.44
F02Q10005528|200408|91030.18|0|030|150|||||5.875|0.00||||||||||||||||||||91030.18
F02Q10005528|200409|90608.85|0|031|149|||||5.875|0.00||||||||||||||||||||90608.85
F02Q10005528|200410|90185.41|0|032|148|||||5.875|0.00||||||||||||||||||||90185.41
F02Q10005528|200411|89181.32|0|033|147|||||5.875|0.00||||||||||||||||||||89181.32
F02Q10005528|200412|88750.95|0|034|146|||||5.875|0.00||||||||||||||||||||88750.95
F02Q10005528|200501|88318.60|0|035|145|||||5.875|0.00||||||||||||||||||||88318.60
F02Q10005528|200502|87883.98|0|036|144|||||5.875|0.00||||||||||||||||||||87883.98
F02Q10005528|200503|0.00|0|037|143|||01|200503|5.875|0.00|||||||||||||||87883.98|||||0.00
F02Q10005531|200202|64000.00|0|000|180|||||6.125|0.00||||||||||||||||||||64000.00
F02Q10005531|200203|64000.00|0|001|179|||||6.125|0.00||||||||||||||||||||64000.00
F02Q10005531|200204|64000.00|0|002|178|||||6.125|0.00||||||||||||||||||||64000.00
F02Q10005531|200205|63000.00|0|003|177|||||6.125|0.00||||||||||||||||||||63000.00
F02Q10005531|200206|63000.00|0|004|176|||||6.125|0.00||||||||||||||||||||63000.00
F02Q10005531|200207|63000.00|0|005|175|||||6.125|0.00||||||||||||||||||||63000.00
F02Q10005531|200208|63000.00|0|006|174|||||6.125|0.00||||||||||||||||||||63000.00
F02Q10005531|200209|62452.27|0|007|173|||||6.125|0.00||||||||||||||||||||62452.27
F02Q10005531|200210|62186.62|0|008|172|||||6.125|0.00||||||||||||||||||||62186.62
F02Q10005531|200211|61919.61|0|009|171|||||6.125|0.00||||||||||||||||||||61919.61
F02Q10005531|200212|61651.24|0|010|170|||||6.125|0.00||||||||||||||||||||61651.24
F02Q10005531|200301|61381.50|0|011|169|||||6.125|0.00||||||||||||||||||||61381.50
F02Q10005531|200302|60756.77|0|012|168|||||6.125|0.00||||||||||||||||||||60756.77
F02Q10005531|200303|60482.47|0|013|167|||||6.125|0.00||||||||||||||||||||60482.47
F02Q10005531|200304|60206.77|0|014|166|||||6.125|0.00||||||||||||||||||||60206.77
F02Q10005531|200305|59929.67|0|015|165|||||6.125|0.00||||||||||||||||||||59929.67
F02Q10005531|200306|59651.15|0|016|164|||||6.125|0.00||||||||||||||||||||59651.15
F02Q10005531|200307|59371.21|0|017|163|||||6.125|0.00||||||||||||||||||||59371.21
F02Q10005531|200308|58732.69|0|018|162|||||6.125|0.00||||||||||||||||||||58732.69
F02Q10005531|200309|58448.06|0|019|161|||||6.125|0.00||||||||||||||||||||58448.06
F02Q10005531|200310|58161.98|0|020|160|||||6.125|0.00||||||||||||||||||||58161.98
F02Q10005531|200311|57874.44|0|021|159|||||6.125|0.00||||||||||||||||||||57874.44
F02Q10005531|200312|57585.43|0|022|158|||||6.125|0.00||||||||||||||||||||57585.43
F02Q10005531|200401|57294.95|0|023|157|||||6.125|0.00||||||||||||||||||||57294.95
F02Q10005531|200402|56645.83|0|024|156|||||6.125|0.00||||||||||||||||||||56645.83
F02Q10005531|200403|56350.54|0|025|155|||||6.125|0.00||||||||||||||||||||56350.54
F02Q10005531|200404|56053.74|0|026|154|||||6.125|0.00||||||||||||||||||||56053.74
F02Q10005531|200405|55755.43|0|027|153|||||6.125|0.00||||||||||||||||||||55755.43
F02Q10005531|200406|55455.60|0|028|152|||||6.125|0.00||||||||||||||||||||55455.60
F02Q10005531|200407|55154.23|0|029|151|||||6.125|0.00||||||||||||||||||||55154.23
F02Q10005531|200408|54478.96|0|030|150|||||6.125|0.00||||||||||||||||||||54478.96
F02Q10005531|200409|54212.62|0|031|149|||||6.125|0.00||||||||||||||||||||54212.62
F02Q10005531|200410|53944.92|0|032|148|||||6.125|0.00||||||||||||||||||||53944.92
F02Q10005531|200411|53675.85|0|033|147|||||6.125|0.00||||||||||||||||||||53675.85
F02Q10005531|200412|53405.41|0|034|146|||||6.125|0.00||||||||||||||||||||53405.41
F02Q10005531|200501|53133.59|0|035|145|||||6.125|0.00||||||||||||||||||||53133.59
F02Q10005531|200502|52860.38|0|036|144|||||6.125|0.00||||||||||||||||||||52860.38
F02Q10005531|200503|52585.78|0|037|143|||||6.125|0.00||||||||||||||||||||52585.78
F02Q10005531|200504|52309.78|0|038|142|||||6.125|0.00||||||||||||||||||||52309.78
F02Q10005531|200505|52032.37|0|039|141|||||6.125|0.00||||||||||||||||||||52032.37
F02Q10005531|200506|51753.54|0|040|140|||||6.125|0.00||||||||||||||||||||51753.54
F02Q10005531|200507|0.00|0|041|139|||01|200507|6.125|0.00|||||||||||||||51753.54|||||0.00
F02Q10005643|200202|175000.00|0|000|180|||||6.375|0.00||||||||||||||||||||175000.00
F02Q10005643|200203|173000.00|0|001|179|||||6.375|0.00||||||||||||||||||||173000.00
F02Q10005643|200204|171000.00|0|002|178|||||6.375|0.00||||||||||||||||||||171000.00
F02Q10005643|200205|169000.00|0|003|177|||||6.375|0.00||||||||||||||||||||169000.00
F02Q10005643|200206|167000.00|0|004|176|||||6.375|0.00||||||||||||||||||||167000.00
F02Q10005643|200207|167000.00|0|005|175|||||6.375|0.00||||||||||||||||||||167000.00
F02Q10005643|200208|164000.00|0|006|174|||||6.375|0.00||||||||||||||||||||164000.00
F02Q10005643|200209|161702.29|0|007|173|||||6.375|0.00||||||||||||||||||||161702.29
F02Q10005643|200210|159548.89|0|008|172|||||6.375|0.00||||||||||||||||||||159548.89
F02Q10005643|200211|158884.05|0|009|171|||||6.375|0.00||||||||||||||||||||158884.05
F02Q10005643|200212|158215.68|0|010|170|||||6.375|0.00||||||||||||||||||||158215.68
F02Q10005643|200301|157543.76|0|011|169|||||6.375|0.00||||||||||||||||||||157543.76
F02Q10005643|200302|156868.27|0|012|168|||||6.375|0.00||||||||||||||||||||156868.27
F02Q10005643|200303|156189.19|0|013|167|||||6.375|0.00||||||||||||||||||||156189.19
F02Q10005643|200304|155506.51|0|014|166|||||6.375|0.00||||||||||||||||||||155506.51
F02Q10005643|200305|154820.20|0|015|165|||||6.375|0.00||||||||||||||||||||154820.20
F02Q10005643|200306|154130.24|0|016|164|||||6.375|0.00||||||||||||||||||||154130.24
F02Q10005643|200307|153436.62|0|017|163|||||6.375|0.00||||||||||||||||||||153436.62
F02Q10005643|200308|152739.31|0|018|162|||||6.375|0.00||||||||||||||||||||152739.31
F02Q10005643|200309|0.00|0|019|161|||01|200309|6.375|0.00|||||||||||||||152739.31|||||0.00
F02Q10005879|200202|80000.00|0|000|180|||||5.875|0.00||||||||||||||||||||80000.00
F02Q10005879|200203|80000.00|0|001|179|||||5.875|0.00||||||||||||||||||||80000.00
F02Q10005879|200204|79000.00|0|002|178|||||5.875|0.00||||||||||||||||||||79000.00
F02Q10005879|200205|79000.00|0|003|177|||||5.875|0.00||||||||||||||||||||79000.00
F02Q10005879|200206|78000.00|0|004|176|||||5.875|0.00||||||||||||||||||||78000.00
F02Q10005879|200207|78000.00|0|005|175|||||5.875|0.00||||||||||||||||||||78000.00
F02Q10005879|200208|77000.00|0|006|174|||||5.875|0.00||||||||||||||||||||77000.00
F02Q10005879|200209|77027.18|0|007|173|||||5.875|0.00||||||||||||||||||||77027.18
F02Q10005879|200210|77027.18|0|008|172|||||5.875|0.00||||||||||||||||||||77027.18
F02Q10005879|200211|76340.59|0|009|171|||||5.875|0.00||||||||||||||||||||76340.59
F02Q10005879|200212|76340.59|0|010|170|||||5.875|0.00||||||||||||||||||||76340.59
F02Q10005879|200301|75944.65|0|011|169|||||5.875|0.00||||||||||||||||||||75944.65
F02Q10005879|200302|75146.94|0|012|168|||||5.875|0.00||||||||||||||||||||75146.94
F02Q10005879|200303|74545.16|0|013|167|||||5.875|0.00||||||||||||||||||||74545.16
F02Q10005879|200304|74545.16|0|014|166|||||5.875|0.00||||||||||||||||||||74545.16
F02Q10005879|200305|73733.23|0|015|165|||||5.875|0.00||||||||||||||||||||73733.23
F02Q10005879|200306|73424.53|0|016|164|||||5.875|0.00||||||||||||||||||||73424.53
F02Q10005879|200307|72784.00|0|017|163|||||5.875|0.00||||||||||||||||||||72784.00
F02Q10005879|200308|72440.34|0|018|162|||||5.875|0.00||||||||||||||||||||72440.34
F02Q10005879|200309|72440.34|0|019|161|||||5.875|0.00||||||||||||||||||||72440.34
F02Q10005879|200310|72125.31|0|020|160|||||5.875|0.00||||||||||||||||||||72125.31
F02Q10005879|200311|71209.90|0|021|159|||||5.875|0.00||||||||||||||||||||71209.90
F02Q10005879|200312|71209.90|0|022|158|||||5.875|0.00||||||||||||||||||||71209.90
F02Q10005879|200401|70788.84|0|023|157|||||5.875|0.00||||||||||||||||||||70788.84
F02Q10005879|200402|69639.55|0|024|156|||||5.875|0.00||||||||||||||||||||69639.55
F02Q10005879|200403|69110.80|0|025|155|||||5.875|0.00||||||||||||||||||||69110.80
F02Q10005879|200404|69110.80|0|026|154|||||5.875|0.00||||||||||||||||||||69110.80
F02Q10005879|200405|67945.52|0|027|153|||||5.875|0.00||||||||||||||||||||67945.52
F02Q10005879|200406|67308.48|0|028|152|||||5.875|0.00||||||||||||||||||||67308.48
F02Q10005879|200407|66668.32|0|029|151|||||5.875|0.00||||||||||||||||||||66668.32
F02Q10005879|200408|66668.32|0|030|150|||||5.875|0.00||||||||||||||||||||66668.32
F02Q10005879|200409|66025.03|0|031|149|||||5.875|0.00||||||||||||||||||||66025.03
F02Q10005879|200410|0.00|0|032|148|||01|200410|5.875|0.00|||||||||||||||66025.03|||||0.00
F02Q10005950|200202|55000.00|0|000|180|||||6.625|0.00||||||||||||||||||||55000.00
F02Q10005950|200203|54000.00|0|001|179|||||6.625|0.00||||||||||||||||||||54000.00
F02Q10005950|200204|54000.00|0|002|178|||||6.625|0.00||||||||||||||||||||54000.00
F02Q10005950|200205|54000.00|0|003|177|||||6.625|0.00||||||||||||||||||||54000.00
F02Q10005950|200206|54000.00|0|004|176|||||6.625|0.00||||||||||||||||||||54000.00
F02Q10005950|200207|54000.00|0|005|175|||||6.625|0.00||||||||||||||||||||54000.00
F02Q10005950|200208|53000.00|0|006|174|||||6.625|0.00||||||||||||||||||||53000.00
F02Q10005950|200209|53247.35|0|007|173|||||6.625|0.00||||||||||||||||||||53247.35
F02Q10005950|200210|53054.35|0|008|172|||||6.625|0.00||||||||||||||||||||53054.35
F02Q10005950|200211|52860.28|0|009|171|||||6.625|0.00||||||||||||||||||||52860.28
F02Q10005950|200212|52665.14|0|010|170|||||6.625|0.00||||||||||||||||||||52665.14
F02Q10005950|200301|52468.93|0|011|169|||||6.625|0.00||||||||||||||||||||52468.93
F02Q10005950|200302|52271.63|0|012|168|||||6.625|0.00||||||||||||||||||||52271.63
F02Q10005950|200303|52063.24|0|013|167|||||6.625|0.00||||||||||||||||||||52063.24
F02Q10005950|200304|51854.92|0|014|166|||||6.625|0.00||||||||||||||||||||51854.92
F02Q10005950|200305|51645.45|0|015|165|||||6.625|0.00||||||||||||||||||||51645.45
F02Q10005950|200306|51434.83|0|016|164|||||6.625|0.00||||||||||||||||||||51434.83
F02Q10005950|200307|0.00|0|017|163|||01|200307|6.625|0.00|||||||||||||||51434.83|||||0.00
F02Q10005957|200202|79000.00|0|000|360|||||7.125|0.00||||||||||||||||||||79000.00
F02Q10005957|200203|79000.00|0|001|359|||||7.125|0.00||||||||||||||||||||79000.00
F02Q10005957|200204|79000.00|0|002|358|||||7.125|0.00||||||||||||||||||||79000.00
F02Q10005957|200205|79000.00|0|003|357|||||7.125|0.00||||||||||||||||||||79000.00
F02Q10005957|200206|79000.00|0|004|356|||||7.125|0.00||||||||||||||||||||79000.00
F02Q10005957|200207|79000.00|0|005|355|||||7.125|0.00||||||||||||||||||||79000.00
F02Q10005957|200208|79000.00|0|006|354|||||7.125|0.00||||||||||||||||||||79000.00
F02Q10005957|200209|78555.63|0|007|353|||||7.125|0.00||||||||||||||||||||78555.63
F02Q10005957|200210|78432.13|0|008|352|||||7.125|0.00||||||||||||||||||||78432.13
F02Q10005957|200211|78307.89|0|009|351|||||7.125|0.00||||||||||||||||||||78307.89
F02Q10005957|200212|78182.91|0|010|350|||||7.125|0.00||||||||||||||||||||78182.91
F02Q10005957|200301|78057.19|0|011|349|||||7.125|0.00||||||||||||||||||||78057.19
F02Q10005957|200302|77930.72|0|012|348|||||7.125|0.00||||||||||||||||||||77930.72
F02Q10005957|200303|77812.50|0|013|347|||||7.125|0.00||||||||||||||||||||77812.50
F02Q10005957|200304|0.00|0|014|346|||01|200304|7.125|0.00|||||||||||||||77812.50|||||0.00
F02Q10006094|200202|157000.00|0|000|180|||||6.250|0.00||||||||||||||||||||157000.00
F02Q10006094|200203|157000.00|0|001|179|||||6.250|0.00||||||||||||||||||||157000.00
F02Q10006094|200204|155000.00|0|002|178|||||6.250|0.00||||||||||||||||||||155000.00
F02Q10006094|200205|155000.00|0|003|177|||||6.250|0.00||||||||||||||||||||155000.00
F02Q10006094|200206|154000.00|0|004|176|||||6.250|0.00||||||||||||||||||||154000.00
F02Q10006094|200207|154000.00|0|005|175|||||6.250|0.00||||||||||||||||||||154000.00
F02Q10006094|200208|153000.00|0|006|174|||||6.250|0.00||||||||||||||||||||153000.00
F02Q10006094|200209|152754.38|0|007|173|||||6.250|0.00||||||||||||||||||||152754.38
F02Q10006094|200210|152208.11|0|008|172|||||6.250|0.00||||||||||||||||||||152208.11
F02Q10006094|200211|151658.99|0|009|171|||||6.250|0.00||||||||||||||||||||151658.99
F02Q10006094|200212|151107.01|0|010|170|||||6.250|0.00||||||||||||||||||||151107.01
F02Q10006094|200301|150552.16|0|011|169|||||6.250|0.00||||||||||||||||||||150552.16
F02Q10006094|200302|149994.42|0|012|168|||||6.250|0.00||||||||||||||||||||149994.42
F02Q10006094|200303|149433.77|0|013|167|||||6.250|0.00||||||||||||||||||||149433.77
F02Q10006094|200304|0.00|0|014|166|||01|200304|6.250|0.00|||||||||||||||149433.77|||||0.00
F02Q10006115|200202|259000.00|0|000|180|||||6.500|0.00||||||||||||||||||||259000.00
F02Q10006115|200203|258000.00|0|001|179|||||6.500|0.00||||||||||||||||||||258000.00
F02Q10006115|200204|257000.00|0|002|178|||||6.500|0.00||||||||||||||||||||257000.00
F02Q10006115|200205|256000.00|0|003|177|||||6.500|0.00||||||||||||||||||||256000.00
F02Q10006115|200206|256000.00|0|004|176|||||6.500|0.00||||||||||||||||||||256000.00
F02Q10006115|200207|255000.00|0|005|175|||||6.500|0.00||||||||||||||||||||255000.00
F02Q10006115|200208|254000.00|0|006|174|||||6.500|0.00||||||||||||||||||||254000.00
F02Q10006115|200209|252929.30|0|007|173|||||6.500|0.00||||||||||||||||||||252929.30
F02Q10006115|200210|252043.16|0|008|172|||||6.500|0.00||||||||||||||||||||252043.16
F02Q10006115|200211|251152.22|0|009|171|||||6.500|0.00||||||||||||||||||||251152.22
F02Q10006115|200212|250256.46|0|010|170|||||6.500|0.00||||||||||||||||||||250256.46
F02Q10006115|200301|249355.85|0|011|169|||||6.500|0.00||||||||||||||||||||249355.85
F02Q10006115|200302|248450.36|0|012|168|||||6.500|0.00||||||||||||||||||||248450.36
F02Q10006115|200303|247539.96|0|013|167|||||6.500|0.00||||||||||||||||||||247539.96
F02Q10006115|200304|246624.63|0|014|166|||||6.500|0.00||||||||||||||||||||246624.63
F02Q10006115|200305|245704.34|0|015|165|||||6.500|0.00||||||||||||||||||||245704.34
F02Q10006115|200306|0.00|0|016|164|||01|200306|6.500|0.00|||||||||||||||245704.34|||||0.00
F02Q10006168|200202|54000.00|0|000|180|||||6.375|0.00||||||||||||||||||||54000.00
F02Q10006168|200203|54000.00|0|001|179|||||6.375|0.00||||||||||||||||||||54000.00
F02Q10006168|200204|54000.00|0|002|178|||||6.375|0.00||||||||||||||||||||54000.00
F02Q10006168|200205|53000.00|0|003|177|||||6.375|0.00||||||||||||||||||||53000.00
F02Q10006168|200206|53000.00|0|004|176|||||6.375|0.00||||||||||||||||||||53000.00
F02Q10006168|200207|53000.00|0|005|175|||||6.375|0.00||||||||||||||||||||53000.00
F02Q10006168|200208|53000.00|0|006|174|||||6.375|0.00||||||||||||||||||||53000.00
F02Q10006168|200209|52697.46|0|007|173|||||6.375|0.00||||||||||||||||||||52697.46
F02Q10006168|200210|52697.46|0|008|172|||||6.375|0.00||||||||||||||||||||52697.46
F02Q10006168|200211|52313.00|0|009|171|||||6.375|0.00||||||||||||||||||||52313.00
F02Q10006168|200212|52124.21|0|010|170|||||6.375|0.00||||||||||||||||||||52124.21
F02Q10006168|200301|51934.42|0|011|169|||||6.375|0.00||||||||||||||||||||51934.42
F02Q10006168|200302|51934.42|0|012|168|||||6.375|0.00||||||||||||||||||||51934.42
F02Q10006168|200303|51551.81|0|013|167|||||6.375|0.00||||||||||||||||||||51551.81
F02Q10006168|200304|51358.98|0|014|166|||||6.375|0.00||||||||||||||||||||51358.98
F02Q10006168|200305|51165.12|0|015|165|||||6.375|0.00||||||||||||||||||||51165.12
F02Q10006168|200306|51165.12|0|016|164|||||6.375|0.00||||||||||||||||||||51165.12
F02Q10006168|200307|50774.31|0|017|163|||||6.375|0.00||||||||||||||||||||50774.31
F02Q10006168|200308|50774.31|0|018|162|||||6.375|0.00||||||||||||||||||||50774.31
F02Q10006168|200309|50377.32|0|019|161|||||6.375|0.00||||||||||||||||||||50377.32
F02Q10006168|200310|50178.25|0|020|160|||||6.375|0.00||||||||||||||||||||50178.25
F02Q10006168|200311|50178.25|0|021|159|||||6.375|0.00||||||||||||||||||||50178.25
F02Q10006168|200312|49776.93|0|022|158|||||6.375|0.00||||||||||||||||||||49776.93
F02Q10006168|200401|49574.67|0|023|157|||||6.375|0.00||||||||||||||||||||49574.67
F02Q10006168|200402|49574.67|0|024|156|||||6.375|0.00||||||||||||||||||||49574.67
F02Q10006168|200403|49166.93|0|025|155|||||6.375|0.00||||||||||||||||||||49166.93
F02Q10006168|200404|48961.43|0|026|154|||||6.375|0.00||||||||||||||||||||48961.43
F02Q10006168|200405|48961.43|0|027|153|||||6.375|0.00||||||||||||||||||||48961.43
F02Q10006168|200406|48547.15|0|028|152|||||6.375|0.00||||||||||||||||||||48547.15
F02Q10006168|200407|48338.36|0|029|151|||||6.375|0.00||||||||||||||||||||48338.36
F02Q10006168|200408|48130.56|0|030|150|||||6.375|0.00||||||||||||||||||||48130.56
F02Q10006168|200409|47919.54|0|031|149|||||6.375|0.00||||||||||||||||||||47919.54
F02Q10006168|200410|47707.41|0|032|148|||||6.375|0.00||||||||||||||||||||47707.41
F02Q10006168|200411|47494.16|0|033|147|||||6.375|0.00||||||||||||||||||||47494.16
F02Q10006168|200412|47279.77|0|034|146|||||6.375|0.00||||||||||||||||||||47279.77
F02Q10006168|200501|47279.77|0|035|145|||||6.375|0.00||||||||||||||||||||47279.77
F02Q10006168|200502|46847.57|0|036|144|||||6.375|0.00||||||||||||||||||||46847.57
F02Q10006168|200503|46629.75|0|037|143|||||6.375|0.00||||||||||||||||||||46629.75
F02Q10006168|200504|46629.75|0|038|142|||||6.375|0.00||||||||||||||||||||46629.75
F02Q10006168|200505|46410.77|0|039|141|||||6.375|0.00||||||||||||||||||||46410.77
F02Q10006168|200506|45969.32|0|040|140|||||6.375|0.00||||||||||||||||||||45969.32
F02Q10006168|200507|45746.83|0|041|139|||||6.375|0.00||||||||||||||||||||45746.83
F02Q10006168|200508|45523.16|0|042|138|||||6.375|0.00||||||||||||||||||||45523.16
F02Q10006168|200509|45298.30|0|043|137|||||6.375|0.00||||||||||||||||||||45298.30
F02Q10006168|200510|45298.30|0|044|136|||||6.375|0.00||||||||||||||||||||45298.30
F02Q10006168|200511|44845.00|0|045|135|||||6.375|0.00||||||||||||||||||||44845.00
F02Q10006168|200512|44616.54|0|046|134|||||6.375|0.00||||||||||||||||||||44616.54
F02Q10006168|200601|44386.87|0|047|133|||||6.375|0.00||||||||||||||||||||44386.87
F02Q10006168|200602|44155.98|0|048|132|||||6.375|0.00||||||||||||||||||||44155.98
F02Q10006168|200603|43923.86|0|049|131|||||6.375|0.00||||||||||||||||||||43923.86
F02Q10006168|200604|43923.86|0|050|130|||||6.375|0.00||||||||||||||||||||43923.86
F02Q10006168|200605|43455.92|0|051|129|||||6.375|0.00||||||||||||||||||||43455.92
F02Q10006168|200606|43220.08|0|052|128|||||6.375|0.00||||||||||||||||||||43220.08
F02Q10006168|200607|42982.99|0|053|127|||||6.375|0.00||||||||||||||||||||42982.99
F02Q10006168|200608|42744.64|0|054|126|||||6.375|0.00||||||||||||||||||||42744.64
F02Q10006168|200609|42505.02|0|055|125|||||6.375|0.00||||||||||||||||||||42505.02
F02Q10006168|200610|42505.02|0|056|124|||||6.375|0.00||||||||||||||||||||42505.02
F02Q10006168|200611|42021.96|0|057|123|||||6.375|0.00||||||||||||||||||||42021.96
F02Q10006168|200612|41778.50|0|058|122|||||6.375|0.00||||||||||||||||||||41778.50
F02Q10006168|200701|41778.50|0|059|121|||||6.375|0.00||||||||||||||||||||41778.50
F02Q10006168|200702|41287.70|0|060|120|||||6.375|0.00||||||||||||||||||||41287.70
F02Q10006168|200703|41040.34|0|061|119|||||6.375|0.00||||||||||||||||||||41040.34
F02Q10006168|200704|41040.34|0|062|118|||||6.375|0.00||||||||||||||||||||41040.34
F02Q10006168|200705|40541.68|0|063|117|||||6.375|0.00||||||||||||||||||||40541.68
F02Q10006168|200706|40290.36|0|064|116|||||6.375|0.00||||||||||||||||||||40290.36
F02Q10006168|200707|40037.70|0|065|115|||||6.375|0.00||||||||||||||||||||40037.70
F02Q10006168|200708|39783.70|0|066|114|||||6.375|0.00||||||||||||||||||||39783.70
F02Q10006168|200709|39528.35|0|067|113|||||6.375|0.00||||||||||||||||||||39528.35
F02Q10006168|200710|39271.64|0|068|112|||||6.375|0.00||||||||||||||||||||39271.64
F02Q10006168|200711|39013.57|0|069|111|||||6.375|0.00||||||||||||||||||||39013.57
F02Q10006168|200712|39013.57|0|070|110|||||6.375|0.00||||||||||||||||||||39013.57
F02Q10006168|200801|38493.31|0|071|109|||||6.375|0.00||||||||||||||||||||38493.31
F02Q10006168|200802|38231.11|0|072|108|||||6.375|0.00||||||||||||||||||||38231.11
F02Q10006168|200803|37967.51|0|073|107|||||6.375|0.00||||||||||||||||||||37967.51
F02Q10006168|200804|37702.51|0|074|106|||||6.375|0.00||||||||||||||||||||37702.51
F02Q10006168|200805|37436.10|0|075|105|||||6.375|0.00||||||||||||||||||||37436.10
F02Q10006168|200806|37436.10|0|076|104|||||6.375|0.00||||||||||||||||||||37436.10
F02Q10006168|200807|36899.04|0|077|103|||||6.375|0.00||||||||||||||||||||36899.04
F02Q10006168|200808|36628.37|0|078|102|||||6.375|0.00||||||||||||||||||||36628.37
F02Q10006168|200809|36356.26|0|079|101|||||6.375|0.00||||||||||||||||||||36356.26
F02Q10006168|200810|36082.70|0|080|100|||||6.375|0.00||||||||||||||||||||36082.70
F02Q10006168|200811|35807.69|0|081|099|||||6.375|0.00||||||||||||||||||||35807.69
F02Q10006168|200812|35531.22|0|082|098|||||6.375|0.00||||||||||||||||||||35531.22
F02Q10006168|200901|35253.28|0|083|097|||||6.375|0.00||||||||||||||||||||35253.28
F02Q10006168|200902|34973.86|0|084|096|||||6.375|0.00||||||||||||||||||||34973.86
F02Q10006168|200903|34973.86|0|085|095|||||6.375|0.00||||||||||||||||||||34973.86
F02Q10006168|200904|34692.96|0|086|094|||||6.375|0.00||||||||||||||||||||34692.96
F02Q10006168|200905|34126.68|0|087|093|||||6.375|0.00||||||||||||||||||||34126.68
F02Q10006168|200906|33841.28|0|088|092|||||6.375|0.00||||||||||||||||||||33841.28
F02Q10006168|200907|33841.28|0|089|091|||||6.375|0.00||||||||||||||||||||33841.28
F02Q10006168|200908|33265.92|0|090|090|||||6.375|0.00||||||||||||||||||||33265.92
F02Q10006168|200909|32975.95|0|091|089|||||6.375|0.00||||||||||||||||||||32975.95
F02Q10006168|200910|32684.43|0|092|088|||||6.375|0.00||||||||||||||||||||32684.43
F02Q10006168|200911|32391.37|0|093|087|||||6.375|0.00||||||||||||||||||||32391.37
F02Q10006168|200912|32096.75|0|094|086|||||6.375|0.00||||||||||||||||||||32096.75
F02Q10006168|201001|31800.56|0|095|085|||||6.375|0.00||||||||||||||||||||31800.56
F02Q10006168|201002|31800.56|0|096|084|||||6.375|0.00||||||||||||||||||||31800.56
F02Q10006168|201003|31203.46|0|097|083|||||6.375|0.00||||||||||||||||||||31203.46
F02Q10006168|201004|30902.53|0|098|082|||||6.375|0.00||||||||||||||||||||30902.53
F02Q10006168|201005|30902.53|0|099|081|||||6.375|0.00||||||||||||||||||||30902.53
F02Q10006168|201006|30295.86|0|100|080|||||6.375|0.00||||||||||||||||||||30295.86
F02Q10006168|201007|29990.11|0|101|079|||||6.375|0.00||||||||||||||||||||29990.11
F02Q10006168|201008|29990.11|0|102|078|||||6.375|0.00||||||||||||||||||||29990.11
F02Q10006168|201009|29373.72|0|103|077|||||6.375|0.00||||||||||||||||||||29373.72
F02Q10006168|201010|29063.07|0|104|076|||||6.375|0.00||||||||||||||||||||29063.07
F02Q10006168|201011|28750.77|0|105|075|||||6.375|0.00||||||||||||||||||||28750.77
F02Q10006168|201012|28436.81|0|106|074|||||6.375|0.00||||||||||||||||||||28436.81
F02Q10006168|201101|28121.18|0|107|073|||||6.375|0.00||||||||||||||||||||28121.18
F02Q10006168|201102|27803.87|0|108|072|||||6.375|0.00||||||||||||||||||||27803.87
F02Q10006168|201103|27484.88|0|109|071|||||6.375|0.00||||||||||||||||||||27484.88
F02Q10006168|201104|27164.19|0|110|070|||||6.375|0.00||||||||||||||||||||27164.19
F02Q10006168|201105|27164.19|0|111|069|||||6.375|0.00||||||||||||||||||||27164.19
F02Q10006168|201106|26517.70|0|112|068|||||6.375|0.00||||||||||||||||||||26517.70
F02Q10006168|201107|26191.88|0|113|067|||||6.375|0.00||||||||||||||||||||26191.88
F02Q10006168|201108|25864.32|0|114|066|||||6.375|0.00||||||||||||||||||||25864.32
F02Q10006168|201109|25535.02|0|115|065|||||6.375|0.00||||||||||||||||||||25535.02
F02Q10006168|201110|25203.97|0|116|064|||||6.375|0.00||||||||||||||||||||25203.97
F02Q10006168|201111|24871.17|0|117|063|||||6.375|0.00||||||||||||||||||||24871.17
F02Q10006168|201112|24536.60|0|118|062|||||6.375|0.00||||||||||||||||||||24536.60
F02Q10006168|201201|24536.60|0|119|061|||||6.375|0.00||||||||||||||||||||24536.60
F02Q10006168|201202|23862.11|0|120|060|||||6.375|0.00||||||||||||||||||||23862.11
F02Q10006168|201203|23522.18|0|121|059|||||6.375|0.00||||||||||||||||||||23522.18
F02Q10006168|201204|23522.18|0|122|058|||||6.375|0.00||||||||||||||||||||23522.18
F02Q10006168|201205|22836.89|0|123|057|||||6.375|0.00||||||||||||||||||||22836.89
F02Q10006168|201206|22491.51|0|124|056|||||6.375|0.00||||||||||||||||||||22491.51
F02Q10006168|201207|22144.30|0|125|055|||||6.375|0.00||||||||||||||||||||22144.30
F02Q10006168|201208|21795.24|0|126|054|||||6.375|0.00||||||||||||||||||||21795.24
F02Q10006168|201209|21444.33|0|127|053|||||6.375|0.00||||||||||||||||||||21444.33
F02Q10006168|201210|21091.55|0|128|052|||||6.375|0.00||||||||||||||||||||21091.55
F02Q10006168|201211|20736.90|0|129|051|||||6.375|0.00||||||||||||||||||||20736.90
F02Q10006168|201212|20736.90|0|130|050|||||6.375|0.00||||||||||||||||||||20736.90
F02Q10006168|201301|20021.93|0|131|049|||||6.375|0.00||||||||||||||||||||20021.93
F02Q10006168|201302|19661.60|0|132|048|||||6.375|0.00||||||||||||||||||||19661.60
F02Q10006168|201303|19299.35|0|133|047|||||6.375|0.00||||||||||||||||||||19299.35
F02Q10006168|201304|18935.18|0|134|046|||||6.375|0.00||||||||||||||||||||18935.18
F02Q10006168|201305|18569.07|0|135|045|||||6.375|0.00||||||||||||||||||||18569.07
F02Q10006168|201306|18201.02|0|136|044|||||6.375|0.00||||||||||||||||||||18201.02
F02Q10006168|201307|17831.01|0|137|043|||||6.375|0.00||||||||||||||||||||17831.01
F02Q10006168|201308|17459.04|0|138|042|||||6.375|0.00||||||||||||||||||||17459.04
F02Q10006168|201309|17459.04|0|139|041|||||6.375|0.00||||||||||||||||||||17459.04
F02Q10006168|201310|16709.15|0|140|040|||||6.375|0.00||||||||||||||||||||16709.15
F02Q10006168|201311|16331.22|0|141|039|||||6.375|0.00||||||||||||||||||||16331.22
F02Q10006168|201312|16331.22|0|142|038|||||6.375|0.00||||||||||||||||||||16331.22
F02Q10006168|201401|15569.32|0|143|037|||||6.375|0.00||||||||||||||||||||15569.32
F02Q10006168|201402|15569.32|0|144|036|||||6.375|0.00||||||||||||||||||||15569.32
F02Q10006168|201403|14799.30|0|145|035|||||6.375|0.00||||||||||||||||||||14799.30
F02Q10006168|201404|14799.30|0|146|034|||||6.375|0.00||||||||||||||||||||14799.30
F02Q10006168|201405|14411.22|0|147|033|||||6.375|0.00||||||||||||||||||||14411.22
F02Q10006168|201406|14021.08|0|148|032|||||6.375|0.00||||||||||||||||||||14021.08
F02Q10006168|201407|13234.57|0|149|031|||||6.375|0.00||||||||||||||||||||13234.57
F02Q10006168|201408|12838.18|0|150|030|||||6.375|0.00||||||||||||||||||||12838.18
F02Q10006168|201409|12439.68|0|151|029|||||6.375|0.00||||||||||||||||||||12439.68
F02Q10006168|201410|11231.45|0|152|028|||||6.375|0.00||||||||||||||||||||11231.45
F02Q10006168|201411|10824.42|0|153|027|||||6.375|0.00||||||||||||||||||||10824.42
F02Q10006168|201412|10415.22|0|154|026|||||6.375|0.00||||||||||||||||||||10415.22
F02Q10006168|201501|9590.30|0|155|025|||||6.375|0.00||||||||||||||||||||9590.30
F02Q10006168|201502|9590.30|0|156|024|||||6.375|0.00||||||||||||||||||||9590.30
F02Q10006168|201503|9174.55|0|157|023|||||6.375|0.00||||||||||||||||||||9174.55
F02Q10006168|201504|8756.59|0|158|022|||||6.375|0.00||||||||||||||||||||8756.59
F02Q10006168|201505|8336.41|0|159|021|||||6.375|0.00||||||||||||||||||||8336.41
F02Q10006168|201506|7914.00|0|160|020|||||6.375|0.00||||||||||||||||||||7914.00
F02Q10006168|201507|7914.00|0|161|019|||||6.375|0.00||||||||||||||||||||7914.00
