F01Q10000004|200201|266000.00|0|000|350|||||7.000|0.00||||||||||||||||||||266000.00
F01Q10000004|200202|266000.00|0|001|349|||||7.000|0.00||||||||||||||||||||266000.00
F01Q10000004|200203|266000.00|0|002|348|||||7.000|0.00||||||||||||||||||||266000.00
F01Q10000004|200204|265000.00|0|003|347|||||7.000|0.00||||||||||||||||||||265000.00
F01Q10000004|200205|265000.00|0|004|346|||||7.000|0.00||||||||||||||||||||265000.00
F01Q10000004|200206|264000.00|0|005|345|||||7.000|0.00||||||||||||||||||||264000.00
F01Q10000004|200207|264000.00|0|006|344|||||7.000|0.00||||||||||||||||||||264000.00
F01Q10000004|200208|263597.01|0|007|343|||||7.000|0.00||||||||||||||||||||263597.01
F01Q10000004|200209|0.00|0|008|342|||01|200209|7.000|0.00|||||||||||||||263597.01|||||0.00
F01Q10000122|200105|75000.00|0|001|179|||||7.125|0.00||||||||||||||||||||75000.00
F01Q10000122|200106|75000.00|0|002|178|||||7.125|0.00||||||||||||||||||||75000.00
F01Q10000122|200107|75000.00|0|003|177|||||7.125|0.00||||||||||||||||||||75000.00
F01Q10000122|200108|74000.00|1|004|176|||||7.125|0.00||||||||||||||||||||74000.00
F01Q10000122|200109|74000.00|2|005|175|||||7.125|0.00||||||||||||||||||||74000.00
F01Q10000122|200110|74000.00|3|006|174|||||7.125|0.00||||||||||||||||||||74000.00
F01Q10000122|200111|74293.61|4|007|173|||||7.125|0.00||||||||||||||||||||74293.61
F01Q10000122|200112|74293.61|5|008|172|||||7.125|0.00||||||||||||||||||||74293.61
F01Q10000122|200201|74293.61|6|009|171|||||7.125|0.00||||||||||||||||||||74293.61
F01Q10000122|200202|74293.61|7|010|170|||||7.125|0.00||||||||||||||||||||74293.61
F01Q10000122|200203|74293.61|8|011|169|||||7.125|0.00||||||||||||||||||||74293.61
F01Q10000122|200204|74293.61|9|012|168|||||7.125|0.00||||||||||||||||||||74293.61
F01Q10000122|200205|74293.61|10|013|167|||||7.125|0.00||||||||||||||||||||74293.61
F01Q10000122|200206|74293.61|11|014|166|||||7.125|0.00||||||||||||||||||||74293.61
F01Q10000122|200207|74293.61|12|015|165|||||7.125|0.00||||||||||||||||||||74293.61
F01Q10000122|200208|74293.61|13|016|164|||||7.125|0.00||||||||||||||||||||74293.61
F01Q10000122|200209|74293.61|14|017|163|||||7.125|0.00||||||||||||||||||||74293.61
F01Q10000122|200210|74293.61|RA|018|162|||||7.125|0.00||||||||||||||||||||74293.61
F01Q10000122|200211|74293.61|RA|019|161|||||7.125|0.00||||||||||||||||||||74293.61
F01Q10000122|200212|74293.61|RA|020|160|||||7.125|0.00||||||||||||||||||||74293.61
F01Q10000122|200301|0.00|RA|021|159|||09|200301|7.125|0.00|200107|26097.38|34616.5|147.36|-6300.37|-2490.97|-1032.30|-2417.10|-360.00|-26976.37|||||74293.61|7243.63||||0.00
F01Q10000159|200102|51000.00|0|000|180|||||6.750|0.00||||||||||||||||||||51000.00
F01Q10000159|200103|51000.00|0|001|179|||||6.750|0.00||||||||||||||||||||51000.00
F01Q10000159|200104|51000.00|0|002|178|||||6.750|0.00||||||||||||||||||||51000.00
F01Q10000159|200105|51000.00|0|003|177|||||6.750|0.00||||||||||||||||||||51000.00
F01Q10000159|200106|50000.00|0|004|176|||||6.750|0.00||||||||||||||||||||50000.00
F01Q10000159|200107|50000.00|0|005|175|||||6.750|0.00||||||||||||||||||||50000.00
F01Q10000159|200108|50000.00|0|006|174|||||6.750|0.00||||||||||||||||||||50000.00
F01Q10000159|200109|49880.71|0|007|173|||||6.750|0.00||||||||||||||||||||49880.71
F01Q10000159|200110|49695.97|0|008|172|||||6.750|0.00||||||||||||||||||||49695.97
F01Q10000159|200111|49510.19|0|009|171|||||6.750|0.00||||||||||||||||||||49510.19
F01Q10000159|200112|49323.36|0|010|170|||||6.750|0.00||||||||||||||||||||49323.36
F01Q10000159|200201|49135.48|0|011|169|||||6.750|0.00||||||||||||||||||||49135.48
F01Q10000159|200202|48946.55|0|012|168|||||6.750|0.00||||||||||||||||||||48946.55
F01Q10000159|200203|48750.35|0|013|167|||||6.750|0.00||||||||||||||||||||48750.35
F01Q10000159|200204|48553.05|0|014|166|||||6.750|0.00||||||||||||||||||||48553.05
F01Q10000159|200205|48354.64|0|015|165|||||6.750|0.00||||||||||||||||||||48354.64
F01Q10000159|200206|48155.11|0|016|164|||||6.750|0.00||||||||||||||||||||48155.11
F01Q10000159|200207|47929.46|0|017|163|||||6.750|0.00||||||||||||||||||||47929.46
F01Q10000159|200208|47702.54|0|018|162|||||6.750|0.00||||||||||||||||||||47702.54
F01Q10000159|200209|47474.35|0|019|161|||||6.750|0.00||||||||||||||||||||47474.35
F01Q10000159|200210|47244.87|0|020|160|||||6.750|0.00||||||||||||||||||||47244.87
F01Q10000159|200211|47014.10|0|021|159|||||6.750|0.00||||||||||||||||||||47014.10
F01Q10000159|200212|46782.03|0|022|158|||||6.750|0.00||||||||||||||||||||46782.03
F01Q10000159|200301|46548.66|0|023|157|||||6.750|0.00||||||||||||||||||||46548.66
F01Q10000159|200302|46313.98|0|024|156|||||6.750|0.00||||||||||||||||||||46313.98
F01Q10000159|200303|46053.80|0|025|155|||||6.750|0.00||||||||||||||||||||46053.80
F01Q10000159|200304|45792.15|0|026|154|||||6.750|0.00||||||||||||||||||||45792.15
F01Q10000159|200305|45529.03|0|027|153|||||6.750|0.00||||||||||||||||||||45529.03
F01Q10000159|200306|45264.43|0|028|152|||||6.750|0.00||||||||||||||||||||45264.43
F01Q10000159|200307|44998.34|0|029|151|||||6.750|0.00||||||||||||||||||||44998.34
F01Q10000159|200308|44730.76|0|030|150|||||6.750|0.00||||||||||||||||||||44730.76
F01Q10000159|200309|44461.67|0|031|149|||||6.750|0.00||||||||||||||||||||44461.67
F01Q10000159|200310|44191.07|0|032|148|||||6.750|0.00||||||||||||||||||||44191.07
F01Q10000159|200311|43918.94|0|033|147|||||6.750|0.00||||||||||||||||||||43918.94
F01Q10000159|200312|43645.28|0|034|146|||||6.750|0.00||||||||||||||||||||43645.28
F01Q10000159|200401|43370.08|0|035|145|||||6.750|0.00||||||||||||||||||||43370.08
F01Q10000159|200402|43093.34|0|036|144|||||6.750|0.00||||||||||||||||||||43093.34
F01Q10000159|200403|42791.89|0|037|143|||||6.750|0.00||||||||||||||||||||42791.89
F01Q10000159|200404|42488.74|0|038|142|||||6.750|0.00||||||||||||||||||||42488.74
F01Q10000159|200405|42183.89|0|039|141|||||6.750|0.00||||||||||||||||||||42183.89
F01Q10000159|200406|41877.32|0|040|140|||||6.750|0.00||||||||||||||||||||41877.32
F01Q10000159|200407|41569.03|0|041|139|||||6.750|0.00||||||||||||||||||||41569.03
F01Q10000159|200408|41259.01|0|042|138|||||6.750|0.00||||||||||||||||||||41259.01
F01Q10000159|200409|40947.24|0|043|137|||||6.750|0.00||||||||||||||||||||40947.24
F01Q10000159|200410|40633.72|0|044|136|||||6.750|0.00||||||||||||||||||||40633.72
F01Q10000159|200411|40273.24|0|045|135|||||6.750|0.00||||||||||||||||||||40273.24
F01Q10000159|200412|39910.74|0|046|134|||||6.750|0.00||||||||||||||||||||39910.74
F01Q10000159|200501|39546.20|0|047|133|||||6.750|0.00||||||||||||||||||||39546.20
F01Q10000159|200502|39179.61|0|048|132|||||6.750|0.00||||||||||||||||||||39179.61
F01Q10000159|200503|38810.96|0|049|131|||||6.750|0.00||||||||||||||||||||38810.96
F01Q10000159|200504|38440.23|0|050|130|||||6.750|0.00||||||||||||||||||||38440.23
F01Q10000159|200505|38067.42|0|051|129|||||6.750|0.00||||||||||||||||||||38067.42
F01Q10000159|200506|37692.51|0|052|128|||||6.750|0.00||||||||||||||||||||37692.51
F01Q10000159|200507|37315.49|0|053|127|||||6.750|0.00||||||||||||||||||||37315.49
F01Q10000159|200508|36836.35|0|054|126|||||6.750|0.00||||||||||||||||||||36836.35
F01Q10000159|200509|36454.51|0|055|125|||||6.750|0.00||||||||||||||||||||36454.51
F01Q10000159|200510|36070.53|0|056|124|||||6.750|0.00||||||||||||||||||||36070.53
F01Q10000159|200511|35675.43|0|057|123|||||6.750|0.00||||||||||||||||||||35675.43
F01Q10000159|200512|35278.10|0|058|122|||||6.750|0.00||||||||||||||||||||35278.10
F01Q10000159|200601|34878.54|0|059|121|||||6.750|0.00||||||||||||||||||||34878.54
F01Q10000159|200602|34476.73|0|060|120|||||6.750|0.00||||||||||||||||||||34476.73
F01Q10000159|200603|34072.66|0|061|119|||||6.750|0.00||||||||||||||||||||34072.66
F01Q10000159|200604|33666.32|0|062|118|||||6.750|0.00||||||||||||||||||||33666.32
F01Q10000159|200605|33257.69|0|063|117|||||6.750|0.00||||||||||||||||||||33257.69
F01Q10000159|200606|32846.76|0|064|116|||||6.750|0.00||||||||||||||||||||32846.76
F01Q10000159|200607|32533.52|0|065|115|||||6.750|0.00||||||||||||||||||||32533.52
F01Q10000159|200608|0.00|0|066|114|||01|200608|6.750|0.00|||||||||||||||32533.52|||||0.00
F01Q10000216|200102|95000.00|0|000|360|||||7.250|0.00||||||||||||||||||||95000.00
F01Q10000216|200103|95000.00|0|001|359|||||7.250|0.00||||||||||||||||||||95000.00
F01Q10000216|200104|95000.00|0|002|358|||||7.250|0.00||||||||||||||||||||95000.00
F01Q10000216|200105|95000.00|0|003|357|||||7.250|0.00||||||||||||||||||||95000.00
F01Q10000216|200106|95000.00|0|004|356|||||7.250|0.00||||||||||||||||||||95000.00
F01Q10000216|200107|95000.00|0|005|355|||||7.250|0.00||||||||||||||||||||95000.00
F01Q10000216|200108|94000.00|0|006|354|||||7.250|0.00||||||||||||||||||||94000.00
F01Q10000216|200109|93468.69|0|007|353|||||7.250|0.00||||||||||||||||||||93468.69
F01Q10000216|200110|92385.33|0|008|352|||||7.250|0.00||||||||||||||||||||92385.33
F01Q10000216|200111|92295.42|0|009|351|||||7.250|0.00||||||||||||||||||||92295.42
F01Q10000216|200112|0.00|0|010|350|||01|200112|7.250|0.00|||||||||||||||92295.42|||||0.00
F01Q10000230|200107|89000.00|0|003|357|||||7.375|0.00||||||||||||||||||||89000.00
F01Q10000230|200108|89000.00|0|004|356|||||7.375|0.00||||||||||||||||||||89000.00
F01Q10000230|200109|88000.00|0|005|355|||||7.375|0.00||||||||||||||||||||88000.00
F01Q10000230|200110|88000.00|0|006|354|||||7.375|0.00||||||||||||||||||||88000.00
F01Q10000230|200111|87983.36|0|007|353|||||7.375|0.00||||||||||||||||||||87983.36
F01Q10000230|200112|0.00|0|008|352|||01|200112|7.375|0.00|||||||||||||||87983.36|||||0.00
F01Q10000246|200104|241000.00|0|001|359|||||7.375|0.00||||||||||||||||||||241000.00
F01Q10000246|200105|241000.00|0|002|358|||||7.375|0.00||||||||||||||||||||241000.00
F01Q10000246|200106|241000.00|0|003|357|||||7.375|0.00||||||||||||||||||||241000.00
F01Q10000246|200107|240000.00|0|004|356|||||7.375|0.00||||||||||||||||||||240000.00
F01Q10000246|200108|240000.00|0|005|355|||||7.375|0.00||||||||||||||||||||240000.00
F01Q10000246|200109|240000.00|0|006|354|||||7.375|0.00||||||||||||||||||||240000.00
F01Q10000246|200110|239882.65|0|007|353|||||7.375|0.00||||||||||||||||||||239882.65
F01Q10000246|200111|239692.40|0|008|352|||||7.375|0.00||||||||||||||||||||239692.40
F01Q10000246|200112|0.00|0|009|351|||01|200112|7.375|0.00|||||||||||||||239692.40|||||0.00
F01Q10000266|200102|245000.00|0|000|360|||||7.375|0.00||||||||||||||||||||245000.00
F01Q10000266|200103|245000.00|0|001|359|||||7.375|0.00||||||||||||||||||||245000.00
F01Q10000266|200104|245000.00|0|002|358|||||7.375|0.00||||||||||||||||||||245000.00
F01Q10000266|200105|244000.00|0|003|357|||||7.375|0.00||||||||||||||||||||244000.00
F01Q10000266|200106|244000.00|0|004|356|||||7.375|0.00||||||||||||||||||||244000.00
F01Q10000266|200107|244000.00|0|005|355|||||7.375|0.00||||||||||||||||||||244000.00
F01Q10000266|200108|244000.00|0|006|354|||||7.375|0.00||||||||||||||||||||244000.00
F01Q10000266|200109|243670.74|0|007|353|||||7.375|0.00||||||||||||||||||||243670.74
F01Q10000266|200110|243476.15|0|008|352|||||7.375|0.00||||||||||||||||||||243476.15
F01Q10000266|200111|243280.36|0|009|351|||||7.375|0.00||||||||||||||||||||243280.36
F01Q10000266|200112|0.00|0|010|350|||01|200112|7.375|0.00|||||||||||||||243280.36|||||0.00
F01Q10000269|200104|178000.00|0|000|360|||||6.875|0.00||||||||||||||||||||178000.00
F01Q10000269|200105|178000.00|0|001|359|||||6.875|0.00||||||||||||||||||||178000.00
F01Q10000269|200106|178000.00|0|002|358|||||6.875|0.00||||||||||||||||||||178000.00
F01Q10000269|200107|178000.00|0|003|357|||||6.875|0.00||||||||||||||||||||178000.00
F01Q10000269|200108|178000.00|0|004|356|||||6.875|0.00||||||||||||||||||||178000.00
F01Q10000269|200109|177000.00|0|005|355|||||6.875|0.00||||||||||||||||||||177000.00
F01Q10000269|200110|177000.00|0|006|354|||||6.875|0.00||||||||||||||||||||177000.00
F01Q10000269|200111|177133.84|0|007|353|||||6.875|0.00||||||||||||||||||||177133.84
F01Q10000269|200112|0.00|0|008|352|||01|200112|6.875|0.00|||||||||||||||177133.84|||||0.00
F01Q10000280|200104|56000.00|0|000|354|||||7.250|0.00||||||||||||||||||||56000.00
F01Q10000280|200105|56000.00|0|001|353|||||7.250|0.00||||||||||||||||||||56000.00
F01Q10000280|200106|56000.00|0|002|352|||||7.250|0.00||||||||||||||||||||56000.00
F01Q10000280|200107|56000.00|0|003|351|||||7.250|0.00||||||||||||||||||||56000.00
F01Q10000280|200108|56000.00|0|004|350|||||7.250|0.00||||||||||||||||||||56000.00
F01Q10000280|200109|56000.00|0|005|349|||||7.250|0.00||||||||||||||||||||56000.00
F01Q10000280|200110|56000.00|0|006|348|||||7.250|0.00||||||||||||||||||||56000.00
F01Q10000280|200111|55655.09|0|007|347|||||7.250|0.00||||||||||||||||||||55655.09
F01Q10000280|200112|0.00|0|008|346|||01|200112|7.250|0.00|||||||||||||||55655.09|||||0.00
F01Q10000309|200104|99000.00|0|001|359|||||7.625|0.00||||||||||||||||||||99000.00
F01Q10000309|200105|99000.00|0|002|358|||||7.625|0.00||||||||||||||||||||99000.00
F01Q10000309|200106|99000.00|0|003|357|||||7.625|0.00||||||||||||||||||||99000.00
F01Q10000309|200107|99000.00|0|004|356|||||7.625|0.00||||||||||||||||||||99000.00
F01Q10000309|200108|99000.00|0|005|355|||||7.625|0.00||||||||||||||||||||99000.00
F01Q10000309|200109|99000.00|0|006|354|||||7.625|0.00||||||||||||||||||||99000.00
F01Q10000309|200110|98488.74|0|007|353|||||7.625|0.00||||||||||||||||||||98488.74
F01Q10000309|200111|98413.83|0|008|352|||||7.625|0.00||||||||||||||||||||98413.83
F01Q10000309|200112|0.00|0|009|351|||01|200112|7.625|0.00|||||||||||||||98413.83|||||0.00
F01Q10000321|200102|123000.00|0|000|348|||||7.375|0.00||||||||||||||||||||123000.00
F01Q10000321|200103|123000.00|0|001|347|||||7.375|0.00||||||||||||||||||||123000.00
F01Q10000321|200104|123000.00|0|002|346|||||7.375|0.00||||||||||||||||||||123000.00
F01Q10000321|200105|123000.00|0|003|345|||||7.375|0.00||||||||||||||||||||123000.00
F01Q10000321|200106|123000.00|0|004|344|||||7.375|0.00||||||||||||||||||||123000.00
F01Q10000321|200107|123000.00|0|005|343|||||7.375|0.00||||||||||||||||||||123000.00
F01Q10000321|200108|123000.00|0|006|342|||||7.375|0.00||||||||||||||||||||123000.00
F01Q10000321|200109|122473.68|0|007|341|||||7.375|0.00||||||||||||||||||||122473.68
F01Q10000321|200110|122367.35|0|008|340|||||7.375|0.00||||||||||||||||||||122367.35
F01Q10000321|200111|122260.37|0|009|339|||||7.375|0.00||||||||||||||||||||122260.37
F01Q10000321|200112|0.00|0|010|338|||01|200112|7.375|0.00|||||||||||||||122260.37|||||0.00
F01Q10000342|200104|201000.00|0|000|360|||||7.375|0.00||||||||||||||||||||201000.00
F01Q10000342|200105|201000.00|0|001|359|||||7.375|0.00||||||||||||||||||||201000.00
F01Q10000342|200106|201000.00|0|002|358|||||7.375|0.00||||||||||||||||||||201000.00
F01Q10000342|200107|201000.00|0|003|357|||||7.375|0.00||||||||||||||||||||201000.00
F01Q10000342|200108|200000.00|0|004|356|||||7.375|0.00||||||||||||||||||||200000.00
F01Q10000342|200109|200000.00|0|005|355|||||7.375|0.00||||||||||||||||||||200000.00
F01Q10000342|200110|200000.00|0|006|354|||||7.375|0.00||||||||||||||||||||200000.00
F01Q10000342|200111|200067.90|1|007|353|||||7.375|0.00||||||||||||||||||||200067.90
F01Q10000342|200112|0.00|2|008|352|||01|200112|7.375|0.00|200110||||||||||||||200067.90|||||0.00
F01Q10000386|200103|104000.00|0|000|360|||||7.125|0.00||||||||||||||||||||104000.00
F01Q10000386|200104|104000.00|0|001|359|||||7.125|0.00||||||||||||||||||||104000.00
F01Q10000386|200105|104000.00|0|002|358|||||7.125|0.00||||||||||||||||||||104000.00
F01Q10000386|200106|104000.00|0|003|357|||||7.125|0.00||||||||||||||||||||104000.00
F01Q10000386|200107|104000.00|0|004|356|||||7.125|0.00||||||||||||||||||||104000.00
F01Q10000386|200108|104000.00|0|005|355|||||7.125|0.00||||||||||||||||||||104000.00
F01Q10000386|200109|104000.00|0|006|354|||||7.125|0.00||||||||||||||||||||104000.00
F01Q10000386|200110|103810.02|0|007|353|||||7.125|0.00||||||||||||||||||||103810.02
F01Q10000386|200111|103722.99|0|008|352|||||7.125|0.00||||||||||||||||||||103722.99
F01Q10000386|200112|0.00|0|009|351|||01|200112|7.125|0.00|||||||||||||||103722.99|||||0.00
F01Q10000446|200103|230000.00|0|000|240|||||7.000|0.00||||||||||||||||||||230000.00
F01Q10000446|200104|229000.00|0|001|239|||||7.000|0.00||||||||||||||||||||229000.00
F01Q10000446|200105|229000.00|0|002|238|||||7.000|0.00||||||||||||||||||||229000.00
F01Q10000446|200106|228000.00|0|003|237|||||7.000|0.00||||||||||||||||||||228000.00
F01Q10000446|200107|228000.00|0|004|236|||||7.000|0.00||||||||||||||||||||228000.00
F01Q10000446|200108|227000.00|0|005|235|||||7.000|0.00||||||||||||||||||||227000.00
F01Q10000446|200109|227000.00|0|006|234|||||7.000|0.00||||||||||||||||||||227000.00
F01Q10000446|200110|226054.49|0|007|233|||||7.000|0.00||||||||||||||||||||226054.49
F01Q10000446|200111|225373.14|0|008|232|||||7.000|0.00||||||||||||||||||||225373.14
F01Q10000446|200112|0.00|0|009|231|||01|200112|7.000|0.00|||||||||||||||225373.14|||||0.00
F01Q10000447|200104|153000.00|0|000|360|||||7.250|0.00||||||||||||||||||||153000.00
F01Q10000447|200105|153000.00|0|001|359|||||7.250|0.00||||||||||||||||||||153000.00
F01Q10000447|200106|153000.00|0|002|358|||||7.250|0.00||||||||||||||||||||153000.00
F01Q10000447|200107|153000.00|0|003|357|||||7.250|0.00||||||||||||||||||||153000.00
F01Q10000447|200108|153000.00|0|004|356|||||7.250|0.00||||||||||||||||||||153000.00
F01Q10000447|200109|153000.00|0|005|355|||||7.250|0.00||||||||||||||||||||153000.00
F01Q10000447|200110|153000.00|0|006|354|||||7.250|0.00||||||||||||||||||||153000.00
F01Q10000447|200111|152646.44|0|007|353|||||7.250|0.00||||||||||||||||||||152646.44
F01Q10000447|200112|0.00|0|008|352|||01|200112|7.250|0.00|||||||||||||||152646.44|||||0.00
F01Q10000467|200104|143000.00|0|000|180|||||6.750|0.00||||||||||||||||||||143000.00
F01Q10000467|200105|143000.00|0|001|179|||||6.750|0.00||||||||||||||||||||143000.00
F01Q10000467|200106|142000.00|0|002|178|||||6.750|0.00||||||||||||||||||||142000.00
F01Q10000467|200107|142000.00|0|003|177|||||6.750|0.00||||||||||||||||||||142000.00
F01Q10000467|200108|141000.00|0|004|176|||||6.750|0.00||||||||||||||||||||141000.00
F01Q10000467|200109|141000.00|0|005|175|||||6.750|0.00||||||||||||||||||||141000.00
F01Q10000467|200110|140000.00|0|006|174|||||6.750|0.00||||||||||||||||||||140000.00
F01Q10000467|200111|139685.10|0|007|173|||||6.750|0.00||||||||||||||||||||139685.10
F01Q10000467|200112|0.00|0|008|172|||01|200112|6.750|0.00|||||||||||||||139685.10|||||0.00
F01Q10000500|200104|242000.00|0|000|360|||||8.375|0.00||||||||||||||||||||242000.00
F01Q10000500|200105|242000.00|0|001|359|||||8.375|0.00||||||||||||||||||||242000.00
F01Q10000500|200106|242000.00|0|002|358|||||8.375|0.00||||||||||||||||||||242000.00
F01Q10000500|200107|242000.00|0|003|357|||||8.375|0.00||||||||||||||||||||242000.00
F01Q10000500|200108|242000.00|0|004|356|||||8.375|0.00||||||||||||||||||||242000.00
F01Q10000500|200109|241000.00|0|005|355|||||8.375|0.00||||||||||||||||||||241000.00
F01Q10000500|200110|241000.00|0|006|354|||||8.375|0.00||||||||||||||||||||241000.00
F01Q10000500|200111|241026.48|0|007|353|||||8.375|0.00||||||||||||||||||||241026.48
F01Q10000500|200112|0.00|0|008|352|||01|200112|8.375|0.00|||||||||||||||241026.48|||||0.00
F01Q10000520|200104|268000.00|0|000|360|||||6.875|0.00||||||||||||||||||||268000.00
F01Q10000520|200105|268000.00|0|001|359|||||6.875|0.00||||||||||||||||||||268000.00
F01Q10000520|200106|268000.00|0|002|358|||||6.875|0.00||||||||||||||||||||268000.00
F01Q10000520|200107|267000.00|0|003|357|||||6.875|0.00||||||||||||||||||||267000.00
F01Q10000520|200108|267000.00|0|004|356|||||6.875|0.00||||||||||||||||||||267000.00
F01Q10000520|200109|267000.00|0|005|355|||||6.875|0.00||||||||||||||||||||267000.00
F01Q10000520|200110|266000.00|0|006|354|||||6.875|0.00||||||||||||||||||||266000.00
F01Q10000520|200111|266239.33|0|007|353|||||6.875|0.00||||||||||||||||||||266239.33
F01Q10000520|200112|0.00|0|008|352|||01|200112|6.875|0.00|||||||||||||||266239.33|||||0.00
F01Q10000526|200104|425000.00|0|000|360|||||7.500|0.00||||||||||||||||||||425000.00
F01Q10000526|200105|425000.00|0|001|359|||||7.500|0.00||||||||||||||||||||425000.00
F01Q10000526|200106|425000.00|0|002|358|||||7.500|0.00||||||||||||||||||||425000.00
F01Q10000526|200107|424000.00|0|003|357|||||7.500|0.00||||||||||||||||||||424000.00
F01Q10000526|200108|424000.00|0|004|356|||||7.500|0.00||||||||||||||||||||424000.00
F01Q10000526|200109|423000.00|0|005|355|||||7.500|0.00||||||||||||||||||||423000.00
F01Q10000526|200110|423000.00|0|006|354|||||7.500|0.00||||||||||||||||||||423000.00
F01Q10000526|200111|422230.05|0|007|353|||||7.500|0.00||||||||||||||||||||422230.05
F01Q10000526|200112|0.00|0|008|352|||01|200112|7.500|0.00|||||||||||||||422230.05|||||0.00
F01Q10000533|200112|87608.21|0|008|352|||||7.625|0.00||||||||||||||||||||87608.21
F01Q10000533|200201|87608.21|0|009|351|||||7.625|0.00||||||||||||||||||||87608.21
F01Q10000533|200202|87473.58|0|010|350|||||7.625|0.00||||||||||||||||||||87473.58
F01Q10000533|200203|87405.62|0|011|349|||||7.625|0.00||||||||||||||||||||87405.62
F01Q10000533|200204|87337.23|0|012|348|||||7.625|0.00||||||||||||||||||||87337.23
F01Q10000533|200205|87268.41|0|013|347|||||7.625|0.00||||||||||||||||||||87268.41
F01Q10000533|200206|87199.15|0|014|346|||||7.625|0.00||||||||||||||||||||87199.15
F01Q10000533|200207|87129.45|0|015|345|||||7.625|0.00||||||||||||||||||||87129.45
F01Q10000533|200208|87059.31|0|016|344|||||7.625|0.00||||||||||||||||||||87059.31
F01Q10000533|200209|0.00|0|017|343|||01|200209|7.625|0.00|||||||||||||||87059.31|||||0.00
F01Q10000553|200103|38000.00|0|000|240|||||7.000|0.00||||||||||||||||||||38000.00
F01Q10000553|200104|37000.00|0|001|239|||||7.000|0.00||||||||||||||||||||37000.00
F01Q10000553|200105|37000.00|0|002|238|||||7.000|0.00||||||||||||||||||||37000.00
F01Q10000553|200106|37000.00|0|003|237|||||7.000|0.00||||||||||||||||||||37000.00
F01Q10000553|200107|37000.00|0|004|236|||||7.000|0.00||||||||||||||||||||37000.00
F01Q10000553|200108|37000.00|0|005|235|||||7.000|0.00||||||||||||||||||||37000.00
F01Q10000553|200109|37000.00|0|006|234|||||7.000|0.00||||||||||||||||||||37000.00
F01Q10000553|200110|36987.15|0|007|233|||||7.000|0.00||||||||||||||||||||36987.15
F01Q10000553|200111|36912.17|0|008|232|||||7.000|0.00||||||||||||||||||||36912.17
F01Q10000553|200112|0.00|0|009|231|||01|200112|7.000|0.00|||||||||||||||36912.17|||||0.00
F01Q10000593|200102|150000.00|0|000|240|||||7.000|0.00||||||||||||||||||||150000.00
F01Q10000593|200103|150000.00|0|001|239|||||7.000|0.00||||||||||||||||||||150000.00
F01Q10000593|200104|149000.00|0|002|238|||||7.000|0.00||||||||||||||||||||149000.00
F01Q10000593|200105|149000.00|0|003|237|||||7.000|0.00||||||||||||||||||||149000.00
F01Q10000593|200106|149000.00|0|004|236|||||7.000|0.00||||||||||||||||||||149000.00
F01Q10000593|200107|149000.00|0|005|235|||||7.000|0.00||||||||||||||||||||149000.00
F01Q10000593|200108|148000.00|0|006|234|||||7.000|0.00||||||||||||||||||||148000.00
F01Q10000593|200109|147948.72|0|007|233|||||7.000|0.00||||||||||||||||||||147948.72
F01Q10000593|200110|147648.80|0|008|232|||||7.000|0.00||||||||||||||||||||147648.80
F01Q10000593|200111|147347.13|0|009|231|||||7.000|0.00||||||||||||||||||||147347.13
F01Q10000593|200112|0.00|0|010|230|||01|200112|7.000|0.00|||||||||||||||147347.13|||||0.00
F01Q10000600|200103|162000.00|0|000|180|||||7.000|0.00||||||||||||||||||||162000.00
F01Q10000600|200104|160000.00|0|001|179|||||7.000|0.00||||||||||||||||||||160000.00
F01Q10000600|200105|160000.00|0|002|178|||||7.000|0.00||||||||||||||||||||160000.00
F01Q10000600|200106|159000.00|0|003|177|||||7.000|0.00||||||||||||||||||||159000.00
F01Q10000600|200107|157000.00|0|004|176|||||7.000|0.00||||||||||||||||||||157000.00
F01Q10000600|200108|156000.00|0|005|175|||||7.000|0.00||||||||||||||||||||156000.00
F01Q10000600|200109|154000.00|0|006|174|||||7.000|0.00||||||||||||||||||||154000.00
F01Q10000600|200110|152771.83|0|007|173|||||7.000|0.00||||||||||||||||||||152771.83
F01Q10000600|200111|151206.89|0|008|172|||||7.000|0.00||||||||||||||||||||151206.89
F01Q10000600|200112|0.00|0|009|171|||01|200112|7.000|0.00|||||||||||||||151206.89|||||0.00
F01Q10000710|200104|82000.00|0|000|360|||||6.875|0.00||||||||||||||||||||82000.00
F01Q10000710|200105|82000.00|0|001|359|||||6.875|0.00||||||||||||||||||||82000.00
F01Q10000710|200106|82000.00|0|002|358|||||6.875|0.00||||||||||||||||||||82000.00
F01Q10000710|200107|82000.00|0|003|357|||||6.875|0.00||||||||||||||||||||82000.00
F01Q10000710|200108|82000.00|0|004|356|||||6.875|0.00||||||||||||||||||||82000.00
F01Q10000710|200109|82000.00|0|005|355|||||6.875|0.00||||||||||||||||||||82000.00
F01Q10000710|200110|82000.00|0|006|354|||||6.875|0.00||||||||||||||||||||82000.00
F01Q10000710|200111|81458.93|0|007|353|||||6.875|0.00||||||||||||||||||||81458.93
F01Q10000710|200112|0.00|0|008|352|||01|200112|6.875|0.00|||||||||||||||81458.93|||||0.00
F01Q10000780|200112|223000.00|0|002|178|||||6.375|0.00||||||||||||||||||||223000.00
F01Q10000780|200201|223000.00|0|003|177|||||6.375|0.00||||||||||||||||||||223000.00
F01Q10000780|200202|222000.00|0|004|176|||||6.375|0.00||||||||||||||||||||222000.00
F01Q10000780|200203|221000.00|0|005|175|||||6.375|0.00||||||||||||||||||||221000.00
F01Q10000780|200204|220000.00|0|006|174|||||6.375|0.00||||||||||||||||||||220000.00
F01Q10000780|200205|219668.26|0|007|173|||||6.375|0.00||||||||||||||||||||219668.26
F01Q10000780|200206|218890.25|0|008|172|||||6.375|0.00||||||||||||||||||||218890.25
F01Q10000780|200207|218108.10|0|009|171|||||6.375|0.00||||||||||||||||||||218108.10
F01Q10000780|200208|217321.80|0|010|170|||||6.375|0.00||||||||||||||||||||217321.80
F01Q10000780|200209|216531.32|0|011|169|||||6.375|0.00||||||||||||||||||||216531.32
F01Q10000780|200210|215736.64|0|012|168|||||6.375|0.00||||||||||||||||||||215736.64
F01Q10000780|200211|214937.74|0|013|167|||||6.375|0.00||||||||||||||||||||214937.74
F01Q10000780|200212|214129.60|0|014|166|||||6.375|0.00||||||||||||||||||||214129.60
F01Q10000780|200301|213317.16|0|015|165|||||6.375|0.00||||||||||||||||||||213317.16
F01Q10000780|200302|212500.41|0|016|164|||||6.375|0.00||||||||||||||||||||212500.41
F01Q10000780|200303|211679.32|0|017|163|||||6.375|0.00||||||||||||||||||||211679.32
F01Q10000780|200304|210853.87|0|018|162|||||6.375|0.00||||||||||||||||||||210853.87
F01Q10000780|200305|210024.03|0|019|161|||||6.375|0.00||||||||||||||||||||210024.03
F01Q10000780|200306|209189.78|0|020|160|||||6.375|0.00||||||||||||||||||||209189.78
F01Q10000780|200307|208301.10|0|021|159|||||6.375|0.00||||||||||||||||||||208301.10
F01Q10000780|200308|207407.70|0|022|158|||||6.375|0.00||||||||||||||||||||207407.70
F01Q10000780|200309|206509.55|0|023|157|||||6.375|0.00||||||||||||||||||||206509.55
F01Q10000780|200310|205606.63|0|024|156|||||6.375|0.00||||||||||||||||||||205606.63
F01Q10000780|200311|204698.92|0|025|155|||||6.375|0.00||||||||||||||||||||204698.92
F01Q10000780|200312|203786.38|0|026|154|||||6.375|0.00||||||||||||||||||||203786.38
F01Q10000780|200401|202869.00|0|027|153|||||6.375|0.00||||||||||||||||||||202869.00
F01Q10000780|200402|201946.74|0|028|152|||||6.375|0.00||||||||||||||||||||201946.74
F01Q10000780|200403|201075.02|0|029|151|||||6.375|0.00||||||||||||||||||||201075.02
F01Q10000780|200404|200093.63|0|030|150|||||6.375|0.00||||||||||||||||||||200093.63
F01Q10000780|200405|199012.05|0|031|149|||||6.375|0.00||||||||||||||||||||199012.05
F01Q10000780|200406|197924.72|0|032|148|||||6.375|0.00||||||||||||||||||||197924.72
F01Q10000780|200407|196831.62|0|033|147|||||6.375|0.00||||||||||||||||||||196831.62
F01Q10000780|200408|195732.71|0|034|146|||||6.375|0.00||||||||||||||||||||195732.71
F01Q10000780|200409|194627.96|0|035|145|||||6.375|0.00||||||||||||||||||||194627.96
F01Q10000780|200410|193517.34|0|036|144|||||6.375|0.00||||||||||||||||||||193517.34
F01Q10000780|200411|192400.82|0|037|143|||||6.375|0.00||||||||||||||||||||192400.82
F01Q10000780|200412|191278.37|0|038|142|||||6.375|0.00||||||||||||||||||||191278.37
F01Q10000780|200501|190149.96|0|039|141|||||6.375|0.00||||||||||||||||||||190149.96
F01Q10000780|200502|189015.55|0|040|140|||||6.375|0.00||||||||||||||||||||189015.55
F01Q10000780|200503|187875.12|0|041|139|||||6.375|0.00||||||||||||||||||||187875.12
F01Q10000780|200504|186728.63|0|042|138|||||6.375|0.00||||||||||||||||||||186728.63
F01Q10000780|200505|185576.05|0|043|137|||||6.375|0.00||||||||||||||||||||185576.05
F01Q10000780|200506|184417.34|0|044|136|||||6.375|0.00||||||||||||||||||||184417.34
F01Q10000780|200507|183252.48|0|045|135|||||6.375|0.00||||||||||||||||||||183252.48
F01Q10000780|200508|182081.43|0|046|134|||||6.375|0.00||||||||||||||||||||182081.43
F01Q10000780|200509|180904.16|0|047|133|||||6.375|0.00||||||||||||||||||||180904.16
F01Q10000780|200510|179720.63|0|048|132|||||6.375|0.00||||||||||||||||||||179720.63
F01Q10000780|200511|178530.82|0|049|131|||||6.375|0.00||||||||||||||||||||178530.82
F01Q10000780|200512|177334.68|0|050|130|||||6.375|0.00||||||||||||||||||||177334.68
F01Q10000780|200601|176132.19|0|051|129|||||6.375|0.00||||||||||||||||||||176132.19
F01Q10000780|200602|174923.31|0|052|128|||||6.375|0.00||||||||||||||||||||174923.31
F01Q10000780|200603|173708.01|0|053|127|||||6.375|0.00||||||||||||||||||||173708.01
F01Q10000780|200604|172486.25|0|054|126|||||6.375|0.00||||||||||||||||||||172486.25
F01Q10000780|200605|171258.00|0|055|125|||||6.375|0.00||||||||||||||||||||171258.00
F01Q10000780|200606|170023.23|0|056|124|||||6.375|0.00||||||||||||||||||||170023.23
F01Q10000780|200607|168781.90|0|057|123|||||6.375|0.00||||||||||||||||||||168781.90
F01Q10000780|200608|167533.97|0|058|122|||||6.375|0.00||||||||||||||||||||167533.97
F01Q10000780|200609|166279.41|0|059|121|||||6.375|0.00||||||||||||||||||||166279.41
F01Q10000780|200610|165018.19|0|060|120|||||6.375|0.00||||||||||||||||||||165018.19
F01Q10000780|200611|163750.27|0|061|119|||||6.375|0.00||||||||||||||||||||163750.27
F01Q10000780|200612|162475.61|0|062|118|||||6.375|0.00||||||||||||||||||||162475.61
F01Q10000780|200701|161194.18|0|063|117|||||6.375|0.00||||||||||||||||||||161194.18
F01Q10000780|200702|159905.94|0|064|116|||||6.375|0.00||||||||||||||||||||159905.94
F01Q10000780|200703|158610.86|0|065|115|||||6.375|0.00||||||||||||||||||||158610.86
F01Q10000780|200704|157308.90|0|066|114|||||6.375|0.00||||||||||||||||||||157308.90
F01Q10000780|200705|156000.02|0|067|113|||||6.375|0.00||||||||||||||||||||156000.02
F01Q10000780|200706|0.00|0|068|112|||01|200706|6.375|0.00|||||||||||||||156000.02|||||0.00
F01Q10000861|200112|122533.41|0|010|170|||||6.000|0.00||||||||||||||||||||122533.41
F01Q10000861|200201|121569.72|0|011|169|||||6.000|0.00||||||||||||||||||||121569.72
F01Q10000861|200202|120639.70|0|012|168|||||6.000|0.00||||||||||||||||||||120639.70
F01Q10000861|200203|120639.70|0|013|167|||||6.000|0.00||||||||||||||||||||120639.70
F01Q10000861|200204|120171.20|0|014|166|||||6.000|0.00||||||||||||||||||||120171.20
F01Q10000861|200205|119700.36|0|015|165|||||6.000|0.00||||||||||||||||||||119700.36
F01Q10000861|200206|120171.20|0|016|164|||||6.000|0.00||||||||||||||||||||120171.20
F01Q10000861|200207|119227.16|0|017|163|||||6.000|0.00||||||||||||||||||||119227.16
F01Q10000861|200208|118751.60|0|018|162|||||6.000|0.00||||||||||||||||||||118751.60
F01Q10000861|200209|118273.66|0|019|161|||||6.000|0.00||||||||||||||||||||118273.66
F01Q10000861|200210|117793.33|0|020|160|||||6.000|0.00||||||||||||||||||||117793.33
F01Q10000861|200211|117310.60|0|021|159|||||6.000|0.00||||||||||||||||||||117310.60
F01Q10000861|200212|116825.45|0|022|158|||||6.000|0.00||||||||||||||||||||116825.45
F01Q10000861|200301|116337.88|0|023|157|||||6.000|0.00||||||||||||||||||||116337.88
F01Q10000861|200302|115847.87|0|024|156|||||6.000|0.00||||||||||||||||||||115847.87
F01Q10000861|200303|115355.41|0|025|155|||||6.000|0.00||||||||||||||||||||115355.41
F01Q10000861|200304|0.00|0|026|154|||01|200304|6.000|0.00|||||||||||||||115355.41|||||0.00
F01Q10000866|200112|0.00|0|009|171|||01|200112|6.500|0.00|||||||||||||||266667.38|||||0.00
F01Q10000975|200104|112000.00|0|001|359|||||7.875|0.00||||||||||||||||||||112000.00
F01Q10000975|200105|112000.00|0|002|358|||||7.875|0.00||||||||||||||||||||112000.00
F01Q10000975|200106|112000.00|0|003|357|||||7.875|0.00||||||||||||||||||||112000.00
F01Q10000975|200107|112000.00|0|004|356|||||7.875|0.00||||||||||||||||||||112000.00
F01Q10000975|200108|112000.00|0|005|355|||||7.875|0.00||||||||||||||||||||112000.00
F01Q10000975|200109|112000.00|0|006|354|||||7.875|0.00||||||||||||||||||||112000.00
F01Q10000975|200110|112118.91|0|007|353|||||7.875|0.00||||||||||||||||||||112118.91
F01Q10000975|200111|111954.69|0|008|352|||||7.875|0.00||||||||||||||||||||111954.69
F01Q10000975|200112|0.00|0|009|351|||01|200112|7.875|0.00|||||||||||||||111954.69|||||0.00
F01Q10001054|200102|79000.00|0|000|360|||||7.125|0.00||||||||||||||||||||79000.00
F01Q10001054|200103|78000.00|0|001|359|||||7.125|0.00||||||||||||||||||||78000.00
F01Q10001054|200104|78000.00|0|002|358|||||7.125|0.00||||||||||||||||||||78000.00
F01Q10001054|200105|78000.00|0|003|357|||||7.125|0.00||||||||||||||||||||78000.00
F01Q10001054|200106|78000.00|0|004|356|||||7.125|0.00||||||||||||||||||||78000.00
F01Q10001054|200107|78000.00|0|005|355|||||7.125|0.00||||||||||||||||||||78000.00
F01Q10001054|200108|78000.00|0|006|354|||||7.125|0.00||||||||||||||||||||78000.00
F01Q10001054|200109|78087.50|0|007|353|||||7.125|0.00||||||||||||||||||||78087.50
F01Q10001054|200110|78022.04|0|008|352|||||7.125|0.00||||||||||||||||||||78022.04
F01Q10001054|200111|77956.20|0|009|351|||||7.125|0.00||||||||||||||||||||77956.20
F01Q10001054|200112|77889.96|0|010|350|||||7.125|0.00||||||||||||||||||||77889.96
F01Q10001054|200201|77823.33|0|011|349|||||7.125|0.00||||||||||||||||||||77823.33
F01Q10001054|200202|77756.31|0|012|348|||||7.125|0.00||||||||||||||||||||77756.31
F01Q10001054|200203|77688.89|0|013|347|||||7.125|0.00||||||||||||||||||||77688.89
F01Q10001054|200204|77621.07|0|014|346|||||7.125|0.00||||||||||||||||||||77621.07
F01Q10001054|200205|77552.85|0|015|345|||||7.125|0.00||||||||||||||||||||77552.85
F01Q10001054|200206|77484.22|0|016|344|||||7.125|0.00||||||||||||||||||||77484.22
F01Q10001054|200207|77415.18|0|017|343|||||7.125|0.00||||||||||||||||||||77415.18
F01Q10001054|200208|77345.73|0|018|342|||||7.125|0.00||||||||||||||||||||77345.73
F01Q10001054|200209|77275.87|0|019|341|||||7.125|0.00||||||||||||||||||||77275.87
F01Q10001054|200210|77205.60|0|020|340|||||7.125|0.00||||||||||||||||||||77205.60
F01Q10001054|200211|77134.91|0|021|339|||||7.125|0.00||||||||||||||||||||77134.91
F01Q10001054|200212|77063.80|0|022|338|||||7.125|0.00||||||||||||||||||||77063.80
F01Q10001054|200301|76992.27|0|023|337|||||7.125|0.00||||||||||||||||||||76992.27
F01Q10001054|200302|76920.31|0|024|336|||||7.125|0.00||||||||||||||||||||76920.31
F01Q10001054|200303|76847.92|0|025|335|||||7.125|0.00||||||||||||||||||||76847.92
F01Q10001054|200304|76775.10|0|026|334|||||7.125|0.00||||||||||||||||||||76775.10
F01Q10001054|200305|76701.85|0|027|333|||||7.125|0.00||||||||||||||||||||76701.85
F01Q10001054|200306|76628.17|0|028|332|||||7.125|0.00||||||||||||||||||||76628.17
F01Q10001054|200307|76554.05|0|029|331|||||7.125|0.00||||||||||||||||||||76554.05
F01Q10001054|200308|76479.49|0|030|330|||||7.125|0.00||||||||||||||||||||76479.49
F01Q10001054|200309|76404.49|0|031|329|||||7.125|0.00||||||||||||||||||||76404.49
F01Q10001054|200310|76329.04|0|032|328|||||7.125|0.00||||||||||||||||||||76329.04
F01Q10001054|200311|76253.14|0|033|327|||||7.125|0.00||||||||||||||||||||76253.14
F01Q10001054|200312|76176.79|0|034|326|||||7.125|0.00||||||||||||||||||||76176.79
F01Q10001054|200401|76099.99|0|035|325|||||7.125|0.00||||||||||||||||||||76099.99
F01Q10001054|200402|76022.73|0|036|324|||||7.125|0.00||||||||||||||||||||76022.73
F01Q10001054|200403|75945.01|0|037|323|||||7.125|0.00||||||||||||||||||||75945.01
F01Q10001054|200404|75866.83|0|038|322|||||7.125|0.00||||||||||||||||||||75866.83
F01Q10001054|200405|0.00|0|039|321|||01|200405|7.125|0.00|||||||||||||||75866.83|||||0.00
F01Q10001061|200102|77000.00|0|000|360|||||7.125|0.00||||||||||||||||||||77000.00
F01Q10001061|200103|76000.00|0|001|359|||||7.125|0.00||||||||||||||||||||76000.00
F01Q10001061|200104|75000.00|0|002|358|||||7.125|0.00||||||||||||||||||||75000.00
F01Q10001061|200105|75000.00|0|003|357|||||7.125|0.00||||||||||||||||||||75000.00
F01Q10001061|200106|75000.00|0|004|356|||||7.125|0.00||||||||||||||||||||75000.00
F01Q10001061|200107|75000.00|0|005|355|||||7.125|0.00||||||||||||||||||||75000.00
F01Q10001061|200108|75000.00|0|006|354|||||7.125|0.00||||||||||||||||||||75000.00
F01Q10001061|200109|74787.44|0|007|353|||||7.125|0.00||||||||||||||||||||74787.44
F01Q10001061|200110|74631.49|0|008|352|||||7.125|0.00||||||||||||||||||||74631.49
F01Q10001061|200111|74474.61|0|009|351|||||7.125|0.00||||||||||||||||||||74474.61
F01Q10001061|200112|74316.80|0|010|350|||||7.125|0.00||||||||||||||||||||74316.80
F01Q10001061|200201|74139.30|0|011|349|||||7.125|0.00||||||||||||||||||||74139.30
F01Q10001061|200202|73960.74|0|012|348|||||7.125|0.00||||||||||||||||||||73960.74
F01Q10001061|200203|73781.12|0|013|347|||||7.125|0.00||||||||||||||||||||73781.12
F01Q10001061|200204|73600.44|0|014|346|||||7.125|0.00||||||||||||||||||||73600.44
F01Q10001061|200205|73418.68|0|015|345|||||7.125|0.00||||||||||||||||||||73418.68
F01Q10001061|200206|73235.84|0|016|344|||||7.125|0.00||||||||||||||||||||73235.84
F01Q10001061|200207|73051.92|0|017|343|||||7.125|0.00||||||||||||||||||||73051.92
F01Q10001061|200208|72866.91|0|018|342|||||7.125|0.00||||||||||||||||||||72866.91
F01Q10001061|200209|72679.56|0|019|341|||||7.125|0.00||||||||||||||||||||72679.56
F01Q10001061|200210|72491.09|0|020|340|||||7.125|0.00||||||||||||||||||||72491.09
F01Q10001061|200211|72295.15|0|021|339|||||7.125|0.00||||||||||||||||||||72295.15
F01Q10001061|200212|72098.04|0|022|338|||||7.125|0.00||||||||||||||||||||72098.04
F01Q10001061|200301|71907.36|0|023|337|||||7.125|0.00||||||||||||||||||||71907.36
F01Q10001061|200302|0.00|0|024|336|||01|200302|7.125|0.00|||||||||||||||71907.36|||||0.00
F01Q10001159|200102|120000.00|0|000|360|||||7.000|0.00||||||||||||||||||||120000.00
F01Q10001159|200103|120000.00|0|001|359|||||7.000|0.00||||||||||||||||||||120000.00
F01Q10001159|200104|120000.00|0|002|358|||||7.000|0.00||||||||||||||||||||120000.00
F01Q10001159|200105|120000.00|0|003|357|||||7.000|0.00||||||||||||||||||||120000.00
F01Q10001159|200106|120000.00|0|004|356|||||7.000|0.00||||||||||||||||||||120000.00
F01Q10001159|200107|120000.00|0|005|355|||||7.000|0.00||||||||||||||||||||120000.00
F01Q10001159|200108|119000.00|0|006|354|||||7.000|0.00||||||||||||||||||||119000.00
F01Q10001159|200109|119299.25|0|007|353|||||7.000|0.00||||||||||||||||||||119299.25
F01Q10001159|200110|119196.79|0|008|352|||||7.000|0.00||||||||||||||||||||119196.79
F01Q10001159|200111|119093.73|0|009|351|||||7.000|0.00||||||||||||||||||||119093.73
F01Q10001159|200112|118990.07|0|010|350|||||7.000|0.00||||||||||||||||||||118990.07
F01Q10001159|200201|118885.81|0|011|349|||||7.000|0.00||||||||||||||||||||118885.81
F01Q10001159|200202|118780.94|0|012|348|||||7.000|0.00||||||||||||||||||||118780.94
F01Q10001159|200203|118675.46|0|013|347|||||7.000|0.00||||||||||||||||||||118675.46
F01Q10001159|200204|118569.36|0|014|346|||||7.000|0.00||||||||||||||||||||118569.36
F01Q10001159|200205|118462.64|0|015|345|||||7.000|0.00||||||||||||||||||||118462.64
F01Q10001159|200206|118355.30|0|016|344|||||7.000|0.00||||||||||||||||||||118355.30
F01Q10001159|200207|118247.34|0|017|343|||||7.000|0.00||||||||||||||||||||118247.34
F01Q10001159|200208|0.00|0|018|342|||01|200208|7.000|0.00|||||||||||||||118247.34|||||0.00
F01Q10001218|200103|24000.00|0|001|179|||||7.000|0.00||||||||||||||||||||24000.00
F01Q10001218|200104|24000.00|0|002|178|||||7.000|0.00||||||||||||||||||||24000.00
F01Q10001218|200105|24000.00|0|003|177|||||7.000|0.00||||||||||||||||||||24000.00
F01Q10001218|200106|24000.00|0|004|176|||||7.000|0.00||||||||||||||||||||24000.00
F01Q10001218|200107|24000.00|0|005|175|||||7.000|0.00||||||||||||||||||||24000.00
F01Q10001218|200108|24000.00|0|006|174|||||7.000|0.00||||||||||||||||||||24000.00
F01Q10001218|200109|23460.60|0|007|173|||||7.000|0.00||||||||||||||||||||23460.60
F01Q10001218|200110|23381.73|0|008|172|||||7.000|0.00||||||||||||||||||||23381.73
F01Q10001218|200111|23302.40|0|009|171|||||7.000|0.00||||||||||||||||||||23302.40
F01Q10001218|200112|23302.40|0|010|170|||||7.000|0.00||||||||||||||||||||23302.40
F01Q10001218|200201|23131.50|0|011|169|||||7.000|0.00||||||||||||||||||||23131.50
F01Q10001218|200202|23050.71|0|012|168|||||7.000|0.00||||||||||||||||||||23050.71
F01Q10001218|200203|22969.45|0|013|167|||||7.000|0.00||||||||||||||||||||22969.45
F01Q10001218|200204|22887.72|0|014|166|||||7.000|0.00||||||||||||||||||||22887.72
F01Q10001218|200205|22805.51|0|015|165|||||7.000|0.00||||||||||||||||||||22805.51
F01Q10001218|200206|22722.82|0|016|164|||||7.000|0.00||||||||||||||||||||22722.82
F01Q10001218|200207|22722.82|0|017|163|||||7.000|0.00||||||||||||||||||||22722.82
F01Q10001218|200208|22555.99|0|018|162|||||7.000|0.00||||||||||||||||||||22555.99
F01Q10001218|200209|22471.85|0|019|161|||||7.000|0.00||||||||||||||||||||22471.85
F01Q10001218|200210|22387.22|0|020|160|||||7.000|0.00||||||||||||||||||||22387.22
F01Q10001218|200211|22302.09|0|021|159|||||7.000|0.00||||||||||||||||||||22302.09
F01Q10001218|200212|22216.47|0|022|158|||||7.000|0.00||||||||||||||||||||22216.47
F01Q10001218|200301|22130.35|0|023|157|||||7.000|0.00||||||||||||||||||||22130.35
F01Q10001218|200302|22043.72|0|024|156|||||7.000|0.00||||||||||||||||||||22043.72
F01Q10001218|200303|21956.59|0|025|155|||||7.000|0.00||||||||||||||||||||21956.59
F01Q10001218|200304|21868.95|0|026|154|||||7.000|0.00||||||||||||||||||||21868.95
F01Q10001218|200305|21780.80|0|027|153|||||7.000|0.00||||||||||||||||||||21780.80
F01Q10001218|200306|21692.13|0|028|152|||||7.000|0.00||||||||||||||||||||21692.13
F01Q10001218|200307|21602.95|0|029|151|||||7.000|0.00||||||||||||||||||||21602.95
F01Q10001218|200308|21513.25|0|030|150|||||7.000|0.00||||||||||||||||||||21513.25
F01Q10001218|200309|21423.02|0|031|149|||||7.000|0.00||||||||||||||||||||21423.02
F01Q10001218|200310|21332.27|0|032|148|||||7.000|0.00||||||||||||||||||||21332.27
F01Q10001218|200311|21240.99|0|033|147|||||7.000|0.00||||||||||||||||||||21240.99
F01Q10001218|200312|21149.18|0|034|146|||||7.000|0.00||||||||||||||||||||21149.18
F01Q10001218|200401|21056.83|0|035|145|||||7.000|0.00||||||||||||||||||||21056.83
F01Q10001218|200402|20963.94|0|036|144|||||7.000|0.00||||||||||||||||||||20963.94
F01Q10001218|200403|20963.94|0|037|143|||||7.000|0.00||||||||||||||||||||20963.94
F01Q10001218|200404|20776.53|0|038|142|||||7.000|0.00||||||||||||||||||||20776.53
F01Q10001218|200405|20682.01|0|039|141|||||7.000|0.00||||||||||||||||||||20682.01
F01Q10001218|200406|20586.94|0|040|140|||||7.000|0.00||||||||||||||||||||20586.94
F01Q10001218|200407|20491.31|0|041|139|||||7.000|0.00||||||||||||||||||||20491.31
F01Q10001218|200408|20395.12|0|042|138|||||7.000|0.00||||||||||||||||||||20395.12
F01Q10001218|200409|20298.37|0|043|137|||||7.000|0.00||||||||||||||||||||20298.37
F01Q10001218|200410|20201.06|0|044|136|||||7.000|0.00||||||||||||||||||||20201.06
F01Q10001218|200411|20103.18|0|045|135|||||7.000|0.00||||||||||||||||||||20103.18
F01Q10001218|200412|20004.73|0|046|134|||||7.000|0.00||||||||||||||||||||20004.73
F01Q10001218|200501|19905.70|0|047|133|||||7.000|0.00||||||||||||||||||||19905.70
F01Q10001218|200502|19806.10|0|048|132|||||7.000|0.00||||||||||||||||||||19806.10
F01Q10001218|200503|19705.92|0|049|131|||||7.000|0.00||||||||||||||||||||19705.92
F01Q10001218|200504|19605.15|0|050|130|||||7.000|0.00||||||||||||||||||||19605.15
F01Q10001218|200505|19401.84|0|051|129|||||7.000|0.00||||||||||||||||||||19401.84
F01Q10001218|200506|19401.84|0|052|128|||||7.000|0.00||||||||||||||||||||19401.84
F01Q10001218|200507|19299.30|0|053|127|||||7.000|0.00||||||||||||||||||||19299.30
F01Q10001218|200508|19196.16|0|054|126|||||7.000|0.00||||||||||||||||||||19196.16
F01Q10001218|200509|19092.42|0|055|125|||||7.000|0.00||||||||||||||||||||19092.42
F01Q10001218|200510|18988.07|0|056|124|||||7.000|0.00||||||||||||||||||||18988.07
F01Q10001218|200511|18883.11|0|057|123|||||7.000|0.00||||||||||||||||||||18883.11
F01Q10001218|200512|18777.54|0|058|122|||||7.000|0.00||||||||||||||||||||18777.54
F01Q10001218|200601|18671.36|0|059|121|||||7.000|0.00||||||||||||||||||||18671.36
F01Q10001218|200602|18564.56|0|060|120|||||7.000|0.00||||||||||||||||||||18564.56
F01Q10001218|200603|18457.13|0|061|119|||||7.000|0.00||||||||||||||||||||18457.13
F01Q10001218|200604|18349.08|0|062|118|||||7.000|0.00||||||||||||||||||||18349.08
F01Q10001218|200605|18240.40|0|063|117|||||7.000|0.00||||||||||||||||||||18240.40
F01Q10001218|200606|18131.08|0|064|116|||||7.000|0.00||||||||||||||||||||18131.08
F01Q10001218|200607|18021.12|0|065|115|||||7.000|0.00||||||||||||||||||||18021.12
F01Q10001218|200608|17910.52|0|066|114|||||7.000|0.00||||||||||||||||||||17910.52
F01Q10001218|200609|17799.28|0|067|113|||||7.000|0.00||||||||||||||||||||17799.28
F01Q10001218|200610|17687.39|0|068|112|||||7.000|0.00||||||||||||||||||||17687.39
F01Q10001218|200611|17574.85|0|069|111|||||7.000|0.00||||||||||||||||||||17574.85
F01Q10001218|200612|17461.65|0|070|110|||||7.000|0.00||||||||||||||||||||17461.65
F01Q10001218|200701|17347.79|0|071|109|||||7.000|0.00||||||||||||||||||||17347.79
F01Q10001218|200702|17233.27|0|072|108|||||7.000|0.00||||||||||||||||||||17233.27
F01Q10001218|200703|17118.08|0|073|107|||||7.000|0.00||||||||||||||||||||17118.08
F01Q10001218|200704|17002.22|0|074|106|||||7.000|0.00||||||||||||||||||||17002.22
F01Q10001218|200705|16885.68|0|075|105|||||7.000|0.00||||||||||||||||||||16885.68
F01Q10001218|200706|0.00|0|076|104|||01|200706|7.000|0.00|||||||||||||||16885.68|||||0.00
F01Q10001221|200103|191000.00|0|001|179|||||7.375|0.00||||||||||||||||||||191000.00
F01Q10001221|200104|191000.00|0|002|178|||||7.375|0.00||||||||||||||||||||191000.00
F01Q10001221|200105|190000.00|0|003|177|||||7.375|0.00||||||||||||||||||||190000.00
F01Q10001221|200106|190000.00|0|004|176|||||7.375|0.00||||||||||||||||||||190000.00
F01Q10001221|200107|189000.00|0|005|175|||||7.375|0.00||||||||||||||||||||189000.00
F01Q10001221|200108|187000.00|0|006|174|||||7.375|0.00||||||||||||||||||||187000.00
F01Q10001221|200109|186784.98|0|007|173|||||7.375|0.00||||||||||||||||||||186784.98
F01Q10001221|200110|186165.11|0|008|172|||||7.375|0.00||||||||||||||||||||186165.11
F01Q10001221|200111|185541.91|0|009|171|||||7.375|0.00||||||||||||||||||||185541.91
F01Q10001221|200112|184914.78|0|010|170|||||7.375|0.00||||||||||||||||||||184914.78
F01Q10001221|200201|183263.59|0|011|169|||||7.375|0.00||||||||||||||||||||183263.59
F01Q10001221|200202|182621.73|0|012|168|||||7.375|0.00||||||||||||||||||||182621.73
F01Q10001221|200203|181971.74|0|013|167|||||7.375|0.00||||||||||||||||||||181971.74
F01Q10001221|200204|181322.90|0|014|166|||||7.375|0.00||||||||||||||||||||181322.90
F01Q10001221|200205|180669.96|0|015|165|||||7.375|0.00||||||||||||||||||||180669.96
F01Q10001221|200206|180011.24|0|016|164|||||7.375|0.00||||||||||||||||||||180011.24
F01Q10001221|200207|0.00|0|017|163|||01|200207|7.375|0.00|||||||||||||||180011.24|||||0.00
F01Q10001252|200104|94000.00|0|000|240|||||7.000|0.00||||||||||||||||||||94000.00
F01Q10001252|200105|94000.00|0|001|239|||||7.000|0.00||||||||||||||||||||94000.00
F01Q10001252|200106|93000.00|0|002|238|||||7.000|0.00||||||||||||||||||||93000.00
F01Q10001252|200107|93000.00|0|003|237|||||7.000|0.00||||||||||||||||||||93000.00
F01Q10001252|200108|92000.00|0|004|236|||||7.000|0.00||||||||||||||||||||92000.00
F01Q10001252|200109|92000.00|0|005|235|||||7.000|0.00||||||||||||||||||||92000.00
F01Q10001252|200110|91000.00|0|006|234|||||7.000|0.00||||||||||||||||||||91000.00
F01Q10001252|200111|91042.95|0|007|233|||||7.000|0.00||||||||||||||||||||91042.95
F01Q10001252|200112|90647.18|0|008|232|||||7.000|0.00||||||||||||||||||||90647.18
F01Q10001252|200201|90249.11|0|009|231|||||7.000|0.00||||||||||||||||||||90249.11
F01Q10001252|200202|89848.71|0|010|230|||||7.000|0.00||||||||||||||||||||89848.71
F01Q10001252|200203|89445.98|0|011|229|||||7.000|0.00||||||||||||||||||||89445.98
F01Q10001252|200204|89040.90|0|012|228|||||7.000|0.00||||||||||||||||||||89040.90
F01Q10001252|200205|88633.46|0|013|227|||||7.000|0.00||||||||||||||||||||88633.46
F01Q10001252|200206|88223.64|0|014|226|||||7.000|0.00||||||||||||||||||||88223.64
F01Q10001252|200207|87811.43|0|015|225|||||7.000|0.00||||||||||||||||||||87811.43
F01Q10001252|200208|87396.81|0|016|224|||||7.000|0.00||||||||||||||||||||87396.81
F01Q10001252|200209|86979.77|0|017|223|||||7.000|0.00||||||||||||||||||||86979.77
F01Q10001252|200210|86560.30|0|018|222|||||7.000|0.00||||||||||||||||||||86560.30
F01Q10001252|200211|86138.39|0|019|221|||||7.000|0.00||||||||||||||||||||86138.39
F01Q10001252|200212|0.00|0|020|220|||01|200212|7.000|0.00|||||||||||||||86138.39|||||0.00
F01Q10001412|200102|136000.00|0|000|360|||||7.250|0.00||||||||||||||||||||136000.00
F01Q10001412|200103|136000.00|0|001|359|||||7.250|0.00||||||||||||||||||||136000.00
F01Q10001412|200104|136000.00|0|002|358|||||7.250|0.00||||||||||||||||||||136000.00
F01Q10001412|200105|136000.00|0|003|357|||||7.250|0.00||||||||||||||||||||136000.00
F01Q10001412|200106|136000.00|0|004|356|||||7.250|0.00||||||||||||||||||||136000.00
F01Q10001412|200107|135000.00|0|005|355|||||7.250|0.00||||||||||||||||||||135000.00
F01Q10001412|200108|135000.00|0|006|354|||||7.250|0.00||||||||||||||||||||135000.00
F01Q10001412|200109|135243.75|0|007|353|||||7.250|0.00||||||||||||||||||||135243.75
F01Q10001412|200110|135133.09|0|008|352|||||7.250|0.00||||||||||||||||||||135133.09
F01Q10001412|200111|135021.76|0|009|351|||||7.250|0.00||||||||||||||||||||135021.76
F01Q10001412|200112|134909.76|0|010|350|||||7.250|0.00||||||||||||||||||||134909.76
F01Q10001412|200201|134797.08|0|011|349|||||7.250|0.00||||||||||||||||||||134797.08
F01Q10001412|200202|134683.72|0|012|348|||||7.250|0.00||||||||||||||||||||134683.72
F01Q10001412|200203|134569.67|0|013|347|||||7.250|0.00||||||||||||||||||||134569.67
F01Q10001412|200204|134454.94|0|014|346|||||7.250|0.00||||||||||||||||||||134454.94
F01Q10001412|200205|134339.51|0|015|345|||||7.250|0.00||||||||||||||||||||134339.51
F01Q10001412|200206|134223.38|0|016|344|||||7.250|0.00||||||||||||||||||||134223.38
F01Q10001412|200207|134106.55|0|017|343|||||7.250|0.00||||||||||||||||||||134106.55
F01Q10001412|200208|133989.02|0|018|342|||||7.250|0.00||||||||||||||||||||133989.02
F01Q10001412|200209|133870.78|0|019|341|||||7.250|0.00||||||||||||||||||||133870.78
F01Q10001412|200210|133751.82|0|020|340|||||7.250|0.00||||||||||||||||||||133751.82
F01Q10001412|200211|133632.14|0|021|339|||||7.250|0.00||||||||||||||||||||133632.14
F01Q10001412|200212|133511.74|0|022|338|||||7.250|0.00||||||||||||||||||||133511.74
F01Q10001412|200301|133390.61|0|023|337|||||7.250|0.00||||||||||||||||||||133390.61
F01Q10001412|200302|133268.75|0|024|336|||||7.250|0.00||||||||||||||||||||133268.75
F01Q10001412|200303|133146.16|0|025|335|||||7.250|0.00||||||||||||||||||||133146.16
F01Q10001412|200304|133022.82|0|026|334|||||7.250|0.00||||||||||||||||||||133022.82
F01Q10001412|200305|0.00|0|027|333|||01|200305|7.250|0.00|||||||||||||||133022.82|||||0.00
F01Q10001425|200102|142000.00|0|000|360|||||7.250|0.00||||||||||||||||||||142000.00
F01Q10001425|200103|142000.00|0|001|359|||||7.250|0.00||||||||||||||||||||142000.00
F01Q10001425|200104|142000.00|0|002|358|||||7.250|0.00||||||||||||||||||||142000.00
F01Q10001425|200105|142000.00|0|003|357|||||7.250|0.00||||||||||||||||||||142000.00
F01Q10001425|200106|142000.00|0|004|356|||||7.250|0.00||||||||||||||||||||142000.00
F01Q10001425|200107|141000.00|0|005|355|||||7.250|0.00||||||||||||||||||||141000.00
F01Q10001425|200108|141000.00|0|006|354|||||7.250|0.00||||||||||||||||||||141000.00
F01Q10001425|200109|141210.40|0|007|353|||||7.250|0.00||||||||||||||||||||141210.40
F01Q10001425|200110|141094.86|0|008|352|||||7.250|0.00||||||||||||||||||||141094.86
F01Q10001425|200111|140978.62|0|009|351|||||7.250|0.00||||||||||||||||||||140978.62
F01Q10001425|200112|140861.68|0|010|350|||||7.250|0.00||||||||||||||||||||140861.68
F01Q10001425|200201|140744.03|0|011|349|||||7.250|0.00||||||||||||||||||||140744.03
F01Q10001425|200202|140625.67|0|012|348|||||7.250|0.00||||||||||||||||||||140625.67
F01Q10001425|200203|140506.59|0|013|347|||||7.250|0.00||||||||||||||||||||140506.59
F01Q10001425|200204|140386.79|0|014|346|||||7.250|0.00||||||||||||||||||||140386.79
F01Q10001425|200205|140266.27|0|015|345|||||7.250|0.00||||||||||||||||||||140266.27
F01Q10001425|200206|140145.02|0|016|344|||||7.250|0.00||||||||||||||||||||140145.02
F01Q10001425|200207|140023.04|0|017|343|||||7.250|0.00||||||||||||||||||||140023.04
F01Q10001425|200208|139900.32|0|018|342|||||7.250|0.00||||||||||||||||||||139900.32
F01Q10001425|200209|139776.86|0|019|341|||||7.250|0.00||||||||||||||||||||139776.86
F01Q10001425|200210|139652.66|0|020|340|||||7.250|0.00||||||||||||||||||||139652.66
F01Q10001425|200211|139527.70|0|021|339|||||7.250|0.00||||||||||||||||||||139527.70
F01Q10001425|200212|0.00|0|022|338|||01|200212|7.250|0.00|||||||||||||||139527.70|||||0.00
F01Q10001822|200102|100000.00|0|000|360|||||6.875|0.00||||||||||||||||||||100000.00
F01Q10001822|200103|100000.00|0|001|359|||||6.875|0.00||||||||||||||||||||100000.00
F01Q10001822|200104|100000.00|0|002|358|||||6.875|0.00||||||||||||||||||||100000.00
F01Q10001822|200105|100000.00|0|003|357|||||6.875|0.00||||||||||||||||||||100000.00
F01Q10001822|200106|100000.00|0|004|356|||||6.875|0.00||||||||||||||||||||100000.00
F01Q10001822|200107|100000.00|0|005|355|||||6.875|0.00||||||||||||||||||||100000.00
F01Q10001822|200108|99000.00|0|006|354|||||6.875|0.00||||||||||||||||||||99000.00
F01Q10001822|200109|99401.70|0|007|353|||||6.875|0.00||||||||||||||||||||99401.70
F01Q10001822|200110|99314.26|0|008|352|||||6.875|0.00||||||||||||||||||||99314.26
F01Q10001822|200111|99226.32|0|009|351|||||6.875|0.00||||||||||||||||||||99226.32
F01Q10001822|200112|99137.87|0|010|350|||||6.875|0.00||||||||||||||||||||99137.87
F01Q10001822|200201|99048.92|0|011|349|||||6.875|0.00||||||||||||||||||||99048.92
F01Q10001822|200202|98959.46|0|012|348|||||6.875|0.00||||||||||||||||||||98959.46
F01Q10001822|200203|98869.49|0|013|347|||||6.875|0.00||||||||||||||||||||98869.49
F01Q10001822|200204|98779.00|0|014|346|||||6.875|0.00||||||||||||||||||||98779.00
F01Q10001822|200205|98687.99|0|015|345|||||6.875|0.00||||||||||||||||||||98687.99
F01Q10001822|200206|98596.46|0|016|344|||||6.875|0.00||||||||||||||||||||98596.46
F01Q10001822|200207|98504.41|0|017|343|||||6.875|0.00||||||||||||||||||||98504.41
F01Q10001822|200208|98411.83|0|018|342|||||6.875|0.00||||||||||||||||||||98411.83
F01Q10001822|200209|98318.72|0|019|341|||||6.875|0.00||||||||||||||||||||98318.72
F01Q10001822|200210|98225.07|0|020|340|||||6.875|0.00||||||||||||||||||||98225.07
F01Q10001822|200211|98130.89|0|021|339|||||6.875|0.00||||||||||||||||||||98130.89
F01Q10001822|200212|98036.17|0|022|338|||||6.875|0.00||||||||||||||||||||98036.17
F01Q10001822|200301|97940.91|0|023|337|||||6.875|0.00||||||||||||||||||||97940.91
F01Q10001822|200302|97845.10|0|024|336|||||6.875|0.00||||||||||||||||||||97845.10
F01Q10001822|200303|97748.74|0|025|335|||||6.875|0.00||||||||||||||||||||97748.74
F01Q10001822|200304|97651.83|0|026|334|||||6.875|0.00||||||||||||||||||||97651.83
F01Q10001822|200305|97554.36|0|027|333|||||6.875|0.00||||||||||||||||||||97554.36
F01Q10001822|200306|97456.34|0|028|332|||||6.875|0.00||||||||||||||||||||97456.34
F01Q10001822|200307|97357.75|0|029|331|||||6.875|0.00||||||||||||||||||||97357.75
F01Q10001822|200308|97258.60|0|030|330|||||6.875|0.00||||||||||||||||||||97258.60
F01Q10001822|200309|97158.88|0|031|329|||||6.875|0.00||||||||||||||||||||97158.88
F01Q10001822|200310|97058.59|0|032|328|||||6.875|0.00||||||||||||||||||||97058.59
F01Q10001822|200311|96957.72|0|033|327|||||6.875|0.00||||||||||||||||||||96957.72
F01Q10001822|200312|96856.28|0|034|326|||||6.875|0.00||||||||||||||||||||96856.28
F01Q10001822|200401|96754.26|0|035|325|||||6.875|0.00||||||||||||||||||||96754.26
F01Q10001822|200402|96651.65|0|036|324|||||6.875|0.00||||||||||||||||||||96651.65
F01Q10001822|200403|96548.45|0|037|323|||||6.875|0.00||||||||||||||||||||96548.45
F01Q10001822|200404|96444.66|0|038|322|||||6.875|0.00||||||||||||||||||||96444.66
F01Q10001822|200405|96340.28|0|039|321|||||6.875|0.00||||||||||||||||||||96340.28
F01Q10001822|200406|96235.30|0|040|320|||||6.875|0.00||||||||||||||||||||96235.30
F01Q10001822|200407|96129.72|0|041|319|||||6.875|0.00||||||||||||||||||||96129.72
F01Q10001822|200408|96023.53|0|042|318|||||6.875|0.00||||||||||||||||||||96023.53
F01Q10001822|200409|95916.73|0|043|317|||||6.875|0.00||||||||||||||||||||95916.73
F01Q10001822|200410|95809.32|0|044|316|||||6.875|0.00||||||||||||||||||||95809.32
F01Q10001822|200411|95701.30|0|045|315|||||6.875|0.00||||||||||||||||||||95701.30
F01Q10001822|200412|95592.66|0|046|314|||||6.875|0.00||||||||||||||||||||95592.66
F01Q10001822|200501|95483.40|0|047|313|||||6.875|0.00||||||||||||||||||||95483.40
F01Q10001822|200502|95373.51|0|048|312|||||6.875|0.00||||||||||||||||||||95373.51
F01Q10001822|200503|95262.99|0|049|311|||||6.875|0.00||||||||||||||||||||95262.99
F01Q10001822|200504|95151.84|0|050|310|||||6.875|0.00||||||||||||||||||||95151.84
F01Q10001822|200505|95040.05|0|051|309|||||6.875|0.00||||||||||||||||||||95040.05
F01Q10001822|200506|94927.62|0|052|308|||||6.875|0.00||||||||||||||||||||94927.62
F01Q10001822|200507|94814.55|0|053|307|||||6.875|0.00||||||||||||||||||||94814.55
F01Q10001822|200508|94700.83|0|054|306|||||6.875|0.00||||||||||||||||||||94700.83
F01Q10001822|200509|94586.46|0|055|305|||||6.875|0.00||||||||||||||||||||94586.46
F01Q10001822|200510|94471.43|0|056|304|||||6.875|0.00||||||||||||||||||||94471.43
F01Q10001822|200511|94355.74|0|057|303|||||6.875|0.00||||||||||||||||||||94355.74
F01Q10001822|200512|94239.39|0|058|302|||||6.875|0.00||||||||||||||||||||94239.39
F01Q10001822|200601|94122.37|0|059|301|||||6.875|0.00||||||||||||||||||||94122.37
F01Q10001822|200602|94004.68|0|060|300|||||6.875|0.00||||||||||||||||||||94004.68
F01Q10001822|200603|93886.32|0|061|299|||||6.875|0.00||||||||||||||||||||93886.32
F01Q10001822|200604|93767.28|0|062|298|||||6.875|0.00||||||||||||||||||||93767.28
F01Q10001822|200605|93647.56|0|063|297|||||6.875|0.00||||||||||||||||||||93647.56
F01Q10001822|200606|93527.15|0|064|296|||||6.875|0.00||||||||||||||||||||93527.15
F01Q10001822|200607|93406.05|0|065|295|||||6.875|0.00||||||||||||||||||||93406.05
F01Q10001822|200608|93284.26|0|066|294|||||6.875|0.00||||||||||||||||||||93284.26
F01Q10001822|200609|93161.76|0|067|293|||||6.875|0.00||||||||||||||||||||93161.76
F01Q10001822|200610|93038.56|0|068|292|||||6.875|0.00||||||||||||||||||||93038.56
F01Q10001822|200611|92914.65|0|069|291|||||6.875|0.00||||||||||||||||||||92914.65
F01Q10001822|200612|92790.03|0|070|290|||||6.875|0.00||||||||||||||||||||92790.03
F01Q10001822|200701|92664.70|0|071|289|||||6.875|0.00||||||||||||||||||||92664.70
F01Q10001822|200702|92538.65|0|072|288|||||6.875|0.00||||||||||||||||||||92538.65
F01Q10001822|200703|92411.89|0|073|287|||||6.875|0.00||||||||||||||||||||92411.89
F01Q10001822|200704|92284.40|0|074|286|||||6.875|0.00||||||||||||||||||||92284.40
F01Q10001822|200705|92156.18|0|075|285|||||6.875|0.00||||||||||||||||||||92156.18
F01Q10001822|200706|92027.23|0|076|284|||||6.875|0.00||||||||||||||||||||92027.23
F01Q10001822|200707|91897.54|0|077|283|||||6.875|0.00||||||||||||||||||||91897.54
F01Q10001822|200708|91767.11|0|078|282|||||6.875|0.00||||||||||||||||||||91767.11
F01Q10001822|200709|91635.93|0|079|281|||||6.875|0.00||||||||||||||||||||91635.93
F01Q10001822|200710|91504.00|0|080|280|||||6.875|0.00||||||||||||||||||||91504.00
F01Q10001822|200711|91371.31|0|081|279|||||6.875|0.00||||||||||||||||||||91371.31
F01Q10001822|200712|91237.86|0|082|278|||||6.875|0.00||||||||||||||||||||91237.86
F01Q10001822|200801|91103.65|0|083|277|||||6.875|0.00||||||||||||||||||||91103.65
F01Q10001822|200802|90968.67|0|084|276|||||6.875|0.00||||||||||||||||||||90968.67
F01Q10001822|200803|90832.91|0|085|275|||||6.875|0.00||||||||||||||||||||90832.91
F01Q10001822|200804|90696.38|0|086|274|||||6.875|0.00||||||||||||||||||||90696.38
F01Q10001822|200805|90559.06|0|087|273|||||6.875|0.00||||||||||||||||||||90559.06
F01Q10001822|200806|90420.96|0|088|272|||||6.875|0.00||||||||||||||||||||90420.96
F01Q10001822|200807|90282.07|0|089|271|||||6.875|0.00||||||||||||||||||||90282.07
F01Q10001822|200808|90142.38|0|090|270|||||6.875|0.00||||||||||||||||||||90142.38
F01Q10001822|200809|90001.89|0|091|269|||||6.875|0.00||||||||||||||||||||90001.89
F01Q10001822|200810|89860.60|0|092|268|||||6.875|0.00||||||||||||||||||||89860.60
F01Q10001822|200811|89718.50|0|093|267|||||6.875|0.00||||||||||||||||||||89718.50
F01Q10001822|200812|89575.58|0|094|266|||||6.875|0.00||||||||||||||||||||89575.58
F01Q10001822|200901|89431.84|0|095|265|||||6.875|0.00||||||||||||||||||||89431.84
F01Q10001822|200902|89287.28|0|096|264|||||6.875|0.00||||||||||||||||||||89287.28
F01Q10001822|200903|89141.89|0|097|263|||||6.875|0.00||||||||||||||||||||89141.89
F01Q10001822|200904|88995.67|0|098|262|||||6.875|0.00||||||||||||||||||||88995.67
F01Q10001822|200905|88848.61|0|099|261|||||6.875|0.00||||||||||||||||||||88848.61
F01Q10001822|200906|88700.71|0|100|260|||||6.875|0.00||||||||||||||||||||88700.71
F01Q10001822|200907|88551.96|0|101|259|||||6.875|0.00||||||||||||||||||||88551.96
F01Q10001822|200908|88402.36|0|102|258|||||6.875|0.00||||||||||||||||||||88402.36
F01Q10001822|200909|88251.90|0|103|257|||||6.875|0.00||||||||||||||||||||88251.90
F01Q10001822|200910|88100.58|0|104|256|||||6.875|0.00||||||||||||||||||||88100.58
F01Q10001822|200911|88100.58|0|105|255|||||6.875|0.00||||||||||||||||||||88100.58
F01Q10001822|200912|87795.33|0|106|254|||||6.875|0.00||||||||||||||||||||87795.33
F01Q10001822|201001|87641.39|0|107|253|||||6.875|0.00||||||||||||||||||||87641.39
F01Q10001822|201002|87486.57|0|108|252|||||6.875|0.00||||||||||||||||||||87486.57
F01Q10001822|201003|87330.87|0|109|251|||||6.875|0.00||||||||||||||||||||87330.87
F01Q10001822|201004|87174.27|0|110|250|||||6.875|0.00||||||||||||||||||||87174.27
F01Q10001822|201005|87016.78|0|111|249|||||6.875|0.00||||||||||||||||||||87016.78
F01Q10001822|201006|86858.38|0|112|248|||||6.875|0.00||||||||||||||||||||86858.38
F01Q10001822|201007|86699.08|0|113|247|||||6.875|0.00||||||||||||||||||||86699.08
F01Q10001822|201008|86538.86|0|114|246|||||6.875|0.00||||||||||||||||||||86538.86
F01Q10001822|201009|86377.73|0|115|245|||||6.875|0.00||||||||||||||||||||86377.73
F01Q10001822|201010|86215.67|0|116|244|||||6.875|0.00||||||||||||||||||||86215.67
F01Q10001822|201011|86052.68|0|117|243|||||6.875|0.00||||||||||||||||||||86052.68
F01Q10001822|201012|85888.76|0|118|242|||||6.875|0.00||||||||||||||||||||85888.76
F01Q10001822|201101|85723.90|0|119|241|||||6.875|0.00||||||||||||||||||||85723.90
F01Q10001822|201102|85558.10|0|120|240|||||6.875|0.00||||||||||||||||||||85558.10
F01Q10001822|201103|85391.35|0|121|239|||||6.875|0.00||||||||||||||||||||85391.35
F01Q10001822|201104|85223.64|0|122|238|||||6.875|0.00||||||||||||||||||||85223.64
F01Q10001822|201105|85054.97|0|123|237|||||6.875|0.00||||||||||||||||||||85054.97
F01Q10001822|201106|84885.33|0|124|236|||||6.875|0.00||||||||||||||||||||84885.33
F01Q10001822|201107|84714.72|0|125|235|||||6.875|0.00||||||||||||||||||||84714.72
F01Q10001822|201108|84543.13|0|126|234|||||6.875|0.00||||||||||||||||||||84543.13
F01Q10001822|201109|84370.56|0|127|233|||||6.875|0.00||||||||||||||||||||84370.56
F01Q10001822|201110|84197.00|0|128|232|||||6.875|0.00||||||||||||||||||||84197.00
F01Q10001822|201111|84022.45|0|129|231|||||6.875|0.00||||||||||||||||||||84022.45
F01Q10001822|201112|83846.90|0|130|230|||||6.875|0.00||||||||||||||||||||83846.90
F01Q10001822|201201|83670.34|0|131|229|||||6.875|0.00||||||||||||||||||||83670.34
F01Q10001822|201202|83492.77|0|132|228|||||6.875|0.00||||||||||||||||||||83492.77
F01Q10001822|201203|83314.18|0|133|227|||||6.875|0.00||||||||||||||||||||83314.18
F01Q10001822|201204|83134.57|0|134|226|||||6.875|0.00||||||||||||||||||||83134.57
F01Q10001822|201205|82953.93|0|135|225|||||6.875|0.00||||||||||||||||||||82953.93
F01Q10001822|201206|82772.26|0|136|224|||||6.875|0.00||||||||||||||||||||82772.26
F01Q10001822|201207|82589.55|0|137|223|||||6.875|0.00||||||||||||||||||||82589.55
F01Q10001822|201208|82405.79|0|138|222|||||6.875|0.00||||||||||||||||||||82405.79
F01Q10001822|201209|82220.98|0|139|221|||||6.875|0.00||||||||||||||||||||82220.98
F01Q10001822|201210|82035.11|0|140|220|||||6.875|0.00||||||||||||||||||||82035.11
F01Q10001822|201211|81848.17|0|141|219|||||6.875|0.00||||||||||||||||||||81848.17
F01Q10001822|201212|81660.16|0|142|218|||||6.875|0.00||||||||||||||||||||81660.16
F01Q10001822|201301|81471.07|0|143|217|||||6.875|0.00||||||||||||||||||||81471.07
F01Q10001822|201302|81280.90|0|144|216|||||6.875|0.00||||||||||||||||||||81280.90
F01Q10001822|201303|81089.64|0|145|215|||||6.875|0.00||||||||||||||||||||81089.64
F01Q10001822|201304|80897.29|0|146|214|||||6.875|0.00||||||||||||||||||||80897.29
F01Q10001822|201305|80703.83|0|147|213|||||6.875|0.00||||||||||||||||||||80703.83
F01Q10001822|201306|80509.27|0|148|212|||||6.875|0.00||||||||||||||||||||80509.27
F01Q10001822|201307|80313.59|0|149|211|||||6.875|0.00||||||||||||||||||||80313.59
F01Q10001822|201308|80116.79|0|150|210|||||6.875|0.00||||||||||||||||||||80116.79
F01Q10001822|201309|79918.86|0|151|209|||||6.875|0.00||||||||||||||||||||79918.86
F01Q10001822|201310|79719.80|0|152|208|||||6.875|0.00||||||||||||||||||||79719.80
F01Q10001822|201311|79519.60|0|153|207|||||6.875|0.00||||||||||||||||||||79519.60
F01Q10001822|201312|79318.25|0|154|206|||||6.875|0.00||||||||||||||||||||79318.25
F01Q10001822|201401|79115.75|0|155|205|||||6.875|0.00||||||||||||||||||||79115.75
F01Q10001822|201402|78912.09|0|156|204|||||6.875|0.00||||||||||||||||||||78912.09
F01Q10001822|201403|78707.26|0|157|203|||||6.875|0.00||||||||||||||||||||78707.26
F01Q10001822|201404|78501.26|0|158|202|||||6.875|0.00||||||||||||||||||||78501.26
F01Q10001822|201405|78294.08|0|159|201|||||6.875|0.00||||||||||||||||||||78294.08
F01Q10001822|201406|78085.71|0|160|200|||||6.875|0.00||||||||||||||||||||78085.71
F01Q10001822|201407|77876.15|0|161|199|||||6.875|0.00||||||||||||||||||||77876.15
F01Q10001822|201408|77665.39|0|162|198|||||6.875|0.00||||||||||||||||||||77665.39
F01Q10001822|201409|77453.42|0|163|197|||||6.875|0.00||||||||||||||||||||77453.42
F01Q10001822|201410|77240.23|0|164|196|||||6.875|0.00||||||||||||||||||||77240.23
F01Q10001822|201411|77025.82|0|165|195|||||6.875|0.00||||||||||||||||||||77025.82
F01Q10001822|201412|76810.18|0|166|194|||||6.875|0.00||||||||||||||||||||76810.18
F01Q10001822|201501|76593.31|0|167|193|||||6.875|0.00||||||||||||||||||||76593.31
F01Q10001822|201502|76375.20|0|168|192|||||6.875|0.00||||||||||||||||||||76375.20
F01Q10001822|201503|76155.84|0|169|191|||||6.875|0.00||||||||||||||||||||76155.84
F01Q10001822|201504|75935.22|0|170|190|||||6.875|0.00||||||||||||||||||||75935.22
F01Q10001822|201505|75713.34|0|171|189|||||6.875|0.00||||||||||||||||||||75713.34
F01Q10001822|201506|75490.18|0|172|188|||||6.875|0.00||||||||||||||||||||75490.18
F01Q10001822|201507|75265.75|0|173|187|||||6.875|0.00||||||||||||||||||||75265.75
F01Q10001822|201508|75040.03|0|174|186|||||6.875|0.00||||||||||||||||||||75040.03
F01Q10001822|201509|74813.02|0|175|185|||||6.875|0.00||||||||||||||||||||74813.02
F01Q10001822|201510|74584.71|0|176|184|||||6.875|0.00||||||||||||||||||||74584.71
F01Q10001822|201511|74355.09|0|177|183|||||6.875|0.00||||||||||||||||||||74355.09
F01Q10001822|201512|74124.15|0|178|182|||||6.875|0.00||||||||||||||||||||74124.15
F01Q10001822|201601|73891.89|0|179|181|||||6.875|0.00||||||||||||||||||||73891.89
F01Q10001822|201602|73658.30|0|180|180|||||6.875|0.00||||||||||||||||||||73658.30
F01Q10001822|201603|73423.37|0|181|179|||||6.875|0.00||||||||||||||||||||73423.37
F01Q10001822|201604|73187.09|0|182|178|||||6.875|0.00||||||||||||||||||||73187.09
F01Q10001822|201605|72949.46|0|183|177|||||6.875|0.00||||||||||||||||||||72949.46
F01Q10001822|201606|72710.47|0|184|176|||||6.875|0.00||||||||||||||||||||72710.47
F01Q10001822|201607|72470.11|0|185|175|||||6.875|0.00||||||||||||||||||||72470.11
F01Q10001822|201608|72228.37|0|186|174|||||6.875|0.00||||||||||||||||||||72228.37
F01Q10001822|201609|71985.25|0|187|173|||||6.875|0.00||||||||||||||||||||71985.25
F01Q10001822|201610|71740.74|0|188|172|||||6.875|0.00||||||||||||||||||||71740.74
F01Q10001822|201611|71494.82|0|189|171|||||6.875|0.00||||||||||||||||||||71494.82
F01Q10001822|201612|71247.50|0|190|170|||||6.875|0.00||||||||||||||||||||71247.50
F01Q10001822|201701|70998.76|0|191|169|||||6.875|0.00||||||||||||||||||||70998.76
F01Q10001822|201702|70748.59|0|192|168|||||6.875|0.00||||||||||||||||||||70748.59
F01Q10001822|201703|70496.99|0|193|167|||||6.875|0.00||||||||||||||||||||70496.99
F01Q10001822|201704|70243.95|0|194|166|||||6.875|0.00||||||||||||||32||||||70243.95
F01Q10001822|201705|69989.46|0|195|165|||||6.875|0.00||||||||||||||32||||||69989.46
F01Q10001822|201706|69733.51|0|196|164|||||6.875|0.00||||||||||||||31||||||69733.51
F01Q10001822|201707|69476.09|0|197|163|||||6.875|0.00||||||||||||||31||||||69476.09
F01Q10001822|201708|69217.20|0|198|162|||||6.875|0.00||||||||||||||31||||||69217.20
F01Q10001822|201709|68956.83|0|199|161|||||6.875|0.00||||||||||||||31||||||68956.83
F01Q10001822|201710|68694.97|0|200|160|||||6.875|0.00||||||||||||||30||||||68694.97
F01Q10001822|201711|68431.60|0|201|159|||||6.875|0.00||||||||||||||31||||||68431.60
F01Q10001822|201712|68166.73|0|202|158|||||6.875|0.00||||||||||||||29||||||68166.73
F01Q10001822|201801|67900.34|0|203|157|||||6.875|0.00||||||||||||||28||||||67900.34
F01Q10001822|201802|67632.42|0|204|156|||||6.875|0.00||||||||||||||27||||||67632.42
F01Q10001822|201803|67362.97|0|205|155|||||6.875|0.00||||||||||||||28||||||67362.97
F01Q10001822|201804|67091.97|0|206|154|||||6.875|0.00||||||||||||||28||||||67091.97
F01Q10001822|201805|66819.42|0|207|153|||||6.875|0.00||||||||||||||28||||||66819.42
F01Q10001822|201806|66545.31|0|208|152|||||6.875|0.00||||||||||||||28||||||66545.31
F01Q10001822|201807|66269.63|0|209|151|||||6.875|0.00||||||||||||||28||||||66269.63
F01Q10001822|201808|65992.37|0|210|150|||||6.875|0.00||||||||||||||28||||||65992.37
F01Q10001822|201809|65713.52|0|211|149|||||6.875|0.00||||||||||||||28||||||65713.52
F01Q10001822|201810|65433.07|0|212|148|||||6.875|0.00||||||||||||||31||||||65433.07
F01Q10001822|201811|65151.02|0|213|147|||||6.875|0.00||||||||||||||30||||||65151.02
F01Q10001822|201812|64867.35|0|214|146|||||6.875|0.00||||||||||||||30||||||64867.35
F01Q10001822|201901|64582.06|0|215|145|||||6.875|0.00||||||||||||||30||||||64582.06
F01Q10001822|201902|64295.13|0|216|144|||||6.875|0.00||||||||||||||30||||||64295.13
F01Q10001822|201903|64006.56|0|217|143|||||6.875|0.00||||||||||||||30||||||64006.56
F01Q10001822|201904|63716.33|0|218|142|||||6.875|0.00||||||||||||||29||||||63716.33
F01Q10001822|201905|63424.44|0|219|141|||||6.875|0.00||||||||||||||30||||||63424.44
F01Q10001822|201906|63130.88|0|220|140|||||6.875|0.00||||||||||||||29||||||63130.88
F01Q10001822|201907|62835.64|0|221|139|||||6.875|0.00||||||||||||||29||||||62835.64
F01Q10001822|201908|62538.71|0|222|138|||||6.875|0.00||||||||||||||29||||||62538.71
F01Q10001822|201909|62240.07|0|223|137|||||6.875|0.00||||||||||||||29||||||62240.07
F01Q10001822|201910|61939.72|0|224|136|||||6.875|0.00||||||||||||||29||||||61939.72
F01Q10001822|201911|61637.65|0|225|135|||||6.875|0.00||||||||||||||29||||||61637.65
F01Q10001822|201912|61028.31|0|226|134|||||6.875|0.00||||||||||||||29||||||61028.31
F01Q10001822|202001|61028.31|0|227|133|||||6.875|0.00||||||||||||||30||||||61028.31
F01Q10001822|202002|60721.02|0|228|132|||||6.875|0.00||||||||||||||29||||||60721.02
F01Q10001822|202003|60411.97|0|229|131|||||6.875|0.00||||||||||||||29||||||60411.97
F01Q10001822|202004|59788.55|0|230|130|||||6.875|0.00||||||||||||||28||||||59788.55
F01Q10001822|202005|59788.55|0|231|129|||||6.875|0.00||||||||||||||29||||||59788.55
F01Q10001822|202006|59474.16|0|232|128|||||6.875|0.00||||||||||||||28||||||59474.16
F01Q10001822|202007|59157.97|0|233|127|||||6.875|0.00||||||||||||||28||||||59157.97
F01Q10001822|202008|58839.97|0|234|126|||||6.875|0.00||||||||||||||28||||||58839.97
F01Q10001822|202009|58520.14|0|235|125|||||6.875|0.00||||||||||||||27||||||58520.14
F01Q10001822|202010|58198.48|0|236|124|||||6.875|0.00||||||||||||||27||||||58198.48
F01Q10001822|202011|57874.98|0|237|123|||||6.875|0.00||||||||||||||26||||||57874.98
F01Q10001822|202012|57549.63|0|238|122|||||6.875|0.00||||||||||||||25||||||57549.63
F01Q10001822|202101|57222.41|0|239|121|||||6.875|0.00||||||||||||||25||||||57222.41
F01Q10001822|202102|56893.32|0|240|120|||||6.875|0.00||||||||||||||24||||||56893.32
F01Q10001822|202103|56562.34|0|241|119|||||6.875|0.00||||||||||||||23||||||56562.34
F01Q10001822|202104|0.00|0|242|118|||01|202104|6.875|0.00|202103|||||||||||||999|56562.34|||||0.00
F01Q10001856|200102|274000.00|0|000|360|||||6.750|0.00||||||||||||||||||||274000.00
F01Q10001856|200103|274000.00|0|001|359|||||6.750|0.00||||||||||||||||||||274000.00
F01Q10001856|200104|274000.00|1|002|358|||||6.750|0.00||||||||||||||||||||274000.00
F01Q10001856|200105|273000.00|0|003|357|||||6.750|0.00||||||||||||||||||||273000.00
F01Q10001856|200106|273000.00|0|004|356|||||6.750|0.00||||||||||||||||||||273000.00
F01Q10001856|200107|273000.00|0|005|355|||||6.750|0.00||||||||||||||||||||273000.00
F01Q10001856|200108|273000.00|0|006|354|||||6.750|0.00||||||||||||||||||||273000.00
F01Q10001856|200109|272320.51|0|007|353|||||6.750|0.00||||||||||||||||||||272320.51
F01Q10001856|200110|272075.15|0|008|352|||||6.750|0.00||||||||||||||||||||272075.15
F01Q10001856|200111|271828.41|0|009|351|||||6.750|0.00||||||||||||||||||||271828.41
F01Q10001856|200112|271580.28|0|010|350|||||6.750|0.00||||||||||||||||||||271580.28
F01Q10001856|200201|271330.76|0|011|349|||||6.750|0.00||||||||||||||||||||271330.76
F01Q10001856|200202|271079.84|0|012|348|||||6.750|0.00||||||||||||||||||||271079.84
F01Q10001856|200203|270827.50|0|013|347|||||6.750|0.00||||||||||||||||||||270827.50
F01Q10001856|200204|270573.74|0|014|346|||||6.750|0.00||||||||||||||||||||270573.74
F01Q10001856|200205|270318.56|0|015|345|||||6.750|0.00||||||||||||||||||||270318.56
F01Q10001856|200206|270061.94|0|016|344|||||6.750|0.00||||||||||||||||||||270061.94
F01Q10001856|200207|269803.88|0|017|343|||||6.750|0.00||||||||||||||||||||269803.88
F01Q10001856|200208|269544.37|0|018|342|||||6.750|0.00||||||||||||||||||||269544.37
F01Q10001856|200209|269283.40|0|019|341|||||6.750|0.00||||||||||||||||||||269283.40
F01Q10001856|200210|0.00|0|020|340|||01|200210|6.750|0.00|||||||||||||||269283.40|||||0.00
F01Q10001893|200102|160000.00|0|000|360|||||6.875|0.00||||||||||||||||||||160000.00
F01Q10001893|200103|160000.00|0|001|359|||||6.875|0.00||||||||||||||||||||160000.00
F01Q10001893|200104|159000.00|0|002|358|||||6.875|0.00||||||||||||||||||||159000.00
F01Q10001893|200105|159000.00|0|003|357|||||6.875|0.00||||||||||||||||||||159000.00
F01Q10001893|200106|159000.00|0|004|356|||||6.875|0.00||||||||||||||||||||159000.00
F01Q10001893|200107|159000.00|0|005|355|||||6.875|0.00||||||||||||||||||||159000.00
F01Q10001893|200108|159000.00|0|006|354|||||6.875|0.00||||||||||||||||||||159000.00
F01Q10001893|200109|158794.25|0|007|353|||||6.875|0.00||||||||||||||||||||158794.25
F01Q10001893|200110|158654.57|0|008|352|||||6.875|0.00||||||||||||||||||||158654.57
F01Q10001893|200111|158514.09|0|009|351|||||6.875|0.00||||||||||||||||||||158514.09
F01Q10001893|200112|158372.80|0|010|350|||||6.875|0.00||||||||||||||||||||158372.80
F01Q10001893|200201|158230.70|0|011|349|||||6.875|0.00||||||||||||||||||||158230.70
F01Q10001893|200202|158087.79|0|012|348|||||6.875|0.00||||||||||||||||||||158087.79
F01Q10001893|200203|157944.06|0|013|347|||||6.875|0.00||||||||||||||||||||157944.06
F01Q10001893|200204|157799.51|0|014|346|||||6.875|0.00||||||||||||||||||||157799.51
F01Q10001893|200205|157654.13|0|015|345|||||6.875|0.00||||||||||||||||||||157654.13
F01Q10001893|200206|157507.92|0|016|344|||||6.875|0.00||||||||||||||||||||157507.92
F01Q10001893|200207|152360.87|0|017|343|||||6.875|0.00||||||||||||||||||||152360.87
F01Q10001893|200208|0.00|0|018|342|||01|200208|6.875|0.00|||||||||||||||152360.87|||||0.00
F01Q10001977|200102|210000.00|0|000|360|||||6.750|0.00||||||||||||||||||||210000.00
F01Q10001977|200103|210000.00|0|001|359|||||6.750|0.00||||||||||||||||||||210000.00
F01Q10001977|200104|210000.00|0|002|358|||||6.750|0.00||||||||||||||||||||210000.00
F01Q10001977|200105|209000.00|0|003|357|||||6.750|0.00||||||||||||||||||||209000.00
F01Q10001977|200106|209000.00|0|004|356|||||6.750|0.00||||||||||||||||||||209000.00
F01Q10001977|200107|209000.00|0|005|355|||||6.750|0.00||||||||||||||||||||209000.00
F01Q10001977|200108|209000.00|0|006|354|||||6.750|0.00||||||||||||||||||||209000.00
F01Q10001977|200109|208712.77|0|007|353|||||6.750|0.00||||||||||||||||||||208712.77
F01Q10001977|200110|208524.72|0|008|352|||||6.750|0.00||||||||||||||||||||208524.72
F01Q10001977|200111|208335.61|0|009|351|||||6.750|0.00||||||||||||||||||||208335.61
F01Q10001977|200112|208145.44|0|010|350|||||6.750|0.00||||||||||||||||||||208145.44
F01Q10001977|200201|207954.20|0|011|349|||||6.750|0.00||||||||||||||||||||207954.20
F01Q10001977|200202|207761.88|0|012|348|||||6.750|0.00||||||||||||||||||||207761.88
F01Q10001977|200203|207568.48|0|013|347|||||6.750|0.00||||||||||||||||||||207568.48
F01Q10001977|200204|207373.99|0|014|346|||||6.750|0.00||||||||||||||||||||207373.99
F01Q10001977|200205|207178.41|0|015|345|||||6.750|0.00||||||||||||||||||||207178.41
F01Q10001977|200206|206981.73|0|016|344|||||6.750|0.00||||||||||||||||||||206981.73
F01Q10001977|200207|206783.94|0|017|343|||||6.750|0.00||||||||||||||||||||206783.94
F01Q10001977|200208|206585.04|0|018|342|||||6.750|0.00||||||||||||||||||||206585.04
F01Q10001977|200209|206385.02|0|019|341|||||6.750|0.00||||||||||||||||||||206385.02
F01Q10001977|200210|206183.88|0|020|340|||||6.750|0.00||||||||||||||||||||206183.88
F01Q10001977|200211|205981.60|0|021|339|||||6.750|0.00||||||||||||||||||||205981.60
F01Q10001977|200212|205778.19|0|022|338|||||6.750|0.00||||||||||||||||||||205778.19
F01Q10001977|200301|205573.63|0|023|337|||||6.750|0.00||||||||||||||||||||205573.63
F01Q10001977|200302|205367.92|0|024|336|||||6.750|0.00||||||||||||||||||||205367.92
F01Q10001977|200303|0.00|0|025|335|||01|200303|6.750|0.00|||||||||||||||205367.92|||||0.00
F01Q10002132|200102|111000.00|0|000|360|||||6.750|0.00||||||||||||||||||||111000.00
F01Q10002132|200103|111000.00|0|001|359|||||6.750|0.00||||||||||||||||||||111000.00
F01Q10002132|200104|111000.00|0|002|358|||||6.750|0.00||||||||||||||||||||111000.00
F01Q10002132|200105|111000.00|0|003|357|||||6.750|0.00||||||||||||||||||||111000.00
F01Q10002132|200106|111000.00|0|004|356|||||6.750|0.00||||||||||||||||||||111000.00
F01Q10002132|200107|111000.00|0|005|355|||||6.750|0.00||||||||||||||||||||111000.00
F01Q10002132|200108|110000.00|0|006|354|||||6.750|0.00||||||||||||||||||||110000.00
F01Q10002132|200109|110319.66|0|007|353|||||6.750|0.00||||||||||||||||||||110319.66
F01Q10002132|200110|110220.27|0|008|352|||||6.750|0.00||||||||||||||||||||110220.27
F01Q10002132|200111|110120.32|0|009|351|||||6.750|0.00||||||||||||||||||||110120.32
F01Q10002132|200112|110019.81|0|010|350|||||6.750|0.00||||||||||||||||||||110019.81
F01Q10002132|200201|109918.73|0|011|349|||||6.750|0.00||||||||||||||||||||109918.73
F01Q10002132|200202|109817.08|0|012|348|||||6.750|0.00||||||||||||||||||||109817.08
F01Q10002132|200203|109714.86|0|013|347|||||6.750|0.00||||||||||||||||||||109714.86
F01Q10002132|200204|109612.07|0|014|346|||||6.750|0.00||||||||||||||||||||109612.07
F01Q10002132|200205|109508.70|0|015|345|||||6.750|0.00||||||||||||||||||||109508.70
F01Q10002132|200206|109404.75|0|016|344|||||6.750|0.00||||||||||||||||||||109404.75
F01Q10002132|200207|109300.21|0|017|343|||||6.750|0.00||||||||||||||||||||109300.21
F01Q10002132|200208|109195.08|0|018|342|||||6.750|0.00||||||||||||||||||||109195.08
F01Q10002132|200209|109089.36|0|019|341|||||6.750|0.00||||||||||||||||||||109089.36
F01Q10002132|200210|108983.05|0|020|340|||||6.750|0.00||||||||||||||||||||108983.05
F01Q10002132|200211|108876.14|0|021|339|||||6.750|0.00||||||||||||||||||||108876.14
F01Q10002132|200212|108768.63|0|022|338|||||6.750|0.00||||||||||||||||||||108768.63
F01Q10002132|200301|108660.51|0|023|337|||||6.750|0.00||||||||||||||||||||108660.51
F01Q10002132|200302|108551.79|0|024|336|||||6.750|0.00||||||||||||||||||||108551.79
F01Q10002132|200303|108442.45|0|025|335|||||6.750|0.00||||||||||||||||||||108442.45
F01Q10002132|200304|108332.50|0|026|334|||||6.750|0.00||||||||||||||||||||108332.50
F01Q10002132|200305|108168.19|0|027|333|||||6.750|0.00||||||||||||||||||||108168.19
F01Q10002132|200306|108002.96|0|028|332|||||6.750|0.00||||||||||||||||||||108002.96
F01Q10002132|200307|107836.80|0|029|331|||||6.750|0.00||||||||||||||||||||107836.80
F01Q10002132|200308|107669.70|0|030|330|||||6.750|0.00||||||||||||||||||||107669.70
F01Q10002132|200309|107501.66|0|031|329|||||6.750|0.00||||||||||||||||||||107501.66
F01Q10002132|200310|107332.68|0|032|328|||||6.750|0.00||||||||||||||||||||107332.68
F01Q10002132|200311|107162.75|0|033|327|||||6.750|0.00||||||||||||||||||||107162.75
F01Q10002132|200312|106991.86|0|034|326|||||6.750|0.00||||||||||||||||||||106991.86
F01Q10002132|200401|106820.01|0|035|325|||||6.750|0.00||||||||||||||||||||106820.01
F01Q10002132|200402|106647.19|0|036|324|||||6.750|0.00||||||||||||||||||||106647.19
F01Q10002132|200403|106470.27|0|037|323|||||6.750|0.00||||||||||||||||||||106470.27
F01Q10002132|200404|106292.36|0|038|322|||||6.750|0.00||||||||||||||||||||106292.36
F01Q10002132|200405|106113.44|0|039|321|||||6.750|0.00||||||||||||||||||||106113.44
F01Q10002132|200406|105933.52|0|040|320|||||6.750|0.00||||||||||||||||||||105933.52
F01Q10002132|200407|105752.59|0|041|319|||||6.750|0.00||||||||||||||||||||105752.59
F01Q10002132|200408|105570.64|0|042|318|||||6.750|0.00||||||||||||||||||||105570.64
F01Q10002132|200409|105387.66|0|043|317|||||6.750|0.00||||||||||||||||||||105387.66
F01Q10002132|200410|105203.66|0|044|316|||||6.750|0.00||||||||||||||||||||105203.66
F01Q10002132|200411|105018.62|0|045|315|||||6.750|0.00||||||||||||||||||||105018.62
F01Q10002132|200412|104832.54|0|046|314|||||6.750|0.00||||||||||||||||||||104832.54
F01Q10002132|200501|104645.41|0|047|313|||||6.750|0.00||||||||||||||||||||104645.41
F01Q10002132|200502|104457.23|0|048|312|||||6.750|0.00||||||||||||||||||||104457.23
F01Q10002132|200503|104264.86|0|049|311|||||6.750|0.00||||||||||||||||||||104264.86
F01Q10002132|200504|104071.41|0|050|310|||||6.750|0.00||||||||||||||||||||104071.41
F01Q10002132|200505|103876.87|0|051|309|||||6.750|0.00||||||||||||||||||||103876.87
F01Q10002132|200506|103681.24|0|052|308|||||6.750|0.00||||||||||||||||||||103681.24
F01Q10002132|200507|103484.51|0|053|307|||||6.750|0.00||||||||||||||||||||103484.51
F01Q10002132|200508|103286.67|0|054|306|||||6.750|0.00||||||||||||||||||||103286.67
F01Q10002132|200509|103087.72|0|055|305|||||6.750|0.00||||||||||||||||||||103087.72
F01Q10002132|200510|102887.65|0|056|304|||||6.750|0.00||||||||||||||||||||102887.65
F01Q10002132|200511|102686.45|0|057|303|||||6.750|0.00||||||||||||||||||||102686.45
F01Q10002132|200512|102484.12|0|058|302|||||6.750|0.00||||||||||||||||||||102484.12
F01Q10002132|200601|102280.65|0|059|301|||||6.750|0.00||||||||||||||||||||102280.65
F01Q10002132|200602|102076.04|0|060|300|||||6.750|0.00||||||||||||||||||||102076.04
F01Q10002132|200603|101860.28|0|061|299|||||6.750|0.00||||||||||||||||||||101860.28
F01Q10002132|200604|101643.30|0|062|298|||||6.750|0.00||||||||||||||||||||101643.30
F01Q10002132|200605|101425.10|0|063|297|||||6.750|0.00||||||||||||||||||||101425.10
F01Q10002132|200606|101205.68|0|064|296|||||6.750|0.00||||||||||||||||||||101205.68
F01Q10002132|200607|100985.02|0|065|295|||||6.750|0.00||||||||||||||||||||100985.02
F01Q10002132|200608|100763.12|0|066|294|||||6.750|0.00||||||||||||||||||||100763.12
F01Q10002132|200609|100539.97|0|067|293|||||6.750|0.00||||||||||||||||||||100539.97
F01Q10002132|200610|100315.57|0|068|292|||||6.750|0.00||||||||||||||||||||100315.57
F01Q10002132|200611|100089.91|0|069|291|||||6.750|0.00||||||||||||||||||||100089.91
F01Q10002132|200612|99862.98|0|070|290|||||6.750|0.00||||||||||||||||||||99862.98
F01Q10002132|200701|99634.77|0|071|289|||||6.750|0.00||||||||||||||||||||99634.77
F01Q10002132|200702|99389.13|0|072|288|||||6.750|0.00||||||||||||||||||||99389.13
F01Q10002132|200703|99156.25|0|073|287|||||6.750|0.00||||||||||||||||||||99156.25
F01Q10002132|200704|98922.06|0|074|286|||||6.750|0.00||||||||||||||||||||98922.06
F01Q10002132|200705|98686.56|0|075|285|||||6.750|0.00||||||||||||||||||||98686.56
F01Q10002132|200706|98449.73|0|076|284|||||6.750|0.00||||||||||||||||||||98449.73
F01Q10002132|200707|98211.57|0|077|283|||||6.750|0.00||||||||||||||||||||98211.57
F01Q10002132|200708|97972.07|0|078|282|||||6.750|0.00||||||||||||||||||||97972.07
F01Q10002132|200709|97731.22|0|079|281|||||6.750|0.00||||||||||||||||||||97731.22
F01Q10002132|200710|97489.02|0|080|280|||||6.750|0.00||||||||||||||||||||97489.02
F01Q10002132|200711|97245.46|0|081|279|||||6.750|0.00||||||||||||||||||||97245.46
F01Q10002132|200712|97000.53|0|082|278|||||6.750|0.00||||||||||||||||||||97000.53
F01Q10002132|200801|0.00|0|083|277|||01|200801|6.750|0.00|||||||||||||||97000.53|||||0.00
F01Q10002135|200102|77000.00|0|000|360|||||7.375|0.00||||||||||||||||||||77000.00
F01Q10002135|200103|76000.00|0|001|359|||||7.375|0.00||||||||||||||||||||76000.00
F01Q10002135|200104|76000.00|0|002|358|||||7.375|0.00||||||||||||||||||||76000.00
F01Q10002135|200105|76000.00|0|003|357|||||7.375|0.00||||||||||||||||||||76000.00
F01Q10002135|200106|76000.00|0|004|356|||||7.375|0.00||||||||||||||||||||76000.00
F01Q10002135|200107|76000.00|0|005|355|||||7.375|0.00||||||||||||||||||||76000.00
F01Q10002135|200108|76000.00|0|006|354|||||7.375|0.00||||||||||||||||||||76000.00
F01Q10002135|200109|75625.65|0|007|353|||||7.375|0.00||||||||||||||||||||75625.65
F01Q10002135|200110|75490.43|0|008|352|||||7.375|0.00||||||||||||||||||||75490.43
F01Q10002135|200111|75354.38|0|009|351|||||7.375|0.00||||||||||||||||||||75354.38
F01Q10002135|200112|75217.50|0|010|350|||||7.375|0.00||||||||||||||||||||75217.50
F01Q10002135|200201|75079.77|0|011|349|||||7.375|0.00||||||||||||||||||||75079.77
F01Q10002135|200202|74941.20|0|012|348|||||7.375|0.00||||||||||||||||||||74941.20
F01Q10002135|200203|74801.78|0|013|347|||||7.375|0.00||||||||||||||||||||74801.78
F01Q10002135|200204|74661.50|0|014|346|||||7.375|0.00||||||||||||||||||||74661.50
F01Q10002135|200205|74520.36|0|015|345|||||7.375|0.00||||||||||||||||||||74520.36
F01Q10002135|200206|74378.35|0|016|344|||||7.375|0.00||||||||||||||||||||74378.35
F01Q10002135|200207|74235.47|0|017|343|||||7.375|0.00||||||||||||||||||||74235.47
F01Q10002135|200208|74091.71|0|018|342|||||7.375|0.00||||||||||||||||||||74091.71
F01Q10002135|200209|73947.07|0|019|341|||||7.375|0.00||||||||||||||||||||73947.07
F01Q10002135|200210|0.00|0|020|340|||01|200210|7.375|0.00|||||||||||||||73947.07|||||0.00
F01Q10002167|200102|192000.00|0|000|360|||||7.500|0.00||||||||||||||||||||192000.00
F01Q10002167|200103|192000.00|0|001|359|||||7.500|0.00||||||||||||||||||||192000.00
F01Q10002167|200104|192000.00|0|002|358|||||7.500|0.00||||||||||||||||||||192000.00
F01Q10002167|200105|192000.00|0|003|357|||||7.500|0.00||||||||||||||||||||192000.00
F01Q10002167|200106|191000.00|0|004|356|||||7.500|0.00||||||||||||||||||||191000.00
F01Q10002167|200107|191000.00|0|005|355|||||7.500|0.00||||||||||||||||||||191000.00
F01Q10002167|200108|191000.00|0|006|354|||||7.500|0.00||||||||||||||||||||191000.00
F01Q10002167|200109|190983.66|0|007|353|||||7.500|0.00||||||||||||||||||||190983.66
F01Q10002167|200110|190834.82|0|008|352|||||7.500|0.00||||||||||||||||||||190834.82
F01Q10002167|200111|0.00|0|009|351|||01|200111|7.500|0.00|||||||||||||||190834.82|||||0.00
F01Q10002171|200102|175000.00|0|000|360|||||7.500|0.00||||||||||||||||||||175000.00
F01Q10002171|200103|175000.00|0|001|359|||||7.500|0.00||||||||||||||||||||175000.00
F01Q10002171|200104|175000.00|0|002|358|||||7.500|0.00||||||||||||||||||||175000.00
F01Q10002171|200105|175000.00|0|003|357|||||7.500|0.00||||||||||||||||||||175000.00
F01Q10002171|200106|174000.00|0|004|356|||||7.500|0.00||||||||||||||||||||174000.00
F01Q10002171|200107|174000.00|0|005|355|||||7.500|0.00||||||||||||||||||||174000.00
F01Q10002171|200108|174000.00|0|006|354|||||7.500|0.00||||||||||||||||||||174000.00
F01Q10002171|200109|174036.08|0|007|353|||||7.500|0.00||||||||||||||||||||174036.08
F01Q10002171|200110|173900.18|0|008|352|||||7.500|0.00||||||||||||||||||||173900.18
F01Q10002171|200111|173763.43|0|009|351|||||7.500|0.00||||||||||||||||||||173763.43
F01Q10002171|200112|173625.82|0|010|350|||||7.500|0.00||||||||||||||||||||173625.82
F01Q10002171|200201|173487.35|0|011|349|||||7.500|0.00||||||||||||||||||||173487.35
F01Q10002171|200202|173348.02|0|012|348|||||7.500|0.00||||||||||||||||||||173348.02
F01Q10002171|200203|173207.82|0|013|347|||||7.500|0.00||||||||||||||||||||173207.82
F01Q10002171|200204|173066.74|0|014|346|||||7.500|0.00||||||||||||||||||||173066.74
F01Q10002171|200205|172924.78|0|015|345|||||7.500|0.00||||||||||||||||||||172924.78
F01Q10002171|200206|172781.93|0|016|344|||||7.500|0.00||||||||||||||||||||172781.93
F01Q10002171|200207|172638.19|0|017|343|||||7.500|0.00||||||||||||||||||||172638.19
F01Q10002171|200208|0.00|0|018|342|||01|200208|7.500|0.00|||||||||||||||172638.19|||||0.00
F01Q10002320|200103|119000.00|0|000|180|||||6.375|0.00||||||||||||||||||||119000.00
F01Q10002320|200104|119000.00|0|001|179|||||6.375|0.00||||||||||||||||||||119000.00
F01Q10002320|200105|118000.00|0|002|178|||||6.375|0.00||||||||||||||||||||118000.00
F01Q10002320|200106|118000.00|0|003|177|||||6.375|0.00||||||||||||||||||||118000.00
F01Q10002320|200107|117000.00|0|004|176|||||6.375|0.00||||||||||||||||||||117000.00
F01Q10002320|200108|117000.00|0|005|175|||||6.375|0.00||||||||||||||||||||117000.00
F01Q10002320|200109|117000.00|0|006|174|||||6.375|0.00||||||||||||||||||||117000.00
F01Q10002320|200110|116181.50|0|007|173|||||6.375|0.00||||||||||||||||||||116181.50
F01Q10002320|200111|115770.25|0|008|172|||||6.375|0.00||||||||||||||||||||115770.25
F01Q10002320|200112|114941.19|0|009|171|||||6.375|0.00||||||||||||||||||||114941.19
F01Q10002320|200201|114941.19|0|010|170|||||6.375|0.00||||||||||||||||||||114941.19
F01Q10002320|200202|114103.31|0|011|169|||||6.375|0.00||||||||||||||||||||114103.31
F01Q10002320|200203|114103.31|0|012|168|||||6.375|0.00||||||||||||||||||||114103.31
F01Q10002320|200204|113681.02|0|013|167|||||6.375|0.00||||||||||||||||||||113681.02
F01Q10002320|200205|113256.49|0|014|166|||||6.375|0.00||||||||||||||||||||113256.49
F01Q10002320|200206|112400.66|0|015|165|||||6.375|0.00||||||||||||||||||||112400.66
F01Q10002320|200207|112400.66|0|016|164|||||6.375|0.00||||||||||||||||||||112400.66
F01Q10002320|200208|111969.33|0|017|163|||||6.375|0.00||||||||||||||||||||111969.33
F01Q10002320|200209|111099.78|0|018|162|||||6.375|0.00||||||||||||||||||||111099.78
F01Q10002320|200210|110661.54|0|019|161|||||6.375|0.00||||||||||||||||||||110661.54
F01Q10002320|200211|110661.54|0|020|160|||||6.375|0.00||||||||||||||||||||110661.54
F01Q10002320|200212|109778.06|0|021|159|||||6.375|0.00||||||||||||||||||||109778.06
F01Q10002320|200301|109332.80|0|022|158|||||6.375|0.00||||||||||||||||||||109332.80
F01Q10002320|200302|108885.17|0|023|157|||||6.375|0.00||||||||||||||||||||108885.17
F01Q10002320|200303|108885.17|0|024|156|||||6.375|0.00||||||||||||||||||||108885.17
F01Q10002320|200304|108435.16|0|025|155|||||6.375|0.00||||||||||||||||||||108435.16
F01Q10002320|200305|107982.76|0|026|154|||||6.375|0.00||||||||||||||||||||107982.76
F01Q10002320|200306|107527.96|0|027|153|||||6.375|0.00||||||||||||||||||||107527.96
F01Q10002320|200307|107070.74|0|028|152|||||6.375|0.00||||||||||||||||||||107070.74
F01Q10002320|200308|106611.09|0|029|151|||||6.375|0.00||||||||||||||||||||106611.09
F01Q10002320|200309|106149.00|0|030|150|||||6.375|0.00||||||||||||||||||||106149.00
F01Q10002320|200310|105684.46|0|031|149|||||6.375|0.00||||||||||||||||||||105684.46
F01Q10002320|200311|105217.45|0|032|148|||||6.375|0.00||||||||||||||||||||105217.45
F01Q10002320|200312|104747.96|0|033|147|||||6.375|0.00||||||||||||||||||||104747.96
F01Q10002320|200401|103801.48|0|034|146|||||6.375|0.00||||||||||||||||||||103801.48
F01Q10002320|200402|103801.48|0|035|145|||||6.375|0.00||||||||||||||||||||103801.48
F01Q10002320|200403|102844.92|0|036|144|||||6.375|0.00||||||||||||||||||||102844.92
F01Q10002320|200404|102362.82|0|037|143|||||6.375|0.00||||||||||||||||||||102362.82
F01Q10002320|200405|102362.82|0|038|142|||||6.375|0.00||||||||||||||||||||102362.82
F01Q10002320|200406|101862.77|0|039|141|||||6.375|0.00||||||||||||||||||||101862.77
F01Q10002320|200407|101375.46|0|040|140|||||6.375|0.00||||||||||||||||||||101375.46
F01Q10002320|200408|100885.56|0|041|139|||||6.375|0.00||||||||||||||||||||100885.56
F01Q10002320|200409|100383.87|0|042|138|||||6.375|0.00||||||||||||||||||||100383.87
F01Q10002320|200410|99381.72|0|043|137|||||6.375|0.00||||||||||||||||||||99381.72
F01Q10002320|200411|98872.05|0|044|136|||||6.375|0.00||||||||||||||||||||98872.05
F01Q10002320|200412|98872.05|0|045|135|||||6.375|0.00||||||||||||||||||||98872.05
F01Q10002320|200501|98368.85|0|046|134|||||6.375|0.00||||||||||||||||||||98368.85
F01Q10002320|200502|97354.41|0|047|133|||||6.375|0.00||||||||||||||||||||97354.41
F01Q10002320|200503|97354.41|0|048|132|||||6.375|0.00||||||||||||||||||||97354.41
F01Q10002320|200504|96327.65|0|049|131|||||6.375|0.00||||||||||||||||||||96327.65
F01Q10002320|200505|96327.65|0|050|130|||||6.375|0.00||||||||||||||||||||96327.65
F01Q10002320|200506|95806.17|0|051|129|||||6.375|0.00||||||||||||||||||||95806.17
F01Q10002320|200507|94754.89|0|052|128|||||6.375|0.00||||||||||||||||||||94754.89
F01Q10002320|200508|94225.06|0|053|127|||||6.375|0.00||||||||||||||||||||94225.06
F01Q10002320|200509|93691.41|0|054|126|||||6.375|0.00||||||||||||||||||||93691.41
F01Q10002320|200510|93691.41|0|055|125|||||6.375|0.00||||||||||||||||||||93691.41
F01Q10002320|200511|93155.93|0|056|124|||||6.375|0.00||||||||||||||||||||93155.93
F01Q10002320|200512|92617.60|0|057|123|||||6.375|0.00||||||||||||||||||||92617.60
F01Q10002320|200601|91532.35|0|058|122|||||6.375|0.00||||||||||||||||||||91532.35
F01Q10002320|200602|91532.35|0|059|121|||||6.375|0.00||||||||||||||||||||91532.35
F01Q10002320|200603|90431.79|0|060|120|||||6.375|0.00||||||||||||||||||||90431.79
F01Q10002320|200604|89875.24|0|061|119|||||6.375|0.00||||||||||||||||||||89875.24
F01Q10002320|200605|89875.24|0|062|118|||||6.375|0.00||||||||||||||||||||89875.24
F01Q10002320|200606|89315.73|0|063|117|||||6.375|0.00||||||||||||||||||||89315.73
F01Q10002320|200607|88753.25|0|064|116|||||6.375|0.00||||||||||||||||||||88753.25
F01Q10002320|200608|88187.78|0|065|115|||||6.375|0.00||||||||||||||||||||88187.78
F01Q10002320|200609|87619.31|0|066|114|||||6.375|0.00||||||||||||||||||||87619.31
F01Q10002320|200610|87047.82|0|067|113|||||6.375|0.00||||||||||||||||||||87047.82
F01Q10002320|200611|86473.29|0|068|112|||||6.375|0.00||||||||||||||||||||86473.29
F01Q10002320|200612|85895.71|0|069|111|||||6.375|0.00||||||||||||||||||||85895.71
F01Q10002320|200701|85315.06|0|070|110|||||6.375|0.00||||||||||||||||||||85315.06
F01Q10002320|200702|84731.33|0|071|109|||||6.375|0.00||||||||||||||||||||84731.33
F01Q10002320|200703|84144.50|0|072|108|||||6.375|0.00||||||||||||||||||||84144.50
F01Q10002320|200704|83538.54|0|073|107|||||6.375|0.00||||||||||||||||||||83538.54
F01Q10002320|200705|82929.36|0|074|106|||||6.375|0.00||||||||||||||||||||82929.36
F01Q10002320|200706|82316.94|0|075|105|||||6.375|0.00||||||||||||||||||||82316.94
F01Q10002320|200707|81701.27|0|076|104|||||6.375|0.00||||||||||||||||||||81701.27
F01Q10002320|200708|81082.33|0|077|103|||||6.375|0.00||||||||||||||||||||81082.33
F01Q10002320|200709|79834.56|0|078|102|||||6.375|0.00||||||||||||||||||||79834.56
F01Q10002320|200710|79205.70|0|079|101|||||6.375|0.00||||||||||||||||||||79205.70
F01Q10002320|200711|78573.50|0|080|100|||||6.375|0.00||||||||||||||||||||78573.50
F01Q10002320|200712|78573.50|0|081|099|||||6.375|0.00||||||||||||||||||||78573.50
F01Q10002320|200801|78573.50|0|082|098|||||6.375|0.00||||||||||||||||||||78573.50
F01Q10002320|200802|77937.94|0|083|097|||||6.375|0.00||||||||||||||||||||77937.94
F01Q10002320|200803|76692.95|0|084|096|||||6.375|0.00||||||||||||||||||||76692.95
F01Q10002320|200804|76070.81|0|085|095|||||6.375|0.00||||||||||||||||||||76070.81
F01Q10002320|200805|75445.37|0|086|094|||||6.375|0.00||||||||||||||||||||75445.37
F01Q10002320|200806|74816.60|0|087|093|||||6.375|0.00||||||||||||||||||||74816.60
F01Q10002320|200807|74184.49|0|088|092|||||6.375|0.00||||||||||||||||||||74184.49
F01Q10002320|200808|73549.03|0|089|091|||||6.375|0.00||||||||||||||||||||73549.03
F01Q10002320|200809|72910.19|0|090|090|||||6.375|0.00||||||||||||||||||||72910.19
F01Q10002320|200810|72267.96|0|091|089|||||6.375|0.00||||||||||||||||||||72267.96
F01Q10002320|200811|71622.31|0|092|088|||||6.375|0.00||||||||||||||||||||71622.31
F01Q10002320|200812|70973.23|0|093|087|||||6.375|0.00||||||||||||||||||||70973.23
F01Q10002320|200901|70320.71|0|094|086|||||6.375|0.00||||||||||||||||||||70320.71
F01Q10002320|200902|69664.72|0|095|085|||||6.375|0.00||||||||||||||||||||69664.72
F01Q10002320|200903|69005.24|0|096|084|||||6.375|0.00||||||||||||||||||||69005.24
F01Q10002320|200904|68330.08|0|097|083|||||6.375|0.00||||||||||||||||||||68330.08
F01Q10002320|200905|67651.33|0|098|082|||||6.375|0.00||||||||||||||||||||67651.33
F01Q10002320|200906|66968.98|0|099|081|||||6.375|0.00||||||||||||||||||||66968.98
F01Q10002320|200907|66283.00|0|100|080|||||6.375|0.00||||||||||||||||||||66283.00
F01Q10002320|200908|65593.38|0|101|079|||||6.375|0.00||||||||||||||||||||65593.38
F01Q10002320|200909|64900.09|0|102|078|||||6.375|0.00||||||||||||||||||||64900.09
F01Q10002320|200910|64900.09|0|103|077|||||6.375|0.00||||||||||||||||||||64900.09
F01Q10002320|200911|64216.41|0|104|076|||||6.375|0.00||||||||||||||||||||64216.41
F01Q10002320|200912|63529.10|1|105|075|||||6.375|0.00||||||||||||||||||||63529.10
F01Q10002320|201001|62838.14|1|106|074|||||6.375|0.00||||||||||||||||||||62838.14
F01Q10002320|201002|62143.51|0|107|073|||||6.375|0.00||||||||||||||||||||62143.51
F01Q10002320|201003|61445.19|0|108|072|||||6.375|0.00||||||||||||||||||||61445.19
F01Q10002320|201004|60743.16|0|109|071|||||6.375|0.00||||||||||||||||||||60743.16
F01Q10002320|201005|60037.40|1|110|070|||||6.375|0.00||||||||||||||||||||60037.40
F01Q10002320|201006|59327.89|1|111|069|||||6.375|0.00||||||||||||||||||||59327.89
F01Q10002320|201007|58614.61|1|112|068|||||6.375|0.00||||||||||||||||||||58614.61
F01Q10002320|201008|58614.61|1|113|067|||||6.375|0.00||||||||||||||||||||58614.61
F01Q10002320|201009|57897.54|1|114|066|||||6.375|0.00||||||||||||||||||||57897.54
F01Q10002320|201010|57176.66|1|115|065|||||6.375|0.00||||||||||||||||||||57176.66
F01Q10002320|201011|56451.95|2|116|064|||||6.375|0.00||||||||||||||||||||56451.95
F01Q10002320|201012|55723.39|1|117|063|||||6.375|0.00||||||||||||||||||||55723.39
F01Q10002320|201101|54990.96|1|118|062|||||6.375|0.00||||||||||||||||||||54990.96
F01Q10002320|201102|54254.64|2|119|061|||||6.375|0.00||||||||||||||||||||54254.64
F01Q10002320|201103|53514.41|2|120|060|||||6.375|0.00||||||||||||||||||||53514.41
F01Q10002320|201104|53514.41|3|121|059|||||6.375|0.00||||||||||||||||||||53514.41
F01Q10002320|201105|52022.13|2|122|058|||||6.375|0.00||||||||||||||||||||52022.13
F01Q10002320|201106|52022.13|3|123|057|||||6.375|0.00||||||||||||||||||||52022.13
F01Q10002320|201107|50513.95|2|124|056|||||6.375|0.00||||||||||||||||||||50513.95
F01Q10002320|201108|48989.71|1|125|055|||||6.375|0.00||||||||||||||||||||48989.71
F01Q10002320|201109|48182.25|0|126|054|||||6.375|0.00||||||||||||||||||||48182.25
F01Q10002320|201110|47409.76|0|127|053|||||6.375|0.00||||||||||||||||||||47409.76
F01Q10002320|201111|46633.16|0|128|052|||||6.375|0.00||||||||||||||||||||46633.16
F01Q10002320|201112|45852.44|0|129|051|||||6.375|0.00||||||||||||||||||||45852.44
F01Q10002320|201201|45065.09|0|130|050|||||6.375|0.00||||||||||||||||||||45065.09
F01Q10002320|201202|44267.92|0|131|049|||||6.375|0.00||||||||||||||||||||44267.92
F01Q10002320|201203|43466.51|0|132|048|||||6.375|0.00||||||||||||||||||||43466.51
F01Q10002320|201204|42655.85|0|133|047|||||6.375|0.00||||||||||||||||||||42655.85
F01Q10002320|201205|41834.48|0|134|046|||||6.375|0.00||||||||||||||||||||41834.48
F01Q10002320|201206|41008.75|0|135|045|||||6.375|0.00||||||||||||||||||||41008.75
F01Q10002320|201207|40178.63|1|136|044|||||6.375|0.00||||||||||||||||||||40178.63
F01Q10002320|201208|39363.62|1|137|043|||||6.375|0.00||||||||||||||||||||39363.62
F01Q10002320|201209|39363.62|2|138|042|||||6.375|0.00||||||||||||||||||||39363.62
F01Q10002320|201210|38544.28|2|139|041|||||6.375|0.00||||||||||||||||||||38544.28
F01Q10002320|201211|37720.59|2|140|040|||||6.375|0.00||||||||||||||||||||37720.59
F01Q10002320|201212|37720.59|1|141|039|||||6.375|0.00||||||||||||||||||||37720.59
F01Q10002320|201301|36060.05|2|142|038|||||6.375|0.00||||||||||||||||||||36060.05
F01Q10002320|201302|36060.05|3|143|037|||||6.375|0.00||||||||||||||||||||36060.05
F01Q10002320|201303|0.00|4|144|036|||01|201303|6.375|0.00|201211||||||||||||||36060.05|||||0.00
F01Q10002343|200103|65000.00|0|001|179|||||6.625|0.00||||||||||||||||||||65000.00
F01Q10002343|200104|65000.00|0|002|178|||||6.625|0.00||||||||||||||||||||65000.00
F01Q10002343|200105|65000.00|0|003|177|||||6.625|0.00||||||||||||||||||||65000.00
F01Q10002343|200106|65000.00|0|004|176|||||6.625|0.00||||||||||||||||||||65000.00
F01Q10002343|200107|65000.00|0|005|175|||||6.625|0.00||||||||||||||||||||65000.00
F01Q10002343|200108|64000.00|0|006|174|||||6.625|0.00||||||||||||||||||||64000.00
F01Q10002343|200109|63980.69|0|007|173|||||6.625|0.00||||||||||||||||||||63980.69
F01Q10002343|200110|63758.83|0|008|172|||||6.625|0.00||||||||||||||||||||63758.83
F01Q10002343|200111|63535.74|0|009|171|||||6.625|0.00||||||||||||||||||||63535.74
F01Q10002343|200112|63311.42|0|010|170|||||6.625|0.00||||||||||||||||||||63311.42
F01Q10002343|200201|63085.86|0|011|169|||||6.625|0.00||||||||||||||||||||63085.86
F01Q10002343|200202|62859.06|0|012|168|||||6.625|0.00||||||||||||||||||||62859.06
F01Q10002343|200203|62631.00|0|013|167|||||6.625|0.00||||||||||||||||||||62631.00
F01Q10002343|200204|62401.69|0|014|166|||||6.625|0.00||||||||||||||||||||62401.69
F01Q10002343|200205|62171.11|0|015|165|||||6.625|0.00||||||||||||||||||||62171.11
F01Q10002343|200206|61939.26|0|016|164|||||6.625|0.00||||||||||||||||||||61939.26
F01Q10002343|200207|61706.13|0|017|163|||||6.625|0.00||||||||||||||||||||61706.13
F01Q10002343|200208|61471.71|0|018|162|||||6.625|0.00||||||||||||||||||||61471.71
F01Q10002343|200209|61236.00|0|019|161|||||6.625|0.00||||||||||||||||||||61236.00
F01Q10002343|200210|60998.98|0|020|160|||||6.625|0.00||||||||||||||||||||60998.98
F01Q10002343|200211|60760.66|0|021|159|||||6.625|0.00||||||||||||||||||||60760.66
F01Q10002343|200212|60521.02|0|022|158|||||6.625|0.00||||||||||||||||||||60521.02
F01Q10002343|200301|60280.06|0|023|157|||||6.625|0.00||||||||||||||||||||60280.06
F01Q10002343|200302|60037.77|0|024|156|||||6.625|0.00||||||||||||||||||||60037.77
F01Q10002343|200303|59794.14|0|025|155|||||6.625|0.00||||||||||||||||||||59794.14
F01Q10002343|200304|59549.16|0|026|154|||||6.625|0.00||||||||||||||||||||59549.16
F01Q10002343|200305|59302.83|0|027|153|||||6.625|0.00||||||||||||||||||||59302.83
F01Q10002343|200306|59055.14|0|028|152|||||6.625|0.00||||||||||||||||||||59055.14
F01Q10002343|200307|0.00|0|029|151|||01|200307|6.625|0.00|||||||||||||||59055.14|||||0.00
F01Q10002348|200103|186000.00|0|001|179|||||6.500|0.00||||||||||||||||||||186000.00
F01Q10002348|200104|186000.00|0|002|178|||||6.500|0.00||||||||||||||||||||186000.00
F01Q10002348|200105|185000.00|0|003|177|||||6.500|0.00||||||||||||||||||||185000.00
F01Q10002348|200106|185000.00|0|004|176|||||6.500|0.00||||||||||||||||||||185000.00
F01Q10002348|200107|184000.00|0|005|175|||||6.500|0.00||||||||||||||||||||184000.00
F01Q10002348|200108|183000.00|0|006|174|||||6.500|0.00||||||||||||||||||||183000.00
F01Q10002348|200109|182616.91|0|007|173|||||6.500|0.00||||||||||||||||||||182616.91
F01Q10002348|200110|181977.11|0|008|172|||||6.500|0.00||||||||||||||||||||181977.11
F01Q10002348|200111|181333.85|0|009|171|||||6.500|0.00||||||||||||||||||||181333.85
F01Q10002348|200112|180687.11|0|010|170|||||6.500|0.00||||||||||||||||||||180687.11
F01Q10002348|200201|180036.86|0|011|169|||||6.500|0.00||||||||||||||||||||180036.86
F01Q10002348|200202|179383.09|0|012|168|||||6.500|0.00||||||||||||||||||||179383.09
F01Q10002348|200203|178725.78|0|013|167|||||6.500|0.00||||||||||||||||||||178725.78
F01Q10002348|200204|178064.91|0|014|166|||||6.500|0.00||||||||||||||||||||178064.91
F01Q10002348|200205|177400.46|0|015|165|||||6.500|0.00||||||||||||||||||||177400.46
F01Q10002348|200206|176732.41|0|016|164|||||6.500|0.00||||||||||||||||||||176732.41
F01Q10002348|200207|176060.74|0|017|163|||||6.500|0.00||||||||||||||||||||176060.74
F01Q10002348|200208|175385.43|0|018|162|||||6.500|0.00||||||||||||||||||||175385.43
F01Q10002348|200209|175385.43|0|019|161|||||6.500|0.00||||||||||||||||||||175385.43
F01Q10002348|200210|174023.82|0|020|160|||||6.500|0.00||||||||||||||||||||174023.82
F01Q10002348|200211|173337.48|0|021|159|||||6.500|0.00||||||||||||||||||||173337.48
F01Q10002348|200212|172647.42|0|022|158|||||6.500|0.00||||||||||||||||||||172647.42
F01Q10002348|200301|171953.62|0|023|157|||||6.500|0.00||||||||||||||||||||171953.62
F01Q10002348|200302|171256.07|0|024|156|||||6.500|0.00||||||||||||||||||||171256.07
F01Q10002348|200303|170554.74|0|025|155|||||6.500|0.00||||||||||||||||||||170554.74
F01Q10002348|200304|169849.61|0|026|154|||||6.500|0.00||||||||||||||||||||169849.61
F01Q10002348|200305|169140.66|0|027|153|||||6.500|0.00||||||||||||||||||||169140.66
F01Q10002348|200306|168427.87|0|028|152|||||6.500|0.00||||||||||||||||||||168427.87
F01Q10002348|200307|168427.87|0|029|151|||||6.500|0.00||||||||||||||||||||168427.87
F01Q10002348|200308|166990.69|0|030|150|||||6.500|0.00||||||||||||||||||||166990.69
F01Q10002348|200309|166266.25|0|031|149|||||6.500|0.00||||||||||||||||||||166266.25
F01Q10002348|200310|165537.89|0|032|148|||||6.500|0.00||||||||||||||||||||165537.89
F01Q10002348|200311|164805.58|0|033|147|||||6.500|0.00||||||||||||||||||||164805.58
F01Q10002348|200312|164069.31|0|034|146|||||6.500|0.00||||||||||||||||||||164069.31
F01Q10002348|200401|163329.05|0|035|145|||||6.500|0.00||||||||||||||||||||163329.05
F01Q10002348|200402|162584.78|0|036|144|||||6.500|0.00||||||||||||||||||||162584.78
F01Q10002348|200403|0.00|0|037|143|||01|200403|6.500|0.00|||||||||||||||162584.78|||||0.00
F01Q10002383|200103|59000.00|0|001|179|||||6.875|0.00||||||||||||||||||||59000.00
F01Q10002383|200104|59000.00|0|002|178|||||6.875|0.00||||||||||||||||||||59000.00
F01Q10002383|200105|59000.00|0|003|177|||||6.875|0.00||||||||||||||||||||59000.00
F01Q10002383|200106|59000.00|0|004|176|||||6.875|0.00||||||||||||||||||||59000.00
F01Q10002383|200107|58000.00|0|005|175|||||6.875|0.00||||||||||||||||||||58000.00
F01Q10002383|200108|58000.00|1|006|174|||||6.875|0.00||||||||||||||||||||58000.00
F01Q10002383|200109|58015.47|0|007|173|||||6.875|0.00||||||||||||||||||||58015.47
F01Q10002383|200110|57818.31|0|008|172|||||6.875|0.00||||||||||||||||||||57818.31
F01Q10002383|200111|57620.02|0|009|171|||||6.875|0.00||||||||||||||||||||57620.02
F01Q10002383|200112|57620.02|0|010|170|||||6.875|0.00||||||||||||||||||||57620.02
F01Q10002383|200201|57220.02|0|011|169|||||6.875|0.00||||||||||||||||||||57220.02
F01Q10002383|200202|57018.30|0|012|168|||||6.875|0.00||||||||||||||||||||57018.30
F01Q10002383|200203|56815.43|0|013|167|||||6.875|0.00||||||||||||||||||||56815.43
F01Q10002383|200204|56611.40|0|014|166|||||6.875|0.00||||||||||||||||||||56611.40
F01Q10002383|200205|56406.20|0|015|165|||||6.875|0.00||||||||||||||||||||56406.20
F01Q10002383|200206|56199.82|0|016|164|||||6.875|0.00||||||||||||||||||||56199.82
F01Q10002383|200207|55878.25|0|017|163|||||6.875|0.00||||||||||||||||||||55878.25
F01Q10002383|200208|55668.32|0|018|162|||||6.875|0.00||||||||||||||||||||55668.32
F01Q10002383|200209|55668.32|0|019|161|||||6.875|0.00||||||||||||||||||||55668.32
F01Q10002383|200210|55245.36|0|020|160|||||6.875|0.00||||||||||||||||||||55245.36
F01Q10002383|200211|55245.36|0|021|159|||||6.875|0.00||||||||||||||||||||55245.36
F01Q10002383|200212|54818.08|0|022|158|||||6.875|0.00||||||||||||||||||||54818.08
F01Q10002383|200301|54602.60|0|023|157|||||6.875|0.00||||||||||||||||||||54602.60
F01Q10002383|200302|54385.89|0|024|156|||||6.875|0.00||||||||||||||||||||54385.89
F01Q10002383|200303|54385.89|0|025|155|||||6.875|0.00||||||||||||||||||||54385.89
F01Q10002383|200304|53866.92|0|026|154|||||6.875|0.00||||||||||||||||||||53866.92
F01Q10002383|200305|53645.99|0|027|153|||||6.875|0.00||||||||||||||||||||53645.99
F01Q10002383|200306|53645.99|0|028|152|||||6.875|0.00||||||||||||||||||||53645.99
F01Q10002383|200307|53200.33|0|029|151|||||6.875|0.00||||||||||||||||||||53200.33
F01Q10002383|200308|52975.58|0|030|150|||||6.875|0.00||||||||||||||||||||52975.58
F01Q10002383|200309|52975.58|0|031|149|||||6.875|0.00||||||||||||||||||||52975.58
F01Q10002383|200310|52522.22|0|032|148|||||6.875|0.00||||||||||||||||||||52522.22
F01Q10002383|200311|52252.80|0|033|147|||||6.875|0.00||||||||||||||||||||52252.80
F01Q10002383|200312|52252.80|0|034|146|||||6.875|0.00||||||||||||||||||||52252.80
F01Q10002383|200401|51750.35|0|035|145|||||6.875|0.00||||||||||||||||||||51750.35
F01Q10002383|200402|51514.98|0|036|144|||||6.875|0.00||||||||||||||||||||51514.98
F01Q10002383|200403|51280.00|0|037|143|||||6.875|0.00||||||||||||||||||||51280.00
F01Q10002383|200404|51043.67|0|038|142|||||6.875|0.00||||||||||||||||||||51043.67
F01Q10002383|200405|50805.99|0|039|141|||||6.875|0.00||||||||||||||||||||50805.99
F01Q10002383|200406|50567.53|0|040|140|||||6.875|0.00||||||||||||||||||||50567.53
F01Q10002383|200407|50567.53|0|041|139|||||6.875|0.00||||||||||||||||||||50567.53
F01Q10002383|200408|50327.70|0|042|138|||||6.875|0.00||||||||||||||||||||50327.70
F01Q10002383|200409|0.00|0|043|137|||01|200409|6.875|0.00|||||||||||||||50327.70|||||0.00
F01Q10002410|200103|119000.00|0|001|179|||||6.625|0.00||||||||||||||||||||119000.00
F01Q10002410|200104|118000.00|0|002|178|||||6.625|0.00||||||||||||||||||||118000.00
F01Q10002410|200105|118000.00|0|003|177|||||6.625|0.00||||||||||||||||||||118000.00
F01Q10002410|200106|118000.00|0|004|176|||||6.625|0.00||||||||||||||||||||118000.00
F01Q10002410|200107|117000.00|0|005|175|||||6.625|0.00||||||||||||||||||||117000.00
F01Q10002410|200108|117000.00|0|006|174|||||6.625|0.00||||||||||||||||||||117000.00
F01Q10002410|200109|116435.13|0|007|173|||||6.625|0.00||||||||||||||||||||116435.13
F01Q10002410|200110|116031.38|0|008|172|||||6.625|0.00||||||||||||||||||||116031.38
F01Q10002410|200111|115625.40|0|009|171|||||6.625|0.00||||||||||||||||||||115625.40
F01Q10002410|200112|115217.18|0|010|170|||||6.625|0.00||||||||||||||||||||115217.18
F01Q10002410|200201|114806.70|0|011|169|||||6.625|0.00||||||||||||||||||||114806.70
F01Q10002410|200202|114393.96|0|012|168|||||6.625|0.00||||||||||||||||||||114393.96
F01Q10002410|200203|113978.94|0|013|167|||||6.625|0.00||||||||||||||||||||113978.94
F01Q10002410|200204|113561.63|0|014|166|||||6.625|0.00||||||||||||||||||||113561.63
F01Q10002410|200205|113142.01|0|015|165|||||6.625|0.00||||||||||||||||||||113142.01
F01Q10002410|200206|112720.08|0|016|164|||||6.625|0.00||||||||||||||||||||112720.08
F01Q10002410|200207|112295.82|0|017|163|||||6.625|0.00||||||||||||||||||||112295.82
F01Q10002410|200208|111869.22|0|018|162|||||6.625|0.00||||||||||||||||||||111869.22
F01Q10002410|200209|111440.26|0|019|161|||||6.625|0.00||||||||||||||||||||111440.26
F01Q10002410|200210|111008.93|0|020|160|||||6.625|0.00||||||||||||||||||||111008.93
F01Q10002410|200211|110575.22|0|021|159|||||6.625|0.00||||||||||||||||||||110575.22
F01Q10002410|200212|110139.12|0|022|158|||||6.625|0.00||||||||||||||||||||110139.12
F01Q10002410|200301|109700.61|0|023|157|||||6.625|0.00||||||||||||||||||||109700.61
F01Q10002410|200302|109259.68|0|024|156|||||6.625|0.00||||||||||||||||||||109259.68
F01Q10002410|200303|108816.31|0|025|155|||||6.625|0.00||||||||||||||||||||108816.31
F01Q10002410|200304|108370.50|0|026|154|||||6.625|0.00||||||||||||||||||||108370.50
F01Q10002410|200305|107922.23|0|027|153|||||6.625|0.00||||||||||||||||||||107922.23
F01Q10002410|200306|107471.48|0|028|152|||||6.625|0.00||||||||||||||||||||107471.48
F01Q10002410|200307|107018.24|0|029|151|||||6.625|0.00||||||||||||||||||||107018.24
F01Q10002410|200308|0.00|0|030|150|||01|200308|6.625|0.00|||||||||||||||107018.24|||||0.00
F01Q10002452|200103|60000.00|0|001|179|||||6.500|0.00||||||||||||||||||||60000.00
F01Q10002452|200104|59000.00|0|002|178|||||6.500|0.00||||||||||||||||||||59000.00
F01Q10002452|200105|58000.00|0|003|177|||||6.500|0.00||||||||||||||||||||58000.00
F01Q10002452|200106|57000.00|0|004|176|||||6.500|0.00||||||||||||||||||||57000.00
F01Q10002452|200107|57000.00|0|005|175|||||6.500|0.00||||||||||||||||||||57000.00
F01Q10002452|200108|56000.00|0|006|174|||||6.500|0.00||||||||||||||||||||56000.00
F01Q10002452|200109|55957.48|0|007|173|||||6.500|0.00||||||||||||||||||||55957.48
F01Q10002452|200110|55517.17|0|008|172|||||6.500|0.00||||||||||||||||||||55517.17
F01Q10002452|200111|55195.23|0|009|171|||||6.500|0.00||||||||||||||||||||55195.23
F01Q10002452|200112|54971.54|0|010|170|||||6.500|0.00||||||||||||||||||||54971.54
F01Q10002452|200201|54546.64|0|011|169|||||6.500|0.00||||||||||||||||||||54546.64
F01Q10002452|200202|54019.44|0|012|168|||||6.500|0.00||||||||||||||||||||54019.44
F01Q10002452|200203|53489.39|0|013|167|||||6.500|0.00||||||||||||||||||||53489.39
F01Q10002452|200204|52956.46|0|014|166|||||6.500|0.00||||||||||||||||||||52956.46
F01Q10002452|200205|52420.65|0|015|165|||||6.500|0.00||||||||||||||||||||52420.65
F01Q10002452|200206|51881.94|0|016|164|||||6.500|0.00||||||||||||||||||||51881.94
F01Q10002452|200207|51440.31|0|017|163|||||6.500|0.00||||||||||||||||||||51440.31
F01Q10002452|200208|50896.29|0|018|162|||||6.500|0.00||||||||||||||||||||50896.29
F01Q10002452|200209|50499.32|0|019|161|||||6.500|0.00||||||||||||||||||||50499.32
F01Q10002452|200210|49950.20|0|020|160|||||6.500|0.00||||||||||||||||||||49950.20
F01Q10002452|200211|49434.10|0|021|159|||||6.500|0.00||||||||||||||||||||49434.10
F01Q10002452|200212|49179.21|0|022|158|||||6.500|0.00||||||||||||||||||||49179.21
F01Q10002452|200301|48822.94|0|023|157|||||6.500|0.00||||||||||||||||||||48822.94
F01Q10002452|200302|48564.74|0|024|156|||||6.500|0.00||||||||||||||||||||48564.74
F01Q10002452|200303|47905.14|0|025|155|||||6.500|0.00||||||||||||||||||||47905.14
F01Q10002452|200304|47242.03|0|026|154|||||6.500|0.00||||||||||||||||||||47242.03
F01Q10002452|200305|46675.26|0|027|153|||||6.500|0.00||||||||||||||||||||46675.26
F01Q10002452|200306|46105.42|0|028|152|||||6.500|0.00||||||||||||||||||||46105.42
F01Q10002452|200307|45732.50|0|029|151|||||6.500|0.00||||||||||||||||||||45732.50
F01Q10002452|200308|45257.56|0|030|150|||||6.500|0.00||||||||||||||||||||45257.56
F01Q10002452|200309|44880.05|0|031|149|||||6.500|0.00||||||||||||||||||||44880.05
F01Q10002452|200310|44400.49|0|032|148|||||6.500|0.00||||||||||||||||||||44400.49
F01Q10002452|200311|43918.33|0|033|147|||||6.500|0.00||||||||||||||||||||43918.33
F01Q10002452|200312|43433.56|0|034|146|||||6.500|0.00||||||||||||||||||||43433.56
F01Q10002452|200401|42846.17|0|035|145|||||6.500|0.00||||||||||||||||||||42846.17
F01Q10002452|200402|42846.17|0|036|144|||||6.500|0.00||||||||||||||||||||42846.17
F01Q10002452|200403|41782.84|0|037|143|||||6.500|0.00||||||||||||||||||||41782.84
F01Q10002452|200404|41486.50|0|038|142|||||6.500|0.00||||||||||||||||||||41486.50
F01Q10002452|200405|41188.56|0|039|141|||||6.500|0.00||||||||||||||||||||41188.56
F01Q10002452|200406|40889.00|0|040|140|||||6.500|0.00||||||||||||||||||||40889.00
F01Q10002452|200407|40587.82|0|041|139|||||6.500|0.00||||||||||||||||||||40587.82
F01Q10002452|200408|40285.01|0|042|138|||||6.500|0.00||||||||||||||||||||40285.01
F01Q10002452|200409|39980.56|0|043|137|||||6.500|0.00||||||||||||||||||||39980.56
F01Q10002452|200410|39674.46|0|044|136|||||6.500|0.00||||||||||||||||||||39674.46
F01Q10002452|200411|39366.70|0|045|135|||||6.500|0.00||||||||||||||||||||39366.70
F01Q10002452|200412|39057.28|0|046|134|||||6.500|0.00||||||||||||||||||||39057.28
F01Q10002452|200501|38746.18|0|047|133|||||6.500|0.00||||||||||||||||||||38746.18
F01Q10002452|200502|38433.40|0|048|132|||||6.500|0.00||||||||||||||||||||38433.40
F01Q10002452|200503|38118.92|0|049|131|||||6.500|0.00||||||||||||||||||||38118.92
F01Q10002452|200504|37802.74|0|050|130|||||6.500|0.00||||||||||||||||||||37802.74
F01Q10002452|200505|37484.84|0|051|129|||||6.500|0.00||||||||||||||||||||37484.84
F01Q10002452|200506|37165.22|0|052|128|||||6.500|0.00||||||||||||||||||||37165.22
F01Q10002452|200507|36343.87|0|053|127|||||6.500|0.00||||||||||||||||||||36343.87
F01Q10002452|200508|35518.07|0|054|126|||||6.500|0.00||||||||||||||||||||35518.07
F01Q10002452|200509|34687.80|0|055|125|||||6.500|0.00||||||||||||||||||||34687.80
F01Q10002452|200510|34687.80|0|056|124|||||6.500|0.00||||||||||||||||||||34687.80
F01Q10002452|200511|33013.74|0|057|123|||||6.500|0.00||||||||||||||||||||33013.74
F01Q10002452|200512|32469.90|0|058|122|||||6.500|0.00||||||||||||||||||||32469.90
F01Q10002452|200601|31623.12|0|059|121|||||6.500|0.00||||||||||||||||||||31623.12
F01Q10002452|200602|31271.75|0|060|120|||||6.500|0.00||||||||||||||||||||31271.75
F01Q10002452|200603|29918.48|0|061|119|||||6.500|0.00||||||||||||||||||||29918.48
F01Q10002452|200604|28957.88|0|062|118|||||6.500|0.00||||||||||||||||||||28957.88
F01Q10002452|200605|27992.08|0|063|117|||||6.500|0.00||||||||||||||||||||27992.08
F01Q10002452|200606|27021.04|0|064|116|||||6.500|0.00||||||||||||||||||||27021.04
F01Q10002452|200607|27021.04|0|065|115|||||6.500|0.00||||||||||||||||||||27021.04
F01Q10002452|200608|26165.86|0|066|114|||||6.500|0.00||||||||||||||||||||26165.86
F01Q10002452|200609|25284.93|0|067|113|||||6.500|0.00||||||||||||||||||||25284.93
F01Q10002452|200610|24399.23|0|068|112|||||6.500|0.00||||||||||||||||||||24399.23
F01Q10002452|200611|23708.73|0|069|111|||||6.500|0.00||||||||||||||||||||23708.73
F01Q10002452|200612|22814.49|0|070|110|||||6.500|0.00||||||||||||||||||||22814.49
F01Q10002452|200701|22814.49|0|071|109|||||6.500|0.00||||||||||||||||||||22814.49
F01Q10002452|200702|21814.17|0|072|108|||||6.500|0.00||||||||||||||||||||21814.17
F01Q10002452|200703|21814.17|0|073|107|||||6.500|0.00||||||||||||||||||||21814.17
F01Q10002452|200704|20602.98|0|074|106|||||6.500|0.00||||||||||||||||||||20602.98
F01Q10002452|200705|19691.92|0|075|105|||||6.500|0.00||||||||||||||||||||19691.92
F01Q10002452|200706|18775.92|0|076|104|||||6.500|0.00||||||||||||||||||||18775.92
F01Q10002452|200707|17854.96|0|077|103|||||6.500|0.00||||||||||||||||||||17854.96
F01Q10002452|200708|17129.01|0|078|102|||||6.500|0.00||||||||||||||||||||17129.01
F01Q10002452|200709|16299.13|0|079|101|||||6.500|0.00||||||||||||||||||||16299.13
F01Q10002452|200710|15364.76|0|080|100|||||6.500|0.00||||||||||||||||||||15364.76
F01Q10002452|200711|14625.33|0|081|099|||||6.500|0.00||||||||||||||||||||14625.33
F01Q10002452|200712|14625.33|0|082|098|||||6.500|0.00||||||||||||||||||||14625.33
F01Q10002452|200801|13134.42|0|083|097|||||6.500|0.00||||||||||||||||||||13134.42
F01Q10002452|200802|12282.90|0|084|096|||||6.500|0.00||||||||||||||||||||12282.90
F01Q10002452|200803|11368.77|0|085|095|||||6.500|0.00||||||||||||||||||||11368.77
F01Q10002452|200804|11368.77|0|086|094|||||6.500|0.00||||||||||||||||||||11368.77
F01Q10002452|200805|9642.49|0|087|093|||||6.500|0.00||||||||||||||||||||9642.49
F01Q10002452|200806|8722.06|0|088|092|||||6.500|0.00||||||||||||||||||||8722.06
F01Q10002452|200807|8046.64|0|089|091|||||6.500|0.00||||||||||||||||||||8046.64
F01Q10002452|200808|7267.57|0|090|090|||||6.500|0.00||||||||||||||||||||7267.57
F01Q10002452|200809|6284.28|0|091|089|||||6.500|0.00||||||||||||||||||||6284.28
F01Q10002452|200810|5395.66|0|092|088|||||6.500|0.00||||||||||||||||||||5395.66
F01Q10002452|200811|4402.23|0|093|087|||||6.500|0.00||||||||||||||||||||4402.23
F01Q10002452|200812|3826.08|0|094|086|||||6.500|0.00||||||||||||||||||||3826.08
F01Q10002452|200901|3009.14|0|095|085|||||6.500|0.00||||||||||||||||||||3009.14
F01Q10002452|200902|2002.78|0|096|084|||||6.500|0.00||||||||||||||||||||2002.78
F01Q10002452|200903|974.97|0|097|083|||||6.500|0.00||||||||||||||||||||974.97
F01Q10002452|200904|257.59|0|098|082|||||6.500|0.00||||||||||||||||||||257.59
F01Q10002452|200905|0.00|0|099|081|||01|200905|6.500|0.00|||||||||||||||257.59|||||0.00
F01Q10002537|200102|239000.00|0|000|360|||||7.000|0.00||||||||||||||||||||239000.00
F01Q10002537|200103|239000.00|0|001|359|||||7.000|0.00||||||||||||||||||||239000.00
F01Q10002537|200104|238000.00|0|002|358|||||7.000|0.00||||||||||||||||||||238000.00
F01Q10002537|200105|238000.00|0|003|357|||||7.000|0.00||||||||||||||||||||238000.00
F01Q10002537|200106|238000.00|0|004|356|||||7.000|0.00||||||||||||||||||||238000.00
F01Q10002537|200107|238000.00|0|005|355|||||7.000|0.00||||||||||||||||||||238000.00
F01Q10002537|200108|238000.00|0|006|354|||||7.000|0.00||||||||||||||||||||238000.00
F01Q10002537|200109|237306.16|0|007|353|||||7.000|0.00||||||||||||||||||||237306.16
F01Q10002537|200110|237102.37|0|008|352|||||7.000|0.00||||||||||||||||||||237102.37
F01Q10002537|200111|236897.39|0|009|351|||||7.000|0.00||||||||||||||||||||236897.39
F01Q10002537|200112|236691.21|0|010|350|||||7.000|0.00||||||||||||||||||||236691.21
F01Q10002537|200201|236483.83|0|011|349|||||7.000|0.00||||||||||||||||||||236483.83
F01Q10002537|200202|236275.24|0|012|348|||||7.000|0.00||||||||||||||||||||236275.24
F01Q10002537|200203|236065.43|0|013|347|||||7.000|0.00||||||||||||||||||||236065.43
F01Q10002537|200204|235854.40|0|014|346|||||7.000|0.00||||||||||||||||||||235854.40
F01Q10002537|200205|235642.14|0|015|345|||||7.000|0.00||||||||||||||||||||235642.14
F01Q10002537|200206|235428.64|0|016|344|||||7.000|0.00||||||||||||||||||||235428.64
F01Q10002537|200207|235213.89|0|017|343|||||7.000|0.00||||||||||||||||||||235213.89
F01Q10002537|200208|234997.89|0|018|342|||||7.000|0.00||||||||||||||||||||234997.89
F01Q10002537|200209|234780.63|0|019|341|||||7.000|0.00||||||||||||||||||||234780.63
F01Q10002537|200210|234562.10|0|020|340|||||7.000|0.00||||||||||||||||||||234562.10
F01Q10002537|200211|234342.30|0|021|339|||||7.000|0.00||||||||||||||||||||234342.30
F01Q10002537|200212|234121.22|0|022|338|||||7.000|0.00||||||||||||||||||||234121.22
F01Q10002537|200301|0.00|0|023|337|||01|200301|7.000|0.00|||||||||||||||234121.22|||||0.00
F01Q10002551|200103|213000.00|0|000|360|||||7.000|0.00||||||||||||||||||||213000.00
F01Q10002551|200104|212000.00|0|001|359|||||7.000|0.00||||||||||||||||||||212000.00
F01Q10002551|200105|212000.00|0|002|358|||||7.000|0.00||||||||||||||||||||212000.00
F01Q10002551|200106|212000.00|0|003|357|||||7.000|0.00||||||||||||||||||||212000.00
F01Q10002551|200107|212000.00|0|004|356|||||7.000|0.00||||||||||||||||||||212000.00
F01Q10002551|200108|211000.00|0|005|355|||||7.000|0.00||||||||||||||||||||211000.00
F01Q10002551|200109|211000.00|0|006|354|||||7.000|0.00||||||||||||||||||||211000.00
F01Q10002551|200110|210918.98|0|007|353|||||7.000|0.00||||||||||||||||||||210918.98
F01Q10002551|200111|210676.40|0|008|352|||||7.000|0.00||||||||||||||||||||210676.40
F01Q10002551|200112|210432.41|0|009|351|||||7.000|0.00||||||||||||||||||||210432.41
F01Q10002551|200201|210186.99|0|010|350|||||7.000|0.00||||||||||||||||||||210186.99
F01Q10002551|200202|209940.14|0|011|349|||||7.000|0.00||||||||||||||||||||209940.14
F01Q10002551|200203|209727.20|0|012|348|||||7.000|0.00||||||||||||||||||||209727.20
F01Q10002551|200204|209536.84|0|013|347|||||7.000|0.00||||||||||||||||||||209536.84
F01Q10002551|200205|209345.37|0|014|346|||||7.000|0.00||||||||||||||||||||209345.37
F01Q10002551|200206|0.00|0|015|345|||01|200206|7.000|0.00|||||||||||||||209345.37|||||0.00
F01Q10002657|200102|65000.00|0|000|360|||||7.000|0.00||||||||||||||||||||65000.00
F01Q10002657|200103|65000.00|0|001|359|||||7.000|0.00||||||||||||||||||||65000.00
F01Q10002657|200104|65000.00|0|002|358|||||7.000|0.00||||||||||||||||||||65000.00
F01Q10002657|200105|65000.00|0|003|357|||||7.000|0.00||||||||||||||||||||65000.00
F01Q10002657|200106|65000.00|0|004|356|||||7.000|0.00||||||||||||||||||||65000.00
F01Q10002657|200107|65000.00|0|005|355|||||7.000|0.00||||||||||||||||||||65000.00
F01Q10002657|200108|65000.00|0|006|354|||||7.000|0.00||||||||||||||||||||65000.00
F01Q10002657|200109|64620.42|0|007|353|||||7.000|0.00||||||||||||||||||||64620.42
F01Q10002657|200110|64564.92|0|008|352|||||7.000|0.00||||||||||||||||||||64564.92
F01Q10002657|200111|64509.10|0|009|351|||||7.000|0.00||||||||||||||||||||64509.10
F01Q10002657|200112|64452.95|0|010|350|||||7.000|0.00||||||||||||||||||||64452.95
F01Q10002657|200201|64396.48|0|011|349|||||7.000|0.00||||||||||||||||||||64396.48
F01Q10002657|200202|64339.68|0|012|348|||||7.000|0.00||||||||||||||||||||64339.68
F01Q10002657|200203|64282.54|0|013|347|||||7.000|0.00||||||||||||||||||||64282.54
F01Q10002657|200204|64225.07|0|014|346|||||7.000|0.00||||||||||||||||||||64225.07
F01Q10002657|200205|64167.27|0|015|345|||||7.000|0.00||||||||||||||||||||64167.27
F01Q10002657|200206|64109.13|0|016|344|||||7.000|0.00||||||||||||||||||||64109.13
F01Q10002657|200207|64050.65|0|017|343|||||7.000|0.00||||||||||||||||||||64050.65
F01Q10002657|200208|63991.83|0|018|342|||||7.000|0.00||||||||||||||||||||63991.83
F01Q10002657|200209|63932.67|0|019|341|||||7.000|0.00||||||||||||||||||||63932.67
F01Q10002657|200210|63873.16|0|020|340|||||7.000|0.00||||||||||||||||||||63873.16
F01Q10002657|200211|63813.30|0|021|339|||||7.000|0.00||||||||||||||||||||63813.30
F01Q10002657|200212|63753.09|0|022|338|||||7.000|0.00||||||||||||||||||||63753.09
F01Q10002657|200301|63692.53|0|023|337|||||7.000|0.00||||||||||||||||||||63692.53
F01Q10002657|200302|63631.62|0|024|336|||||7.000|0.00||||||||||||||||||||63631.62
F01Q10002657|200303|63570.35|0|025|335|||||7.000|0.00||||||||||||||||||||63570.35
F01Q10002657|200304|63508.73|0|026|334|||||7.000|0.00||||||||||||||||||||63508.73
F01Q10002657|200305|63446.75|0|027|333|||||7.000|0.00||||||||||||||||||||63446.75
F01Q10002657|200306|63384.41|0|028|332|||||7.000|0.00||||||||||||||||||||63384.41
F01Q10002657|200307|0.00|0|029|331|||01|200307|7.000|0.00|||||||||||||||63384.41|||||0.00
F01Q10002698|200102|83000.00|0|000|360|||||7.250|0.00||||||||||||||||||||83000.00
F01Q10002698|200103|83000.00|0|001|359|||||7.250|0.00||||||||||||||||||||83000.00
F01Q10002698|200104|83000.00|0|002|358|||||7.250|0.00||||||||||||||||||||83000.00
F01Q10002698|200105|83000.00|0|003|357|||||7.250|0.00||||||||||||||||||||83000.00
F01Q10002698|200106|83000.00|0|004|356|||||7.250|0.00||||||||||||||||||||83000.00
F01Q10002698|200107|83000.00|0|005|355|||||7.250|0.00||||||||||||||||||||83000.00
F01Q10002698|200108|83000.00|0|006|354|||||7.250|0.00||||||||||||||||||||83000.00
F01Q10002698|200109|82538.45|0|007|353|||||7.250|0.00||||||||||||||||||||82538.45
F01Q10002698|200110|82470.91|0|008|352|||||7.250|0.00||||||||||||||||||||82470.91
F01Q10002698|200111|82402.96|0|009|351|||||7.250|0.00||||||||||||||||||||82402.96
F01Q10002698|200112|82334.60|0|010|350|||||7.250|0.00||||||||||||||||||||82334.60
F01Q10002698|200201|82265.83|0|011|349|||||7.250|0.00||||||||||||||||||||82265.83
F01Q10002698|200202|82196.64|0|012|348|||||7.250|0.00||||||||||||||||||||82196.64
F01Q10002698|200203|82127.03|0|013|347|||||7.250|0.00||||||||||||||||||||82127.03
F01Q10002698|200204|82057.00|0|014|346|||||7.250|0.00||||||||||||||||||||82057.00
F01Q10002698|200205|81986.55|0|015|345|||||7.250|0.00||||||||||||||||||||81986.55
F01Q10002698|200206|81915.68|0|016|344|||||7.250|0.00||||||||||||||||||||81915.68
F01Q10002698|200207|81844.38|0|017|343|||||7.250|0.00||||||||||||||||||||81844.38
F01Q10002698|200208|81772.65|0|018|342|||||7.250|0.00||||||||||||||||||||81772.65
F01Q10002698|200209|81700.48|0|019|341|||||7.250|0.00||||||||||||||||||||81700.48
F01Q10002698|200210|81627.88|0|020|340|||||7.250|0.00||||||||||||||||||||81627.88
F01Q10002698|200211|81554.84|0|021|339|||||7.250|0.00||||||||||||||||||||81554.84
F01Q10002698|200212|81481.36|0|022|338|||||7.250|0.00||||||||||||||||||||81481.36
F01Q10002698|200301|81407.43|0|023|337|||||7.250|0.00||||||||||||||||||||81407.43
F01Q10002698|200302|81333.06|0|024|336|||||7.250|0.00||||||||||||||||||||81333.06
F01Q10002698|200303|81333.06|0|025|335|||||7.250|0.00||||||||||||||||||||81333.06
F01Q10002698|200304|81182.97|0|026|334|||||7.250|0.00||||||||||||||||||||81182.97
F01Q10002698|200305|81107.24|0|027|333|||||7.250|0.00||||||||||||||||||||81107.24
F01Q10002698|200306|81031.05|0|028|332|||||7.250|0.00||||||||||||||||||||81031.05
F01Q10002698|200307|80954.40|0|029|331|||||7.250|0.00||||||||||||||||||||80954.40
F01Q10002698|200308|80877.29|0|030|330|||||7.250|0.00||||||||||||||||||||80877.29
F01Q10002698|200309|80799.71|0|031|329|||||7.250|0.00||||||||||||||||||||80799.71
F01Q10002698|200310|80721.66|0|032|328|||||7.250|0.00||||||||||||||||||||80721.66
F01Q10002698|200311|80643.14|0|033|327|||||7.250|0.00||||||||||||||||||||80643.14
F01Q10002698|200312|80564.15|0|034|326|||||7.250|0.00||||||||||||||||||||80564.15
F01Q10002698|200401|80484.68|0|035|325|||||7.250|0.00||||||||||||||||||||80484.68
F01Q10002698|200402|80404.73|0|036|324|||||7.250|0.00||||||||||||||||||||80404.73
F01Q10002698|200403|80324.30|0|037|323|||||7.250|0.00||||||||||||||||||||80324.30
F01Q10002698|200404|80243.38|0|038|322|||||7.250|0.00||||||||||||||||||||80243.38
F01Q10002698|200405|80161.97|0|039|321|||||7.250|0.00||||||||||||||||||||80161.97
F01Q10002698|200406|80080.07|0|040|320|||||7.250|0.00||||||||||||||||||||80080.07
F01Q10002698|200407|79997.68|0|041|319|||||7.250|0.00||||||||||||||||||||79997.68
F01Q10002698|200408|79914.79|0|042|318|||||7.250|0.00||||||||||||||||||||79914.79
F01Q10002698|200409|79831.40|0|043|317|||||7.250|0.00||||||||||||||||||||79831.40
F01Q10002698|200410|79747.50|0|044|316|||||7.250|0.00||||||||||||||||||||79747.50
F01Q10002698|200411|79663.10|0|045|315|||||7.250|0.00||||||||||||||||||||79663.10
F01Q10002698|200412|79578.19|0|046|314|||||7.250|0.00||||||||||||||||||||79578.19
F01Q10002698|200501|79492.76|0|047|313|||||7.250|0.00||||||||||||||||||||79492.76
F01Q10002698|200502|0.00|0|048|312|||01|200502|7.250|0.00|||||||||||||||79492.76|||||0.00
F01Q10002743|200103|188000.00|0|000|360|||||7.000|0.00||||||||||||||||||||188000.00
F01Q10002743|200104|188000.00|0|001|359|||||7.000|0.00||||||||||||||||||||188000.00
F01Q10002743|200105|188000.00|0|002|358|||||7.000|0.00||||||||||||||||||||188000.00
F01Q10002743|200106|188000.00|0|003|357|||||7.000|0.00||||||||||||||||||||188000.00
F01Q10002743|200107|187000.00|0|004|356|||||7.000|0.00||||||||||||||||||||187000.00
F01Q10002743|200108|187000.00|0|005|355|||||7.000|0.00||||||||||||||||||||187000.00
F01Q10002743|200109|187000.00|0|006|354|||||7.000|0.00||||||||||||||||||||187000.00
F01Q10002743|200110|186902.21|0|007|353|||||7.000|0.00||||||||||||||||||||186902.21
F01Q10002743|200111|186741.70|0|008|352|||||7.000|0.00||||||||||||||||||||186741.70
F01Q10002743|200112|186580.26|0|009|351|||||7.000|0.00||||||||||||||||||||186580.26
F01Q10002743|200201|186417.87|0|010|350|||||7.000|0.00||||||||||||||||||||186417.87
F01Q10002743|200202|186254.54|0|011|349|||||7.000|0.00||||||||||||||||||||186254.54
F01Q10002743|200203|186090.25|0|012|348|||||7.000|0.00||||||||||||||||||||186090.25
F01Q10002743|200204|185925.01|0|013|347|||||7.000|0.00||||||||||||||||||||185925.01
F01Q10002743|200205|185758.80|0|014|346|||||7.000|0.00||||||||||||||||||||185758.80
F01Q10002743|200206|185591.62|0|015|345|||||7.000|0.00||||||||||||||||||||185591.62
F01Q10002743|200207|185423.47|0|016|344|||||7.000|0.00||||||||||||||||||||185423.47
F01Q10002743|200208|185254.34|0|017|343|||||7.000|0.00||||||||||||||||||||185254.34
F01Q10002743|200209|185084.22|0|018|342|||||7.000|0.00||||||||||||||||||||185084.22
F01Q10002743|200210|184913.11|0|019|341|||||7.000|0.00||||||||||||||||||||184913.11
F01Q10002743|200211|184741.00|0|020|340|||||7.000|0.00||||||||||||||||||||184741.00
F01Q10002743|200212|184567.89|0|021|339|||||7.000|0.00||||||||||||||||||||184567.89
F01Q10002743|200301|184393.77|0|022|338|||||7.000|0.00||||||||||||||||||||184393.77
F01Q10002743|200302|184218.63|0|023|337|||||7.000|0.00||||||||||||||||||||184218.63
F01Q10002743|200303|184042.47|0|024|336|||||7.000|0.00||||||||||||||||||||184042.47
F01Q10002743|200304|183865.28|0|025|335|||||7.000|0.00||||||||||||||||||||183865.28
F01Q10002743|200305|183687.06|0|026|334|||||7.000|0.00||||||||||||||||||||183687.06
F01Q10002743|200306|0.00|0|027|333|||01|200306|7.000|0.00|||||||||||||||183687.06|||||0.00
F01Q10002942|200102|112000.00|0|000|360|||||7.250|0.00||||||||||||||||||||112000.00
F01Q10002942|200103|112000.00|0|001|359|||||7.250|0.00||||||||||||||||||||112000.00
F01Q10002942|200104|112000.00|0|002|358|||||7.250|0.00||||||||||||||||||||112000.00
F01Q10002942|200105|112000.00|0|003|357|||||7.250|0.00||||||||||||||||||||112000.00
F01Q10002942|200106|112000.00|0|004|356|||||7.250|0.00||||||||||||||||||||112000.00
F01Q10002942|200107|112000.00|0|005|355|||||7.250|0.00||||||||||||||||||||112000.00
F01Q10002942|200108|111000.00|0|006|354|||||7.250|0.00||||||||||||||||||||111000.00
F01Q10002942|200109|111377.20|0|007|353|||||7.250|0.00||||||||||||||||||||111377.20
F01Q10002942|200110|111377.20|0|008|352|||||7.250|0.00||||||||||||||||||||111377.20
F01Q10002942|200111|111102.13|0|009|351|||||7.250|0.00||||||||||||||||||||111102.13
F01Q10002942|200112|111102.13|0|010|350|||||7.250|0.00||||||||||||||||||||111102.13
F01Q10002942|200201|111009.33|0|011|349|||||7.250|0.00||||||||||||||||||||111009.33
F01Q10002942|200202|110915.97|0|012|348|||||7.250|0.00||||||||||||||||||||110915.97
F01Q10002942|200203|110822.05|0|013|347|||||7.250|0.00||||||||||||||||||||110822.05
F01Q10002942|200204|110727.56|0|014|346|||||7.250|0.00||||||||||||||||||||110727.56
F01Q10002942|200205|110632.50|0|015|345|||||7.250|0.00||||||||||||||||||||110632.50
F01Q10002942|200206|110536.86|0|016|344|||||7.250|0.00||||||||||||||||||||110536.86
F01Q10002942|200207|110440.65|0|017|343|||||7.250|0.00||||||||||||||||||||110440.65
F01Q10002942|200208|110343.86|0|018|342|||||7.250|0.00||||||||||||||||||||110343.86
F01Q10002942|200209|110246.48|0|019|341|||||7.250|0.00||||||||||||||||||||110246.48
F01Q10002942|200210|110148.51|0|020|340|||||7.250|0.00||||||||||||||||||||110148.51
F01Q10002942|200211|110049.95|0|021|339|||||7.250|0.00||||||||||||||||||||110049.95
F01Q10002942|200212|109950.80|0|022|338|||||7.250|0.00||||||||||||||||||||109950.80
F01Q10002942|200301|109851.05|0|023|337|||||7.250|0.00||||||||||||||||||||109851.05
F01Q10002942|200302|109750.69|0|024|336|||||7.250|0.00||||||||||||||||||||109750.69
F01Q10002942|200303|109649.73|0|025|335|||||7.250|0.00||||||||||||||||||||109649.73
F01Q10002942|200304|109548.16|0|026|334|||||7.250|0.00||||||||||||||||||||109548.16
F01Q10002942|200305|109445.97|0|027|333|||||7.250|0.00||||||||||||||||||||109445.97
F01Q10002942|200306|109343.17|0|028|332|||||7.250|0.00||||||||||||||||||||109343.17
F01Q10002942|200307|109239.75|0|029|331|||||7.250|0.00||||||||||||||||||||109239.75
F01Q10002942|200308|0.00|0|030|330|||01|200308|7.250|0.00|||||||||||||||109239.75|||||0.00
F01Q10002978|200102|272000.00|0|000|360|||||7.250|0.00||||||||||||||||||||272000.00
F01Q10002978|200103|272000.00|0|001|359|||||7.250|0.00||||||||||||||||||||272000.00
F01Q10002978|200104|272000.00|0|002|358|||||7.250|0.00||||||||||||||||||||272000.00
F01Q10002978|200105|271000.00|0|003|357|||||7.250|0.00||||||||||||||||||||271000.00
F01Q10002978|200106|271000.00|0|004|356|||||7.250|0.00||||||||||||||||||||271000.00
F01Q10002978|200107|271000.00|0|005|355|||||7.250|0.00||||||||||||||||||||271000.00
F01Q10002978|200108|271000.00|0|006|354|||||7.250|0.00||||||||||||||||||||271000.00
F01Q10002978|200109|270487.49|0|007|353|||||7.250|0.00||||||||||||||||||||270487.49
F01Q10002978|200110|270266.17|0|008|352|||||7.250|0.00||||||||||||||||||||270266.17
F01Q10002978|200111|270043.51|0|009|351|||||7.250|0.00||||||||||||||||||||270043.51
F01Q10002978|200112|0.00|0|010|350|||01|200112|7.250|0.00|||||||||||||||270043.51|||||0.00
F01Q10003044|200103|125000.00|0|000|360|||||7.375|0.00||||||||||||||||||||125000.00
F01Q10003044|200104|125000.00|0|001|359|||||7.375|0.00||||||||||||||||||||125000.00
F01Q10003044|200105|125000.00|0|002|358|||||7.375|0.00||||||||||||||||||||125000.00
F01Q10003044|200106|125000.00|0|003|357|||||7.375|0.00||||||||||||||||||||125000.00
F01Q10003044|200107|125000.00|0|004|356|||||7.375|0.00||||||||||||||||||||125000.00
F01Q10003044|200108|125000.00|0|005|355|||||7.375|0.00||||||||||||||||||||125000.00
F01Q10003044|200109|124000.00|0|006|354|||||7.375|0.00||||||||||||||||||||124000.00
F01Q10003044|200110|124320.17|0|007|353|||||7.375|0.00||||||||||||||||||||124320.17
F01Q10003044|200111|124220.65|0|008|352|||||7.375|0.00||||||||||||||||||||124220.65
F01Q10003044|200112|124120.52|0|009|351|||||7.375|0.00||||||||||||||||||||124120.52
F01Q10003044|200201|124019.77|0|010|350|||||7.375|0.00||||||||||||||||||||124019.77
F01Q10003044|200202|123918.40|0|011|349|||||7.375|0.00||||||||||||||||||||123918.40
F01Q10003044|200203|123816.41|0|012|348|||||7.375|0.00||||||||||||||||||||123816.41
F01Q10003044|200204|123681.75|0|013|347|||||7.375|0.00||||||||||||||||||||123681.75
F01Q10003044|200205|123546.27|0|014|346|||||7.375|0.00||||||||||||||||||||123546.27
F01Q10003044|200206|123442.22|0|015|345|||||7.375|0.00||||||||||||||||||||123442.22
F01Q10003044|200207|123337.54|0|016|344|||||7.375|0.00||||||||||||||||||||123337.54
F01Q10003044|200208|0.00|0|017|343|||01|200208|7.375|0.00|||||||||||||||123337.54|||||0.00
F01Q10003155|200103|111000.00|0|000|360|||||7.250|0.00||||||||||||||||||||111000.00
F01Q10003155|200104|110000.00|0|001|359|||||7.250|0.00||||||||||||||||||||110000.00
F01Q10003155|200105|110000.00|0|002|358|||||7.250|0.00||||||||||||||||||||110000.00
F01Q10003155|200106|110000.00|0|003|357|||||7.250|0.00||||||||||||||||||||110000.00
F01Q10003155|200107|110000.00|0|004|356|||||7.250|0.00||||||||||||||||||||110000.00
F01Q10003155|200108|110000.00|0|005|355|||||7.250|0.00||||||||||||||||||||110000.00
F01Q10003155|200109|110000.00|0|006|354|||||7.250|0.00||||||||||||||||||||110000.00
F01Q10003155|200110|109935.24|0|007|353|||||7.250|0.00||||||||||||||||||||109935.24
F01Q10003155|200111|109845.28|0|008|352|||||7.250|0.00||||||||||||||||||||109845.28
F01Q10003155|200112|109754.78|0|009|351|||||7.250|0.00||||||||||||||||||||109754.78
F01Q10003155|200201|109663.73|0|010|350|||||7.250|0.00||||||||||||||||||||109663.73
F01Q10003155|200202|109572.13|0|011|349|||||7.250|0.00||||||||||||||||||||109572.13
F01Q10003155|200203|109479.98|0|012|348|||||7.250|0.00||||||||||||||||||||109479.98
F01Q10003155|200204|109387.27|0|013|347|||||7.250|0.00||||||||||||||||||||109387.27
F01Q10003155|200205|109294.00|0|014|346|||||7.250|0.00||||||||||||||||||||109294.00
F01Q10003155|200206|109200.17|0|015|345|||||7.250|0.00||||||||||||||||||||109200.17
F01Q10003155|200207|109105.77|0|016|344|||||7.250|0.00||||||||||||||||||||109105.77
F01Q10003155|200208|109010.80|0|017|343|||||7.250|0.00||||||||||||||||||||109010.80
F01Q10003155|200209|109010.80|0|018|342|||||7.250|0.00||||||||||||||||||||109010.80
F01Q10003155|200210|0.00|0|019|341|||01|200210|7.250|0.00|||||||||||||||109010.80|||||0.00
F01Q10003190|200102|88000.00|0|000|360|||||7.000|0.00||||||||||||||||||||88000.00
F01Q10003190|200103|88000.00|0|001|359|||||7.000|0.00||||||||||||||||||||88000.00
F01Q10003190|200104|88000.00|0|002|358|||||7.000|0.00||||||||||||||||||||88000.00
F01Q10003190|200105|87000.00|0|003|357|||||7.000|0.00||||||||||||||||||||87000.00
F01Q10003190|200106|87000.00|0|004|356|||||7.000|0.00||||||||||||||||||||87000.00
F01Q10003190|200107|87000.00|0|005|355|||||7.000|0.00||||||||||||||||||||87000.00
F01Q10003190|200108|87000.00|0|006|354|||||7.000|0.00||||||||||||||||||||87000.00
F01Q10003190|200109|86268.47|0|007|353|||||7.000|0.00||||||||||||||||||||86268.47
F01Q10003190|200110|85986.23|0|008|352|||||7.000|0.00||||||||||||||||||||85986.23
F01Q10003190|200111|85702.35|0|009|351|||||7.000|0.00||||||||||||||||||||85702.35
F01Q10003190|200112|85416.81|0|010|350|||||7.000|0.00||||||||||||||||||||85416.81
F01Q10003190|200201|85129.60|0|011|349|||||7.000|0.00||||||||||||||||||||85129.60
F01Q10003190|200202|84840.72|0|012|348|||||7.000|0.00||||||||||||||||||||84840.72
F01Q10003190|200203|84550.15|0|013|347|||||7.000|0.00||||||||||||||||||||84550.15
F01Q10003190|200204|84257.89|0|014|346|||||7.000|0.00||||||||||||||||||||84257.89
F01Q10003190|200205|83963.92|0|015|345|||||7.000|0.00||||||||||||||||||||83963.92
F01Q10003190|200206|83668.24|0|016|344|||||7.000|0.00||||||||||||||||||||83668.24
F01Q10003190|200207|0.00|0|017|343|||01|200207|7.000|0.00|||||||||||||||83668.24|||||0.00
F01Q10003319|200103|52000.00|0|001|179|||||7.500|0.00||||||||||||||||||||52000.00
F01Q10003319|200104|52000.00|0|002|178|||||7.500|0.00||||||||||||||||||||52000.00
F01Q10003319|200105|51000.00|0|003|177|||||7.500|0.00||||||||||||||||||||51000.00
F01Q10003319|200106|51000.00|0|004|176|||||7.500|0.00||||||||||||||||||||51000.00
F01Q10003319|200107|51000.00|0|005|175|||||7.500|0.00||||||||||||||||||||51000.00
F01Q10003319|200108|51000.00|0|006|174|||||7.500|0.00||||||||||||||||||||51000.00
F01Q10003319|200109|50776.00|0|007|173|||||7.500|0.00||||||||||||||||||||50776.00
F01Q10003319|200110|50611.30|0|008|172|||||7.500|0.00||||||||||||||||||||50611.30
F01Q10003319|200111|50445.57|0|009|171|||||7.500|0.00||||||||||||||||||||50445.57
F01Q10003319|200112|50278.80|0|010|170|||||7.500|0.00||||||||||||||||||||50278.80
F01Q10003319|200201|50110.99|0|011|169|||||7.500|0.00||||||||||||||||||||50110.99
F01Q10003319|200202|49942.13|0|012|168|||||7.500|0.00||||||||||||||||||||49942.13
F01Q10003319|200203|49772.22|0|013|167|||||7.500|0.00||||||||||||||||||||49772.22
F01Q10003319|200204|49601.25|0|014|166|||||7.500|0.00||||||||||||||||||||49601.25
F01Q10003319|200205|49429.21|0|015|165|||||7.500|0.00||||||||||||||||||||49429.21
F01Q10003319|200206|49256.09|0|016|164|||||7.500|0.00||||||||||||||||||||49256.09
F01Q10003319|200207|49081.89|0|017|163|||||7.500|0.00||||||||||||||||||||49081.89
F01Q10003319|200208|48906.60|0|018|162|||||7.500|0.00||||||||||||||||||||48906.60
F01Q10003319|200209|48730.22|0|019|161|||||7.500|0.00||||||||||||||||||||48730.22
F01Q10003319|200210|48552.73|0|020|160|||||7.500|0.00||||||||||||||||||||48552.73
F01Q10003319|200211|48374.13|0|021|159|||||7.500|0.00||||||||||||||||||||48374.13
F01Q10003319|200212|48194.42|0|022|158|||||7.500|0.00||||||||||||||||||||48194.42
F01Q10003319|200301|48013.59|0|023|157|||||7.500|0.00||||||||||||||||||||48013.59
F01Q10003319|200302|47831.62|0|024|156|||||7.500|0.00||||||||||||||||||||47831.62
F01Q10003319|200303|47648.52|0|025|155|||||7.500|0.00||||||||||||||||||||47648.52
F01Q10003319|200304|47464.27|0|026|154|||||7.500|0.00||||||||||||||||||||47464.27
F01Q10003319|200305|47278.87|0|027|153|||||7.500|0.00||||||||||||||||||||47278.87
F01Q10003319|200306|47092.31|0|028|152|||||7.500|0.00||||||||||||||||||||47092.31
F01Q10003319|200307|46904.59|0|029|151|||||7.500|0.00||||||||||||||||||||46904.59
F01Q10003319|200308|46715.69|0|030|150|||||7.500|0.00||||||||||||||||||||46715.69
F01Q10003319|200309|46525.61|0|031|149|||||7.500|0.00||||||||||||||||||||46525.61
F01Q10003319|200310|46334.35|0|032|148|||||7.500|0.00||||||||||||||||||||46334.35
F01Q10003319|200311|46141.89|0|033|147|||||7.500|0.00||||||||||||||||||||46141.89
F01Q10003319|200312|45948.23|0|034|146|||||7.500|0.00||||||||||||||||||||45948.23
F01Q10003319|200401|45753.36|0|035|145|||||7.500|0.00||||||||||||||||||||45753.36
F01Q10003319|200402|45557.27|0|036|144|||||7.500|0.00||||||||||||||||||||45557.27
F01Q10003319|200403|45359.95|0|037|143|||||7.500|0.00||||||||||||||||||||45359.95
F01Q10003319|200404|45161.40|0|038|142|||||7.500|0.00||||||||||||||||||||45161.40
F01Q10003319|200405|44961.61|0|039|141|||||7.500|0.00||||||||||||||||||||44961.61
F01Q10003319|200406|44760.57|0|040|140|||||7.500|0.00||||||||||||||||||||44760.57
F01Q10003319|200407|44558.27|0|041|139|||||7.500|0.00||||||||||||||||||||44558.27
F01Q10003319|200408|44354.71|0|042|138|||||7.500|0.00||||||||||||||||||||44354.71
F01Q10003319|200409|44149.88|0|043|137|||||7.500|0.00||||||||||||||||||||44149.88
F01Q10003319|200410|43943.77|0|044|136|||||7.500|0.00||||||||||||||||||||43943.77
F01Q10003319|200411|43736.37|0|045|135|||||7.500|0.00||||||||||||||||||||43736.37
F01Q10003319|200412|43527.67|0|046|134|||||7.500|0.00||||||||||||||||||||43527.67
F01Q10003319|200501|43317.67|0|047|133|||||7.500|0.00||||||||||||||||||||43317.67
F01Q10003319|200502|43106.36|0|048|132|||||7.500|0.00||||||||||||||||||||43106.36
F01Q10003319|200503|42893.72|0|049|131|||||7.500|0.00||||||||||||||||||||42893.72
F01Q10003319|200504|42679.76|0|050|130|||||7.500|0.00||||||||||||||||||||42679.76
F01Q10003319|200505|42464.46|0|051|129|||||7.500|0.00||||||||||||||||||||42464.46
F01Q10003319|200506|42247.81|0|052|128|||||7.500|0.00||||||||||||||||||||42247.81
F01Q10003319|200507|42029.81|0|053|127|||||7.500|0.00||||||||||||||||||||42029.81
F01Q10003319|200508|41810.45|0|054|126|||||7.500|0.00||||||||||||||||||||41810.45
F01Q10003319|200509|41589.72|0|055|125|||||7.500|0.00||||||||||||||||||||41589.72
F01Q10003319|200510|41367.61|0|056|124|||||7.500|0.00||||||||||||||||||||41367.61
F01Q10003319|200511|41144.11|0|057|123|||||7.500|0.00||||||||||||||||||||41144.11
F01Q10003319|200512|40919.21|0|058|122|||||7.500|0.00||||||||||||||||||||40919.21
F01Q10003319|200601|40692.91|0|059|121|||||7.500|0.00||||||||||||||||||||40692.91
F01Q10003319|200602|40465.19|0|060|120|||||7.500|0.00||||||||||||||||||||40465.19
F01Q10003319|200603|40236.05|0|061|119|||||7.500|0.00||||||||||||||||||||40236.05
F01Q10003319|200604|40005.48|0|062|118|||||7.500|0.00||||||||||||||||||||40005.48
F01Q10003319|200605|39773.46|0|063|117|||||7.500|0.00||||||||||||||||||||39773.46
F01Q10003319|200606|39539.99|0|064|116|||||7.500|0.00||||||||||||||||||||39539.99
F01Q10003319|200607|39305.06|0|065|115|||||7.500|0.00||||||||||||||||||||39305.06
F01Q10003319|200608|39068.67|0|066|114|||||7.500|0.00||||||||||||||||||||39068.67
F01Q10003319|200609|38830.80|0|067|113|||||7.500|0.00||||||||||||||||||||38830.80
F01Q10003319|200610|38591.44|0|068|112|||||7.500|0.00||||||||||||||||||||38591.44
F01Q10003319|200611|38350.59|0|069|111|||||7.500|0.00||||||||||||||||||||38350.59
F01Q10003319|200612|38108.23|0|070|110|||||7.500|0.00||||||||||||||||||||38108.23
F01Q10003319|200701|37864.36|0|071|109|||||7.500|0.00||||||||||||||||||||37864.36
F01Q10003319|200702|37618.96|0|072|108|||||7.500|0.00||||||||||||||||||||37618.96
F01Q10003319|200703|37372.03|0|073|107|||||7.500|0.00||||||||||||||||||||37372.03
F01Q10003319|200704|37123.56|0|074|106|||||7.500|0.00||||||||||||||||||||37123.56
F01Q10003319|200705|36873.53|0|075|105|||||7.500|0.00||||||||||||||||||||36873.53
F01Q10003319|200706|36621.94|0|076|104|||||7.500|0.00||||||||||||||||||||36621.94
F01Q10003319|200707|36368.78|0|077|103|||||7.500|0.00||||||||||||||||||||36368.78
F01Q10003319|200708|36114.03|0|078|102|||||7.500|0.00||||||||||||||||||||36114.03
F01Q10003319|200709|35857.69|0|079|101|||||7.500|0.00||||||||||||||||||||35857.69
F01Q10003319|200710|35857.69|0|080|100|||||7.500|0.00||||||||||||||||||||35857.69
F01Q10003319|200711|35599.75|0|081|099|||||7.500|0.00||||||||||||||||||||35599.75
F01Q10003319|200712|35079.03|0|082|098|||||7.500|0.00||||||||||||||||||||35079.03
F01Q10003319|200801|35079.03|0|083|097|||||7.500|0.00||||||||||||||||||||35079.03
F01Q10003319|200802|34551.77|0|084|096|||||7.500|0.00||||||||||||||||||||34551.77
F01Q10003319|200803|34285.67|0|085|095|||||7.500|0.00||||||||||||||||||||34285.67
F01Q10003319|200804|34017.91|0|086|094|||||7.500|0.00||||||||||||||||||||34017.91
F01Q10003319|200805|34017.91|0|087|093|||||7.500|0.00||||||||||||||||||||34017.91
F01Q10003319|200806|33748.47|0|088|092|||||7.500|0.00||||||||||||||||||||33748.47
F01Q10003319|200807|33204.53|0|089|091|||||7.500|0.00||||||||||||||||||||33204.53
F01Q10003319|200808|32930.01|0|090|090|||||7.500|0.00||||||||||||||||||||32930.01
F01Q10003319|200809|32930.01|0|091|089|||||7.500|0.00||||||||||||||||||||32930.01
F01Q10003319|200810|32653.77|0|092|088|||||7.500|0.00||||||||||||||||||||32653.77
F01Q10003319|200811|32096.11|0|093|087|||||7.500|0.00||||||||||||||||||||32096.11
F01Q10003319|200812|32096.11|0|094|086|||||7.500|0.00||||||||||||||||||||32096.11
F01Q10003319|200901|31814.66|0|095|085|||||7.500|0.00||||||||||||||||||||31814.66
F01Q10003319|200902|31246.47|0|096|084|||||7.500|0.00||||||||||||||||||||31246.47
F01Q10003319|200903|31246.47|0|097|083|||||7.500|0.00||||||||||||||||||||31246.47
F01Q10003319|200904|30671.16|0|098|082|||||7.500|0.00||||||||||||||||||||30671.16
F01Q10003319|200905|30380.80|0|099|081|||||7.500|0.00||||||||||||||||||||30380.80
F01Q10003319|200906|30088.63|0|100|080|||||7.500|0.00||||||||||||||||||||30088.63
F01Q10003319|200907|29794.63|0|101|079|||||7.500|0.00||||||||||||||||||||29794.63
F01Q10003319|200908|29498.80|0|102|078|||||7.500|0.00||||||||||||||||||||29498.80
F01Q10003319|200909|29201.12|0|103|077|||||7.500|0.00||||||||||||||||||||29201.12
F01Q10003319|200910|28901.58|0|104|076|||||7.500|0.00||||||||||||||||||||28901.58
F01Q10003319|200911|28600.16|0|105|075|||||7.500|0.00||||||||||||||||||||28600.16
F01Q10003319|200912|28600.16|0|106|074|||||7.500|0.00||||||||||||||||||||28600.16
F01Q10003319|201001|27991.67|0|107|073|||||7.500|0.00||||||||||||||||||||27991.67
F01Q10003319|201002|27684.57|0|108|072|||||7.500|0.00||||||||||||||||||||27684.57
F01Q10003319|201003|27684.57|0|109|071|||||7.500|0.00||||||||||||||||||||27684.57
F01Q10003319|201004|27375.55|0|110|070|||||7.500|0.00||||||||||||||||||||27375.55
F01Q10003319|201005|26751.70|0|111|069|||||7.500|0.00||||||||||||||||||||26751.70
F01Q10003319|201006|26436.85|0|112|068|||||7.500|0.00||||||||||||||||||||26436.85
F01Q10003319|201007|26120.03|0|113|067|||||7.500|0.00||||||||||||||||||||26120.03
F01Q10003319|201008|26120.03|0|114|066|||||7.500|0.00||||||||||||||||||||26120.03
F01Q10003319|201009|25801.23|0|115|065|||||7.500|0.00||||||||||||||||||||25801.23
F01Q10003319|201010|25157.64|0|116|064|||||7.500|0.00||||||||||||||||||||25157.64
F01Q10003319|201011|25157.64|0|117|063|||||7.500|0.00||||||||||||||||||||25157.64
F01Q10003319|201012|24832.83|0|118|062|||||7.500|0.00||||||||||||||||||||24832.83
F01Q10003319|201101|24177.10|0|119|061|||||7.500|0.00||||||||||||||||||||24177.10
F01Q10003319|201102|24177.10|0|120|060|||||7.500|0.00||||||||||||||||||||24177.10
F01Q10003319|201103|23846.16|0|121|059|||||7.500|0.00||||||||||||||||||||23846.16
F01Q10003319|201104|23178.06|0|122|058|||||7.500|0.00||||||||||||||||||||23178.06
F01Q10003319|201105|23178.06|0|123|057|||||7.500|0.00||||||||||||||||||||23178.06
F01Q10003319|201106|22501.58|0|124|056|||||7.500|0.00||||||||||||||||||||22501.58
F01Q10003319|201107|22160.16|0|125|055|||||7.500|0.00||||||||||||||||||||22160.16
F01Q10003319|201108|22160.16|0|126|054|||||7.500|0.00||||||||||||||||||||22160.16
F01Q10003319|201109|21470.91|0|127|053|||||7.500|0.00||||||||||||||||||||21470.91
F01Q10003319|201110|21123.05|0|128|052|||||7.500|0.00||||||||||||||||||||21123.05
F01Q10003319|201111|20773.02|0|129|051|||||7.500|0.00||||||||||||||||||||20773.02
F01Q10003319|201112|20420.80|0|130|050|||||7.500|0.00||||||||||||||||||||20420.80
F01Q10003319|201201|20066.38|0|131|049|||||7.500|0.00||||||||||||||||||||20066.38
F01Q10003319|201202|19709.74|0|132|048|||||7.500|0.00||||||||||||||||||||19709.74
F01Q10003319|201203|19350.88|0|133|047|||||7.500|0.00||||||||||||||||||||19350.88
F01Q10003319|201204|18989.77|0|134|046|||||7.500|0.00||||||||||||||||||||18989.77
F01Q10003319|201205|18626.41|0|135|045|||||7.500|0.00||||||||||||||||||||18626.41
F01Q10003319|201206|18260.78|0|136|044|||||7.500|0.00||||||||||||||||||||18260.78
F01Q10003319|201207|17892.86|0|137|043|||||7.500|0.00||||||||||||||||||||17892.86
F01Q10003319|201208|17522.64|0|138|042|||||7.500|0.00||||||||||||||||||||17522.64
F01Q10003319|201209|17150.11|0|139|041|||||7.500|0.00||||||||||||||||||||17150.11
F01Q10003319|201210|16775.25|0|140|040|||||7.500|0.00||||||||||||||||||||16775.25
F01Q10003319|201211|16398.05|0|141|039|||||7.500|0.00||||||||||||||||||||16398.05
F01Q10003319|201212|16018.49|0|142|038|||||7.500|0.00||||||||||||||||||||16018.49
F01Q10003319|201301|15636.56|0|143|037|||||7.500|0.00||||||||||||||||||||15636.56
F01Q10003319|201302|15252.24|0|144|036|||||7.500|0.00||||||||||||||||||||15252.24
F01Q10003319|201303|14865.52|0|145|035|||||7.500|0.00||||||||||||||||||||14865.52
F01Q10003319|201304|14476.38|0|146|034|||||7.500|0.00||||||||||||||||||||14476.38
F01Q10003319|201305|14084.81|0|147|033|||||7.500|0.00||||||||||||||||||||14084.81
F01Q10003319|201306|13690.79|0|148|032|||||7.500|0.00||||||||||||||||||||13690.79
F01Q10003319|201307|13294.31|0|149|031|||||7.500|0.00||||||||||||||||||||13294.31
F01Q10003319|201308|12895.35|0|150|030|||||7.500|0.00||||||||||||||||||||12895.35
F01Q10003319|201309|12493.90|0|151|029|||||7.500|0.00||||||||||||||||||||12493.90
F01Q10003319|201310|12089.94|0|152|028|||||7.500|0.00||||||||||||||||||||12089.94
F01Q10003319|201311|11683.45|0|153|027|||||7.500|0.00||||||||||||||||||||11683.45
F01Q10003319|201312|11274.42|0|154|026|||||7.500|0.00||||||||||||||||||||11274.42
F01Q10003319|201401|10862.84|0|155|025|||||7.500|0.00||||||||||||||||||||10862.84
F01Q10003319|201402|10448.68|0|156|024|||||7.500|0.00||||||||||||||||||||10448.68
F01Q10003319|201403|10031.93|0|157|023|||||7.500|0.00||||||||||||||||||||10031.93
F01Q10003319|201404|9612.58|0|158|022|||||7.500|0.00||||||||||||||||||||9612.58
F01Q10003319|201405|9190.61|0|159|021|||||7.500|0.00||||||||||||||||||||9190.61
F01Q10003319|201406|8766.00|0|160|020|||||7.500|0.00||||||||||||||||||||8766.00
F01Q10003319|201407|8338.74|0|161|019|||||7.500|0.00||||||||||||||||||||8338.74
F01Q10003319|201408|7908.81|0|162|018|||||7.500|0.00||||||||||||||||||||7908.81
F01Q10003319|201409|7476.19|0|163|017|||||7.500|0.00||||||||||||||||||||7476.19
F01Q10003319|201410|7040.87|0|164|016|||||7.500|0.00||||||||||||||||||||7040.87
F01Q10003319|201411|6602.83|0|165|015|||||7.500|0.00||||||||||||||||||||6602.83
F01Q10003319|201412|6162.05|0|166|014|||||7.500|0.00||||||||||||||||||||6162.05
F01Q10003319|201501|5718.51|0|167|013|||||7.500|0.00||||||||||||||||||||5718.51
F01Q10003319|201502|5272.20|0|168|012|||||7.500|0.00||||||||||||||||||||5272.20
F01Q10003319|201503|4823.10|0|169|011|||||7.500|0.00||||||||||||||||||||4823.10
F01Q10003319|201504|4371.19|0|170|010|||||7.500|0.00||||||||||||||||||||4371.19
F01Q10003319|201505|3916.46|0|171|009|||||7.500|0.00||||||||||||||||||||3916.46
F01Q10003319|201506|3458.89|0|172|008|||||7.500|0.00||||||||||||||||||||3458.89
F01Q10003319|201507|2998.46|0|173|007|||||7.500|0.00||||||||||||||||||||2998.46
F01Q10003319|201508|2535.15|0|174|006|||||7.500|0.00||||||||||||||||||||2535.15
F01Q10003319|201509|2068.94|0|175|005|||||7.500|0.00||||||||||||||||||||2068.94
F01Q10003319|201510|1599.82|0|176|004|||||7.500|0.00||||||||||||||||||||1599.82
F01Q10003319|201511|1127.77|0|177|003|||||7.500|0.00||||||||||||||||||||1127.77
F01Q10003319|201512|652.77|0|178|002|||||7.500|0.00||||||||||||||||||||652.77
F01Q10003319|201601|0.00|0|179|001|||01|201601|7.500|0.00|||||||||||||||652.77|||||0.00
F01Q10003459|200103|46000.00|0|001|179|||||6.625|0.00||||||||||||||||||||46000.00
F01Q10003459|200104|46000.00|0|002|178|||||6.625|0.00||||||||||||||||||||46000.00
F01Q10003459|200105|46000.00|0|003|177|||||6.625|0.00||||||||||||||||||||46000.00
F01Q10003459|200106|46000.00|0|004|176|||||6.625|0.00||||||||||||||||||||46000.00
F01Q10003459|200107|46000.00|0|005|175|||||6.625|0.00||||||||||||||||||||46000.00
F01Q10003459|200108|45000.00|0|006|174|||||6.625|0.00||||||||||||||||||||45000.00
F01Q10003459|200109|45190.95|0|007|173|||||6.625|0.00||||||||||||||||||||45190.95
F01Q10003459|200110|45000.44|0|008|172|||||6.625|0.00||||||||||||||||||||45000.44
F01Q10003459|200111|44808.88|0|009|171|||||6.625|0.00||||||||||||||||||||44808.88
F01Q10003459|200112|44616.26|0|010|170|||||6.625|0.00||||||||||||||||||||44616.26
F01Q10003459|200201|44422.58|0|011|169|||||6.625|0.00||||||||||||||||||||44422.58
F01Q10003459|200202|44227.83|0|012|168|||||6.625|0.00||||||||||||||||||||44227.83
F01Q10003459|200203|44032.00|0|013|167|||||6.625|0.00||||||||||||||||||||44032.00
F01Q10003459|200204|43835.09|0|014|166|||||6.625|0.00||||||||||||||||||||43835.09
F01Q10003459|200205|43637.10|0|015|165|||||6.625|0.00||||||||||||||||||||43637.10
F01Q10003459|200206|43438.01|0|016|164|||||6.625|0.00||||||||||||||||||||43438.01
F01Q10003459|200207|43237.82|0|017|163|||||6.625|0.00||||||||||||||||||||43237.82
F01Q10003459|200208|43036.53|0|018|162|||||6.625|0.00||||||||||||||||||||43036.53
F01Q10003459|200209|42834.13|0|019|161|||||6.625|0.00||||||||||||||||||||42834.13
F01Q10003459|200210|42630.61|0|020|160|||||6.625|0.00||||||||||||||||||||42630.61
F01Q10003459|200211|42425.97|0|021|159|||||6.625|0.00||||||||||||||||||||42425.97
F01Q10003459|200212|42220.20|0|022|158|||||6.625|0.00||||||||||||||||||||42220.20
F01Q10003459|200301|42045.90|0|023|157|||||6.625|0.00||||||||||||||||||||42045.90
F01Q10003459|200302|41870.64|0|024|156|||||6.625|0.00||||||||||||||||||||41870.64
F01Q10003459|200303|41694.41|0|025|155|||||6.625|0.00||||||||||||||||||||41694.41
F01Q10003459|200304|0.00|0|026|154|||01|200304|6.625|0.00|||||||||||||||41694.41|||||0.00
F01Q10003526|200102|80000.00|0|000|360|||||7.625|0.00||||||||||||||||||||80000.00
F01Q10003526|200103|80000.00|0|001|359|||||7.625|0.00||||||||||||||||||||80000.00
F01Q10003526|200104|80000.00|0|002|358|||||7.625|0.00||||||||||||||||||||80000.00
F01Q10003526|200105|80000.00|0|003|357|||||7.625|0.00||||||||||||||||||||80000.00
F01Q10003526|200106|80000.00|0|004|356|||||7.625|0.00||||||||||||||||||||80000.00
F01Q10003526|200107|80000.00|0|005|355|||||7.625|0.00||||||||||||||||||||80000.00
F01Q10003526|200108|80000.00|0|006|354|||||7.625|0.00||||||||||||||||||||80000.00
F01Q10003526|200109|79835.54|0|007|353|||||7.625|0.00||||||||||||||||||||79835.54
F01Q10003526|200110|79774.82|0|008|352|||||7.625|0.00||||||||||||||||||||79774.82
F01Q10003526|200111|79652.21|0|009|351|||||7.625|0.00||||||||||||||||||||79652.21
F01Q10003526|200112|79590.32|0|010|350|||||7.625|0.00||||||||||||||||||||79590.32
F01Q10003526|200201|79528.04|0|011|349|||||7.625|0.00||||||||||||||||||||79528.04
F01Q10003526|200202|0.00|0|012|348|||01|200202|7.625|0.00|||||||||||||||79528.04|||||0.00
F01Q10003548|200103|137000.00|0|000|240|||||7.000|0.00||||||||||||||||||||137000.00
F01Q10003548|200104|137000.00|0|001|239|||||7.000|0.00||||||||||||||||||||137000.00
F01Q10003548|200105|137000.00|0|002|238|||||7.000|0.00||||||||||||||||||||137000.00
F01Q10003548|200106|136000.00|0|003|237|||||7.000|0.00||||||||||||||||||||136000.00
F01Q10003548|200107|136000.00|0|004|236|||||7.000|0.00||||||||||||||||||||136000.00
F01Q10003548|200108|136000.00|0|005|235|||||7.000|0.00||||||||||||||||||||136000.00
F01Q10003548|200109|136000.00|0|006|234|||||7.000|0.00||||||||||||||||||||136000.00
F01Q10003548|200110|135373.02|0|007|233|||||7.000|0.00||||||||||||||||||||135373.02
F01Q10003548|200111|135098.59|0|008|232|||||7.000|0.00||||||||||||||||||||135098.59
F01Q10003548|200112|134822.56|0|009|231|||||7.000|0.00||||||||||||||||||||134822.56
F01Q10003548|200201|134544.91|0|010|230|||||7.000|0.00||||||||||||||||||||134544.91
F01Q10003548|200202|134265.65|0|011|229|||||7.000|0.00||||||||||||||||||||134265.65
F01Q10003548|200203|133984.76|0|012|228|||||7.000|0.00||||||||||||||||||||133984.76
F01Q10003548|200204|133702.24|0|013|227|||||7.000|0.00||||||||||||||||||||133702.24
F01Q10003548|200205|133418.07|0|014|226|||||7.000|0.00||||||||||||||||||||133418.07
F01Q10003548|200206|133132.24|0|015|225|||||7.000|0.00||||||||||||||||||||133132.24
F01Q10003548|200207|132844.74|0|016|224|||||7.000|0.00||||||||||||||||||||132844.74
F01Q10003548|200208|132555.57|0|017|223|||||7.000|0.00||||||||||||||||||||132555.57
F01Q10003548|200209|132264.71|0|018|222|||||7.000|0.00||||||||||||||||||||132264.71
F01Q10003548|200210|131972.15|0|019|221|||||7.000|0.00||||||||||||||||||||131972.15
F01Q10003548|200211|131677.89|0|020|220|||||7.000|0.00||||||||||||||||||||131677.89
F01Q10003548|200212|131381.91|0|021|219|||||7.000|0.00||||||||||||||||||||131381.91
F01Q10003548|200301|131084.20|0|022|218|||||7.000|0.00||||||||||||||||||||131084.20
F01Q10003548|200302|130784.76|0|023|217|||||7.000|0.00||||||||||||||||||||130784.76
F01Q10003548|200303|130483.57|0|024|216|||||7.000|0.00||||||||||||||||||||130483.57
F01Q10003548|200304|130180.62|0|025|215|||||7.000|0.00||||||||||||||||||||130180.62
F01Q10003548|200305|129875.91|0|026|214|||||7.000|0.00||||||||||||||||||||129875.91
F01Q10003548|200306|129569.42|0|027|213|||||7.000|0.00||||||||||||||||||||129569.42
F01Q10003548|200307|129261.14|0|028|212|||||7.000|0.00||||||||||||||||||||129261.14
F01Q10003548|200308|128951.06|0|029|211|||||7.000|0.00||||||||||||||||||||128951.06
F01Q10003548|200309|128639.17|0|030|210|||||7.000|0.00||||||||||||||||||||128639.17
F01Q10003548|200310|128325.47|0|031|209|||||7.000|0.00||||||||||||||||||||128325.47
F01Q10003548|200311|128009.94|0|032|208|||||7.000|0.00||||||||||||||||||||128009.94
F01Q10003548|200312|127692.56|0|033|207|||||7.000|0.00||||||||||||||||||||127692.56
F01Q10003548|200401|127373.33|0|034|206|||||7.000|0.00||||||||||||||||||||127373.33
F01Q10003548|200402|127052.24|0|035|205|||||7.000|0.00||||||||||||||||||||127052.24
F01Q10003548|200403|126729.28|0|036|204|||||7.000|0.00||||||||||||||||||||126729.28
F01Q10003548|200404|126404.43|0|037|203|||||7.000|0.00||||||||||||||||||||126404.43
F01Q10003548|200405|126077.69|0|038|202|||||7.000|0.00||||||||||||||||||||126077.69
F01Q10003548|200406|125749.04|0|039|201|||||7.000|0.00||||||||||||||||||||125749.04
F01Q10003548|200407|125418.48|0|040|200|||||7.000|0.00||||||||||||||||||||125418.48
F01Q10003548|200408|125085.99|0|041|199|||||7.000|0.00||||||||||||||||||||125085.99
F01Q10003548|200409|124751.56|0|042|198|||||7.000|0.00||||||||||||||||||||124751.56
F01Q10003548|200410|124415.18|0|043|197|||||7.000|0.00||||||||||||||||||||124415.18
F01Q10003548|200411|124076.84|0|044|196|||||7.000|0.00||||||||||||||||||||124076.84
F01Q10003548|200412|124076.84|0|045|195|||||7.000|0.00||||||||||||||||||||124076.84
F01Q10003548|200501|123394.22|0|046|194|||||7.000|0.00||||||||||||||||||||123394.22
F01Q10003548|200502|123049.92|0|047|193|||||7.000|0.00||||||||||||||||||||123049.92
F01Q10003548|200503|122703.61|0|048|192|||||7.000|0.00||||||||||||||||||||122703.61
F01Q10003548|200504|0.00|0|049|191|||01|200504|7.000|0.00|||||||||||||||122703.61|||||0.00
F01Q10003567|200103|140000.00|0|000|180|||||6.625|0.00||||||||||||||||||||140000.00
F01Q10003567|200104|140000.00|0|001|179|||||6.625|0.00||||||||||||||||||||140000.00
F01Q10003567|200105|139000.00|0|002|178|||||6.625|0.00||||||||||||||||||||139000.00
F01Q10003567|200106|139000.00|0|003|177|||||6.625|0.00||||||||||||||||||||139000.00
F01Q10003567|200107|138000.00|0|004|176|||||6.625|0.00||||||||||||||||||||138000.00
F01Q10003567|200108|138000.00|0|005|175|||||6.625|0.00||||||||||||||||||||138000.00
F01Q10003567|200109|137000.00|0|006|174|||||6.625|0.00||||||||||||||||||||137000.00
F01Q10003567|200110|136752.70|0|007|173|||||6.625|0.00||||||||||||||||||||136752.70
F01Q10003567|200111|136278.50|0|008|172|||||6.625|0.00||||||||||||||||||||136278.50
F01Q10003567|200112|135801.68|0|009|171|||||6.625|0.00||||||||||||||||||||135801.68
F01Q10003567|200201|135322.23|0|010|170|||||6.625|0.00||||||||||||||||||||135322.23
F01Q10003567|200202|134840.13|0|011|169|||||6.625|0.00||||||||||||||||||||134840.13
F01Q10003567|200203|134355.37|0|012|168|||||6.625|0.00||||||||||||||||||||134355.37
F01Q10003567|200204|133833.94|0|013|167|||||6.625|0.00||||||||||||||||||||133833.94
F01Q10003567|200205|133309.63|0|014|166|||||6.625|0.00||||||||||||||||||||133309.63
F01Q10003567|200206|132782.43|0|015|165|||||6.625|0.00||||||||||||||||||||132782.43
F01Q10003567|200207|132252.32|0|016|164|||||6.625|0.00||||||||||||||||||||132252.32
F01Q10003567|200208|131719.28|0|017|163|||||6.625|0.00||||||||||||||||||||131719.28
F01Q10003567|200209|131183.30|0|018|162|||||6.625|0.00||||||||||||||||||||131183.30
F01Q10003567|200210|130644.36|0|019|161|||||6.625|0.00||||||||||||||||||||130644.36
F01Q10003567|200211|129902.45|0|020|160|||||6.625|0.00||||||||||||||||||||129902.45
F01Q10003567|200212|129156.44|0|021|159|||||6.625|0.00||||||||||||||||||||129156.44
F01Q10003567|200301|128406.31|0|022|158|||||6.625|0.00||||||||||||||||||||128406.31
F01Q10003567|200302|127652.04|0|023|157|||||6.625|0.00||||||||||||||||||||127652.04
F01Q10003567|200303|126893.61|0|024|156|||||6.625|0.00||||||||||||||||||||126893.61
F01Q10003567|200304|126181.44|0|025|155|||||6.625|0.00||||||||||||||||||||126181.44
F01Q10003567|200305|125465.34|0|026|154|||||6.625|0.00||||||||||||||||||||125465.34
F01Q10003567|200306|124745.28|0|027|153|||||6.625|0.00||||||||||||||||||||124745.28
F01Q10003567|200307|124021.25|0|028|152|||||6.625|0.00||||||||||||||||||||124021.25
F01Q10003567|200308|123293.22|0|029|151|||||6.625|0.00||||||||||||||||||||123293.22
F01Q10003567|200309|122561.17|0|030|150|||||6.625|0.00||||||||||||||||||||122561.17
F01Q10003567|200310|121808.62|0|031|149|||||6.625|0.00||||||||||||||||||||121808.62
F01Q10003567|200311|121051.92|0|032|148|||||6.625|0.00||||||||||||||||||||121051.92
F01Q10003567|200312|120291.04|0|033|147|||||6.625|0.00||||||||||||||||||||120291.04
F01Q10003567|200401|119525.96|0|034|146|||||6.625|0.00||||||||||||||||||||119525.96
F01Q10003567|200402|118756.65|0|035|145|||||6.625|0.00||||||||||||||||||||118756.65
F01Q10003567|200403|0.00|0|036|144|||01|200403|6.625|0.00|||||||||||||||118756.65|||||0.00
F01Q10003598|200103|122000.00|0|000|180|||||6.625|0.00||||||||||||||||||||122000.00
F01Q10003598|200104|122000.00|0|001|179|||||6.625|0.00||||||||||||||||||||122000.00
F01Q10003598|200105|121000.00|0|002|178|||||6.625|0.00||||||||||||||||||||121000.00
F01Q10003598|200106|121000.00|0|003|177|||||6.625|0.00||||||||||||||||||||121000.00
F01Q10003598|200107|120000.00|0|004|176|||||6.625|0.00||||||||||||||||||||120000.00
F01Q10003598|200108|119000.00|0|005|175|||||6.625|0.00||||||||||||||||||||119000.00
F01Q10003598|200109|119000.00|0|006|174|||||6.625|0.00||||||||||||||||||||119000.00
F01Q10003598|200110|118238.10|0|007|173|||||6.625|0.00||||||||||||||||||||118238.10
F01Q10003598|200111|117637.64|0|008|172|||||6.625|0.00||||||||||||||||||||117637.64
F01Q10003598|200112|117033.87|0|009|171|||||6.625|0.00||||||||||||||||||||117033.87
F01Q10003598|200201|116426.76|0|010|170|||||6.625|0.00||||||||||||||||||||116426.76
F01Q10003598|200202|115816.30|0|011|169|||||6.625|0.00||||||||||||||||||||115816.30
F01Q10003598|200203|115202.47|0|012|168|||||6.625|0.00||||||||||||||||||||115202.47
F01Q10003598|200204|114585.25|0|013|167|||||6.625|0.00||||||||||||||||||||114585.25
F01Q10003598|200205|113964.63|0|014|166|||||6.625|0.00||||||||||||||||||||113964.63
F01Q10003598|200206|113340.58|0|015|165|||||6.625|0.00||||||||||||||||||||113340.58
F01Q10003598|200207|112713.08|0|016|164|||||6.625|0.00||||||||||||||||||||112713.08
F01Q10003598|200208|112082.12|0|017|163|||||6.625|0.00||||||||||||||||||||112082.12
F01Q10003598|200209|111447.68|0|018|162|||||6.625|0.00||||||||||||||||||||111447.68
F01Q10003598|200210|110809.73|0|019|161|||||6.625|0.00||||||||||||||||||||110809.73
F01Q10003598|200211|110168.26|0|020|160|||||6.625|0.00||||||||||||||||||||110168.26
F01Q10003598|200212|109523.25|0|021|159|||||6.625|0.00||||||||||||||||||||109523.25
F01Q10003598|200301|108874.68|0|022|158|||||6.625|0.00||||||||||||||||||||108874.68
F01Q10003598|200302|108222.53|0|023|157|||||6.625|0.00||||||||||||||||||||108222.53
F01Q10003598|200303|107566.78|0|024|156|||||6.625|0.00||||||||||||||||||||107566.78
F01Q10003598|200304|0.00|0|025|155|||01|200304|6.625|0.00|||||||||||||||107566.78|||||0.00
F01Q10003599|200103|194000.00|0|000|180|||||6.500|0.00||||||||||||||||||||194000.00
F01Q10003599|200104|193000.00|0|001|179|||||6.500|0.00||||||||||||||||||||193000.00
F01Q10003599|200105|193000.00|0|002|178|||||6.500|0.00||||||||||||||||||||193000.00
F01Q10003599|200106|192000.00|0|003|177|||||6.500|0.00||||||||||||||||||||192000.00
F01Q10003599|200107|191000.00|0|004|176|||||6.500|0.00||||||||||||||||||||191000.00
F01Q10003599|200108|191000.00|0|005|175|||||6.500|0.00||||||||||||||||||||191000.00
F01Q10003599|200109|190000.00|0|006|174|||||6.500|0.00||||||||||||||||||||190000.00
F01Q10003599|200110|189452.82|0|007|173|||||6.500|0.00||||||||||||||||||||189452.82
F01Q10003599|200111|188789.07|0|008|172|||||6.500|0.00||||||||||||||||||||188789.07
F01Q10003599|200112|188121.73|0|009|171|||||6.500|0.00||||||||||||||||||||188121.73
F01Q10003599|200201|137450.77|0|010|170|||||6.500|0.00||||||||||||||||||||137450.77
F01Q10003599|200202|136505.35|0|011|169|||||6.500|0.00||||||||||||||||||||136505.35
F01Q10003599|200203|135554.80|0|012|168|||||6.500|0.00||||||||||||||||||||135554.80
F01Q10003599|200204|134599.11|0|013|167|||||6.500|0.00||||||||||||||||||||134599.11
F01Q10003599|200205|133638.24|0|014|166|||||6.500|0.00||||||||||||||||||||133638.24
F01Q10003599|200206|133638.24|0|015|165|||||6.500|0.00||||||||||||||||||||133638.24
F01Q10003599|200207|131700.85|0|016|164|||||6.500|0.00||||||||||||||||||||131700.85
F01Q10003599|200208|130724.28|0|017|163|||||6.500|0.00||||||||||||||||||||130724.28
F01Q10003599|200209|129742.42|0|018|162|||||6.500|0.00||||||||||||||||||||129742.42
F01Q10003599|200210|128755.24|0|019|161|||||6.500|0.00||||||||||||||||||||128755.24
F01Q10003599|200211|127762.71|0|020|160|||||6.500|0.00||||||||||||||||||||127762.71
F01Q10003599|200212|126764.81|0|021|159|||||6.500|0.00||||||||||||||||||||126764.81
F01Q10003599|200301|125761.50|0|022|158|||||6.500|0.00||||||||||||||||||||125761.50
F01Q10003599|200302|124752.76|0|023|157|||||6.500|0.00||||||||||||||||||||124752.76
F01Q10003599|200303|123738.55|0|024|156|||||6.500|0.00||||||||||||||||||||123738.55
F01Q10003599|200304|122718.85|0|025|155|||||6.500|0.00||||||||||||||||||||122718.85
F01Q10003599|200305|121693.63|0|026|154|||||6.500|0.00||||||||||||||||||||121693.63
F01Q10003599|200306|120662.85|0|027|153|||||6.500|0.00||||||||||||||||||||120662.85
F01Q10003599|200307|119626.49|0|028|152|||||6.500|0.00||||||||||||||||||||119626.49
F01Q10003599|200308|118584.52|0|029|151|||||6.500|0.00||||||||||||||||||||118584.52
F01Q10003599|200309|117536.90|0|030|150|||||6.500|0.00||||||||||||||||||||117536.90
F01Q10003599|200310|116483.61|0|031|149|||||6.500|0.00||||||||||||||||||||116483.61
F01Q10003599|200311|0.00|0|032|148|||01|200311|6.500|0.00|||||||||||||||116483.61|||||0.00
F01Q10003611|200103|226000.00|0|000|180|||||6.625|0.00||||||||||||||||||||226000.00
F01Q10003611|200104|225000.00|0|001|179|||||6.625|0.00||||||||||||||||||||225000.00
F01Q10003611|200105|224000.00|0|002|178|||||6.625|0.00||||||||||||||||||||224000.00
F01Q10003611|200106|223000.00|0|003|177|||||6.625|0.00||||||||||||||||||||223000.00
F01Q10003611|200107|223000.00|0|004|176|||||6.625|0.00||||||||||||||||||||223000.00
F01Q10003611|200108|222000.00|0|005|175|||||6.625|0.00||||||||||||||||||||222000.00
F01Q10003611|200109|222000.00|0|006|174|||||6.625|0.00||||||||||||||||||||222000.00
F01Q10003611|200110|221029.10|0|007|173|||||6.625|0.00||||||||||||||||||||221029.10
F01Q10003611|200111|219505.67|0|008|172|||||6.625|0.00||||||||||||||||||||219505.67
F01Q10003611|200112|218737.64|0|009|171|||||6.625|0.00||||||||||||||||||||218737.64
F01Q10003611|200201|217965.37|0|010|170|||||6.625|0.00||||||||||||||||||||217965.37
F01Q10003611|200202|217188.84|0|011|169|||||6.625|0.00||||||||||||||||||||217188.84
F01Q10003611|200203|216408.02|0|012|168|||||6.625|0.00||||||||||||||||||||216408.02
F01Q10003611|200204|215622.89|0|013|167|||||6.625|0.00||||||||||||||||||||215622.89
F01Q10003611|200205|214833.43|0|014|166|||||6.625|0.00||||||||||||||||||||214833.43
F01Q10003611|200206|214039.61|0|015|165|||||6.625|0.00||||||||||||||||||||214039.61
F01Q10003611|200207|213241.41|0|016|164|||||6.625|0.00||||||||||||||||||||213241.41
F01Q10003611|200208|212438.80|0|017|163|||||6.625|0.00||||||||||||||||||||212438.80
F01Q10003611|200209|211631.76|0|018|162|||||6.625|0.00||||||||||||||||||||211631.76
F01Q10003611|200210|210820.26|0|019|161|||||6.625|0.00||||||||||||||||||||210820.26
F01Q10003611|200211|210004.28|0|020|160|||||6.625|0.00||||||||||||||||||||210004.28
F01Q10003611|200212|209183.80|0|021|159|||||6.625|0.00||||||||||||||||||||209183.80
F01Q10003611|200301|208358.79|0|022|158|||||6.625|0.00||||||||||||||||||||208358.79
F01Q10003611|200302|207529.22|0|023|157|||||6.625|0.00||||||||||||||||||||207529.22
F01Q10003611|200303|206695.07|0|024|156|||||6.625|0.00||||||||||||||||||||206695.07
F01Q10003611|200304|205856.32|0|025|155|||||6.625|0.00||||||||||||||||||||205856.32
F01Q10003611|200305|205012.94|0|026|154|||||6.625|0.00||||||||||||||||||||205012.94
F01Q10003611|200306|0.00|0|027|153|||01|200306|6.625|0.00|||||||||||||||205012.94|||||0.00
F01Q10003669|200103|76000.00|0|000|180|||||6.500|0.00||||||||||||||||||||76000.00
F01Q10003669|200104|75000.00|0|001|179|||||6.500|0.00||||||||||||||||||||75000.00
F01Q10003669|200105|75000.00|0|002|178|||||6.500|0.00||||||||||||||||||||75000.00
F01Q10003669|200106|75000.00|0|003|177|||||6.500|0.00||||||||||||||||||||75000.00
F01Q10003669|200107|74000.00|0|004|176|||||6.500|0.00||||||||||||||||||||74000.00
F01Q10003669|200108|74000.00|0|005|175|||||6.500|0.00||||||||||||||||||||74000.00
F01Q10003669|200109|74000.00|0|006|174|||||6.500|0.00||||||||||||||||||||74000.00
F01Q10003669|200110|73730.33|0|007|173|||||6.500|0.00||||||||||||||||||||73730.33
F01Q10003669|200111|73472.01|0|008|172|||||6.500|0.00||||||||||||||||||||73472.01
F01Q10003669|200112|73212.29|0|009|171|||||6.500|0.00||||||||||||||||||||73212.29
F01Q10003669|200201|72951.17|0|010|170|||||6.500|0.00||||||||||||||||||||72951.17
F01Q10003669|200202|72688.63|0|011|169|||||6.500|0.00||||||||||||||||||||72688.63
F01Q10003669|200203|72424.67|0|012|168|||||6.500|0.00||||||||||||||||||||72424.67
F01Q10003669|200204|72159.28|0|013|167|||||6.500|0.00||||||||||||||||||||72159.28
F01Q10003669|200205|71892.45|0|014|166|||||6.500|0.00||||||||||||||||||||71892.45
F01Q10003669|200206|71624.18|0|015|165|||||6.500|0.00||||||||||||||||||||71624.18
F01Q10003669|200207|71354.45|0|016|164|||||6.500|0.00||||||||||||||||||||71354.45
F01Q10003669|200208|71083.26|0|017|163|||||6.500|0.00||||||||||||||||||||71083.26
F01Q10003669|200209|70810.60|0|018|162|||||6.500|0.00||||||||||||||||||||70810.60
F01Q10003669|200210|70536.47|0|019|161|||||6.500|0.00||||||||||||||||||||70536.47
F01Q10003669|200211|70260.85|0|020|160|||||6.500|0.00||||||||||||||||||||70260.85
F01Q10003669|200212|69983.74|0|021|159|||||6.500|0.00||||||||||||||||||||69983.74
F01Q10003669|200301|69705.13|0|022|158|||||6.500|0.00||||||||||||||||||||69705.13
F01Q10003669|200302|69425.01|0|023|157|||||6.500|0.00||||||||||||||||||||69425.01
F01Q10003669|200303|69143.37|0|024|156|||||6.500|0.00||||||||||||||||||||69143.37
F01Q10003669|200304|68860.21|0|025|155|||||6.500|0.00||||||||||||||||||||68860.21
F01Q10003669|200305|68575.51|0|026|154|||||6.500|0.00||||||||||||||||||||68575.51
F01Q10003669|200306|68289.27|0|027|153|||||6.500|0.00||||||||||||||||||||68289.27
F01Q10003669|200307|68001.48|0|028|152|||||6.500|0.00||||||||||||||||||||68001.48
F01Q10003669|200308|67712.13|0|029|151|||||6.500|0.00||||||||||||||||||||67712.13
F01Q10003669|200309|67421.21|0|030|150|||||6.500|0.00||||||||||||||||||||67421.21
F01Q10003669|200310|67128.72|0|031|149|||||6.500|0.00||||||||||||||||||||67128.72
F01Q10003669|200311|66834.64|0|032|148|||||6.500|0.00||||||||||||||||||||66834.64
F01Q10003669|200312|66538.97|0|033|147|||||6.500|0.00||||||||||||||||||||66538.97
F01Q10003669|200401|66241.70|0|034|146|||||6.500|0.00||||||||||||||||||||66241.70
F01Q10003669|200402|65942.82|0|035|145|||||6.500|0.00||||||||||||||||||||65942.82
F01Q10003669|200403|65642.32|0|036|144|||||6.500|0.00||||||||||||||||||||65642.32
F01Q10003669|200404|65340.19|0|037|143|||||6.500|0.00||||||||||||||||||||65340.19
F01Q10003669|200405|65036.43|0|038|142|||||6.500|0.00||||||||||||||||||||65036.43
F01Q10003669|200406|64731.02|0|039|141|||||6.500|0.00||||||||||||||||||||64731.02
F01Q10003669|200407|64423.96|0|040|140|||||6.500|0.00||||||||||||||||||||64423.96
F01Q10003669|200408|64115.23|0|041|139|||||6.500|0.00||||||||||||||||||||64115.23
F01Q10003669|200409|63804.83|0|042|138|||||6.500|0.00||||||||||||||||||||63804.83
F01Q10003669|200410|63492.75|0|043|137|||||6.500|0.00||||||||||||||||||||63492.75
F01Q10003669|200411|63178.98|0|044|136|||||6.500|0.00||||||||||||||||||||63178.98
F01Q10003669|200412|62863.51|0|045|135|||||6.500|0.00||||||||||||||||||||62863.51
F01Q10003669|200501|62546.33|0|046|134|||||6.500|0.00||||||||||||||||||||62546.33
F01Q10003669|200502|62227.43|0|047|133|||||6.500|0.00||||||||||||||||||||62227.43
F01Q10003669|200503|61906.81|0|048|132|||||6.500|0.00||||||||||||||||||||61906.81
F01Q10003669|200504|61584.45|0|049|131|||||6.500|0.00||||||||||||||||||||61584.45
F01Q10003669|200505|61260.34|0|050|130|||||6.500|0.00||||||||||||||||||||61260.34
F01Q10003669|200506|60934.48|0|051|129|||||6.500|0.00||||||||||||||||||||60934.48
F01Q10003669|200507|60606.85|0|052|128|||||6.500|0.00||||||||||||||||||||60606.85
F01Q10003669|200508|60277.45|0|053|127|||||6.500|0.00||||||||||||||||||||60277.45
F01Q10003669|200509|59946.26|0|054|126|||||6.500|0.00||||||||||||||||||||59946.26
F01Q10003669|200510|59613.28|0|055|125|||||6.500|0.00||||||||||||||||||||59613.28
F01Q10003669|200511|59278.50|0|056|124|||||6.500|0.00||||||||||||||||||||59278.50
F01Q10003669|200512|58941.90|0|057|123|||||6.500|0.00||||||||||||||||||||58941.90
F01Q10003669|200601|58941.90|0|058|122|||||6.500|0.00||||||||||||||||||||58941.90
F01Q10003669|200602|58603.48|0|059|121|||||6.500|0.00||||||||||||||||||||58603.48
F01Q10003669|200603|57921.13|0|060|120|||||6.500|0.00||||||||||||||||||||57921.13
F01Q10003669|200604|57577.18|0|061|119|||||6.500|0.00||||||||||||||||||||57577.18
F01Q10003669|200605|0.00|0|062|118|||01|200605|6.500|0.00|||||||||||||||57577.18|||||0.00
F01Q10003671|200103|86000.00|0|000|180|||||6.625|0.00||||||||||||||||||||86000.00
F01Q10003671|200104|86000.00|0|001|179|||||6.625|0.00||||||||||||||||||||86000.00
F01Q10003671|200105|85000.00|0|002|178|||||6.625|0.00||||||||||||||||||||85000.00
F01Q10003671|200106|85000.00|0|003|177|||||6.625|0.00||||||||||||||||||||85000.00
F01Q10003671|200107|85000.00|0|004|176|||||6.625|0.00||||||||||||||||||||85000.00
F01Q10003671|200108|85000.00|0|005|175|||||6.625|0.00||||||||||||||||||||85000.00
F01Q10003671|200109|84000.00|0|006|174|||||6.625|0.00||||||||||||||||||||84000.00
F01Q10003671|200110|84005.25|0|007|173|||||6.625|0.00||||||||||||||||||||84005.25
F01Q10003671|200111|83713.96|0|008|172|||||6.625|0.00||||||||||||||||||||83713.96
F01Q10003671|200112|83421.06|0|009|171|||||6.625|0.00||||||||||||||||||||83421.06
F01Q10003671|200201|83126.54|0|010|170|||||6.625|0.00||||||||||||||||||||83126.54
F01Q10003671|200202|82830.40|0|011|169|||||6.625|0.00||||||||||||||||||||82830.40
F01Q10003671|200203|82532.62|0|012|168|||||6.625|0.00||||||||||||||||||||82532.62
F01Q10003671|200204|82188.27|0|013|167|||||6.625|0.00||||||||||||||||||||82188.27
F01Q10003671|200205|82188.27|0|014|166|||||6.625|0.00||||||||||||||||||||82188.27
F01Q10003671|200206|81583.96|0|015|165|||||6.625|0.00||||||||||||||||||||81583.96
F01Q10003671|200207|81279.30|0|016|164|||||6.625|0.00||||||||||||||||||||81279.30
F01Q10003671|200208|80972.96|0|017|163|||||6.625|0.00||||||||||||||||||||80972.96
F01Q10003671|200209|80664.93|0|018|162|||||6.625|0.00||||||||||||||||||||80664.93
F01Q10003671|200210|80355.20|0|019|161|||||6.625|0.00||||||||||||||||||||80355.20
F01Q10003671|200211|79998.83|0|020|160|||||6.625|0.00||||||||||||||||||||79998.83
F01Q10003671|200212|79640.49|0|021|159|||||6.625|0.00||||||||||||||||||||79640.49
F01Q10003671|200301|0.00|0|022|158|||01|200301|6.625|0.00|||||||||||||||79640.49|||||0.00
F01Q10003715|200104|205000.00|0|001|239|||||6.875|0.00||||||||||||||||||||205000.00
F01Q10003715|200105|204000.00|0|002|238|||||6.875|0.00||||||||||||||||||||204000.00
F01Q10003715|200106|204000.00|0|003|237|||||6.875|0.00||||||||||||||||||||204000.00
F01Q10003715|200107|203000.00|0|004|236|||||6.875|0.00||||||||||||||||||||203000.00
F01Q10003715|200108|203000.00|0|005|235|||||6.875|0.00||||||||||||||||||||203000.00
F01Q10003715|200109|203000.00|0|006|234|||||6.875|0.00||||||||||||||||||||203000.00
F01Q10003715|200110|202154.68|0|007|233|||||6.875|0.00||||||||||||||||||||202154.68
F01Q10003715|200111|201738.84|0|008|232|||||6.875|0.00||||||||||||||||||||201738.84
F01Q10003715|200112|201320.62|0|009|231|||||6.875|0.00||||||||||||||||||||201320.62
F01Q10003715|200201|200900.00|0|010|230|||||6.875|0.00||||||||||||||||||||200900.00
F01Q10003715|200202|200476.97|0|011|229|||||6.875|0.00||||||||||||||||||||200476.97
F01Q10003715|200203|200051.52|0|012|228|||||6.875|0.00||||||||||||||||||||200051.52
F01Q10003715|200204|199623.63|0|013|227|||||6.875|0.00||||||||||||||||||||199623.63
F01Q10003715|200205|199193.29|0|014|226|||||6.875|0.00||||||||||||||||||||199193.29
F01Q10003715|200206|198760.48|0|015|225|||||6.875|0.00||||||||||||||||||||198760.48
F01Q10003715|200207|198325.19|0|016|224|||||6.875|0.00||||||||||||||||||||198325.19
F01Q10003715|200208|197887.41|0|017|223|||||6.875|0.00||||||||||||||||||||197887.41
F01Q10003715|200209|0.00|0|018|222|||01|200209|6.875|0.00|||||||||||||||197887.41|||||0.00
F01Q10003719|200104|52000.00|0|000|240|||||7.000|0.00||||||||||||||||||||52000.00
F01Q10003719|200105|52000.00|0|001|239|||||7.000|0.00||||||||||||||||||||52000.00
F01Q10003719|200106|52000.00|0|002|238|||||7.000|0.00||||||||||||||||||||52000.00
F01Q10003719|200107|52000.00|0|003|237|||||7.000|0.00||||||||||||||||||||52000.00
F01Q10003719|200108|52000.00|0|004|236|||||7.000|0.00||||||||||||||||||||52000.00
F01Q10003719|200109|51000.00|0|005|235|||||7.000|0.00||||||||||||||||||||51000.00
F01Q10003719|200110|51000.00|0|006|234|||||7.000|0.00||||||||||||||||||||51000.00
F01Q10003719|200111|51288.87|0|007|233|||||7.000|0.00||||||||||||||||||||51288.87
F01Q10003719|200112|51184.90|0|008|232|||||7.000|0.00||||||||||||||||||||51184.90
F01Q10003719|200201|51080.32|0|009|231|||||7.000|0.00||||||||||||||||||||51080.32
F01Q10003719|200202|50975.13|0|010|230|||||7.000|0.00||||||||||||||||||||50975.13
F01Q10003719|200203|50869.32|0|011|229|||||7.000|0.00||||||||||||||||||||50869.32
F01Q10003719|200204|50762.90|0|012|228|||||7.000|0.00||||||||||||||||||||50762.90
F01Q10003719|200205|50655.86|0|013|227|||||7.000|0.00||||||||||||||||||||50655.86
F01Q10003719|200206|50548.19|0|014|226|||||7.000|0.00||||||||||||||||||||50548.19
F01Q10003719|200207|50439.89|0|015|225|||||7.000|0.00||||||||||||||||||||50439.89
F01Q10003719|200208|50330.96|0|016|224|||||7.000|0.00||||||||||||||||||||50330.96
F01Q10003719|200209|50221.40|0|017|223|||||7.000|0.00||||||||||||||||||||50221.40
F01Q10003719|200210|50111.20|0|018|222|||||7.000|0.00||||||||||||||||||||50111.20
F01Q10003719|200211|50000.36|0|019|221|||||7.000|0.00||||||||||||||||||||50000.36
F01Q10003719|200212|49888.87|0|020|220|||||7.000|0.00||||||||||||||||||||49888.87
F01Q10003719|200301|49776.73|0|021|219|||||7.000|0.00||||||||||||||||||||49776.73
F01Q10003719|200302|49663.93|0|022|218|||||7.000|0.00||||||||||||||||||||49663.93
F01Q10003719|200303|49550.48|0|023|217|||||7.000|0.00||||||||||||||||||||49550.48
F01Q10003719|200304|49436.36|0|024|216|||||7.000|0.00||||||||||||||||||||49436.36
F01Q10003719|200305|49321.58|0|025|215|||||7.000|0.00||||||||||||||||||||49321.58
F01Q10003719|200306|49206.13|0|026|214|||||7.000|0.00||||||||||||||||||||49206.13
F01Q10003719|200307|49090.01|0|027|213|||||7.000|0.00||||||||||||||||||||49090.01
F01Q10003719|200308|48855.73|0|028|212|||||7.000|0.00||||||||||||||||||||48855.73
F01Q10003719|200309|48855.73|0|029|211|||||7.000|0.00||||||||||||||||||||48855.73
F01Q10003719|200310|48737.56|0|030|210|||||7.000|0.00||||||||||||||||||||48737.56
F01Q10003719|200311|48618.70|0|031|209|||||7.000|0.00||||||||||||||||||||48618.70
F01Q10003719|200312|48499.15|0|032|208|||||7.000|0.00||||||||||||||||||||48499.15
F01Q10003719|200401|48378.90|0|033|207|||||7.000|0.00||||||||||||||||||||48378.90
F01Q10003719|200402|48257.95|0|034|206|||||7.000|0.00||||||||||||||||||||48257.95
F01Q10003719|200403|48136.29|0|035|205|||||7.000|0.00||||||||||||||||||||48136.29
F01Q10003719|200404|48013.93|0|036|204|||||7.000|0.00||||||||||||||||||||48013.93
F01Q10003719|200405|47890.85|0|037|203|||||7.000|0.00||||||||||||||||||||47890.85
F01Q10003719|200406|47767.05|0|038|202|||||7.000|0.00||||||||||||||||||||47767.05
F01Q10003719|200407|47642.53|0|039|201|||||7.000|0.00||||||||||||||||||||47642.53
F01Q10003719|200408|47517.28|0|040|200|||||7.000|0.00||||||||||||||||||||47517.28
F01Q10003719|200409|47391.30|0|041|199|||||7.000|0.00||||||||||||||||||||47391.30
F01Q10003719|200410|47264.59|0|042|198|||||7.000|0.00||||||||||||||||||||47264.59
F01Q10003719|200411|47137.14|0|043|197|||||7.000|0.00||||||||||||||||||||47137.14
F01Q10003719|200412|47008.95|0|044|196|||||7.000|0.00||||||||||||||||||||47008.95
F01Q10003719|200501|46880.01|0|045|195|||||7.000|0.00||||||||||||||||||||46880.01
F01Q10003719|200502|46750.32|0|046|194|||||7.000|0.00||||||||||||||||||||46750.32
F01Q10003719|200503|46619.87|0|047|193|||||7.000|0.00||||||||||||||||||||46619.87
F01Q10003719|200504|46488.66|0|048|192|||||7.000|0.00||||||||||||||||||||46488.66
F01Q10003719|200505|46356.68|0|049|191|||||7.000|0.00||||||||||||||||||||46356.68
F01Q10003719|200506|46223.93|0|050|190|||||7.000|0.00||||||||||||||||||||46223.93
F01Q10003719|200507|45956.11|0|051|189|||||7.000|0.00||||||||||||||||||||45956.11
F01Q10003719|200508|0.00|0|052|188|||01|200508|7.000|0.00|||||||||||||||45956.11|||||0.00
F01Q10003824|200103|53000.00|0|000|120|||||6.000|0.00||||||||||||||||||||53000.00
F01Q10003824|200104|52000.00|0|001|119|||||6.000|0.00||||||||||||||||||||52000.00
F01Q10003824|200105|52000.00|0|002|118|||||6.000|0.00||||||||||||||||||||52000.00
F01Q10003824|200106|52000.00|0|003|117|||||6.000|0.00||||||||||||||||||||52000.00
F01Q10003824|200107|52000.00|0|004|116|||||6.000|0.00||||||||||||||||||||52000.00
F01Q10003824|200108|51000.00|0|005|115|||||6.000|0.00||||||||||||||||||||51000.00
F01Q10003824|200109|51000.00|0|006|114|||||6.000|0.00||||||||||||||||||||51000.00
F01Q10003824|200110|50619.58|0|007|113|||||6.000|0.00||||||||||||||||||||50619.58
F01Q10003824|200111|50272.68|0|008|112|||||6.000|0.00||||||||||||||||||||50272.68
F01Q10003824|200112|49924.04|0|009|111|||||6.000|0.00||||||||||||||||||||49924.04
F01Q10003824|200201|49573.66|0|010|110|||||6.000|0.00||||||||||||||||||||49573.66
F01Q10003824|200202|49221.53|0|011|109|||||6.000|0.00||||||||||||||||||||49221.53
F01Q10003824|200203|48867.64|0|012|108|||||6.000|0.00||||||||||||||||||||48867.64
F01Q10003824|200204|48523.57|0|013|107|||||6.000|0.00||||||||||||||||||||48523.57
F01Q10003824|200205|48166.19|0|014|106|||||6.000|0.00||||||||||||||||||||48166.19
F01Q10003824|200206|47807.02|0|015|105|||||6.000|0.00||||||||||||||||||||47807.02
F01Q10003824|200207|47446.06|0|016|104|||||6.000|0.00||||||||||||||||||||47446.06
F01Q10003824|200208|47083.29|0|017|103|||||6.000|0.00||||||||||||||||||||47083.29
F01Q10003824|200209|46718.71|0|018|102|||||6.000|0.00||||||||||||||||||||46718.71
F01Q10003824|200210|46352.30|0|019|101|||||6.000|0.00||||||||||||||||||||46352.30
F01Q10003824|200211|45984.06|0|020|100|||||6.000|0.00||||||||||||||||||||45984.06
F01Q10003824|200212|45613.98|0|021|099|||||6.000|0.00||||||||||||||||||||45613.98
F01Q10003824|200301|44891.50|0|022|098|||||6.000|0.00||||||||||||||||||||44891.50
F01Q10003824|200302|44527.55|0|023|097|||||6.000|0.00||||||||||||||||||||44527.55
F01Q10003824|200303|44161.78|0|024|096|||||6.000|0.00||||||||||||||||||||44161.78
F01Q10003824|200304|44161.78|0|025|095|||||6.000|0.00||||||||||||||||||||44161.78
F01Q10003824|200305|43794.18|0|026|094|||||6.000|0.00||||||||||||||||||||43794.18
F01Q10003824|200306|43424.15|0|027|093|||||6.000|0.00||||||||||||||||||||43424.15
F01Q10003824|200307|43041.27|0|028|092|||||6.000|0.00||||||||||||||||||||43041.27
F01Q10003824|200308|42656.48|0|029|091|||||6.000|0.00||||||||||||||||||||42656.48
F01Q10003824|200309|42269.76|0|030|090|||||6.000|0.00||||||||||||||||||||42269.76
F01Q10003824|200310|41892.11|0|031|089|||||6.000|0.00||||||||||||||||||||41892.11
F01Q10003824|200311|41120.67|0|032|088|||||6.000|0.00||||||||||||||||||||41120.67
F01Q10003824|200312|41120.67|0|033|087|||||6.000|0.00||||||||||||||||||||41120.67
F01Q10003824|200401|40737.86|0|034|086|||||6.000|0.00||||||||||||||||||||40737.86
F01Q10003824|200402|39943.26|0|035|085|||||6.000|0.00||||||||||||||||||||39943.26
F01Q10003824|200403|39943.26|0|036|084|||||6.000|0.00||||||||||||||||||||39943.26
F01Q10003824|200404|39542.98|0|037|083|||||6.000|0.00||||||||||||||||||||39542.98
F01Q10003824|200405|39140.69|0|038|082|||||6.000|0.00||||||||||||||||||||39140.69
F01Q10003824|200406|38736.39|0|039|081|||||6.000|0.00||||||||||||||||||||38736.39
F01Q10003824|200407|38330.07|0|040|080|||||6.000|0.00||||||||||||||||||||38330.07
F01Q10003824|200408|37921.72|0|041|079|||||6.000|0.00||||||||||||||||||||37921.72
F01Q10003824|200409|37511.33|0|042|078|||||6.000|0.00||||||||||||||||||||37511.33
F01Q10003824|200410|37110.48|0|043|077|||||6.000|0.00||||||||||||||||||||37110.48
F01Q10003824|200411|36707.62|0|044|076|||||6.000|0.00||||||||||||||||||||36707.62
F01Q10003824|200412|36291.16|0|045|075|||||6.000|0.00||||||||||||||||||||36291.16
F01Q10003824|200501|35884.21|0|046|074|||||6.000|0.00||||||||||||||||||||35884.21
F01Q10003824|200502|35474.63|0|047|073|||||6.000|0.00||||||||||||||||||||35474.63
F01Q10003824|200503|35052.00|0|048|072|||||6.000|0.00||||||||||||||||||||35052.00
F01Q10003824|200504|34627.26|0|049|071|||||6.000|0.00||||||||||||||||||||34627.26
F01Q10003824|200505|34211.99|0|050|070|||||6.000|0.00||||||||||||||||||||34211.99
F01Q10003824|200506|33783.05|0|051|069|||||6.000|0.00||||||||||||||||||||33783.05
F01Q10003824|200507|33363.56|0|052|068|||||6.000|0.00||||||||||||||||||||33363.56
F01Q10003824|200508|32941.97|0|053|067|||||6.000|0.00||||||||||||||||||||32941.97
F01Q10003824|200509|32518.27|0|054|066|||||6.000|0.00||||||||||||||||||||32518.27
F01Q10003824|200510|32091.86|0|055|065|||||6.000|0.00||||||||||||||||||||32091.86
F01Q10003824|200511|31663.91|0|056|064|||||6.000|0.00||||||||||||||||||||31663.91
F01Q10003824|200512|31233.82|0|057|063|||||6.000|0.00||||||||||||||||||||31233.82
F01Q10003824|200601|30801.58|0|058|062|||||6.000|0.00||||||||||||||||||||30801.58
F01Q10003824|200602|30367.18|0|059|061|||||6.000|0.00||||||||||||||||||||30367.18
F01Q10003824|200603|29930.02|0|060|060|||||6.000|0.00||||||||||||||||||||29930.02
F01Q10003824|200604|29049.71|0|061|059|||||6.000|0.00||||||||||||||||||||29049.71
F01Q10003824|200605|29049.71|0|062|058|||||6.000|0.00||||||||||||||||||||29049.71
F01Q10003824|200606|28606.55|0|063|057|||||6.000|0.00||||||||||||||||||||28606.55
F01Q10003824|200607|27712.98|0|064|056|||||6.000|0.00||||||||||||||||||||27712.98
F01Q10003824|200608|27263.13|0|065|055|||||6.000|0.00||||||||||||||||||||27263.13
F01Q10003824|200609|26811.04|0|066|054|||||6.000|0.00||||||||||||||||||||26811.04
F01Q10003824|200610|26811.04|0|067|053|||||6.000|0.00||||||||||||||||||||26811.04
F01Q10003824|200611|26356.69|0|068|052|||||6.000|0.00||||||||||||||||||||26356.69
F01Q10003824|200612|25900.06|0|069|051|||||6.000|0.00||||||||||||||||||||25900.06
F01Q10003824|200701|25441.15|0|070|050|||||6.000|0.00||||||||||||||||||||25441.15
F01Q10003824|200702|24979.36|0|071|049|||||6.000|0.00||||||||||||||||||||24979.36
F01Q10003824|200703|24515.26|0|072|048|||||6.000|0.00||||||||||||||||||||24515.26
F01Q10003824|200704|24049.43|0|073|047|||||6.000|0.00||||||||||||||||||||24049.43
F01Q10003824|200705|23581.27|0|074|046|||||6.000|0.00||||||||||||||||||||23581.27
F01Q10003824|200706|23110.77|0|075|045|||||6.000|0.00||||||||||||||||||||23110.77
F01Q10003824|200707|0.00|0|076|044|||01|200707|6.000|0.00|||||||||||||||23110.77|||||0.00
F01Q10003932|200104|153000.00|0|001|239|||||7.125|0.00||||||||||||||||||||153000.00
F01Q10003932|200105|152000.00|0|002|238|||||7.125|0.00||||||||||||||||||||152000.00
F01Q10003932|200106|152000.00|0|003|237|||||7.125|0.00||||||||||||||||||||152000.00
F01Q10003932|200107|152000.00|0|004|236|||||7.125|0.00||||||||||||||||||||152000.00
F01Q10003932|200108|151000.00|0|005|235|||||7.125|0.00||||||||||||||||||||151000.00
F01Q10003932|200109|151000.00|0|006|234|||||7.125|0.00||||||||||||||||||||151000.00
F01Q10003932|200110|150839.99|0|007|233|||||7.125|0.00||||||||||||||||||||150839.99
F01Q10003932|200111|150538.67|0|008|232|||||7.125|0.00||||||||||||||||||||150538.67
F01Q10003932|200112|150235.56|0|009|231|||||7.125|0.00||||||||||||||||||||150235.56
F01Q10003932|200201|149930.65|0|010|230|||||7.125|0.00||||||||||||||||||||149930.65
F01Q10003932|200202|149623.93|0|011|229|||||7.125|0.00||||||||||||||||||||149623.93
F01Q10003932|200203|149315.39|0|012|228|||||7.125|0.00||||||||||||||||||||149315.39
F01Q10003932|200204|149005.02|0|013|227|||||7.125|0.00||||||||||||||||||||149005.02
F01Q10003932|200205|148692.81|0|014|226|||||7.125|0.00||||||||||||||||||||148692.81
F01Q10003932|200206|148378.74|0|015|225|||||7.125|0.00||||||||||||||||||||148378.74
F01Q10003932|200207|148062.81|0|016|224|||||7.125|0.00||||||||||||||||||||148062.81
F01Q10003932|200208|147745.00|0|017|223|||||7.125|0.00||||||||||||||||||||147745.00
F01Q10003932|200209|147425.31|0|018|222|||||7.125|0.00||||||||||||||||||||147425.31
F01Q10003932|200210|147103.72|0|019|221|||||7.125|0.00||||||||||||||||||||147103.72
F01Q10003932|200211|146780.22|0|020|220|||||7.125|0.00||||||||||||||||||||146780.22
F01Q10003932|200212|146454.80|0|021|219|||||7.125|0.00||||||||||||||||||||146454.80
F01Q10003932|200301|146127.45|0|022|218|||||7.125|0.00||||||||||||||||||||146127.45
F01Q10003932|200302|145798.15|0|023|217|||||7.125|0.00||||||||||||||||||||145798.15
F01Q10003932|200303|145466.90|0|024|216|||||7.125|0.00||||||||||||||||||||145466.90
F01Q10003932|200304|145133.68|0|025|215|||||7.125|0.00||||||||||||||||||||145133.68
F01Q10003932|200305|144798.48|0|026|214|||||7.125|0.00||||||||||||||||||||144798.48
F01Q10003932|200306|144461.29|0|027|213|||||7.125|0.00||||||||||||||||||||144461.29
F01Q10003932|200307|0.00|0|028|212|||01|200307|7.125|0.00|||||||||||||||144461.29|||||0.00
F01Q10004081|200104|130000.00|0|000|360|||||6.625|0.00||||||||||||||||||||130000.00
F01Q10004081|200105|130000.00|0|001|359|||||6.625|0.00||||||||||||||||||||130000.00
F01Q10004081|200106|130000.00|0|002|358|||||6.625|0.00||||||||||||||||||||130000.00
F01Q10004081|200107|130000.00|0|003|357|||||6.625|0.00||||||||||||||||||||130000.00
F01Q10004081|200108|130000.00|0|004|356|||||6.625|0.00||||||||||||||||||||130000.00
F01Q10004081|200109|129000.00|0|005|355|||||6.625|0.00||||||||||||||||||||129000.00
F01Q10004081|200110|129000.00|0|006|354|||||6.625|0.00||||||||||||||||||||129000.00
F01Q10004081|200111|129183.75|0|007|353|||||6.625|0.00||||||||||||||||||||129183.75
F01Q10004081|200112|129064.55|0|008|352|||||6.625|0.00||||||||||||||||||||129064.55
F01Q10004081|200201|128944.69|0|009|351|||||6.625|0.00||||||||||||||||||||128944.69
F01Q10004081|200202|128824.17|0|010|350|||||6.625|0.00||||||||||||||||||||128824.17
F01Q10004081|200203|128702.99|0|011|349|||||6.625|0.00||||||||||||||||||||128702.99
F01Q10004081|200204|128581.14|0|012|348|||||6.625|0.00||||||||||||||||||||128581.14
F01Q10004081|200205|128458.62|0|013|347|||||6.625|0.00||||||||||||||||||||128458.62
F01Q10004081|200206|128335.42|0|014|346|||||6.625|0.00||||||||||||||||||||128335.42
F01Q10004081|200207|128211.54|0|015|345|||||6.625|0.00||||||||||||||||||||128211.54
F01Q10004081|200208|128086.97|0|016|344|||||6.625|0.00||||||||||||||||||||128086.97
F01Q10004081|200209|127961.72|0|017|343|||||6.625|0.00||||||||||||||||||||127961.72
F01Q10004081|200210|127835.78|0|018|342|||||6.625|0.00||||||||||||||||||||127835.78
F01Q10004081|200211|127709.14|0|019|341|||||6.625|0.00||||||||||||||||||||127709.14
F01Q10004081|200212|127581.80|0|020|340|||||6.625|0.00||||||||||||||||||||127581.80
F01Q10004081|200301|127453.76|0|021|339|||||6.625|0.00||||||||||||||||||||127453.76
F01Q10004081|200302|127325.01|0|022|338|||||6.625|0.00||||||||||||||||||||127325.01
F01Q10004081|200303|127195.55|0|023|337|||||6.625|0.00||||||||||||||||||||127195.55
F01Q10004081|200304|127195.55|1|024|336|||||6.625|0.00||||||||||||||||||||127195.55
F01Q10004081|200305|126934.49|0|025|335|||||6.625|0.00||||||||||||||||||||126934.49
F01Q10004081|200306|126802.87|0|026|334|||||6.625|0.00||||||||||||||||||||126802.87
F01Q10004081|200307|126670.53|0|027|333|||||6.625|0.00||||||||||||||||||||126670.53
F01Q10004081|200308|126537.46|0|028|332|||||6.625|0.00||||||||||||||||||||126537.46
F01Q10004081|200309|126403.65|0|029|331|||||6.625|0.00||||||||||||||||||||126403.65
F01Q10004081|200310|126269.10|0|030|330|||||6.625|0.00||||||||||||||||||||126269.10
F01Q10004081|200311|126133.81|0|031|329|||||6.625|0.00||||||||||||||||||||126133.81
F01Q10004081|200312|125997.77|0|032|328|||||6.625|0.00||||||||||||||||||||125997.77
F01Q10004081|200401|125860.98|0|033|327|||||6.625|0.00||||||||||||||||||||125860.98
F01Q10004081|200402|125723.44|0|034|326|||||6.625|0.00||||||||||||||||||||125723.44
F01Q10004081|200403|125585.14|0|035|325|||||6.625|0.00||||||||||||||||||||125585.14
F01Q10004081|200404|0.00|0|036|324|||01|200404|6.625|0.00|||||||||||||||125585.14|||||0.00
F01Q10004089|200104|160000.00|0|000|360|||||6.625|0.00||||||||||||||||||||160000.00
F01Q10004089|200105|160000.00|0|001|359|||||6.625|0.00||||||||||||||||||||160000.00
F01Q10004089|200106|160000.00|0|002|358|||||6.625|0.00||||||||||||||||||||160000.00
F01Q10004089|200107|160000.00|0|003|357|||||6.625|0.00||||||||||||||||||||160000.00
F01Q10004089|200108|159000.00|0|004|356|||||6.625|0.00||||||||||||||||||||159000.00
F01Q10004089|200109|159000.00|0|005|355|||||6.625|0.00||||||||||||||||||||159000.00
F01Q10004089|200110|159000.00|0|006|354|||||6.625|0.00||||||||||||||||||||159000.00
F01Q10004089|200111|158927.09|0|007|353|||||6.625|0.00||||||||||||||||||||158927.09
F01Q10004089|200112|158780.00|0|008|352|||||6.625|0.00||||||||||||||||||||158780.00
F01Q10004089|200201|158630.29|0|009|351|||||6.625|0.00||||||||||||||||||||158630.29
F01Q10004089|200202|158479.75|0|010|350|||||6.625|0.00||||||||||||||||||||158479.75
F01Q10004089|200203|158330.19|0|011|349|||||6.625|0.00||||||||||||||||||||158330.19
F01Q10004089|200204|158179.80|0|012|348|||||6.625|0.00||||||||||||||||||||158179.80
F01Q10004089|200205|158028.56|0|013|347|||||6.625|0.00||||||||||||||||||||158028.56
F01Q10004089|200206|158028.56|0|014|346|||||6.625|0.00||||||||||||||||||||158028.56
F01Q10004089|200207|157702.95|0|015|345|||||6.625|0.00||||||||||||||||||||157702.95
F01Q10004089|200208|157549.06|0|016|344|||||6.625|0.00||||||||||||||||||||157549.06
F01Q10004089|200209|157394.36|0|017|343|||||6.625|0.00||||||||||||||||||||157394.36
F01Q10004089|200210|157394.36|0|018|342|||||6.625|0.00||||||||||||||||||||157394.36
F01Q10004089|200211|157082.40|0|019|341|||||6.625|0.00||||||||||||||||||||157082.40
F01Q10004089|200212|156925.13|0|020|340|||||6.625|0.00||||||||||||||||||||156925.13
F01Q10004089|200301|156766.99|0|021|339|||||6.625|0.00||||||||||||||||||||156766.99
F01Q10004089|200302|156766.99|0|022|338|||||6.625|0.00||||||||||||||||||||156766.99
F01Q10004089|200303|156448.08|0|023|337|||||6.625|0.00||||||||||||||||||||156448.08
F01Q10004089|200304|156287.30|0|024|336|||||6.625|0.00||||||||||||||||||||156287.30
F01Q10004089|200305|156125.64|0|025|335|||||6.625|0.00||||||||||||||||||||156125.64
F01Q10004089|200306|0.00|0|026|334|||01|200306|6.625|0.00|||||||||||||||156125.64|||||0.00
F01Q10004392|200104|122000.00|0|000|360|||||6.875|0.00||||||||||||||||||||122000.00
F01Q10004392|200105|122000.00|0|001|359|||||6.875|0.00||||||||||||||||||||122000.00
F01Q10004392|200106|122000.00|0|002|358|||||6.875|0.00||||||||||||||||||||122000.00
F01Q10004392|200107|122000.00|0|003|357|||||6.875|0.00||||||||||||||||||||122000.00
F01Q10004392|200108|122000.00|0|004|356|||||6.875|0.00||||||||||||||||||||122000.00
F01Q10004392|200109|122000.00|0|005|355|||||6.875|0.00||||||||||||||||||||122000.00
F01Q10004392|200110|122000.00|0|006|354|||||6.875|0.00||||||||||||||||||||122000.00
F01Q10004392|200111|121667.69|0|007|353|||||6.875|0.00||||||||||||||||||||121667.69
F01Q10004392|200112|121560.66|0|008|352|||||6.875|0.00||||||||||||||||||||121560.66
F01Q10004392|200201|121560.66|0|009|351|||||6.875|0.00||||||||||||||||||||121560.66
F01Q10004392|200202|121344.76|0|010|350|||||6.875|0.00||||||||||||||||||||121344.76
F01Q10004392|200203|121235.88|0|011|349|||||6.875|0.00||||||||||||||||||||121235.88
F01Q10004392|200204|121126.38|0|012|348|||||6.875|0.00||||||||||||||||||||121126.38
F01Q10004392|200205|121016.25|0|013|347|||||6.875|0.00||||||||||||||||||||121016.25
F01Q10004392|200206|120905.49|0|014|346|||||6.875|0.00||||||||||||||||||||120905.49
F01Q10004392|200207|120794.10|0|015|345|||||6.875|0.00||||||||||||||||||||120794.10
F01Q10004392|200208|0.00|0|016|344|||01|200208|6.875|0.00|||||||||||||||120794.10|||||0.00
F01Q10004426|200104|275000.00|0|001|359|||||6.875|0.00||||||||||||||||||||275000.00
F01Q10004426|200105|275000.00|0|002|358|||||6.875|0.00||||||||||||||||||||275000.00
F01Q10004426|200106|274000.00|0|003|357|||||6.875|0.00||||||||||||||||||||274000.00
F01Q10004426|200107|274000.00|0|004|356|||||6.875|0.00||||||||||||||||||||274000.00
F01Q10004426|200108|274000.00|0|005|355|||||6.875|0.00||||||||||||||||||||274000.00
F01Q10004426|200109|274000.00|0|006|354|||||6.875|0.00||||||||||||||||||||274000.00
F01Q10004426|200110|273354.74|0|007|353|||||6.875|0.00||||||||||||||||||||273354.74
F01Q10004426|200111|273114.28|0|008|352|||||6.875|0.00||||||||||||||||||||273114.28
F01Q10004426|200112|272872.45|0|009|351|||||6.875|0.00||||||||||||||||||||272872.45
F01Q10004426|200201|272629.23|0|010|350|||||6.875|0.00||||||||||||||||||||272629.23
F01Q10004426|200202|272384.62|0|011|349|||||6.875|0.00||||||||||||||||||||272384.62
F01Q10004426|200203|272138.61|0|012|348|||||6.875|0.00||||||||||||||||||||272138.61
F01Q10004426|200204|271891.19|0|013|347|||||6.875|0.00||||||||||||||||||||271891.19
F01Q10004426|200205|271642.35|0|014|346|||||6.875|0.00||||||||||||||||||||271642.35
F01Q10004426|200206|271392.08|0|015|345|||||6.875|0.00||||||||||||||||||||271392.08
F01Q10004426|200207|271140.38|0|016|344|||||6.875|0.00||||||||||||||||||||271140.38
F01Q10004426|200208|0.00|0|017|343|||01|200208|6.875|0.00|||||||||||||||271140.38|||||0.00
F01Q10004534|200104|185000.00|0|002|358|||||6.875|0.00||||||||||||||||||||185000.00
F01Q10004534|200105|185000.00|0|003|357|||||6.875|0.00||||||||||||||||||||185000.00
F01Q10004534|200106|185000.00|0|004|356|||||6.875|0.00||||||||||||||||||||185000.00
F01Q10004534|200107|184000.00|0|005|355|||||6.875|0.00||||||||||||||||||||184000.00
F01Q10004534|200108|184000.00|0|006|354|||||6.875|0.00||||||||||||||||||||184000.00
F01Q10004534|200109|184141.68|0|007|353|||||6.875|0.00||||||||||||||||||||184141.68
F01Q10004534|200110|183979.70|0|008|352|||||6.875|0.00||||||||||||||||||||183979.70
F01Q10004534|200111|183816.79|0|009|351|||||6.875|0.00||||||||||||||||||||183816.79
F01Q10004534|200112|183652.95|0|010|350|||||6.875|0.00||||||||||||||||||||183652.95
F01Q10004534|200201|183488.17|0|011|349|||||6.875|0.00||||||||||||||||||||183488.17
F01Q10004534|200202|183322.44|0|012|348|||||6.875|0.00||||||||||||||||||||183322.44
F01Q10004534|200203|183155.76|0|013|347|||||6.875|0.00||||||||||||||||||||183155.76
F01Q10004534|200204|182988.13|0|014|346|||||6.875|0.00||||||||||||||||||||182988.13
F01Q10004534|200205|182819.54|0|015|345|||||6.875|0.00||||||||||||||||||||182819.54
F01Q10004534|200206|182649.98|0|016|344|||||6.875|0.00||||||||||||||||||||182649.98
F01Q10004534|200207|182479.45|0|017|343|||||6.875|0.00||||||||||||||||||||182479.45
F01Q10004534|200208|182307.95|0|018|342|||||6.875|0.00||||||||||||||||||||182307.95
F01Q10004534|200209|182135.46|0|019|341|||||6.875|0.00||||||||||||||||||||182135.46
F01Q10004534|200210|181961.98|0|020|340|||||6.875|0.00||||||||||||||||||||181961.98
F01Q10004534|200211|181787.51|0|021|339|||||6.875|0.00||||||||||||||||||||181787.51
F01Q10004534|200212|181612.04|0|022|338|||||6.875|0.00||||||||||||||||||||181612.04
F01Q10004534|200301|181435.57|0|023|337|||||6.875|0.00||||||||||||||||||||181435.57
F01Q10004534|200302|181258.08|0|024|336|||||6.875|0.00||||||||||||||||||||181258.08
F01Q10004534|200303|181079.58|0|025|335|||||6.875|0.00||||||||||||||||||||181079.58
F01Q10004534|200304|180900.06|0|026|334|||||6.875|0.00||||||||||||||||||||180900.06
F01Q10004534|200305|180719.51|0|027|333|||||6.875|0.00||||||||||||||||||||180719.51
F01Q10004534|200306|180537.92|0|028|332|||||6.875|0.00||||||||||||||||||||180537.92
F01Q10004534|200307|180355.29|0|029|331|||||6.875|0.00||||||||||||||||||||180355.29
F01Q10004534|200308|180171.62|0|030|330|||||6.875|0.00||||||||||||||||||||180171.62
F01Q10004534|200309|179986.89|0|031|329|||||6.875|0.00||||||||||||||||||||179986.89
F01Q10004534|200310|179750.50|0|032|328|||||6.875|0.00||||||||||||||||||||179750.50
F01Q10004534|200311|179563.36|0|033|327|||||6.875|0.00||||||||||||||||||||179563.36
F01Q10004534|200312|179375.15|0|034|326|||||6.875|0.00||||||||||||||||||||179375.15
F01Q10004534|200401|179185.86|0|035|325|||||6.875|0.00||||||||||||||||||||179185.86
F01Q10004534|200402|178995.49|0|036|324|||||6.875|0.00||||||||||||||||||||178995.49
F01Q10004534|200403|178804.03|0|037|323|||||6.875|0.00||||||||||||||||||||178804.03
F01Q10004534|200404|178611.47|0|038|322|||||6.875|0.00||||||||||||||||||||178611.47
F01Q10004534|200405|178417.80|0|039|321|||||6.875|0.00||||||||||||||||||||178417.80
F01Q10004534|200406|178223.03|0|040|320|||||6.875|0.00||||||||||||||||||||178223.03
F01Q10004534|200407|178027.14|0|041|319|||||6.875|0.00||||||||||||||||||||178027.14
F01Q10004534|200408|177830.13|0|042|318|||||6.875|0.00||||||||||||||||||||177830.13
F01Q10004534|200409|177631.99|0|043|317|||||6.875|0.00||||||||||||||||||||177631.99
F01Q10004534|200410|177432.71|0|044|316|||||6.875|0.00||||||||||||||||||||177432.71
F01Q10004534|200411|177232.29|0|045|315|||||6.875|0.00||||||||||||||||||||177232.29
F01Q10004534|200412|177030.72|0|046|314|||||6.875|0.00||||||||||||||||||||177030.72
F01Q10004534|200501|176828.00|0|047|313|||||6.875|0.00||||||||||||||||||||176828.00
F01Q10004534|200502|176624.12|0|048|312|||||6.875|0.00||||||||||||||||||||176624.12
F01Q10004534|200503|176419.07|0|049|311|||||6.875|0.00||||||||||||||||||||176419.07
F01Q10004534|200504|176212.84|0|050|310|||||6.875|0.00||||||||||||||||||||176212.84
F01Q10004534|200505|176005.43|0|051|309|||||6.875|0.00||||||||||||||||||||176005.43
F01Q10004534|200506|175796.83|0|052|308|||||6.875|0.00||||||||||||||||||||175796.83
F01Q10004534|200507|175587.04|0|053|307|||||6.875|0.00||||||||||||||||||||175587.04
F01Q10004534|200508|175376.05|0|054|306|||||6.875|0.00||||||||||||||||||||175376.05
F01Q10004534|200509|175163.85|0|055|305|||||6.875|0.00||||||||||||||||||||175163.85
F01Q10004534|200510|174950.43|0|056|304|||||6.875|0.00||||||||||||||||||||174950.43
F01Q10004534|200511|174735.79|0|057|303|||||6.875|0.00||||||||||||||||||||174735.79
F01Q10004534|200512|174519.92|0|058|302|||||6.875|0.00||||||||||||||||||||174519.92
F01Q10004534|200601|174302.81|0|059|301|||||6.875|0.00||||||||||||||||||||174302.81
F01Q10004534|200602|174084.46|0|060|300|||||6.875|0.00||||||||||||||||||||174084.46
F01Q10004534|200603|0.00|0|061|299|||01|200603|6.875|0.00|||||||||||||||174084.46|||||0.00
F01Q10004808|200104|111000.00|0|001|359|||||6.750|0.00||||||||||||||||||||111000.00
F01Q10004808|200105|111000.00|0|002|358|||||6.750|0.00||||||||||||||||||||111000.00
F01Q10004808|200106|111000.00|0|003|357|||||6.750|0.00||||||||||||||||||||111000.00
F01Q10004808|200107|111000.00|0|004|356|||||6.750|0.00||||||||||||||||||||111000.00
F01Q10004808|200108|111000.00|0|005|355|||||6.750|0.00||||||||||||||||||||111000.00
F01Q10004808|200109|111000.00|0|006|354|||||6.750|0.00||||||||||||||||||||111000.00
F01Q10004808|200110|110508.43|0|007|353|||||6.750|0.00||||||||||||||||||||110508.43
F01Q10004808|200111|110408.86|0|008|352|||||6.750|0.00||||||||||||||||||||110408.86
F01Q10004808|200112|110308.73|0|009|351|||||6.750|0.00||||||||||||||||||||110308.73
F01Q10004808|200201|110106.78|0|010|350|||||6.750|0.00||||||||||||||||||||110106.78
F01Q10004808|200202|110106.78|0|011|349|||||6.750|0.00||||||||||||||||||||110106.78
F01Q10004808|200203|110004.95|0|012|348|||||6.750|0.00||||||||||||||||||||110004.95
F01Q10004808|200204|109902.55|0|013|347|||||6.750|0.00||||||||||||||||||||109902.55
F01Q10004808|200205|109799.57|0|014|346|||||6.750|0.00||||||||||||||||||||109799.57
F01Q10004808|200206|109591.87|0|015|345|||||6.750|0.00||||||||||||||||||||109591.87
F01Q10004808|200207|109591.87|0|016|344|||||6.750|0.00||||||||||||||||||||109591.87
F01Q10004808|200208|109381.83|0|017|343|||||6.750|0.00||||||||||||||||||||109381.83
F01Q10004808|200209|109275.92|0|018|342|||||6.750|0.00||||||||||||||||||||109275.92
F01Q10004808|200210|109169.42|0|019|341|||||6.750|0.00||||||||||||||||||||109169.42
F01Q10004808|200211|109062.32|0|020|340|||||6.750|0.00||||||||||||||||||||109062.32
F01Q10004808|200212|109062.32|0|021|339|||||6.750|0.00||||||||||||||||||||109062.32
F01Q10004808|200301|108846.31|0|022|338|||||6.750|0.00||||||||||||||||||||108846.31
F01Q10004808|200302|108737.39|0|023|337|||||6.750|0.00||||||||||||||||||||108737.39
F01Q10004808|200303|108737.39|0|024|336|||||6.750|0.00||||||||||||||||||||108737.39
F01Q10004808|200304|108627.86|0|025|335|||||6.750|0.00||||||||||||||||||||108627.86
F01Q10004808|200305|108406.94|0|026|334|||||6.750|0.00||||||||||||||||||||108406.94
F01Q10004808|200306|108295.55|0|027|333|||||6.750|0.00||||||||||||||||||||108295.55
F01Q10004808|200307|108183.53|0|028|332|||||6.750|0.00||||||||||||||||||||108183.53
F01Q10004808|200308|108070.88|0|029|331|||||6.750|0.00||||||||||||||||||||108070.88
F01Q10004808|200309|107957.60|0|030|330|||||6.750|0.00||||||||||||||||||||107957.60
F01Q10004808|200310|107843.68|0|031|329|||||6.750|0.00||||||||||||||||||||107843.68
F01Q10004808|200311|107729.12|0|032|328|||||6.750|0.00||||||||||||||||||||107729.12
F01Q10004808|200312|107613.92|0|033|327|||||6.750|0.00||||||||||||||||||||107613.92
F01Q10004808|200401|107498.07|0|034|326|||||6.750|0.00||||||||||||||||||||107498.07
F01Q10004808|200402|107498.07|0|035|325|||||6.750|0.00||||||||||||||||||||107498.07
F01Q10004808|200403|107264.41|0|036|324|||||6.750|0.00||||||||||||||||||||107264.41
F01Q10004808|200404|107146.59|0|037|323|||||6.750|0.00||||||||||||||||||||107146.59
F01Q10004808|200405|107146.59|0|038|322|||||6.750|0.00||||||||||||||||||||107146.59
F01Q10004808|200406|107028.11|0|039|321|||||6.750|0.00||||||||||||||||||||107028.11
F01Q10004808|200407|106908.96|0|040|320|||||6.750|0.00||||||||||||||||||||106908.96
F01Q10004808|200408|106668.65|0|041|319|||||6.750|0.00||||||||||||||||||||106668.65
F01Q10004808|200409|106668.65|0|042|318|||||6.750|0.00||||||||||||||||||||106668.65
F01Q10004808|200410|106425.63|0|043|317|||||6.750|0.00||||||||||||||||||||106425.63
F01Q10004808|200411|106425.63|0|044|316|||||6.750|0.00||||||||||||||||||||106425.63
F01Q10004808|200412|106303.09|0|045|315|||||6.750|0.00||||||||||||||||||||106303.09
F01Q10004808|200501|106055.94|0|046|314|||||6.750|0.00||||||||||||||||||||106055.94
F01Q10004808|200502|105931.32|0|047|313|||||6.750|0.00||||||||||||||||||||105931.32
F01Q10004808|200503|105806.00|0|048|312|||||6.750|0.00||||||||||||||||||||105806.00
F01Q10004808|200504|105679.98|0|049|311|||||6.750|0.00||||||||||||||||||||105679.98
F01Q10004808|200505|105553.25|0|050|310|||||6.750|0.00||||||||||||||||||||105553.25
F01Q10004808|200506|105425.81|0|051|309|||||6.750|0.00||||||||||||||||||||105425.81
F01Q10004808|200507|105425.81|0|052|308|||||6.750|0.00||||||||||||||||||||105425.81
F01Q10004808|200508|105168.77|0|053|307|||||6.750|0.00||||||||||||||||||||105168.77
F01Q10004808|200509|105168.77|0|054|306|||||6.750|0.00||||||||||||||||||||105168.77
F01Q10004808|200510|104908.83|0|055|305|||||6.750|0.00||||||||||||||||||||104908.83
F01Q10004808|200511|104908.83|0|056|304|||||6.750|0.00||||||||||||||||||||104908.83
F01Q10004808|200512|104645.95|0|057|303|||||6.750|0.00||||||||||||||||||||104645.95
F01Q10004808|200601|104513.40|0|058|302|||||6.750|0.00||||||||||||||||||||104513.40
F01Q10004808|200602|104380.11|0|059|301|||||6.750|0.00||||||||||||||||||||104380.11
F01Q10004808|200603|104246.07|0|060|300|||||6.750|0.00||||||||||||||||||||104246.07
F01Q10004808|200604|104246.07|0|061|299|||||6.750|0.00||||||||||||||||||||104246.07
F01Q10004808|200605|104111.27|0|062|298|||||6.750|0.00||||||||||||||||||||104111.27
F01Q10004808|200606|103839.40|0|063|297|||||6.750|0.00||||||||||||||||||||103839.40
F01Q10004808|200607|0.00|0|064|296|||01|200607|6.750|0.00|||||||||||||||103839.40|||||0.00
F01Q10004906|200104|111000.00|0|001|179|||||7.500|0.00||||||||||||||||||||111000.00
F01Q10004906|200105|110000.00|0|002|178|||||7.500|0.00||||||||||||||||||||110000.00
F01Q10004906|200106|110000.00|0|003|177|||||7.500|0.00||||||||||||||||||||110000.00
F01Q10004906|200107|110000.00|0|004|176|||||7.500|0.00||||||||||||||||||||110000.00
F01Q10004906|200108|109000.00|0|005|175|||||7.500|0.00||||||||||||||||||||109000.00
F01Q10004906|200109|109000.00|0|006|174|||||7.500|0.00||||||||||||||||||||109000.00
F01Q10004906|200110|109005.97|0|007|173|||||7.500|0.00||||||||||||||||||||109005.97
F01Q10004906|200111|108657.81|0|008|172|||||7.500|0.00||||||||||||||||||||108657.81
F01Q10004906|200112|108307.47|0|009|171|||||7.500|0.00||||||||||||||||||||108307.47
F01Q10004906|200201|107600.21|0|010|170|||||7.500|0.00||||||||||||||||||||107600.21
F01Q10004906|200202|107243.26|0|011|169|||||7.500|0.00||||||||||||||||||||107243.26
F01Q10004906|200203|107243.26|0|012|168|||||7.500|0.00||||||||||||||||||||107243.26
F01Q10004906|200204|106522.66|0|013|167|||||7.500|0.00||||||||||||||||||||106522.66
F01Q10004906|200205|106522.66|0|014|166|||||7.500|0.00||||||||||||||||||||106522.66
F01Q10004906|200206|105793.02|0|015|165|||||7.500|0.00||||||||||||||||||||105793.02
F01Q10004906|200207|105424.78|0|016|164|||||7.500|0.00||||||||||||||||||||105424.78
F01Q10004906|200208|105424.78|0|017|163|||||7.500|0.00||||||||||||||||||||105424.78
F01Q10004906|200209|104681.37|0|018|162|||||7.500|0.00||||||||||||||||||||104681.37
F01Q10004906|200210|104681.37|0|019|161|||||7.500|0.00||||||||||||||||||||104681.37
F01Q10004906|200211|104306.18|1|020|160|||||7.500|0.00||||||||||||||||||||104306.18
F01Q10004906|200212|103928.64|0|021|159|||||7.500|0.00||||||||||||||||||||103928.64
F01Q10004906|200301|103548.74|0|022|158|||||7.500|0.00||||||||||||||||||||103548.74
F01Q10004906|200302|103166.47|0|023|157|||||7.500|0.00||||||||||||||||||||103166.47
F01Q10004906|200303|102781.81|0|024|156|||||7.500|0.00||||||||||||||||||||102781.81
F01Q10004906|200304|102394.75|0|025|155|||||7.500|0.00||||||||||||||||||||102394.75
F01Q10004906|200305|102005.27|0|026|154|||||7.500|0.00||||||||||||||||||||102005.27
F01Q10004906|200306|101613.35|0|027|153|||||7.500|0.00||||||||||||||||||||101613.35
F01Q10004906|200307|101218.98|0|028|152|||||7.500|0.00||||||||||||||||||||101218.98
F01Q10004906|200308|100422.84|0|029|151|||||7.500|0.00||||||||||||||||||||100422.84
F01Q10004906|200309|100422.84|0|030|150|||||7.500|0.00||||||||||||||||||||100422.84
F01Q10004906|200310|99616.71|0|031|149|||||7.500|0.00||||||||||||||||||||99616.71
F01Q10004906|200311|99616.71|0|032|148|||||7.500|0.00||||||||||||||||||||99616.71
F01Q10004906|200312|99209.86|0|033|147|||||7.500|0.00||||||||||||||||||||99209.86
F01Q10004906|200401|98800.47|0|034|146|||||7.500|0.00||||||||||||||||||||98800.47
F01Q10004906|200402|98388.52|0|035|145|||||7.500|0.00||||||||||||||||||||98388.52
F01Q10004906|200403|97974.00|0|036|144|||||7.500|0.00||||||||||||||||||||97974.00
F01Q10004906|200404|97556.89|0|037|143|||||7.500|0.00||||||||||||||||||||97556.89
F01Q10004906|200405|97137.17|0|038|142|||||7.500|0.00||||||||||||||||||||97137.17
F01Q10004906|200406|96714.83|0|039|141|||||7.500|0.00||||||||||||||||||||96714.83
F01Q10004906|200407|96289.85|0|040|140|||||7.500|0.00||||||||||||||||||||96289.85
F01Q10004906|200408|95862.21|0|041|139|||||7.500|0.00||||||||||||||||||||95862.21
F01Q10004906|200409|95431.90|0|042|138|||||7.500|0.00||||||||||||||||||||95431.90
F01Q10004906|200410|94563.19|0|043|137|||||7.500|0.00||||||||||||||||||||94563.19
F01Q10004906|200411|94563.19|0|044|136|||||7.500|0.00||||||||||||||||||||94563.19
F01Q10004906|200412|94124.76|0|045|135|||||7.500|0.00||||||||||||||||||||94124.76
F01Q10004906|200501|93683.59|1|046|134|||||7.500|0.00||||||||||||||||||||93683.59
F01Q10004906|200502|93239.66|1|047|133|||||7.500|0.00||||||||||||||||||||93239.66
F01Q10004906|200503|92792.96|1|048|132|||||7.500|0.00||||||||||||||||||||92792.96
F01Q10004906|200504|92343.47|1|049|131|||||7.500|0.00||||||||||||||||||||92343.47
F01Q10004906|200505|91891.17|1|050|130|||||7.500|0.00||||||||||||||||||||91891.17
F01Q10004906|200506|91436.04|0|051|129|||||7.500|0.00||||||||||||||||||||91436.04
F01Q10004906|200507|90978.07|0|052|128|||||7.500|0.00||||||||||||||||||||90978.07
F01Q10004906|200508|90517.23|1|053|127|||||7.500|0.00||||||||||||||||||||90517.23
F01Q10004906|200509|90053.51|1|054|126|||||7.500|0.00||||||||||||||||||||90053.51
F01Q10004906|200510|89586.89|1|055|125|||||7.500|0.00||||||||||||||||||||89586.89
F01Q10004906|200511|89117.36|1|056|124|||||7.500|0.00||||||||||||||||||||89117.36
F01Q10004906|200512|88644.89|1|057|123|||||7.500|0.00||||||||||||||||||||88644.89
F01Q10004906|200601|88169.47|1|058|122|||||7.500|0.00||||||||||||||||||||88169.47
F01Q10004906|200602|87691.08|1|059|121|||||7.500|0.00||||||||||||||||||||87691.08
F01Q10004906|200603|87209.70|1|060|120|||||7.500|0.00||||||||||||||||||||87209.70
F01Q10004906|200604|86725.31|1|061|119|||||7.500|0.00||||||||||||||||||||86725.31
F01Q10004906|200605|86237.89|1|062|118|||||7.500|0.00||||||||||||||||||||86237.89
F01Q10004906|200606|85747.43|1|063|117|||||7.500|0.00||||||||||||||||||||85747.43
F01Q10004906|200607|85253.90|1|064|116|||||7.500|0.00||||||||||||||||||||85253.90
F01Q10004906|200608|84757.29|1|065|115|||||7.500|0.00||||||||||||||||||||84757.29
F01Q10004906|200609|84257.57|1|066|114|||||7.500|0.00||||||||||||||||||||84257.57
F01Q10004906|200610|83754.73|1|067|113|||||7.500|0.00||||||||||||||||||||83754.73
F01Q10004906|200611|83248.75|1|068|112|||||7.500|0.00||||||||||||||||||||83248.75
F01Q10004906|200612|82739.60|1|069|111|||||7.500|0.00||||||||||||||||||||82739.60
F01Q10004906|200701|82227.27|1|070|110|||||7.500|0.00||||||||||||||||||||82227.27
F01Q10004906|200702|81711.74|1|071|109|||||7.500|0.00||||||||||||||||||||81711.74
F01Q10004906|200703|81192.99|1|072|108|||||7.500|0.00||||||||||||||||||||81192.99
F01Q10004906|200704|80671.00|1|073|107|||||7.500|0.00||||||||||||||||||||80671.00
F01Q10004906|200705|80145.74|1|074|106|||||7.500|0.00||||||||||||||||||||80145.74
F01Q10004906|200706|79617.20|1|075|105|||||7.500|0.00||||||||||||||||||||79617.20
F01Q10004906|200707|79085.36|1|076|104|||||7.500|0.00||||||||||||||||||||79085.36
F01Q10004906|200708|78550.19|1|077|103|||||7.500|0.00||||||||||||||||||||78550.19
F01Q10004906|200709|0.00|2|078|102|||01|200709|7.500|0.00|200707||||||||||||||78550.19|||||0.00
F01Q10004911|200104|53000.00|0|002|118|||||7.500|0.00||||||||||||||||||||53000.00
F01Q10004911|200105|53000.00|0|003|117|||||7.500|0.00||||||||||||||||||||53000.00
F01Q10004911|200106|53000.00|0|004|116|||||7.500|0.00||||||||||||||||||||53000.00
F01Q10004911|200107|52000.00|0|005|115|||||7.500|0.00||||||||||||||||||||52000.00
F01Q10004911|200108|52000.00|0|006|114|||||7.500|0.00||||||||||||||||||||52000.00
F01Q10004911|200109|51643.31|0|007|113|||||7.500|0.00||||||||||||||||||||51643.31
F01Q10004911|200110|51327.46|0|008|112|||||7.500|0.00||||||||||||||||||||51327.46
F01Q10004911|200111|51009.64|0|009|111|||||7.500|0.00||||||||||||||||||||51009.64
F01Q10004911|200112|50689.83|0|010|110|||||7.500|0.00||||||||||||||||||||50689.83
F01Q10004911|200201|50368.02|0|011|109|||||7.500|0.00||||||||||||||||||||50368.02
F01Q10004911|200202|50044.20|0|012|108|||||7.500|0.00||||||||||||||||||||50044.20
F01Q10004911|200203|49718.36|0|013|107|||||7.500|0.00||||||||||||||||||||49718.36
F01Q10004911|200204|49390.48|0|014|106|||||7.500|0.00||||||||||||||||||||49390.48
F01Q10004911|200205|49060.55|0|015|105|||||7.500|0.00||||||||||||||||||||49060.55
F01Q10004911|200206|48728.56|0|016|104|||||7.500|0.00||||||||||||||||||||48728.56
F01Q10004911|200207|48394.49|0|017|103|||||7.500|0.00||||||||||||||||||||48394.49
F01Q10004911|200208|48058.34|0|018|102|||||7.500|0.00||||||||||||||||||||48058.34
F01Q10004911|200209|47720.08|0|019|101|||||7.500|0.00||||||||||||||||||||47720.08
F01Q10004911|200210|47379.71|0|020|100|||||7.500|0.00||||||||||||||||||||47379.71
F01Q10004911|200211|47037.21|0|021|099|||||7.500|0.00||||||||||||||||||||47037.21
F01Q10004911|200212|46692.57|0|022|098|||||7.500|0.00||||||||||||||||||||46692.57
F01Q10004911|200301|46345.78|0|023|097|||||7.500|0.00||||||||||||||||||||46345.78
F01Q10004911|200302|45996.82|0|024|096|||||7.500|0.00||||||||||||||||||||45996.82
F01Q10004911|200303|45645.68|0|025|095|||||7.500|0.00||||||||||||||||||||45645.68
F01Q10004911|200304|45292.35|0|026|094|||||7.500|0.00||||||||||||||||||||45292.35
F01Q10004911|200305|44936.81|0|027|093|||||7.500|0.00||||||||||||||||||||44936.81
F01Q10004911|200306|44579.05|0|028|092|||||7.500|0.00||||||||||||||||||||44579.05
F01Q10004911|200307|44219.05|0|029|091|||||7.500|0.00||||||||||||||||||||44219.05
F01Q10004911|200308|43856.80|0|030|090|||||7.500|0.00||||||||||||||||||||43856.80
F01Q10004911|200309|43492.29|0|031|089|||||7.500|0.00||||||||||||||||||||43492.29
F01Q10004911|200310|43125.50|0|032|088|||||7.500|0.00||||||||||||||||||||43125.50
F01Q10004911|200311|42756.41|0|033|087|||||7.500|0.00||||||||||||||||||||42756.41
F01Q10004911|200312|42385.02|0|034|086|||||7.500|0.00||||||||||||||||||||42385.02
F01Q10004911|200401|42011.31|0|035|085|||||7.500|0.00||||||||||||||||||||42011.31
F01Q10004911|200402|41635.26|0|036|084|||||7.500|0.00||||||||||||||||||||41635.26
F01Q10004911|200403|41256.86|0|037|083|||||7.500|0.00||||||||||||||||||||41256.86
F01Q10004911|200404|40876.10|0|038|082|||||7.500|0.00||||||||||||||||||||40876.10
F01Q10004911|200405|40492.96|0|039|081|||||7.500|0.00||||||||||||||||||||40492.96
F01Q10004911|200406|40107.42|0|040|080|||||7.500|0.00||||||||||||||||||||40107.42
F01Q10004911|200407|39719.47|0|041|079|||||7.500|0.00||||||||||||||||||||39719.47
F01Q10004911|200408|39329.10|0|042|078|||||7.500|0.00||||||||||||||||||||39329.10
F01Q10004911|200409|38936.29|0|043|077|||||7.500|0.00||||||||||||||||||||38936.29
F01Q10004911|200410|38541.02|0|044|076|||||7.500|0.00||||||||||||||||||||38541.02
F01Q10004911|200411|38143.28|0|045|075|||||7.500|0.00||||||||||||||||||||38143.28
F01Q10004911|200412|37743.06|0|046|074|||||7.500|0.00||||||||||||||||||||37743.06
F01Q10004911|200501|37340.33|0|047|073|||||7.500|0.00||||||||||||||||||||37340.33
F01Q10004911|200502|36935.09|0|048|072|||||7.500|0.00||||||||||||||||||||36935.09
F01Q10004911|200503|36527.31|0|049|071|||||7.500|0.00||||||||||||||||||||36527.31
F01Q10004911|200504|36116.99|0|050|070|||||7.500|0.00||||||||||||||||||||36116.99
F01Q10004911|200505|35704.10|0|051|069|||||7.500|0.00||||||||||||||||||||35704.10
F01Q10004911|200506|35288.63|0|052|068|||||7.500|0.00||||||||||||||||||||35288.63
F01Q10004911|200507|34870.56|0|053|067|||||7.500|0.00||||||||||||||||||||34870.56
F01Q10004911|200508|34449.88|0|054|066|||||7.500|0.00||||||||||||||||||||34449.88
F01Q10004911|200509|34026.57|0|055|065|||||7.500|0.00||||||||||||||||||||34026.57
F01Q10004911|200510|33600.62|0|056|064|||||7.500|0.00||||||||||||||||||||33600.62
F01Q10004911|200511|33172.00|0|057|063|||||7.500|0.00||||||||||||||||||||33172.00
F01Q10004911|200512|32740.71|0|058|062|||||7.500|0.00||||||||||||||||||||32740.71
F01Q10004911|200601|32306.72|0|059|061|||||7.500|0.00||||||||||||||||||||32306.72
F01Q10004911|200602|31870.02|0|060|060|||||7.500|0.00||||||||||||||||||||31870.02
F01Q10004911|200603|31430.59|0|061|059|||||7.500|0.00||||||||||||||||||||31430.59
F01Q10004911|200604|30988.41|0|062|058|||||7.500|0.00||||||||||||||||||||30988.41
F01Q10004911|200605|30543.47|0|063|057|||||7.500|0.00||||||||||||||||||||30543.47
F01Q10004911|200606|30095.75|0|064|056|||||7.500|0.00||||||||||||||||||||30095.75
F01Q10004911|200607|29645.23|0|065|055|||||7.500|0.00||||||||||||||||||||29645.23
F01Q10004911|200608|29191.89|0|066|054|||||7.500|0.00||||||||||||||||||||29191.89
F01Q10004911|200609|28735.72|0|067|053|||||7.500|0.00||||||||||||||||||||28735.72
F01Q10004911|200610|28276.70|0|068|052|||||7.500|0.00||||||||||||||||||||28276.70
F01Q10004911|200611|27814.81|0|069|051|||||7.500|0.00||||||||||||||||||||27814.81
F01Q10004911|200612|27350.03|0|070|050|||||7.500|0.00||||||||||||||||||||27350.03
F01Q10004911|200701|26882.35|0|071|049|||||7.500|0.00||||||||||||||||||||26882.35
F01Q10004911|200702|26411.74|0|072|048|||||7.500|0.00||||||||||||||||||||26411.74
F01Q10004911|200703|25938.19|0|073|047|||||7.500|0.00||||||||||||||||||||25938.19
F01Q10004911|200704|25461.68|0|074|046|||||7.500|0.00||||||||||||||||||||25461.68
F01Q10004911|200705|24982.20|0|075|045|||||7.500|0.00||||||||||||||||||||24982.20
F01Q10004911|200706|24499.72|0|076|044|||||7.500|0.00||||||||||||||||||||24499.72
F01Q10004911|200707|24499.72|0|077|043|||||7.500|0.00||||||||||||||||||||24499.72
F01Q10004911|200708|23525.69|0|078|042|||||7.500|0.00||||||||||||||||||||23525.69
F01Q10004911|200709|23034.11|0|079|041|||||7.500|0.00||||||||||||||||||||23034.11
F01Q10004911|200710|22539.45|0|080|040|||||7.500|0.00||||||||||||||||||||22539.45
F01Q10004911|200711|22041.70|0|081|039|||||7.500|0.00||||||||||||||||||||22041.70
F01Q10004911|200712|21540.84|0|082|038|||||7.500|0.00||||||||||||||||||||21540.84
F01Q10004911|200801|21036.85|0|083|037|||||7.500|0.00||||||||||||||||||||21036.85
F01Q10004911|200802|20528.85|0|084|036|||||7.500|0.00||||||||||||||||||||20528.85
F01Q10004911|200803|20018.54|0|085|035|||||7.500|0.00||||||||||||||||||||20018.54
F01Q10004911|200804|19505.04|0|086|034|||||7.500|0.00||||||||||||||||||||19505.04
F01Q10004911|200805|18988.33|0|087|033|||||7.500|0.00||||||||||||||||||||18988.33
F01Q10004911|200806|18468.39|0|088|032|||||7.500|0.00||||||||||||||||||||18468.39
F01Q10004911|200807|17945.20|0|089|031|||||7.500|0.00||||||||||||||||||||17945.20
F01Q10004911|200808|17418.74|0|090|030|||||7.500|0.00||||||||||||||||||||17418.74
F01Q10004911|200809|16888.99|0|091|029|||||7.500|0.00||||||||||||||||||||16888.99
F01Q10004911|200810|16355.93|0|092|028|||||7.500|0.00||||||||||||||||||||16355.93
F01Q10004911|200811|15819.53|0|093|027|||||7.500|0.00||||||||||||||||||||15819.53
F01Q10004911|200812|15279.78|0|094|026|||||7.500|0.00||||||||||||||||||||15279.78
F01Q10004911|200901|14736.66|0|095|025|||||7.500|0.00||||||||||||||||||||14736.66
F01Q10004911|200902|14190.14|0|096|024|||||7.500|0.00||||||||||||||||||||14190.14
F01Q10004911|200903|13640.21|0|097|023|||||7.500|0.00||||||||||||||||||||13640.21
F01Q10004911|200904|13086.84|0|098|022|||||7.500|0.00||||||||||||||||||||13086.84
F01Q10004911|200905|0.00|0|099|021|||01|200905|7.500|0.00|||||||||||||||13086.84|||||0.00
F01Q10004961|200104|40000.00|0|001|179|||||7.125|0.00||||||||||||||||||||40000.00
F01Q10004961|200105|40000.00|0|002|178|||||7.125|0.00||||||||||||||||||||40000.00
F01Q10004961|200106|40000.00|0|003|177|||||7.125|0.00||||||||||||||||||||40000.00
F01Q10004961|200107|39000.00|0|004|176|||||7.125|0.00||||||||||||||||||||39000.00
F01Q10004961|200108|39000.00|0|005|175|||||7.125|0.00||||||||||||||||||||39000.00
F01Q10004961|200109|39000.00|0|006|174|||||7.125|0.00||||||||||||||||||||39000.00
F01Q10004961|200110|39110.47|0|007|173|||||7.125|0.00||||||||||||||||||||39110.47
F01Q10004961|200111|38980.36|0|008|172|||||7.125|0.00||||||||||||||||||||38980.36
F01Q10004961|200112|38980.36|0|009|171|||||7.125|0.00||||||||||||||||||||38980.36
F01Q10004961|200201|38717.82|0|010|170|||||7.125|0.00||||||||||||||||||||38717.82
F01Q10004961|200202|38585.38|0|011|169|||||7.125|0.00||||||||||||||||||||38585.38
F01Q10004961|200203|38442.88|0|012|168|||||7.125|0.00||||||||||||||||||||38442.88
F01Q10004961|200204|38308.80|0|013|167|||||7.125|0.00||||||||||||||||||||38308.80
F01Q10004961|200205|38308.80|0|014|166|||||7.125|0.00||||||||||||||||||||38308.80
F01Q10004961|200206|38163.12|0|015|165|||||7.125|0.00||||||||||||||||||||38163.12
F01Q10004961|200207|38021.57|0|016|164|||||7.125|0.00||||||||||||||||||||38021.57
F01Q10004961|200208|37874.18|0|017|163|||||7.125|0.00||||||||||||||||||||37874.18
F01Q10004961|200209|37725.92|0|018|162|||||7.125|0.00||||||||||||||||||||37725.92
F01Q10004961|200210|37431.78|0|019|161|||||7.125|0.00||||||||||||||||||||37431.78
F01Q10004961|200211|37280.89|0|020|160|||||7.125|0.00||||||||||||||||||||37280.89
F01Q10004961|200212|37129.11|0|021|159|||||7.125|0.00||||||||||||||||||||37129.11
F01Q10004961|200301|36976.42|0|022|158|||||7.125|0.00||||||||||||||||||||36976.42
F01Q10004961|200302|36822.83|0|023|157|||||7.125|0.00||||||||||||||||||||36822.83
F01Q10004961|200303|36822.83|0|024|156|||||7.125|0.00||||||||||||||||||||36822.83
F01Q10004961|200304|36668.33|0|025|155|||||7.125|0.00||||||||||||||||||||36668.33
F01Q10004961|200305|36521.14|0|026|154|||||7.125|0.00||||||||||||||||||||36521.14
F01Q10004961|200306|36368.07|0|027|153|||||7.125|0.00||||||||||||||||||||36368.07
F01Q10004961|200307|36214.10|0|028|152|||||7.125|0.00||||||||||||||||||||36214.10
F01Q10004961|200308|35833.80|0|029|151|||||7.125|0.00||||||||||||||||||||35833.80
F01Q10004961|200309|35833.80|0|030|150|||||7.125|0.00||||||||||||||||||||35833.80
F01Q10004961|200310|35511.46|0|031|149|||||7.125|0.00||||||||||||||||||||35511.46
F01Q10004961|200311|35359.98|0|032|148|||||7.125|0.00||||||||||||||||||||35359.98
F01Q10004961|200312|35207.60|0|033|147|||||7.125|0.00||||||||||||||||||||35207.60
F01Q10004961|200401|35054.32|0|034|146|||||7.125|0.00||||||||||||||||||||35054.32
F01Q10004961|200402|34900.13|0|035|145|||||7.125|0.00||||||||||||||||||||34900.13
F01Q10004961|200403|34745.02|0|036|144|||||7.125|0.00||||||||||||||||||||34745.02
F01Q10004961|200404|0.00|0|037|143|||01|200404|7.125|0.00|||||||||||||||34745.02|||||0.00
F01Q10004969|200104|36000.00|0|001|119|||||7.250|0.00||||||||||||||||||||36000.00
F01Q10004969|200105|36000.00|0|002|118|||||7.250|0.00||||||||||||||||||||36000.00
F01Q10004969|200106|35000.00|0|003|117|||||7.250|0.00||||||||||||||||||||35000.00
F01Q10004969|200107|35000.00|0|004|116|||||7.250|0.00||||||||||||||||||||35000.00
F01Q10004969|200108|35000.00|0|005|115|||||7.250|0.00||||||||||||||||||||35000.00
F01Q10004969|200109|35000.00|0|006|114|||||7.250|0.00||||||||||||||||||||35000.00
F01Q10004969|200110|34537.73|0|007|113|||||7.250|0.00||||||||||||||||||||34537.73
F01Q10004969|200111|34323.76|0|008|112|||||7.250|0.00||||||||||||||||||||34323.76
F01Q10004969|200112|34108.49|0|009|111|||||7.250|0.00||||||||||||||||||||34108.49
F01Q10004969|200201|33891.92|0|010|110|||||7.250|0.00||||||||||||||||||||33891.92
F01Q10004969|200202|33674.04|0|011|109|||||7.250|0.00||||||||||||||||||||33674.04
F01Q10004969|200203|33454.85|0|012|108|||||7.250|0.00||||||||||||||||||||33454.85
F01Q10004969|200204|33234.33|0|013|107|||||7.250|0.00||||||||||||||||||||33234.33
F01Q10004969|200205|33012.48|0|014|106|||||7.250|0.00||||||||||||||||||||33012.48
F01Q10004969|200206|32789.29|0|015|105|||||7.250|0.00||||||||||||||||||||32789.29
F01Q10004969|200207|32564.75|0|016|104|||||7.250|0.00||||||||||||||||||||32564.75
F01Q10004969|200208|32338.86|0|017|103|||||7.250|0.00||||||||||||||||||||32338.86
F01Q10004969|200209|32111.60|0|018|102|||||7.250|0.00||||||||||||||||||||32111.60
F01Q10004969|200210|31882.97|0|019|101|||||7.250|0.00||||||||||||||||||||31882.97
F01Q10004969|200211|31652.96|0|020|100|||||7.250|0.00||||||||||||||||||||31652.96
F01Q10004969|200212|31421.56|0|021|099|||||7.250|0.00||||||||||||||||||||31421.56
F01Q10004969|200301|31188.76|0|022|098|||||7.250|0.00||||||||||||||||||||31188.76
F01Q10004969|200302|30954.55|0|023|097|||||7.250|0.00||||||||||||||||||||30954.55
F01Q10004969|200303|30718.93|0|024|096|||||7.250|0.00||||||||||||||||||||30718.93
F01Q10004969|200304|30481.88|0|025|095|||||7.250|0.00||||||||||||||||||||30481.88
F01Q10004969|200305|30243.40|0|026|094|||||7.250|0.00||||||||||||||||||||30243.40
F01Q10004969|200306|30003.48|0|027|093|||||7.250|0.00||||||||||||||||||||30003.48
F01Q10004969|200307|29762.11|0|028|092|||||7.250|0.00||||||||||||||||||||29762.11
F01Q10004969|200308|29519.28|0|029|091|||||7.250|0.00||||||||||||||||||||29519.28
F01Q10004969|200309|29274.99|0|030|090|||||7.250|0.00||||||||||||||||||||29274.99
F01Q10004969|200310|29029.22|0|031|089|||||7.250|0.00||||||||||||||||||||29029.22
F01Q10004969|200311|28781.96|0|032|088|||||7.250|0.00||||||||||||||||||||28781.96
F01Q10004969|200312|28533.21|0|033|087|||||7.250|0.00||||||||||||||||||||28533.21
F01Q10004969|200401|28282.96|0|034|086|||||7.250|0.00||||||||||||||||||||28282.96
F01Q10004969|200402|28031.20|0|035|085|||||7.250|0.00||||||||||||||||||||28031.20
F01Q10004969|200403|27777.92|0|036|084|||||7.250|0.00||||||||||||||||||||27777.92
F01Q10004969|200404|27523.10|0|037|083|||||7.250|0.00||||||||||||||||||||27523.10
F01Q10004969|200405|27266.75|0|038|082|||||7.250|0.00||||||||||||||||||||27266.75
F01Q10004969|200406|27008.85|0|039|081|||||7.250|0.00||||||||||||||||||||27008.85
F01Q10004969|200407|26749.39|0|040|080|||||7.250|0.00||||||||||||||||||||26749.39
F01Q10004969|200408|26488.36|0|041|079|||||7.250|0.00||||||||||||||||||||26488.36
F01Q10004969|200409|26225.75|0|042|078|||||7.250|0.00||||||||||||||||||||26225.75
F01Q10004969|200410|25961.56|0|043|077|||||7.250|0.00||||||||||||||||||||25961.56
F01Q10004969|200411|25695.77|0|044|076|||||7.250|0.00||||||||||||||||||||25695.77
F01Q10004969|200412|25428.38|0|045|075|||||7.250|0.00||||||||||||||||||||25428.38
F01Q10004969|200501|25159.37|0|046|074|||||7.250|0.00||||||||||||||||||||25159.37
F01Q10004969|200502|24888.73|0|047|073|||||7.250|0.00||||||||||||||||||||24888.73
F01Q10004969|200503|24616.46|0|048|072|||||7.250|0.00||||||||||||||||||||24616.46
F01Q10004969|200504|24342.54|0|049|071|||||7.250|0.00||||||||||||||||||||24342.54
F01Q10004969|200505|24045.84|0|050|070|||||7.250|0.00||||||||||||||||||||24045.84
F01Q10004969|200506|23768.48|0|051|069|||||7.250|0.00||||||||||||||||||||23768.48
F01Q10004969|200507|23489.44|0|052|068|||||7.250|0.00||||||||||||||||||||23489.44
F01Q10004969|200508|23208.72|0|053|067|||||7.250|0.00||||||||||||||||||||23208.72
F01Q10004969|200509|22926.30|0|054|066|||||7.250|0.00||||||||||||||||||||22926.30
F01Q10004969|200510|22642.17|0|055|065|||||7.250|0.00||||||||||||||||||||22642.17
F01Q10004969|200511|22356.33|0|056|064|||||7.250|0.00||||||||||||||||||||22356.33
F01Q10004969|200512|22068.76|0|057|063|||||7.250|0.00||||||||||||||||||||22068.76
F01Q10004969|200601|21779.45|0|058|062|||||7.250|0.00||||||||||||||||||||21779.45
F01Q10004969|200602|21488.39|0|059|061|||||7.250|0.00||||||||||||||||||||21488.39
F01Q10004969|200603|21195.58|0|060|060|||||7.250|0.00||||||||||||||||||||21195.58
F01Q10004969|200604|20901.00|0|061|059|||||7.250|0.00||||||||||||||||||||20901.00
F01Q10004969|200605|20604.64|0|062|058|||||7.250|0.00||||||||||||||||||||20604.64
F01Q10004969|200606|20306.49|0|063|057|||||7.250|0.00||||||||||||||||||||20306.49
F01Q10004969|200607|20006.54|0|064|056|||||7.250|0.00||||||||||||||||||||20006.54
F01Q10004969|200608|19704.77|0|065|055|||||7.250|0.00||||||||||||||||||||19704.77
F01Q10004969|200609|19401.18|0|066|054|||||7.250|0.00||||||||||||||||||||19401.18
F01Q10004969|200610|19095.76|0|067|053|||||7.250|0.00||||||||||||||||||||19095.76
F01Q10004969|200611|18788.49|0|068|052|||||7.250|0.00||||||||||||||||||||18788.49
F01Q10004969|200612|18479.36|0|069|051|||||7.250|0.00||||||||||||||||||||18479.36
F01Q10004969|200701|18168.37|0|070|050|||||7.250|0.00||||||||||||||||||||18168.37
F01Q10004969|200702|17855.50|0|071|049|||||7.250|0.00||||||||||||||||||||17855.50
F01Q10004969|200703|17540.74|0|072|048|||||7.250|0.00||||||||||||||||||||17540.74
F01Q10004969|200704|17224.08|0|073|047|||||7.250|0.00||||||||||||||||||||17224.08
F01Q10004969|200705|16905.50|0|074|046|||||7.250|0.00||||||||||||||||||||16905.50
F01Q10004969|200706|16585.00|0|075|045|||||7.250|0.00||||||||||||||||||||16585.00
F01Q10004969|200707|16262.56|0|076|044|||||7.250|0.00||||||||||||||||||||16262.56
F01Q10004969|200708|15938.17|0|077|043|||||7.250|0.00||||||||||||||||||||15938.17
F01Q10004969|200709|15611.82|0|078|042|||||7.250|0.00||||||||||||||||||||15611.82
F01Q10004969|200710|15283.50|0|079|041|||||7.250|0.00||||||||||||||||||||15283.50
F01Q10004969|200711|14953.20|0|080|040|||||7.250|0.00||||||||||||||||||||14953.20
F01Q10004969|200712|14620.90|0|081|039|||||7.250|0.00||||||||||||||||||||14620.90
F01Q10004969|200801|14286.59|0|082|038|||||7.250|0.00||||||||||||||||||||14286.59
F01Q10004969|200802|13950.26|0|083|037|||||7.250|0.00||||||||||||||||||||13950.26
F01Q10004969|200803|13611.90|0|084|036|||||7.250|0.00||||||||||||||||||||13611.90
F01Q10004969|200804|13271.50|0|085|035|||||7.250|0.00||||||||||||||||||||13271.50
F01Q10004969|200805|12929.04|0|086|034|||||7.250|0.00||||||||||||||||||||12929.04
F01Q10004969|200806|12584.51|0|087|033|||||7.250|0.00||||||||||||||||||||12584.51
F01Q10004969|200807|12237.90|0|088|032|||||7.250|0.00||||||||||||||||||||12237.90
F01Q10004969|200808|11889.20|0|089|031|||||7.250|0.00||||||||||||||||||||11889.20
F01Q10004969|200809|11538.39|0|090|030|||||7.250|0.00||||||||||||||||||||11538.39
F01Q10004969|200810|11185.46|0|091|029|||||7.250|0.00||||||||||||||||||||11185.46
F01Q10004969|200811|10830.40|0|092|028|||||7.250|0.00||||||||||||||||||||10830.40
F01Q10004969|200812|10473.19|0|093|027|||||7.250|0.00||||||||||||||||||||10473.19
F01Q10004969|200901|10113.83|0|094|026|||||7.250|0.00||||||||||||||||||||10113.83
F01Q10004969|200902|9752.29|0|095|025|||||7.250|0.00||||||||||||||||||||9752.29
F01Q10004969|200903|9388.57|0|096|024|||||7.250|0.00||||||||||||||||||||9388.57
F01Q10004969|200904|9022.65|0|097|023|||||7.250|0.00||||||||||||||||||||9022.65
F01Q10004969|200905|8654.52|0|098|022|||||7.250|0.00||||||||||||||||||||8654.52
F01Q10004969|200906|8284.17|0|099|021|||||7.250|0.00||||||||||||||||||||8284.17
F01Q10004969|200907|7911.58|0|100|020|||||7.250|0.00||||||||||||||||||||7911.58
F01Q10004969|200908|7536.74|0|101|019|||||7.250|0.00||||||||||||||||||||7536.74
F01Q10004969|200909|7159.63|0|102|018|||||7.250|0.00||||||||||||||||||||7159.63
F01Q10004969|200910|6398.57|0|103|017|||||7.250|0.00||||||||||||||||||||6398.57
F01Q10004969|200911|6014.59|0|104|016|||||7.250|0.00||||||||||||||||||||6014.59
F01Q10004969|200912|6014.59|0|105|015|||||7.250|0.00||||||||||||||||||||6014.59
F01Q10004969|201001|5628.29|0|106|014|||||7.250|0.00||||||||||||||||||||5628.29
F01Q10004969|201002|5239.65|0|107|013|||||7.250|0.00||||||||||||||||||||5239.65
F01Q10004969|201003|4848.67|0|108|012|||||7.250|0.00||||||||||||||||||||4848.67
F01Q10004969|201004|4059.60|0|109|011|||||7.250|0.00||||||||||||||||||||4059.60
F01Q10004969|201005|4059.60|0|110|010|||||7.250|0.00||||||||||||||||||||4059.60
F01Q10004969|201006|3661.49|0|111|009|||||7.250|0.00||||||||||||||||||||3661.49
F01Q10004969|201007|3260.97|0|112|008|||||7.250|0.00||||||||||||||||||||3260.97
F01Q10004969|201008|2858.03|0|113|007|||||7.250|0.00||||||||||||||||||||2858.03
F01Q10004969|201009|2452.66|0|114|006|||||7.250|0.00||||||||||||||||||||2452.66
F01Q10004969|201010|2044.84|0|115|005|||||7.250|0.00||||||||||||||||||||2044.84
F01Q10004969|201011|1634.55|0|116|004|||||7.250|0.00||||||||||||||||||||1634.55
F01Q10004969|201012|1221.79|0|117|003|||||7.250|0.00||||||||||||||||||||1221.79
F01Q10004969|201101|806.53|0|118|002|||||7.250|0.00||||||||||||||||||||806.53
F01Q10004969|201102|0.00|0|119|001|||01|201102|7.250|0.00|||||||||||||||806.53|||||0.00
F01Q10004988|200104|250000.00|0|000|180|||||7.000|0.00||||||||||||||||||||250000.00
F01Q10004988|200105|249000.00|0|001|179|||||7.000|0.00||||||||||||||||||||249000.00
F01Q10004988|200106|248000.00|0|002|178|||||7.000|0.00||||||||||||||||||||248000.00
F01Q10004988|200107|248000.00|0|003|177|||||7.000|0.00||||||||||||||||||||248000.00
F01Q10004988|200108|246000.00|0|004|176|||||7.000|0.00||||||||||||||||||||246000.00
F01Q10004988|200109|245000.00|0|005|175|||||7.000|0.00||||||||||||||||||||245000.00
F01Q10004988|200110|244000.00|0|006|174|||||7.000|0.00||||||||||||||||||||244000.00
F01Q10004988|200111|243340.78|0|007|173|||||7.000|0.00||||||||||||||||||||243340.78
F01Q10004988|200112|0.00|0|008|172|||01|200112|7.000|0.00|||||||||||||||243340.78|||||0.00
F01Q10005049|200104|148000.00|0|000|180|||||6.500|0.00||||||||||||||||||||148000.00
F01Q10005049|200105|148000.00|0|001|179|||||6.500|0.00||||||||||||||||||||148000.00
F01Q10005049|200106|147000.00|0|002|178|||||6.500|0.00||||||||||||||||||||147000.00
F01Q10005049|200107|147000.00|0|003|177|||||6.500|0.00||||||||||||||||||||147000.00
F01Q10005049|200108|146000.00|0|004|176|||||6.500|0.00||||||||||||||||||||146000.00
F01Q10005049|200109|146000.00|0|005|175|||||6.500|0.00||||||||||||||||||||146000.00
F01Q10005049|200110|145000.00|0|006|174|||||6.500|0.00||||||||||||||||||||145000.00
F01Q10005049|200111|144519.49|0|007|173|||||6.500|0.00||||||||||||||||||||144519.49
F01Q10005049|200112|144002.30|0|008|172|||||6.500|0.00||||||||||||||||||||144002.30
F01Q10005049|200201|143493.07|0|009|171|||||6.500|0.00||||||||||||||||||||143493.07
F01Q10005049|200202|142981.08|0|010|170|||||6.500|0.00||||||||||||||||||||142981.08
F01Q10005049|200203|142455.56|0|011|169|||||6.500|0.00||||||||||||||||||||142455.56
F01Q10005049|200204|141927.19|0|012|168|||||6.500|0.00||||||||||||||||||||141927.19
F01Q10005049|200205|141395.96|0|013|167|||||6.500|0.00||||||||||||||||||||141395.96
F01Q10005049|200206|140861.85|0|014|166|||||6.500|0.00||||||||||||||||||||140861.85
F01Q10005049|200207|140224.85|0|015|165|||||6.500|0.00||||||||||||||||||||140224.85
F01Q10005049|200208|139584.40|0|016|164|||||6.500|0.00||||||||||||||||||||139584.40
F01Q10005049|200209|138940.48|0|017|163|||||6.500|0.00||||||||||||||||||||138940.48
F01Q10005049|200210|138293.07|0|018|162|||||6.500|0.00||||||||||||||||||||138293.07
F01Q10005049|200211|137642.16|0|019|161|||||6.500|0.00||||||||||||||||||||137642.16
F01Q10005049|200212|136987.72|0|020|160|||||6.500|0.00||||||||||||||||||||136987.72
F01Q10005049|200301|136440.50|0|021|159|||||6.500|0.00||||||||||||||||||||136440.50
F01Q10005049|200302|135779.55|0|022|158|||||6.500|0.00||||||||||||||||||||135779.55
F01Q10005049|200303|135115.02|0|023|157|||||6.500|0.00||||||||||||||||||||135115.02
F01Q10005049|200304|134446.89|0|024|156|||||6.500|0.00||||||||||||||||||||134446.89
F01Q10005049|200305|133775.14|0|025|155|||||6.500|0.00||||||||||||||||||||133775.14
F01Q10005049|200306|133210.52|0|026|154|||||6.500|0.00||||||||||||||||||||133210.52
F01Q10005049|200307|0.00|0|027|153|||01|200307|6.500|0.00|||||||||||||||133210.52|||||0.00
F01Q10005055|200104|75000.00|0|000|180|||||6.500|0.00||||||||||||||||||||75000.00
F01Q10005055|200105|75000.00|0|001|179|||||6.500|0.00||||||||||||||||||||75000.00
F01Q10005055|200106|74000.00|0|002|178|||||6.500|0.00||||||||||||||||||||74000.00
F01Q10005055|200107|74000.00|0|003|177|||||6.500|0.00||||||||||||||||||||74000.00
F01Q10005055|200108|74000.00|0|004|176|||||6.500|0.00||||||||||||||||||||74000.00
F01Q10005055|200109|73000.00|0|005|175|||||6.500|0.00||||||||||||||||||||73000.00
F01Q10005055|200110|73000.00|0|006|174|||||6.500|0.00||||||||||||||||||||73000.00
F01Q10005055|200111|72826.94|0|007|173|||||6.500|0.00||||||||||||||||||||72826.94
F01Q10005055|200112|72466.77|0|008|172|||||6.500|0.00||||||||||||||||||||72466.77
F01Q10005055|200201|72154.65|0|009|171|||||6.500|0.00||||||||||||||||||||72154.65
F01Q10005055|200202|71840.84|0|010|170|||||6.500|0.00||||||||||||||||||||71840.84
F01Q10005055|200203|71525.33|0|011|169|||||6.500|0.00||||||||||||||||||||71525.33
F01Q10005055|200204|71208.11|0|012|168|||||6.500|0.00||||||||||||||||||||71208.11
F01Q10005055|200205|70845.30|0|013|167|||||6.500|0.00||||||||||||||||||||70845.30
F01Q10005055|200206|70480.53|0|014|166|||||6.500|0.00||||||||||||||||||||70480.53
F01Q10005055|200207|70163.78|0|015|165|||||6.500|0.00||||||||||||||||||||70163.78
F01Q10005055|200208|69845.31|0|016|164|||||6.500|0.00||||||||||||||||||||69845.31
F01Q10005055|200209|69525.12|0|017|163|||||6.500|0.00||||||||||||||||||||69525.12
F01Q10005055|200210|69203.19|0|018|162|||||6.500|0.00||||||||||||||||||||69203.19
F01Q10005055|200211|68879.52|0|019|161|||||6.500|0.00||||||||||||||||||||68879.52
F01Q10005055|200212|68554.10|0|020|160|||||6.500|0.00||||||||||||||||||||68554.10
F01Q10005055|200301|68226.91|0|021|159|||||6.500|0.00||||||||||||||||||||68226.91
F01Q10005055|200302|67897.95|0|022|158|||||6.500|0.00||||||||||||||||||||67897.95
F01Q10005055|200303|67567.21|0|023|157|||||6.500|0.00||||||||||||||||||||67567.21
F01Q10005055|200304|67234.68|0|024|156|||||6.500|0.00||||||||||||||||||||67234.68
F01Q10005055|200305|66909.17|0|025|155|||||6.500|0.00||||||||||||||||||||66909.17
F01Q10005055|200306|66531.89|0|026|154|||||6.500|0.00||||||||||||||||||||66531.89
F01Q10005055|200307|66202.57|0|027|153|||||6.500|0.00||||||||||||||||||||66202.57
F01Q10005055|200308|0.00|0|028|152|||01|200308|6.500|0.00|||||||||||||||66202.57|||||0.00
F01Q10005056|200104|232000.00|0|001|179|||||6.500|0.00||||||||||||||||||||232000.00
F01Q10005056|200105|232000.00|0|002|178|||||6.500|0.00||||||||||||||||||||232000.00
F01Q10005056|200106|231000.00|0|003|177|||||6.500|0.00||||||||||||||||||||231000.00
F01Q10005056|200107|230000.00|0|004|176|||||6.500|0.00||||||||||||||||||||230000.00
F01Q10005056|200108|229000.00|0|005|175|||||6.500|0.00||||||||||||||||||||229000.00
F01Q10005056|200109|229000.00|0|006|174|||||6.500|0.00||||||||||||||||||||229000.00
F01Q10005056|200110|227734.05|0|007|173|||||6.500|0.00||||||||||||||||||||227734.05
F01Q10005056|200111|226936.19|0|008|172|||||6.500|0.00||||||||||||||||||||226936.19
F01Q10005056|200112|226134.01|0|009|171|||||6.500|0.00||||||||||||||||||||226134.01
F01Q10005056|200201|225327.48|0|010|170|||||6.500|0.00||||||||||||||||||||225327.48
F01Q10005056|200202|224516.58|0|011|169|||||6.500|0.00||||||||||||||||||||224516.58
F01Q10005056|200203|223701.29|0|012|168|||||6.500|0.00||||||||||||||||||||223701.29
F01Q10005056|200204|223701.29|0|013|167|||||6.500|0.00||||||||||||||||||||223701.29
F01Q10005056|200205|222057.45|0|014|166|||||6.500|0.00||||||||||||||||||||222057.45
F01Q10005056|200206|221228.84|0|015|165|||||6.500|0.00||||||||||||||||||||221228.84
F01Q10005056|200207|220395.74|0|016|164|||||6.500|0.00||||||||||||||||||||220395.74
F01Q10005056|200208|219558.13|0|017|163|||||6.500|0.00||||||||||||||||||||219558.13
F01Q10005056|200209|218715.98|0|018|162|||||6.500|0.00||||||||||||||||||||218715.98
F01Q10005056|200210|217868.69|0|019|161|||||6.500|0.00||||||||||||||||||||217868.69
F01Q10005056|200211|217017.39|0|020|160|||||6.500|0.00||||||||||||||||||||217017.39
F01Q10005056|200212|216161.48|0|021|159|||||6.500|0.00||||||||||||||||||||216161.48
F01Q10005056|200301|215300.35|0|022|158|||||6.500|0.00||||||||||||||||||||215300.35
F01Q10005056|200302|214434.56|0|023|157|||||6.500|0.00||||||||||||||||||||214434.56
F01Q10005056|200303|213564.66|0|024|156|||||6.500|0.00||||||||||||||||||||213564.66
F01Q10005056|200304|212689.47|0|025|155|||||6.500|0.00||||||||||||||||||||212689.47
F01Q10005056|200305|211809.54|0|026|154|||||6.500|0.00||||||||||||||||||||211809.54
F01Q10005056|200306|210925.42|0|027|153|||||6.500|0.00||||||||||||||||||||210925.42
F01Q10005056|200307|210036.51|0|028|152|||||6.500|0.00||||||||||||||||||||210036.51
F01Q10005056|200308|209142.79|0|029|151|||||6.500|0.00||||||||||||||||||||209142.79
F01Q10005056|200309|208225.65|0|030|150|||||6.500|0.00||||||||||||||||||||208225.65
F01Q10005056|200310|207153.54|0|031|149|||||6.500|0.00||||||||||||||||||||207153.54
F01Q10005056|200311|206175.62|0|032|148|||||6.500|0.00||||||||||||||||||||206175.62
F01Q10005056|200312|205192.40|0|033|147|||||6.500|0.00||||||||||||||||||||205192.40
F01Q10005056|200401|204203.86|0|034|146|||||6.500|0.00||||||||||||||||||||204203.86
F01Q10005056|200402|203278.54|0|035|145|||||6.500|0.00||||||||||||||||||||203278.54
F01Q10005056|200403|202329.63|0|036|144|||||6.500|0.00||||||||||||||||||||202329.63
F01Q10005056|200404|201394.16|0|037|143|||||6.500|0.00||||||||||||||||||||201394.16
F01Q10005056|200405|200385.05|0|038|142|||||6.500|0.00||||||||||||||||||||200385.05
F01Q10005056|200406|199439.05|0|039|141|||||6.500|0.00||||||||||||||||||||199439.05
F01Q10005056|200407|198469.34|0|040|140|||||6.500|0.00||||||||||||||||||||198469.34
F01Q10005056|200408|197444.38|0|041|139|||||6.500|0.00||||||||||||||||||||197444.38
F01Q10005056|200409|196413.87|0|042|138|||||6.500|0.00||||||||||||||||||||196413.87
F01Q10005056|200410|195377.78|0|043|137|||||6.500|0.00||||||||||||||||||||195377.78
F01Q10005056|200411|194336.08|0|044|136|||||6.500|0.00||||||||||||||||||||194336.08
F01Q10005056|200412|193288.73|0|045|135|||||6.500|0.00||||||||||||||||||||193288.73
F01Q10005056|200501|192235.71|0|046|134|||||6.500|0.00||||||||||||||||||||192235.71
F01Q10005056|200502|191176.99|0|047|133|||||6.500|0.00||||||||||||||||||||191176.99
F01Q10005056|200503|190112.53|0|048|132|||||6.500|0.00||||||||||||||||||||190112.53
F01Q10005056|200504|189042.31|0|049|131|||||6.500|0.00||||||||||||||||||||189042.31
F01Q10005056|200505|187866.29|0|050|130|||||6.500|0.00||||||||||||||||||||187866.29
F01Q10005056|200506|186783.90|0|051|129|||||6.500|0.00||||||||||||||||||||186783.90
F01Q10005056|200507|185695.65|0|052|128|||||6.500|0.00||||||||||||||||||||185695.65
F01Q10005056|200508|0.00|0|053|127|||01|200508|6.500|0.00|||||||||||||||185695.65|||||0.00
F01Q10005078|200104|58000.00|0|000|180|||||6.500|0.00||||||||||||||||||||58000.00
F01Q10005078|200105|57000.00|0|001|179|||||6.500|0.00||||||||||||||||||||57000.00
F01Q10005078|200106|57000.00|0|002|178|||||6.500|0.00||||||||||||||||||||57000.00
F01Q10005078|200107|57000.00|0|003|177|||||6.500|0.00||||||||||||||||||||57000.00
F01Q10005078|200108|56000.00|0|004|176|||||6.500|0.00||||||||||||||||||||56000.00
F01Q10005078|200109|56000.00|0|005|175|||||6.500|0.00||||||||||||||||||||56000.00
F01Q10005078|200110|55000.00|0|006|174|||||6.500|0.00||||||||||||||||||||55000.00
F01Q10005078|200111|54879.85|0|007|173|||||6.500|0.00||||||||||||||||||||54879.85
F01Q10005078|200112|54463.17|0|008|172|||||6.500|0.00||||||||||||||||||||54463.17
F01Q10005078|200201|54044.23|0|009|171|||||6.500|0.00||||||||||||||||||||54044.23
F01Q10005078|200202|53623.02|0|010|170|||||6.500|0.00||||||||||||||||||||53623.02
F01Q10005078|200203|53199.53|0|011|169|||||6.500|0.00||||||||||||||||||||53199.53
F01Q10005078|200204|52773.74|0|012|168|||||6.500|0.00||||||||||||||||||||52773.74
F01Q10005078|200205|52345.65|0|013|167|||||6.500|0.00||||||||||||||||||||52345.65
F01Q10005078|200206|51915.24|0|014|166|||||6.500|0.00||||||||||||||||||||51915.24
F01Q10005078|200207|51482.50|0|015|165|||||6.500|0.00||||||||||||||||||||51482.50
F01Q10005078|200208|51047.41|0|016|164|||||6.500|0.00||||||||||||||||||||51047.41
F01Q10005078|200209|50609.97|0|017|163|||||6.500|0.00||||||||||||||||||||50609.97
F01Q10005078|200210|50170.16|0|018|162|||||6.500|0.00||||||||||||||||||||50170.16
F01Q10005078|200211|49927.97|0|019|161|||||6.500|0.00||||||||||||||||||||49927.97
F01Q10005078|200212|49684.46|0|020|160|||||6.500|0.00||||||||||||||||||||49684.46
F01Q10005078|200301|49439.63|0|021|159|||||6.500|0.00||||||||||||||||||||49439.63
F01Q10005078|200302|49193.48|0|022|158|||||6.500|0.00||||||||||||||||||||49193.48
F01Q10005078|200303|48945.99|0|023|157|||||6.500|0.00||||||||||||||||||||48945.99
F01Q10005078|200304|48697.16|0|024|156|||||6.500|0.00||||||||||||||||||||48697.16
F01Q10005078|200305|48446.99|0|025|155|||||6.500|0.00||||||||||||||||||||48446.99
F01Q10005078|200306|48195.46|0|026|154|||||6.500|0.00||||||||||||||||||||48195.46
F01Q10005078|200307|47942.57|0|027|153|||||6.500|0.00||||||||||||||||||||47942.57
F01Q10005078|200308|0.00|0|028|152|||01|200308|6.500|0.00|||||||||||||||47942.57|||||0.00
F01Q10005112|200104|45000.00|0|000|180|||||6.750|0.00||||||||||||||||||||45000.00
F01Q10005112|200105|45000.00|0|001|179|||||6.750|0.00||||||||||||||||||||45000.00
F01Q10005112|200106|45000.00|0|002|178|||||6.750|0.00||||||||||||||||||||45000.00
F01Q10005112|200107|45000.00|0|003|177|||||6.750|0.00||||||||||||||||||||45000.00
F01Q10005112|200108|44000.00|0|004|176|||||6.750|0.00||||||||||||||||||||44000.00
F01Q10005112|200109|44000.00|0|005|175|||||6.750|0.00||||||||||||||||||||44000.00
F01Q10005112|200110|44000.00|0|006|174|||||6.750|0.00||||||||||||||||||||44000.00
F01Q10005112|200111|43967.11|0|007|173|||||6.750|0.00||||||||||||||||||||43967.11
F01Q10005112|200112|43816.21|0|008|172|||||6.750|0.00||||||||||||||||||||43816.21
F01Q10005112|200201|43664.47|0|009|171|||||6.750|0.00||||||||||||||||||||43664.47
F01Q10005112|200202|43511.87|0|010|170|||||6.750|0.00||||||||||||||||||||43511.87
F01Q10005112|200203|43358.41|0|011|169|||||6.750|0.00||||||||||||||||||||43358.41
F01Q10005112|200204|43204.09|0|012|168|||||6.750|0.00||||||||||||||||||||43204.09
F01Q10005112|200205|43048.90|0|013|167|||||6.750|0.00||||||||||||||||||||43048.90
F01Q10005112|200206|42892.84|0|014|166|||||6.750|0.00||||||||||||||||||||42892.84
F01Q10005112|200207|42735.90|0|015|165|||||6.750|0.00||||||||||||||||||||42735.90
F01Q10005112|200208|42578.08|0|016|164|||||6.750|0.00||||||||||||||||||||42578.08
F01Q10005112|200209|42419.37|0|017|163|||||6.750|0.00||||||||||||||||||||42419.37
F01Q10005112|200210|42259.77|0|018|162|||||6.750|0.00||||||||||||||||||||42259.77
F01Q10005112|200211|42099.27|0|019|161|||||6.750|0.00||||||||||||||||||||42099.27
F01Q10005112|200212|41937.87|0|020|160|||||6.750|0.00||||||||||||||||||||41937.87
F01Q10005112|200301|41775.56|0|021|159|||||6.750|0.00||||||||||||||||||||41775.56
F01Q10005112|200302|41612.34|0|022|158|||||6.750|0.00||||||||||||||||||||41612.34
F01Q10005112|200303|41448.20|0|023|157|||||6.750|0.00||||||||||||||||||||41448.20
F01Q10005112|200304|41283.14|0|024|156|||||6.750|0.00||||||||||||||||||||41283.14
F01Q10005112|200305|41117.15|0|025|155|||||6.750|0.00||||||||||||||||||||41117.15
F01Q10005112|200306|40950.22|0|026|154|||||6.750|0.00||||||||||||||||||||40950.22
F01Q10005112|200307|0.00|0|027|153|||01|200307|6.750|0.00|||||||||||||||40950.22|||||0.00
F01Q10005122|200104|45000.00|0|001|179|||||6.750|0.00||||||||||||||||||||45000.00
F01Q10005122|200105|45000.00|0|002|178|||||6.750|0.00||||||||||||||||||||45000.00
F01Q10005122|200106|45000.00|0|003|177|||||6.750|0.00||||||||||||||||||||45000.00
F01Q10005122|200107|44000.00|0|004|176|||||6.750|0.00||||||||||||||||||||44000.00
F01Q10005122|200108|44000.00|0|005|175|||||6.750|0.00||||||||||||||||||||44000.00
F01Q10005122|200109|44000.00|0|006|174|||||6.750|0.00||||||||||||||||||||44000.00
F01Q10005122|200110|43967.11|0|007|173|||||6.750|0.00||||||||||||||||||||43967.11
F01Q10005122|200111|43816.21|0|008|172|||||6.750|0.00||||||||||||||||||||43816.21
F01Q10005122|200112|43664.47|0|009|171|||||6.750|0.00||||||||||||||||||||43664.47
F01Q10005122|200201|43511.87|0|010|170|||||6.750|0.00||||||||||||||||||||43511.87
F01Q10005122|200202|43358.41|0|011|169|||||6.750|0.00||||||||||||||||||||43358.41
F01Q10005122|200203|43204.09|0|012|168|||||6.750|0.00||||||||||||||||||||43204.09
F01Q10005122|200204|43048.90|0|013|167|||||6.750|0.00||||||||||||||||||||43048.90
F01Q10005122|200205|42892.84|0|014|166|||||6.750|0.00||||||||||||||||||||42892.84
F01Q10005122|200206|42735.90|0|015|165|||||6.750|0.00||||||||||||||||||||42735.90
F01Q10005122|200207|42578.08|0|016|164|||||6.750|0.00||||||||||||||||||||42578.08
F01Q10005122|200208|42419.37|0|017|163|||||6.750|0.00||||||||||||||||||||42419.37
F01Q10005122|200209|42259.77|0|018|162|||||6.750|0.00||||||||||||||||||||42259.77
F01Q10005122|200210|42099.27|0|019|161|||||6.750|0.00||||||||||||||||||||42099.27
F01Q10005122|200211|41937.87|0|020|160|||||6.750|0.00||||||||||||||||||||41937.87
F01Q10005122|200212|41775.56|0|021|159|||||6.750|0.00||||||||||||||||||||41775.56
F01Q10005122|200301|41612.34|0|022|158|||||6.750|0.00||||||||||||||||||||41612.34
F01Q10005122|200302|41448.20|0|023|157|||||6.750|0.00||||||||||||||||||||41448.20
F01Q10005122|200303|41283.14|0|024|156|||||6.750|0.00||||||||||||||||||||41283.14
F01Q10005122|200304|41117.15|0|025|155|||||6.750|0.00||||||||||||||||||||41117.15
F01Q10005122|200305|40950.22|0|026|154|||||6.750|0.00||||||||||||||||||||40950.22
F01Q10005122|200306|40782.35|0|027|153|||||6.750|0.00||||||||||||||||||||40782.35
F01Q10005122|200307|40613.54|0|028|152|||||6.750|0.00||||||||||||||||||||40613.54
F01Q10005122|200308|40443.78|0|029|151|||||6.750|0.00||||||||||||||||||||40443.78
F01Q10005122|200309|40273.07|0|030|150|||||6.750|0.00||||||||||||||||||||40273.07
F01Q10005122|200310|40101.40|0|031|149|||||6.750|0.00||||||||||||||||||||40101.40
F01Q10005122|200311|39928.76|0|032|148|||||6.750|0.00||||||||||||||||||||39928.76
F01Q10005122|200312|39755.15|0|033|147|||||6.750|0.00||||||||||||||||||||39755.15
F01Q10005122|200401|39580.56|0|034|146|||||6.750|0.00||||||||||||||||||||39580.56
F01Q10005122|200402|39404.99|0|035|145|||||6.750|0.00||||||||||||||||||||39404.99
F01Q10005122|200403|39228.43|0|036|144|||||6.750|0.00||||||||||||||||||||39228.43
F01Q10005122|200404|39050.88|0|037|143|||||6.750|0.00||||||||||||||||||||39050.88
F01Q10005122|200405|38872.33|0|038|142|||||6.750|0.00||||||||||||||||||||38872.33
F01Q10005122|200406|38692.78|0|039|141|||||6.750|0.00||||||||||||||||||||38692.78
F01Q10005122|200407|38512.22|0|040|140|||||6.750|0.00||||||||||||||||||||38512.22
F01Q10005122|200408|38330.64|0|041|139|||||6.750|0.00||||||||||||||||||||38330.64
F01Q10005122|200409|38148.04|0|042|138|||||6.750|0.00||||||||||||||||||||38148.04
F01Q10005122|200410|37964.41|0|043|137|||||6.750|0.00||||||||||||||||||||37964.41
F01Q10005122|200411|37779.75|0|044|136|||||6.750|0.00||||||||||||||||||||37779.75
F01Q10005122|200412|37594.05|0|045|135|||||6.750|0.00||||||||||||||||||||37594.05
F01Q10005122|200501|37407.31|0|046|134|||||6.750|0.00||||||||||||||||||||37407.31
F01Q10005122|200502|37219.52|0|047|133|||||6.750|0.00||||||||||||||||||||37219.52
F01Q10005122|200503|37030.67|0|048|132|||||6.750|0.00||||||||||||||||||||37030.67
F01Q10005122|200504|36840.76|0|049|131|||||6.750|0.00||||||||||||||||||||36840.76
F01Q10005122|200505|36649.78|0|050|130|||||6.750|0.00||||||||||||||||||||36649.78
F01Q10005122|200506|36457.73|0|051|129|||||6.750|0.00||||||||||||||||||||36457.73
F01Q10005122|200507|36264.59|0|052|128|||||6.750|0.00||||||||||||||||||||36264.59
F01Q10005122|200508|36070.37|0|053|127|||||6.750|0.00||||||||||||||||||||36070.37
F01Q10005122|200509|35875.06|0|054|126|||||6.750|0.00||||||||||||||||||||35875.06
F01Q10005122|200510|35678.65|0|055|125|||||6.750|0.00||||||||||||||||||||35678.65
F01Q10005122|200511|35481.13|0|056|124|||||6.750|0.00||||||||||||||||||||35481.13
F01Q10005122|200512|35282.50|0|057|123|||||6.750|0.00||||||||||||||||||||35282.50
F01Q10005122|200601|35082.75|0|058|122|||||6.750|0.00||||||||||||||||||||35082.75
F01Q10005122|200602|34881.88|0|059|121|||||6.750|0.00||||||||||||||||||||34881.88
F01Q10005122|200603|34679.88|0|060|120|||||6.750|0.00||||||||||||||||||||34679.88
F01Q10005122|200604|34476.74|0|061|119|||||6.750|0.00||||||||||||||||||||34476.74
F01Q10005122|200605|34272.46|0|062|118|||||6.750|0.00||||||||||||||||||||34272.46
F01Q10005122|200606|34067.03|0|063|117|||||6.750|0.00||||||||||||||||||||34067.03
F01Q10005122|200607|33860.45|0|064|116|||||6.750|0.00||||||||||||||||||||33860.45
F01Q10005122|200608|33652.71|0|065|115|||||6.750|0.00||||||||||||||||||||33652.71
F01Q10005122|200609|33443.80|0|066|114|||||6.750|0.00||||||||||||||||||||33443.80
F01Q10005122|200610|33233.71|0|067|113|||||6.750|0.00||||||||||||||||||||33233.71
F01Q10005122|200611|33022.44|0|068|112|||||6.750|0.00||||||||||||||||||||33022.44
F01Q10005122|200612|32809.98|0|069|111|||||6.750|0.00||||||||||||||||||||32809.98
F01Q10005122|200701|32596.33|0|070|110|||||6.750|0.00||||||||||||||||||||32596.33
F01Q10005122|200702|32381.47|0|071|109|||||6.750|0.00||||||||||||||||||||32381.47
F01Q10005122|200703|32165.41|0|072|108|||||6.750|0.00||||||||||||||||||||32165.41
F01Q10005122|200704|31948.13|0|073|107|||||6.750|0.00||||||||||||||||||||31948.13
F01Q10005122|200705|31729.63|0|074|106|||||6.750|0.00||||||||||||||||||||31729.63
F01Q10005122|200706|31509.90|0|075|105|||||6.750|0.00||||||||||||||||||||31509.90
F01Q10005122|200707|31288.93|0|076|104|||||6.750|0.00||||||||||||||||||||31288.93
F01Q10005122|200708|31066.72|0|077|103|||||6.750|0.00||||||||||||||||||||31066.72
F01Q10005122|200709|30843.26|0|078|102|||||6.750|0.00||||||||||||||||||||30843.26
F01Q10005122|200710|30618.54|0|079|101|||||6.750|0.00||||||||||||||||||||30618.54
F01Q10005122|200711|30392.56|0|080|100|||||6.750|0.00||||||||||||||||||||30392.56
F01Q10005122|200712|30165.31|0|081|099|||||6.750|0.00||||||||||||||||||||30165.31
F01Q10005122|200801|29936.78|0|082|098|||||6.750|0.00||||||||||||||||||||29936.78
F01Q10005122|200802|29706.96|0|083|097|||||6.750|0.00||||||||||||||||||||29706.96
F01Q10005122|200803|29475.85|0|084|096|||||6.750|0.00||||||||||||||||||||29475.85
F01Q10005122|200804|0.00|0|085|095|||01|200804|6.750|0.00|||||||||||||||29475.85|||||0.00
F01Q10005151|200104|60000.00|0|000|180|||||6.750|0.00||||||||||||||||||||60000.00
F01Q10005151|200105|59000.00|0|001|179|||||6.750|0.00||||||||||||||||||||59000.00
F01Q10005151|200106|59000.00|0|002|178|||||6.750|0.00||||||||||||||||||||59000.00
F01Q10005151|200107|59000.00|0|003|177|||||6.750|0.00||||||||||||||||||||59000.00
F01Q10005151|200108|59000.00|0|004|176|||||6.750|0.00||||||||||||||||||||59000.00
F01Q10005151|200109|59000.00|0|005|175|||||6.750|0.00||||||||||||||||||||59000.00
F01Q10005151|200110|58000.00|0|006|174|||||6.750|0.00||||||||||||||||||||58000.00
F01Q10005151|200111|58105.67|0|007|173|||||6.750|0.00||||||||||||||||||||58105.67
F01Q10005151|200112|57901.56|0|008|172|||||6.750|0.00||||||||||||||||||||57901.56
F01Q10005151|200201|57696.31|0|009|171|||||6.750|0.00||||||||||||||||||||57696.31
F01Q10005151|200202|57489.90|0|010|170|||||6.750|0.00||||||||||||||||||||57489.90
F01Q10005151|200203|57282.28|0|011|169|||||6.750|0.00||||||||||||||||||||57282.28
F01Q10005151|200204|57073.49|0|012|168|||||6.750|0.00||||||||||||||||||||57073.49
F01Q10005151|200205|56863.53|0|013|167|||||6.750|0.00||||||||||||||||||||56863.53
F01Q10005151|200206|56652.39|0|014|166|||||6.750|0.00||||||||||||||||||||56652.39
F01Q10005151|200207|56440.06|0|015|165|||||6.750|0.00||||||||||||||||||||56440.06
F01Q10005151|200208|56226.54|0|016|164|||||6.750|0.00||||||||||||||||||||56226.54
F01Q10005151|200209|56011.81|0|017|163|||||6.750|0.00||||||||||||||||||||56011.81
F01Q10005151|200210|55795.88|0|018|162|||||6.750|0.00||||||||||||||||||||55795.88
F01Q10005151|200211|55578.73|0|019|161|||||6.750|0.00||||||||||||||||||||55578.73
F01Q10005151|200212|55360.36|0|020|160|||||6.750|0.00||||||||||||||||||||55360.36
F01Q10005151|200301|55140.76|0|021|159|||||6.750|0.00||||||||||||||||||||55140.76
F01Q10005151|200302|54919.93|0|022|158|||||6.750|0.00||||||||||||||||||||54919.93
F01Q10005151|200303|54697.85|0|023|157|||||6.750|0.00||||||||||||||||||||54697.85
F01Q10005151|200304|54474.53|0|024|156|||||6.750|0.00||||||||||||||||||||54474.53
F01Q10005151|200305|0.00|0|025|155|||01|200305|6.750|0.00|||||||||||||||54474.53|||||0.00
F01Q10005248|200104|80000.00|0|001|359|||||7.125|0.00||||||||||||||||||||80000.00
F01Q10005248|200105|80000.00|0|002|358|||||7.125|0.00||||||||||||||||||||80000.00
F01Q10005248|200106|80000.00|0|003|357|||||7.125|0.00||||||||||||||||||||80000.00
F01Q10005248|200107|80000.00|0|004|356|||||7.125|0.00||||||||||||||||||||80000.00
F01Q10005248|200108|80000.00|0|005|355|||||7.125|0.00||||||||||||||||||||80000.00
F01Q10005248|200109|80000.00|0|006|354|||||7.125|0.00||||||||||||||||||||80000.00
F01Q10005248|200110|79477.48|0|007|353|||||7.125|0.00||||||||||||||||||||79477.48
F01Q10005248|200111|79477.48|0|008|352|||||7.125|0.00||||||||||||||||||||79477.48
F01Q10005248|200112|79342.94|0|009|351|||||7.125|0.00||||||||||||||||||||79342.94
F01Q10005248|200201|79275.07|0|010|350|||||7.125|0.00||||||||||||||||||||79275.07
F01Q10005248|200202|79206.80|0|011|349|||||7.125|0.00||||||||||||||||||||79206.80
F01Q10005248|200203|79138.12|0|012|348|||||7.125|0.00||||||||||||||||||||79138.12
F01Q10005248|200204|79069.03|0|013|347|||||7.125|0.00||||||||||||||||||||79069.03
F01Q10005248|200205|78999.53|0|014|346|||||7.125|0.00||||||||||||||||||||78999.53
F01Q10005248|200206|78929.62|0|015|345|||||7.125|0.00||||||||||||||||||||78929.62
F01Q10005248|200207|78859.29|0|016|344|||||7.125|0.00||||||||||||||||||||78859.29
F01Q10005248|200208|78788.55|0|017|343|||||7.125|0.00||||||||||||||||||||78788.55
F01Q10005248|200209|78717.39|0|018|342|||||7.125|0.00||||||||||||||||||||78717.39
F01Q10005248|200210|78645.80|0|019|341|||||7.125|0.00||||||||||||||||||||78645.80
F01Q10005248|200211|0.00|0|020|340|||01|200211|7.125|0.00|||||||||||||||78645.80|||||0.00
F01Q10005300|200104|73000.00|0|000|360|||||7.250|0.00||||||||||||||||||||73000.00
F01Q10005300|200105|73000.00|0|001|359|||||7.250|0.00||||||||||||||||||||73000.00
F01Q10005300|200106|73000.00|0|002|358|||||7.250|0.00||||||||||||||||||||73000.00
F01Q10005300|200107|72000.00|0|003|357|||||7.250|0.00||||||||||||||||||||72000.00
F01Q10005300|200108|72000.00|0|004|356|||||7.250|0.00||||||||||||||||||||72000.00
F01Q10005300|200109|72000.00|0|005|355|||||7.250|0.00||||||||||||||||||||72000.00
F01Q10005300|200110|72000.00|0|006|354|||||7.250|0.00||||||||||||||||||||72000.00
F01Q10005300|200111|72087.57|0|007|353|||||7.250|0.00||||||||||||||||||||72087.57
F01Q10005300|200112|71996.19|0|008|352|||||7.250|0.00||||||||||||||||||||71996.19
F01Q10005300|200201|71904.26|0|009|351|||||7.250|0.00||||||||||||||||||||71904.26
F01Q10005300|200202|71811.77|0|010|350|||||7.250|0.00||||||||||||||||||||71811.77
F01Q10005300|200203|71718.72|0|011|349|||||7.250|0.00||||||||||||||||||||71718.72
F01Q10005300|200204|71656.42|0|012|348|||||7.250|0.00||||||||||||||||||||71656.42
F01Q10005300|200205|71656.42|0|013|347|||||7.250|0.00||||||||||||||||||||71656.42
F01Q10005300|200206|71593.74|0|014|346|||||7.250|0.00||||||||||||||||||||71593.74
F01Q10005300|200207|71530.69|0|015|345|||||7.250|0.00||||||||||||||||||||71530.69
F01Q10005300|200208|71467.25|0|016|344|||||7.250|0.00||||||||||||||||||||71467.25
F01Q10005300|200209|71403.43|0|017|343|||||7.250|0.00||||||||||||||||||||71403.43
F01Q10005300|200210|71339.23|0|018|342|||||7.250|0.00||||||||||||||||||||71339.23
F01Q10005300|200211|71269.64|0|019|341|||||7.250|0.00||||||||||||||||||||71269.64
F01Q10005300|200212|71204.63|0|020|340|||||7.250|0.00||||||||||||||||||||71204.63
F01Q10005300|200301|71139.22|0|021|339|||||7.250|0.00||||||||||||||||||||71139.22
F01Q10005300|200302|71073.42|0|022|338|||||7.250|0.00||||||||||||||||||||71073.42
F01Q10005300|200303|71007.22|0|023|337|||||7.250|0.00||||||||||||||||||||71007.22
F01Q10005300|200304|70940.62|0|024|336|||||7.250|0.00||||||||||||||||||||70940.62
F01Q10005300|200305|70873.62|0|025|335|||||7.250|0.00||||||||||||||||||||70873.62
F01Q10005300|200306|70806.21|0|026|334|||||7.250|0.00||||||||||||||||||||70806.21
F01Q10005300|200307|70670.18|0|027|333|||||7.250|0.00||||||||||||||||||||70670.18
F01Q10005300|200308|70601.55|0|028|332|||||7.250|0.00||||||||||||||||||||70601.55
F01Q10005300|200309|70532.50|0|029|331|||||7.250|0.00||||||||||||||||||||70532.50
F01Q10005300|200310|70463.03|0|030|330|||||7.250|0.00||||||||||||||||||||70463.03
F01Q10005300|200311|70393.14|0|031|329|||||7.250|0.00||||||||||||||||||||70393.14
F01Q10005300|200312|70393.14|0|032|328|||||7.250|0.00||||||||||||||||||||70393.14
F01Q10005300|200401|70252.10|0|033|327|||||7.250|0.00||||||||||||||||||||70252.10
F01Q10005300|200402|70252.10|0|034|326|||||7.250|0.00||||||||||||||||||||70252.10
F01Q10005300|200403|70109.35|0|035|325|||||7.250|0.00||||||||||||||||||||70109.35
F01Q10005300|200404|70037.33|0|036|324|||||7.250|0.00||||||||||||||||||||70037.33
F01Q10005300|200405|69964.87|0|037|323|||||7.250|0.00||||||||||||||||||||69964.87
F01Q10005300|200406|69964.87|0|038|322|||||7.250|0.00||||||||||||||||||||69964.87
F01Q10005300|200407|69891.97|0|039|321|||||7.250|0.00||||||||||||||||||||69891.97
F01Q10005300|200408|69818.63|0|040|320|||||7.250|0.00||||||||||||||||||||69818.63
F01Q10005300|200409|69744.85|0|041|319|||||7.250|0.00||||||||||||||||||||69744.85
F01Q10005300|200410|69590.96|0|042|318|||||7.250|0.00||||||||||||||||||||69590.96
F01Q10005300|200411|69590.96|0|043|317|||||7.250|0.00||||||||||||||||||||69590.96
F01Q10005300|200412|69440.20|0|044|316|||||7.250|0.00||||||||||||||||||||69440.20
F01Q10005300|200501|69440.20|0|045|315|||||7.250|0.00||||||||||||||||||||69440.20
F01Q10005300|200502|69364.13|0|046|314|||||7.250|0.00||||||||||||||||||||69364.13
F01Q10005300|200503|69287.60|0|047|313|||||7.250|0.00||||||||||||||||||||69287.60
F01Q10005300|200504|69210.61|0|048|312|||||7.250|0.00||||||||||||||||||||69210.61
F01Q10005300|200505|69133.16|0|049|311|||||7.250|0.00||||||||||||||||||||69133.16
F01Q10005300|200506|69055.24|0|050|310|||||7.250|0.00||||||||||||||||||||69055.24
F01Q10005300|200507|68897.99|0|051|309|||||7.250|0.00||||||||||||||||||||68897.99
F01Q10005300|200508|68897.99|0|052|308|||||7.250|0.00||||||||||||||||||||68897.99
F01Q10005300|200509|68818.65|0|053|307|||||7.250|0.00||||||||||||||||||||68818.65
F01Q10005300|200510|68738.83|0|054|306|||||7.250|0.00||||||||||||||||||||68738.83
F01Q10005300|200511|68577.74|0|055|305|||||7.250|0.00||||||||||||||||||||68577.74
F01Q10005300|200512|68496.46|0|056|304|||||7.250|0.00||||||||||||||||||||68496.46
F01Q10005300|200601|68496.46|0|057|303|||||7.250|0.00||||||||||||||||||||68496.46
F01Q10005300|200602|68332.43|0|058|302|||||7.250|0.00||||||||||||||||||||68332.43
F01Q10005300|200603|68249.67|0|059|301|||||7.250|0.00||||||||||||||||||||68249.67
F01Q10005300|200604|68166.41|0|060|300|||||7.250|0.00||||||||||||||||||||68166.41
F01Q10005300|200605|68166.41|0|061|299|||||7.250|0.00||||||||||||||||||||68166.41
F01Q10005300|200606|67998.38|0|062|298|||||7.250|0.00||||||||||||||||||||67998.38
F01Q10005300|200607|67998.38|0|063|297|||||7.250|0.00||||||||||||||||||||67998.38
F01Q10005300|200608|67828.31|0|064|296|||||7.250|0.00||||||||||||||||||||67828.31
F01Q10005300|200609|67742.51|0|065|295|||||7.250|0.00||||||||||||||||||||67742.51
F01Q10005300|200610|67742.51|0|066|294|||||7.250|0.00||||||||||||||||||||67742.51
F01Q10005300|200611|67656.19|0|067|293|||||7.250|0.00||||||||||||||||||||67656.19
F01Q10005300|200612|67481.98|0|068|292|||||7.250|0.00||||||||||||||||||||67481.98
F01Q10005300|200701|67481.98|0|069|291|||||7.250|0.00||||||||||||||||||||67481.98
F01Q10005300|200702|67394.08|0|070|290|||||7.250|0.00||||||||||||||||||||67394.08
F01Q10005300|200703|67305.65|0|071|289|||||7.250|0.00||||||||||||||||||||67305.65
F01Q10005300|200704|67216.69|0|072|288|||||7.250|0.00||||||||||||||||||||67216.69
F01Q10005300|200705|67127.19|0|073|287|||||7.250|0.00||||||||||||||||||||67127.19
F01Q10005300|200706|67037.15|0|074|286|||||7.250|0.00||||||||||||||||||||67037.15
F01Q10005300|200707|66946.57|0|075|285|||||7.250|0.00||||||||||||||||||||66946.57
F01Q10005300|200708|66855.44|0|076|284|||||7.250|0.00||||||||||||||||||||66855.44
F01Q10005300|200709|66763.76|0|077|283|||||7.250|0.00||||||||||||||||||||66763.76
F01Q10005300|200710|66671.52|0|078|282|||||7.250|0.00||||||||||||||||||||66671.52
F01Q10005300|200711|66578.73|0|079|281|||||7.250|0.00||||||||||||||||||||66578.73
F01Q10005300|200712|66485.38|0|080|280|||||7.250|0.00||||||||||||||||||||66485.38
F01Q10005300|200801|66391.46|0|081|279|||||7.250|0.00||||||||||||||||||||66391.46
F01Q10005300|200802|66296.98|0|082|278|||||7.250|0.00||||||||||||||||||||66296.98
F01Q10005300|200803|66201.92|0|083|277|||||7.250|0.00||||||||||||||||||||66201.92
F01Q10005300|200804|66101.29|0|084|276|||||7.250|0.00||||||||||||||||||||66101.29
F01Q10005300|200805|66005.05|0|085|275|||||7.250|0.00||||||||||||||||||||66005.05
F01Q10005300|200806|65908.23|0|086|274|||||7.250|0.00||||||||||||||||||||65908.23
F01Q10005300|200807|65810.83|0|087|273|||||7.250|0.00||||||||||||||||||||65810.83
F01Q10005300|200808|65712.84|0|088|272|||||7.250|0.00||||||||||||||||||||65712.84
F01Q10005300|200809|65614.26|0|089|271|||||7.250|0.00||||||||||||||||||||65614.26
F01Q10005300|200810|65410.30|0|090|270|||||7.250|0.00||||||||||||||||||||65410.30
F01Q10005300|200811|65410.30|0|091|269|||||7.250|0.00||||||||||||||||||||65410.30
F01Q10005300|200812|65309.89|0|092|268|||||7.250|0.00||||||||||||||||||||65309.89
F01Q10005300|200901|65208.87|0|093|267|||||7.250|0.00||||||||||||||||||||65208.87
F01Q10005300|200902|65005.00|0|094|266|||||7.250|0.00||||||||||||||||||||65005.00
F01Q10005300|200903|64902.14|0|095|265|||||7.250|0.00||||||||||||||||||||64902.14
F01Q10005300|200904|64798.66|0|096|264|||||7.250|0.00||||||||||||||||||||64798.66
F01Q10005300|200905|0.00|0|097|263|||01|200905|7.250|0.00|||||||||||||||64798.66|||||0.00
F01Q10005766|200104|95000.00|0|000|360|||||7.000|0.00||||||||||||||||||||95000.00
F01Q10005766|200105|95000.00|0|001|359|||||7.000|0.00||||||||||||||||||||95000.00
F01Q10005766|200106|95000.00|0|002|358|||||7.000|0.00||||||||||||||||||||95000.00
F01Q10005766|200107|95000.00|0|003|357|||||7.000|0.00||||||||||||||||||||95000.00
F01Q10005766|200108|95000.00|0|004|356|||||7.000|0.00||||||||||||||||||||95000.00
F01Q10005766|200109|95000.00|0|005|355|||||7.000|0.00||||||||||||||||||||95000.00
F01Q10005766|200110|94000.00|0|006|354|||||7.000|0.00||||||||||||||||||||94000.00
F01Q10005766|200111|94236.09|0|007|353|||||7.000|0.00||||||||||||||||||||94236.09
F01Q10005766|200112|94236.09|0|008|352|||||7.000|0.00||||||||||||||||||||94236.09
F01Q10005766|200201|93932.59|0|009|351|||||7.000|0.00||||||||||||||||||||93932.59
F01Q10005766|200202|93778.49|0|010|350|||||7.000|0.00||||||||||||||||||||93778.49
F01Q10005766|200203|93623.49|0|011|349|||||7.000|0.00||||||||||||||||||||93623.49
F01Q10005766|200204|93464.63|0|012|348|||||7.000|0.00||||||||||||||||||||93464.63
F01Q10005766|200205|93307.80|0|013|347|||||7.000|0.00||||||||||||||||||||93307.80
F01Q10005766|200206|93150.06|0|014|346|||||7.000|0.00||||||||||||||||||||93150.06
F01Q10005766|200207|93150.06|0|015|345|||||7.000|0.00||||||||||||||||||||93150.06
F01Q10005766|200208|92831.81|0|016|344|||||7.000|0.00||||||||||||||||||||92831.81
F01Q10005766|200209|92673.33|0|017|343|||||7.000|0.00||||||||||||||||||||92673.33
F01Q10005766|200210|92511.88|0|018|342|||||7.000|0.00||||||||||||||||||||92511.88
F01Q10005766|200211|92511.88|0|019|341|||||7.000|0.00||||||||||||||||||||92511.88
F01Q10005766|200212|92349.49|0|020|340|||||7.000|0.00||||||||||||||||||||92349.49
F01Q10005766|200301|92021.87|0|021|339|||||7.000|0.00||||||||||||||||||||92021.87
F01Q10005766|200302|91856.62|0|022|338|||||7.000|0.00||||||||||||||||||||91856.62
F01Q10005766|200303|91856.62|0|023|337|||||7.000|0.00||||||||||||||||||||91856.62
F01Q10005766|200304|91523.23|0|024|336|||||7.000|0.00||||||||||||||||||||91523.23
F01Q10005766|200305|91355.08|0|025|335|||||7.000|0.00||||||||||||||||||||91355.08
F01Q10005766|200306|91185.94|0|026|334|||||7.000|0.00||||||||||||||||||||91185.94
F01Q10005766|200307|91015.82|0|027|333|||||7.000|0.00||||||||||||||||||||91015.82
F01Q10005766|200308|90844.71|0|028|332|||||7.000|0.00||||||||||||||||||||90844.71
F01Q10005766|200309|90844.71|0|029|331|||||7.000|0.00||||||||||||||||||||90844.71
F01Q10005766|200310|0.00|0|030|330|||01|200310|7.000|0.00|||||||||||||||90844.71|||||0.00
F01Q10005830|200104|161000.00|0|000|360|||||7.125|0.00||||||||||||||||||||161000.00
F01Q10005830|200105|161000.00|0|001|359|||||7.125|0.00||||||||||||||||||||161000.00
F01Q10005830|200106|161000.00|0|002|358|||||7.125|0.00||||||||||||||||||||161000.00
F01Q10005830|200107|160000.00|0|003|357|||||7.125|0.00||||||||||||||||||||160000.00
F01Q10005830|200108|160000.00|0|004|356|||||7.125|0.00||||||||||||||||||||160000.00
F01Q10005830|200109|160000.00|0|005|355|||||7.125|0.00||||||||||||||||||||160000.00
F01Q10005830|200110|160000.00|0|006|354|||||7.125|0.00||||||||||||||||||||160000.00
F01Q10005830|200111|159312.92|0|007|353|||||7.125|0.00||||||||||||||||||||159312.92
F01Q10005830|200112|159066.15|0|008|352|||||7.125|0.00||||||||||||||||||||159066.15
F01Q10005830|200201|158817.92|0|009|351|||||7.125|0.00||||||||||||||||||||158817.92
F01Q10005830|200202|158568.21|0|010|350|||||7.125|0.00||||||||||||||||||||158568.21
F01Q10005830|200203|158317.02|0|011|349|||||7.125|0.00||||||||||||||||||||158317.02
F01Q10005830|200204|158065.26|0|012|348|||||7.125|0.00||||||||||||||||||||158065.26
F01Q10005830|200205|157809.08|0|013|347|||||7.125|0.00||||||||||||||||||||157809.08
F01Q10005830|200206|157551.38|0|014|346|||||7.125|0.00||||||||||||||||||||157551.38
F01Q10005830|200207|157292.15|0|015|345|||||7.125|0.00||||||||||||||||||||157292.15
F01Q10005830|200208|157031.38|0|016|344|||||7.125|0.00||||||||||||||||||||157031.38
F01Q10005830|200209|156769.06|0|017|343|||||7.125|0.00||||||||||||||||||||156769.06
F01Q10005830|200210|156769.06|0|018|342|||||7.125|0.00||||||||||||||||||||156769.06
F01Q10005830|200211|156294.30|0|019|341|||||7.125|0.00||||||||||||||||||||156294.30
F01Q10005830|200212|156027.61|0|020|340|||||7.125|0.00||||||||||||||||||||156027.61
F01Q10005830|200301|155759.33|0|021|339|||||7.125|0.00||||||||||||||||||||155759.33
F01Q10005830|200302|155489.46|0|022|338|||||7.125|0.00||||||||||||||||||||155489.46
F01Q10005830|200303|155217.99|0|023|337|||||7.125|0.00||||||||||||||||||||155217.99
F01Q10005830|200304|155217.99|0|024|336|||||7.125|0.00||||||||||||||||||||155217.99
F01Q10005830|200305|154890.86|0|025|335|||||7.125|0.00||||||||||||||||||||154890.86
F01Q10005830|200306|154725.83|0|026|334|||||7.125|0.00||||||||||||||||||||154725.83
F01Q10005830|200307|154559.82|0|027|333|||||7.125|0.00||||||||||||||||||||154559.82
F01Q10005830|200308|154559.82|0|028|332|||||7.125|0.00||||||||||||||||||||154559.82
F01Q10005830|200309|154392.83|0|029|331|||||7.125|0.00||||||||||||||||||||154392.83
F01Q10005830|200310|154055.87|0|030|330|||||7.125|0.00||||||||||||||||||||154055.87
F01Q10005830|200311|153885.89|0|031|329|||||7.125|0.00||||||||||||||||||||153885.89
F01Q10005830|200312|153714.90|0|032|328|||||7.125|0.00||||||||||||||||||||153714.90
F01Q10005830|200401|153542.89|0|033|327|||||7.125|0.00||||||||||||||||||||153542.89
F01Q10005830|200402|153542.89|0|034|326|||||7.125|0.00||||||||||||||||||||153542.89
F01Q10005830|200403|153369.86|0|035|325|||||7.125|0.00||||||||||||||||||||153369.86
F01Q10005830|200404|153020.71|0|036|324|||||7.125|0.00||||||||||||||||||||153020.71
F01Q10005830|200405|153020.71|0|037|323|||||7.125|0.00||||||||||||||||||||153020.71
F01Q10005830|200406|152667.40|0|038|322|||||7.125|0.00||||||||||||||||||||152667.40
F01Q10005830|200407|152667.40|0|039|321|||||7.125|0.00||||||||||||||||||||152667.40
F01Q10005830|200408|152489.17|0|040|320|||||7.125|0.00||||||||||||||||||||152489.17
F01Q10005830|200409|152309.88|0|041|319|||||7.125|0.00||||||||||||||||||||152309.88
F01Q10005830|200410|151948.11|0|042|318|||||7.125|0.00||||||||||||||||||||151948.11
F01Q10005830|200411|151765.61|0|043|317|||||7.125|0.00||||||||||||||||||||151765.61
F01Q10005830|200412|151582.03|0|044|316|||||7.125|0.00||||||||||||||||||||151582.03
F01Q10005830|200501|151397.36|0|045|315|||||7.125|0.00||||||||||||||||||||151397.36
F01Q10005830|200502|151397.36|0|046|314|||||7.125|0.00||||||||||||||||||||151397.36
F01Q10005830|200503|151024.72|0|047|313|||||7.125|0.00||||||||||||||||||||151024.72
F01Q10005830|200504|150836.74|0|048|312|||||7.125|0.00||||||||||||||||||||150836.74
F01Q10005830|200505|150836.74|0|049|311|||||7.125|0.00||||||||||||||||||||150836.74
F01Q10005830|200506|150457.42|0|050|310|||||7.125|0.00||||||||||||||||||||150457.42
F01Q10005830|200507|150457.42|0|051|309|||||7.125|0.00||||||||||||||||||||150457.42
F01Q10005830|200508|150266.07|0|052|308|||||7.125|0.00||||||||||||||||||||150266.07
F01Q10005830|200509|149879.95|0|053|307|||||7.125|0.00||||||||||||||||||||149879.95
F01Q10005830|200510|149685.17|0|054|306|||||7.125|0.00||||||||||||||||||||149685.17
F01Q10005830|200511|149489.24|0|055|305|||||7.125|0.00||||||||||||||||||||149489.24
F01Q10005830|200512|149489.24|0|056|304|||||7.125|0.00||||||||||||||||||||149489.24
F01Q10005830|200601|149292.14|0|057|303|||||7.125|0.00||||||||||||||||||||149292.14
F01Q10005830|200602|149093.87|0|058|302|||||7.125|0.00||||||||||||||||||||149093.87
F01Q10005830|200603|148894.42|0|059|301|||||7.125|0.00||||||||||||||||||||148894.42
F01Q10005830|200604|148491.97|0|060|300|||||7.125|0.00||||||||||||||||||||148491.97
F01Q10005830|200605|148491.97|0|061|299|||||7.125|0.00||||||||||||||||||||148491.97
F01Q10005830|200606|148288.95|0|062|298|||||7.125|0.00||||||||||||||||||||148288.95
F01Q10005830|200607|147879.29|0|063|297|||||7.125|0.00||||||||||||||||||||147879.29
F01Q10005830|200608|147879.29|0|064|296|||||7.125|0.00||||||||||||||||||||147879.29
F01Q10005830|200609|147672.63|0|065|295|||||7.125|0.00||||||||||||||||||||147672.63
F01Q10005830|200610|147464.75|0|066|294|||||7.125|0.00||||||||||||||||||||147464.75
F01Q10005830|200611|147255.63|0|067|293|||||7.125|0.00||||||||||||||||||||147255.63
F01Q10005830|200612|146833.66|0|068|292|||||7.125|0.00||||||||||||||||||||146833.66
F01Q10005830|200701|146833.66|0|069|291|||||7.125|0.00||||||||||||||||||||146833.66
F01Q10005830|200702|146620.79|0|070|290|||||7.125|0.00||||||||||||||||||||146620.79
F01Q10005830|200703|146191.26|0|071|289|||||7.125|0.00||||||||||||||||||||146191.26
F01Q10005830|200704|146191.26|0|072|288|||||7.125|0.00||||||||||||||||||||146191.26
F01Q10005830|200705|145974.58|0|073|287|||||7.125|0.00||||||||||||||||||||145974.58
F01Q10005830|200706|145756.61|0|074|286|||||7.125|0.00||||||||||||||||||||145756.61
F01Q10005830|200707|145537.35|0|075|285|||||7.125|0.00||||||||||||||||||||145537.35
F01Q10005830|200708|145316.79|0|076|284|||||7.125|0.00||||||||||||||||||||145316.79
F01Q10005830|200709|145094.92|0|077|283|||||7.125|0.00||||||||||||||||||||145094.92
F01Q10005830|200710|144817.50|0|078|282|||||7.125|0.00||||||||||||||||||||144817.50
F01Q10005830|200711|144592.66|0|079|281|||||7.125|0.00||||||||||||||||||||144592.66
F01Q10005830|200712|144366.49|0|080|280|||||7.125|0.00||||||||||||||||||||144366.49
F01Q10005830|200801|144138.98|0|081|279|||||7.125|0.00||||||||||||||||||||144138.98
F01Q10005830|200802|143679.90|0|082|278|||||7.125|0.00||||||||||||||||||||143679.90
F01Q10005830|200803|143448.31|0|083|277|||||7.125|0.00||||||||||||||||||||143448.31
F01Q10005830|200804|143215.34|0|084|276|||||7.125|0.00||||||||||||||||||||143215.34
F01Q10005830|200805|142980.99|0|085|275|||||7.125|0.00||||||||||||||||||||142980.99
F01Q10005830|200806|142980.99|0|086|274|||||7.125|0.00||||||||||||||||||||142980.99
F01Q10005830|200807|142508.11|0|087|273|||||7.125|0.00||||||||||||||||||||142508.11
F01Q10005830|200808|142269.56|0|088|272|||||7.125|0.00||||||||||||||||||||142269.56
F01Q10005830|200809|142029.60|0|089|271|||||7.125|0.00||||||||||||||||||||142029.60
F01Q10005830|200810|141788.21|0|090|270|||||7.125|0.00||||||||||||||||||||141788.21
F01Q10005830|200811|141788.21|0|091|269|||||7.125|0.00||||||||||||||||||||141788.21
F01Q10005830|200812|141301.13|0|092|268|||||7.125|0.00||||||||||||||||||||141301.13
F01Q10005830|200901|141055.42|0|093|267|||||7.125|0.00||||||||||||||||||||141055.42
F01Q10005830|200902|141055.42|0|094|266|||||7.125|0.00||||||||||||||||||||141055.42
F01Q10005830|200903|140808.25|0|095|265|||||7.125|0.00||||||||||||||||||||140808.25
F01Q10005830|200904|140309.49|0|096|264|||||7.125|0.00||||||||||||||||||||140309.49
F01Q10005830|200905|140057.89|0|097|263|||||7.125|0.00||||||||||||||||||||140057.89
F01Q10005830|200906|139804.79|0|098|262|||||7.125|0.00||||||||||||||||||||139804.79
F01Q10005830|200907|139550.19|0|099|261|||||7.125|0.00||||||||||||||||||||139550.19
F01Q10005830|200908|139550.19|0|100|260|||||7.125|0.00||||||||||||||||||||139550.19
F01Q10005830|200909|139036.45|0|101|259|||||7.125|0.00||||||||||||||||||||139036.45
F01Q10005830|200910|138777.29|0|102|258|||||7.125|0.00||||||||||||||||||||138777.29
F01Q10005830|200911|138777.29|0|103|257|||||7.125|0.00||||||||||||||||||||138777.29
F01Q10005830|200912|138254.34|0|104|256|||||7.125|0.00||||||||||||||||||||138254.34
F01Q10005830|201001|137990.54|0|105|255|||||7.125|0.00||||||||||||||||||||137990.54
F01Q10005830|201002|137990.54|0|106|254|||||7.125|0.00||||||||||||||||||||137990.54
F01Q10005830|201003|137458.22|0|107|253|||||7.125|0.00||||||||||||||||||||137458.22
F01Q10005830|201004|137189.69|0|108|252|||||7.125|0.00||||||||||||||||||||137189.69
F01Q10005830|201005|137189.69|0|109|251|||||7.125|0.00||||||||||||||||||||137189.69
F01Q10005830|201006|136647.83|0|110|250|||||7.125|0.00||||||||||||||||||||136647.83
F01Q10005830|201007|136374.49|0|111|249|||||7.125|0.00||||||||||||||||||||136374.49
F01Q10005830|201008|136374.49|0|112|248|||||7.125|0.00||||||||||||||||||||136374.49
F01Q10005830|201009|135822.92|0|113|247|||||7.125|0.00||||||||||||||||||||135822.92
F01Q10005830|201010|135544.68|0|114|246|||||7.125|0.00||||||||||||||||||||135544.68
F01Q10005830|201011|135264.79|0|115|245|||||7.125|0.00||||||||||||||||||||135264.79
F01Q10005830|201012|134983.23|0|116|244|||||7.125|0.00||||||||||||||||||||134983.23
F01Q10005830|201101|134983.23|0|117|243|||||7.125|0.00||||||||||||||||||||134983.23
F01Q10005830|201102|134415.09|0|118|242|||||7.125|0.00||||||||||||||||||||134415.09
F01Q10005830|201103|134128.49|0|119|241|||||7.125|0.00||||||||||||||||||||134128.49
F01Q10005830|201104|133840.19|0|120|240|||||7.125|0.00||||||||||||||||||||133840.19
F01Q10005830|201105|133840.19|0|121|239|||||7.125|0.00||||||||||||||||||||133840.19
F01Q10005830|201106|133258.44|0|122|238|||||7.125|0.00||||||||||||||||||||133258.44
F01Q10005830|201107|0.00|0|123|237|||01|201107|7.125|0.00|||||||||||||||133258.44|||||0.00
F01Q10005897|200104|115000.00|0|001|239|||||7.125|0.00||||||||||||||||||||115000.00
F01Q10005897|200105|115000.00|0|002|238|||||7.125|0.00||||||||||||||||||||115000.00
F01Q10005897|200106|114000.00|0|003|237|||||7.125|0.00||||||||||||||||||||114000.00
F01Q10005897|200107|114000.00|0|004|236|||||7.125|0.00||||||||||||||||||||114000.00
F01Q10005897|200108|114000.00|0|005|235|||||7.125|0.00||||||||||||||||||||114000.00
F01Q10005897|200109|114000.00|0|006|234|||||7.125|0.00||||||||||||||||||||114000.00
F01Q10005897|200110|113424.79|0|007|233|||||7.125|0.00||||||||||||||||||||113424.79
F01Q10005897|200111|113194.45|0|008|232|||||7.125|0.00||||||||||||||||||||113194.45
F01Q10005897|200112|112962.74|0|009|231|||||7.125|0.00||||||||||||||||||||112962.74
F01Q10005897|200201|112729.66|0|010|230|||||7.125|0.00||||||||||||||||||||112729.66
F01Q10005897|200202|112495.19|0|011|229|||||7.125|0.00||||||||||||||||||||112495.19
F01Q10005897|200203|112259.33|0|012|228|||||7.125|0.00||||||||||||||||||||112259.33
F01Q10005897|200204|112025.63|0|013|227|||||7.125|0.00||||||||||||||||||||112025.63
F01Q10005897|200205|111790.54|0|014|226|||||7.125|0.00||||||||||||||||||||111790.54
F01Q10005897|200206|111554.06|0|015|225|||||7.125|0.00||||||||||||||||||||111554.06
F01Q10005897|200207|111316.17|0|016|224|||||7.125|0.00||||||||||||||||||||111316.17
F01Q10005897|200208|111076.87|0|017|223|||||7.125|0.00||||||||||||||||||||111076.87
F01Q10005897|200209|110836.15|0|018|222|||||7.125|0.00||||||||||||||||||||110836.15
F01Q10005897|200210|0.00|0|019|221|||01|200210|7.125|0.00|||||||||||||||110836.15|||||0.00
F01Q10006333|200102|60000.00|0|000|360|||||7.500|0.00||||||||||||||||||||60000.00
F01Q10006333|200103|60000.00|0|001|359|||||7.500|0.00||||||||||||||||||||60000.00
F01Q10006333|200104|60000.00|0|002|358|||||7.500|0.00||||||||||||||||||||60000.00
F01Q10006333|200105|60000.00|0|003|357|||||7.500|0.00||||||||||||||||||||60000.00
F01Q10006333|200106|60000.00|0|004|356|||||7.500|0.00||||||||||||||||||||60000.00
F01Q10006333|200107|60000.00|0|005|355|||||7.500|0.00||||||||||||||||||||60000.00
F01Q10006333|200108|60000.00|0|006|354|||||7.500|0.00||||||||||||||||||||60000.00
F01Q10006333|200109|59682.38|0|007|353|||||7.500|0.00||||||||||||||||||||59682.38
F01Q10006333|200110|59635.86|0|008|352|||||7.500|0.00||||||||||||||||||||59635.86
F01Q10006333|200111|59589.05|0|009|351|||||7.500|0.00||||||||||||||||||||59589.05
F01Q10006333|200112|59541.95|0|010|350|||||7.500|0.00||||||||||||||||||||59541.95
F01Q10006333|200201|59494.56|0|011|349|||||7.500|0.00||||||||||||||||||||59494.56
F01Q10006333|200202|59446.87|0|012|348|||||7.500|0.00||||||||||||||||||||59446.87
F01Q10006333|200203|59398.88|0|013|347|||||7.500|0.00||||||||||||||||||||59398.88
F01Q10006333|200204|59398.88|0|014|346|||||7.500|0.00||||||||||||||||||||59398.88
F01Q10006333|200205|59302.00|0|015|345|||||7.500|0.00||||||||||||||||||||59302.00
F01Q10006333|200206|59253.11|0|016|344|||||7.500|0.00||||||||||||||||||||59253.11
F01Q10006333|200207|59253.11|0|017|343|||||7.500|0.00||||||||||||||||||||59253.11
F01Q10006333|200208|59154.40|0|018|342|||||7.500|0.00||||||||||||||||||||59154.40
F01Q10006333|200209|59104.59|0|019|341|||||7.500|0.00||||||||||||||||||||59104.59
F01Q10006333|200210|59054.46|0|020|340|||||7.500|0.00||||||||||||||||||||59054.46
F01Q10006333|200211|59004.02|0|021|339|||||7.500|0.00||||||||||||||||||||59004.02
F01Q10006333|200212|58953.27|0|022|338|||||7.500|0.00||||||||||||||||||||58953.27
F01Q10006333|200301|58902.20|0|023|337|||||7.500|0.00||||||||||||||||||||58902.20
F01Q10006333|200302|58850.81|0|024|336|||||7.500|0.00||||||||||||||||||||58850.81
F01Q10006333|200303|58799.10|0|025|335|||||7.500|0.00||||||||||||||||||||58799.10
F01Q10006333|200304|58747.06|0|026|334|||||7.500|0.00||||||||||||||||||||58747.06
F01Q10006333|200305|58694.70|0|027|333|||||7.500|0.00||||||||||||||||||||58694.70
F01Q10006333|200306|58642.01|0|028|332|||||7.500|0.00||||||||||||||||||||58642.01
F01Q10006333|200307|58588.99|0|029|331|||||7.500|0.00||||||||||||||||||||58588.99
F01Q10006333|200308|58535.64|0|030|330|||||7.500|0.00||||||||||||||||||||58535.64
F01Q10006333|200309|58481.96|0|031|329|||||7.500|0.00||||||||||||||||||||58481.96
F01Q10006333|200310|58427.94|0|032|328|||||7.500|0.00||||||||||||||||||||58427.94
F01Q10006333|200311|58373.58|0|033|327|||||7.500|0.00||||||||||||||||||||58373.58
F01Q10006333|200312|58318.88|0|034|326|||||7.500|0.00||||||||||||||||||||58318.88
F01Q10006333|200401|58263.84|0|035|325|||||7.500|0.00||||||||||||||||||||58263.84
F01Q10006333|200402|58208.46|0|036|324|||||7.500|0.00||||||||||||||||||||58208.46
F01Q10006333|200403|58152.73|0|037|323|||||7.500|0.00||||||||||||||||||||58152.73
F01Q10006333|200404|58096.65|0|038|322|||||7.500|0.00||||||||||||||||||||58096.65
F01Q10006333|200405|58040.22|0|039|321|||||7.500|0.00||||||||||||||||||||58040.22
F01Q10006333|200406|57983.44|0|040|320|||||7.500|0.00||||||||||||||||||||57983.44
F01Q10006333|200407|57926.31|0|041|319|||||7.500|0.00||||||||||||||||||||57926.31
F01Q10006333|200408|57868.82|0|042|318|||||7.500|0.00||||||||||||||||||||57868.82
F01Q10006333|200409|57810.97|0|043|317|||||7.500|0.00||||||||||||||||||||57810.97
F01Q10006333|200410|57752.76|0|044|316|||||7.500|0.00||||||||||||||||||||57752.76
F01Q10006333|200411|57694.18|0|045|315|||||7.500|0.00||||||||||||||||||||57694.18
F01Q10006333|200412|57635.24|0|046|314|||||7.500|0.00||||||||||||||||||||57635.24
F01Q10006333|200501|57575.93|0|047|313|||||7.500|0.00||||||||||||||||||||57575.93
F01Q10006333|200502|57516.25|0|048|312|||||7.500|0.00||||||||||||||||||||57516.25
F01Q10006333|200503|57456.20|0|049|311|||||7.500|0.00||||||||||||||||||||57456.20
F01Q10006333|200504|57395.77|0|050|310|||||7.500|0.00||||||||||||||||||||57395.77
F01Q10006333|200505|57334.96|0|051|309|||||7.500|0.00||||||||||||||||||||57334.96
F01Q10006333|200506|57273.77|0|052|308|||||7.500|0.00||||||||||||||||||||57273.77
F01Q10006333|200507|57212.20|0|053|307|||||7.500|0.00||||||||||||||||||||57212.20
F01Q10006333|200508|57150.25|0|054|306|||||7.500|0.00||||||||||||||||||||57150.25
F01Q10006333|200509|57087.91|0|055|305|||||7.500|0.00||||||||||||||||||||57087.91
F01Q10006333|200510|57025.18|0|056|304|||||7.500|0.00||||||||||||||||||||57025.18
F01Q10006333|200511|56962.06|0|057|303|||||7.500|0.00||||||||||||||||||||56962.06
F01Q10006333|200512|56898.54|0|058|302|||||7.500|0.00||||||||||||||||||||56898.54
F01Q10006333|200601|56834.63|0|059|301|||||7.500|0.00||||||||||||||||||||56834.63
F01Q10006333|200602|56770.32|0|060|300|||||7.500|0.00||||||||||||||||||||56770.32
F01Q10006333|200603|56705.60|0|061|299|||||7.500|0.00||||||||||||||||||||56705.60
F01Q10006333|200604|56640.48|0|062|298|||||7.500|0.00||||||||||||||||||||56640.48
F01Q10006333|200605|56574.95|0|063|297|||||7.500|0.00||||||||||||||||||||56574.95
F01Q10006333|200606|56509.01|0|064|296|||||7.500|0.00||||||||||||||||||||56509.01
F01Q10006333|200607|56442.66|0|065|295|||||7.500|0.00||||||||||||||||||||56442.66
F01Q10006333|200608|56375.90|0|066|294|||||7.500|0.00||||||||||||||||||||56375.90
F01Q10006333|200609|56308.72|0|067|293|||||7.500|0.00||||||||||||||||||||56308.72
F01Q10006333|200610|56241.12|0|068|292|||||7.500|0.00||||||||||||||||||||56241.12
F01Q10006333|200611|56173.10|0|069|291|||||7.500|0.00||||||||||||||||||||56173.10
F01Q10006333|200612|56104.65|0|070|290|||||7.500|0.00||||||||||||||||||||56104.65
F01Q10006333|200701|56035.77|0|071|289|||||7.500|0.00||||||||||||||||||||56035.77
F01Q10006333|200702|55966.46|0|072|288|||||7.500|0.00||||||||||||||||||||55966.46
F01Q10006333|200703|55896.72|0|073|287|||||7.500|0.00||||||||||||||||||||55896.72
F01Q10006333|200704|55826.54|0|074|286|||||7.500|0.00||||||||||||||||||||55826.54
F01Q10006333|200705|55755.93|0|075|285|||||7.500|0.00||||||||||||||||||||55755.93
F01Q10006333|200706|55684.87|0|076|284|||||7.500|0.00||||||||||||||||||||55684.87
F01Q10006333|200707|55613.37|0|077|283|||||7.500|0.00||||||||||||||||||||55613.37
F01Q10006333|200708|55541.42|0|078|282|||||7.500|0.00||||||||||||||||||||55541.42
F01Q10006333|200709|55469.02|0|079|281|||||7.500|0.00||||||||||||||||||||55469.02
F01Q10006333|200710|55396.17|0|080|280|||||7.500|0.00||||||||||||||||||||55396.17
F01Q10006333|200711|55322.87|0|081|279|||||7.500|0.00||||||||||||||||||||55322.87
F01Q10006333|200712|55249.11|0|082|278|||||7.500|0.00||||||||||||||||||||55249.11
F01Q10006333|200801|55174.89|0|083|277|||||7.500|0.00||||||||||||||||||||55174.89
F01Q10006333|200802|55100.20|0|084|276|||||7.500|0.00||||||||||||||||||||55100.20
F01Q10006333|200803|55025.05|0|085|275|||||7.500|0.00||||||||||||||||||||55025.05
F01Q10006333|200804|54949.43|0|086|274|||||7.500|0.00||||||||||||||||||||54949.43
F01Q10006333|200805|54873.33|0|087|273|||||7.500|0.00||||||||||||||||||||54873.33
F01Q10006333|200806|54796.76|0|088|272|||||7.500|0.00||||||||||||||||||||54796.76
F01Q10006333|200807|54719.71|0|089|271|||||7.500|0.00||||||||||||||||||||54719.71
F01Q10006333|200808|54642.18|0|090|270|||||7.500|0.00||||||||||||||||||||54642.18
F01Q10006333|200809|54564.16|0|091|269|||||7.500|0.00||||||||||||||||||||54564.16
F01Q10006333|200810|54485.66|0|092|268|||||7.500|0.00||||||||||||||||||||54485.66
F01Q10006333|200811|54385.69|0|093|267|||||7.500|0.00||||||||||||||||||||54385.69
F01Q10006333|200812|54306.07|0|094|266|||||7.500|0.00||||||||||||||||||||54306.07
F01Q10006333|200901|54225.95|0|095|265|||||7.500|0.00||||||||||||||||||||54225.95
F01Q10006333|200902|54145.33|0|096|264|||||7.500|0.00||||||||||||||||||||54145.33
F01Q10006333|200903|54064.21|0|097|263|||||7.500|0.00||||||||||||||||||||54064.21
F01Q10006333|200904|53982.58|0|098|262|||||7.500|0.00||||||||||||||||||||53982.58
F01Q10006333|200905|53900.44|0|099|261|||||7.500|0.00||||||||||||||||||||53900.44
F01Q10006333|200906|53817.79|0|100|260|||||7.500|0.00||||||||||||||||||||53817.79
F01Q10006333|200907|53734.62|0|101|259|||||7.500|0.00||||||||||||||||||||53734.62
F01Q10006333|200908|53650.93|0|102|258|||||7.500|0.00||||||||||||||||||||53650.93
F01Q10006333|200909|53566.72|0|103|257|||||7.500|0.00||||||||||||||||||||53566.72
F01Q10006333|200910|53481.98|0|104|256|||||7.500|0.00||||||||||||||||||||53481.98
F01Q10006333|200911|53396.71|0|105|255|||||7.500|0.00||||||||||||||||||||53396.71
F01Q10006333|200912|53310.91|0|106|254|||||7.500|0.00||||||||||||||||||||53310.91
F01Q10006333|201001|53224.57|0|107|253|||||7.500|0.00||||||||||||||||||||53224.57
F01Q10006333|201002|53137.69|0|108|252|||||7.500|0.00||||||||||||||||||||53137.69
F01Q10006333|201003|53050.27|0|109|251|||||7.500|0.00||||||||||||||||||||53050.27
F01Q10006333|201004|52962.30|0|110|250|||||7.500|0.00||||||||||||||||||||52962.30
F01Q10006333|201005|52873.78|0|111|249|||||7.500|0.00||||||||||||||||||||52873.78
F01Q10006333|201006|52784.71|0|112|248|||||7.500|0.00||||||||||||||||||||52784.71
F01Q10006333|201007|52695.08|0|113|247|||||7.500|0.00||||||||||||||||||||52695.08
F01Q10006333|201008|52604.89|0|114|246|||||7.500|0.00||||||||||||||||||||52604.89
F01Q10006333|201009|52514.14|0|115|245|||||7.500|0.00||||||||||||||||||||52514.14
F01Q10006333|201010|52422.82|0|116|244|||||7.500|0.00||||||||||||||||||||52422.82
F01Q10006333|201011|52330.93|0|117|243|||||7.500|0.00||||||||||||||||||||52330.93
F01Q10006333|201012|52238.47|0|118|242|||||7.500|0.00||||||||||||||||||||52238.47
F01Q10006333|201101|52145.43|0|119|241|||||7.500|0.00||||||||||||||||||||52145.43
F01Q10006333|201102|52051.81|0|120|240|||||7.500|0.00||||||||||||||||||||52051.81
F01Q10006333|201103|51957.60|0|121|239|||||7.500|0.00||||||||||||||||||||51957.60
F01Q10006333|201104|51862.81|0|122|238|||||7.500|0.00||||||||||||||||||||51862.81
F01Q10006333|201105|51746.44|0|123|237|||||7.500|0.00||||||||||||||||||||51746.44
F01Q10006333|201106|51629.35|0|124|236|||||7.500|0.00||||||||||||||||||||51629.35
F01Q10006333|201107|51532.50|0|125|235|||||7.500|0.00||||||||||||||||||||51532.50
F01Q10006333|201108|51435.05|0|126|234|||||7.500|0.00||||||||||||||||||||51435.05
F01Q10006333|201109|51336.99|0|127|233|||||7.500|0.00||||||||||||||||||||51336.99
F01Q10006333|201110|51238.32|0|128|232|||||7.500|0.00||||||||||||||||||||51238.32
F01Q10006333|201111|51139.03|0|129|231|||||7.500|0.00||||||||||||||||||||51139.03
F01Q10006333|201112|51039.12|0|130|230|||||7.500|0.00||||||||||||||||||||51039.12
F01Q10006333|201201|50938.58|0|131|229|||||7.500|0.00||||||||||||||||||||50938.58
F01Q10006333|201202|50837.42|0|132|228|||||7.500|0.00||||||||||||||||||||50837.42
F01Q10006333|201203|50735.62|0|133|227|||||7.500|0.00||||||||||||||||||||50735.62
F01Q10006333|201204|50633.19|0|134|226|||||7.500|0.00||||||||||||||||||||50633.19
F01Q10006333|201205|50530.12|0|135|225|||||7.500|0.00||||||||||||||||||||50530.12
F01Q10006333|201206|50426.40|0|136|224|||||7.500|0.00||||||||||||||||||||50426.40
F01Q10006333|201207|50322.04|0|137|223|||||7.500|0.00||||||||||||||||||||50322.04
F01Q10006333|201208|50217.02|0|138|222|||||7.500|0.00||||||||||||||||||||50217.02
F01Q10006333|201209|50111.35|0|139|221|||||7.500|0.00||||||||||||||||||||50111.35
F01Q10006333|201210|50005.02|0|140|220|||||7.500|0.00||||||||||||||||||||50005.02
F01Q10006333|201211|49898.02|0|141|219|||||7.500|0.00||||||||||||||||||||49898.02
F01Q10006333|201212|49790.35|0|142|218|||||7.500|0.00||||||||||||||||||||49790.35
F01Q10006333|201301|49682.01|0|143|217|||||7.500|0.00||||||||||||||||||||49682.01
F01Q10006333|201302|49572.99|0|144|216|||||7.500|0.00||||||||||||||||||||49572.99
F01Q10006333|201303|49463.29|0|145|215|||||7.500|0.00||||||||||||||||||||49463.29
F01Q10006333|201304|49352.91|0|146|214|||||7.500|0.00||||||||||||||||||||49352.91
F01Q10006333|201305|49241.84|0|147|213|||||7.500|0.00||||||||||||||||||||49241.84
F01Q10006333|201306|49130.07|0|148|212|||||7.500|0.00||||||||||||||||||||49130.07
F01Q10006333|201307|49017.60|0|149|211|||||7.500|0.00||||||||||||||||||||49017.60
F01Q10006333|201308|48904.43|0|150|210|||||7.500|0.00||||||||||||||||||||48904.43
F01Q10006333|201309|48790.55|0|151|209|||||7.500|0.00||||||||||||||||||||48790.55
F01Q10006333|201310|48675.96|0|152|208|||||7.500|0.00||||||||||||||||||||48675.96
F01Q10006333|201311|48560.65|0|153|207|||||7.500|0.00||||||||||||||||||||48560.65
F01Q10006333|201312|48444.62|0|154|206|||||7.500|0.00||||||||||||||||||||48444.62
F01Q10006333|201401|48327.87|0|155|205|||||7.500|0.00||||||||||||||||||||48327.87
F01Q10006333|201402|48210.39|0|156|204|||||7.500|0.00||||||||||||||||||||48210.39
F01Q10006333|201403|48092.17|0|157|203|||||7.500|0.00||||||||||||||||||||48092.17
F01Q10006333|201404|47973.22|0|158|202|||||7.500|0.00||||||||||||||||||||47973.22
F01Q10006333|201405|47853.52|0|159|201|||||7.500|0.00||||||||||||||||||||47853.52
F01Q10006333|201406|47733.07|0|160|200|||||7.500|0.00||||||||||||||||||||47733.07
F01Q10006333|201407|47611.87|0|161|199|||||7.500|0.00||||||||||||||||||||47611.87
F01Q10006333|201408|47489.91|0|162|198|||||7.500|0.00||||||||||||||||||||47489.91
F01Q10006333|201409|47367.19|0|163|197|||||7.500|0.00||||||||||||||||||||47367.19
F01Q10006333|201410|47243.70|0|164|196|||||7.500|0.00||||||||||||||||||||47243.70
F01Q10006333|201411|47119.44|0|165|195|||||7.500|0.00||||||||||||||||||||47119.44
F01Q10006333|201412|46994.41|0|166|194|||||7.500|0.00||||||||||||||||||||46994.41
F01Q10006333|201501|46868.60|0|167|193|||||7.500|0.00||||||||||||||||||||46868.60
F01Q10006333|201502|46742.00|0|168|192|||||7.500|0.00||||||||||||||||||||46742.00
F01Q10006333|201503|46614.61|0|169|191|||||7.500|0.00||||||||||||||||||||46614.61
F01Q10006333|201504|46486.42|0|170|190|||||7.500|0.00||||||||||||||||||||46486.42
F01Q10006333|201505|46357.43|0|171|189|||||7.500|0.00||||||||||||||||||||46357.43
F01Q10006333|201506|46227.63|0|172|188|||||7.500|0.00||||||||||||||||||||46227.63
F01Q10006333|201507|46097.02|0|173|187|||||7.500|0.00||||||||||||||||||||46097.02
F01Q10006333|201508|45965.60|0|174|186|||||7.500|0.00||||||||||||||||||||45965.60
F01Q10006333|201509|45833.36|0|175|185|||||7.500|0.00||||||||||||||||||||45833.36
F01Q10006333|201510|45700.29|0|176|184|||||7.500|0.00||||||||||||||||||||45700.29
F01Q10006333|201511|45566.39|0|177|183|||||7.500|0.00||||||||||||||||||||45566.39
F01Q10006333|201512|45431.65|0|178|182|||||7.500|0.00||||||||||||||||||||45431.65
F01Q10006333|201601|45296.07|0|179|181|||||7.500|0.00||||||||||||||||||||45296.07
F01Q10006333|201602|45159.64|0|180|180|||||7.500|0.00||||||||||||||||||||45159.64
F01Q10006333|201603|45022.36|0|181|179|||||7.500|0.00||||||||||||||||||||45022.36
F01Q10006333|201604|44884.22|0|182|178|||||7.500|0.00||||||||||||||||||||44884.22
F01Q10006333|201605|44745.22|0|183|177|||||7.500|0.00||||||||||||||||||||44745.22
F01Q10006333|201606|44605.35|0|184|176|||||7.500|0.00||||||||||||||||||||44605.35
F01Q10006333|201607|44464.60|0|185|175|||||7.500|0.00||||||||||||||||||||44464.60
F01Q10006333|201608|44322.97|0|186|174|||||7.500|0.00||||||||||||||||||||44322.97
F01Q10006333|201609|44180.46|0|187|173|||||7.500|0.00||||||||||||||||||||44180.46
F01Q10006333|201610|44037.06|0|188|172|||||7.500|0.00||||||||||||||||||||44037.06
F01Q10006333|201611|43892.76|0|189|171|||||7.500|0.00||||||||||||||||||||43892.76
F01Q10006333|201612|43747.56|0|190|170|||||7.500|0.00||||||||||||||||||||43747.56
F01Q10006333|201701|43601.45|0|191|169|||||7.500|0.00||||||||||||||||||||43601.45
F01Q10006333|201702|43454.43|0|192|168|||||7.500|0.00||||||||||||||||||||43454.43
F01Q10006333|201703|43306.49|0|193|167|||||7.500|0.00||||||||||||||||||||43306.49
F01Q10006333|201704|43157.63|0|194|166|||||7.500|0.00||||||||||||||999||||||43157.63
F01Q10006333|201705|43007.84|0|195|165|||||7.500|0.00||||||||||||||999||||||43007.84
F01Q10006333|201706|42857.11|0|196|164|||||7.500|0.00||||||||||||||999||||||42857.11
F01Q10006333|201707|42705.44|0|197|163|||||7.500|0.00||||||||||||||999||||||42705.44
F01Q10006333|201708|42552.82|0|198|162|||||7.500|0.00||||||||||||||999||||||42552.82
F01Q10006333|201709|42399.25|0|199|161|||||7.500|0.00||||||||||||||999||||||42399.25
F01Q10006333|201710|42244.72|0|200|160|||||7.500|0.00||||||||||||||999||||||42244.72
F01Q10006333|201711|42089.22|0|201|159|||||7.500|0.00||||||||||||||999||||||42089.22
F01Q10006333|201712|41932.75|0|202|158|||||7.500|0.00||||||||||||||999||||||41932.75
F01Q10006333|201801|41775.30|0|203|157|||||7.500|0.00||||||||||||||999||||||41775.30
F01Q10006333|201802|41616.87|0|204|156|||||7.500|0.00||||||||||||||999||||||41616.87
F01Q10006333|201803|41457.45|0|205|155|||||7.500|0.00||||||||||||||999||||||41457.45
F01Q10006333|201804|41297.03|0|206|154|||||7.500|0.00||||||||||||||999||||||41297.03
F01Q10006333|201805|41135.61|0|207|153|||||7.500|0.00||||||||||||||999||||||41135.61
F01Q10006333|201806|40973.18|0|208|152|||||7.500|0.00||||||||||||||999||||||40973.18
F01Q10006333|201807|40809.73|0|209|151|||||7.500|0.00||||||||||||||999||||||40809.73
F01Q10006333|201808|40645.26|0|210|150|||||7.500|0.00||||||||||||||999||||||40645.26
F01Q10006333|201809|40479.76|0|211|149|||||7.500|0.00||||||||||||||999||||||40479.76
F01Q10006333|201810|40313.23|0|212|148|||||7.500|0.00||||||||||||||999||||||40313.23
F01Q10006333|201811|40145.66|0|213|147|||||7.500|0.00||||||||||||||999||||||40145.66
F01Q10006333|201812|39977.04|0|214|146|||||7.500|0.00||||||||||||||999||||||39977.04
F01Q10006333|201901|39807.37|0|215|145|||||7.500|0.00||||||||||||||999||||||39807.37
F01Q10006333|201902|39636.64|0|216|144|||||7.500|0.00||||||||||||||999||||||39636.64
F01Q10006333|201903|39464.84|0|217|143|||||7.500|0.00||||||||||||||999||||||39464.84
F01Q10006333|201904|39291.97|0|218|142|||||7.500|0.00||||||||||||||999||||||39291.97
F01Q10006333|201905|38942.97|0|219|141|||||7.500|0.00||||||||||||||999||||||38942.97
F01Q10006333|201906|38942.97|0|220|140|||||7.500|0.00||||||||||||||999||||||38942.97
F01Q10006333|201907|38589.59|0|221|139|||||7.500|0.00||||||||||||||999||||||38589.59
F01Q10006333|201908|38411.24|0|222|138|||||7.500|0.00||||||||||||||999||||||38411.24
F01Q10006333|201909|38231.78|0|223|137|||||7.500|0.00||||||||||||||999||||||38231.78
F01Q10006333|201910|38231.78|0|224|136|||||7.500|0.00||||||||||||||999||||||38231.78
F01Q10006333|201911|37869.49|0|225|135|||||7.500|0.00||||||||||||||999||||||37869.49
F01Q10006333|201912|37869.49|0|226|134|||||7.500|0.00||||||||||||||999||||||37869.49
F01Q10006333|202001|37502.65|0|227|133|||||7.500|0.00||||||||||||||999||||||37502.65
F01Q10006333|202002|37317.51|0|228|132|||||7.500|0.00||||||||||||||999||||||37317.51
F01Q10006333|202003|37131.21|0|229|131|||||7.500|0.00||||||||||||||999||||||37131.21
F01Q10006333|202004|36943.75|0|230|130|||||7.500|0.00||||||||||||||999||||||36943.75
F01Q10006333|202005|36943.75|0|231|129|||||7.500|0.00||||||||||||||999||||||36943.75
F01Q10006333|202006|36565.31|0|232|128|||||7.500|0.00||||||||||||||999||||||36565.31
F01Q10006333|202007|36374.31|0|233|127|||||7.500|0.00||||||||||||||999||||||36374.31
F01Q10006333|202008|36182.12|0|234|126|||||7.500|0.00||||||||||||||999||||||36182.12
F01Q10006333|202009|35988.73|0|235|125|||||7.500|0.00||||||||||||||999||||||35988.73
F01Q10006333|202010|35988.73|0|236|124|||||7.500|0.00||||||||||||||999||||||35988.73
F01Q10006333|202011|35794.13|0|237|123|||||7.500|0.00||||||||||||||999||||||35794.13
F01Q10006333|202012|35401.27|0|238|122|||||7.500|0.00||||||||||||||999||||||35401.27
F01Q10006333|202101|35401.27|0|239|121|||||7.500|0.00||||||||||||||999||||||35401.27
F01Q10006333|202102|35003.49|0|240|120|||||7.500|0.00||||||||||||||999||||||35003.49
F01Q10006333|202103|34802.73|0|241|119|||||7.500|0.00||||||||||||||999||||||34802.73
F01Q10006333|202104|34600.72|0|242|118|||||7.500|0.00||||||||||||||999||||||34600.72
F01Q10006333|202105|34397.44|0|243|117|||||7.500|0.00||||||||||||||999||||||34397.44
F01Q10006333|202106|34192.89|0|244|116|||||7.500|0.00||||||||||||||999||||||34192.89
F01Q10006333|202107|33987.07|0|245|115|||||7.500|0.00||||||||||||||999||||||33987.07
F01Q10006333|202108|33779.96|0|246|114|||||7.500|0.00||||||||||||||999||||||33779.96
F01Q10006333|202109|33779.96|0|247|113|||||7.500|0.00||||||||||||||999||||||33779.96
F01Q10006333|202110|33361.84|0|248|112|||||7.500|0.00||||||||||||||999||||||33361.84
F01Q10006333|202111|33150.82|0|249|111|||||7.500|0.00||||||||||||||999||||||33150.82
F01Q10006333|202112|32938.48|0|250|110|||||7.500|0.00||||||||||||||999||||||32938.48
F01Q10006333|202201|32724.82|0|251|109|||||7.500|0.00||||||||||||||999||||||32724.82
F01Q10006333|202202|32724.82|0|252|108|||||7.500|0.00||||||||||||||999||||||32724.82
F01Q10006333|202203|0.00|0|253|107|||01|202203|7.500|0.00|202202|||||||||||||999|32724.82|||||0.00
F01Q10006352|200103|73000.00|0|000|360|||||8.875|0.00||||||||||||||||||||73000.00
F01Q10006352|200104|72000.00|0|001|359|||||8.875|0.00||||||||||||||||||||72000.00
F01Q10006352|200105|72000.00|0|002|358|||||8.875|0.00||||||||||||||||||||72000.00
F01Q10006352|200106|72000.00|0|003|357|||||8.875|0.00||||||||||||||||||||72000.00
F01Q10006352|200107|72000.00|0|004|356|||||8.875|0.00||||||||||||||||||||72000.00
F01Q10006352|200108|72000.00|0|005|355|||||8.875|0.00||||||||||||||||||||72000.00
F01Q10006352|200109|72000.00|0|006|354|||||8.875|0.00||||||||||||||||||||72000.00
F01Q10006352|200110|72205.28|0|007|353|||||8.875|0.00||||||||||||||||||||72205.28
F01Q10006352|200111|72162.45|0|008|352|||||8.875|0.00||||||||||||||||||||72162.45
F01Q10006352|200112|72162.45|0|009|351|||||8.875|0.00||||||||||||||||||||72162.45
F01Q10006352|200201|72119.30|0|010|350|||||8.875|0.00||||||||||||||||||||72119.30
F01Q10006352|200202|72015.93|0|011|349|||||8.875|0.00||||||||||||||||||||72015.93
F01Q10006352|200203|71970.59|0|012|348|||||8.875|0.00||||||||||||||||||||71970.59
F01Q10006352|200204|71970.59|0|013|347|||||8.875|0.00||||||||||||||||||||71970.59
F01Q10006352|200205|71926.02|0|014|346|||||8.875|0.00||||||||||||||||||||71926.02
F01Q10006352|200206|71834.78|0|015|345|||||8.875|0.00||||||||||||||||||||71834.78
F01Q10006352|200207|71773.10|0|016|344|||||8.875|0.00||||||||||||||||||||71773.10
F01Q10006352|200208|71773.10|0|017|343|||||8.875|0.00||||||||||||||||||||71773.10
F01Q10006352|200209|71726.55|0|018|342|||||8.875|0.00||||||||||||||||||||71726.55
F01Q10006352|200210|71680.18|0|019|341|||||8.875|0.00||||||||||||||||||||71680.18
F01Q10006352|200211|71633.46|1|020|340|||||8.875|0.00||||||||||||||||||||71633.46
F01Q10006352|200212|71586.40|1|021|339|||||8.875|0.00||||||||||||||||||||71586.40
F01Q10006352|200301|71538.99|1|022|338|||||8.875|0.00||||||||||||||||||||71538.99
F01Q10006352|200302|71491.23|1|023|337|||||8.875|0.00||||||||||||||||||||71491.23
F01Q10006352|200303|71491.23|1|024|336|||||8.875|0.00||||||||||||||||||||71491.23
F01Q10006352|200304|71443.12|2|025|335|||||8.875|0.00||||||||||||||||||||71443.12
F01Q10006352|200305|71443.12|3|026|334|||||8.875|0.00||||||||||||||||||||71443.12
F01Q10006352|200306|71247.08|0|027|333|||||8.875|0.00||||||||||||||||||||71247.08
F01Q10006352|200307|71247.08|0|028|332|||||8.875|0.00||||||||||||||||||||71247.08
F01Q10006352|200308|71197.16|1|029|331|||||8.875|0.00||||||||||||||||||||71197.16
F01Q10006352|200309|71146.87|1|030|330|||||8.875|0.00||||||||||||||||||||71146.87
F01Q10006352|200310|71146.87|1|031|329|||||8.875|0.00||||||||||||||||||||71146.87
F01Q10006352|200311|71045.18|1|032|328|||||8.875|0.00||||||||||||||||||||71045.18
F01Q10006352|200312|70993.77|1|033|327|||||8.875|0.00||||||||||||||||||||70993.77
F01Q10006352|200401|70889.81|0|034|326|||||8.875|0.00||||||||||||||||||||70889.81
F01Q10006352|200402|70889.81|0|035|325|||||8.875|0.00||||||||||||||||||||70889.81
F01Q10006352|200403|70837.25|1|036|324|||||8.875|0.00||||||||||||||||||||70837.25
F01Q10006352|200404|70784.30|1|037|323|||||8.875|0.00||||||||||||||||||||70784.30
F01Q10006352|200405|70730.96|1|038|322|||||8.875|0.00||||||||||||||||||||70730.96
F01Q10006352|200406|70677.22|1|039|321|||||8.875|0.00||||||||||||||||||||70677.22
F01Q10006352|200407|70623.09|1|040|320|||||8.875|0.00||||||||||||||||||||70623.09
F01Q10006352|200408|70568.56|1|041|319|||||8.875|0.00||||||||||||||||||||70568.56
F01Q10006352|200409|70513.62|0|042|318|||||8.875|0.00||||||||||||||||||||70513.62
F01Q10006352|200410|70395.48|1|043|317|||||8.875|0.00||||||||||||||||||||70395.48
F01Q10006352|200411|70339.26|1|044|316|||||8.875|0.00||||||||||||||||||||70339.26
F01Q10006352|200412|70282.63|1|045|315|||||8.875|0.00||||||||||||||||||||70282.63
F01Q10006352|200501|70282.63|1|046|314|||||8.875|0.00||||||||||||||||||||70282.63
F01Q10006352|200502|70168.11|1|047|313|||||8.875|0.00||||||||||||||||||||70168.11
F01Q10006352|200503|70110.21|0|048|312|||||8.875|0.00||||||||||||||||||||70110.21
F01Q10006352|200504|70051.88|1|049|311|||||8.875|0.00||||||||||||||||||||70051.88
F01Q10006352|200505|70051.88|2|050|310|||||8.875|0.00||||||||||||||||||||70051.88
F01Q10006352|200506|70051.88|2|051|309|||||8.875|0.00||||||||||||||||||||70051.88
F01Q10006352|200507|69993.12|2|052|308|||||8.875|0.00||||||||||||||||||||69993.12
F01Q10006352|200508|69933.93|3|053|307|||||8.875|0.00||||||||||||||||||||69933.93
F01Q10006352|200509|69933.93|3|054|306|||||8.875|0.00||||||||||||||||||||69933.93
F01Q10006352|200510|69874.30|4|055|305|||||8.875|0.00||||||||||||||||||||69874.30
F01Q10006352|200511|69753.71|2|056|304|||||8.875|0.00||||||||||||||||||||69753.71
F01Q10006352|200512|69692.75|2|057|303|||||8.875|0.00||||||||||||||||||||69692.75
F01Q10006352|200601|69569.47|1|058|302|||||8.875|0.00||||||||||||||||||||69569.47
F01Q10006352|200602|69507.14|2|059|301|||||8.875|0.00||||||||||||||||||||69507.14
F01Q10006352|200603|69381.10|0|060|300|||||8.875|0.00||||||||||||||||||||69381.10
F01Q10006352|200604|69317.38|0|061|299|||||8.875|0.00||||||||||||||||||||69317.38
F01Q10006352|200605|69188.53|0|062|298|||||8.875|0.00||||||||||||||||||||69188.53
F01Q10006352|200606|69188.53|1|063|297|||||8.875|0.00||||||||||||||||||||69188.53
F01Q10006352|200607|69188.53|1|064|296|||||8.875|0.00||||||||||||||||||||69188.53
F01Q10006352|200608|69123.39|2|065|295|||||8.875|0.00||||||||||||||||||||69123.39
F01Q10006352|200609|69057.77|2|066|294|||||8.875|0.00||||||||||||||||||||69057.77
F01Q10006352|200610|69057.77|3|067|293|||||8.875|0.00||||||||||||||||||||69057.77
F01Q10006352|200611|68790.38|0|068|292|||||8.875|0.00||||||||||||||||||||68790.38
F01Q10006352|200612|68722.29|0|069|291|||||8.875|0.00||||||||||||||||||||68722.29
F01Q10006352|200701|68722.29|0|070|290|||||8.875|0.00||||||||||||||||||||68722.29
F01Q10006352|200702|68653.70|0|071|289|||||8.875|0.00||||||||||||||||||||68653.70
F01Q10006352|200703|68514.94|0|072|288|||||8.875|0.00||||||||||||||||||||68514.94
F01Q10006352|200704|68444.82|0|073|287|||||8.875|0.00||||||||||||||||||||68444.82
F01Q10006352|200705|68374.18|0|074|286|||||8.875|0.00||||||||||||||||||||68374.18
F01Q10006352|200706|68303.01|0|075|285|||||8.875|0.00||||||||||||||||||||68303.01
F01Q10006352|200707|68303.01|0|076|284|||||8.875|0.00||||||||||||||||||||68303.01
F01Q10006352|200708|68159.10|0|077|283|||||8.875|0.00||||||||||||||||||||68159.10
F01Q10006352|200709|68086.12|0|078|282|||||8.875|0.00||||||||||||||||||||68086.12
F01Q10006352|200710|67973.60|0|079|281|||||8.875|0.00||||||||||||||||||||67973.60
F01Q10006352|200711|67880.25|0|080|280|||||8.875|0.00||||||||||||||||||||67880.25
F01Q10006352|200712|67805.43|0|081|279|||||8.875|0.00||||||||||||||||||||67805.43
F01Q10006352|200801|67730.06|0|082|278|||||8.875|0.00||||||||||||||||||||67730.06
F01Q10006352|200802|0.00|0|083|277|||01|200802|8.875|0.00|||||||||||||||67730.06|||||0.00
F01Q10006586|200104|285000.00|0|001|359|||||7.750|0.00||||||||||||||||||||285000.00
F01Q10006586|200105|285000.00|0|002|358|||||7.750|0.00||||||||||||||||||||285000.00
F01Q10006586|200106|284000.00|0|003|357|||||7.750|0.00||||||||||||||||||||284000.00
F01Q10006586|200107|284000.00|0|004|356|||||7.750|0.00||||||||||||||||||||284000.00
F01Q10006586|200108|284000.00|0|005|355|||||7.750|0.00||||||||||||||||||||284000.00
F01Q10006586|200109|283000.00|0|006|354|||||7.750|0.00||||||||||||||||||||283000.00
F01Q10006586|200110|283370.82|0|007|353|||||7.750|0.00||||||||||||||||||||283370.82
F01Q10006586|200111|282523.28|0|008|352|||||7.750|0.00||||||||||||||||||||282523.28
F01Q10006586|200112|282523.28|0|009|351|||||7.750|0.00||||||||||||||||||||282523.28
F01Q10006586|200201|282306.13|0|010|350|||||7.750|0.00||||||||||||||||||||282306.13
F01Q10006586|200202|281987.58|0|011|349|||||7.750|0.00||||||||||||||||||||281987.58
F01Q10006586|200203|281666.97|0|012|348|||||7.750|0.00||||||||||||||||||||281666.97
F01Q10006586|200204|281344.29|0|013|347|||||7.750|0.00||||||||||||||||||||281344.29
F01Q10006586|200205|281019.53|0|014|346|||||7.750|0.00||||||||||||||||||||281019.53
F01Q10006586|200206|280692.67|0|015|345|||||7.750|0.00||||||||||||||||||||280692.67
F01Q10006586|200207|280363.70|0|016|344|||||7.750|0.00||||||||||||||||||||280363.70
F01Q10006586|200208|280032.60|0|017|343|||||7.750|0.00||||||||||||||||||||280032.60
F01Q10006586|200209|279699.36|0|018|342|||||7.750|0.00||||||||||||||||||||279699.36
F01Q10006586|200210|279363.97|0|019|341|||||7.750|0.00||||||||||||||||||||279363.97
F01Q10006586|200211|279026.42|0|020|340|||||7.750|0.00||||||||||||||||||||279026.42
F01Q10006586|200212|278686.69|0|021|339|||||7.750|0.00||||||||||||||||||||278686.69
F01Q10006586|200301|278344.76|0|022|338|||||7.750|0.00||||||||||||||||||||278344.76
F01Q10006586|200302|278000.62|0|023|337|||||7.750|0.00||||||||||||||||||||278000.62
F01Q10006586|200303|0.00|0|024|336|||01|200303|7.750|0.00|||||||||||||||278000.62|||||0.00
F01Q10006613|200104|75000.00|0|001|359|||||7.625|0.00||||||||||||||||||||75000.00
F01Q10006613|200105|75000.00|0|002|358|||||7.625|0.00||||||||||||||||||||75000.00
F01Q10006613|200106|75000.00|0|003|357|||||7.625|0.00||||||||||||||||||||75000.00
F01Q10006613|200107|75000.00|0|004|356|||||7.625|0.00||||||||||||||||||||75000.00
F01Q10006613|200108|75000.00|0|005|355|||||7.625|0.00||||||||||||||||||||75000.00
F01Q10006613|200109|75000.00|0|006|354|||||7.625|0.00||||||||||||||||||||75000.00
F01Q10006613|200110|74612.67|0|007|353|||||7.625|0.00||||||||||||||||||||74612.67
F01Q10006613|200111|74555.92|0|008|352|||||7.625|0.00||||||||||||||||||||74555.92
F01Q10006613|200112|74498.81|0|009|351|||||7.625|0.00||||||||||||||||||||74498.81
F01Q10006613|200201|74441.34|0|010|350|||||7.625|0.00||||||||||||||||||||74441.34
F01Q10006613|200202|74383.50|0|011|349|||||7.625|0.00||||||||||||||||||||74383.50
F01Q10006613|200203|74325.30|0|012|348|||||7.625|0.00||||||||||||||||||||74325.30
F01Q10006613|200204|74266.73|0|013|347|||||7.625|0.00||||||||||||||||||||74266.73
F01Q10006613|200205|74207.78|0|014|346|||||7.625|0.00||||||||||||||||||||74207.78
F01Q10006613|200206|74148.46|0|015|345|||||7.625|0.00||||||||||||||||||||74148.46
F01Q10006613|200207|74088.76|0|016|344|||||7.625|0.00||||||||||||||||||||74088.76
F01Q10006613|200208|74028.68|0|017|343|||||7.625|0.00||||||||||||||||||||74028.68
F01Q10006613|200209|73968.22|0|018|342|||||7.625|0.00||||||||||||||||||||73968.22
F01Q10006613|200210|73907.38|0|019|341|||||7.625|0.00||||||||||||||||||||73907.38
F01Q10006613|200211|73846.15|0|020|340|||||7.625|0.00||||||||||||||||||||73846.15
F01Q10006613|200212|73784.53|0|021|339|||||7.625|0.00||||||||||||||||||||73784.53
F01Q10006613|200301|73722.52|0|022|338|||||7.625|0.00||||||||||||||||||||73722.52
F01Q10006613|200302|73660.12|0|023|337|||||7.625|0.00||||||||||||||||||||73660.12
F01Q10006613|200303|73597.32|0|024|336|||||7.625|0.00||||||||||||||||||||73597.32
F01Q10006613|200304|73534.12|0|025|335|||||7.625|0.00||||||||||||||||||||73534.12
F01Q10006613|200305|73470.52|0|026|334|||||7.625|0.00||||||||||||||||||||73470.52
F01Q10006613|200306|73406.51|0|027|333|||||7.625|0.00||||||||||||||||||||73406.51
F01Q10006613|200307|73342.10|0|028|332|||||7.625|0.00||||||||||||||||||||73342.10
F01Q10006613|200308|73277.28|0|029|331|||||7.625|0.00||||||||||||||||||||73277.28
F01Q10006613|200309|73212.05|0|030|330|||||7.625|0.00||||||||||||||||||||73212.05
F01Q10006613|200310|73146.40|0|031|329|||||7.625|0.00||||||||||||||||||||73146.40
F01Q10006613|200311|73080.33|0|032|328|||||7.625|0.00||||||||||||||||||||73080.33
F01Q10006613|200312|73013.84|0|033|327|||||7.625|0.00||||||||||||||||||||73013.84
F01Q10006613|200401|72946.93|0|034|326|||||7.625|0.00||||||||||||||||||||72946.93
F01Q10006613|200402|72879.60|0|035|325|||||7.625|0.00||||||||||||||||||||72879.60
F01Q10006613|200403|72811.84|0|036|324|||||7.625|0.00||||||||||||||||||||72811.84
F01Q10006613|200404|72743.65|0|037|323|||||7.625|0.00||||||||||||||||||||72743.65
F01Q10006613|200405|72675.03|0|038|322|||||7.625|0.00||||||||||||||||||||72675.03
F01Q10006613|200406|72605.97|0|039|321|||||7.625|0.00||||||||||||||||||||72605.97
F01Q10006613|200407|72536.47|0|040|320|||||7.625|0.00||||||||||||||||||||72536.47
F01Q10006613|200408|72466.53|0|041|319|||||7.625|0.00||||||||||||||||||||72466.53
F01Q10006613|200409|72396.14|0|042|318|||||7.625|0.00||||||||||||||||||||72396.14
F01Q10006613|200410|72325.31|0|043|317|||||7.625|0.00||||||||||||||||||||72325.31
F01Q10006613|200411|72254.03|0|044|316|||||7.625|0.00||||||||||||||||||||72254.03
F01Q10006613|200412|72182.29|0|045|315|||||7.625|0.00||||||||||||||||||||72182.29
F01Q10006613|200501|72110.10|0|046|314|||||7.625|0.00||||||||||||||||||||72110.10
F01Q10006613|200502|72037.45|0|047|313|||||7.625|0.00||||||||||||||||||||72037.45
F01Q10006613|200503|71964.34|0|048|312|||||7.625|0.00||||||||||||||||||||71964.34
F01Q10006613|200504|71890.76|0|049|311|||||7.625|0.00||||||||||||||||||||71890.76
F01Q10006613|200505|71816.72|0|050|310|||||7.625|0.00||||||||||||||||||||71816.72
F01Q10006613|200506|71742.21|0|051|309|||||7.625|0.00||||||||||||||||||||71742.21
F01Q10006613|200507|71667.22|0|052|308|||||7.625|0.00||||||||||||||||||||71667.22
F01Q10006613|200508|71591.76|0|053|307|||||7.625|0.00||||||||||||||||||||71591.76
F01Q10006613|200509|71515.82|0|054|306|||||7.625|0.00||||||||||||||||||||71515.82
F01Q10006613|200510|71439.39|0|055|305|||||7.625|0.00||||||||||||||||||||71439.39
F01Q10006613|200511|71362.48|0|056|304|||||7.625|0.00||||||||||||||||||||71362.48
F01Q10006613|200512|71285.08|0|057|303|||||7.625|0.00||||||||||||||||||||71285.08
F01Q10006613|200601|71207.19|0|058|302|||||7.625|0.00||||||||||||||||||||71207.19
F01Q10006613|200602|71128.80|0|059|301|||||7.625|0.00||||||||||||||||||||71128.80
F01Q10006613|200603|71049.91|0|060|300|||||7.625|0.00||||||||||||||||||||71049.91
F01Q10006613|200604|70970.52|0|061|299|||||7.625|0.00||||||||||||||||||||70970.52
F01Q10006613|200605|70890.63|0|062|298|||||7.625|0.00||||||||||||||||||||70890.63
F01Q10006613|200606|70810.23|0|063|297|||||7.625|0.00||||||||||||||||||||70810.23
F01Q10006613|200607|70729.32|0|064|296|||||7.625|0.00||||||||||||||||||||70729.32
F01Q10006613|200608|70647.90|0|065|295|||||7.625|0.00||||||||||||||||||||70647.90
F01Q10006613|200609|70565.96|0|066|294|||||7.625|0.00||||||||||||||||||||70565.96
F01Q10006613|200610|70483.50|0|067|293|||||7.625|0.00||||||||||||||||||||70483.50
F01Q10006613|200611|70400.51|0|068|292|||||7.625|0.00||||||||||||||||||||70400.51
F01Q10006613|200612|70317.00|0|069|291|||||7.625|0.00||||||||||||||||||||70317.00
F01Q10006613|200701|70232.96|0|070|290|||||7.625|0.00||||||||||||||||||||70232.96
F01Q10006613|200702|70148.38|0|071|289|||||7.625|0.00||||||||||||||||||||70148.38
F01Q10006613|200703|70063.26|0|072|288|||||7.625|0.00||||||||||||||||||||70063.26
F01Q10006613|200704|69977.60|0|073|287|||||7.625|0.00||||||||||||||||||||69977.60
F01Q10006613|200705|69891.40|0|074|286|||||7.625|0.00||||||||||||||||||||69891.40
F01Q10006613|200706|69804.65|0|075|285|||||7.625|0.00||||||||||||||||||||69804.65
F01Q10006613|200707|69717.35|0|076|284|||||7.625|0.00||||||||||||||||||||69717.35
F01Q10006613|200708|69629.50|0|077|283|||||7.625|0.00||||||||||||||||||||69629.50
F01Q10006613|200709|69541.09|0|078|282|||||7.625|0.00||||||||||||||||||||69541.09
F01Q10006613|200710|69452.12|0|079|281|||||7.625|0.00||||||||||||||||||||69452.12
F01Q10006613|200711|69362.58|0|080|280|||||7.625|0.00||||||||||||||||||||69362.58
F01Q10006613|200712|69272.47|0|081|279|||||7.625|0.00||||||||||||||||||||69272.47
F01Q10006613|200801|69181.79|0|082|278|||||7.625|0.00||||||||||||||||||||69181.79
F01Q10006613|200802|69090.53|0|083|277|||||7.625|0.00||||||||||||||||||||69090.53
F01Q10006613|200803|68998.69|0|084|276|||||7.625|0.00||||||||||||||||||||68998.69
F01Q10006613|200804|68906.27|0|085|275|||||7.625|0.00||||||||||||||||||||68906.27
F01Q10006613|200805|68813.26|0|086|274|||||7.625|0.00||||||||||||||||||||68813.26
F01Q10006613|200806|68719.66|0|087|273|||||7.625|0.00||||||||||||||||||||68719.66
F01Q10006613|200807|68625.47|0|088|272|||||7.625|0.00||||||||||||||||||||68625.47
F01Q10006613|200808|68530.68|0|089|271|||||7.625|0.00||||||||||||||||||||68530.68
F01Q10006613|200809|68435.29|0|090|270|||||7.625|0.00||||||||||||||||||||68435.29
F01Q10006613|200810|68339.29|0|091|269|||||7.625|0.00||||||||||||||||||||68339.29
F01Q10006613|200811|68242.68|0|092|268|||||7.625|0.00||||||||||||||||||||68242.68
F01Q10006613|200812|68145.46|0|093|267|||||7.625|0.00||||||||||||||||||||68145.46
F01Q10006613|200901|68047.62|0|094|266|||||7.625|0.00||||||||||||||||||||68047.62
F01Q10006613|200902|67949.16|0|095|265|||||7.625|0.00||||||||||||||||||||67949.16
F01Q10006613|200903|67850.07|0|096|264|||||7.625|0.00||||||||||||||||||||67850.07
F01Q10006613|200904|67750.35|0|097|263|||||7.625|0.00||||||||||||||||||||67750.35
F01Q10006613|200905|67650.00|0|098|262|||||7.625|0.00||||||||||||||||||||67650.00
F01Q10006613|200906|67549.01|0|099|261|||||7.625|0.00||||||||||||||||||||67549.01
F01Q10006613|200907|67447.38|0|100|260|||||7.625|0.00||||||||||||||||||||67447.38
F01Q10006613|200908|67345.10|0|101|259|||||7.625|0.00||||||||||||||||||||67345.10
F01Q10006613|200909|67242.17|0|102|258|||||7.625|0.00||||||||||||||||||||67242.17
F01Q10006613|200910|67138.59|0|103|257|||||7.625|0.00||||||||||||||||||||67138.59
F01Q10006613|200911|67034.35|0|104|256|||||7.625|0.00||||||||||||||||||||67034.35
F01Q10006613|200912|66929.45|0|105|255|||||7.625|0.00||||||||||||||||||||66929.45
F01Q10006613|201001|66823.88|0|106|254|||||7.625|0.00||||||||||||||||||||66823.88
F01Q10006613|201002|66717.64|0|107|253|||||7.625|0.00||||||||||||||||||||66717.64
F01Q10006613|201003|66610.73|0|108|252|||||7.625|0.00||||||||||||||||||||66610.73
F01Q10006613|201004|66503.14|0|109|251|||||7.625|0.00||||||||||||||||||||66503.14
F01Q10006613|201005|66394.86|0|110|250|||||7.625|0.00||||||||||||||||||||66394.86
F01Q10006613|201006|66285.89|0|111|249|||||7.625|0.00||||||||||||||||||||66285.89
F01Q10006613|201007|66176.23|0|112|248|||||7.625|0.00||||||||||||||||||||66176.23
F01Q10006613|201008|66065.87|0|113|247|||||7.625|0.00||||||||||||||||||||66065.87
F01Q10006613|201009|65954.81|0|114|246|||||7.625|0.00||||||||||||||||||||65954.81
F01Q10006613|201010|65843.05|0|115|245|||||7.625|0.00||||||||||||||||||||65843.05
F01Q10006613|201011|65730.58|0|116|244|||||7.625|0.00||||||||||||||||||||65730.58
F01Q10006613|201012|65617.39|0|117|243|||||7.625|0.00||||||||||||||||||||65617.39
F01Q10006613|201101|65503.48|0|118|242|||||7.625|0.00||||||||||||||||||||65503.48
F01Q10006613|201102|65388.85|0|119|241|||||7.625|0.00||||||||||||||||||||65388.85
F01Q10006613|201103|65273.49|0|120|240|||||7.625|0.00||||||||||||||||||||65273.49
F01Q10006613|201104|65157.40|0|121|239|||||7.625|0.00||||||||||||||||||||65157.40
F01Q10006613|201105|65040.57|0|122|238|||||7.625|0.00||||||||||||||||||||65040.57
F01Q10006613|201106|64923.00|0|123|237|||||7.625|0.00||||||||||||||||||||64923.00
F01Q10006613|201107|64804.68|0|124|236|||||7.625|0.00||||||||||||||||||||64804.68
F01Q10006613|201108|64685.61|0|125|235|||||7.625|0.00||||||||||||||||||||64685.61
F01Q10006613|201109|64565.78|0|126|234|||||7.625|0.00||||||||||||||||||||64565.78
F01Q10006613|201110|64445.19|0|127|233|||||7.625|0.00||||||||||||||||||||64445.19
F01Q10006613|201111|64323.84|0|128|232|||||7.625|0.00||||||||||||||||||||64323.84
F01Q10006613|201112|64201.71|0|129|231|||||7.625|0.00||||||||||||||||||||64201.71
F01Q10006613|201201|64078.81|0|130|230|||||7.625|0.00||||||||||||||||||||64078.81
F01Q10006613|201202|63955.13|0|131|229|||||7.625|0.00||||||||||||||||||||63955.13
F01Q10006613|201203|63830.66|0|132|228|||||7.625|0.00||||||||||||||||||||63830.66
F01Q10006613|201204|63705.40|0|133|227|||||7.625|0.00||||||||||||||||||||63705.40
F01Q10006613|201205|63579.34|0|134|226|||||7.625|0.00||||||||||||||||||||63579.34
F01Q10006613|201206|63452.48|0|135|225|||||7.625|0.00||||||||||||||||||||63452.48
F01Q10006613|201207|63324.82|0|136|224|||||7.625|0.00||||||||||||||||||||63324.82
F01Q10006613|201208|63196.35|0|137|223|||||7.625|0.00||||||||||||||||||||63196.35
F01Q10006613|201209|63067.06|0|138|222|||||7.625|0.00||||||||||||||||||||63067.06
F01Q10006613|201210|62936.95|0|139|221|||||7.625|0.00||||||||||||||||||||62936.95
F01Q10006613|201211|62806.01|0|140|220|||||7.625|0.00||||||||||||||||||||62806.01
F01Q10006613|201212|62674.24|0|141|219|||||7.625|0.00||||||||||||||||||||62674.24
F01Q10006613|201301|62541.63|0|142|218|||||7.625|0.00||||||||||||||||||||62541.63
F01Q10006613|201302|62408.18|0|143|217|||||7.625|0.00||||||||||||||||||||62408.18
F01Q10006613|201303|62273.88|0|144|216|||||7.625|0.00||||||||||||||||||||62273.88
F01Q10006613|201304|62138.73|0|145|215|||||7.625|0.00||||||||||||||||||||62138.73
F01Q10006613|201305|62002.72|0|146|214|||||7.625|0.00||||||||||||||||||||62002.72
F01Q10006613|201306|61865.85|0|147|213|||||7.625|0.00||||||||||||||||||||61865.85
F01Q10006613|201307|61728.11|0|148|212|||||7.625|0.00||||||||||||||||||||61728.11
F01Q10006613|201308|61589.49|0|149|211|||||7.625|0.00||||||||||||||||||||61589.49
F01Q10006613|201309|61449.99|0|150|210|||||7.625|0.00||||||||||||||||||||61449.99
F01Q10006613|201310|61309.60|0|151|209|||||7.625|0.00||||||||||||||||||||61309.60
F01Q10006613|201311|61168.32|0|152|208|||||7.625|0.00||||||||||||||||||||61168.32
F01Q10006613|201312|61026.14|0|153|207|||||7.625|0.00||||||||||||||||||||61026.14
F01Q10006613|201401|60883.06|0|154|206|||||7.625|0.00||||||||||||||||||||60883.06
F01Q10006613|201402|60739.07|0|155|205|||||7.625|0.00||||||||||||||||||||60739.07
F01Q10006613|201403|60594.17|0|156|204|||||7.625|0.00||||||||||||||||||||60594.17
F01Q10006613|201404|60448.35|0|157|203|||||7.625|0.00||||||||||||||||||||60448.35
F01Q10006613|201405|60301.60|0|158|202|||||7.625|0.00||||||||||||||||||||60301.60
F01Q10006613|201406|60153.92|0|159|201|||||7.625|0.00||||||||||||||||||||60153.92
F01Q10006613|201407|60005.30|0|160|200|||||7.625|0.00||||||||||||||||||||60005.30
F01Q10006613|201408|59855.73|0|161|199|||||7.625|0.00||||||||||||||||||||59855.73
F01Q10006613|201409|59705.21|0|162|198|||||7.625|0.00||||||||||||||||||||59705.21
F01Q10006613|201410|59553.74|0|163|197|||||7.625|0.00||||||||||||||||||||59553.74
F01Q10006613|201411|59401.30|0|164|196|||||7.625|0.00||||||||||||||||||||59401.30
F01Q10006613|201412|59247.90|0|165|195|||||7.625|0.00||||||||||||||||||||59247.90
F01Q10006613|201501|59093.52|0|166|194|||||7.625|0.00||||||||||||||||||||59093.52
F01Q10006613|201502|58938.16|0|167|193|||||7.625|0.00||||||||||||||||||||58938.16
F01Q10006613|201503|58781.81|0|168|192|||||7.625|0.00||||||||||||||||||||58781.81
F01Q10006613|201504|58624.47|0|169|191|||||7.625|0.00||||||||||||||||||||58624.47
F01Q10006613|201505|58466.13|0|170|190|||||7.625|0.00||||||||||||||||||||58466.13
F01Q10006613|201506|58306.78|0|171|189|||||7.625|0.00||||||||||||||||||||58306.78
F01Q10006613|201507|58146.42|0|172|188|||||7.625|0.00||||||||||||||||||||58146.42
F01Q10006613|201508|57985.04|0|173|187|||||7.625|0.00||||||||||||||||||||57985.04
F01Q10006613|201509|57822.64|0|174|186|||||7.625|0.00||||||||||||||||||||57822.64
F01Q10006613|201510|57659.20|0|175|185|||||7.625|0.00||||||||||||||||||||57659.20
F01Q10006613|201511|57494.73|0|176|184|||||7.625|0.00||||||||||||||||||||57494.73
F01Q10006613|201512|57329.21|0|177|183|||||7.625|0.00||||||||||||||||||||57329.21
F01Q10006613|201601|57162.64|0|178|182|||||7.625|0.00||||||||||||||||||||57162.64
F01Q10006613|201602|56995.01|0|179|181|||||7.625|0.00||||||||||||||||||||56995.01
F01Q10006613|201603|56826.32|0|180|180|||||7.625|0.00||||||||||||||||||||56826.32
F01Q10006613|201604|56656.55|0|181|179|||||7.625|0.00||||||||||||||||||||56656.55
F01Q10006613|201605|56485.71|0|182|178|||||7.625|0.00||||||||||||||||||||56485.71
F01Q10006613|201606|56313.78|0|183|177|||||7.625|0.00||||||||||||||||||||56313.78
F01Q10006613|201607|56140.76|0|184|176|||||7.625|0.00||||||||||||||||||||56140.76
F01Q10006613|201608|55966.64|0|185|175|||||7.625|0.00||||||||||||||||||||55966.64
F01Q10006613|201609|55791.41|0|186|174|||||7.625|0.00||||||||||||||||||||55791.41
F01Q10006613|201610|55615.07|0|187|173|||||7.625|0.00||||||||||||||||||||55615.07
F01Q10006613|201611|55437.61|0|188|172|||||7.625|0.00||||||||||||||||||||55437.61
F01Q10006613|201612|55259.02|0|189|171|||||7.625|0.00||||||||||||||||||||55259.02
F01Q10006613|201701|55079.30|0|190|170|||||7.625|0.00||||||||||||||||||||55079.30
F01Q10006613|201702|54898.43|0|191|169|||||7.625|0.00||||||||||||||||||||54898.43
F01Q10006613|201703|54716.41|0|192|168|||||7.625|0.00||||||||||||||||||||54716.41
F01Q10006613|201704|54533.24|0|193|167|||||7.625|0.00||||||||||||||24||||||54533.24
F01Q10006613|201705|54348.90|0|194|166|||||7.625|0.00||||||||||||||24||||||54348.90
F01Q10006613|201706|54163.39|0|195|165|||||7.625|0.00||||||||||||||23||||||54163.39
F01Q10006613|201707|53976.70|0|196|164|||||7.625|0.00||||||||||||||23||||||53976.70
F01Q10006613|201708|53788.83|0|197|163|||||7.625|0.00||||||||||||||23||||||53788.83
F01Q10006613|201709|53599.76|0|198|162|||||7.625|0.00||||||||||||||24||||||53599.76
F01Q10006613|201710|53409.49|0|199|161|||||7.625|0.00||||||||||||||24||||||53409.49
F01Q10006613|201711|53218.01|0|200|160|||||7.625|0.00||||||||||||||23||||||53218.01
F01Q10006613|201712|53025.32|0|201|159|||||7.625|0.00||||||||||||||24||||||53025.32
F01Q10006613|201801|52831.40|0|202|158|||||7.625|0.00||||||||||||||24||||||52831.40
F01Q10006613|201802|52636.25|0|203|157|||||7.625|0.00||||||||||||||23||||||52636.25
F01Q10006613|201803|52439.86|0|204|156|||||7.625|0.00||||||||||||||23||||||52439.86
F01Q10006613|201804|52242.22|0|205|155|||||7.625|0.00||||||||||||||22||||||52242.22
F01Q10006613|201805|52043.33|0|206|154|||||7.625|0.00||||||||||||||21||||||52043.33
F01Q10006613|201806|51843.17|0|207|153|||||7.625|0.00||||||||||||||21||||||51843.17
F01Q10006613|201807|51641.74|0|208|152|||||7.625|0.00||||||||||||||23||||||51641.74
F01Q10006613|201808|0.00|0|209|151|||01|201808|7.625|0.00||||||||||||||999|51641.74|||||0.00
F01Q10006841|200104|74000.00|0|001|239|||||7.500|0.00||||||||||||||||||||74000.00
F01Q10006841|200105|74000.00|0|002|238|||||7.500|0.00||||||||||||||||||||74000.00
F01Q10006841|200106|73000.00|0|003|237|||||7.500|0.00||||||||||||||||||||73000.00
F01Q10006841|200107|73000.00|0|004|236|||||7.500|0.00||||||||||||||||||||73000.00
F01Q10006841|200108|73000.00|0|005|235|||||7.500|0.00||||||||||||||||||||73000.00
F01Q10006841|200109|73000.00|0|006|234|||||7.500|0.00||||||||||||||||||||73000.00
F01Q10006841|200110|72967.51|0|007|233|||||7.500|0.00||||||||||||||||||||72967.51
F01Q10006841|200111|72829.19|0|008|232|||||7.500|0.00||||||||||||||||||||72829.19
F01Q10006841|200112|72549.94|0|009|231|||||7.500|0.00||||||||||||||||||||72549.94
F01Q10006841|200201|72409.01|0|010|230|||||7.500|0.00||||||||||||||||||||72409.01
F01Q10006841|200202|72267.20|0|011|229|||||7.500|0.00||||||||||||||||||||72267.20
F01Q10006841|200203|72124.50|0|012|228|||||7.500|0.00||||||||||||||||||||72124.50
F01Q10006841|200204|71980.91|0|013|227|||||7.500|0.00||||||||||||||||||||71980.91
F01Q10006841|200205|71836.42|0|014|226|||||7.500|0.00||||||||||||||||||||71836.42
F01Q10006841|200206|71691.03|0|015|225|||||7.500|0.00||||||||||||||||||||71691.03
F01Q10006841|200207|71544.73|0|016|224|||||7.500|0.00||||||||||||||||||||71544.73
F01Q10006841|200208|71397.51|0|017|223|||||7.500|0.00||||||||||||||||||||71397.51
F01Q10006841|200209|71249.37|0|018|222|||||7.500|0.00||||||||||||||||||||71249.37
F01Q10006841|200210|71100.31|0|019|221|||||7.500|0.00||||||||||||||||||||71100.31
F01Q10006841|200211|70950.32|0|020|220|||||7.500|0.00||||||||||||||||||||70950.32
F01Q10006841|200212|70799.39|0|021|219|||||7.500|0.00||||||||||||||||||||70799.39
F01Q10006841|200301|70647.52|0|022|218|||||7.500|0.00||||||||||||||||||||70647.52
F01Q10006841|200302|70494.70|0|023|217|||||7.500|0.00||||||||||||||||||||70494.70
F01Q10006841|200303|0.00|0|024|216|||01|200303|7.500|0.00|||||||||||||||70494.70|||||0.00
F01Q10006951|200104|188000.00|0|000|360|||||7.500|0.00||||||||||||||||||||188000.00
F01Q10006951|200105|0.00|0|001|359|||01|200105|7.500|0.00|||||||||||||||187800.00|||||0.00
F01Q10006993|200104|86000.00|0|000|360|||||7.750|0.00||||||||||||||||||||86000.00
F01Q10006993|200105|86000.00|0|001|359|||||7.750|0.00||||||||||||||||||||86000.00
F01Q10006993|200106|86000.00|0|002|358|||||7.750|0.00||||||||||||||||||||86000.00
F01Q10006993|200107|86000.00|0|003|357|||||7.750|0.00||||||||||||||||||||86000.00
F01Q10006993|200108|86000.00|0|004|356|||||7.750|0.00||||||||||||||||||||86000.00
F01Q10006993|200109|86000.00|0|005|355|||||7.750|0.00||||||||||||||||||||86000.00
F01Q10006993|200110|86000.00|0|006|354|||||7.750|0.00||||||||||||||||||||86000.00
F01Q10006993|200111|85566.75|0|007|353|||||7.750|0.00||||||||||||||||||||85566.75
F01Q10006993|200112|85503.25|0|008|352|||||7.750|0.00||||||||||||||||||||85503.25
F01Q10006993|200201|0.00|0|009|351|||01|200201|7.750|0.00|||||||||||||||85503.25|||||0.00
F01Q10007216|200102|65000.00|0|000|180|||||8.125|0.00||||||||||||||||||||65000.00
F01Q10007216|200103|65000.00|0|001|179|||||8.125|0.00||||||||||||||||||||65000.00
F01Q10007216|200104|64000.00|0|002|178|||||8.125|0.00||||||||||||||||||||64000.00
F01Q10007216|200105|64000.00|0|003|177|||||8.125|0.00||||||||||||||||||||64000.00
F01Q10007216|200106|64000.00|0|004|176|||||8.125|0.00||||||||||||||||||||64000.00
F01Q10007216|200107|64000.00|0|005|175|||||8.125|0.00||||||||||||||||||||64000.00
F01Q10007216|200108|63000.00|0|006|174|||||8.125|0.00||||||||||||||||||||63000.00
F01Q10007216|200109|62958.48|0|007|173|||||8.125|0.00||||||||||||||||||||62958.48
F01Q10007216|200110|62658.88|0|008|172|||||8.125|0.00||||||||||||||||||||62658.88
F01Q10007216|200111|62357.25|0|009|171|||||8.125|0.00||||||||||||||||||||62357.25
F01Q10007216|200112|62053.58|0|010|170|||||8.125|0.00||||||||||||||||||||62053.58
F01Q10007216|200201|61747.85|0|011|169|||||8.125|0.00||||||||||||||||||||61747.85
F01Q10007216|200202|61440.05|0|012|168|||||8.125|0.00||||||||||||||||||||61440.05
F01Q10007216|200203|0.00|0|013|167|||01|200203|8.125|0.00|||||||||||||||61440.05|||||0.00
F01Q10007251|200102|156000.00|0|000|360|||||7.875|0.00||||||||||||||||||||156000.00
F01Q10007251|200103|156000.00|0|001|359|||||7.875|0.00||||||||||||||||||||156000.00
F01Q10007251|200104|156000.00|0|002|358|||||7.875|0.00||||||||||||||||||||156000.00
F01Q10007251|200105|156000.00|0|003|357|||||7.875|0.00||||||||||||||||||||156000.00
F01Q10007251|200106|156000.00|0|004|356|||||7.875|0.00||||||||||||||||||||156000.00
F01Q10007251|200107|155000.00|0|005|355|||||7.875|0.00||||||||||||||||||||155000.00
F01Q10007251|200108|155000.00|0|006|354|||||7.875|0.00||||||||||||||||||||155000.00
F01Q10007251|200109|155233.41|0|007|353|||||7.875|0.00||||||||||||||||||||155233.41
F01Q10007251|200110|155121.00|0|008|352|||||7.875|0.00||||||||||||||||||||155121.00
F01Q10007251|200111|154307.86|0|009|351|||||7.875|0.00||||||||||||||||||||154307.86
F01Q10007251|200112|154189.38|0|010|350|||||7.875|0.00||||||||||||||||||||154189.38
F01Q10007251|200201|154070.12|0|011|349|||||7.875|0.00||||||||||||||||||||154070.12
F01Q10007251|200202|153950.08|0|012|348|||||7.875|0.00||||||||||||||||||||153950.08
F01Q10007251|200203|153829.25|0|013|347|||||7.875|0.00||||||||||||||||||||153829.25
F01Q10007251|200204|153707.63|0|014|346|||||7.875|0.00||||||||||||||||||||153707.63
F01Q10007251|200205|153585.21|0|015|345|||||7.875|0.00||||||||||||||||||||153585.21
F01Q10007251|200206|153461.99|0|016|344|||||7.875|0.00||||||||||||||||||||153461.99
F01Q10007251|200207|153337.96|0|017|343|||||7.875|0.00||||||||||||||||||||153337.96
F01Q10007251|200208|153213.11|0|018|342|||||7.875|0.00||||||||||||||||||||153213.11
F01Q10007251|200209|153087.45|0|019|341|||||7.875|0.00||||||||||||||||||||153087.45
F01Q10007251|200210|152960.96|0|020|340|||||7.875|0.00||||||||||||||||||||152960.96
F01Q10007251|200211|152833.64|0|021|339|||||7.875|0.00||||||||||||||||||||152833.64
F01Q10007251|200212|152705.48|0|022|338|||||7.875|0.00||||||||||||||||||||152705.48
F01Q10007251|200301|152576.48|0|023|337|||||7.875|0.00||||||||||||||||||||152576.48
F01Q10007251|200302|152446.64|0|024|336|||||7.875|0.00||||||||||||||||||||152446.64
F01Q10007251|200303|152315.95|0|025|335|||||7.875|0.00||||||||||||||||||||152315.95
F01Q10007251|200304|149184.40|0|026|334|||||7.875|0.00||||||||||||||||||||149184.40
F01Q10007251|200305|149032.30|0|027|333|||||7.875|0.00||||||||||||||||||||149032.30
F01Q10007251|200306|0.00|0|028|332|||01|200306|7.875|0.00|||||||||||||||149032.30|||||0.00
F01Q10007303|200102|62000.00|0|000|360|||||7.750|0.00||||||||||||||||||||62000.00
F01Q10007303|200103|62000.00|0|001|359|||||7.750|0.00||||||||||||||||||||62000.00
F01Q10007303|200104|62000.00|0|002|358|||||7.750|0.00||||||||||||||||||||62000.00
F01Q10007303|200105|62000.00|0|003|357|||||7.750|0.00||||||||||||||||||||62000.00
F01Q10007303|200106|62000.00|0|004|356|||||7.750|0.00||||||||||||||||||||62000.00
F01Q10007303|200107|62000.00|0|005|355|||||7.750|0.00||||||||||||||||||||62000.00
F01Q10007303|200108|61000.00|0|006|354|||||7.750|0.00||||||||||||||||||||61000.00
F01Q10007303|200109|61438.99|0|007|353|||||7.750|0.00||||||||||||||||||||61438.99
F01Q10007303|200110|61393.40|0|008|352|||||7.750|0.00||||||||||||||||||||61393.40
F01Q10007303|200111|61347.52|0|009|351|||||7.750|0.00||||||||||||||||||||61347.52
F01Q10007303|200112|61301.34|0|010|350|||||7.750|0.00||||||||||||||||||||61301.34
F01Q10007303|200201|61254.86|0|011|349|||||7.750|0.00||||||||||||||||||||61254.86
F01Q10007303|200202|61208.08|0|012|348|||||7.750|0.00||||||||||||||||||||61208.08
F01Q10007303|200203|61161.00|0|013|347|||||7.750|0.00||||||||||||||||||||61161.00
F01Q10007303|200204|61113.62|0|014|346|||||7.750|0.00||||||||||||||||||||61113.62
F01Q10007303|200205|61113.62|0|015|345|||||7.750|0.00||||||||||||||||||||61113.62
F01Q10007303|200206|61065.93|0|016|344|||||7.750|0.00||||||||||||||||||||61065.93
F01Q10007303|200207|61017.93|0|017|343|||||7.750|0.00||||||||||||||||||||61017.93
F01Q10007303|200208|60898.75|0|018|342|||||7.750|0.00||||||||||||||||||||60898.75
F01Q10007303|200209|60849.67|0|019|341|||||7.750|0.00||||||||||||||||||||60849.67
F01Q10007303|200210|60849.67|0|020|340|||||7.750|0.00||||||||||||||||||||60849.67
F01Q10007303|200211|60800.28|0|021|339|||||7.750|0.00||||||||||||||||||||60800.28
F01Q10007303|200212|60750.57|0|022|338|||||7.750|0.00||||||||||||||||||||60750.57
F01Q10007303|200301|60700.54|0|023|337|||||7.750|0.00||||||||||||||||||||60700.54
F01Q10007303|200302|60599.50|0|024|336|||||7.750|0.00||||||||||||||||||||60599.50
F01Q10007303|200303|60599.50|0|025|335|||||7.750|0.00||||||||||||||||||||60599.50
F01Q10007303|200304|60548.49|1|026|334|||||7.750|0.00||||||||||||||||||||60548.49
F01Q10007303|200305|60497.15|1|027|333|||||7.750|0.00||||||||||||||||||||60497.15
F01Q10007303|200306|60445.48|1|028|332|||||7.750|0.00||||||||||||||||||||60445.48
F01Q10007303|200307|60393.48|0|029|331|||||7.750|0.00||||||||||||||||||||60393.48
F01Q10007303|200308|60288.46|0|030|330|||||7.750|0.00||||||||||||||||||||60288.46
F01Q10007303|200309|60235.44|0|031|329|||||7.750|0.00||||||||||||||||||||60235.44
F01Q10007303|200310|60182.08|0|032|328|||||7.750|0.00||||||||||||||||||||60182.08
F01Q10007303|200311|60128.38|0|033|327|||||7.750|0.00||||||||||||||||||||60128.38
F01Q10007303|200312|60074.33|0|034|326|||||7.750|0.00||||||||||||||||||||60074.33
F01Q10007303|200401|60019.93|0|035|325|||||7.750|0.00||||||||||||||||||||60019.93
F01Q10007303|200402|59965.18|0|036|324|||||7.750|0.00||||||||||||||||||||59965.18
F01Q10007303|200403|59910.08|0|037|323|||||7.750|0.00||||||||||||||||||||59910.08
F01Q10007303|200404|59910.08|0|038|322|||||7.750|0.00||||||||||||||||||||59910.08
F01Q10007303|200405|59798.80|0|039|321|||||7.750|0.00||||||||||||||||||||59798.80
F01Q10007303|200406|59742.62|0|040|320|||||7.750|0.00||||||||||||||||||||59742.62
F01Q10007303|200407|59742.62|0|041|319|||||7.750|0.00||||||||||||||||||||59742.62
F01Q10007303|200408|59686.08|0|042|318|||||7.750|0.00||||||||||||||||||||59686.08
F01Q10007303|200409|59629.17|0|043|317|||||7.750|0.00||||||||||||||||||||59629.17
F01Q10007303|200410|59571.90|0|044|316|||||7.750|0.00||||||||||||||||||||59571.90
F01Q10007303|200411|59514.26|0|045|315|||||7.750|0.00||||||||||||||||||||59514.26
F01Q10007303|200412|59456.24|0|046|314|||||7.750|0.00||||||||||||||||||||59456.24
F01Q10007303|200501|59339.08|0|047|313|||||7.750|0.00||||||||||||||||||||59339.08
F01Q10007303|200502|59339.08|0|048|312|||||7.750|0.00||||||||||||||||||||59339.08
F01Q10007303|200503|59279.93|0|049|311|||||7.750|0.00||||||||||||||||||||59279.93
F01Q10007303|200504|59160.49|0|050|310|||||7.750|0.00||||||||||||||||||||59160.49
F01Q10007303|200505|59100.19|0|051|309|||||7.750|0.00||||||||||||||||||||59100.19
F01Q10007303|200506|0.00|0|052|308|||01|200506|7.750|0.00|||||||||||||||59100.19|||||0.00
F01Q10007324|200102|49000.00|0|000|360|||||8.000|0.00||||||||||||||||||||49000.00
F01Q10007324|200103|49000.00|0|001|359|||||8.000|0.00||||||||||||||||||||49000.00
F01Q10007324|200104|49000.00|0|002|358|||||8.000|0.00||||||||||||||||||||49000.00
F01Q10007324|200105|49000.00|0|003|357|||||8.000|0.00||||||||||||||||||||49000.00
F01Q10007324|200106|49000.00|0|004|356|||||8.000|0.00||||||||||||||||||||49000.00
F01Q10007324|200107|49000.00|0|005|355|||||8.000|0.00||||||||||||||||||||49000.00
F01Q10007324|200108|49000.00|0|006|354|||||8.000|0.00||||||||||||||||||||49000.00
F01Q10007324|200109|48998.56|0|007|353|||||8.000|0.00||||||||||||||||||||48998.56
F01Q10007324|200110|48929.63|0|008|352|||||8.000|0.00||||||||||||||||||||48929.63
F01Q10007324|200111|48929.63|0|009|351|||||8.000|0.00||||||||||||||||||||48929.63
F01Q10007324|200112|48894.82|0|010|350|||||8.000|0.00||||||||||||||||||||48894.82
F01Q10007324|200201|48824.50|0|011|349|||||8.000|0.00||||||||||||||||||||48824.50
F01Q10007324|200202|48788.99|0|012|348|||||8.000|0.00||||||||||||||||||||48788.99
F01Q10007324|200203|48753.24|0|013|347|||||8.000|0.00||||||||||||||||||||48753.24
F01Q10007324|200204|0.00|0|014|346|||01|200204|8.000|0.00|||||||||||||||48753.24|||||0.00
F01Q10007408|200102|116000.00|0|000|360|||||7.250|0.00||||||||||||||||||||116000.00
F01Q10007408|200103|116000.00|0|001|359|||||7.250|0.00||||||||||||||||||||116000.00
F01Q10007408|200104|116000.00|0|002|358|||||7.250|0.00||||||||||||||||||||116000.00
F01Q10007408|200105|116000.00|0|003|357|||||7.250|0.00||||||||||||||||||||116000.00
F01Q10007408|200106|116000.00|0|004|356|||||7.250|0.00||||||||||||||||||||116000.00
F01Q10007408|200107|116000.00|0|005|355|||||7.250|0.00||||||||||||||||||||116000.00
F01Q10007408|200108|116000.00|0|006|354|||||7.250|0.00||||||||||||||||||||116000.00
F01Q10007408|200109|115703.03|0|007|353|||||7.250|0.00||||||||||||||||||||115703.03
F01Q10007408|200110|0.00|0|008|352|||01|200110|7.250|0.00|||||||||||||||115703.03|||||0.00
F01Q10007423|200102|137000.00|0|000|360|||||7.125|0.00||||||||||||||||||||137000.00
F01Q10007423|200103|137000.00|0|001|359|||||7.125|0.00||||||||||||||||||||137000.00
F01Q10007423|200104|136000.00|0|002|358|||||7.125|0.00||||||||||||||||||||136000.00
F01Q10007423|200105|136000.00|0|003|357|||||7.125|0.00||||||||||||||||||||136000.00
F01Q10007423|200106|136000.00|0|004|356|||||7.125|0.00||||||||||||||||||||136000.00
F01Q10007423|200107|135000.00|0|005|355|||||7.125|0.00||||||||||||||||||||135000.00
F01Q10007423|200108|135000.00|0|006|354|||||7.125|0.00||||||||||||||||||||135000.00
F01Q10007423|200109|134749.51|0|007|353|||||7.125|0.00||||||||||||||||||||134749.51
F01Q10007423|200110|0.00|0|008|352|||01|200110|7.125|0.00|||||||||||||||134749.51|||||0.00
F01Q10007494|200102|40000.00|0|000|240|||||6.875|0.00||||||||||||||||||||40000.00
F01Q10007494|200103|40000.00|0|001|239|||||6.875|0.00||||||||||||||||||||40000.00
F01Q10007494|200104|40000.00|0|002|238|||||6.875|0.00||||||||||||||||||||40000.00
F01Q10007494|200105|40000.00|0|003|237|||||6.875|0.00||||||||||||||||||||40000.00
F01Q10007494|200106|40000.00|0|004|236|||||6.875|0.00||||||||||||||||||||40000.00
F01Q10007494|200107|40000.00|0|005|235|||||6.875|0.00||||||||||||||||||||40000.00
F01Q10007494|200108|40000.00|0|006|234|||||6.875|0.00||||||||||||||||||||40000.00
F01Q10007494|200109|39437.53|0|007|233|||||6.875|0.00||||||||||||||||||||39437.53
F01Q10007494|200110|39356.34|0|008|232|||||6.875|0.00||||||||||||||||||||39356.34
F01Q10007494|200111|39274.69|0|009|231|||||6.875|0.00||||||||||||||||||||39274.69
F01Q10007494|200112|39192.57|0|010|230|||||6.875|0.00||||||||||||||||||||39192.57
F01Q10007494|200201|39109.98|0|011|229|||||6.875|0.00||||||||||||||||||||39109.98
F01Q10007494|200202|39026.92|0|012|228|||||6.875|0.00||||||||||||||||||||39026.92
F01Q10007494|200203|38943.38|0|013|227|||||6.875|0.00||||||||||||||||||||38943.38
F01Q10007494|200204|38859.36|0|014|226|||||6.875|0.00||||||||||||||||||||38859.36
F01Q10007494|200205|38774.86|0|015|225|||||6.875|0.00||||||||||||||||||||38774.86
F01Q10007494|200206|38689.88|0|016|224|||||6.875|0.00||||||||||||||||||||38689.88
F01Q10007494|200207|38604.41|0|017|223|||||6.875|0.00||||||||||||||||||||38604.41
F01Q10007494|200208|38518.45|0|018|222|||||6.875|0.00||||||||||||||||||||38518.45
F01Q10007494|200209|38432.00|0|019|221|||||6.875|0.00||||||||||||||||||||38432.00
F01Q10007494|200210|38345.05|0|020|220|||||6.875|0.00||||||||||||||||||||38345.05
F01Q10007494|200211|0.00|0|021|219|||01|200211|6.875|0.00|||||||||||||||38345.05|||||0.00
F01Q10007576|200102|45000.00|0|000|180|||||6.625|0.00||||||||||||||||||||45000.00
F01Q10007576|200103|44000.00|0|001|179|||||6.625|0.00||||||||||||||||||||44000.00
F01Q10007576|200104|44000.00|0|002|178|||||6.625|0.00||||||||||||||||||||44000.00
F01Q10007576|200105|43000.00|0|003|177|||||6.625|0.00||||||||||||||||||||43000.00
F01Q10007576|200106|43000.00|0|004|176|||||6.625|0.00||||||||||||||||||||43000.00
F01Q10007576|200107|42000.00|0|005|175|||||6.625|0.00||||||||||||||||||||42000.00
F01Q10007576|200108|42000.00|0|006|174|||||6.625|0.00||||||||||||||||||||42000.00
F01Q10007576|200109|41194.80|0|007|173|||||6.625|0.00||||||||||||||||||||41194.80
F01Q10007576|200110|40639.13|0|008|172|||||6.625|0.00||||||||||||||||||||40639.13
F01Q10007576|200111|40080.39|0|009|171|||||6.625|0.00||||||||||||||||||||40080.39
F01Q10007576|200112|39518.57|0|010|170|||||6.625|0.00||||||||||||||||||||39518.57
F01Q10007576|200201|38953.65|0|011|169|||||6.625|0.00||||||||||||||||||||38953.65
F01Q10007576|200202|38385.61|0|012|168|||||6.625|0.00||||||||||||||||||||38385.61
F01Q10007576|200203|37806.43|0|013|167|||||6.625|0.00||||||||||||||||||||37806.43
F01Q10007576|200204|37224.05|0|014|166|||||6.625|0.00||||||||||||||||||||37224.05
F01Q10007576|200205|36638.46|0|015|165|||||6.625|0.00||||||||||||||||||||36638.46
F01Q10007576|200206|36049.63|0|016|164|||||6.625|0.00||||||||||||||||||||36049.63
F01Q10007576|200207|35457.55|0|017|163|||||6.625|0.00||||||||||||||||||||35457.55
F01Q10007576|200208|34864.39|0|018|162|||||6.625|0.00||||||||||||||||||||34864.39
F01Q10007576|200209|34265.77|0|019|161|||||6.625|0.00||||||||||||||||||||34265.77
F01Q10007576|200210|33663.85|0|020|160|||||6.625|0.00||||||||||||||||||||33663.85
F01Q10007576|200211|33058.60|0|021|159|||||6.625|0.00||||||||||||||||||||33058.60
F01Q10007576|200212|32450.01|0|022|158|||||6.625|0.00||||||||||||||||||||32450.01
F01Q10007576|200301|31838.06|0|023|157|||||6.625|0.00||||||||||||||||||||31838.06
F01Q10007576|200302|31222.73|0|024|156|||||6.625|0.00||||||||||||||||||||31222.73
F01Q10007576|200303|30721.01|0|025|155|||||6.625|0.00||||||||||||||||||||30721.01
F01Q10007576|200304|30216.52|0|026|154|||||6.625|0.00||||||||||||||||||||30216.52
F01Q10007576|200305|29709.24|0|027|153|||||6.625|0.00||||||||||||||||||||29709.24
F01Q10007576|200306|29199.16|0|028|152|||||6.625|0.00||||||||||||||||||||29199.16
F01Q10007576|200307|28686.26|0|029|151|||||6.625|0.00||||||||||||||||||||28686.26
F01Q10007576|200308|28170.53|0|030|150|||||6.625|0.00||||||||||||||||||||28170.53
F01Q10007576|200309|27651.95|0|031|149|||||6.625|0.00||||||||||||||||||||27651.95
F01Q10007576|200310|27130.51|0|032|148|||||6.625|0.00||||||||||||||||||||27130.51
F01Q10007576|200311|26606.19|0|033|147|||||6.625|0.00||||||||||||||||||||26606.19
F01Q10007576|200312|26078.98|0|034|146|||||6.625|0.00||||||||||||||||||||26078.98
F01Q10007576|200401|25548.86|0|035|145|||||6.625|0.00||||||||||||||||||||25548.86
F01Q10007576|200402|25015.81|0|036|144|||||6.625|0.00||||||||||||||||||||25015.81
F01Q10007576|200403|24411.82|0|037|143|||||6.625|0.00||||||||||||||||||||24411.82
F01Q10007576|200404|23804.49|0|038|142|||||6.625|0.00||||||||||||||||||||23804.49
F01Q10007576|200405|23193.81|0|039|141|||||6.625|0.00||||||||||||||||||||23193.81
F01Q10007576|200406|22579.76|0|040|140|||||6.625|0.00||||||||||||||||||||22579.76
F01Q10007576|200407|21962.32|0|041|139|||||6.625|0.00||||||||||||||||||||21962.32
F01Q10007576|200408|21341.47|0|042|138|||||6.625|0.00||||||||||||||||||||21341.47
F01Q10007576|200409|20717.19|0|043|137|||||6.625|0.00||||||||||||||||||||20717.19
F01Q10007576|200410|20086.57|0|044|136|||||6.625|0.00||||||||||||||||||||20086.57
F01Q10007576|200411|19452.46|0|045|135|||||6.625|0.00||||||||||||||||||||19452.46
F01Q10007576|200412|18814.85|0|046|134|||||6.625|0.00||||||||||||||||||||18814.85
F01Q10007576|200501|18175.75|0|047|133|||||6.625|0.00||||||||||||||||||||18175.75
F01Q10007576|200502|17533.13|0|048|132|||||6.625|0.00||||||||||||||||||||17533.13
F01Q10007576|200503|16890.16|0|049|131|||||6.625|0.00||||||||||||||||||||16890.16
F01Q10007576|200504|16243.64|0|050|130|||||6.625|0.00||||||||||||||||||||16243.64
F01Q10007576|200505|15938.22|0|051|129|||||6.625|0.00||||||||||||||||||||15938.22
F01Q10007576|200506|15290.41|0|052|128|||||6.625|0.00||||||||||||||||||||15290.41
F01Q10007576|200507|14639.03|0|053|127|||||6.625|0.00||||||||||||||||||||14639.03
F01Q10007576|200508|13984.05|0|054|126|||||6.625|0.00||||||||||||||||||||13984.05
F01Q10007576|200509|13325.45|0|055|125|||||6.625|0.00||||||||||||||||||||13325.45
F01Q10007576|200510|12663.22|0|056|124|||||6.625|0.00||||||||||||||||||||12663.22
F01Q10007576|200511|11997.33|0|057|123|||||6.625|0.00||||||||||||||||||||11997.33
F01Q10007576|200512|11327.77|0|058|122|||||6.625|0.00||||||||||||||||||||11327.77
F01Q10007576|200601|10654.51|0|059|121|||||6.625|0.00||||||||||||||||||||10654.51
F01Q10007576|200602|9977.53|0|060|120|||||6.625|0.00||||||||||||||||||||9977.53
F01Q10007576|200603|9296.81|0|061|119|||||6.625|0.00||||||||||||||||||||9296.81
F01Q10007576|200604|8612.34|0|062|118|||||6.625|0.00||||||||||||||||||||8612.34
F01Q10007576|200605|7916.92|0|063|117|||||6.625|0.00||||||||||||||||||||7916.92
F01Q10007576|200606|7217.66|0|064|116|||||6.625|0.00||||||||||||||||||||7217.66
F01Q10007576|200607|6514.54|0|065|115|||||6.625|0.00||||||||||||||||||||6514.54
F01Q10007576|200608|5807.54|0|066|114|||||6.625|0.00||||||||||||||||||||5807.54
F01Q10007576|200609|5096.63|0|067|113|||||6.625|0.00||||||||||||||||||||5096.63
F01Q10007576|200610|4381.80|0|068|112|||||6.625|0.00||||||||||||||||||||4381.80
F01Q10007576|200611|3663.02|0|069|111|||||6.625|0.00||||||||||||||||||||3663.02
F01Q10007576|200612|2940.27|0|070|110|||||6.625|0.00||||||||||||||||||||2940.27
F01Q10007576|200701|2213.53|0|071|109|||||6.625|0.00||||||||||||||||||||2213.53
F01Q10007576|200702|1482.78|0|072|108|||||6.625|0.00||||||||||||||||||||1482.78
F01Q10007576|200703|0.00|0|073|107|||01|200703|6.625|0.00|||||||||||||||1482.78|||||0.00
F01Q10007581|200102|81000.00|0|000|360|||||7.375|0.00||||||||||||||||||||81000.00
F01Q10007581|200103|81000.00|0|001|359|||||7.375|0.00||||||||||||||||||||81000.00
F01Q10007581|200104|81000.00|0|002|358|||||7.375|0.00||||||||||||||||||||81000.00
F01Q10007581|200105|81000.00|0|003|357|||||7.375|0.00||||||||||||||||||||81000.00
F01Q10007581|200106|81000.00|0|004|356|||||7.375|0.00||||||||||||||||||||81000.00
F01Q10007581|200107|81000.00|0|005|355|||||7.375|0.00||||||||||||||||||||81000.00
F01Q10007581|200108|81000.00|0|006|354|||||7.375|0.00||||||||||||||||||||81000.00
F01Q10007581|200109|80823.53|0|007|353|||||7.375|0.00||||||||||||||||||||80823.53
F01Q10007581|200110|80694.93|0|008|352|||||7.375|0.00||||||||||||||||||||80694.93
F01Q10007581|200111|80630.04|0|009|351|||||7.375|0.00||||||||||||||||||||80630.04
F01Q10007581|200112|80630.04|0|010|350|||||7.375|0.00||||||||||||||||||||80630.04
F01Q10007581|200201|80499.06|0|011|349|||||7.375|0.00||||||||||||||||||||80499.06
F01Q10007581|200202|80499.06|0|012|348|||||7.375|0.00||||||||||||||||||||80499.06
F01Q10007581|200203|80366.46|0|013|347|||||7.375|0.00||||||||||||||||||||80366.46
F01Q10007581|200204|80299.55|0|014|346|||||7.375|0.00||||||||||||||||||||80299.55
F01Q10007581|200205|80232.23|0|015|345|||||7.375|0.00||||||||||||||||||||80232.23
F01Q10007581|200206|80232.23|0|016|344|||||7.375|0.00||||||||||||||||||||80232.23
F01Q10007581|200207|80096.34|0|017|343|||||7.375|0.00||||||||||||||||||||80096.34
F01Q10007581|200208|80027.77|0|018|342|||||7.375|0.00||||||||||||||||||||80027.77
F01Q10007581|200209|80027.77|0|019|341|||||7.375|0.00||||||||||||||||||||80027.77
F01Q10007581|200210|79958.78|0|020|340|||||7.375|0.00||||||||||||||||||||79958.78
F01Q10007581|200211|79819.52|0|021|339|||||7.375|0.00||||||||||||||||||||79819.52
F01Q10007581|200212|79819.52|0|022|338|||||7.375|0.00||||||||||||||||||||79819.52
F01Q10007581|200301|79749.25|0|023|337|||||7.375|0.00||||||||||||||||||||79749.25
F01Q10007581|200302|79607.41|0|024|336|||||7.375|0.00||||||||||||||||||||79607.41
F01Q10007581|200303|79607.41|0|025|335|||||7.375|0.00||||||||||||||||||||79607.41
F01Q10007581|200304|0.00|0|026|334|||01|200304|7.375|0.00|||||||||||||||79607.41|||||0.00
F01Q10007622|200102|274000.00|0|000|360|||||7.000|0.00||||||||||||||||||||274000.00
F01Q10007622|200103|274000.00|0|001|359|||||7.000|0.00||||||||||||||||||||274000.00
F01Q10007622|200104|274000.00|0|002|358|||||7.000|0.00||||||||||||||||||||274000.00
F01Q10007622|200105|274000.00|0|003|357|||||7.000|0.00||||||||||||||||||||274000.00
F01Q10007622|200106|273000.00|0|004|356|||||7.000|0.00||||||||||||||||||||273000.00
F01Q10007622|200107|273000.00|0|005|355|||||7.000|0.00||||||||||||||||||||273000.00
F01Q10007622|200108|273000.00|0|006|354|||||7.000|0.00||||||||||||||||||||273000.00
F01Q10007622|200109|272698.33|0|007|353|||||7.000|0.00||||||||||||||||||||272698.33
F01Q10007622|200110|272464.15|0|008|352|||||7.000|0.00||||||||||||||||||||272464.15
F01Q10007622|200111|272228.60|0|009|351|||||7.000|0.00||||||||||||||||||||272228.60
F01Q10007622|200112|271991.68|0|010|350|||||7.000|0.00||||||||||||||||||||271991.68
F01Q10007622|200201|271753.38|0|011|349|||||7.000|0.00||||||||||||||||||||271753.38
F01Q10007622|200202|271513.69|0|012|348|||||7.000|0.00||||||||||||||||||||271513.69
F01Q10007622|200203|271272.60|0|013|347|||||7.000|0.00||||||||||||||||||||271272.60
F01Q10007622|200204|271030.10|0|014|346|||||7.000|0.00||||||||||||||||||||271030.10
F01Q10007622|200205|270786.19|0|015|345|||||7.000|0.00||||||||||||||||||||270786.19
F01Q10007622|200206|270540.86|0|016|344|||||7.000|0.00||||||||||||||||||||270540.86
F01Q10007622|200207|270294.09|0|017|343|||||7.000|0.00||||||||||||||||||||270294.09
F01Q10007622|200208|270045.89|0|018|342|||||7.000|0.00||||||||||||||||||||270045.89
F01Q10007622|200209|269796.24|0|019|341|||||7.000|0.00||||||||||||||||||||269796.24
F01Q10007622|200210|269545.13|0|020|340|||||7.000|0.00||||||||||||||||||||269545.13
F01Q10007622|200211|269292.56|0|021|339|||||7.000|0.00||||||||||||||||||||269292.56
F01Q10007622|200212|269038.51|0|022|338|||||7.000|0.00||||||||||||||||||||269038.51
F01Q10007622|200301|268782.98|0|023|337|||||7.000|0.00||||||||||||||||||||268782.98
F01Q10007622|200302|268525.96|0|024|336|||||7.000|0.00||||||||||||||||||||268525.96
F01Q10007622|200303|268267.44|0|025|335|||||7.000|0.00||||||||||||||||||||268267.44
F01Q10007622|200304|268007.41|0|026|334|||||7.000|0.00||||||||||||||||||||268007.41
F01Q10007622|200305|0.00|0|027|333|||01|200305|7.000|0.00|||||||||||||||268007.41|||||0.00
F01Q10007651|200101|111000.00|0|000|360|||||7.500|0.00||||||||||||||||||||111000.00
F01Q10007651|200102|111000.00|0|001|359|||||7.500|0.00||||||||||||||||||||111000.00
F01Q10007651|200103|111000.00|0|002|358|||||7.500|0.00||||||||||||||||||||111000.00
F01Q10007651|200104|111000.00|0|003|357|||||7.500|0.00||||||||||||||||||||111000.00
F01Q10007651|200105|0.00|0|004|356|||01|200105|7.500|0.00|||||||||||||||110834.73|||||0.00
F01Q10007705|200102|126000.00|0|000|240|||||7.375|0.00||||||||||||||||||||126000.00
F01Q10007705|200103|126000.00|0|001|239|||||7.375|0.00||||||||||||||||||||126000.00
F01Q10007705|200104|126000.00|0|002|238|||||7.375|0.00||||||||||||||||||||126000.00
F01Q10007705|200105|125000.00|0|003|237|||||7.375|0.00||||||||||||||||||||125000.00
F01Q10007705|200106|125000.00|0|004|236|||||7.375|0.00||||||||||||||||||||125000.00
F01Q10007705|200107|125000.00|0|005|235|||||7.375|0.00||||||||||||||||||||125000.00
F01Q10007705|200108|125000.00|0|006|234|||||7.375|0.00||||||||||||||||||||125000.00
F01Q10007705|200109|124379.20|0|007|233|||||7.375|0.00||||||||||||||||||||124379.20
F01Q10007705|200110|0.00|0|008|232|||01|200110|7.375|0.00|||||||||||||||124379.20|||||0.00
F01Q10007782|200102|115000.00|0|000|180|||||6.375|0.00||||||||||||||||||||115000.00
F01Q10007782|200103|115000.00|0|001|179|||||6.375|0.00||||||||||||||||||||115000.00
F01Q10007782|200104|114000.00|0|002|178|||||6.375|0.00||||||||||||||||||||114000.00
F01Q10007782|200105|114000.00|0|003|177|||||6.375|0.00||||||||||||||||||||114000.00
F01Q10007782|200106|113000.00|0|004|176|||||6.375|0.00||||||||||||||||||||113000.00
F01Q10007782|200107|113000.00|0|005|175|||||6.375|0.00||||||||||||||||||||113000.00
F01Q10007782|200108|113000.00|0|006|174|||||6.375|0.00||||||||||||||||||||113000.00
F01Q10007782|200109|112276.23|0|007|173|||||6.375|0.00||||||||||||||||||||112276.23
F01Q10007782|200110|111878.81|0|008|172|||||6.375|0.00||||||||||||||||||||111878.81
F01Q10007782|200111|111479.28|0|009|171|||||6.375|0.00||||||||||||||||||||111479.28
F01Q10007782|200112|111077.62|0|010|170|||||6.375|0.00||||||||||||||||||||111077.62
F01Q10007782|200201|110673.83|0|011|169|||||6.375|0.00||||||||||||||||||||110673.83
F01Q10007782|200202|110267.89|0|012|168|||||6.375|0.00||||||||||||||||||||110267.89
F01Q10007782|200203|109859.80|0|013|167|||||6.375|0.00||||||||||||||||||||109859.80
F01Q10007782|200204|109449.54|0|014|166|||||6.375|0.00||||||||||||||||||||109449.54
F01Q10007782|200205|109037.10|0|015|165|||||6.375|0.00||||||||||||||||||||109037.10
F01Q10007782|200206|108622.47|0|016|164|||||6.375|0.00||||||||||||||||||||108622.47
F01Q10007782|200207|108205.64|0|017|163|||||6.375|0.00||||||||||||||||||||108205.64
F01Q10007782|200208|107786.59|0|018|162|||||6.375|0.00||||||||||||||||||||107786.59
F01Q10007782|200209|107365.32|0|019|161|||||6.375|0.00||||||||||||||||||||107365.32
F01Q10007782|200210|106941.81|0|020|160|||||6.375|0.00||||||||||||||||||||106941.81
F01Q10007782|200211|106516.05|0|021|159|||||6.375|0.00||||||||||||||||||||106516.05
F01Q10007782|200212|106088.03|0|022|158|||||6.375|0.00||||||||||||||||||||106088.03
F01Q10007782|200301|105657.73|0|023|157|||||6.375|0.00||||||||||||||||||||105657.73
F01Q10007782|200302|105225.15|0|024|156|||||6.375|0.00||||||||||||||||||||105225.15
F01Q10007782|200303|0.00|0|025|155|||01|200303|6.375|0.00|||||||||||||||105225.15|||||0.00
F01Q10007805|200103|147000.00|0|000|360|||||7.250|0.00||||||||||||||||||||147000.00
F01Q10007805|200104|147000.00|0|001|359|||||7.250|0.00||||||||||||||||||||147000.00
F01Q10007805|200105|147000.00|0|002|358|||||7.250|0.00||||||||||||||||||||147000.00
F01Q10007805|200106|147000.00|0|003|357|||||7.250|0.00||||||||||||||||||||147000.00
F01Q10007805|200107|147000.00|0|004|356|||||7.250|0.00||||||||||||||||||||147000.00
F01Q10007805|200108|147000.00|0|005|355|||||7.250|0.00||||||||||||||||||||147000.00
F01Q10007805|200109|147000.00|0|006|354|||||7.250|0.00||||||||||||||||||||147000.00
F01Q10007805|200110|146428.69|0|007|353|||||7.250|0.00||||||||||||||||||||146428.69
F01Q10007805|200111|146308.86|0|008|352|||||7.250|0.00||||||||||||||||||||146308.86
F01Q10007805|200112|146188.31|0|009|351|||||7.250|0.00||||||||||||||||||||146188.31
F01Q10007805|200201|146067.03|0|010|350|||||7.250|0.00||||||||||||||||||||146067.03
F01Q10007805|200202|145945.02|0|011|349|||||7.250|0.00||||||||||||||||||||145945.02
F01Q10007805|200203|145822.27|0|012|348|||||7.250|0.00||||||||||||||||||||145822.27
F01Q10007805|200204|145698.78|0|013|347|||||7.250|0.00||||||||||||||||||||145698.78
F01Q10007805|200205|145574.54|0|014|346|||||7.250|0.00||||||||||||||||||||145574.54
F01Q10007805|200206|145449.55|0|015|345|||||7.250|0.00||||||||||||||||||||145449.55
F01Q10007805|200207|145323.81|0|016|344|||||7.250|0.00||||||||||||||||||||145323.81
F01Q10007805|200208|145197.31|0|017|343|||||7.250|0.00||||||||||||||||||||145197.31
F01Q10007805|200209|145070.04|0|018|342|||||7.250|0.00||||||||||||||||||||145070.04
F01Q10007805|200210|144942.00|0|019|341|||||7.250|0.00||||||||||||||||||||144942.00
F01Q10007805|200211|144813.19|0|020|340|||||7.250|0.00||||||||||||||||||||144813.19
F01Q10007805|200212|144683.60|0|021|339|||||7.250|0.00||||||||||||||||||||144683.60
F01Q10007805|200301|144553.23|0|022|338|||||7.250|0.00||||||||||||||||||||144553.23
F01Q10007805|200302|144422.07|0|023|337|||||7.250|0.00||||||||||||||||||||144422.07
F01Q10007805|200303|144290.12|0|024|336|||||7.250|0.00||||||||||||||||||||144290.12
F01Q10007805|200304|144157.37|0|025|335|||||7.250|0.00||||||||||||||||||||144157.37
F01Q10007805|200305|0.00|0|026|334|||01|200305|7.250|0.00|||||||||||||||144157.37|||||0.00
F01Q10007842|200102|61000.00|0|000|360|||||7.875|0.00||||||||||||||||||||61000.00
F01Q10007842|200103|61000.00|0|001|359|||||7.875|0.00||||||||||||||||||||61000.00
F01Q10007842|200104|61000.00|0|002|358|||||7.875|0.00||||||||||||||||||||61000.00
F01Q10007842|200105|61000.00|0|003|357|||||7.875|0.00||||||||||||||||||||61000.00
F01Q10007842|200106|61000.00|0|004|356|||||7.875|0.00||||||||||||||||||||61000.00
F01Q10007842|200107|61000.00|0|005|355|||||7.875|0.00||||||||||||||||||||61000.00
F01Q10007842|200108|61000.00|0|006|354|||||7.875|0.00||||||||||||||||||||61000.00
F01Q10007842|200109|60700.24|0|007|353|||||7.875|0.00||||||||||||||||||||60700.24
F01Q10007842|200110|60656.29|0|008|352|||||7.875|0.00||||||||||||||||||||60656.29
F01Q10007842|200111|60612.05|0|009|351|||||7.875|0.00||||||||||||||||||||60612.05
F01Q10007842|200112|0.00|0|010|350|||01|200112|7.875|0.00|||||||||||||||60612.05|||||0.00
F01Q10007843|200102|62000.00|0|000|360|||||7.875|0.00||||||||||||||||||||62000.00
F01Q10007843|200103|61000.00|0|001|359|||||7.875|0.00||||||||||||||||||||61000.00
F01Q10007843|200104|61000.00|0|002|358|||||7.875|0.00||||||||||||||||||||61000.00
F01Q10007843|200105|61000.00|0|003|357|||||7.875|0.00||||||||||||||||||||61000.00
F01Q10007843|200106|61000.00|0|004|356|||||7.875|0.00||||||||||||||||||||61000.00
F01Q10007843|200107|61000.00|0|005|355|||||7.875|0.00||||||||||||||||||||61000.00
F01Q10007843|200108|61000.00|0|006|354|||||7.875|0.00||||||||||||||||||||61000.00
F01Q10007843|200109|61197.82|0|007|353|||||7.875|0.00||||||||||||||||||||61197.82
F01Q10007843|200110|61153.51|0|008|352|||||7.875|0.00||||||||||||||||||||61153.51
F01Q10007843|200111|61108.91|0|009|351|||||7.875|0.00||||||||||||||||||||61108.91
F01Q10007843|200112|0.00|0|010|350|||01|200112|7.875|0.00|||||||||||||||61108.91|||||0.00
F01Q10007850|200103|125000.00|0|000|360|||||7.500|0.00||||||||||||||||||||125000.00
F01Q10007850|200104|125000.00|0|001|359|||||7.500|0.00||||||||||||||||||||125000.00
F01Q10007850|200105|125000.00|0|002|358|||||7.500|0.00||||||||||||||||||||125000.00
F01Q10007850|200106|125000.00|0|003|357|||||7.500|0.00||||||||||||||||||||125000.00
F01Q10007850|200107|125000.00|0|004|356|||||7.500|0.00||||||||||||||||||||125000.00
F01Q10007850|200108|125000.00|0|005|355|||||7.500|0.00||||||||||||||||||||125000.00
F01Q10007850|200109|125000.00|0|006|354|||||7.500|0.00||||||||||||||||||||125000.00
F01Q10007850|200110|124736.24|0|007|353|||||7.500|0.00||||||||||||||||||||124736.24
F01Q10007850|200111|124639.03|0|008|352|||||7.500|0.00||||||||||||||||||||124639.03
F01Q10007850|200112|124541.21|0|009|351|||||7.500|0.00||||||||||||||||||||124541.21
F01Q10007850|200201|124442.78|0|010|350|||||7.500|0.00||||||||||||||||||||124442.78
F01Q10007850|200202|124343.74|0|011|349|||||7.500|0.00||||||||||||||||||||124343.74
F01Q10007850|200203|124244.08|0|012|348|||||7.500|0.00||||||||||||||||||||124244.08
F01Q10007850|200204|124143.80|0|013|347|||||7.500|0.00||||||||||||||||||||124143.80
F01Q10007850|200205|124042.89|0|014|346|||||7.500|0.00||||||||||||||||||||124042.89
F01Q10007850|200206|123941.35|0|015|345|||||7.500|0.00||||||||||||||||||||123941.35
F01Q10007850|200207|123839.17|0|016|344|||||7.500|0.00||||||||||||||||||||123839.17
F01Q10007850|200208|123736.35|0|017|343|||||7.500|0.00||||||||||||||||||||123736.35
F01Q10007850|200209|123632.89|0|018|342|||||7.500|0.00||||||||||||||||||||123632.89
F01Q10007850|200210|0.00|0|019|341|||01|200210|7.500|0.00|||||||||||||||123632.89|||||0.00
F01Q10007873|200102|51000.00|0|000|360|||||8.000|0.00||||||||||||||||||||51000.00
F01Q10007873|200103|51000.00|0|001|359|||||8.000|0.00||||||||||||||||||||51000.00
F01Q10007873|200104|51000.00|0|002|358|||||8.000|0.00||||||||||||||||||||51000.00
F01Q10007873|200105|51000.00|0|003|357|||||8.000|0.00||||||||||||||||||||51000.00
F01Q10007873|200106|51000.00|0|004|356|||||8.000|0.00||||||||||||||||||||51000.00
F01Q10007873|200107|51000.00|0|005|355|||||8.000|0.00||||||||||||||||||||51000.00
F01Q10007873|200108|51000.00|0|006|354|||||8.000|0.00||||||||||||||||||||51000.00
F01Q10007873|200109|51103.92|0|007|353|||||8.000|0.00||||||||||||||||||||51103.92
F01Q10007873|200110|51067.82|0|008|352|||||8.000|0.00||||||||||||||||||||51067.82
F01Q10007873|200111|51031.48|0|009|351|||||8.000|0.00||||||||||||||||||||51031.48
F01Q10007873|200112|50994.90|0|010|350|||||8.000|0.00||||||||||||||||||||50994.90
F01Q10007873|200201|50958.08|0|011|349|||||8.000|0.00||||||||||||||||||||50958.08
F01Q10007873|200202|50921.01|0|012|348|||||8.000|0.00||||||||||||||||||||50921.01
F01Q10007873|200203|50883.69|0|013|347|||||8.000|0.00||||||||||||||||||||50883.69
F01Q10007873|200204|50846.12|0|014|346|||||8.000|0.00||||||||||||||||||||50846.12
F01Q10007873|200205|50808.30|0|015|345|||||8.000|0.00||||||||||||||||||||50808.30
F01Q10007873|200206|50770.23|0|016|344|||||8.000|0.00||||||||||||||||||||50770.23
F01Q10007873|200207|50731.91|0|017|343|||||8.000|0.00||||||||||||||||||||50731.91
F01Q10007873|200208|50693.33|0|018|342|||||8.000|0.00||||||||||||||||||||50693.33
F01Q10007873|200209|50654.50|0|019|341|||||8.000|0.00||||||||||||||||||||50654.50
F01Q10007873|200210|50615.41|0|020|340|||||8.000|0.00||||||||||||||||||||50615.41
F01Q10007873|200211|50576.06|0|021|339|||||8.000|0.00||||||||||||||||||||50576.06
F01Q10007873|200212|50536.44|0|022|338|||||8.000|0.00||||||||||||||||||||50536.44
F01Q10007873|200301|50496.56|0|023|337|||||8.000|0.00||||||||||||||||||||50496.56
F01Q10007873|200302|50456.41|0|024|336|||||8.000|0.00||||||||||||||||||||50456.41
F01Q10007873|200303|50416.00|0|025|335|||||8.000|0.00||||||||||||||||||||50416.00
F01Q10007873|200304|50375.32|0|026|334|||||8.000|0.00||||||||||||||||||||50375.32
F01Q10007873|200305|50334.37|0|027|333|||||8.000|0.00||||||||||||||||||||50334.37
F01Q10007873|200306|50293.14|0|028|332|||||8.000|0.00||||||||||||||||||||50293.14
F01Q10007873|200307|50251.64|0|029|331|||||8.000|0.00||||||||||||||||||||50251.64
F01Q10007873|200308|50209.86|0|030|330|||||8.000|0.00||||||||||||||||||||50209.86
F01Q10007873|200309|50167.80|0|031|329|||||8.000|0.00||||||||||||||||||||50167.80
F01Q10007873|200310|50125.46|0|032|328|||||8.000|0.00||||||||||||||||||||50125.46
F01Q10007873|200311|50082.84|0|033|327|||||8.000|0.00||||||||||||||||||||50082.84
F01Q10007873|200312|50039.94|0|034|326|||||8.000|0.00||||||||||||||||||||50039.94
F01Q10007873|200401|49996.75|0|035|325|||||8.000|0.00||||||||||||||||||||49996.75
F01Q10007873|200402|49953.27|0|036|324|||||8.000|0.00||||||||||||||||||||49953.27
F01Q10007873|200403|49909.50|0|037|323|||||8.000|0.00||||||||||||||||||||49909.50
F01Q10007873|200404|49865.44|0|038|322|||||8.000|0.00||||||||||||||||||||49865.44
F01Q10007873|200405|49821.09|0|039|321|||||8.000|0.00||||||||||||||||||||49821.09
F01Q10007873|200406|49776.44|0|040|320|||||8.000|0.00||||||||||||||||||||49776.44
F01Q10007873|200407|49731.49|0|041|319|||||8.000|0.00||||||||||||||||||||49731.49
F01Q10007873|200408|49686.24|0|042|318|||||8.000|0.00||||||||||||||||||||49686.24
F01Q10007873|200409|49640.69|0|043|317|||||8.000|0.00||||||||||||||||||||49640.69
F01Q10007873|200410|49594.84|0|044|316|||||8.000|0.00||||||||||||||||||||49594.84
F01Q10007873|200411|49548.68|0|045|315|||||8.000|0.00||||||||||||||||||||49548.68
F01Q10007873|200412|49502.21|0|046|314|||||8.000|0.00||||||||||||||||||||49502.21
F01Q10007873|200501|0.00|0|047|313|||01|200501|8.000|0.00|||||||||||||||49502.21|||||0.00
F01Q10007875|200103|165000.00|0|000|360|||||7.500|0.00||||||||||||||||||||165000.00
F01Q10007875|200104|165000.00|0|001|359|||||7.500|0.00||||||||||||||||||||165000.00
F01Q10007875|200105|165000.00|0|002|358|||||7.500|0.00||||||||||||||||||||165000.00
F01Q10007875|200106|165000.00|0|003|357|||||7.500|0.00||||||||||||||||||||165000.00
F01Q10007875|200107|165000.00|0|004|356|||||7.500|0.00||||||||||||||||||||165000.00
F01Q10007875|200108|164000.00|0|005|355|||||7.500|0.00||||||||||||||||||||164000.00
F01Q10007875|200109|0.00|0|006|354|||01|200109|7.500|0.00|||||||||||||||164380.05|||||0.00
F01Q10007884|200102|110000.00|0|000|360|||||6.750|0.00||||||||||||||||||||110000.00
F01Q10007884|200103|110000.00|0|001|359|||||6.750|0.00||||||||||||||||||||110000.00
F01Q10007884|200104|110000.00|0|002|358|||||6.750|0.00||||||||||||||||||||110000.00
F01Q10007884|200105|110000.00|0|003|357|||||6.750|0.00||||||||||||||||||||110000.00
F01Q10007884|200106|110000.00|0|004|356|||||6.750|0.00||||||||||||||||||||110000.00
F01Q10007884|200107|109000.00|0|005|355|||||6.750|0.00||||||||||||||||||||109000.00
F01Q10007884|200108|109000.00|0|006|354|||||6.750|0.00||||||||||||||||||||109000.00
F01Q10007884|200109|109226.37|0|007|353|||||6.750|0.00||||||||||||||||||||109226.37
F01Q10007884|200110|109127.96|0|008|352|||||6.750|0.00||||||||||||||||||||109127.96
F01Q10007884|200111|109028.99|0|009|351|||||6.750|0.00||||||||||||||||||||109028.99
F01Q10007884|200112|108929.47|0|010|350|||||6.750|0.00||||||||||||||||||||108929.47
F01Q10007884|200201|108829.39|0|011|349|||||6.750|0.00||||||||||||||||||||108829.39
F01Q10007884|200202|108728.75|0|012|348|||||6.750|0.00||||||||||||||||||||108728.75
F01Q10007884|200203|108627.54|0|013|347|||||6.750|0.00||||||||||||||||||||108627.54
F01Q10007884|200204|108525.76|0|014|346|||||6.750|0.00||||||||||||||||||||108525.76
F01Q10007884|200205|108423.41|0|015|345|||||6.750|0.00||||||||||||||||||||108423.41
F01Q10007884|200206|108320.48|0|016|344|||||6.750|0.00||||||||||||||||||||108320.48
F01Q10007884|200207|108216.97|0|017|343|||||6.750|0.00||||||||||||||||||||108216.97
F01Q10007884|200208|108112.88|0|018|342|||||6.750|0.00||||||||||||||||||||108112.88
F01Q10007884|200209|108008.20|0|019|341|||||6.750|0.00||||||||||||||||||||108008.20
F01Q10007884|200210|107902.94|0|020|340|||||6.750|0.00||||||||||||||||||||107902.94
F01Q10007884|200211|107797.08|0|021|339|||||6.750|0.00||||||||||||||||||||107797.08
F01Q10007884|200212|107690.63|0|022|338|||||6.750|0.00||||||||||||||||||||107690.63
F01Q10007884|200301|107583.58|0|023|337|||||6.750|0.00||||||||||||||||||||107583.58
F01Q10007884|200302|107475.93|0|024|336|||||6.750|0.00||||||||||||||||||||107475.93
F01Q10007884|200303|107475.93|0|025|335|||||6.750|0.00||||||||||||||||||||107475.93
F01Q10007884|200304|0.00|0|026|334|||01|200304|6.750|0.00|||||||||||||||107475.93|||||0.00
F01Q10007907|200103|106000.00|0|000|180|||||7.250|0.00||||||||||||||||||||106000.00
F01Q10007907|200104|106000.00|0|001|179|||||7.250|0.00||||||||||||||||||||106000.00
F01Q10007907|200105|105000.00|0|002|178|||||7.250|0.00||||||||||||||||||||105000.00
F01Q10007907|200106|105000.00|0|003|177|||||7.250|0.00||||||||||||||||||||105000.00
F01Q10007907|200107|104000.00|0|004|176|||||7.250|0.00||||||||||||||||||||104000.00
F01Q10007907|200108|104000.00|0|005|175|||||7.250|0.00||||||||||||||||||||104000.00
F01Q10007907|200109|103000.00|0|006|174|||||7.250|0.00||||||||||||||||||||103000.00
F01Q10007907|200110|102857.19|0|007|173|||||7.250|0.00||||||||||||||||||||102857.19
F01Q10007907|200111|102378.62|0|008|172|||||7.250|0.00||||||||||||||||||||102378.62
F01Q10007907|200112|101897.16|0|009|171|||||7.250|0.00||||||||||||||||||||101897.16
F01Q10007907|200201|101412.79|0|010|170|||||7.250|0.00||||||||||||||||||||101412.79
F01Q10007907|200202|100925.49|0|011|169|||||7.250|0.00||||||||||||||||||||100925.49
F01Q10007907|200203|100435.25|0|012|168|||||7.250|0.00||||||||||||||||||||100435.25
F01Q10007907|200204|99942.05|0|013|167|||||7.250|0.00||||||||||||||||||||99942.05
F01Q10007907|200205|99312.70|0|014|166|||||7.250|0.00||||||||||||||||||||99312.70
F01Q10007907|200206|98812.71|0|015|165|||||7.250|0.00||||||||||||||||||||98812.71
F01Q10007907|200207|98309.70|0|016|164|||||7.250|0.00||||||||||||||||||||98309.70
F01Q10007907|200208|97803.65|0|017|163|||||7.250|0.00||||||||||||||||||||97803.65
F01Q10007907|200209|97194.55|0|018|162|||||7.250|0.00||||||||||||||||||||97194.55
F01Q10007907|200210|96581.77|0|019|161|||||7.250|0.00||||||||||||||||||||96581.77
F01Q10007907|200211|95965.28|0|020|160|||||7.250|0.00||||||||||||||||||||95965.28
F01Q10007907|200212|95345.07|0|021|159|||||7.250|0.00||||||||||||||||||||95345.07
F01Q10007907|200301|94421.11|0|022|158|||||7.250|0.00||||||||||||||||||||94421.11
F01Q10007907|200302|93491.57|0|023|157|||||7.250|0.00||||||||||||||||||||93491.57
F01Q10007907|200303|92556.41|0|024|156|||||7.250|0.00||||||||||||||||||||92556.41
F01Q10007907|200304|91615.60|0|025|155|||||7.250|0.00||||||||||||||||||||91615.60
F01Q10007907|200305|90669.11|0|026|154|||||7.250|0.00||||||||||||||||||||90669.11
F01Q10007907|200306|88716.90|0|027|153|||||7.250|0.00||||||||||||||||||||88716.90
F01Q10007907|200307|87752.90|0|028|152|||||7.250|0.00||||||||||||||||||||87752.90
F01Q10007907|200308|86783.07|0|029|151|||||7.250|0.00||||||||||||||||||||86783.07
F01Q10007907|200309|85807.38|0|030|150|||||7.250|0.00||||||||||||||||||||85807.38
F01Q10007907|200310|84825.80|0|031|149|||||7.250|0.00||||||||||||||||||||84825.80
F01Q10007907|200311|83838.29|0|032|148|||||7.250|0.00||||||||||||||||||||83838.29
F01Q10007907|200312|82844.81|0|033|147|||||7.250|0.00||||||||||||||||||||82844.81
F01Q10007907|200401|81845.33|0|034|146|||||7.250|0.00||||||||||||||||||||81845.33
F01Q10007907|200402|80839.81|0|035|145|||||7.250|0.00||||||||||||||||||||80839.81
F01Q10007907|200403|79828.22|0|036|144|||||7.250|0.00||||||||||||||||||||79828.22
F01Q10007907|200404|78810.52|0|037|143|||||7.250|0.00||||||||||||||||||||78810.52
F01Q10007907|200405|77786.67|0|038|142|||||7.250|0.00||||||||||||||||||||77786.67
F01Q10007907|200406|76756.63|0|039|141|||||7.250|0.00||||||||||||||||||||76756.63
F01Q10007907|200407|75720.37|0|040|140|||||7.250|0.00||||||||||||||||||||75720.37
F01Q10007907|200408|74677.85|0|041|139|||||7.250|0.00||||||||||||||||||||74677.85
F01Q10007907|200409|73629.03|0|042|138|||||7.250|0.00||||||||||||||||||||73629.03
F01Q10007907|200410|72573.87|0|043|137|||||7.250|0.00||||||||||||||||||||72573.87
F01Q10007907|200411|71512.34|0|044|136|||||7.250|0.00||||||||||||||||||||71512.34
F01Q10007907|200412|70444.39|0|045|135|||||7.250|0.00||||||||||||||||||||70444.39
F01Q10007907|200501|69369.99|0|046|134|||||7.250|0.00||||||||||||||||||||69369.99
F01Q10007907|200502|68289.10|0|047|133|||||7.250|0.00||||||||||||||||||||68289.10
F01Q10007907|200503|67201.68|0|048|132|||||7.250|0.00||||||||||||||||||||67201.68
F01Q10007907|200504|66107.69|0|049|131|||||7.250|0.00||||||||||||||||||||66107.69
F01Q10007907|200505|65007.09|0|050|130|||||7.250|0.00||||||||||||||||||||65007.09
F01Q10007907|200506|63899.84|0|051|129|||||7.250|0.00||||||||||||||||||||63899.84
F01Q10007907|200507|62785.90|0|052|128|||||7.250|0.00||||||||||||||||||||62785.90
F01Q10007907|200508|61665.23|0|053|127|||||7.250|0.00||||||||||||||||||||61665.23
F01Q10007907|200509|60537.79|0|054|126|||||7.250|0.00||||||||||||||||||||60537.79
F01Q10007907|200510|59403.54|0|055|125|||||7.250|0.00||||||||||||||||||||59403.54
F01Q10007907|200511|58262.44|0|056|124|||||7.250|0.00||||||||||||||||||||58262.44
F01Q10007907|200512|57114.44|0|057|123|||||7.250|0.00||||||||||||||||||||57114.44
F01Q10007907|200601|56459.51|0|058|122|||||7.250|0.00||||||||||||||||||||56459.51
F01Q10007907|200602|55800.62|0|059|121|||||7.250|0.00||||||||||||||||||||55800.62
F01Q10007907|200603|0.00|0|060|120|||01|200603|7.250|0.00|||||||||||||||55800.62|||||0.00
F01Q10007923|200102|56000.00|0|000|240|||||7.250|0.00||||||||||||||||||||56000.00
F01Q10007923|200103|55000.00|0|001|239|||||7.250|0.00||||||||||||||||||||55000.00
F01Q10007923|200104|55000.00|0|002|238|||||7.250|0.00||||||||||||||||||||55000.00
F01Q10007923|200105|55000.00|0|003|237|||||7.250|0.00||||||||||||||||||||55000.00
F01Q10007923|200106|55000.00|0|004|236|||||7.250|0.00||||||||||||||||||||55000.00
F01Q10007923|200107|55000.00|0|005|235|||||7.250|0.00||||||||||||||||||||55000.00
F01Q10007923|200108|55000.00|0|006|234|||||7.250|0.00||||||||||||||||||||55000.00
F01Q10007923|200109|54763.48|0|007|233|||||7.250|0.00||||||||||||||||||||54763.48
F01Q10007923|200110|54655.68|0|008|232|||||7.250|0.00||||||||||||||||||||54655.68
F01Q10007923|200111|54547.23|0|009|231|||||7.250|0.00||||||||||||||||||||54547.23
F01Q10007923|200112|54438.13|0|010|230|||||7.250|0.00||||||||||||||||||||54438.13
F01Q10007923|200201|54328.37|0|011|229|||||7.250|0.00||||||||||||||||||||54328.37
F01Q10007923|200202|54217.94|0|012|228|||||7.250|0.00||||||||||||||||||||54217.94
F01Q10007923|200203|54106.85|0|013|227|||||7.250|0.00||||||||||||||||||||54106.85
F01Q10007923|200204|53995.09|0|014|226|||||7.250|0.00||||||||||||||||||||53995.09
F01Q10007923|200205|53882.65|0|015|225|||||7.250|0.00||||||||||||||||||||53882.65
F01Q10007923|200206|53769.53|0|016|224|||||7.250|0.00||||||||||||||||||||53769.53
F01Q10007923|200207|53655.73|0|017|223|||||7.250|0.00||||||||||||||||||||53655.73
F01Q10007923|200208|53541.24|0|018|222|||||7.250|0.00||||||||||||||||||||53541.24
F01Q10007923|200209|53426.06|0|019|221|||||7.250|0.00||||||||||||||||||||53426.06
F01Q10007923|200210|53310.18|0|020|220|||||7.250|0.00||||||||||||||||||||53310.18
F01Q10007923|200211|53193.60|0|021|219|||||7.250|0.00||||||||||||||||||||53193.60
F01Q10007923|200212|53076.32|0|022|218|||||7.250|0.00||||||||||||||||||||53076.32
F01Q10007923|200301|52958.33|0|023|217|||||7.250|0.00||||||||||||||||||||52958.33
F01Q10007923|200302|52839.63|0|024|216|||||7.250|0.00||||||||||||||||||||52839.63
F01Q10007923|200303|0.00|0|025|215|||01|200303|7.250|0.00|||||||||||||||52839.63|||||0.00
F01Q10007951|200106|68000.00|0|002|178|||||6.375|0.00||||||||||||||||||||68000.00
F01Q10007951|200107|68000.00|0|003|177|||||6.375|0.00||||||||||||||||||||68000.00
F01Q10007951|200108|68000.00|0|004|176|||||6.375|0.00||||||||||||||||||||68000.00
F01Q10007951|200109|67000.00|0|005|175|||||6.375|0.00||||||||||||||||||||67000.00
F01Q10007951|200110|67000.00|0|006|174|||||6.375|0.00||||||||||||||||||||67000.00
F01Q10007951|200111|66975.18|0|007|173|||||6.375|0.00||||||||||||||||||||66975.18
F01Q10007951|200112|66738.11|0|008|172|||||6.375|0.00||||||||||||||||||||66738.11
F01Q10007951|200201|66499.78|0|009|171|||||6.375|0.00||||||||||||||||||||66499.78
F01Q10007951|200202|66260.18|0|010|170|||||6.375|0.00||||||||||||||||||||66260.18
F01Q10007951|200203|66019.31|0|011|169|||||6.375|0.00||||||||||||||||||||66019.31
F01Q10007951|200204|65777.16|0|012|168|||||6.375|0.00||||||||||||||||||||65777.16
F01Q10007951|200205|65533.72|0|013|167|||||6.375|0.00||||||||||||||||||||65533.72
F01Q10007951|200206|65288.99|0|014|166|||||6.375|0.00||||||||||||||||||||65288.99
F01Q10007951|200207|65042.96|0|015|165|||||6.375|0.00||||||||||||||||||||65042.96
F01Q10007951|200208|64795.62|0|016|164|||||6.375|0.00||||||||||||||||||||64795.62
F01Q10007951|200209|64546.97|0|017|163|||||6.375|0.00||||||||||||||||||||64546.97
F01Q10007951|200210|64546.97|0|018|162|||||6.375|0.00||||||||||||||||||||64546.97
F01Q10007951|200211|64045.70|0|019|161|||||6.375|0.00||||||||||||||||||||64045.70
F01Q10007951|200212|63793.06|0|020|160|||||6.375|0.00||||||||||||||||||||63793.06
F01Q10007951|200301|63539.08|0|021|159|||||6.375|0.00||||||||||||||||||||63539.08
F01Q10007951|200302|63283.75|0|022|158|||||6.375|0.00||||||||||||||||||||63283.75
F01Q10007951|200303|63027.06|0|023|157|||||6.375|0.00||||||||||||||||||||63027.06
F01Q10007951|200304|62769.01|0|024|156|||||6.375|0.00||||||||||||||||||||62769.01
F01Q10007951|200305|62509.59|0|025|155|||||6.375|0.00||||||||||||||||||||62509.59
F01Q10007951|200306|62248.79|0|026|154|||||6.375|0.00||||||||||||||||||||62248.79
F01Q10007951|200307|61986.61|0|027|153|||||6.375|0.00||||||||||||||||||||61986.61
F01Q10007951|200308|61723.03|0|028|152|||||6.375|0.00||||||||||||||||||||61723.03
F01Q10007951|200309|61458.05|0|029|151|||||6.375|0.00||||||||||||||||||||61458.05
F01Q10007951|200310|61191.67|0|030|150|||||6.375|0.00||||||||||||||||||||61191.67
F01Q10007951|200311|61191.67|1|031|149|||||6.375|0.00||||||||||||||||||||61191.67
F01Q10007951|200312|60923.87|1|032|148|||||6.375|0.00||||||||||||||||||||60923.87
F01Q10007951|200401|60384.00|0|033|147|||||6.375|0.00||||||||||||||||||||60384.00
F01Q10007951|200402|60111.91|0|034|146|||||6.375|0.00||||||||||||||||||||60111.91
F01Q10007951|200403|59838.37|0|035|145|||||6.375|0.00||||||||||||||||||||59838.37
F01Q10007951|200404|59563.38|0|036|144|||||6.375|0.00||||||||||||||||||||59563.38
F01Q10007951|200405|59286.93|0|037|143|||||6.375|0.00||||||||||||||||||||59286.93
F01Q10007951|200406|59009.01|0|038|142|||||6.375|0.00||||||||||||||||||||59009.01
F01Q10007951|200407|0.00|0|039|141|||01|200407|6.375|0.00|||||||||||||||59009.01|||||0.00
F01Q10007972|200105|204000.00|0|003|357|||||7.625|0.00||||||||||||||||||||204000.00
F01Q10007972|200106|204000.00|0|004|356|||||7.625|0.00||||||||||||||||||||204000.00
F01Q10007972|200107|204000.00|0|005|355|||||7.625|0.00||||||||||||||||||||204000.00
F01Q10007972|200108|204000.00|0|006|354|||||7.625|0.00||||||||||||||||||||204000.00
F01Q10007972|200109|203607.15|0|007|353|||||7.625|0.00||||||||||||||||||||203607.15
F01Q10007972|200110|203449.92|0|008|352|||||7.625|0.00||||||||||||||||||||203449.92
F01Q10007972|200111|203132.46|0|009|351|||||7.625|0.00||||||||||||||||||||203132.46
F01Q10007972|200112|203132.46|0|010|350|||||7.625|0.00||||||||||||||||||||203132.46
F01Q10007972|200201|202810.96|0|011|349|||||7.625|0.00||||||||||||||||||||202810.96
F01Q10007972|200202|202810.96|0|012|348|||||7.625|0.00||||||||||||||||||||202810.96
F01Q10007972|200203|202648.67|0|013|347|||||7.625|0.00||||||||||||||||||||202648.67
F01Q10007972|200204|202485.35|0|014|346|||||7.625|0.00||||||||||||||||||||202485.35
F01Q10007972|200205|202155.60|0|015|345|||||7.625|0.00||||||||||||||||||||202155.60
F01Q10007972|200206|202155.60|0|016|344|||||7.625|0.00||||||||||||||||||||202155.60
F01Q10007972|200207|201821.64|0|017|343|||||7.625|0.00||||||||||||||||||||201821.64
F01Q10007972|200208|201653.07|0|018|342|||||7.625|0.00||||||||||||||||||||201653.07
F01Q10007972|200209|201653.07|0|019|341|||||7.625|0.00||||||||||||||||||||201653.07
F01Q10007972|200210|201483.43|0|020|340|||||7.625|0.00||||||||||||||||||||201483.43
F01Q10007972|200211|201312.71|0|021|339|||||7.625|0.00||||||||||||||||||||201312.71
F01Q10007972|200212|201140.90|0|022|338|||||7.625|0.00||||||||||||||||||||201140.90
F01Q10007972|200301|200968.00|0|023|337|||||7.625|0.00||||||||||||||||||||200968.00
F01Q10007972|200302|200794.00|0|024|336|||||7.625|0.00||||||||||||||||||||200794.00
F01Q10007972|200303|200618.90|0|025|335|||||7.625|0.00||||||||||||||||||||200618.90
F01Q10007972|200304|200442.69|0|026|334|||||7.625|0.00||||||||||||||||||||200442.69
F01Q10007972|200305|200086.90|0|027|333|||||7.625|0.00||||||||||||||||||||200086.90
F01Q10007972|200306|199907.31|0|028|332|||||7.625|0.00||||||||||||||||||||199907.31
F01Q10007972|200307|199726.57|0|029|331|||||7.625|0.00||||||||||||||||||||199726.57
F01Q10007972|200308|199726.57|0|030|330|||||7.625|0.00||||||||||||||||||||199726.57
F01Q10007972|200309|199544.69|0|031|329|||||7.625|0.00||||||||||||||||||||199544.69
F01Q10007972|200310|199177.45|0|032|328|||||7.625|0.00||||||||||||||||||||199177.45
F01Q10007972|200311|199177.45|0|033|327|||||7.625|0.00||||||||||||||||||||199177.45
F01Q10007972|200312|198805.53|0|034|326|||||7.625|0.00||||||||||||||||||||198805.53
F01Q10007972|200401|198617.79|0|035|325|||||7.625|0.00||||||||||||||||||||198617.79
F01Q10007972|200402|0.00|0|036|324|||01|200402|7.625|0.00|||||||||||||||198617.79|||||0.00
F01Q10007976|200106|99000.00|0|002|178|||||6.125|0.00||||||||||||||||||||99000.00
F01Q10007976|200107|98000.00|0|003|177|||||6.125|0.00||||||||||||||||||||98000.00
F01Q10007976|200108|98000.00|0|004|176|||||6.125|0.00||||||||||||||||||||98000.00
F01Q10007976|200109|98000.00|0|005|175|||||6.125|0.00||||||||||||||||||||98000.00
F01Q10007976|200110|97000.00|0|006|174|||||6.125|0.00||||||||||||||||||||97000.00
F01Q10007976|200111|96971.87|0|007|173|||||6.125|0.00||||||||||||||||||||96971.87
F01Q10007976|200112|96621.52|0|008|172|||||6.125|0.00||||||||||||||||||||96621.52
F01Q10007976|200201|96269.38|0|009|171|||||6.125|0.00||||||||||||||||||||96269.38
F01Q10007976|200202|95915.44|0|010|170|||||6.125|0.00||||||||||||||||||||95915.44
F01Q10007976|200203|95559.70|0|011|169|||||6.125|0.00||||||||||||||||||||95559.70
F01Q10007976|200204|95202.14|0|012|168|||||6.125|0.00||||||||||||||||||||95202.14
F01Q10007976|200205|94842.76|0|013|167|||||6.125|0.00||||||||||||||||||||94842.76
F01Q10007976|200206|94481.54|0|014|166|||||6.125|0.00||||||||||||||||||||94481.54
F01Q10007976|200207|94118.48|0|015|165|||||6.125|0.00||||||||||||||||||||94118.48
F01Q10007976|200208|93753.57|0|016|164|||||6.125|0.00||||||||||||||||||||93753.57
F01Q10007976|200209|93386.79|0|017|163|||||6.125|0.00||||||||||||||||||||93386.79
F01Q10007976|200210|93018.14|0|018|162|||||6.125|0.00||||||||||||||||||||93018.14
F01Q10007976|200211|92647.61|0|019|161|||||6.125|0.00||||||||||||||||||||92647.61
F01Q10007976|200212|92275.19|0|020|160|||||6.125|0.00||||||||||||||||||||92275.19
F01Q10007976|200301|0.00|0|021|159|||01|200301|6.125|0.00|||||||||||||||92275.19|||||0.00
F01Q10007982|200106|133000.00|0|002|178|||||5.875|0.00||||||||||||||||||||133000.00
F01Q10007982|200107|133000.00|0|003|177|||||5.875|0.00||||||||||||||||||||133000.00
F01Q10007982|200108|132000.00|0|004|176|||||5.875|0.00||||||||||||||||||||132000.00
F01Q10007982|200109|132000.00|0|005|175|||||5.875|0.00||||||||||||||||||||132000.00
F01Q10007982|200110|131000.00|0|006|174|||||5.875|0.00||||||||||||||||||||131000.00
F01Q10007982|200111|130691.83|0|007|173|||||5.875|0.00||||||||||||||||||||130691.83
F01Q10007982|200112|130209.94|0|008|172|||||5.875|0.00||||||||||||||||||||130209.94
F01Q10007982|200201|129725.69|0|009|171|||||5.875|0.00||||||||||||||||||||129725.69
F01Q10007982|200202|129239.07|0|010|170|||||5.875|0.00||||||||||||||||||||129239.07
F01Q10007982|200203|128750.06|0|011|169|||||5.875|0.00||||||||||||||||||||128750.06
F01Q10007982|200204|128258.66|0|012|168|||||5.875|0.00||||||||||||||||||||128258.66
F01Q10007982|200205|127764.85|0|013|167|||||5.875|0.00||||||||||||||||||||127764.85
F01Q10007982|200206|127268.63|0|014|166|||||5.875|0.00||||||||||||||||||||127268.63
F01Q10007982|200207|126769.98|0|015|165|||||5.875|0.00||||||||||||||||||||126769.98
F01Q10007982|200208|126268.88|0|016|164|||||5.875|0.00||||||||||||||||||||126268.88
F01Q10007982|200209|125765.33|0|017|163|||||5.875|0.00||||||||||||||||||||125765.33
F01Q10007982|200210|125259.32|0|018|162|||||5.875|0.00||||||||||||||||||||125259.32
F01Q10007982|200211|124750.83|0|019|161|||||5.875|0.00||||||||||||||||||||124750.83
F01Q10007982|200212|124239.85|0|020|160|||||5.875|0.00||||||||||||||||||||124239.85
F01Q10007982|200301|123726.37|0|021|159|||||5.875|0.00||||||||||||||||||||123726.37
F01Q10007982|200302|123210.37|0|022|158|||||5.875|0.00||||||||||||||||||||123210.37
F01Q10007982|200303|122691.85|0|023|157|||||5.875|0.00||||||||||||||||||||122691.85
F01Q10007982|200304|122170.79|0|024|156|||||5.875|0.00||||||||||||||||||||122170.79
F01Q10007982|200305|121647.18|0|025|155|||||5.875|0.00||||||||||||||||||||121647.18
F01Q10007982|200306|121121.00|0|026|154|||||5.875|0.00||||||||||||||||||||121121.00
F01Q10007982|200307|120592.25|0|027|153|||||5.875|0.00||||||||||||||||||||120592.25
F01Q10007982|200308|120060.91|0|028|152|||||5.875|0.00||||||||||||||||||||120060.91
F01Q10007982|200309|119526.97|0|029|151|||||5.875|0.00||||||||||||||||||||119526.97
F01Q10007982|200310|118990.41|0|030|150|||||5.875|0.00||||||||||||||||||||118990.41
F01Q10007982|200311|118451.23|0|031|149|||||5.875|0.00||||||||||||||||||||118451.23
F01Q10007982|200312|117909.41|0|032|148|||||5.875|0.00||||||||||||||||||||117909.41
F01Q10007982|200401|117364.93|0|033|147|||||5.875|0.00||||||||||||||||||||117364.93
F01Q10007982|200402|116817.79|0|034|146|||||5.875|0.00||||||||||||||||||||116817.79
F01Q10007982|200403|116267.97|0|035|145|||||5.875|0.00||||||||||||||||||||116267.97
F01Q10007982|200404|115715.46|0|036|144|||||5.875|0.00||||||||||||||||||||115715.46
F01Q10007982|200405|115160.24|0|037|143|||||5.875|0.00||||||||||||||||||||115160.24
F01Q10007982|200406|114602.31|0|038|142|||||5.875|0.00||||||||||||||||||||114602.31
F01Q10007982|200407|114041.64|0|039|141|||||5.875|0.00||||||||||||||||||||114041.64
F01Q10007982|200408|113478.23|0|040|140|||||5.875|0.00||||||||||||||||||||113478.23
F01Q10007982|200409|112912.06|0|041|139|||||5.875|0.00||||||||||||||||||||112912.06
F01Q10007982|200410|112343.12|0|042|138|||||5.875|0.00||||||||||||||||||||112343.12
F01Q10007982|200411|111771.39|0|043|137|||||5.875|0.00||||||||||||||||||||111771.39
F01Q10007982|200412|111196.86|0|044|136|||||5.875|0.00||||||||||||||||||||111196.86
F01Q10007982|200501|110619.52|0|045|135|||||5.875|0.00||||||||||||||||||||110619.52
F01Q10007982|200502|110039.35|0|046|134|||||5.875|0.00||||||||||||||||||||110039.35
F01Q10007982|200503|109456.34|0|047|133|||||5.875|0.00||||||||||||||||||||109456.34
F01Q10007982|200504|108870.48|0|048|132|||||5.875|0.00||||||||||||||||||||108870.48
F01Q10007982|200505|108281.75|0|049|131|||||5.875|0.00||||||||||||||||||||108281.75
F01Q10007982|200506|107690.14|0|050|130|||||5.875|0.00||||||||||||||||||||107690.14
F01Q10007982|200507|107095.63|0|051|129|||||5.875|0.00||||||||||||||||||||107095.63
F01Q10007982|200508|106498.21|0|052|128|||||5.875|0.00||||||||||||||||||||106498.21
F01Q10007982|200509|105897.87|0|053|127|||||5.875|0.00||||||||||||||||||||105897.87
F01Q10007982|200510|105294.59|0|054|126|||||5.875|0.00||||||||||||||||||||105294.59
F01Q10007982|200511|104688.35|0|055|125|||||5.875|0.00||||||||||||||||||||104688.35
F01Q10007982|200512|104079.15|0|056|124|||||5.875|0.00||||||||||||||||||||104079.15
F01Q10007982|200601|103466.96|0|057|123|||||5.875|0.00||||||||||||||||||||103466.96
F01Q10007982|200602|102851.78|0|058|122|||||5.875|0.00||||||||||||||||||||102851.78
F01Q10007982|200603|102233.59|0|059|121|||||5.875|0.00||||||||||||||||||||102233.59
F01Q10007982|200604|101612.37|0|060|120|||||5.875|0.00||||||||||||||||||||101612.37
F01Q10007982|200605|100988.11|0|061|119|||||5.875|0.00||||||||||||||||||||100988.11
F01Q10007982|200606|100360.79|0|062|118|||||5.875|0.00||||||||||||||||||||100360.79
F01Q10007982|200607|99730.40|0|063|117|||||5.875|0.00||||||||||||||||||||99730.40
F01Q10007982|200608|99096.92|0|064|116|||||5.875|0.00||||||||||||||||||||99096.92
F01Q10007982|200609|98460.34|0|065|115|||||5.875|0.00||||||||||||||||||||98460.34
F01Q10007982|200610|97820.65|0|066|114|||||5.875|0.00||||||||||||||||||||97820.65
F01Q10007982|200611|97177.82|0|067|113|||||5.875|0.00||||||||||||||||||||97177.82
F01Q10007982|200612|96531.85|0|068|112|||||5.875|0.00||||||||||||||||||||96531.85
F01Q10007982|200701|95882.71|0|069|111|||||5.875|0.00||||||||||||||||||||95882.71
F01Q10007982|200702|95230.40|0|070|110|||||5.875|0.00||||||||||||||||||||95230.40
F01Q10007982|200703|94574.89|0|071|109|||||5.875|0.00||||||||||||||||||||94574.89
F01Q10007982|200704|93916.17|0|072|108|||||5.875|0.00||||||||||||||||||||93916.17
F01Q10007982|200705|93254.23|0|073|107|||||5.875|0.00||||||||||||||||||||93254.23
F01Q10007982|200706|92589.05|0|074|106|||||5.875|0.00||||||||||||||||||||92589.05
F01Q10007982|200707|91920.61|0|075|105|||||5.875|0.00||||||||||||||||||||91920.61
F01Q10007982|200708|91248.90|0|076|104|||||5.875|0.00||||||||||||||||||||91248.90
F01Q10007982|200709|90573.90|0|077|103|||||5.875|0.00||||||||||||||||||||90573.90
F01Q10007982|200710|89895.59|0|078|102|||||5.875|0.00||||||||||||||||||||89895.59
F01Q10007982|200711|89213.96|0|079|101|||||5.875|0.00||||||||||||||||||||89213.96
F01Q10007982|200712|88529.00|0|080|100|||||5.875|0.00||||||||||||||||||||88529.00
F01Q10007982|200801|87840.68|0|081|099|||||5.875|0.00||||||||||||||||||||87840.68
F01Q10007982|200802|87148.99|0|082|098|||||5.875|0.00||||||||||||||||||||87148.99
F01Q10007982|200803|86453.92|0|083|097|||||5.875|0.00||||||||||||||||||||86453.92
F01Q10007982|200804|85755.44|0|084|096|||||5.875|0.00||||||||||||||||||||85755.44
F01Q10007982|200805|85053.54|0|085|095|||||5.875|0.00||||||||||||||||||||85053.54
F01Q10007982|200806|84348.21|0|086|094|||||5.875|0.00||||||||||||||||||||84348.21
F01Q10007982|200807|83639.42|0|087|093|||||5.875|0.00||||||||||||||||||||83639.42
F01Q10007982|200808|82927.16|0|088|092|||||5.875|0.00||||||||||||||||||||82927.16
F01Q10007982|200809|82211.42|0|089|091|||||5.875|0.00||||||||||||||||||||82211.42
F01Q10007982|200810|81492.17|0|090|090|||||5.875|0.00||||||||||||||||||||81492.17
F01Q10007982|200811|80769.40|0|091|089|||||5.875|0.00||||||||||||||||||||80769.40
F01Q10007982|200812|80043.09|0|092|088|||||5.875|0.00||||||||||||||||||||80043.09
F01Q10007982|200901|79313.23|0|093|087|||||5.875|0.00||||||||||||||||||||79313.23
F01Q10007982|200902|78579.79|0|094|086|||||5.875|0.00||||||||||||||||||||78579.79
F01Q10007982|200903|77842.76|0|095|085|||||5.875|0.00||||||||||||||||||||77842.76
F01Q10007982|200904|77102.13|0|096|084|||||5.875|0.00||||||||||||||||||||77102.13
F01Q10007982|200905|76357.87|0|097|083|||||5.875|0.00||||||||||||||||||||76357.87
F01Q10007982|200906|75609.97|0|098|082|||||5.875|0.00||||||||||||||||||||75609.97
F01Q10007982|200907|74858.40|0|099|081|||||5.875|0.00||||||||||||||||||||74858.40
F01Q10007982|200908|74103.15|0|100|080|||||5.875|0.00||||||||||||||||||||74103.15
F01Q10007982|200909|73344.21|0|101|079|||||5.875|0.00||||||||||||||||||||73344.21
F01Q10007982|200910|72581.55|0|102|078|||||5.875|0.00||||||||||||||||||||72581.55
F01Q10007982|200911|71815.16|0|103|077|||||5.875|0.00||||||||||||||||||||71815.16
F01Q10007982|200912|71045.01|0|104|076|||||5.875|0.00||||||||||||||||||||71045.01
F01Q10007982|201001|70271.09|0|105|075|||||5.875|0.00||||||||||||||||||||70271.09
F01Q10007982|201002|69493.39|0|106|074|||||5.875|0.00||||||||||||||||||||69493.39
F01Q10007982|201003|68711.88|0|107|073|||||5.875|0.00||||||||||||||||||||68711.88
F01Q10007982|201004|67926.54|0|108|072|||||5.875|0.00||||||||||||||||||||67926.54
F01Q10007982|201005|67137.36|0|109|071|||||5.875|0.00||||||||||||||||||||67137.36
F01Q10007982|201006|66344.31|0|110|070|||||5.875|0.00||||||||||||||||||||66344.31
F01Q10007982|201007|65547.38|0|111|069|||||5.875|0.00||||||||||||||||||||65547.38
F01Q10007982|201008|64746.55|0|112|068|||||5.875|0.00||||||||||||||||||||64746.55
F01Q10007982|201009|64746.55|0|113|067|||||5.875|0.00||||||||||||||||||||64746.55
F01Q10007982|201010|64746.55|0|114|066|||||5.875|0.00||||||||||||||||||||64746.55
F01Q10007982|201011|64746.55|0|115|065|||||5.875|0.00||||||||||||||||||||64746.55
F01Q10007982|201012|64746.55|0|116|064|||||5.875|0.00||||||||||||||||||||64746.55
F01Q10007982|201101|60692.57|0|117|063|||||5.875|0.00||||||||||||||||||||60692.57
F01Q10007982|201102|59873.66|0|118|062|||||5.875|0.00||||||||||||||||||||59873.66
F01Q10007982|201103|59021.76|0|119|061|||||5.875|0.00||||||||||||||||||||59021.76
F01Q10007982|201104|58194.52|0|120|060|||||5.875|0.00||||||||||||||||||||58194.52
F01Q10007982|201105|57353.78|0|121|059|||||5.875|0.00||||||||||||||||||||57353.78
F01Q10007982|201106|56518.21|0|122|058|||||5.875|0.00||||||||||||||||||||56518.21
F01Q10007982|201107|55669.38|0|123|057|||||5.875|0.00||||||||||||||||||||55669.38
F01Q10007982|201108|54825.41|0|124|056|||||5.875|0.00||||||||||||||||||||54825.41
F01Q10007982|201109|53977.23|0|125|055|||||5.875|0.00||||||||||||||||||||53977.23
F01Q10007982|201110|53116.13|0|126|054|||||5.875|0.00||||||||||||||||||||53116.13
F01Q10007982|201111|52259.42|0|127|053|||||5.875|0.00||||||||||||||||||||52259.42
F01Q10007982|201112|51390.02|0|128|052|||||5.875|0.00||||||||||||||||||||51390.02
F01Q10007982|201201|50524.70|0|129|051|||||5.875|0.00||||||||||||||||||||50524.70
F01Q10007982|201202|49655.06|0|130|050|||||5.875|0.00||||||||||||||||||||49655.06
F01Q10007982|201203|48765.10|0|131|049|||||5.875|0.00||||||||||||||||||||48765.10
F01Q10007982|201204|47886.68|0|132|048|||||5.875|0.00||||||||||||||||||||47886.68
F01Q10007982|201205|46996.17|0|133|047|||||5.875|0.00||||||||||||||||||||46996.17
F01Q10007982|201206|46108.92|0|134|046|||||5.875|0.00||||||||||||||||||||46108.92
F01Q10007982|201207|45209.82|0|135|045|||||5.875|0.00||||||||||||||||||||45209.82
F01Q10007982|201208|44313.66|0|136|044|||||5.875|0.00||||||||||||||||||||44313.66
F01Q10007982|201209|43413.03|0|137|043|||||5.875|0.00||||||||||||||||||||43413.03
F01Q10007982|201210|42500.92|0|138|042|||||5.875|0.00||||||||||||||||||||42500.92
F01Q10007982|201211|41591.24|0|139|041|||||5.875|0.00||||||||||||||||||||41591.24
F01Q10007982|201212|40670.33|0|140|040|||||5.875|0.00||||||||||||||||||||40670.33
F01Q10007982|201301|39751.52|0|141|039|||||5.875|0.00||||||||||||||||||||39751.52
F01Q10007982|201302|38828.12|0|142|038|||||5.875|0.00||||||||||||||||||||38828.12
F01Q10007982|201303|37881.37|0|143|037|||||5.875|0.00||||||||||||||||||||37881.37
F01Q10007982|201304|36948.64|0|144|036|||||5.875|0.00||||||||||||||||||||36948.64
F01Q10007982|201305|36005.31|0|145|035|||||5.875|0.00||||||||||||||||||||36005.31
F01Q10007982|201306|35063.22|0|146|034|||||5.875|0.00||||||||||||||||||||35063.22
F01Q10007982|201307|34113.14|0|147|033|||||5.875|0.00||||||||||||||||||||34113.14
F01Q10007982|201308|33158.41|0|148|032|||||5.875|0.00||||||||||||||||||||33158.41
F01Q10007982|201309|32199.01|0|149|031|||||5.875|0.00||||||||||||||||||||32199.01
F01Q10007982|201310|31234.91|0|150|030|||||5.875|0.00||||||||||||||||||||31234.91
F01Q10007982|201311|30266.09|0|151|029|||||5.875|0.00||||||||||||||||||||30266.09
F01Q10007982|201312|29292.53|0|152|028|||||5.875|0.00||||||||||||||||||||29292.53
F01Q10007982|201401|28314.20|0|153|027|||||5.875|0.00||||||||||||||||||||28314.20
F01Q10007982|201402|27331.08|0|154|026|||||5.875|0.00||||||||||||||||||||27331.08
F01Q10007982|201403|26343.15|0|155|025|||||5.875|0.00||||||||||||||||||||26343.15
F01Q10007982|201404|25350.38|0|156|024|||||5.875|0.00||||||||||||||||||||25350.38
F01Q10007982|201405|24352.75|0|157|023|||||5.875|0.00||||||||||||||||||||24352.75
F01Q10007982|201406|23350.24|0|158|022|||||5.875|0.00||||||||||||||||||||23350.24
F01Q10007982|201407|22342.82|0|159|021|||||5.875|0.00||||||||||||||||||||22342.82
F01Q10007982|201408|21330.47|0|160|020|||||5.875|0.00||||||||||||||||||||21330.47
F01Q10007982|201409|20313.16|0|161|019|||||5.875|0.00||||||||||||||||||||20313.16
F01Q10007982|201410|19290.87|0|162|018|||||5.875|0.00||||||||||||||||||||19290.87
F01Q10007982|201411|18263.57|0|163|017|||||5.875|0.00||||||||||||||||||||18263.57
F01Q10007982|201412|17231.25|0|164|016|||||5.875|0.00||||||||||||||||||||17231.25
F01Q10007982|201501|16193.87|0|165|015|||||5.875|0.00||||||||||||||||||||16193.87
F01Q10007982|201502|15151.41|0|166|014|||||5.875|0.00||||||||||||||||||||15151.41
F01Q10007982|201503|14103.85|0|167|013|||||5.875|0.00||||||||||||||||||||14103.85
F01Q10007982|201504|13051.16|0|168|012|||||5.875|0.00||||||||||||||||||||13051.16
F01Q10007982|201505|11993.32|0|169|011|||||5.875|0.00||||||||||||||||||||11993.32
F01Q10007982|201506|10930.30|0|170|010|||||5.875|0.00||||||||||||||||||||10930.30
F01Q10007982|201507|9862.07|0|171|009|||||5.875|0.00||||||||||||||||||||9862.07
F01Q10007982|201508|8788.61|0|172|008|||||5.875|0.00||||||||||||||||||||8788.61
F01Q10007982|201509|7709.90|0|173|007|||||5.875|0.00||||||||||||||||||||7709.90
F01Q10007982|201510|6625.91|0|174|006|||||5.875|0.00||||||||||||||||||||6625.91
F01Q10007982|201511|5536.61|0|175|005|||||5.875|0.00||||||||||||||||||||5536.61
F01Q10007982|201512|4441.98|0|176|004|||||5.875|0.00||||||||||||||||||||4441.98
F01Q10007982|201601|3341.99|0|177|003|||||5.875|0.00||||||||||||||||||||3341.99
F01Q10007982|201602|2236.61|0|178|002|||||5.875|0.00||||||||||||||||||||2236.61
F01Q10007982|201603|1125.82|0|179|001|||||5.875|0.00||||||||||||||||||||1125.82
F01Q10007982|201604|0.00|0|180|000|||01|201604|5.875|0.00|||||||||||||||1125.82|||||0.00
F01Q10008068|200103|162000.00|0|000|360|||||7.375|0.00||||||||||||||||||||162000.00
F01Q10008068|200104|162000.00|0|001|359|||||7.375|0.00||||||||||||||||||||162000.00
F01Q10008068|200105|162000.00|0|002|358|||||7.375|0.00||||||||||||||||||||162000.00
F01Q10008068|200106|162000.00|0|003|357|||||7.375|0.00||||||||||||||||||||162000.00
F01Q10008068|200107|161000.00|0|004|356|||||7.375|0.00||||||||||||||||||||161000.00
F01Q10008068|200108|161000.00|0|005|355|||||7.375|0.00||||||||||||||||||||161000.00
F01Q10008068|200109|161000.00|0|006|354|||||7.375|0.00||||||||||||||||||||161000.00
F01Q10008068|200110|160873.88|0|007|353|||||7.375|0.00||||||||||||||||||||160873.88
F01Q10008068|200111|160665.04|0|008|352|||||7.375|0.00||||||||||||||||||||160665.04
F01Q10008068|200112|160529.92|0|009|351|||||7.375|0.00||||||||||||||||||||160529.92
F01Q10008068|200201|160342.37|0|010|350|||||7.375|0.00||||||||||||||||||||160342.37
F01Q10008068|200202|160203.67|0|011|349|||||7.375|0.00||||||||||||||||||||160203.67
F01Q10008068|200203|160203.67|0|012|348|||||7.375|0.00||||||||||||||||||||160203.67
F01Q10008068|200204|160064.12|0|013|347|||||7.375|0.00||||||||||||||||||||160064.12
F01Q10008068|200205|159787.71|0|014|346|||||7.375|0.00||||||||||||||||||||159787.71
F01Q10008068|200206|159645.60|0|015|345|||||7.375|0.00||||||||||||||||||||159645.60
F01Q10008068|200207|159645.60|0|016|344|||||7.375|0.00||||||||||||||||||||159645.60
F01Q10008068|200208|159324.95|0|017|343|||||7.375|0.00||||||||||||||||||||159324.95
F01Q10008068|200209|159324.95|0|018|342|||||7.375|0.00||||||||||||||||||||159324.95
F01Q10008068|200210|159163.14|1|019|341|||||7.375|0.00||||||||||||||||||||159163.14
F01Q10008068|200211|159163.14|2|020|340|||||7.375|0.00||||||||||||||||||||159163.14
F01Q10008068|200212|159163.14|2|021|339|||||7.375|0.00||||||||||||||||||||159163.14
F01Q10008068|200301|159022.43|3|022|338|||||7.375|0.00||||||||||||||||||||159022.43
F01Q10008068|200302|163938.91|0|023|337|||||7.375|0.00||||||||||||||||||||163938.91
F01Q10008068|200303|163938.91|0|001|336||Y|||7.375|0.00||||||||||||N|||||||-68.31|163938.91
F01Q10008068|200304|163610.94|0|002|335||P|||7.375|0.00||||||||||||N|||||||-68.31|163610.94
F01Q10008068|200305|163610.94|1|003|334||P|||7.375|0.00||||||||||||N|||||||-68.17|163610.94
F01Q10008068|200306|163462.56|1|004|333||P|||7.375|0.00||||||||||||N|||||||-68.17|163462.56
F01Q10008068|200307|163313.26|0|005|332||P|||7.375|0.00||||||||||||N|||||||-68.11|163313.26
F01Q10008068|200308|163313.26|1|006|331||P|||7.375|0.00||||||||||||N|||||||-68.05|163313.26
F01Q10008068|200309|163163.05|2|007|330||P|||7.375|0.00||||||||||||N|||||||-68.05|163163.05
F01Q10008068|200310|163163.05|2|008|329||P|||7.375|0.00||||||||||||N|||||||-67.98|163163.05
F01Q10008068|200311|163011.91|3|009|328||P|||7.375|0.00||||||||||||N|||||||-67.98|163011.91
F01Q10008068|200312|162859.84|3|010|327||P|||7.375|0.00||||||||||||N|||||||-67.92|162859.84
F01Q10008068|200401|162706.84|3|011|326||P|||7.375|0.00||||||||||||N|||||||-67.86|162706.84
F01Q10008068|200402|162552.90|3|012|325||P|||7.375|0.00||||||||||||N|||||||-67.79|162552.90
F01Q10008068|200403|162242.17|2|013|324||P|||7.375|0.00||||||||||||N|||||||-67.73|162242.17
F01Q10008068|200404|162242.17|2|014|323||P|||7.375|0.00||||||||||||N|||||||-67.60|162242.17
F01Q10008068|200405|162085.37|2|015|322||P|||7.375|0.00||||||||||||N|||||||-67.60|162085.37
F01Q10008068|200406|161927.61|2|016|321||P|||7.375|0.00||||||||||||N|||||||-67.54|161927.61
F01Q10008068|200407|161768.88|3|017|320||P|||7.375|0.00||||||||||||N|||||||-67.47|161768.88
F01Q10008068|200408|161768.88|3|018|319||P|||7.375|0.00||||||||||||N|||||||-67.40|161768.88
F01Q10008068|200409|161609.17|4|019|318||P|||7.375|0.00||||||||||||N|||||||-67.40|161609.17
F01Q10008068|200410|161609.17|5|020|317||P|||7.375|0.00||||||||||||N|||||||-67.34|161609.17
F01Q10008068|200411|160795.80|1|021|316||P|||7.375|0.00||||||||||||N|||||||-67.34|160795.80
F01Q10008068|200412|160630.11|1|022|315||P|||7.375|0.00||||||||||||N|||||||-67.00|160630.11
F01Q10008068|200501|160463.41|1|023|314||P|||7.375|0.00||||||||||||N|||||||-66.93|160463.41
F01Q10008068|200502|160295.68|1|024|313||P|||7.375|0.00||||||||||||N|||||||-66.86|160295.68
F01Q10008068|200503|160126.92|1|025|312||P|||7.375|0.00||||||||||||N|||||||-66.79|160126.92
F01Q10008068|200504|159957.12|1|026|311||P|||7.375|0.00||||||||||||N|||||||-66.72|159957.12
F01Q10008068|200505|159786.28|1|027|310||P|||7.375|0.00||||||||||||N|||||||-66.65|159786.28
F01Q10008068|200506|159614.39|1|028|309||P|||7.375|0.00||||||||||||N|||||||-66.58|159614.39
F01Q10008068|200507|159614.39|1|029|308||P|||7.375|0.00||||||||||||N|||||||-66.51|159614.39
F01Q10008068|200508|159441.44|1|030|307||P|||7.375|0.00||||||||||||N|||||||-66.51|159441.44
F01Q10008068|200509|159267.43|1|031|306||P|||7.375|0.00||||||||||||N|||||||-66.43|159267.43
F01Q10008068|200510|159092.35|1|032|305||P|||7.375|0.00||||||||||||N|||||||-66.36|159092.35
F01Q10008068|200511|158916.20|1|033|304||P|||7.375|0.00||||||||||||N|||||||-66.29|158916.20
F01Q10008068|200512|158738.96|2|034|303||P|||7.375|0.00||||||||||||N|||||||-66.22|158738.96
F01Q10008068|200601|158560.63|2|035|302||P|||7.375|0.00||||||||||||N|||||||-66.14|158560.63
F01Q10008068|200602|158381.21|2|036|301||P|||7.375|0.00||||||||||||N|||||||-66.07|158381.21
F01Q10008068|200603|158200.68|1|037|300||P|||7.375|0.00||||||||||||N|||||||-65.99|158200.68
F01Q10008068|200604|158019.04|2|038|299||P|||7.375|0.00||||||||||||N|||||||-65.92|158019.04
F01Q10008068|200605|157836.29|2|039|298||P|||7.375|0.00||||||||||||N|||||||-65.84|157836.29
F01Q10008068|200606|157652.42|2|040|297||P|||7.375|0.00||||||||||||N|||||||-65.77|157652.42
F01Q10008068|200607|157652.42|1|041|296||P|||7.375|0.00||||||||||||N|||||||-65.69|157652.42
F01Q10008068|200608|157281.28|1|042|295||P|||7.375|0.00||||||||||||N|||||||-65.69|157281.28
F01Q10008068|200609|157093.99|1|043|294||P|||7.375|0.00||||||||||||N|||||||-65.53|157093.99
